ENGINE_LOAD,ENGINE_LOAD_entropy,ENGINE_LOAD_complexity,ENGINE_LOAD_fisher,ENGINE_LOAD_shannon,ENGINE_RPM,ENGINE_RPM_entropy,ENGINE_RPM_complexity,ENGINE_RPM_fisher,ENGINE_RPM_shannon,INTAKE_MANIFOLD_PRESSURE,INTAKE_MANIFOLD_PRESSURE_entropy,INTAKE_MANIFOLD_PRESSURE_complexity,INTAKE_MANIFOLD_PRESSURE_fisher,INTAKE_MANIFOLD_PRESSURE_shannon,Short Term Fuel Trim Bank 1,Short Term Fuel Trim Bank 1_entropy,Short Term Fuel Trim Bank 1_complexity,Short Term Fuel Trim Bank 1_fisher,Short Term Fuel Trim Bank 1_shannon,MAF,MAF_entropy,MAF_complexity,MAF_fisher,MAF_shannon,SPEED,SPEED_entropy,SPEED_complexity,SPEED_fisher,SPEED_shannon,THROTTLE_POS,THROTTLE_POS_entropy,THROTTLE_POS_complexity,THROTTLE_POS_fisher,THROTTLE_POS_shannon,TIMING_ADVANCE,TIMING_ADVANCE_entropy,TIMING_ADVANCE_complexity,TIMING_ADVANCE_fisher,TIMING_ADVANCE_shannon
56.9,0.9690631996049434,0.04026449837175443,0.9690631996049434,0.044495511290774406,1453.0,0.9496131941495717,0.06477681365534442,0.9496131941495717,0.04348625701789882,47.0,0.9662267786571431,0.04212398876193845,0.9662267786571431,0.0382181749780985,-0.8,0.9948646982434747,0.006719195670328723,0.9948646982434747,0.007380878728586689,12.1,0.9619462143459779,0.05032064455159167,0.9619462143459779,0.057793315788222194,34.0,0.8271608738958285,0.1768311286367465,0.8271608738958285,0.14216346428142174,30.2,0.9747622341106642,0.032791974572385946,0.9747622341106642,0.026035242173117056,67.1,0.9736836512117285,0.0337373548897935,0.9736836512117285,0.029400675933808254
58.8,0.9674737804227065,0.042041065451941854,0.9674737804227065,0.045958713517816475,1752.0,0.9508715259638962,0.06362275878740256,0.9508715259638962,0.0433240996596403,41.0,0.9652553926424619,0.04334467078917431,0.9652553926424619,0.03846817249957821,-3.9,0.9951185516397809,0.006398746598887479,0.9951185516397809,0.007473962497546402,15.75,0.96131475132186,0.050931493821727555,0.96131475132186,0.05661615335048988,39.0,0.8268270126219345,0.17708831229982677,0.8268270126219345,0.14175473137052336,31.8,0.9740288585527656,0.03359477454386488,0.9740288585527656,0.026726466556021816,68.6,0.9740801398404468,0.03331996656227008,0.9740801398404468,0.03137286552157796
53.7,0.9678076416966007,0.04167099485267124,0.9678076416966007,0.044673586443891036,1362.0,0.9508715259638962,0.06362275878740256,0.9508715259638962,0.04398305384504284,51.0,0.9655892539163563,0.04297596594375834,0.9655892539163563,0.03935128939585418,-1.6,0.9949055545134848,0.006643318980594399,0.9949055545134848,0.008059872660429462,10.52,0.9629269176939772,0.04899978829767893,0.9629269176939772,0.05533849235782327,46.0,0.8248574082380626,0.1778030209199601,0.8248574082380626,0.14043383975951884,29.0,0.9740288585527656,0.03359477454386488,0.9740288585527656,0.026726466556021816,66.7,0.9751716108337815,0.03183963895675715,0.9751716108337815,0.029592165233453736
62.0,0.9679740354555376,0.04144431961603903,0.9679740354555376,0.0451756571421018,1607.0,0.9528424796484852,0.06003734764339897,0.9528424796484852,0.04158070751242835,21.0,0.9669480582442506,0.04107999244523862,0.9669480582442506,0.03625819205077814,2.3,0.9943374833341371,0.0074036912844049774,0.9943374833341371,0.009546745274590764,14.72,0.9633741247257273,0.04842684462374592,0.9633741247257273,0.057058947586226864,50.0,0.8248574082380626,0.1778030209199601,0.8248574082380626,0.14043383975951884,31.4,0.9751203295461001,0.03211483665582945,0.9751203295461001,0.02704630893791271,68.2,0.9753619285428184,0.03156029084013851,0.9753619285428184,0.029117253699597497
35.7,0.9687722015046667,0.0405392308048776,0.9687722015046667,0.04433360340078227,894.0,0.9527216155008874,0.060172801718476325,0.9527216155008874,0.04099164810874739,64.0,0.968675617088402,0.03881132304385256,0.968675617088402,0.03394589469400751,-5.5,0.9944704725828456,0.007232066711410004,0.9944704725828456,0.009458020873776951,4.19,0.9635871218520236,0.04819935152955668,0.9635871218520236,0.05777913794020489,41.0,0.8248574082380626,0.1778030209199601,0.8248574082380626,0.14043383975951884,19.6,0.9751203295461001,0.032114836655830516,0.9751203295461001,0.027540456650051427,65.5,0.9746830897181357,0.03241537839523805,0.9746830897181357,0.030898853227694322
84.7,0.9690530147774795,0.04018587012492704,0.9690530147774795,0.043570076765141554,2111.0,0.954277563744434,0.058131309884174295,0.954277563744434,0.04076080531590613,51.0,0.9691228241201519,0.038229985928097586,0.9691228241201519,0.03198512859463621,-0.8,0.9937608836014475,0.008098652262036614,0.9937608836014475,0.011104277265545257,28.0,0.9651706231600904,0.045845500770585,0.9651706231600904,0.0529872097073996,46.0,0.8268920495275424,0.17540235352391892,0.8268920495275424,0.1409426592885038,36.5,0.9751203295461001,0.032114836655830516,0.9751203295461001,0.02716823065070529,67.1,0.9740031242149242,0.03348704848394097,0.9740031242149242,0.03283898244411436
87.5,0.9680816287627985,0.041412316560280896,0.9680816287627985,0.046708822953981544,1600.0,0.9558610650525008,0.05581818073839837,0.9558610650525008,0.03839109474466929,49.0,0.9682764648580036,0.039518361541964774,0.9682764648580036,0.03315150036373839,-3.9,0.9936278943527391,0.008270037007735551,0.9936278943527391,0.01173999554755245,21.01,0.9666332603205593,0.04362338876113284,0.9666332603205593,0.04990660945432041,51.0,0.8280499100485433,0.17474443836696327,0.8280499100485433,0.1417006285598614,34.1,0.9755675365778503,0.03152632491872704,0.9755675365778503,0.02634528387247116,64.3,0.9732220559092802,0.034448714425270394,0.9732220559092802,0.03481035320546258
17.6,0.9686963033095055,0.04068870224654943,0.9686963033095055,0.04464368618798166,1675.0,0.9559940543012097,0.055660010475885265,0.9559940543012097,0.03880477457045343,60.0,0.9671849938646689,0.04097904874286797,0.9671849938646689,0.03556014083047522,3.1,0.9937301238337001,0.008155729982737366,0.9937301238337001,0.012086820006671694,4.54,0.9671950252778532,0.042996830044970305,0.9671950252778532,0.048438022649361215,49.0,0.827980000340991,0.17478164677901034,0.827980000340991,0.13920942446790377,22.0,0.9764487361598531,0.030526863022209458,0.9764487361598531,0.02447254092205155,63.1,0.9732220559092802,0.034448714425270754,0.9732220559092802,0.033806992808046735
37.3,0.9691308449746391,0.04031865855266743,0.9691308449746391,0.04543877310019359,810.0,0.955740200904903,0.055954645655811736,0.955740200904903,0.03860587748664538,38.0,0.9682764648580033,0.03951836154196406,0.9682764648580033,0.034702772788207756,-3.9,0.9935971345849914,0.008327101717158251,0.9935971345849914,0.012180709194588819,4.2,0.9678735549714383,0.04229979613938262,0.9678735549714383,0.048961691538268313,0.0,0.8279800003409911,0.17478164677901037,0.8279800003409911,0.13903492156120473,20.4,0.9761822111245572,0.03079048482731028,0.9761822111245572,0.02517643285565365,56.9,0.9732220559092802,0.034448714425270754,0.9732220559092802,0.033806992808046735
53.3,0.9688992131817059,0.04058175374992701,0.9688992131817059,0.04617959930482195,812.0,0.9566288490118544,0.05510711777653344,0.9566288490118544,0.038189014573026626,51.0,0.9689139895987906,0.038661580704795875,0.9689139895987906,0.03455787821964601,7.0,0.9931302840623886,0.008890212163524733,0.9931302840623886,0.012753613984855479,5.48,0.968606930529337,0.041508982130813527,0.968606930529337,0.04985301216938881,2.0,0.8295311388270413,0.1743166410764734,0.8295311388270413,0.14020242917516706,22.0,0.9764138429174902,0.03052294387965579,0.9764138429174902,0.02637198398657563,48.6,0.9725845311684933,0.035312292754224185,0.9725845311684933,0.03426784557236689
64.3,0.9676665054674435,0.04185602252053944,0.9676665054674435,0.04604746021520073,782.0,0.9572194540981894,0.05456562781682385,0.9572194540981894,0.038628888344664665,48.0,0.9680541503983888,0.03986136372841673,0.9680541503983888,0.03746639563404908,-1.6,0.9930094199147907,0.00903824978110782,0.9930094199147907,0.012921031643915877,7.1,0.968695507597068,0.04142334774240095,0.968695507597068,0.05161596511506459,12.0,0.8318121005122927,0.17332632594380407,0.8318121005122927,0.1406384379077526,27.1,0.9759343207558979,0.03102109132065967,0.9759343207558979,0.028166601742616627,52.5,0.9710010298604262,0.037702555802253415,0.9710010298604262,0.038491209885097966
45.1,0.9662038683069746,0.0440833259051189,0.9662038683069746,0.04969709384333782,865.0,0.9585966460749071,0.05285387278763552,0.9585966460749071,0.03909579849785576,42.0,0.967059967112136,0.04133703230907923,0.967059967112136,0.03907622655386494,8.6,0.9930094199147907,0.00903824978110782,0.9930094199147907,0.012921031643915877,5.23,0.9702849267793048,0.03964335316611371,0.9702849267793048,0.04945192902901355,11.0,0.8331815220804243,0.17293037503269817,0.8331815220804243,0.13954225844753276,22.4,0.9759343207558979,0.03102109132065967,0.9759343207558979,0.028166601742616627,49.4,0.9716798686851094,0.036854563431511014,0.9716798686851094,0.0367908088839773
54.1,0.9662038683069744,0.044083325905118896,0.9662038683069744,0.051135114727725514,2223.0,0.9580348811176134,0.05346863549408564,0.9580348811176134,0.04060710584883229,44.0,0.9660123737711961,0.0425425705993914,0.9660123737711961,0.0403538442714402,1.6,0.9926447988731492,0.009486644753408255,0.9926447988731492,0.013679382058529449,18.29,0.9714120993142661,0.037997362947435394,0.9714120993142661,0.0471135434869192,19.0,0.8365434706252304,0.17070790448362475,0.8365434706252304,0.13696496508710146,32.5,0.9759343207558979,0.03102109132065967,0.9759343207558979,0.028166601742616627,69.8,0.9715849542504181,0.0369511112729726,0.9715849542504181,0.03623400972983195
60.4,0.9655891937602675,0.044802784543855036,0.9655891937602675,0.05223819356898683,1787.0,0.956390355806336,0.055609648823003156,0.956390355806336,0.041285058625868405,29.0,0.9660123737711961,0.0425425705993914,0.9660123737711961,0.04068309252204535,3.9,0.9933543878545471,0.008622036957390446,0.9933543878545471,0.011832193001010466,16.06,0.9726601359968252,0.03620589944974138,0.9726601359968252,0.04295677069888606,13.0,0.840040597157558,0.1665890192778202,0.840040597157558,0.1291382140111676,32.2,0.9747524968682418,0.03292710212719599,0.9747524968682418,0.03051448146736359,68.6,0.9727667781380742,0.035056441193551245,0.9727667781380742,0.033214958060108775
54.9,0.9653542193648678,0.04501120512718454,0.9653542193648678,0.05208557806806823,1429.0,0.9573845390925886,0.0541660237272154,0.9573845390925886,0.03758356503573793,24.0,0.965397699224489,0.043262855818764566,0.965397699224489,0.04196259997742827,0.0,0.9934752520021449,0.008473896512414182,0.9934752520021449,0.012016783068149454,10.62,0.9728917677897584,0.035940666014240494,0.9728917677897584,0.042831923781180455,19.0,0.8400405971575579,0.1665890192778202,0.8400405971575579,0.12946685927810786,29.4,0.9747524968682418,0.032927102127196704,0.9747524968682418,0.03061946150759746,56.9,0.9724313135125667,0.03565586535910212,0.9724313135125667,0.034438875539336215
17.6,0.9653542193648678,0.04501120512718454,0.9653542193648678,0.05121739313912262,1399.0,0.9573845390925886,0.0541660237272154,0.9573845390925886,0.03758356503573793,42.0,0.965397699224489,0.043262855818764566,0.965397699224489,0.04196259997742827,4.7,0.9937560652749579,0.008101872727939378,0.9937560652749579,0.011803671613854948,3.42,0.9727709036421606,0.03608228139240134,0.9727709036421606,0.04226045894317216,23.0,0.8409362763112542,0.16608600604292412,0.8409362763112542,0.1308395503698704,20.0,0.9744078284485507,0.03326036565451805,0.9744078284485507,0.029746661931289522,65.5,0.9721996817196336,0.03592103297040865,0.9721996817196336,0.03511224389035937
54.1,0.9645731510592237,0.04595452142620165,0.9645731510592237,0.05155025235069024,2187.0,0.9589017530551793,0.05261560338814827,0.9589017530551793,0.03803175826250455,19.0,0.9666863141334759,0.04160447893699342,0.9666863141334759,0.03912386641318888,0.0,0.9931413907282508,0.008865694080518191,0.9931413907282508,0.01248416254576335,17.78,0.9743544049502273,0.033684807351942056,0.9743544049502273,0.03978352185463018,29.0,0.8398799638700609,0.16636381629999342,0.8398799638700609,0.13097003814457725,32.5,0.9749868543761394,0.03240454713732186,0.9749868543761394,0.02956541006688911,70.2,0.9724804949924466,0.035565005550707136,0.9724804949924466,0.03617646258906777
36.5,0.9648270044555303,0.045654258733125196,0.9648270044555303,0.05163593922183864,863.0,0.9595817185583908,0.05157483194802534,0.9595817185583908,0.034854589167149765,33.0,0.9682588637308416,0.03997894014514223,0.9682588637308416,0.039445040095093066,3.1,0.9928271729452096,0.009304472143294246,0.9928271729452096,0.012492746915835292,4.29,0.9759379062582941,0.03127934974564287,0.9759379062582941,0.03573930088437569,28.0,0.8388583265144008,0.16709586482314123,0.8388583265144008,0.12796349876097407,20.4,0.975981037662392,0.030906993237780764,0.975981037662392,0.028245646096533,64.3,0.9728372064604206,0.03505821363405062,0.9728372064604206,0.03467725383320524
42.0,0.9662261059287299,0.044163118495731506,0.9662261059287299,0.05144910915994334,1465.0,0.9619242714088581,0.04806089837813332,0.9619242714088581,0.03061778740737618,58.0,0.9693503347241762,0.03851540301397277,0.9693503347241762,0.038604141589527914,-3.9,0.9927063087976118,0.009452413481654513,0.9927063087976118,0.013009242009389927,9.64,0.9768265543652457,0.030389284177410113,0.9768265543652457,0.03523516498697351,37.0,0.8398297125290819,0.16619044727513155,0.8398297125290819,0.12509382096047658,29.0,0.9768663540828165,0.029964476301193376,0.9768663540828165,0.027446964876196748,57.6,0.9727264388150855,0.03518195727886514,0.9727264388150855,0.03310720511881655
85.9,0.9658244285083193,0.044653691455792316,0.9658244285083193,0.05323879907556213,2012.0,0.9625746134338826,0.04735572992695976,0.9625746134338826,0.03083713296221038,69.0,0.9679441788857476,0.03991836773124849,0.9679441788857476,0.040612928758967354,0.8,0.992144543840318,0.010115791678010497,0.992144543840318,0.014911580080396091,26.51,0.9767056902176477,0.030532195305762778,0.9767056902176477,0.036025268313578475,53.0,0.8417306272650326,0.16542888492822838,0.8417306272650326,0.1263934233211065,35.7,0.9768663540828163,0.029964476301194087,0.9768663540828163,0.02797341341918841,66.3,0.9738959001948498,0.03394152714760464,0.9738959001948498,0.033800536448050436
47.8,0.9654309673376363,0.04500455743818961,0.9654309673376363,0.053411522725818845,1736.0,0.9617764473847538,0.048248942649731896,0.9617764473847538,0.03128773631168102,20.0,0.9677125470928145,0.04018121287503282,0.9677125470928145,0.03913611230505053,-3.9,0.9924784051142119,0.009724813885777266,0.9924784051142119,0.014059969020417286,16.07,0.9756840528619879,0.03158708536986138,0.9756840528619879,0.03638728111907852,57.0,0.8417306272650326,0.16542888492822838,0.8417306272650326,0.1263934233211065,31.8,0.9761140269111008,0.03074177611113647,0.9761140269111008,0.028232508016009815,72.5,0.97459727292652,0.03325202962819248,0.97459727292652,0.03529150480574452
18.4,0.9657648286115303,0.044636354113088826,0.9657648286115303,0.05271156019726605,1724.0,0.9625032973364467,0.04722545627797281,0.9625032973364467,0.028605341099492566,31.0,0.9682249921585604,0.03956514895839846,0.9682249921585604,0.03806936125298649,3.9,0.9916973368085681,0.010724445991038176,0.9916973368085681,0.01501350918227048,4.77,0.9762458178192814,0.030947260961187096,0.9762458178192814,0.035682268550974394,47.0,0.8443889006392469,0.1639602198408082,0.8443889006392469,0.12698729383827292,22.4,0.9768474024689994,0.02993500716313771,0.9768474024689994,0.027997881779157793,63.5,0.975473255666855,0.03219056212384998,0.975473255666855,0.03545933907235392
38.0,0.9648888458711954,0.04567538050876367,0.9648888458711954,0.05461259338023677,784.0,0.9619506431819219,0.04767476913672993,0.9619506431819219,0.028508781552289104,39.0,0.9679441788857476,0.03991836773124849,0.9679441788857476,0.040612928758967354,-0.8,0.9909877478271699,0.011586085562917561,0.9909877478271699,0.01585024181421078,4.23,0.9758811967776398,0.03137978762440311,0.9758811967776398,0.0366116962696217,42.0,0.8451566845986004,0.1634414887813617,0.8451566845986004,0.12768472535518038,20.4,0.9759620860485752,0.030877531451612168,0.9759620860485752,0.028822932539714092,62.0,0.9750064051442524,0.0327318313504235,0.9750064051442524,0.03519583605907997
56.5,0.9637973748778605,0.04712367440079021,0.9637973748778605,0.05654620010604843,2077.0,0.9621170369408591,0.04745059093951673,0.9621170369408591,0.028527763639824403,36.0,0.9677125470928145,0.040181212875033526,0.9677125470928145,0.0387928907207061,3.1,0.990706934554357,0.011956072617633515,0.990706934554357,0.01677626734374219,18.96,0.9770083693126013,0.029714240836730802,0.9770083693126013,0.03519671933716997,47.0,0.8441625013123477,0.16457309775118975,0.8441625013123477,0.13257592212559632,27.23618212807402,0.9755148790168252,0.031466590291247286,0.9755148790168252,0.030721172300904064,69.0,0.9742795551925595,0.033780348749670286,0.9742795551925595,0.0375439120341266
53.7,0.9631403585638421,0.04772611727046475,0.9631403585638421,0.05636474355410426,2331.0,0.9627582681631147,0.04691650464952542,0.9627582681631147,0.02966374958002538,26.0,0.9686062578654971,0.039396080293412884,0.9686062578654971,0.03891001796027648,-6.2,0.9901944894886111,0.01260169149001561,0.9901944894886111,0.018535040244829777,18.54,0.9779890726606006,0.02835044597512258,0.9779890726606006,0.03229588581938096,46.0,0.8466379904890151,0.1611283120613127,0.8466379904890151,0.12668464953575476,32.5,0.9747815034589264,0.03227104509718895,0.9747815034589264,0.03171286937813746,71.4,0.9745652761759426,0.03348689110298639,0.9745652761759426,0.03820731137370787
46.7,0.9639081425231958,0.047002512850658554,0.9639081425231958,0.05630245630224496,2156.0,0.9619601021139856,0.047810267059116965,0.9619601021139856,0.030358336032897046,44.0,0.9705361039967398,0.03718133286663051,0.9705361039967398,0.03679505694296451,-0.8,0.9893963234394821,0.0135507922535302,0.9893963234394821,0.019805877388170138,16.67,0.9784178483691859,0.02787322885738391,0.9784178483691859,0.032785054376231644,46.0,0.8488856289047912,0.15843146214354628,0.8488856289047912,0.12130404842777184,32.2,0.9739592665796585,0.03310355688401279,0.9739592665796585,0.033639493004421345,71.8,0.9726158667617132,0.03597259496088387,0.9726158667617132,0.04071854414937677
18.4,0.9643965181285696,0.046558258644488815,0.9643965181285696,0.05708526918366768,1128.0,0.9626696910953837,0.047001062162092704,0.9626696910953837,0.029406577361106894,32.0,0.971516807344739,0.03583450512032038,0.971516807344739,0.03576998935441641,0.0,0.9893963234394821,0.0135507922535302,0.9893963234394821,0.019805877388170138,3.33,0.9784178483691859,0.027873228857383556,0.9784178483691859,0.03379243977940104,37.0,0.8505185927738604,0.15626403112839818,0.8505185927738604,0.11989215350985175,17.6,0.9738262773309498,0.033268068243505935,0.9738262773309498,0.035729574425032246,63.9,0.9729300845447545,0.035551483068500894,0.9729300845447545,0.040298767574762834
40.0,0.9632416406114666,0.047951115091254326,0.9632416406114666,0.05972098638483528,787.0,0.9621170369408591,0.04745059093951673,0.9621170369408591,0.029310017813903435,33.0,0.9729778411535945,0.03380699179550858,0.9729778411535945,0.03362067691250342,-3.1,0.989908768505228,0.012906195615742787,0.989908768505228,0.019257458634249432,4.18,0.9777082593877878,0.028710678255590105,0.9777082593877878,0.03547089097352687,24.0,0.847426352063327,0.1594697602389673,0.847426352063327,0.11999904737249178,20.4,0.9732116027842428,0.03400047376393142,0.9732116027842428,0.037597036497229445,52.2,0.9727329406291024,0.0357572700997728,0.9727329406291024,0.04052911544054619
53.3,0.9633438700924277,0.04784456758175893,0.9633438700924277,0.06042888063628679,676.0,0.9607108811024303,0.04882917497720436,0.9607108811024303,0.029161696837813163,67.0,0.9742157522035716,0.03230384223100261,0.9742157522035716,0.03200294520762377,3.1,0.989908768505228,0.012906195615742787,0.989908768505228,0.01917719887859303,7.78,0.9774544059914814,0.02901966868617885,0.9774544059914814,0.03686858174634548,33.67243525896414,0.8468357469769919,0.15986776516531642,0.8468357469769919,0.12000966086015234,29.8,0.9727070672921643,0.03470026606948839,0.9727070672921643,0.03985683679083663,63.1,0.9719518723234581,0.03671578792329498,0.9719518723234581,0.0421164235131687
60.8,0.9627532650060927,0.04839407431537965,0.9627532650060927,0.05931531449755508,1983.0,0.9613255556491374,0.048116213801957505,0.9613255556491374,0.02938922767571783,73.0,0.972508220531944,0.03419142686126423,0.972508220531944,0.033133694607003314,-3.9,0.9901895817780411,0.012536781546772728,0.9901895817780411,0.018073507446088325,18.08,0.9772414088651852,0.029254920390664543,0.9772414088651852,0.035435511640931255,16.0,0.8504853096805953,0.15706911556696063,0.8504853096805953,0.11752269718011338,31.4,0.9727070672921643,0.03470026606948839,0.9727070672921643,0.03827020852560048,69.8,0.9725136372807521,0.036081513188877465,0.9725136372807521,0.04212835652407293
98.0,0.9627532650060927,0.04839407431537965,0.9627532650060927,0.058247596210464776,2795.0,0.9606159666677393,0.04892336802371624,0.9606159666677393,0.030411774679205947,78.0,0.9713828779663283,0.03524989110912184,0.9713828779663283,0.03444027843904486,0.0,0.9889516707280639,0.014090657400737458,0.9889516707280639,0.019967484243076834,43.19,0.9777012812635513,0.028838605546873453,0.9777012812635513,0.03406488398798594,41.0,0.8532213237017454,0.15401972828680274,0.8532213237017454,0.11863395525324363,39.6,0.9735293041714325,0.03387024531073396,0.9735293041714325,0.03634358489931659,66.7,0.9722057257197648,0.0364106316364694,0.9722057257197648,0.0416742296844174
94.1,0.9619854810467391,0.049115611523531943,0.9619854810467391,0.05937760174941438,2154.0,0.9606159666677393,0.04892336802371624,0.9606159666677393,0.030411774679205947,84.0,0.9697572073659267,0.036925018135888395,0.9697572073659267,0.03668639799268293,-6.2,0.9884848202054611,0.01464837638384822,0.9884848202054611,0.02094620619875863,31.7,0.9766796439078912,0.029896406830141175,0.9766796439078912,0.034254259595826154,53.0,0.8510759147669305,0.15666649448177922,0.8510759147669305,0.12393757738433794,37.3,0.9727070672921643,0.03470026606948839,0.9727070672921643,0.036218036925067525,65.9,0.9728856912229761,0.03534306889819047,0.9728856912229761,0.040586996283953895
71.0,0.9621984781730354,0.048888629662250466,0.9621984781730354,0.058586588993348454,2523.0,0.9606159666677393,0.04892336802371624,0.9606159666677393,0.030411774679205947,72.0,0.9696242181172183,0.037088256476189796,0.9696242181172183,0.03508766345796774,-3.1,0.987525477239063,0.01574819460726781,0.987525477239063,0.022547299006635966,28.0,0.9769875554688785,0.02956361474485272,0.9769875554688785,0.03350923440933233,58.0,0.8490098533713938,0.1576275117071993,0.8490098533713938,0.12352603318359402,34.9,0.9731739178147671,0.034161291436402,0.9731739178147671,0.03461433428775667,77.3,0.9745677673026456,0.033301509678587894,0.9745677673026456,0.03915247421250466
93.3,0.9609605671230582,0.050350857081976924,0.9609605671230582,0.059321548038765756,1993.0,0.9601491161451366,0.04944778428582159,0.9601491161451366,0.030444352896690643,42.0,0.9684305176429225,0.038661995255665674,0.9684305176429225,0.03636242859982926,-6.2,0.9880831427850506,0.0151630853000245,0.9880831427850506,0.0211180140678609,27.98,0.9765587797602934,0.030039356325052648,0.9765587797602934,0.03358745096914099,61.0,0.8475511142006451,0.15813620358427147,0.8475511142006451,0.12515065112478857,36.5,0.9725592432680601,0.0348926136853214,0.9725592432680601,0.03537387225091031,65.5,0.9745677673026458,0.0333015096785879,0.9745677673026458,0.03936640976704333
19.6,0.9609605671230582,0.050350857081976924,0.9609605671230582,0.059989921880061484,2017.0,0.9595810449657888,0.050155983141838764,0.9595810449657888,0.03139992055190996,21.0,0.9682641238839854,0.038889262179020286,0.9682641238839854,0.03497359840222329,0.0,0.9873735538036525,0.01601833876815873,0.9873735538036525,0.022056547456061858,5.15,0.9755942199522274,0.031191243515934622,0.9755942199522274,0.03515825434386696,53.0,0.8478319274734581,0.15786915882911098,0.8478319274734581,0.1256490065826247,23.1,0.9715878572533789,0.0361290800959697,0.9715878572533789,0.037627201558182284,74.9,0.9752773562840439,0.03247022494008358,0.9752773562840439,0.039259655289252314
85.5,0.9620520381163928,0.04891080113814512,0.9620520381163928,0.0591598334726142,1825.0,0.9596696220335198,0.0500720159187409,0.9596696220335198,0.03269974773990595,67.0,0.9676494493372784,0.039613672723080674,0.9676494493372784,0.0355940142255229,8.6,0.9875399475625896,0.015782471871573323,0.9875399475625896,0.021626650414218348,23.83,0.9748846309708293,0.03202374414100878,0.9748846309708293,0.037005443401385944,59.0,0.8504730282025785,0.1553498056397738,0.8504730282025785,0.1261172042594097,34.9,0.9713655427937643,0.03647409306059449,0.9713655427937643,0.03976387262194272,66.7,0.9746983303564551,0.03332627108042462,0.9746983303564551,0.0401847949546117
58.8,0.9622836699093258,0.048651707748029724,0.9622836699093258,0.05910134969071191,1949.0,0.9605633328062023,0.04930323290789071,0.9605633328062023,0.032620282384508266,18.0,0.9694654376467169,0.03767058182568804,0.9694654376467169,0.03360563959582989,0.0,0.9873735538036523,0.01601833876815873,0.9873735538036523,0.020640529797030887,13.64,0.9747637668232315,0.03216615352515894,0.9747637668232315,0.037731438705992174,51.0,0.851319387464727,0.15434229550975526,0.851319387464727,0.1226892226947013,30.6,0.9717222542617383,0.03596824573583948,0.9717222542617383,0.039940608868187046,69.0,0.9749113274827516,0.03309255436159204,0.9749113274827516,0.03925702499069862
36.1,0.9629406862233443,0.04805049025697945,0.9629406862233443,0.05814738252114169,1641.0,0.9597651667570734,0.05019279514585103,0.9597651667570734,0.03264772143258592,63.0,0.9699126446784669,0.03708821551307551,0.9699126446784669,0.03512918750143011,5.5,0.9869718763832417,0.01653189809337022,0.9869718763832417,0.02132186956470193,15.02,0.9755315507825851,0.03142065499599513,0.9755315507825851,0.03739566961378627,47.0,0.8484792772464179,0.15814943382666996,0.8484792772464179,0.12591481414755462,31.8,0.9712750472299885,0.0365522782964172,0.9712750472299885,0.04160736734237463,75.7,0.9750321916303494,0.03295023706476625,0.9750321916303494,0.040576018848427445
63.1,0.9635782109641312,0.04720436393231822,0.9635782109641312,0.05656858555992449,1579.0,0.9581206414457959,0.052343626520619545,0.9581206414457959,0.03468001841325283,68.0,0.970884030693148,0.03585496408895247,0.970884030693148,0.03413489553633811,3.1,0.9868611087379064,0.016659634229964793,0.9868611087379064,0.021196339246550695,15.75,0.9752507375097721,0.03177905706512555,0.9752507375097721,0.03756784273502232,51.0,0.8486271012705222,0.15800454854407048,0.8486271012705222,0.12728970919283952,32.2,0.9716767246503993,0.036055378570581206,0.9716767246503993,0.04298168945277219,68.2,0.9754338690507599,0.03244981538843637,0.9754338690507599,0.04064455783040536
48.04087253229344,0.9656412344337905,0.04436345815717941,0.9656412344337905,0.05197409694944249,1738.0,0.9575416155182073,0.053171909750896716,0.9575416155182073,0.03338299182267762,85.0,0.9700394283983907,0.036573110277032896,0.9700394283983907,0.0334449103569953,1.6,0.9866947149789695,0.016895187408338286,0.9866947149789695,0.021426598436630487,23.16,0.9752507375097721,0.03177905706512519,0.9752507375097721,0.03668692123532566,57.0,0.8494185825622438,0.15752928386294235,0.8494185825622438,0.12897552908105872,34.9,0.9723081876745171,0.035427564619199034,0.9723081876745171,0.04182577639240227,64.7,0.9754338690507599,0.03244981538843637,0.9754338690507599,0.04064455783040536
100.0,0.9666219377817898,0.04303109013549853,0.9666219377817898,0.04879995895976561,2007.0,0.9555616255814221,0.05589372752093569,0.9555616255814221,0.03847758909016862,90.0,0.969143749244694,0.037323745131728384,0.969143749244694,0.033099777749514746,2.3,0.9879326260289465,0.015348452450922239,0.9879326260289465,0.01997725305285857,33.35,0.9743695379277691,0.03277609251401329,0.9743695379277691,0.03592061276196585,68.0,0.8482538134832399,0.15787395050431016,0.8482538134832399,0.12935395204960837,39.6,0.9720765558815843,0.035692750884576054,0.9720765558815843,0.04009843578347351,61.2,0.9759007195733627,0.031908160260074266,0.9759007195733627,0.03864087740502438
19.6,0.9678913816928079,0.04163473186258498,0.9678913816928079,0.04754229315150616,2467.0,0.9549710204950871,0.05643334146922772,0.9549710204950871,0.038459816620241484,34.0,0.9703732896722848,0.03620009987113128,0.9703732896722848,0.031734050624986715,1.6,0.9879326260289465,0.015348452450922239,0.9879326260289465,0.01997725305285857,7.22,0.9739569057591174,0.03340158530173946,0.9739569057591174,0.03697236126206898,72.0,0.8470080077209128,0.15824814337741927,0.8470080077209128,0.12977727632720215,25.9,0.9713965903783729,0.03675913940332973,0.9713965903783729,0.04040054186433724,71.4,0.9767605587737644,0.030691082273687966,0.9767605587737644,0.037370453409411725
37.6,0.9667999106994734,0.04309241544724088,0.9667999106994734,0.05004816889664701,2383.0,0.9541728544459581,0.0573112824789381,0.9541728544459581,0.03846596493123003,19.0,0.971217891967042,0.03548136016120884,0.971217891967042,0.0318112501371917,0.0,0.9880534901765443,0.015201954858418474,0.9880534901765443,0.020470490290019048,12.55,0.9741047297832216,0.03320871977097768,0.9741047297832216,0.0375550355264773,68.0,0.847077917428465,0.15820804466746283,0.847077917428465,0.12677068145448372,30.2,0.9721234403300658,0.03571610053033793,0.9721234403300658,0.03951654129154081,74.5,0.9757891727590834,0.03193737439518725,0.9757891727590834,0.04006026012939825
32.5,0.9669106783448085,0.04297038092673762,0.9669106783448085,0.05003957366533507,2008.0,0.9553277319630611,0.05594393993666533,0.9553277319630611,0.036349553017967315,47.0,0.9711156624860808,0.03559016265016293,0.9711156624860808,0.03375664235868194,-2.3,0.9883873514504384,0.014814335429509905,0.9883873514504384,0.019895119595050963,12.25,0.9742069592641828,0.03309930947349862,0.9742069592641828,0.03830034160464163,62.0,0.8472109066771738,0.15808582868523766,0.8472109066771738,0.12672902590603108,30.2,0.9728568158879645,0.03491656919736817,0.9728568158879645,0.039411331124821036,73.7,0.9755034517757002,0.03223167904642327,0.9755034517757002,0.03901808064576217
82.0,0.968522844716926,0.04101318497702676,0.968522844716926,0.047016805098548345,2105.0,0.95435634594838,0.057135825226801135,0.95435634594838,0.038390232369299386,86.0,0.9705009879393738,0.03631894137091227,0.9705009879393738,0.03484185025680011,-3.1,0.9879856740300276,0.015328924953202235,0.9879856740300276,0.02176711677065868,28.04,0.9749403348220818,0.03229598059269389,0.9749403348220818,0.0372989535504863,68.0,0.8496019656009657,0.15689088023437772,0.8496019656009657,0.12839842284079192,36.1,0.9733451914933385,0.034461685549146685,0.9733451914933385,0.03795445391247389,67.8,0.9756364410244089,0.03206672747125677,0.9756364410244089,0.03974587974872727
76.5,0.9703036326100992,0.03807105440977079,0.9703036326100992,0.041339366157445386,2301.0,0.953174522060724,0.058965622880361585,0.953174522060724,0.04054769581828429,68.0,0.9699885428736279,0.03693826665447752,0.9699885428736279,0.03478875115783062,-1.6,0.9877048607572146,0.01569670711590631,0.9877048607572146,0.02241620750641567,24.55,0.9753529669907333,0.031669360005103515,0.9753529669907333,0.03636977047882885,70.0,0.8499255170640961,0.15667906464021022,0.8499255170640961,0.13150790026810955,34.5,0.9723899653653616,0.035454995001433134,0.9723899653653616,0.037855966795796586,66.3,0.975355627751596,0.03242498407614736,0.975355627751596,0.03948046959076505
80.8,0.9711017986592282,0.03716085008661426,0.9711017986592282,0.04041017712462355,2327.0,0.9518386669220226,0.060366601360233176,0.9518386669220226,0.040007557803720256,20.0,0.9692074745679841,0.03789296472850759,0.9692074745679841,0.03635834812962399,0.0,0.9884144497386129,0.01484092809034041,0.9884144497386129,0.0216969535442836,23.54,0.9748405219249874,0.03229441740427557,0.9748405219249874,0.03749017400328673,66.0,0.849925517064096,0.1566790646402099,0.849925517064096,0.13229276566848322,33.3,0.9727238266392558,0.03508063623893537,0.9727238266392558,0.03668675374806417,68.2,0.9752226385028872,0.03258983680270551,0.9752226385028872,0.041288763612721206
22.0,0.9715034760796389,0.03666429607327982,0.9715034760796389,0.03959386374377109,1046.0,0.9533558808846134,0.05883602819265966,0.9533558808846134,0.03893484374388889,32.0,0.968940949532688,0.038152481314644784,0.968940949532688,0.03618742579161954,10.9,0.988012772318202,0.015355521251410513,0.988012772318202,0.021939862935224257,3.04,0.9745548009416042,0.032588313010088646,0.9745548009416042,0.036392845006049376,50.0,0.8505435502316516,0.1562860195804042,0.8505435502316516,0.13212721211896133,18.8,0.9723053607414341,0.03547643270862325,0.9723053607414341,0.03584949884328886,59.2,0.9753704625269914,0.03239658445448463,0.9753704625269914,0.04132630895183761
40.8,0.9714012465986778,0.03677300827674488,0.9714012465986778,0.039897204764696964,789.0,0.9530893558493173,0.05908510048009931,0.9530893558493173,0.03797971832020435,33.0,0.969555624079395,0.0374261104780242,0.969555624079395,0.03564254807767478,-5.5,0.988012772318202,0.015355521251410513,0.988012772318202,0.021939862935224257,4.23,0.9741583123128861,0.03300621569405266,0.9741583123128861,0.03707317346065344,41.0,0.8503439829619178,0.15639685821340146,0.8503439829619178,0.1303961633156066,20.4,0.971333974726753,0.03671197454853302,0.971333974726753,0.03703786702617229,54.9,0.9734790496579373,0.03512875328020591,0.9734790496579373,0.04565227804773487
48.6,0.970642857710293,0.03777443518103042,0.970642857710293,0.041624022860136604,1655.0,0.9527751380662763,0.059489390083054976,0.9527751380662763,0.037871503689241484,42.0,0.9686087923036766,0.03825004065340397,0.9686087923036766,0.03695705333316976,3.1,0.988012772318202,0.015355521251410513,0.988012772318202,0.021939862935224257,11.7,0.9739044589165794,0.03331291032292706,0.9739044589165794,0.037909998147526186,8.0,0.8491987298004531,0.15721892645075625,0.8491987298004531,0.12986147854081123,28.6,0.9708867676950032,0.03729541798378634,0.9708867676950032,0.03876208940287185,62.0,0.9733581855103395,0.03527056034830171,0.9733581855103395,0.045901311256482356
36.5,0.9700747865309451,0.03849784680276559,0.9700747865309451,0.042226342272873266,1457.0,0.9543013109140145,0.05781782915898088,0.9543013109140145,0.03628258258752117,34.0,0.9687110217846377,0.03814181909876677,0.9687110217846377,0.03545054762114051,3.9,0.987846378559265,0.015591575547747859,0.987846378559265,0.02158092793412475,4.61,0.9723782860688412,0.03506102773752295,0.9723782860688412,0.04022711938851561,2.0,0.850363498879457,0.15687249558338706,0.850363498879457,0.12942381899828737,21.6,0.9695509125563017,0.038755328213408394,0.9695509125563017,0.04081690315823884,66.3,0.9734467625780704,0.03518390108761983,0.9734467625780704,0.0481142611985207
36.9,0.9700747865309451,0.03849784680276559,0.9700747865309451,0.042226342272873266,826.0,0.9543013109140145,0.05781782915898088,0.9543013109140145,0.035580417554521994,61.0,0.9693114080938279,0.03751024257871146,0.9693114080938279,0.034743226409296155,-1.6,0.987846378559265,0.015591575547747859,0.987846378559265,0.02158092793412475,4.51,0.971597217763197,0.03601973412038661,0.971597217763197,0.04008412609231322,5.0,0.8494781824590326,0.15755316302283923,0.8494781824590326,0.12968039528229636,20.4,0.9685702092083023,0.04009632681894973,0.9685702092083023,0.04302069951430742,54.1,0.9743227453184057,0.03412549454010787,0.9743227453184057,0.046706170373358134
77.3,0.96996401888561,0.03862082357492893,0.96996401888561,0.04261324061913872,1853.0,0.9551825104960177,0.05686566700046993,0.9551825104960177,0.03660608141468527,76.0,0.9689775468199336,0.037882366125500326,0.9689775468199336,0.034497221485583776,4.7,0.988644544608394,0.01464564359302068,0.988644544608394,0.019100751307352073,20.84,0.9725779211111966,0.03467018078300512,0.9725779211111966,0.03779051018360809,34.0,0.8499450329816354,0.15715447796153537,0.8499450329816354,0.13053868298564766,34.9,0.9685702092083023,0.04009632681894973,0.9685702092083023,0.04222073397346853,69.0,0.9746794567863797,0.03361716652464443,0.9746794567863797,0.04634069969045011
60.0,0.9701003398208458,0.03850947487344999,0.9701003398208458,0.04330463301993031,2370.0,0.9548137559797604,0.05722036290760075,0.9548137559797604,0.03740918040190629,85.0,0.9677480063923432,0.039002126368001586,0.9677480063923432,0.03471418132944558,-3.1,0.9890091656500357,0.01420098576453979,0.9890091656500357,0.018463057739901353,27.65,0.9721110705885938,0.03520856081837487,0.9721110705885938,0.03964372035915849,44.0,0.8484625841435065,0.15766864636664307,0.8484625841435065,0.12931937068855096,36.5,0.9676890096262993,0.04107856440749879,0.9676890096262993,0.04458158319744945,78.0,0.9722483268681816,0.037301978544740086,0.9722483268681816,0.05369505340061192
100.0,0.9715601014409009,0.03682459608811083,0.9715601014409009,0.04140302813442063,2368.0,0.9536588784626574,0.05858535220690479,0.9536588784626574,0.03837492838291582,24.0,0.9669896175039583,0.039997820859032904,0.9669896175039583,0.03527097582508823,-6.2,0.9893658771180097,0.01367743822136491,0.9893658771180097,0.016703823921177394,42.71,0.9718445455532977,0.03546965342725164,0.9718445455532977,0.03870917231056763,56.0,0.8462045144684234,0.1587366997027596,0.8462045144684234,0.12873996784118996,43.5,0.9678606202269042,0.04091597732968577,0.9678606202269042,0.04329025882433156,62.0,0.9717437913761031,0.037999329650805706,0.9717437913761031,0.055597191496509754
65.9,0.9734396011475779,0.034402074897719695,0.9734396011475779,0.03823193367312238,1845.0,0.9549283223736754,0.057229925266030365,0.9549283223736754,0.039021466280288075,54.0,0.966309652000747,0.04105533567697967,0.966309652000747,0.034785854596339816,-3.9,0.9899339482973576,0.01292451017898127,0.9899339482973576,0.016381281538999305,16.06,0.9730824566032749,0.033970470511996205,0.9730824566032749,0.03754454375136849,66.0,0.8462045144684234,0.1587366997027596,0.8462045144684234,0.12873996784118996,31.8,0.9687366029672394,0.03986919120613212,0.9687366029672394,0.042742889208825685,67.8,0.9744098956897009,0.03410516343038469,0.9744098956897009,0.05012574547009578
32.9,0.9736934545438843,0.03409581894243009,0.9736934545438843,0.0390543202454245,2061.0,0.955449017752458,0.056746644608464,0.955449017752458,0.03944676756565086,18.0,0.966309652000747,0.04105533567697967,0.966309652000747,0.034785854596339816,0.0,0.9903811553291074,0.012317948757100138,0.9903811553291074,0.015721583035009645,6.44,0.9738806226524039,0.03305411909445082,0.9738806226524039,0.03692518028724735,70.0,0.8462045144684234,0.1587366997027596,0.8462045144684234,0.12873996784118996,22.7,0.9689496000935356,0.039638431651370536,0.9689496000935356,0.042528310002867886,69.8,0.9757259501240733,0.032529121854444204,0.9757259501240733,0.04870149953711958
34.1,0.9734077335605011,0.034388817732637515,0.9734077335605011,0.039307909699244636,894.0,0.9555271611368532,0.056679262370588526,0.9555271611368532,0.04059652514062351,33.0,0.9669243265474541,0.04033291426532985,0.9669243265474541,0.034900185773843684,-5.5,0.9900244438611334,0.012842533526780091,0.9900244438611334,0.017226728784177203,3.87,0.9726427116024268,0.03455576896939906,0.9726427116024268,0.03891185091823909,62.0,0.8470160334107173,0.15810551591978814,0.8470160334107173,0.13157777950389427,19.6,0.9676801561825175,0.0410390534188136,0.9676801561825175,0.04395984263748108,62.4,0.9763263364332633,0.031889179946850164,0.9763263364332633,0.04941295089598201
46.7,0.9734077335605011,0.03438881773263787,0.9734077335605011,0.03930681058780178,916.0,0.9551625400952115,0.057092291048538475,0.9551625400952115,0.04043059251374551,46.0,0.9675746685724789,0.039618548282770914,0.9675746685724789,0.03478378133595944,3.9,0.989710226078092,0.013278654238889699,0.989710226078092,0.01656312318468579,6.98,0.9726427116024268,0.03455576896939906,0.9726427116024268,0.040365128493579865,56.0,0.8452195349763542,0.1601097966811917,0.8452195349763542,0.13543418853761025,26.7,0.9678010203301153,0.04089884520491195,0.9678010203301153,0.04580700241407258,63.9,0.9783063263700483,0.02905468243066125,0.9783063263700483,0.04560546398469331
60.0,0.9725854966812334,0.035218289568144726,0.9725854966812334,0.03887494459673756,1912.0,0.9558128821202363,0.056398683631597425,0.9558128821202363,0.0423473981493285,52.0,0.9661629546551712,0.0409277581132558,0.9661629546551712,0.03427012205856848,-5.5,0.9895267345756701,0.013469543034239053,0.9895267345756701,0.016726341243290373,17.0,0.9729092366377228,0.034294195593264055,0.9729092366377228,0.04038851385372353,59.0,0.8455372147354793,0.15994330374522223,0.8455372147354793,0.1370911603772308,32.2,0.9680228709001935,0.04070807298432186,0.9680228709001935,0.0461437003296958,69.0,0.9791823091103836,0.027985193606589576,0.9791823091103836,0.044717365985202026
51.4,0.9723505222858336,0.03543069369389838,0.9723505222858336,0.03870138184811848,1987.0,0.9561466163394069,0.056139961880251374,0.9561466163394069,0.04205260173757855,50.0,0.9656961041325686,0.04145934139113118,0.9656961041325686,0.033346626556973104,-3.1,0.9887683456872853,0.014508592407576928,0.9887683456872853,0.017300422924734615,15.01,0.9724746949725891,0.034668514137093376,0.9724746949725891,0.04008978123608701,60.0,0.8465494786482352,0.1592522412252665,0.8465494786482352,0.13815442644581127,31.4,0.9674048377326377,0.04125871549731515,0.9674048377326377,0.04601966991386913,70.2,0.9775377837991062,0.030220359233135943,0.9775377837991062,0.04789022681000243
52.5,0.9727151433274753,0.03500133532111635,0.9727151433274753,0.03761910909857483,2103.0,0.9563461836091411,0.055985782477736286,0.9563461836091411,0.041852727263319255,19.0,0.9656961041325686,0.04145934139113118,0.9656961041325686,0.03286885616961231,0.0,0.9884541279042441,0.014943619810724255,0.9884541279042441,0.017117349047362503,16.36,0.9723538308249913,0.03481022307834583,0.9723538308249913,0.03933538232780687,62.0,0.8452204114044335,0.15965587236950105,0.8452204114044335,0.13871966807995026,31.8,0.9675156053779729,0.041136388494190115,0.9675156053779729,0.04574862783511503,70.2,0.9769373974899159,0.03086216929345405,0.9769373974899159,0.04846898120368805
17.3,0.9736703694554522,0.03400722523888563,0.9736703694554522,0.03832267404965349,1653.0,0.9570250224338239,0.05516435884586375,0.9570250224338239,0.04073353662951264,30.0,0.9664574760248512,0.040865235019636695,0.9664574760248512,0.03311152213402595,10.2,0.9880895068626024,0.015387748180536709,0.9880895068626024,0.017138434917270854,3.74,0.9720730175521783,0.035166419416029465,0.9720730175521783,0.04194046126220077,27.0,0.8462535518489621,0.1588382846434123,0.8462535518489621,0.13555764834065762,20.4,0.966646448844253,0.04225226590967566,0.966646448844253,0.04679229006461705,66.7,0.9774498425556618,0.030234943897529853,0.9774498425556618,0.04655367500925258
39.6,0.9739939209185826,0.03370732026492262,0.9739939209185826,0.03906720209475497,903.0,0.9556478304571062,0.05686972916664882,0.9556478304571062,0.041298065260456776,64.0,0.967025547204199,0.04014607926304433,0.967025547204199,0.03360342455355434,4.7,0.9882224961113111,0.015218288951508821,0.9882224961113111,0.015519173250915026,5.77,0.9726876920988854,0.03443565774221472,0.9726876920988854,0.04052035765912665,30.0,0.8480343397421355,0.15653523548667742,0.8480343397421355,0.12886630036645505,26.3,0.9681066743538445,0.040427531680224664,0.9681066743538445,0.04391644296680301,55.3,0.977002635523912,0.030825238223244174,0.977002635523912,0.04702918286212261
81.2,0.9738831532732475,0.0338313741770537,0.9738831532732475,0.0399975563828675,1679.0,0.9561651832334221,0.05633373246604143,0.9561651832334221,0.040645030939718614,66.0,0.96529961550385,0.04186955940315419,0.96529961550385,0.03585060805457865,0.0,0.9891870559193771,0.01403512289259356,0.9891870559193771,0.01457802495898672,20.14,0.9737725757890437,0.033337666509246446,0.9737725757890437,0.03952051281160184,42.0,0.850194437279789,0.15555952107053936,0.850194437279789,0.12962423711279109,33.7,0.9695057758270442,0.03892332742638393,0.9695057758270442,0.04197528716400047,65.9,0.9771048650048729,0.030715232368529792,0.9771048650048729,0.048561647032417096
50.2,0.9722010771935777,0.03587050073772113,0.9722010771935777,0.04145916571305866,1405.0,0.9571806133621413,0.05471625068296613,0.9571806133621413,0.03900900495982454,55.0,0.9660264654555429,0.04083725654345353,0.9660264654555429,0.03578290896698738,3.9,0.98946786919219,0.013666303898709943,0.98946786919219,0.014529815188780408,10.45,0.9729415454951917,0.03412966091245906,0.9729415454951917,0.03987761793444333,46.0,0.8485138619037277,0.15617760764463134,0.8485138619037277,0.13174137135379568,29.0,0.9686747455331923,0.039706810729324034,0.9686747455331923,0.0423319528730854,68.2,0.9774387262787672,0.030337321801276806,0.9774387262787672,0.0495040719422237
61.6,0.9720680879448691,0.036034320250205636,0.9720680879448691,0.04106493852260479,1617.0,0.9582282067030814,0.053535892669739085,0.9582282067030814,0.03778604178609263,39.0,0.9654117909088361,0.04155863814371685,0.9654117909088361,0.03576177180331472,-3.1,0.9882741687178942,0.015302397080702867,0.9882741687178942,0.01752968685781015,14.88,0.972820681347594,0.03427150896715216,0.972820681347594,0.03976949907736517,56.0,0.8459295829731488,0.15752240446349894,0.8459295829731488,0.13196334512897204,31.4,0.9687855131785275,0.03958413331288249,0.9687855131785275,0.04206091079433129,68.6,0.977277549361498,0.030487284263892255,0.977277549361498,0.04757598254096402
46.7,0.9726298529021629,0.03539957082190254,0.9726298529021629,0.041079542101472875,1932.0,0.9596053986797991,0.051820691100166516,0.9596053986797991,0.037155536511144276,45.0,0.9646784153509373,0.042346596033092855,0.9646784153509373,0.036278590198642956,3.1,0.9881855916501634,0.015392255185724502,0.9881855916501634,0.01830831899699697,13.21,0.972373474315844,0.034857019420746045,0.972373474315844,0.04253131327053214,61.0,0.8444926365510569,0.1579668347896902,0.8444926365510569,0.13262197692151828,30.6,0.9694230379193146,0.03872691828017419,0.9694230379193146,0.04347101143025023,71.0,0.9762444089169693,0.0316233590365668,0.9762444089169693,0.048597082815179306
31.0,0.9733882417905476,0.03439412308580779,0.9733882417905476,0.03947716367599915,1943.0,0.9596718099074824,0.05176898235927085,0.9596718099074824,0.037109824334162995,32.0,0.9660901292682449,0.04104165502360658,0.9660901292682449,0.03552008403820142,7.0,0.9885872690705741,0.014877584798912701,0.9885872690705741,0.018356161441986242,5.38,0.972373474315844,0.03485701942074569,0.972373474315844,0.043084351302594665,60.0,0.844570779935452,0.15791779194242636,0.844570779935452,0.1295774766740566,22.7,0.969556027168023,0.03856394071333675,0.969556027168023,0.04379175552215099,69.8,0.9763393233516603,0.0315257956991753,0.9763393233516603,0.04752335481072477
34.5,0.9735494187078169,0.03424544434118221,0.9735494187078169,0.04052441369663459,809.0,0.9596718099074824,0.05176898235927085,0.9596718099074824,0.0362093540389752,35.0,0.9665373362999947,0.040462997021321404,0.9665373362999947,0.03468491489260088,3.9,0.9883064557977613,0.015245724482338005,0.9883064557977613,0.017722465595403827,3.95,0.9720047197995869,0.03522723120879935,0.9720047197995869,0.043295443235625244,53.0,0.8445707799354522,0.1579177919424264,0.8445707799354522,0.12968336274366898,20.0,0.9692511430650712,0.03883284991771589,0.9692511430650712,0.04363547571324508,58.0,0.9764601874992583,0.031383064006614364,0.9764601874992583,0.046608069578116834
38.8,0.974250791439487,0.033556428286805225,0.974250791439487,0.04012349247928528,798.0,0.9585169323903794,0.05314818823658137,0.9585169323903794,0.03711165579088077,32.0,0.9652076883882345,0.04252800482204833,0.9652076883882345,0.03841129347829314,1.6,0.9876689310569742,0.016135778217531326,0.9876689310569742,0.019170811940752,4.02,0.9724392614647207,0.034853358235868284,0.9724392614647207,0.043424154576919144,34.0,0.846007726357544,0.15747318742149102,0.846007726357544,0.12905812165533934,20.4,0.9698691762326269,0.03827950985549282,0.9698691762326269,0.04363694070062606,55.7,0.9767680990602454,0.031050819704654436,0.9767680990602454,0.04423805861665521
32.9,0.9741299272918892,0.03369854976211138,0.9741299272918892,0.039974917284652314,800.0,0.9574254613970448,0.054577712681175894,0.9574254613970448,0.03920395059433054,38.0,0.9644808384365415,0.043558106725865686,0.9644808384365415,0.04002910550439169,2.3,0.9876689310569742,0.016135778217531326,0.9876689310569742,0.020792808350673066,3.88,0.9725601256123185,0.034711641446678335,0.9725601256123185,0.043651241736091535,0.0,0.8473592975738603,0.15706228279825546,0.8473592975738603,0.12848328210181362,20.4,0.9698691762326269,0.03827950985549317,0.9698691762326269,0.04391664247293788,54.9,0.9772887944390282,0.030541125555975403,0.9772887944390282,0.0438403472136857
58.0,0.9742777513159934,0.033505693237757775,0.9742777513159934,0.0395782978783739,1004.0,0.9561492089959498,0.056773274924739374,0.9561492089959498,0.043714305847561356,42.0,0.9636997701308972,0.04450167970385786,0.9636997701308972,0.04177010170210359,3.1,0.9872217240252241,0.016738918590354743,0.9872217240252241,0.02058215041345974,8.69,0.9734199648127201,0.03350139722713174,0.9734199648127201,0.041461342851842636,11.0,0.8489617295655264,0.156497223634477,0.8489617295655264,0.12934358726510264,27.8,0.9696561791063306,0.03851080343093248,0.9696561791063306,0.04222079211108066,57.6,0.9767207232596804,0.03127399955926796,0.9767207232596804,0.0464070878301563
16.5,0.9750588196216374,0.03254216903921532,0.9750588196216374,0.03853237333457829,1549.0,0.9557779136653144,0.05708342858261729,0.9557779136653144,0.044340344184564735,41.0,0.9635026262152453,0.04470354571618734,0.9635026262152453,0.040288585660546404,-0.8,0.9875784354931981,0.016217252471393027,0.9875784354931981,0.019665545645425258,3.01,0.9739989907403088,0.03264662928894413,0.9739989907403088,0.04085547238287338,18.0,0.8493304840817835,0.15623016081897023,0.8493304840817835,0.1323888263653465,24.3,0.9678444454644793,0.04063416126402597,0.9678444454644793,0.04544835187990937,60.8,0.9756544228103083,0.03261706257194128,0.9756544228103083,0.049165657851920654
48.6,0.976150290614972,0.031059410177962935,0.976150290614972,0.03672627322654745,1755.0,0.9548260192238648,0.05797513173492979,0.9548260192238648,0.044658501680225574,20.0,0.9634077117805542,0.04479844691946373,0.9634077117805542,0.03999638510764114,0.8,0.9885429953012641,0.01503585181105155,0.9885429953012641,0.01759687283620887,12.7,0.9747573796286936,0.031637546162571493,0.9747573796286936,0.03913028687071395,22.0,0.8464119976557452,0.15795993384610352,0.8464119976557452,0.1336593389254437,30.2,0.9682461228848902,0.040140816917992296,0.9682461228848902,0.04265632711865425,70.2,0.9750229597861904,0.03324901573380146,0.9750229597861904,0.048626906333325136
36.9,0.97678175363909,0.030425260632905616,0.97678175363909,0.036788453925949406,809.0,0.9555593947817634,0.0572078798320469,0.9555593947817634,0.04299457888518425,32.0,0.9631579577955541,0.045028478517374716,0.9631579577955541,0.04160642555105189,3.1,0.9891576698479712,0.014279452389723585,0.9891576698479712,0.016758051689190707,4.07,0.9767732002706065,0.02908309450126136,0.9767732002706065,0.03564591647823528,4.0,0.8469737626130389,0.1574938931538403,0.8469737626130389,0.13044358957045624,20.4,0.9706606544868088,0.03697549665495351,0.9706606544868088,0.03839896041167913,56.1,0.9751893535451273,0.03301910716545108,0.9751893535451273,0.04830261732638374
40.4,0.97678175363909,0.030425260632905616,0.97678175363909,0.03732140760072311,789.0,0.955993936446897,0.05685086267069115,0.955993936446897,0.042326057432889835,33.0,0.9637197227528481,0.044405173230698265,0.9637197227528481,0.04135701863939744,1.6,0.9885895986686235,0.015030999887722416,0.9885895986686235,0.01714570055807683,4.38,0.9769861973969026,0.0288479241263107,0.9769861973969026,0.0357483378641244,0.0,0.8488259485897052,0.15676340456816762,0.8488259485897052,0.12981854081819658,20.8,0.9716413578348083,0.03562827863909149,0.9716413578348083,0.03611612602693624,53.7,0.9747605778365424,0.03349240558865778,0.9747605778365424,0.047493422536090096
40.0,0.9764171325974484,0.03085823237792945,0.9764171325974484,0.0381176366947508,793.0,0.9560888508815881,0.05675795648851004,0.9560888508815881,0.042217711626477764,38.0,0.9618034733434622,0.04638710152039753,0.9618034733434622,0.042950165342773954,2.3,0.9884687345210257,0.015177599896538848,0.9884687345210257,0.017532589862597654,4.39,0.977382686025621,0.028427043388593764,0.977382686025621,0.03521775755099375,1.0,0.8479406321692808,0.15744236233913753,0.8479406321692808,0.1295719683549587,20.8,0.9718543549611046,0.035395845152287185,0.9718543549611046,0.03603769710278215,52.5,0.9747605778365424,0.03349240558865813,0.9747605778365424,0.04773339572431763
74.1,0.9765835263563853,0.030627571488984862,0.9765835263563853,0.036316135377084044,795.0,0.9556416438498381,0.057322327185602595,0.9556416438498381,0.04271963515162146,26.0,0.9624820030370473,0.045696679327837574,0.9624820030370473,0.04084972510791813,-10.2,0.9883665050400645,0.015290566526026964,0.9883665050400645,0.018374310365326493,8.35,0.9767323440005959,0.029156639623317028,0.9767323440005959,0.03420007000627956,14.0,0.8491733398835433,0.15650770653788418,0.8491733398835433,0.12980997379361026,28.2,0.9714255792525193,0.035866376163304764,0.9714255792525193,0.03475065740767225,51.8,0.9743318021279572,0.033965274852472034,0.9743318021279572,0.047161648743241004
52.2,0.9785635162931705,0.027789736901581843,0.9785635162931705,0.031728306635158195,1798.0,0.9555119862876564,0.05742033710039419,0.9555119862876564,0.0429282742677971,19.0,0.9619202380797537,0.04631836327368938,0.9619202380797537,0.040457177822690364,-4.7,0.9889345762194122,0.014539341616824644,0.9889345762194122,0.017764738287719472,13.72,0.9756847506596561,0.030388204460187397,0.9756847506596561,0.034932730411378225,23.0,0.8477810263052435,0.1569517412940719,0.8477810263052435,0.13051141136994476,29.4,0.9700483872758016,0.03762717633064081,0.9700483872758016,0.03627951212520029,70.6,0.9752009586616771,0.03283253970201787,0.9752009586616771,0.0446904447609118
32.5,0.9787951480861035,0.027520797575447307,0.9787951480861035,0.03141610712036323,867.0,0.955835537750787,0.057134376805987624,0.955835537750787,0.043162054450840204,33.0,0.9615556170381119,0.04673837229004581,0.9615556170381119,0.04123854144324746,-6.2,0.9888238085740773,0.014667562351668467,0.9888238085740773,0.018048516344160104,4.39,0.9761319576914059,0.029798543788985693,0.9761319576914059,0.03266285785038417,7.0,0.8487362524332203,0.156232069647881,0.8487362524332203,0.13231730436289546,20.8,0.9705529227678799,0.03693091658805887,0.9705529227678799,0.03432115927422686,68.2,0.9763827825493332,0.030925501742736904,0.9763827825493332,0.04158786145946428
36.9,0.9778305882780373,0.028677942987697207,0.9778305882780373,0.033997558273183154,786.0,0.9561497555338283,0.056727889023961225,0.9561497555338283,0.04404001522077919,35.0,0.9615556170381119,0.04673837229004581,0.9615556170381119,0.04123854144324746,1.6,0.9886108114477808,0.014908788805398858,0.9886108114477808,0.018242764864845055,4.1,0.9761319576914061,0.029798543788985696,0.9761319576914061,0.03328960696260203,0.0,0.8489712268286199,0.15608244114740744,0.8489712268286199,0.13118369872504468,20.4,0.9696930835674782,0.03813438013129326,0.9696930835674782,0.03404323775201229,58.0,0.9772291418114816,0.029618325110655656,0.9772291418114816,0.038115156421090854
45.1,0.9777198206327024,0.02880308548247367,0.9777198206327024,0.03380780833768106,827.0,0.9562383326015593,0.05664486401033901,0.9562383326015593,0.04311846125983173,52.0,0.9615556170381119,0.04673837229004581,0.9615556170381119,0.04123854144324746,-2.3,0.9895821974624621,0.013628575415480678,0.9895821974624621,0.01690295149443866,4.93,0.9765336351118168,0.029296230388473416,0.9765336351118168,0.03336881820976698,5.0,0.8479380863840913,0.15690725563465321,0.8479380863840913,0.13241681852383366,22.0,0.9701218592760634,0.03766574728616505,0.9701218592760634,0.034364090130464375,48.2,0.976578799786457,0.030347007912818278,0.976578799786457,0.037110803120053194
63.9,0.9777198206327024,0.02880308548247367,0.9777198206327024,0.03380780833768106,1274.0,0.9576374340747591,0.055184242132814185,0.9576374340747591,0.042546027129720825,21.0,0.962713477559113,0.04574419150152503,0.962713477559113,0.039959627946481766,4.7,0.98851589701309,0.01500925045419717,0.98851589701309,0.01869745777012348,11.39,0.9770131572734091,0.028796911494385975,0.9770131572734091,0.034033657329131745,22.0,0.8504998613421555,0.1555582059672649,0.8504998613421555,0.13199586950144174,30.2,0.9702104363437943,0.03757961620445928,0.9702104363437943,0.03542960329312181,56.1,0.976578799786457,0.030347007912818278,0.976578799786457,0.03898248835827297
54.1,0.9775678797701767,0.028939381198662663,0.9775678797701767,0.03486126604242467,1899.0,0.9564047263604966,0.05642367590947387,0.9564047263604966,0.0427692337676577,20.0,0.9634256652103873,0.045186506023195905,0.9634256652103873,0.04059528258572002,0.8,0.9879541320557961,0.015666623643763186,0.9879541320557961,0.018415022271697893,14.76,0.9770131572734091,0.028796911494385975,0.9770131572734091,0.034033657329131745,25.0,0.8504998613421555,0.1555582059672649,0.8504998613421555,0.13199586950144174,31.4,0.9702104363437943,0.03757961620445928,0.9702104363437943,0.03542960329312181,70.6,0.9765787997864568,0.03034700791281827,0.9765787997864568,0.03967480658205961
42.4,0.9765871764221773,0.030301972792878048,0.9765871764221773,0.038298529003896506,805.0,0.9569220791368125,0.055886964894673825,0.9569220791368125,0.042822436991689555,36.0,0.9632126680840911,0.04541462350878467,0.9632126680840911,0.04245820889827949,0.0,0.9881019560799005,0.01546818847538015,0.9881019560799005,0.01919179020988468,4.7,0.9770131572734091,0.028796911494385975,0.9770131572734091,0.034033657329131745,0.0,0.8504998613421555,0.1555582059672649,0.8504998613421555,0.13199586950144174,21.6,0.9702104363437943,0.03757961620445928,0.9702104363437943,0.03542960329312181,57.3,0.9765787997864568,0.03034700791281827,0.9765787997864568,0.037803121343839834
80.0,0.9774563329558972,0.029163217571758358,0.9774563329558972,0.038090920297476655,1939.0,0.9584604480307992,0.05403482225595476,0.9584604480307992,0.04352478480183735,37.0,0.963396159586513,0.0452350301614031,0.963396159586513,0.042539620169837124,3.1,0.9886637210371944,0.014810601500241893,0.9886637210371944,0.018625449432152035,23.25,0.976822839564372,0.029077291751823837,0.976822839564372,0.035248493076357114,37.0,0.8524798512789407,0.15339406285077517,0.8524798512789407,0.13213858280477492,34.9,0.9699431030092347,0.038022245924125286,0.9699431030092347,0.03773622254839122,67.8,0.97641240602752,0.03057771543832554,0.97641240602752,0.037957247757215797
64.3,0.9788151372837914,0.02722329717522951,0.9788151372837914,0.03473891474539364,1825.0,0.9593068072929478,0.0527730185546912,0.9593068072929478,0.04288685784850624,71.0,0.9625004804328166,0.04597200215704143,0.9625004804328166,0.04192746267520404,-2.3,0.9890283420788358,0.014365995677338048,0.9890283420788358,0.017987755864701315,16.26,0.9775812284527567,0.02806236703660639,0.9775812284527567,0.03312033816125984,44.0,0.8519180863216468,0.15386719115841638,0.8519180863216468,0.13226585970561636,32.2,0.9701969564055414,0.03771810174996039,0.9701969564055414,0.03615222208424074,72.5,0.9755525668271182,0.03179443979220715,0.9755525668271182,0.04002576015152842
23.5,0.9787043696384563,0.0273487368405725,0.9787043696384563,0.03574784659999824,1872.0,0.9600163962743458,0.05196990961598933,0.9600163962743458,0.04214507519043551,56.0,0.9614341799834445,0.047278204767662826,0.9614341799834445,0.04310303035052451,-3.1,0.990094642528208,0.012983895385616867,0.990094642528208,0.0161932495890165,7.11,0.9780696040581307,0.027601681500224653,0.9780696040581307,0.03268191368983512,49.0,0.8500659003449806,0.15460913376962693,0.8500659003449806,0.13079622096719945,29.8,0.9709647403648949,0.03698072467164339,0.9709647403648949,0.03529858581683859,54.1,0.9762621558085163,0.03096117049257842,0.9762621558085163,0.037693444503125895
71.0,0.9794627585268411,0.02633043243010992,0.9794627585268411,0.03482364822187051,1698.0,0.9598447856737408,0.05212908467470518,0.9598447856737408,0.04323681965925311,48.0,0.9623101627237796,0.046244652802926216,0.9623101627237796,0.041440574227299916,-8.6,0.9906564074855019,0.012323538045835596,0.9906564074855019,0.015943752895989885,17.64,0.9783234574544373,0.027292119130563026,0.9783234574544373,0.03273389481166977,54.0,0.8500659003449806,0.15460913376962693,0.8500659003449806,0.13079622096719945,32.5,0.970843876217297,0.03712191234311581,0.970843876217297,0.03608451349839201,67.1,0.9781416555151936,0.028514972197864787,0.9781416555151936,0.034670862986014954
18.4,0.9798644359472519,0.02582489992407292,0.9798644359472519,0.0335886671555215,1758.0,0.9590637173680967,0.05306080376525177,0.9590637173680967,0.04303473875624681,19.0,0.9631793192574997,0.04513772399123911,0.9631793192574997,0.03938241389583219,0.0,0.9915162466859034,0.01107023205364104,0.9915162466859034,0.014005456205352927,4.7,0.9786801689224113,0.026779110684123204,0.9786801689224113,0.0317282033525811,44.0,0.8499329110962719,0.15473247256378456,0.8499329110962719,0.1337859594721071,22.4,0.9716902354794453,0.03582785152189027,0.9716902354794453,0.03396626472013827,63.1,0.9781416555151934,0.028514972197864783,0.9781416555151934,0.03533066482761846
39.6,0.981019313464355,0.02437999113729117,0.981019313464355,0.0333591682170919,805.0,0.9588139633830967,0.053287541266240024,0.9588139633830967,0.044279170280404366,34.0,0.9628346508378084,0.04546238161689674,0.9628346508378084,0.03931409145724266,-0.8,0.9921950855105862,0.010185000271465993,0.9921950855105862,0.013120230511484372,4.25,0.9783234574544373,0.02729211913056374,0.9783234574544373,0.03106642183477217,30.0,0.8475017811780738,0.15757499506702274,0.8475017811780738,0.140120396340064,20.4,0.970709532131446,0.03717493957256324,0.970709532131446,0.034011713994958476,55.7,0.9778743221806337,0.028963867364050346,0.9778743221806337,0.0358755419675654
42.4,0.9813272250253423,0.024043905835060334,0.9813272250253423,0.034337200595112694,856.0,0.9569225505140425,0.05592987858713742,0.9569225505140425,0.04593600047114207,60.0,0.9643450045382118,0.044006635789898524,0.9643450045382118,0.038948551671532126,3.9,0.991319102770251,0.011285091395073808,0.991319102770251,0.014405020422564018,4.89,0.9781904682057286,0.027458198149245508,0.9781904682057286,0.031958476764477,34.0,0.8469111760917387,0.15797437565516245,0.8469111760917387,0.14039865072639499,23.9,0.970030693306763,0.03802180901760502,0.970030693306763,0.03623280611311415,58.8,0.9770051656469136,0.030103309354591858,0.9770051656469136,0.03848681871358649
100.0,0.9813272250253423,0.024043905835060334,0.9813272250253423,0.034337200595112694,1174.0,0.9556745138314835,0.057665078025692616,0.9556745138314835,0.04949968725378855,99.0,0.9635442398192067,0.04465064717332199,0.9635442398192067,0.03979316534751671,-0.8,0.991011191209264,0.011628715663446827,0.991011191209264,0.014347358207465657,19.47,0.9784761891891117,0.027161636854385884,0.9784761891891117,0.03259204624698529,39.0,0.848960505984057,0.15709567676768676,0.848960505984057,0.14122435505852096,52.9,0.9699421162390319,0.03810788249138976,0.9699421162390319,0.03726929144095109,50.6,0.9781309023722489,0.028798265367819473,0.9781309023722489,0.037249705561113955
19.2,0.9829393913974598,0.02202436462775888,0.9829393913974598,0.03062158379806066,2008.0,0.9549961111926215,0.058240257841788455,0.9549961111926215,0.04875676350068522,27.0,0.9637572369455027,0.044422275385454506,0.9637572369455027,0.03822091638358892,0.0,0.9907303779364509,0.011998699548946857,0.9907303779364509,0.015199549413993398,5.61,0.9780827280184289,0.027524608302452725,0.9780827280184289,0.03406523406945021,55.0,0.848960505984057,0.15709567676768676,0.848960505984057,0.14122435505852096,23.5,0.9707231845446762,0.03715258816645936,0.9707231845446762,0.03683978008316617,63.5,0.9795911278818404,0.026930293000958956,0.9795911278818404,0.0359836736610027
100.0,0.9833040124391014,0.021585071475766108,0.9833040124391014,0.029690511377094157,1397.0,0.9541201284522863,0.059254301350808454,0.9541201284522863,0.04948352962958655,54.0,0.9647165799119011,0.04337819033328529,0.9647165799119011,0.03590200857126754,2.3,0.9911591536450363,0.011507869395973024,0.9911591536450363,0.01448081585090053,21.64,0.9780827280184289,0.027524608302452725,0.9780827280184289,0.03350219285920722,44.0,0.85061818934995,0.15648197966115363,0.85061818934995,0.13925296950442606,36.5,0.9709454990042906,0.03680796973622899,0.9709454990042906,0.037855937806841065,55.7,0.979987616510559,0.026507452033546274,0.979987616510559,0.03663469312993663
13.7,0.9829897946560601,0.02201538155690624,0.9829897946560601,0.029413445927105493,1413.0,0.9546818934095801,0.05864571238594148,0.9546818934095801,0.04994311190617159,32.0,0.9647165799119011,0.04337819033328529,0.9647165799119011,0.03590200857126754,-1.6,0.9920351363853714,0.010408155722319007,0.9920351363853714,0.013162584156535146,3.3,0.9782491217773658,0.02729296896590986,0.9782491217773658,0.03404220042842257,33.0,0.8513515649078488,0.15589364055374605,0.8513515649078488,0.14120683838983938,20.4,0.9713471764247014,0.03631135457231478,0.9713471764247014,0.038379028096048845,74.5,0.98008253094525,0.0264089956254194,0.98008253094525,0.036948813734894434
34.9,0.9827994769470232,0.02229885871258426,0.9827994769470232,0.029237382143923435,808.0,0.9546818934095801,0.05864571238594148,0.9546818934095801,0.04994311190617159,33.0,0.9653965454151122,0.04232415025216829,0.9653965454151122,0.035141078288141336,-2.3,0.9918448186763341,0.010696546793534219,0.9918448186763341,0.012995316102541352,3.96,0.979487032827343,0.025772978591793748,0.979487032827343,0.03166731233768509,13.0,0.850396338779872,0.15661699461477743,0.850396338779872,0.14042607082449993,20.0,0.9720485491563717,0.0356254994206235,0.9720485491563717,0.03749420796652463,55.7,0.9798508991523169,0.026678568649144446,0.9798508991523169,0.03724537335394173
40.0,0.9819303204133029,0.023450197822039262,0.9819303204133029,0.030772817720580777,805.0,0.9546818934095801,0.05864571238594148,0.9546818934095801,0.04994311190617159,32.0,0.9656503988114188,0.04202265605994458,0.9656503988114188,0.03581507158872589,1.6,0.9913976116445843,0.011304752541012594,0.9913976116445843,0.014545774917001448,4.31,0.9797949443883301,0.025437879884214795,0.9797949443883301,0.03123245470171529,33.67243525896414,0.8513515649078489,0.15589364055374638,0.8513515649078489,0.14279389832571066,20.4,0.9724670150541932,0.035229879684331576,0.9724670150541932,0.038635200661800234,52.9,0.9804126641096106,0.026033044219744093,0.9804126641096106,0.03715578969173786
34.5,0.9818094562657053,0.023594749043825046,0.9818094562657053,0.030256915591694022,821.0,0.9552965679562871,0.05794393620461401,0.9552965679562871,0.049240272451974904,31.0,0.9655481693304577,0.04213009932975913,0.9655481693304577,0.03545998379439802,3.9,0.9923689976592653,0.010017320173529656,0.9923689976592653,0.012750249569069023,3.84,0.980363015567678,0.02469920251871733,0.980363015567678,0.029050265839963393,0.0,0.8536364389475858,0.15353480279169338,0.8536364389475858,0.13898314796984135,20.0,0.9739280488630486,0.0331993726201608,0.9739280488630486,0.035364268500225615,57.6,0.9804126641096108,0.026033044219744096,0.9804126641096108,0.037264816830113734
41.2,0.9821433175395992,0.023212497422607278,0.9821433175395992,0.030705082566330113,789.0,0.9567631380664192,0.055483003859582124,0.9567631380664192,0.04456045209989577,98.0,0.9663065582188425,0.04113765626406528,0.9663065582188425,0.035265185274164626,-1.6,0.9928162046910153,0.009407928603790194,0.9928162046910153,0.011782964835101429,4.52,0.9809776901143851,0.023955272365686116,0.9809776901143851,0.029665700293568485,5.0,0.8552694028166551,0.1513424994060086,0.8552694028166551,0.1325305970583301,20.8,0.9745783908880734,0.03247468087554986,0.9745783908880734,0.03368817459340212,59.6,0.9791240492006238,0.02773703194309349,0.9791240492006238,0.041032789514118734
63.1,0.982264181687197,0.023067848037231782,0.982264181687197,0.031220984695216867,1405.0,0.9578294385157917,0.05419279489479145,0.9578294385157917,0.04545749462847885,49.0,0.9664968759278796,0.040862791904428486,0.9664968759278796,0.033286551703029826,5.5,0.9928162046910153,0.009407928603790194,0.9928162046910153,0.011782964835101429,13.54,0.981466065719759,0.023490845122066128,0.981466065719759,0.0290716037814199,18.0,0.8571703175526055,0.15052027637283988,0.8571703175526055,0.13356437899296603,31.4,0.9748832749910255,0.03220217118672143,0.9748832749910255,0.03337048767536926,58.4,0.9791240492006238,0.02773703194309349,0.9791240492006238,0.04099370750243959
67.1,0.9819303204133029,0.023450197822039623,0.9819303204133029,0.030875039156651546,1712.0,0.9573625879931889,0.05471298268844738,0.9573625879931889,0.04560747315939496,21.0,0.9659351109705858,0.041490102397660204,0.9659351109705858,0.033676662827939165,-7.0,0.9928162046910153,0.009407928603790194,0.9928162046910153,0.011782964835101429,17.16,0.9811322044458649,0.023872727494011012,0.9811322044458649,0.02814268578351703,27.0,0.8571703175526055,0.15052027637283988,0.8571703175526055,0.13356437899296603,32.5,0.9744164244684229,0.03274308868386573,0.9744164244684229,0.032859452951559426,67.8,0.9790291347659329,0.02783525831308648,0.9790291347659329,0.041552862106501505
22.4,0.9826887093016878,0.02242538909340875,0.9826887093016878,0.028328993461359607,1048.0,0.9579306591725365,0.054009261550920784,0.9579306591725365,0.04415280033383299,34.0,0.9652565812770006,0.04218618914687229,0.9652565812770006,0.035776093825504444,-3.1,0.9934950435156983,0.008520380549887446,0.9934950435156983,0.009939170620877773,2.69,0.9814889159138391,0.023356946508221343,0.9814889159138391,0.026876245950272333,23.0,0.8587809975858798,0.1498895972403181,0.8587809975858798,0.131682283736092,18.8,0.9744164244684227,0.03274308868386572,0.9744164244684227,0.03262019065162083,58.0,0.9791769587900371,0.027640495393872568,0.9791769587900371,0.041206790678320816
37.3,0.9820511845609007,0.023305610300078352,0.9820511845609007,0.03030982070114674,780.0,0.9577471676701146,0.05418605709584918,0.9577471676701146,0.04357206235338656,32.0,0.9649757680041877,0.042537491703067955,0.9649757680041877,0.03866426752196284,-3.9,0.9929825984499524,0.009169624203022801,0.9929825984499524,0.010466546161758503,4.14,0.9812985982048019,0.023639717586365096,0.9812985982048019,0.02701865443821659,15.0,0.8595143731437785,0.14928741145826016,0.8595143731437785,0.13338326863417693,20.4,0.9749060722625971,0.03194967239215205,0.9749060722625971,0.03104193886270264,55.3,0.9792655358577681,0.027552589647245315,0.9792655358577681,0.041608409417775695
41.6,0.9817173232870067,0.023687792915123365,0.9817173232870067,0.03132123341438532,805.0,0.9569660993644705,0.055113875175080845,0.9569660993644705,0.0445826960852068,50.0,0.9651087572528964,0.04237583571240864,0.9651087572528964,0.03715547622016133,3.1,0.9925538227413673,0.009662385704048706,0.9925538227413673,0.011473202354582043,4.64,0.9807305270254542,0.024379740941494286,0.9807305270254542,0.029307607109509456,5.0,0.8560836578391343,0.1535670226131453,0.8560836578391343,0.13944003992526124,21.2,0.9736580355800379,0.033750940899672684,0.9736580355800379,0.035309024178396146,53.3,0.978110658340665,0.0289910680015287,0.978110658340665,0.042751064718553396
37.6,0.9810858602628889,0.024329680849712362,0.9810858602628889,0.03164319333056131,806.0,0.9565644219440599,0.05559479453008773,0.9565644219440599,0.04630123229813213,36.0,0.9654229750359375,0.041960237931662696,0.9654229750359375,0.03626609336352708,-0.8,0.9928346360141801,0.009291047558758817,0.9928346360141801,0.011874564972778159,5.31,0.9801687620681604,0.025026431468447862,0.9801687620681604,0.028367777042155883,12.0,0.8555952822337605,0.15389467829051792,0.8555952822337605,0.13937771518628211,23.1,0.9725917351306657,0.03508686069625101,0.9725917351306657,0.03466412257764414,62.7,0.9791769587900371,0.027640495393872568,0.9791769587900371,0.03988857872001511
46.7,0.9810858602628889,0.024329680849712362,0.9810858602628889,0.03164319333056131,2318.0,0.9558282762871131,0.056212173092747224,0.9558282762871131,0.045548439805140284,32.0,0.9647430095327262,0.0430145648325967,0.9647430095327262,0.037846035603777736,5.5,0.992548915030797,0.009597335930088468,0.992548915030797,0.012406262732077417,7.4,0.9792042022600942,0.026187733136924286,0.9792042022600942,0.029719187581805664,20.0,0.8580630210497078,0.1525307565637173,0.8580630210497078,0.13899654028610842,25.9,0.9719413931056409,0.03580823903340772,0.9719413931056409,0.035257085210322524,71.8,0.9789798148743849,0.027849288975755466,0.9789798148743849,0.04188648029179991
36.5,0.9810858602628889,0.024329680849712362,0.9810858602628889,0.03164319333056131,1720.0,0.9558282762871131,0.056212173092747224,0.9558282762871131,0.045548439805140284,24.0,0.9640630440295147,0.04406736386300912,0.9640630440295147,0.03828038039001393,1.6,0.9921201393222119,0.01008969389617816,0.9921201393222119,0.012550409105461069,9.38,0.9781566089191543,0.027425752521115593,0.9781566089191543,0.029837785413232586,23.0,0.8558760955065734,0.1536227180174577,0.8558760955065734,0.13752298402741167,27.8,0.9702138342614895,0.038090374773902626,0.9702138342614895,0.0370212685123451,72.9,0.9790747293090759,0.027751069185752743,0.9790747293090759,0.04136926065662912
18.0,0.9810858602628889,0.024329680849712362,0.9810858602628889,0.03164319333056131,1217.0,0.955637958578076,0.05648076787682909,0.955637958578076,0.0447700801052436,32.0,0.9638091906332082,0.044367787564887594,0.9638091906332082,0.0391131669551502,-3.9,0.9921201393222119,0.01008969389617816,0.9921201393222119,0.012086203327062802,3.47,0.9783469266281913,0.02714465270765134,0.9783469266281913,0.02951820832308192,19.0,0.8563934482828894,0.15320793616065373,0.8563934482828894,0.13933888873117087,18.8,0.9709722231498745,0.03708966320118738,0.9709722231498745,0.03592361843136752,62.7,0.9787939160362632,0.02811189144748139,0.9787939160362632,0.04203966950564942
37.3,0.9810858602628889,0.024329680849712362,0.9810858602628889,0.03164319333056131,801.0,0.955637958578076,0.05648076787682909,0.955637958578076,0.0447700801052436,34.0,0.9616637816983932,0.047697312746215796,0.9616637816983932,0.043526026938813765,-4.7,0.992548915030797,0.009597335930088468,0.992548915030797,0.01189179738279947,4.1,0.9791279949338354,0.02617180528075785,0.9791279949338354,0.027221548827780523,10.0,0.8566983323858415,0.15301407856896548,0.8566983323858415,0.13976460362303292,20.4,0.9727779253784209,0.034733332740436045,0.9727779253784209,0.03252337604129074,56.1,0.9787939160362632,0.02811189144748139,0.9787939160362632,0.04203966950564942
36.5,0.9819456994632905,0.023099202273864455,0.9819456994632905,0.02932454505563324,816.0,0.955637958578076,0.05648076787682909,0.955637958578076,0.0447700801052436,32.0,0.9614666377827412,0.04789805856789307,0.9614666377827412,0.04236059458240348,1.6,0.992905626498771,0.009070224146213675,0.992905626498771,0.010367396308054439,4.02,0.9788137771507942,0.026598756606218722,0.9788137771507942,0.028345707034099808,33.67243525896414,0.8601290476904856,0.14872831091706723,0.8601290476904856,0.13300324443292072,20.4,0.9719087688447009,0.03586140695207434,0.9719087688447009,0.0347411030382379,56.1,0.978425161520006,0.028487263828121206,0.978425161520006,0.04069095181395575
72.9,0.9823929064950405,0.022502261722462925,0.9823929064950405,0.02762778326862103,2104.0,0.9562060297574237,0.05577948158162709,0.9562060297574237,0.04336343682978513,61.0,0.9628291674590403,0.04663692044100583,0.9628291674590403,0.04203629139141702,3.1,0.9933528335305211,0.008460071739073973,0.9933528335305211,0.009826666106159015,24.7,0.98001331135426,0.025221790114299134,0.98001331135426,0.02595851724966065,23.0,0.8622744566253004,0.1460253138725195,0.8622744566253004,0.12634944202549,34.9,0.971097249902407,0.036729641532989056,0.971097249902407,0.03484898004854725,67.1,0.9787330730809933,0.02815340005256757,0.9787330730809933,0.04052053685436305
41.6,0.9830304312358275,0.02162120256845201,0.9830304312358275,0.026264540957499097,846.0,0.9569421754143704,0.05516149190038964,0.9569421754143704,0.043139601661470475,34.0,0.9622501415314514,0.04747301873640272,0.9622501415314514,0.04170475949463873,3.9,0.9930989801342146,0.00877941949259415,0.9930989801342146,0.00979556006125936,4.46,0.98001331135426,0.025221790114298773,0.98001331135426,0.0267427974316944,18.0,0.865924019328904,0.1430924302953619,0.865924019328904,0.12162225226039179,20.4,0.9699941997503261,0.037909619920160835,0.9699941997503261,0.036797844451950563,63.9,0.9785014412880603,0.02842217177755787,0.9785014412880603,0.03960324052503623
36.1,0.9816716269079332,0.023577557484434082,0.9816716269079332,0.029945772203070414,814.0,0.9585919640679135,0.05338384533963441,0.9585919640679135,0.04273271845281816,32.0,0.9628648160781584,0.04675794968201111,0.9628648160781584,0.040925392678434036,-3.9,0.9932468041583188,0.0085789015937493,0.9932468041583188,0.009096064678729431,4.12,0.9791373286139249,0.026294699950980403,0.9791373286139249,0.028025508103256346,10.0,0.865619135225952,0.14329303638593982,0.865619135225952,0.12285244600163514,27.23618212807402,0.9698463757262219,0.03810091244552325,0.9698463757262219,0.03759352558092984,56.5,0.9786917589970976,0.02814116292783313,0.9786917589970976,0.037813367891237175
42.4,0.9825407834416533,0.02242664512751089,0.9825407834416533,0.028485391268299413,812.0,0.9579134343743283,0.05406577279160316,0.9579134343743283,0.04276536805550378,37.0,0.9633117139788107,0.04632703997426684,0.9633117139788107,0.04067973269781043,-2.3,0.9930804103993819,0.008817369189959963,0.9930804103993819,0.009503722387725743,4.64,0.978735651193514,0.02679964872405938,0.978735651193514,0.028571954931118436,1.0,0.864597497870292,0.1440870024917457,0.864597497870292,0.12230235883292989,21.2,0.9703509112183003,0.037405052220669165,0.9703509112183003,0.03689439792703924,51.4,0.9777324160306993,0.029216565239111016,0.9777324160306993,0.03813372018995765
79.6,0.9830581362179692,0.021855728617499903,0.9830581362179692,0.027710434785735358,703.0,0.9576784599789285,0.054270089926848564,0.9576784599789285,0.04330336702455512,21.0,0.9636684254467849,0.04582925672847592,0.9636684254467849,0.03860784192131403,3.1,0.9928265570030753,0.009136536821911498,0.9928265570030753,0.010639849780211628,9.86,0.978824228261245,0.026711708748605036,0.978824228261245,0.028487462927490888,14.0,0.8653498250420076,0.1435028251288314,0.8653498250420076,0.12257460819949176,30.2,0.9712321108003032,0.03641657374025866,0.9712321108003032,0.03520003874950567,54.5,0.9772199709649534,0.029844514970752318,0.9772199709649534,0.03934715213836192
72.5,0.9825697606125952,0.022321759813998244,0.9825697606125952,0.02762456301523907,1396.0,0.9575120662199916,0.0544919729669449,0.9575120662199916,0.04519823384865912,62.0,0.9667606661573183,0.04167102072943986,0.9667606661573183,0.0345466309460416,-3.9,0.9929743810271796,0.008936127809146386,0.9929743810271796,0.011095972887528529,15.64,0.9782665627152577,0.027284591358089832,0.9782665627152577,0.027522172233922802,28.0,0.8650419134810203,0.14375476872065748,0.8650419134810203,0.12299567210738607,32.9,0.9708633562840462,0.03678572762861932,0.9708633562840462,0.034727991748376846,62.4,0.9763508144312333,0.030982376074252062,0.9763508144312333,0.0418785400739276
43.1,0.9817099214121938,0.02355372713443008,0.9817099214121938,0.030012299827409904,1662.0,0.9563183657456958,0.056023183707839486,0.9563183657456958,0.04808364437124583,53.0,0.9657664828710656,0.04314274502353926,0.9657664828710656,0.035100895090783166,3.9,0.9931222050512838,0.008735658721597324,0.9931222050512838,0.010182326502272611,12.68,0.9768767108027548,0.028936884684790932,0.9768767108027548,0.02882761798619642,30.0,0.8650419134810203,0.14375476872065748,0.8650419134810203,0.12299567210738607,30.6,0.9688475356421333,0.039307969572138814,0.9688475356421333,0.03757970906592503,75.7,0.9761536705155812,0.031189859941888214,0.9761536705155812,0.04079359759038192
50.6,0.9807453616041276,0.024718380964524445,0.9807453616041276,0.03159587206071744,1483.0,0.9556087767642978,0.0568198925898846,0.9556087767642978,0.047871837856809256,20.0,0.9654807618876825,0.04343051764881926,0.9654807618876825,0.03546677117506659,-3.9,0.9928142934902963,0.00908071137752051,0.9928142934902963,0.009856438487507155,11.15,0.9754995188260371,0.03071791817847246,0.9754995188260371,0.03014343649711371,26.0,0.8670833869747381,0.14273278079517313,0.8670833869747381,0.12435568943829317,29.4,0.9688475356421333,0.039307969572138814,0.9688475356421333,0.0383895059595199,68.2,0.9761536705155812,0.031189859941888214,0.9761536705155812,0.04029225426341719
17.3,0.9811099826457692,0.02428110608651626,0.9811099826457692,0.03079216496804219,1251.0,0.9567345134896329,0.055576404481867216,0.9567345134896329,0.04692636387799675,31.0,0.9650338639870303,0.043863835497462,0.9650338639870303,0.035712431155690186,9.4,0.9919330939082934,0.010116891056480778,0.9919330939082934,0.011076728323113,3.51,0.9748491768010124,0.03144450747647443,0.9748491768010124,0.03020099928855877,22.0,0.8669117763741332,0.14285668569966914,0.8669117763741332,0.12620520678606872,20.0,0.9676096245921562,0.040793422611134736,0.9676096245921562,0.03824169442034244,60.8,0.9759872767566442,0.03142031884295253,0.9759872767566442,0.040689511305694724
41.2,0.9809769933970606,0.024448087454295563,0.9809769933970606,0.031005985974249715,880.0,0.956246137884259,0.056012147713673355,0.956246137884259,0.04663438202000319,30.0,0.9635712268265612,0.046081682008546745,0.9635712268265612,0.040229436920409124,1.6,0.9909685341002273,0.011307230876836188,0.9909685341002273,0.011856118518861336,4.62,0.9750326683034344,0.03125990758648965,0.9750326683034344,0.030648769728204777,3.0,0.8656790686598705,0.14383970666640647,0.8656790686598705,0.12583908188373336,20.4,0.9671427740695535,0.04132592623978011,0.9671427740695535,0.038619146795867025,63.5,0.9760821911913352,0.03132276307433556,0.9760821911913352,0.041834812254723
37.6,0.9802186045086758,0.025469485613584048,0.9802186045086758,0.03244082965934367,781.0,0.9559578760864976,0.056247996843835614,0.9559578760864976,0.04563134388708719,35.0,0.9635712268265612,0.046081682008546745,0.9635712268265612,0.040229436920409124,0.8,0.9909685341002273,0.011307230876836188,0.9909685341002273,0.011980326331194075,4.31,0.9754995188260371,0.03071791817847246,0.9754995188260371,0.030207302553705868,0.0,0.8656790686598705,0.14383970666640647,0.8656790686598705,0.12583908188373336,21.2,0.9669297769432572,0.041555851223576946,0.9669297769432572,0.03897951991282079,55.7,0.9764838686117459,0.030821103769860483,0.9764838686117459,0.039979498092098394
48.04087253229344,0.9798618930407016,0.025983808030691426,0.9798618930407016,0.031184198973435297,779.0,0.9530922045031658,0.060155661545646194,0.9530922045031658,0.04933078383849287,67.0,0.9635712268265612,0.046081682008546745,0.9635712268265612,0.040229436920409124,7.8,0.9910893982478253,0.011159778741140446,0.9910893982478253,0.012438928816580359,4.52,0.9748619940852501,0.03158606245387906,0.9748619940852501,0.031701840889428165,8.0,0.8662367342058579,0.14341161489610832,0.8662367342058579,0.1262679633398796,21.6,0.9667778360807315,0.04168853926506869,0.9667778360807315,0.037890420448795155,53.3,0.9761759570507585,0.031153318098582912,0.9761759570507585,0.03911767918803577
45.1,0.9803091000724516,0.025389494897322413,0.9803091000724516,0.030073384051227323,1557.0,0.9527779867201246,0.060559599528622686,0.9527779867201246,0.050830788351001736,33.0,0.9645654101128142,0.04461653394390249,0.9645654101128142,0.04089296669600174,0.8,0.990609876086233,0.011675232966559637,0.990609876086233,0.01289329551724128,3.67,0.9758213370516483,0.030516314471784094,0.9758213370516483,0.03232140247413528,7.0,0.8676993713663269,0.1415967192113051,0.8676993713663269,0.12110247044342072,21.2,0.9665782688109975,0.041847605612821845,0.9665782688109975,0.03895251082306947,59.6,0.9757742796303477,0.031654674453076806,0.9757742796303477,0.041248393325356694
48.6,0.9801612760483472,0.025584832119059712,0.9801612760483472,0.029542345373890416,1566.0,0.9527779867201246,0.060559599528621985,0.9527779867201246,0.05173174020888809,56.0,0.9645654101128142,0.04461653394390249,0.9645654101128142,0.04345886060630051,6.2,0.9907428653349418,0.011504832591471949,0.9907428653349418,0.012079457865357768,10.56,0.9755071192686069,0.030940367676668214,0.9755071192686069,0.034166704657837776,18.0,0.868056082834301,0.14119108228592686,0.868056082834301,0.12220833266460027,28.6,0.9662640510279563,0.04226377017549367,0.9662640510279563,0.03866918739285704,67.5,0.9750646906489496,0.032487000206488544,0.9750646906489496,0.043393246911643334
48.04087253229344,0.9795822501207585,0.026449427815157966,0.9795822501207585,0.02990550732989201,2153.0,0.9503030856468997,0.06364587475861251,0.9503030856468997,0.055385829529242224,53.0,0.9639973389334663,0.04533110606301249,0.9639973389334663,0.044950660288711364,-0.8,0.9908906893590461,0.01130520320169246,0.9908906893590461,0.012038667782460172,19.09,0.9738625939573295,0.0331617942266605,0.9738625939573295,0.036262783636257984,25.0,0.866076092897516,0.14343561220825377,0.866076092897516,0.12392465819900922,32.9,0.9648038255183645,0.04408201863642178,0.9648038255183645,0.03981223871208132,72.2,0.9736874986722319,0.03425955956470941,0.9736874986722319,0.044207829292827586
23.1,0.978490779127424,0.027942786057829464,0.978490779127424,0.03144866207185283,1840.0,0.9479605327964324,0.06707598558031479,0.9479605327964324,0.06092611668610985,26.0,0.9645222951898917,0.044917496433234935,0.9645222951898917,0.04577862241021548,-1.6,0.9910570831179828,0.011067685620774361,0.9910570831179828,0.012570637532815504,4.96,0.9744306651366774,0.03243227131149621,0.9744306651366774,0.03363680751188381,26.0,0.8636329419833875,0.14484190012916326,0.8636329419833875,0.12447288433838068,22.7,0.9655848938240087,0.043136943233392344,0.9655848938240087,0.037385098306756036,56.9,0.973968311945045,0.03390247655186256,0.973968311945045,0.042625570824696764
34.9,0.9777574035695252,0.028752482019606073,0.9777574035695252,0.032889503312743054,803.0,0.9476038213284584,0.06755709917733528,0.9476038213284584,0.060218475428082334,35.0,0.9641987437267612,0.045210504641971856,0.9641987437267612,0.047476036440976824,3.9,0.9909362189703852,0.011215144090548235,0.9909362189703852,0.01307068983406426,3.94,0.9754782584776173,0.0312045691800558,0.9754782584776173,0.032615180025291145,22.0,0.86556364783177,0.1439205073295119,0.86556364783177,0.12587131575189908,20.4,0.966142559369996,0.04258104408981409,0.966142559369996,0.03742803558972339,58.4,0.9746482774482564,0.03283113643666234,0.9746482774482564,0.040664683498714986
50.2,0.9784587763011956,0.028056336971748308,0.9784587763011956,0.03216577247203057,765.0,0.945464384880741,0.07003708496972276,0.945464384880741,0.0628791969891719,60.0,0.964050919702657,0.04539946550379452,0.964050919702657,0.04762574587051824,9.4,0.9909362189703852,0.011215144090548235,0.9909362189703852,0.01288437811556515,5.28,0.9761097215017351,0.03057097756614344,0.9761097215017351,0.032590931244472834,7.0,0.8670224039004513,0.14333208652708676,0.8670224039004513,0.1255769873036183,23.5,0.9669735896638479,0.04180225764564716,0.9669735896638479,0.03782738171294127,56.9,0.9751607225140023,0.032206491125479283,0.9751607225140023,0.03928485520279767
58.8,0.9782616323855433,0.02826488542933498,0.9782616323855433,0.030862639859953495,1622.0,0.943997814770609,0.07244431267629937,0.943997814770609,0.06664982646317844,63.0,0.9624783701052914,0.04700852044579939,0.9624783701052914,0.04870095020458864,3.1,0.9910692082190938,0.01104462480791428,0.9910692082190938,0.013073212051528914,15.36,0.9750621281607952,0.031800198676057795,0.9750621281607952,0.033132215620829526,18.0,0.868455626264336,0.14274595859274455,0.868455626264336,0.12648652183768255,32.2,0.9660142466974498,0.04285055302863377,0.9660142466974498,0.03801686314851402,61.2,0.9753442140164242,0.032021971848420885,0.9753442140164242,0.03973163765721185
82.7,0.9783446659184172,0.028185893563979728,0.9783446659184172,0.029301099602657754,1942.0,0.943997814770609,0.07244431267629937,0.943997814770609,0.06664982646317844,36.0,0.9640905364774088,0.045067703090339875,0.9640905364774088,0.047122358487743106,1.6,0.9910692082190938,0.01104462480791428,0.9910692082190938,0.013011108145362544,25.41,0.9746933736445381,0.03217266356409076,0.9746933736445381,0.03208591918307371,31.0,0.870822157165383,0.14133690391752343,0.870822157165383,0.12596989103648115,35.3,0.9656695782777587,0.04317707757100962,0.9656695782777587,0.03639942421160271,65.1,0.9751607225140023,0.03220649112547892,0.9751607225140023,0.04161480792431955
53.3,0.9787463433388282,0.027681724360881944,0.9787463433388282,0.028521434954692886,1557.0,0.9452908919561778,0.07120190338840218,0.9452908919561778,0.06638700261484351,33.0,0.963725915435767,0.04548921225032791,0.963725915435767,0.04772963167932693,-1.6,0.9910692082190938,0.011044624807913555,0.9910692082190938,0.013066482909004399,12.01,0.9741143477169493,0.033028350480265777,0.9741143477169493,0.03225030354134491,35.0,0.870822157165383,0.14133690391752343,0.870822157165383,0.12596989103648115,30.2,0.9650905523501699,0.0440178837406006,0.9650905523501699,0.03751371335897007,67.8,0.9743625564648735,0.03312481299257564,0.9743625564648735,0.041659924917232215
49.4,0.9803585097109454,0.025673685815105582,0.9803585097109454,0.02698135312886731,1773.0,0.9481565635395096,0.06736258374676364,0.9481565635395096,0.06273313798721687,28.0,0.9645069837414112,0.04454641210035697,0.9645069837414112,0.047528318847012585,1.6,0.990556763153348,0.011690955686132065,0.990556763153348,0.014354696276972702,14.82,0.9750736906833474,0.031960890197652685,0.9750736906833474,0.030648716966074477,36.0,0.870822157165383,0.14133690391752343,0.870822157165383,0.12596989103648115,31.4,0.966839039657523,0.0419559335829226,0.966839039657523,0.03459801486453446,70.2,0.9740960314295773,0.033387125131769495,0.9740960314295773,0.040684385699972785
38.8,0.9811168985993303,0.02465229432914464,0.9811168985993303,0.026202408720905776,810.0,0.9474231879816106,0.06811534947397063,0.9474231879816106,0.0646029131061535,62.0,0.9655545770823512,0.04334507071628662,0.9655545770823512,0.04561072787468003,3.1,0.9900522276612698,0.012415212795110146,0.9900522276612698,0.01534943179072748,4.54,0.9745691551912691,0.03266314489355879,0.9745691551912691,0.03125425283178803,39.0,0.8690703008110431,0.14217420717512005,0.8690703008110431,0.1283700161585092,20.8,0.9665248218744819,0.04237218259265517,0.9665248218744819,0.034437528686830934,56.9,0.9739482074054732,0.033579961776130124,0.9739482074054732,0.04018699634262506
60.0,0.982494090576048,0.022852007297781224,0.982494090576048,0.024413221481643137,1405.0,0.9474231879816106,0.06811534947397063,0.9474231879816106,0.0646029131061535,20.0,0.9655545770823512,0.04334507071628662,0.9655545770823512,0.04510404566896238,-1.6,0.9896050206295197,0.013021525043107742,0.9896050206295197,0.016694355964754597,12.03,0.9758171918738283,0.03085871905921377,0.9758171918738283,0.02917770808855006,43.0,0.8654959115931041,0.1451118170197156,0.8654959115931041,0.1337990781898237,30.2,0.9676162928678164,0.04091412763614977,0.9676162928678164,0.033066943313203825,65.9,0.975141907879769,0.0319904977064744,0.975141907879769,0.037410720755372814
19.6,0.9826149547236459,0.022707259870534267,0.9826149547236459,0.023406117338041942,1457.0,0.9453885466921309,0.07121518873318951,0.9453885466921309,0.06784886057527519,33.0,0.965197865614377,0.04384481271906465,0.965197865614377,0.04689804075952256,16.4,0.9894571966054154,0.013220634619150221,0.9894571966054154,0.016741796920872513,4.0,0.9756842026251197,0.031023867451207658,0.9756842026251197,0.029436778033664582,46.0,0.8643105202722873,0.1455321988099617,0.8643105202722873,0.1346797412703952,21.2,0.9676162928678164,0.04091412763614977,0.9676162928678164,0.033066943313203825,63.1,0.9759400739288979,0.031070470089472144,0.9759400739288979,0.035992484903960745
18.0,0.9832524794644327,0.021826128106945168,0.9832524794644327,0.02260964897409475,1573.0,0.9439894452189311,0.07263129894896676,0.9439894452189311,0.06737927103512648,19.0,0.9654517190106834,0.043543785083343854,0.9654517190106834,0.04589898377068463,0.0,0.9881411421710432,0.014845794489758249,0.9881411421710432,0.019131976146150833,4.22,0.9758171918738283,0.030858719059214484,0.9758171918738283,0.0284707235918378,47.0,0.8622690467785695,0.1465421433260723,0.8622690467785695,0.13348787619459238,22.0,0.9676162928678164,0.04091412763614977,0.9676162928678164,0.033066943313203825,74.9,0.9758378444479368,0.031180299916500624,0.9758378444479368,0.037096398705542495
84.3,0.9838900042052199,0.020943834615954962,0.9838900042052199,0.02158966643777102,1871.0,0.9430980454537733,0.07340428742059249,0.9430980454537733,0.06658467910017697,67.0,0.9664671491394027,0.04189600262493527,0.9664671491394027,0.044111321710836204,1.6,0.9880081529223346,0.015015289561468945,0.9880081529223346,0.01850623336526252,23.73,0.976396217801417,0.0300001812453622,0.976396217801417,0.0270095794982515,60.0,0.8586194840749661,0.14944288150512777,0.8586194840749661,0.13607364015011916,34.9,0.9676162928678164,0.04091412763614977,0.9676162928678164,0.0312798839357653,65.1,0.9752003197071496,0.03204845732977972,0.9752003197071496,0.03940359302551996
18.4,0.9850171767401812,0.019252087018856442,0.9850171767401812,0.018605557745199845,1592.0,0.9422998794046442,0.07425576040211788,0.9422998794046442,0.06813702675899555,19.0,0.9676489730270585,0.040017821794191846,0.9676489730270585,0.040699072627702615,14.8,0.9880081529223346,0.015015289561468945,0.9880081529223346,0.017802642931633677,4.17,0.9756693678497239,0.031052297396495517,0.9756693678497239,0.02678075943693539,51.0,0.8589641524946572,0.14919882773264695,0.8589641524946572,0.13373429049409008,22.0,0.966090120020078,0.042638274482329964,0.966090120020078,0.03167644588295168,66.3,0.9753906374161869,0.03176914137745896,0.9753906374161869,0.03871092651946806
22.4,0.9843796519993943,0.020136517968640136,0.9843796519993943,0.018974286567654285,1372.0,0.9428616443619381,0.07366451950191995,0.9428616443619381,0.07017416673608107,20.0,0.9684953322892071,0.038730762004442476,0.9684953322892071,0.03931401629495092,8.6,0.9885762241016822,0.014264184964687647,0.9885762241016822,0.01705233467899057,8.25,0.9770465598264416,0.029271411133915314,0.9770465598264416,0.025352844008174804,47.0,0.8613154377620778,0.14675539808902915,0.8613154377620778,0.1291665832824923,28.2,0.9668234955779768,0.041849291676446465,0.9668234955779768,0.03136611000335118,62.0,0.9765163741415219,0.030468288800504117,0.9765163741415219,0.03774950097006749
19.2,0.9840988387265811,0.020501554065885344,0.9840988387265811,0.0200314271594225,1258.0,0.9421254987049913,0.07425770410292211,0.9421254987049913,0.07013095764497489,68.0,0.9699014881276357,0.03732520933409994,0.9699014881276357,0.03875593365576267,14.8,0.9877647051593884,0.01516606938285767,0.9877647051593884,0.017943787664912014,3.59,0.9760658564784422,0.030632911090862257,0.9760658564784422,0.027393851120763885,46.0,0.8611053193487115,0.14688234790036636,0.8611053193487115,0.1274357068985711,20.4,0.965963656377575,0.04304350054396153,0.965963656377575,0.03313286402624274,60.0,0.9761198855128038,0.030887947085868422,0.9761198855128038,0.03707239341953775
78.4,0.9846161915028973,0.019928683251232343,0.9846161915028973,0.01949191277356648,1293.0,0.94115411269031,0.07541263466298681,0.94115411269031,0.07083874388554093,70.0,0.9699014881276357,0.03732520933409994,0.9699014881276357,0.03875593365576267,-2.3,0.9876168811352839,0.015364480446442477,0.9876168811352839,0.018117005659642617,14.75,0.9766662427876323,0.029991566074541738,0.9766662427876323,0.027342634185532535,50.0,0.860851465952405,0.14711774247708242,0.860851465952405,0.12821675990054843,31.8,0.9672797108119472,0.04149408109112752,0.9672797108119472,0.032426462775048445,61.2,0.9762147999474948,0.030790325467315624,0.9762147999474948,0.03642392046351748
19.6,0.985195217430486,0.019055652241817697,0.985195217430486,0.01818782460257343,1337.0,0.9420455124554683,0.07464342633885976,0.9420455124554683,0.07181195856501511,45.0,0.9699014881276357,0.03732520933409994,0.9699014881276357,0.03875593365576267,11.7,0.9878485129282172,0.015090018252439488,0.9878485129282172,0.01761236158461938,3.67,0.9773930927393252,0.028937539097669714,0.9773930927393252,0.02662608510245006,33.67243525896414,0.8645010286560084,0.1441963471893991,0.8645010286560084,0.12566989200421927,20.4,0.9681260700740956,0.04020883044219444,0.9681260700740956,0.03140489189916465,62.0,0.9765835544637519,0.030416719283115325,0.9765835544637519,0.03780476442975586
85.5,0.9849413640341795,0.019369610971858985,0.9849413640341795,0.017566491153111246,1298.0,0.9411643128734651,0.07556439767217708,0.9411643128734651,0.07260396836253216,90.0,0.9712602924555299,0.03541232535011897,0.9712602924555299,0.03583744445742356,10.9,0.9875946595319105,0.015405868231660345,0.9875946595319105,0.017112834645293173,19.52,0.9769804605706734,0.029566680241432948,0.9769804605706734,0.026010904397296766,52.0,0.8677905388322853,0.1417408061082853,0.8677905388322853,0.12613751865997078,34.5,0.967266230873694,0.041406206902596984,0.967266230873694,0.03075717291721175,62.4,0.9758501789058531,0.031222896264437715,0.9758501789058531,0.03751886682536466
100.0,0.9852221773069924,0.019003929706386147,0.9852221773069924,0.01711254805700264,1457.0,0.9433097218082803,0.07237379360052686,0.9433097218082803,0.0674476028797884,83.0,0.9704004532551285,0.03661805887058644,0.9704004532551285,0.036856850146410644,6.2,0.9877424835560149,0.015207467930142177,0.9877424835560149,0.01706539368917526,23.05,0.9765009384090813,0.030065603652500668,0.9765009384090813,0.02590912175117637,59.0,0.8667429454913452,0.1426915296543186,0.8667429454913452,0.12941791696814112,36.9,0.9665877011801088,0.04210339273041195,0.9665877011801088,0.031141943353599974,54.5,0.9747230063708917,0.03288464238554424,0.9747230063708917,0.03886362380439623
92.5,0.9841890368624638,0.020161813851163463,0.9841890368624638,0.017829785636089775,1653.0,0.9433927553411544,0.07230168098996143,0.9433927553411544,0.06753800820608402,21.0,0.9693528599141882,0.03783316928303095,0.9693528599141882,0.0386607683382947,-8.6,0.9877424835560149,0.015207467930142177,0.9877424835560149,0.016846441971110175,22.43,0.9758224087154963,0.030777882645508965,0.9758224087154963,0.025701266856799104,33.67243525896414,0.8644953070755692,0.14550356886487312,0.8644953070755692,0.13787014782975013,33.7,0.9662309897121346,0.04260416213187133,0.9662309897121346,0.030048278675580475,61.6,0.9747230063708917,0.03288464238554424,0.9747230063708917,0.037703090290002135
36.5,0.9833291976620621,0.02139776463378268,0.9833291976620621,0.020420230540867543,881.0,0.943794432761565,0.0718351417221629,0.943794432761565,0.06662833401089954,37.0,0.9671378955820036,0.04083252087695106,0.9671378955820036,0.04279901708865637,3.9,0.9887018265224131,0.01410687635944156,0.9887018265224131,0.015850604039149008,4.23,0.9758224087154963,0.030777882645508247,0.9758224087154963,0.026305397667904816,54.0,0.8648307717010769,0.14501618208041495,0.8648307717010769,0.1398422118394631,20.4,0.9645367207587326,0.04508757713170152,0.9645367207587326,0.03211818079177951,65.9,0.9737516203562105,0.0341260185280928,0.9737516203562105,0.041115388981116205
42.7,0.9828118448857461,0.021969085936575525,0.9828118448857461,0.021542379476349367,1814.0,0.9445528216499498,0.07089041803904371,0.9445528216499498,0.06693854664992502,42.0,0.9681854889229436,0.039623619816393875,0.9681854889229436,0.04208421757631468,7.0,0.9890585379903871,0.013583460682146883,0.9890585379903871,0.015105455201572318,11.91,0.974574372032937,0.03258242194760301,0.974574372032937,0.02806838022321187,56.0,0.8638365884148241,0.14620420015897725,0.8638365884148241,0.14009155062353842,30.2,0.9631779164308384,0.04697288165122492,0.9631779164308384,0.033744299011773914,72.2,0.971945918127664,0.03648596723942673,0.971945918127664,0.0442890294813878
48.6,0.9824472238441044,0.02240800864569284,0.9824472238441044,0.02220519317142443,1895.0,0.9449043297822093,0.07061681903451913,0.9449043297822093,0.06841630798402361,31.0,0.9695753408354464,0.0380020823623205,0.9695753408354464,0.0406597426914742,-1.6,0.9889376738427893,0.013730308873597824,0.9889376738427893,0.014723840582834201,6.55,0.974574372032937,0.03258242194760301,0.974574372032937,0.02806838022321187,52.0,0.8640081990154291,0.1460816006821704,0.8640081990154291,0.14050692878459417,24.7,0.964269387424173,0.04552541526852565,0.964269387424173,0.03232138993149118,70.6,0.9723928160283163,0.03604586498584694,0.9723928160283163,0.04345195582300907
43.9,0.9809874622240493,0.024134451123929958,0.9809874622240493,0.023374874321608254,1696.0,0.9460737911619739,0.06945813507235928,0.9460737911619739,0.06848438468959725,21.0,0.9694645731901113,0.038125047922299156,0.9694645731901113,0.03990704818518462,4.7,0.9889376738427892,0.013730308873598185,0.9889376738427892,0.015660931020558797,10.57,0.9750031477415222,0.03210881916722877,0.9750031477415222,0.028219636257901595,44.0,0.863663530595738,0.1463290328940566,0.863663530595738,0.142887189454829,29.4,0.9639885741513599,0.045875360868490526,0.9639885741513599,0.033116477766260574,71.8,0.9734404093692562,0.03482476658383106,0.9734404093692562,0.042238141041452335
32.9,0.9802290733356646,0.025156103063655993,0.9802290733356646,0.02479063722221182,867.0,0.9453642021805758,0.07023533039500406,0.9453642021805758,0.06751625606075184,34.0,0.9692107197938048,0.03842884097784199,0.9692107197938048,0.04061418024816522,3.9,0.9882588350181065,0.014610152958336902,0.9882588350181065,0.01669640712371919,3.71,0.9750031477415222,0.03210881916722877,0.9750031477415222,0.02842737978919254,19.0,0.8622644291225382,0.14748176594723275,0.8622644291225382,0.1424278635223491,19.6,0.9631287349509585,0.04706225518337324,0.9631287349509585,0.033647171403048466,56.1,0.9734404093692562,0.034824766583831775,0.9734404093692562,0.04153207789712826
37.3,0.9794956977777657,0.02596939781206915,0.9794956977777657,0.026332458184852,797.0,0.9436013348741732,0.07203072175121944,0.9436013348741732,0.06636115061537604,69.0,0.9692107197938048,0.03842884097784199,0.9692107197938048,0.04061418024816522,-2.3,0.9882588350181065,0.014610152958336902,0.9882588350181065,0.01669640712371919,4.41,0.9738759752065609,0.03376803437587104,0.9738759752065609,0.029901742195747014,8.0,0.8618525515189724,0.14772723817748637,0.8618525515189724,0.14053994499275782,20.8,0.9633190526599954,0.04678951866762462,0.9633190526599954,0.032950923335669166,53.7,0.9734404093692562,0.034824766583831775,0.9734404093692562,0.04153207789712826
69.4,0.978927626598418,0.026706659289866767,0.978927626598418,0.02681775851295393,1777.0,0.9424741623392119,0.0735863163104968,0.9424741623392119,0.06810335635661226,59.0,0.9692107197938048,0.03842884097784199,0.9692107197938048,0.04061418024816522,0.0,0.9881110109940022,0.014808748716574966,0.9881110109940022,0.01710458245806625,22.21,0.9743805106986392,0.033066875379563036,0.9743805106986392,0.02827035220312695,20.0,0.861487930477331,0.14805676907736856,0.861487930477331,0.14159070695318257,34.5,0.9639565774007824,0.045942200598163,0.9639565774007824,0.03303568961589896,63.1,0.9736534064955525,0.034591698119407495,0.9736534064955525,0.041795020881381734
88.6,0.9772831012871406,0.028943365947091727,0.9772831012871406,0.029206232603442923,2010.0,0.9413484256138767,0.07478777088143403,0.9413484256138767,0.07111832147398629,70.0,0.9698610618188296,0.03771138120460956,0.9698610618188296,0.03964008799378123,-7.0,0.9873841610423093,0.01588520522008516,0.9873841610423093,0.019219903483797506,26.83,0.9728421418046522,0.03498579608480743,0.9728421418046522,0.02955450204285248,33.0,0.8630248299304073,0.14742870997397126,0.8630248299304073,0.14267250861707598,36.1,0.9625667254882799,0.04754224574458406,0.9625667254882799,0.034382374663519635,65.5,0.9735584920608616,0.034688677274078365,0.9735584920608616,0.04151787614309028
99.2,0.9765497257292419,0.02975125920611168,0.9765497257292419,0.02908214714295005,1775.0,0.9427545814523053,0.07347861509785122,0.9427545814523053,0.07104816303826912,90.0,0.9703079597194816,0.037272859235680585,0.9703079597194816,0.03882004463560733,1.6,0.9870699432592679,0.01631917242826751,0.9870699432592679,0.019229964878179254,26.43,0.9720898146329368,0.03575581760032096,0.9720898146329368,0.02988163700219374,45.0,0.8630248299304073,0.14742870997397126,0.8630248299304073,0.14267250861707598,36.9,0.9618653527566096,0.0482122186563695,0.9618653527566096,0.034483224672944165,61.2,0.9740709371266076,0.03406574638566055,0.9740709371266076,0.042175404724680156
89.4,0.9756610776222906,0.030641637219624762,0.9756610776222906,0.028572143715786008,2162.0,0.9444621131239329,0.0717235651355288,0.9444621131239329,0.07223803460169032,77.0,0.9698411091968787,0.03780865207088671,0.9698411091968787,0.03847093237556884,-7.0,0.9863176160875523,0.01711547755748682,0.9863176160875523,0.019425758823820027,23.83,0.9717819030719492,0.03608488577618296,0.9717819030719492,0.028939157764304866,52.0,0.8613163198767261,0.14817844787331874,0.8613163198767261,0.14117532879212683,33.7,0.9628299125646755,0.04709446752996295,0.9628299125646755,0.03385814245017309,68.2,0.9747509026298189,0.032994402451383326,0.9747509026298189,0.04174821761591092
96.5,0.9757940668709991,0.030476440841187,0.9757940668709991,0.0280593342632886,1789.0,0.9466015495716503,0.0692503584981999,0.9466015495716503,0.07135817829204774,41.0,0.9695553882134957,0.03809931813257356,0.9695553882134957,0.03857023869280895,-6.2,0.9860637626912457,0.017430304596980938,0.9860637626912457,0.019500699839781567,26.31,0.9711030642472663,0.03693351032314394,0.9711030642472663,0.030922244017956103,57.0,0.8598325119289957,0.1487561369355257,0.8598325119289957,0.14145324877914667,36.5,0.9643858608082221,0.04500814349365381,0.9643858608082221,0.03351119895032523,62.4,0.9743492252094081,0.03349423046758337,0.9743492252094081,0.04330591118206067
56.5,0.976527442428898,0.029669751866330595,0.976527442428898,0.027212234147166385,1903.0,0.9480006510448499,0.06782474397846966,0.9480006510448499,0.07158278396137595,52.0,0.9682393337791237,0.03965726129647304,0.9682393337791237,0.040933598729747764,-8.6,0.9856165556594957,0.018031853420663897,0.9856165556594957,0.01997289081419277,15.84,0.9712138318926016,0.03681018634071317,0.9712138318926016,0.03158990402723395,59.0,0.8581629391621772,0.14944326906002317,0.8581629391621772,0.14048903712294897,31.8,0.9645988579345183,0.04477963399983792,0.9645988579345183,0.03437012281561921,69.0,0.9744378022771389,0.03340731496483527,0.9744378022771389,0.043645903296616856
76.1,0.976527442428898,0.029669751866330595,0.976527442428898,0.027309345789826443,2003.0,0.9474325798655022,0.06851221958232957,0.9474325798655022,0.0737799277992987,42.0,0.9681184696315258,0.0397976926292272,0.9681184696315258,0.04276626676303864,-0.8,0.9851693486277456,0.01863284918527196,0.9851693486277456,0.020315102256773646,22.55,0.9704554430042166,0.03781137977199116,0.9704554430042166,0.03230798539579218,61.0,0.8544892356592438,0.15231579914509477,0.8544892356592438,0.14428097803152495,34.5,0.9648211723941329,0.04443905480483192,0.9648211723941329,0.03523999439358396,66.7,0.9744378022771389,0.03340731496483527,0.9744378022771389,0.04410314650540776
20.8,0.9774160905358492,0.028777649992723465,0.9774160905358492,0.02729591157835428,1506.438032627222,0.9482440988077963,0.06769386258259406,0.9482440988077963,0.07139585920569992,19.0,0.9673850940736269,0.04058937216363085,0.9673850940736269,0.0439267205099297,0.0,0.9848885353549328,0.018998616028960795,0.9848885353549328,0.020967942870483137,6.02,0.9709023409048689,0.03737261394003852,0.9709023409048689,0.033843433954379755,50.0,0.8534738055305248,0.15363037250739087,0.8534738055305248,0.14311650802786946,24.3,0.9654117774804679,0.04388582012378429,0.9654117774804679,0.03635356053231568,62.7,0.9751166411018221,0.032553144839996474,0.9751166411018221,0.041192896784379984
60.0,0.9777303083188905,0.028352032997515056,0.9777303083188905,0.02735939770008506,1640.0,0.9487236209693884,0.06722926473488537,0.9487236209693884,0.07064385726270574,55.0,0.9678896295657055,0.03989667552914888,0.9678896295657055,0.0432387536160861,5.5,0.985202753137974,0.018566485405848217,0.985202753137974,0.020567192213772966,14.34,0.970389895839123,0.03799165521334805,0.970389895839123,0.03488954582021423,52.0,0.855106769399594,0.15143878066921587,0.855106769399594,0.13670683517561513,31.4,0.9667476326191695,0.04243968958442289,0.9667476326191695,0.034409181604221135,72.2,0.9758750299902069,0.03154277371726588,0.9758750299902069,0.04103236205103729
66.7,0.9765366078445947,0.029950371194079853,0.9765366078445947,0.02905896398437926,1784.0,0.9480447821447054,0.0680342433139103,0.9480447821447054,0.07149474622339064,19.0,0.9699526530353646,0.037026608098049,0.9699526530353646,0.03905709012675614,0.0,0.985881591962657,0.01769214846873249,0.985881591962657,0.01979007543520144,14.35,0.9688063945310561,0.04037188363279917,0.9688063945310561,0.037893718863099266,51.0,0.8579468796179031,0.1475714914285238,0.8579468796179031,0.1375089966522866,28.6,0.9665253181595548,0.042781449602805686,0.9665253181595548,0.03481254377618193,67.5,0.9765549954934182,0.03046760099363857,0.9765549954934182,0.039021716555761525
18.0,0.9771156337721834,0.02909063522785612,0.9771156337721834,0.02668105473782048,1637.0,0.9455692929680378,0.07224291199915664,0.9455692929680378,0.0764037044262766,58.0,0.9694481175432862,0.03772236345587368,0.9694481175432862,0.0401749393828826,3.1,0.9862503464789141,0.01730971576339221,0.9862503464789141,0.018603792942116157,4.33,0.9683937623624045,0.04099040949770855,0.9683937623624045,0.03883762385906255,49.0,0.857756561908866,0.14778988583520578,0.857756561908866,0.1374840799018191,22.0,0.9662579848249951,0.04322088002591455,0.9662579848249951,0.036596106226705186,63.1,0.9776025888343582,0.029234965888005823,0.9776025888343582,0.037845590870753607
67.1,0.9783850776832015,0.027659807218495983,0.9783850776832015,0.025688631962090494,1651.0,0.945118152986625,0.07307112711942958,0.945118152986625,0.07857523787614544,44.0,0.9708069218711805,0.035810977904465364,0.9708069218711805,0.03738576007506765,-3.1,0.9856822752995662,0.01805725935488922,0.9856822752995662,0.019793107084720412,16.49,0.9692790787828289,0.04006486882973797,0.9692790787828289,0.03912500524685944,52.0,0.8602707253599381,0.14481689212894916,0.8602707253599381,0.13240363163366808,32.2,0.9665253181595548,0.042781449602805686,0.9665253181595548,0.03673212621924458,67.1,0.9767334323006381,0.030373835625656057,0.9767334323006381,0.03946379498531324
18.8,0.9796331143657607,0.025841616183905913,0.9796331143657607,0.023492012809435452,1710.0,0.9433216545522619,0.07554340303686877,0.9433216545522619,0.08331527408084376,19.0,0.9721577420748343,0.034436777350792376,0.9721577420748343,0.03670077822262275,0.0,0.9854014620267535,0.01842338619963265,0.9854014620267535,0.02000760550566179,4.63,0.9696917109514807,0.03944535181629259,0.9696917109514807,0.03916608918177121,44.0,0.8636089642373638,0.14237216140909645,0.8636089642373638,0.1309517954918417,22.4,0.9672521681112479,0.04174844272892988,0.9672521681112479,0.03656320753669414,76.5,0.9756419613073036,0.031858288876078264,0.9756419613073036,0.04202964073780824
32.5,0.9793523010929477,0.026203200713561785,0.9793523010929477,0.02393865035252291,894.0,0.943188665303553,0.07569646652044694,0.943188665303553,0.08205834081933519,34.0,0.9711246016303057,0.03556235809766733,0.9711246016303057,0.03998261418079225,4.7,0.9854014620267535,0.01842338619963265,0.9854014620267535,0.019945761673845062,3.79,0.9694693964918659,0.03978889870011391,0.9694693964918659,0.04083413944306779,16.0,0.865117360086913,0.14177412399691677,0.865117360086913,0.13075901160457268,19.2,0.9670298536516333,0.04209055021163038,0.9670298536516333,0.03828864654944964,55.3,0.9748835724189187,0.03286816153167427,0.9748835724189187,0.04190614791618192
36.1,0.9789235253843627,0.0266816282950958,0.9789235253843627,0.02486379137686165,780.0,0.9430051738011311,0.07586600071230312,0.9430051738011311,0.08135272165145983,32.0,0.9702554450965856,0.03668766572782809,0.9702554450965856,0.04379177977802922,2.3,0.9854014620267535,0.01842338619963265,0.9854014620267535,0.018965372047814046,4.07,0.9691047754502243,0.040214935514509276,0.9691047754502243,0.040742379142019315,0.0,0.8662096907973877,0.14140565420163867,0.8662096907973877,0.12991168652199042,20.4,0.9666959923777391,0.04246015532978943,0.9666959923777391,0.03883577130077106,56.9,0.9752402838868929,0.03235906658967717,0.9752402838868929,0.04028067216873167
62.7,0.9782449956907775,0.027398124729182023,0.9782449956907775,0.024104600868366657,783.0,0.9430051738011311,0.07586600071230312,0.9430051738011311,0.08014949269668202,59.0,0.9699746318237727,0.03704250633830417,0.9699746318237727,0.044321907537120474,-8.6,0.9852350682678164,0.018658284775857414,0.9852350682678164,0.019486316753725027,7.64,0.9701962464435588,0.03875030834426732,0.9701962464435588,0.03801311478665334,15.0,0.8678296237833381,0.14070074515695524,0.8678296237833381,0.13058591346539047,26.3,0.967565148911459,0.0413444037945733,0.967565148911459,0.037301078380435775,52.2,0.9759498728682912,0.03152648946074468,0.9759498728682912,0.0391619686300847
18.8,0.9780226812311629,0.027747599296715983,0.9780226812311629,0.023153729590133933,2133.0,0.9436426985419181,0.07505751548016752,0.9436426985419181,0.0801199117459416,68.0,0.9688831608304379,0.038508700365361914,0.9688831608304379,0.04778562326323304,3.1,0.9845562294431334,0.019531366275295194,0.9845562294431334,0.020885710547430623,12.88,0.9688801920091867,0.04030846801209302,0.9688801920091867,0.0398394586080182,28.0,0.867663230024401,0.1408833747754382,0.867663230024401,0.13222947508948105,32.2,0.9669745438251242,0.04190054419451231,0.9669745438251242,0.03727402643789539,62.0,0.9770413438616254,0.030041174688068994,0.9770413438616254,0.03729090129598443
84.7,0.978820847280292,0.026821238892800442,0.978820847280292,0.022091327181300573,2589.0,0.9432714032112827,0.07535583575045082,0.9432714032112827,0.08074595008294498,59.0,0.9680071780901032,0.039556885952038226,0.9680071780901032,0.04732624296587996,0.0,0.9834531792910525,0.02074813458030987,0.9834531792910525,0.02260830595669747,34.52,0.9683594966304039,0.04080824394472443,0.9683594966304039,0.039488581183330984,35.0,0.8662044739557199,0.14147670475740098,0.8662044739557199,0.1324556024382813,37.3,0.9664197569920667,0.04240123886151454,0.9664197569920667,0.03632900914771137,67.1,0.9760767840535595,0.03119365917901232,0.9760767840535595,0.03897025951295475
18.0,0.978820847280292,0.026821238892800442,0.978820847280292,0.0211393589774454,1475.0,0.9436052644851769,0.07500754612743543,0.9436052644851769,0.08110528540414348,42.0,0.9678355674894981,0.03971974079395705,0.9678355674894981,0.048978031774620165,3.9,0.9825719797090496,0.02176392848405908,0.9825719797090496,0.024175098317589887,3.79,0.968193102871467,0.041035124432760396,0.968193102871467,0.03922639615366477,28.0,0.8664901949391028,0.14125364898795292,0.8664901949391028,0.12899486494042997,21.2,0.9668214344124774,0.041909404561439205,0.9668214344124774,0.03484125070461618,62.0,0.9761875516988947,0.0310690092238456,0.9761875516988947,0.03779946445430618
28.2,0.978820847280292,0.026821238892800442,0.978820847280292,0.02144398138484245,1386.0,0.9433195435017937,0.07527847203801902,0.9433195435017937,0.07941921635117574,69.0,0.9690734785394752,0.03823254368725449,0.9690734785394752,0.04661060815494805,0.0,0.9810458068613112,0.023546492353345723,0.9810458068613112,0.025614836046896707,8.46,0.9672217168567858,0.04225955784604307,0.9672217168567858,0.03947284990260434,34.0,0.8664901949391028,0.14125364898795292,0.8664901949391028,0.12341758046536444,29.0,0.9668214344124774,0.041909404561439205,0.9668214344124774,0.03424881730953321,65.1,0.9768663905235775,0.030211596846333493,0.9768663905235775,0.03513133208234284
20.4,0.9783163117882134,0.027528969854790822,0.9783163117882134,0.021820172727360216,1679.0,0.9446553986404952,0.0739126543369705,0.9446553986404952,0.07816640726404188,29.0,0.9688831608304379,0.038508700365361914,0.9688831608304379,0.04655825827210826,4.7,0.9792401046327645,0.025944569820790114,0.9792401046327645,0.029264701447682305,4.41,0.9665417513535745,0.043315750153427535,0.9665417513535745,0.040340712584287806,26.0,0.8670929928991703,0.14040169320057944,0.8670929928991703,0.1207483468852549,21.6,0.966141468909266,0.04296538111779243,0.966141468909266,0.03605892737643364,62.7,0.9772680679439885,0.029709057067387575,0.9772680679439885,0.035667632409767766
35.3,0.977335608440214,0.02889406401761825,0.977335608440214,0.022273088392900528,786.0,0.9470865285586931,0.07043174336039917,0.9470865285586931,0.07193351149349247,41.0,0.9694621867580269,0.037661092472466545,0.9694621867580269,0.0442955360608076,0.0,0.9776506854505279,0.027764448601958758,0.9776506854505279,0.031676370574392015,3.95,0.964897226042297,0.04549470614364463,0.964897226042297,0.042882923994848714,19.0,0.864951826045116,0.1427553918502438,0.864951826045116,0.1251828380663192,20.0,0.9654615034060547,0.044019829803624795,0.9654615034060547,0.03866466982439401,61.2,0.9772680679439885,0.029709057067387575,0.9772680679439885,0.03647039456265097
47.1,0.977335608440214,0.02889406401761825,0.977335608440214,0.022273088392900528,1904.0,0.9472529223176303,0.07021528358434569,0.9472529223176303,0.07316434088843532,40.0,0.9691283254841326,0.03803322599429379,0.9691283254841326,0.0456202606217249,-3.1,0.9777836746992363,0.027598506996015376,0.9777836746992363,0.0326035514396196,13.21,0.9657435853044454,0.04421630654174861,0.9657435853044454,0.04181705857894126,46.0,0.8649518260451159,0.1427553918502438,0.8649518260451159,0.1279008324848727,30.6,0.9661883533577477,0.042988962215725283,0.9661883533577477,0.03733021585601279,70.6,0.9764429555243064,0.0311091564020315,0.9764429555243064,0.039406241594170166
20.4,0.978294951406612,0.02781880442298671,0.978294951406612,0.022244391382566987,1168.0,0.9490014096249835,0.06824270477603865,0.9490014096249835,0.07311802237669657,28.0,0.9687595709678756,0.038400904841055516,0.9687595709678756,0.04616050726991004,1.6,0.9768122886845553,0.02884924213639252,0.9768122886845553,0.034768137282048306,3.67,0.9669916219870045,0.04244389124112312,0.9669916219870045,0.03869548502426906,22.0,0.8677919362634251,0.1388037158074722,0.8677919362634251,0.12313730113279878,19.6,0.9676509905182165,0.04076004001206423,0.9676509905182165,0.03324152551096584,58.0,0.9774236588723058,0.029747585520652545,0.9774236588723058,0.03807328358835109
58.0,0.9781471273825079,0.02801335741571034,0.9781471273825079,0.022361870052375214,1906.0,0.9511468185597982,0.06500618716485616,0.9511468185597982,0.06833069086638115,60.0,0.9689498886769127,0.038124764135067435,0.9689498886769127,0.047487408229304806,0.0,0.9770026063935925,0.028568820597025736,0.9770026063935925,0.03505712221507559,16.55,0.9676701516805897,0.041746628512240674,0.9676701516805897,0.03925837370717009,30.0,0.8685785408703458,0.1375905085801632,0.8685785408703458,0.1199300997130783,32.2,0.9696003999324462,0.03829738138179921,0.9696003999324462,0.031607268340198134,68.6,0.9772013444126912,0.0300962217572069,0.9772013444126912,0.03893795114598152
20.8,0.9787261533100966,0.027150999250734914,0.9787261533100966,0.01993457832013251,2088.0,0.9498307641254261,0.06649529623894314,0.9498307641254261,0.07042564520400507,51.0,0.9687834949179757,0.03835225234332905,0.9687834949179757,0.046570639498262796,-0.8,0.9777836746992363,0.027598506996015376,0.9777836746992363,0.0326035514396196,6.13,0.968159799474764,0.04096348701738963,0.968159799474764,0.03889410679711425,34.0,0.8672488929585854,0.13928532591532222,0.8672488929585854,0.11999643962524473,23.5,0.9704467591945946,0.037006085553786254,0.9704467591945946,0.030967495716031048,61.2,0.9762071611264385,0.03159655359750709,0.9762071611264385,0.04246970299443012
59.6,0.9784945215171635,0.027420006215588717,0.9784945215171635,0.019810002786582594,1706.0,0.9505321368570964,0.06584808525773841,0.9505321368570964,0.07109311800786805,65.0,0.9691173561918699,0.03798037045327971,0.9691173561918699,0.0452459149373455,-7.8,0.9793730938814733,0.025778099046706467,0.9793730938814733,0.031092908377234673,14.47,0.9690409990567672,0.03998063088222439,0.9690409990567672,0.038525254478698215,39.0,0.865603908093586,0.13999693894357998,0.865603908093586,0.11870329824711022,31.4,0.9712582781368884,0.03613870436406717,0.9712582781368884,0.029894754787693576,69.8,0.9762071611264385,0.03159655359750709,0.9762071611264385,0.04246970299443012
45.1,0.9798843734296664,0.025762689679221143,0.9798843734296664,0.017775272058390617,1969.0,0.9520880851006428,0.06382101922790206,0.9520880851006428,0.06834733675342211,28.0,0.9693981694646827,0.03762613408353799,0.9693981694646827,0.044106464699458836,3.9,0.980367277167726,0.02426679172422431,0.980367277167726,0.0276867467420315,7.21,0.96992219863877,0.03899591941341061,0.96992219863877,0.03804196116686762,26.0,0.8682134527666515,0.13838873302916896,0.8682134527666515,0.1166876336545968,24.3,0.9722914185814169,0.03501357150214138,0.9722914185814169,0.030292615723673873,69.0,0.9774551978089976,0.029787594868082034,0.9774551978089976,0.038080524301287895
33.7,0.980286050850077,0.02525669762998929,0.980286050850077,0.017294204220602526,814.0,0.9508501740506657,0.06524711750046859,0.9508501740506657,0.06967289507735325,32.0,0.9697548809326567,0.03712178913069152,0.9697548809326567,0.042660642349620685,3.1,0.9810461159924088,0.023400816093347217,0.9810461159924088,0.02611370541770219,3.67,0.96992219863877,0.03899591941341061,0.96992219863877,0.03804196116686762,16.0,0.8695984113572023,0.13783572325506405,0.8695984113572023,0.11646293395305463,19.6,0.9725722318542298,0.03465724645030703,0.9725722318542298,0.0313243541442374,61.2,0.9780698723557046,0.02904916169391008,0.9780698723557046,0.036437088430211935
49.4,0.9815746657590638,0.023547343302151903,0.9815746657590638,0.015546702282440306,1591.0,0.9512189285669228,0.06489719014229434,0.9512189285669228,0.06889471637646012,43.0,0.9703229521120047,0.036397824720210276,0.9703229521120047,0.04177622327165901,3.1,0.9816009028254661,0.022881072049847382,0.9816009028254661,0.024700030210101108,10.13,0.9699221986387699,0.0389959194134106,0.9699221986387699,0.03851732939061401,21.0,0.871192810638356,0.13712464455062517,0.871192810638356,0.11718849080611352,28.2,0.9725722318542298,0.03465724645030668,0.9725722318542298,0.031550516861383306,70.6,0.9785170793874545,0.0284573799654432,0.9785170793874545,0.034915160997380575
40.8,0.9818888835421052,0.02311816318379675,0.9818888835421052,0.014225966107137876,1934.0,0.9515046495503062,0.06462049768584305,0.9515046495503062,0.0705113550908117,21.0,0.9715224863154703,0.03504546972699655,0.9715224863154703,0.0379237395331142,0.0,0.9809220640007833,0.023747915484223035,0.9809220640007833,0.0267764655068675,14.99,0.9690409990567672,0.03998063088222439,0.9690409990567672,0.03908510192535644,22.0,0.8732785282665901,0.13597885288673323,0.8732785282665901,0.11749383939606554,30.6,0.9720145663082425,0.035221716828985714,0.9720145663082425,0.032227887235573016,69.4,0.9787393938470692,0.028107883660277267,0.9787393938470692,0.033663743738851275
50.6,0.9812742089953981,0.02386333670027558,0.9812742089953981,0.014068616350429435,1943.0,0.9508032768186359,0.06526937562044657,0.9508032768186359,0.07082529526682767,50.0,0.972613957308805,0.03357115943879255,0.972613957308805,0.035090855628622436,-2.3,0.9802420984975718,0.024832747036717222,0.9802420984975718,0.029240715051475394,15.19,0.9687361149538151,0.040248938582713285,0.9687361149538151,0.038789795523859166,31.0,0.8732785282665901,0.13597885288673323,0.8732785282665901,0.11749383939606554,31.8,0.9711835360143903,0.03601056653044905,0.9711835360143903,0.03249511888056305,69.8,0.9774631414459743,0.03039011021397779,0.9774631414459743,0.037080175307627146
42.7,0.9806951830678095,0.024729964815620974,0.9806951830678095,0.013216329687017208,2101.0,0.9454656077379071,0.07460414364851412,0.9454656077379071,0.10220287319279024,39.0,0.9731929832363937,0.03271717337811635,0.9731929832363937,0.03384749040568553,-3.1,0.9800757047386347,0.025065294884773198,0.9800757047386347,0.02967911391883426,15.12,0.9685645043532102,0.040411804042828146,0.9685645043532102,0.03866148551869729,38.0,0.8707456036066061,0.1375926784624308,0.8707456036066061,0.11957696036642407,31.4,0.9706628406356077,0.036513938434948726,0.9706628406356077,0.032895996036507835,74.9,0.9772315096530412,0.030657985775607695,0.9772315096530412,0.038872218482752595
34.1,0.9809081801941057,0.024492854102804065,0.9809081801941057,0.013111007541615389,1921.0,0.9450184007061573,0.07515320590808781,0.9450184007061573,0.1020923238042631,19.0,0.9726353176904063,0.03328314132084566,0.9726353176904063,0.03428707515007506,0.0,0.9818814069671813,0.02266347334537588,0.9818814069671813,0.026238789394071562,8.14,0.9692020290939973,0.0395553411065219,0.9692020290939973,0.03871598576114663,37.0,0.8711640695044277,0.13729065652772243,0.8711640695044277,0.11757581587878424,25.1,0.9709166940319144,0.03620915941005035,0.9709166940319144,0.03321672206914737,73.3,0.9759834729704823,0.03246540099031189,0.9759834729704823,0.03992473789066117
45.1,0.9812648916620798,0.023977420318739947,0.9812648916620798,0.012851747932106293,818.0,0.9453232848091091,0.07490335401415311,0.9453232848091091,0.09946298070871772,59.0,0.9722226855217546,0.03390725578615565,0.9722226855217546,0.0353578797321842,-0.8,0.9823286139989313,0.022066374781148788,0.9823286139989313,0.025208164186883566,4.81,0.9688941175330098,0.03988215691556267,0.9688941175330098,0.038164633796287234,21.0,0.8725148897080814,0.1362254671003128,0.8725148897080814,0.11816878985050244,20.8,0.9706850622389812,0.03647375542814384,0.9706850622389812,0.03259001459508486,65.9,0.9761312969945865,0.03227197134461717,0.9761312969945865,0.03899577256912173
33.7,0.9811319024133711,0.024144470252414688,0.9811319024133711,0.013034934923514504,1703.0,0.9459547478332272,0.07431979453962446,0.9459547478332272,0.0971177169066675,75.0,0.9708638811938601,0.03582423957106901,0.9708638811938601,0.037664464607574874,1.6,0.981012559564559,0.023667705169351558,0.981012559564559,0.026720994532711338,9.62,0.9678026465396752,0.04134342394913229,0.9678026465396752,0.0410712651798358,24.0,0.8729267673116473,0.13596979426048472,0.8729267673116473,0.11989161322011727,25.9,0.9703512009650872,0.036846799601475015,0.9703512009650872,0.03386801508579306,71.0,0.9756188519288406,0.03289723799654002,0.9756188519288406,0.03959190481989882
100.0,0.9809989131646623,0.02431147401898428,0.9809989131646623,0.013939449656674116,1324.0,0.9510822985005893,0.06514358986788385,0.9510822985005893,0.07023344099423137,86.0,0.9695130609902065,0.03719455063287667,0.9695130609902065,0.03814571213965505,4.7,0.9805653525328092,0.024263246490613323,0.9805653525328092,0.028006096119099877,22.03,0.9673557486390231,0.04177884471190698,0.9673557486390231,0.04135113806646136,37.0,0.8740116510018054,0.13511880185378308,0.8740116510018054,0.12047490175989986,37.3,0.9695988737933715,0.03761326632368688,0.9695988737933715,0.03501568913141945,55.3,0.975983472970482,0.03246540099031189,0.975983472970482,0.038729236405497525
78.8,0.9818801127466654,0.023299655808800376,0.9818801127466654,0.0140335126780191,1638.0,0.9517198232413765,0.06432012240467358,0.9517198232413765,0.06922873745570067,46.0,0.9708638811938601,0.03582423957106901,0.9708638811938601,0.03574107168472378,-10.9,0.9813237414211939,0.023240540432370834,0.9813237414211939,0.02793015869683632,18.53,0.9673557486390228,0.04177884471190626,0.9673557486390228,0.04114793298078243,53.0,0.8720207630919337,0.13616168832032133,0.8720207630919337,0.11958753597229382,32.5,0.9681391121733164,0.03929332769272274,0.9681391121733164,0.035893648975707015,65.5,0.9766623117951649,0.03160914801851033,0.9766623117951649,0.03569507757711626
56.5,0.9828394557130635,0.02221367225559647,0.9828394557130635,0.013842950413780235,1822.0,0.9504435708402813,0.06648864822546123,0.9504435708402813,0.07404654918925878,64.0,0.9716449494995043,0.03486614264673637,0.9716449494995043,0.03448475237000106,-3.9,0.9811334237121571,0.023523284964919455,0.9811334237121571,0.028695151062895906,15.22,0.9675169255562921,0.041632388455547426,0.9675169255562921,0.04091340354953736,57.0,0.8703122530382522,0.13694739094958142,0.8703122530382522,0.1183078931490644,31.4,0.9689613490525846,0.03847137842483653,0.9689613490525846,0.03480532891460695,69.0,0.9790934417133632,0.027892634083453008,0.9790934417133632,0.030992403929568958
18.8,0.9834184816406522,0.021343604191384938,0.9834184816406522,0.01381483722148268,1845.0,0.9488541516580447,0.06818460499804156,0.9488541516580447,0.07661632452799157,38.0,0.9726042924659022,0.033803365301718194,0.9726042924659022,0.03297579527783381,0.0,0.9813872771084634,0.02321165310813114,0.9813872771084634,0.026972879189165227,5.18,0.9675169255562921,0.041632388455547426,0.9675169255562921,0.04133088269099726,50.0,0.8720207630919337,0.13616168832032133,0.8720207630919337,0.11958753597229381,22.7,0.9686274877786905,0.03884302703594678,0.9686274877786905,0.03556034088570647,63.1,0.9793472951096699,0.027582808197731748,0.9793472951096699,0.03178029940373303
60.4,0.9830058494720004,0.021979962007158946,0.9830058494720004,0.01354455222820625,1669.0,0.9487433840127095,0.06830123124926746,0.9487433840127095,0.07788273984623799,64.0,0.9721146446717278,0.034593898269284176,0.9721146446717278,0.03332946443023724,5.5,0.9818344841402132,0.0226151150846508,0.9818344841402132,0.026120331068560623,15.54,0.9678026465396752,0.04134342394913229,0.9678026465396752,0.0410712651798358,51.0,0.8738172615262968,0.13402342401237752,0.8738172615262968,0.11660166207626446,31.8,0.9685325733439992,0.03893905405674241,0.9685325733439992,0.03646644150306499,68.6,0.9793472951096699,0.02758280819773211,0.9793472951096699,0.03238408557550829
85.1,0.9835182945377465,0.021344011736389397,0.9835182945377465,0.012971710966833139,1761.0,0.9489268755151314,0.06812902348062339,0.9489268755151314,0.07742572209511654,70.0,0.9717807833978339,0.034968174579888815,0.9717807833978339,0.033666319570712984,1.6,0.9816680903812764,0.022848430279260947,0.9816680903812764,0.02542338594387021,22.16,0.9669911275973814,0.04220313692909363,0.9669911275973814,0.04239954804149304,58.0,0.8735364482534838,0.13430947739579308,0.8735364482534838,0.1166769208119972,34.5,0.9679419682576642,0.03949726807940594,0.9679419682576642,0.03788420763832361,65.1,0.9798646478859858,0.027016547000010823,0.9798646478859858,0.033313189937932614
83.5,0.9825589515713483,0.022431624342186852,0.9825589515713483,0.014042673086781783,2004.0,0.9498914353231974,0.06704784647555566,0.9498914353231974,0.07784195348071497,21.0,0.9722476339204367,0.03442987338403015,0.9722476339204367,0.03128535254037312,-6.2,0.9819219437775828,0.022536447499175685,0.9819219437775828,0.025787128240136837,20.05,0.9654527587033946,0.044092151953739826,0.9654527587033946,0.04427770787007049,62.0,0.8699365253307483,0.13730570612327292,0.8699365253307483,0.11922535563266026,32.9,0.9662598921779947,0.04151337154389334,0.9662598921779947,0.0399852290295952,65.5,0.9804327190653335,0.026278730240664506,0.9804327190653335,0.03161671839910219
20.8,0.9828446725547314,0.02213220586948443,0.9828446725547314,0.014867609580617397,1883.0,0.9493296703659037,0.06764806351713376,0.9493296703659037,0.07775088947748493,33.0,0.9727600789861826,0.03380769358762421,0.9727600789861826,0.030674334434797824,9.4,0.9823345759462345,0.021901045270542003,0.9823345759462345,0.024905248995328044,4.7,0.9667222026144127,0.04269901229131053,0.9667222026144127,0.04437864024906377,43.0,0.8707175936363923,0.13654458134715897,0.8707175936363923,0.11585661512005235,22.0,0.9670821290572627,0.04069503514419067,0.9670821290572627,0.0394199912946164,63.1,0.9801519057925205,0.026640496882724553,0.9801519057925205,0.031154103258128566
37.3,0.9819755160210115,0.02328374716217305,0.9819755160210115,0.01719261242715177,808.0,0.9504554070912391,0.06642645881942487,0.9504554070912391,0.07580817677428082,69.0,0.9736412785681855,0.03281333601310213,0.9736412785681855,0.030119733059424156,-1.6,0.9809987208075329,0.023400331518057715,0.9809987208075329,0.02610555151921908,4.03,0.9657576428063465,0.043826053010545304,0.9657576428063465,0.04636813372178,32.0,0.8701968982576096,0.1369315069880229,0.8701968982576096,0.11830716935550692,19.6,0.9664032902325799,0.041536072100946744,0.9664032902325799,0.040297797996847406,56.1,0.9798661848091377,0.026937745272985578,0.9798661848091377,0.03096851481294739
100.0,0.9823771934414223,0.022775616702836895,0.9823771934414223,0.016220651207324313,1727.0,0.950566174736574,0.0663093748977737,0.950566174736574,0.07445706737531936,94.0,0.97324980133093,0.033127841392012004,0.97324980133093,0.029610421736459277,5.5,0.9804369558502392,0.024047767486181242,0.9804369558502392,0.026866176844228318,29.35,0.9654903094717868,0.04426482634782612,0.9654903094717868,0.04884940105276252,46.0,0.8696288270782618,0.13751044180758826,0.8696288270782618,0.11970651893689357,38.8,0.9671301401842728,0.040502267000239914,0.9671301401842728,0.03923836372041358,59.2,0.9787747138158027,0.028431010008031138,0.9787747138158027,0.03276226028091206
84.3,0.9820536419782917,0.0230818962292307,0.9820536419782917,0.015810064294704725,1869.0,0.950566174736574,0.0663093748977737,0.950566174736574,0.07503974617884296,20.0,0.9733706654785278,0.032985784991603935,0.9733706654785278,0.027358004716706536,-2.3,0.9794655698355581,0.025305566588920747,0.9794655698355581,0.02853407245105614,23.26,0.9661691482964698,0.04342655710645564,0.9661691482964698,0.04755080308478901,50.0,0.8698953521135578,0.13731024239328887,0.8698953521135578,0.1202251735441604,34.9,0.9684187550932595,0.03883703289374528,0.9684187550932595,0.0361269761116507,65.1,0.97809587499112,0.029291415436525876,0.97809587499112,0.03398824915571224
19.2,0.9821485564129827,0.02298289038452442,0.9821485564129827,0.01702370631732392,1619.0,0.9507633186522262,0.06611494691753407,0.9507633186522262,0.07510458318962361,79.0,0.9723552353498086,0.034655272192721895,0.9723552353498086,0.029705079284041716,3.9,0.9793447056879603,0.02544951146834575,0.9793447056879603,0.029159599619688833,4.36,0.9663303252137387,0.043280572428554986,0.9663303252137387,0.047303106691096934,54.0,0.8677330144722423,0.13846149590252396,0.8677330144722423,0.12019727323295198,22.0,0.9691710822649754,0.038072520086098544,0.9691710822649754,0.034393688167290416,63.1,0.9779750108435222,0.029434657722157434,0.9779750108435222,0.03256716846695354
99.2,0.981569530485394,0.02385083530694265,0.981569530485394,0.019620173739341936,1914.0,0.9512757637179721,0.06552439711410173,0.9512757637179721,0.07651747165136721,20.0,0.971953557929398,0.03515311823445232,0.971953557929398,0.0311159190216754,-7.0,0.9787829407306664,0.02609463452598862,0.9787829407306664,0.030979105929325897,23.95,0.965817880147993,0.04389337781923681,0.965817880147993,0.047827428807107074,57.0,0.865098881897358,0.14007277656607778,0.865098881897358,0.12222004535809855,34.1,0.9685335575241882,0.03892992940100243,0.9685335575241882,0.03596313354903439,62.0,0.9779750108435222,0.029434657722157434,0.9779750108435222,0.03256716846695354
20.0,0.9817025197341026,0.023683668169522134,0.9817025197341026,0.019423422435684064,1873.0,0.9535234021337483,0.06216945072150828,0.9535234021337483,0.0704137728461607,19.0,0.9710723583473948,0.03614352621340951,0.9710723583473948,0.033198128714531,0.0,0.9781041019059836,0.026956667925645283,0.9781041019059836,0.03220340105649175,5.65,0.9670115806222888,0.042330602489307846,0.9670115806222888,0.046087209691844835,56.0,0.8657558982113763,0.13960875265591102,0.8657558982113763,0.12060015444259185,23.5,0.9683857335000841,0.03912076068916766,0.9683857335000841,0.03780046735063847,63.1,0.9780857784888571,0.029309552398412635,0.9780857784888571,0.03262256194361686
100.0,0.9816076052994115,0.02378255927542898,0.9816076052994115,0.018884642625571154,1838.0,0.9542817910221333,0.06120612514405614,0.9542817910221333,0.06792923206259341,93.0,0.971072358347395,0.036143526213409514,0.971072358347395,0.03252761201266024,5.5,0.9784183196890248,0.026530153419860387,0.9784183196890248,0.03134053853167994,30.76,0.9676491053630757,0.04147686218682133,0.9676491053630757,0.0431410087116698,62.0,0.867437974291046,0.13800846898774607,0.867437974291046,0.11998592756781026,39.2,0.9686665467728969,0.038767138979865105,0.9686665467728969,0.03606942391341299,59.6,0.9789456176892589,0.02808734160828115,0.9789456176892589,0.03145361426480111
83.1,0.9823599324711273,0.02299528862769655,0.9823599324711273,0.018429785043857977,1799.0,0.9539371226024421,0.06152167915352337,0.9539371226024421,0.06689716218146663,19.0,0.9730022044786375,0.03391628848731879,0.9730022044786375,0.0304784661513881,-3.9,0.9777807949482379,0.027403745664681817,0.9777807949482379,0.031756214767520226,22.42,0.9689651597974479,0.03992240788672866,0.9689651597974479,0.041712975727633154,66.0,0.8677615257541765,0.13778268291893106,0.8677615257541765,0.12231433061806365,34.5,0.9691710822649754,0.038072520086098544,0.9691710822649754,0.03358976039196063,65.1,0.9805901430005364,0.02584523288475719,0.9805901430005364,0.0294388702103207
18.4,0.9823599324711273,0.022995288627695832,0.9823599324711273,0.01936621555816162,1752.0,0.9534164272236594,0.06200149028126073,0.9534164272236594,0.06604574850018563,26.0,0.9754771055518624,0.030673050206384608,0.9754771055518624,0.027562492497826035,0.0,0.9771661204015311,0.028142984032890343,0.9771661204015311,0.03399173461889862,4.8,0.9686084483294739,0.040425288711728825,0.9686084483294739,0.043945304397323845,49.0,0.8687260855622426,0.13688370739728853,0.8687260855622426,0.11977961596908612,22.4,0.9687694048445644,0.038567224938963834,0.9687694048445644,0.03611202703238526,63.5,0.9816564434499084,0.024487659590990765,0.9816564434499084,0.027396447564089908
100.0,0.982938958398716,0.022126118288487217,0.982938958398716,0.01833704591348265,1355.0,0.9523133770715784,0.06312918800627898,0.9523133770715784,0.0644282650734421,98.0,0.9758787829722733,0.030171450206113098,0.9758787829722733,0.028229540141579967,3.1,0.9765870944739421,0.029003327765760815,0.9765870944739421,0.033437887503117165,18.01,0.9693418238873727,0.03963240679691186,0.9693418238873727,0.04308676782692925,55.0,0.8698532580972039,0.13554616964243035,0.8698532580972039,0.1156588343050313,31.4,0.9694479345381498,0.037865856612948154,0.9694479345381498,0.03532347004407426,56.1,0.9816564434499084,0.024487659590990765,0.9816564434499084,0.027780363927983845
20.4,0.9834966239447034,0.02154742622268398,0.9834966239447034,0.018107745434625306,2038.0,0.953046752629477,0.062368157302246,0.953046752629477,0.06323449989841255,19.0,0.9769263763132132,0.02893939506138679,0.9769263763132132,0.027699808524053668,0.0,0.9760825589818639,0.029708252268387116,0.9760825589818639,0.03351457830583915,6.06,0.9702230234693756,0.03864705079731651,0.9702230234693756,0.04230688992656162,60.0,0.8720401836403384,0.13437827268411018,0.8720401836403384,0.11581846733765987,24.3,0.9704031606661264,0.036878136002029424,0.9704031606661264,0.03585378033582748,63.1,0.9819421644332915,0.024189126479194134,0.9819421644332915,0.027230664699020128
17.3,0.9825320641366376,0.022716253668810738,0.9825320641366376,0.019492074540080964,1600.0,0.953805141517862,0.0614055204405176,0.953805141517862,0.06271332390227792,20.0,0.9769263763132132,0.02893939506138679,0.9769263763132132,0.026762543912560798,0.0,0.9749276814647606,0.03113928728282461,0.9749276814647606,0.03515487317596602,4.25,0.9708733654944004,0.03792893461510704,0.9708733654944004,0.042400842155854455,51.0,0.8736851685053377,0.1336468414763186,0.8736851685053377,0.1171116087157944,22.0,0.9701715288731935,0.03714242321381002,0.9701715288731935,0.03725243795729519,75.3,0.9820370788679827,0.024090239403262645,0.9820370788679827,0.028745773752738887
97.6,0.9818052141849445,0.023780654790962735,0.9818052141849445,0.02104432056087399,1386.0,0.9542523485496118,0.06084425146216025,0.9542523485496118,0.061171819115945866,101.0,0.976778552289109,0.029133494512462242,0.976778552289109,0.02767120363174498,6.2,0.9752084947375737,0.030780825688070744,0.9752084947375737,0.034504972485930194,20.35,0.9708733654944004,0.03792893461510704,0.9708733654944004,0.042400842155854455,46.0,0.8750002173883363,0.13312434421434163,0.8750002173883363,0.11728845057989658,35.3,0.9701715288731935,0.03714242321381002,0.9701715288731935,0.03725243795729519,60.8,0.9820370788679827,0.024090239403262645,0.9820370788679827,0.028745773752738887
90.6,0.9819382034336531,0.023613436462908106,0.9819382034336531,0.021717963962493703,1563.0,0.9542523485496118,0.06084425146216025,0.9542523485496118,0.06065026479634757,49.0,0.9762104811097609,0.029866785757074823,0.9762104811097609,0.02774395446675995,-3.9,0.9767346675853121,0.02902061015637628,0.9767346675853121,0.0329356939880231,16.8,0.9700270062322518,0.03922002247695475,0.9700270062322518,0.044339750530266814,47.0,0.8750002173883363,0.13312434421434163,0.8750002173883363,0.11643074329937367,32.2,0.9691560987444742,0.038801840419214126,0.9691560987444742,0.0398380079610595,58.0,0.9808822013508794,0.02553704929187091,0.9808822013508794,0.029088384647152986
15.7,0.9802106445895016,0.025941845202907224,0.9802106445895016,0.02429100117558918,1491.0,0.9572896026835732,0.055951991369520386,0.9572896026835732,0.05548045493232697,31.0,0.9772580744507012,0.02863396334542159,0.9772580744507012,0.026065810193091156,0.8,0.9769844215703121,0.028782916758958187,0.9769844215703121,0.033528452771592956,4.11,0.9702586380251847,0.03895627337539343,0.9702586380251847,0.045234489914526395,27.0,0.8769496268025658,0.13111932581706723,0.8769496268025658,0.11307954314027646,20.8,0.9683750304388303,0.03975416551312395,0.9683750304388303,0.04243551741503528,75.3,0.9811964191339209,0.0251088198711051,0.9811964191339209,0.028946350856647228
34.5,0.9797437940668989,0.02648886978912443,0.9797437940668989,0.024887132258335637,814.0,0.957123208924636,0.0561734842966144,0.957123208924636,0.05670040219290583,73.0,0.9768108674189512,0.02922486900842789,0.9768108674189512,0.027006533224728676,-3.1,0.9760037182223127,0.03014481665486727,0.9760037182223127,0.035068019664105665,3.67,0.9695252624672863,0.03975047354816965,0.9695252624672863,0.045428578354516976,24.0,0.8768059196168828,0.13121303694675576,0.8768059196168828,0.114349363558547,19.2,0.9683750304388303,0.03975416551312324,0.9683750304388303,0.04193596439845925,60.4,0.9806173932063321,0.02597464202377698,0.9806173932063321,0.029963817005778694
90.2,0.9792769435442962,0.02703536128317156,0.9792769435442962,0.026163297739763468,1327.0,0.9561518229099549,0.057367592702551,0.9561518229099549,0.057136557051051334,72.0,0.9764541559509772,0.02973596677045849,0.9764541559509772,0.027317949634994947,-0.8,0.9749561248813726,0.03137435442011992,0.9749561248813726,0.03552903869043879,17.77,0.9706801399843893,0.03833802618495731,0.9706801399843893,0.04465732347256749,38.0,0.8770916406002659,0.13098277231962663,0.8770916406002659,0.11469529675160225,33.7,0.9685653481478672,0.03947840634736538,0.9685653481478672,0.04198778870509666,60.0,0.9806173932063321,0.025974642023775894,0.9806173932063321,0.02873188099346959
91.0,0.9784009608039611,0.028105808047125827,0.9784009608039611,0.0260488330450887,2027.0,0.954518859040886,0.060044113211014376,0.954518859040886,0.06201465379908059,47.0,0.9764541559509772,0.02973596677045849,0.9764541559509772,0.02755963611713591,-3.1,0.9749561248813726,0.03137435442011992,0.9749561248813726,0.03552903869043879,22.32,0.9697989404023862,0.03932416047321451,0.9697989404023862,0.04477589833765309,45.0,0.8764412985752411,0.13155730586451758,0.8764412985752411,0.1162956708757713,25.9,0.9688795659309086,0.03906028195859714,0.9688795659309086,0.04053561061608127,65.9,0.980506625560997,0.026100465062118303,0.980506625560997,0.02927129891036444
20.8,0.979127810755654,0.027048430228760398,0.979127810755654,0.02239008492357723,1084.0,0.952484217751406,0.06318660839943405,0.952484217751406,0.06799586165716105,33.0,0.9780986812622545,0.027502571604710785,0.9780986812622545,0.025439699514828086,-3.9,0.9756895004392715,0.0305690724154427,0.9756895004392715,0.03597064820836304,2.9,0.970079753675199,0.03897004867280989,0.970079753675199,0.042690601286272334,39.0,0.8764412985752411,0.13155730586451758,0.8764412985752411,0.1162956708757713,18.0,0.9683178009736148,0.03969030195756397,0.9683178009736148,0.04100611839901606,58.0,0.980863337028971,0.02558583435128728,0.980863337028971,0.027870435259668636
40.0,0.979127810755654,0.027048430228760398,0.979127810755654,0.021564634549511325,797.0,0.9516082350110707,0.06419315165976065,0.9516082350110707,0.06935146006541906,62.0,0.9784951698909728,0.027080639806458258,0.9784951698909728,0.025198174697534003,-3.9,0.9756895004392715,0.0305690724154427,0.9756895004392715,0.0356725314663672,4.44,0.9698481218822661,0.039233742416729445,0.9698481218822661,0.041733096467521984,13.0,0.8760286664065896,0.13207045425475178,0.8760286664065896,0.1173805806020407,20.8,0.9670697642910555,0.04146885044593451,0.9670697642910555,0.04296899036180553,58.4,0.9811441503017839,0.025223492184867802,0.9811441503017839,0.0267480899187726
100.0,0.9788135929726128,0.02747510014774941,0.9788135929726128,0.021314136628979748,1207.0,0.9519224527941121,0.06379095828798373,0.9519224527941121,0.06794433401398399,22.0,0.9788968473113834,0.026575935804234584,0.9788968473113834,0.02352749069348507,-0.8,0.9758224896879799,0.03040386109106763,0.9758224896879799,0.03608722311337585,20.03,0.970581497440165,0.03843886721445775,0.970581497440165,0.04196049183959598,21.0,0.8760286664065896,0.13207045425475208,0.8760286664065896,0.1165228733215178,34.9,0.9683076753410327,0.03998514793535079,0.9683076753410327,0.041119810379692985,55.3,0.9808299325187425,0.02565166120493473,0.9808299325187425,0.025845027719763377
19.6,0.9800515040225899,0.025954424335556756,0.9800515040225899,0.018756560208362746,891.0,0.9530773303112152,0.062435025269159755,0.9530773303112152,0.06596330546234554,34.0,0.9788968473113834,0.026575935804234584,0.9788968473113834,0.024364405466195505,-1.6,0.9749626504875784,0.031619970321583424,0.9749626504875784,0.038361310148109354,4.02,0.9714574801804998,0.037386697497013816,0.9714574801804998,0.04056780224394897,10.0,0.879000257664461,0.12990440837801073,0.879000257664461,0.11386430344878545,20.8,0.9683076753410327,0.03998514793535079,0.9683076753410327,0.041119810379692985,60.0,0.9815567824704357,0.024589738131068364,0.9815567824704357,0.02543847062925207
40.4,0.98109909736353,0.024712322855011338,0.98109909736353,0.01752819128572472,808.0,0.954476431784415,0.06098827296880527,0.954476431784415,0.06417999242403898,21.0,0.9797728300517186,0.02550355246482696,0.9797728300517186,0.022995807312926154,1.6,0.9742292749296797,0.032423827217305363,0.9742292749296797,0.037985660903076354,4.35,0.9715523946151909,0.03729020582697319,0.9715523946151909,0.040464877624282164,19.0,0.8825486124531642,0.12684683018036216,0.8825486124531642,0.11312795568898812,20.4,0.9676573333160079,0.04069984959177575,0.9676573333160079,0.043091757460204536,52.9,0.9824327652107706,0.02351254185487847,0.9824327652107706,0.024039264325260806
22.7,0.9802527381013816,0.026029115655490202,0.9802527381013816,0.016832955041897923,1981.0,0.955498069140075,0.05998921121256703,0.955498069140075,0.06462673022354691,45.0,0.9799631477607557,0.025221597277833595,0.9799631477607557,0.02263371400363981,-0.8,0.9742292749296797,0.032423827217305363,0.9742292749296797,0.037985660903076354,5.51,0.9721527809243812,0.03665611324844271,0.9721527809243812,0.04043414536248372,31.0,0.882234394670123,0.12719406266870428,0.882234394670123,0.11493428994298883,22.7,0.9676573333160079,0.04069984959177575,0.9676573333160079,0.04347859993307434,68.6,0.9834041512254517,0.022249011532430023,0.9834041512254517,0.023802329671787102
38.0,0.9807195886239842,0.02548157497646525,0.9807195886239842,0.015758431344402867,783.0,0.9569607063005441,0.05781238373372023,0.9569607063005441,0.061709028378752855,34.0,0.9799631477607554,0.025221597277833588,0.9799631477607554,0.021697193599302604,-2.3,0.9748296612388697,0.031784862862720746,0.9748296612388697,0.03859062659919276,4.22,0.9729509469735103,0.035742894826355065,0.9729509469735103,0.0388593985999653,13.0,0.8825392787730748,0.1269821249367291,0.8825392787730748,0.11621809779739423,20.4,0.9687488043093424,0.03923808979063133,0.9687488043093424,0.04147202973543324,54.1,0.9837183690084931,0.021818588840926436,0.9837183690084931,0.024560387598811094
52.9,0.9807195886239842,0.02548157497646525,0.9807195886239842,0.015758431344402867,1661.0,0.9582493212095308,0.05618908583820079,0.9582493212095308,0.06071192805260168,41.77021121631464,0.980643113263967,0.024137353838336068,0.980643113263967,0.020055508426952213,10.2,0.9758959616882418,0.030442083932018776,0.9758959616882418,0.03537714581737235,15.81,0.973182578766443,0.03547746672629104,0.973182578766443,0.03958985568277825,17.0,0.8839995042826666,0.12546773958954918,0.8839995042826666,0.11374305476906463,32.9,0.9691504817297534,0.03874367429730753,0.9691504817297534,0.03977148321808057,63.5,0.9845165350576222,0.020881764470871172,0.9845165350576222,0.023799353976011708
20.4,0.9815955713643194,0.024406130674497838,0.9815955713643194,0.014222370458290598,919.0,0.960985335230681,0.052345874016046026,0.960985335230681,0.05726803061223529,38.0,0.9814741435578187,0.0233301682261176,0.9814741435578187,0.02057086273396575,8.6,0.9757056439792048,0.030721809841326556,0.9757056439792048,0.03514012606019469,4.36,0.9741471385745092,0.03433282497818155,0.9741471385745092,0.03833419403292399,9.0,0.8851543817997697,0.12430047772644696,0.8851543817997697,0.11120791970460905,22.4,0.9691504817297534,0.03874367429730753,0.9691504817297534,0.03949501895793902,62.7,0.9848811560992637,0.0204413173666983,0.9848811560992637,0.02352970068117622
56.1,0.9811483643325694,0.02500170248736765,0.9811483643325694,0.01490332158908184,1425.0,0.9612995530137223,0.05193542937157348,0.9612995530137223,0.05712177662649181,24.0,0.9818454388884542,0.022997733754973517,0.9818454388884542,0.020909503820141513,0.0,0.9762101794712832,0.03001769337264226,0.9762101794712832,0.03402791187663168,11.41,0.9747618131212162,0.033599884306115664,0.9747618131212162,0.03829908299725631,12.0,0.8857919065405566,0.12358293834132317,0.8857919065405566,0.1079953431359563,29.8,0.9700357981501777,0.037815300154121476,0.9700357981501777,0.03953613238756856,63.1,0.9853480066218664,0.019888427145450607,0.9853480066218664,0.02264576919446762
60.0,0.9815955713643194,0.024406130674497838,0.9815955713643194,0.014222370458290598,1278.0,0.9631909658827764,0.04927216241497422,0.9631909658827764,0.053283663409901406,73.0,0.9816790451295173,0.023230986796207994,0.9816790451295173,0.020257746500184297,3.9,0.9768477042120701,0.029147267966435818,0.9768477042120701,0.033949938020101024,11.16,0.9740349631695232,0.03464747894689372,0.9740349631695232,0.040039858387482294,17.0,0.8878510689822083,0.1223817498150144,0.8878510689822083,0.10799877388080066,29.8,0.969754984877365,0.03816972916746695,0.969754984877365,0.04157852604829153,56.5,0.9854688707694642,0.01974287948847858,0.9854688707694642,0.022391854652887552
60.4,0.9810338064070255,0.025053401464226244,0.9810338064070255,0.013998124540659998,1385.0,0.9635926433031872,0.048784953939978594,0.9635926433031872,0.05337890123451356,80.0,0.9813451838556231,0.02361304390931645,0.9813451838556231,0.02008985724397714,-0.8,0.9764189285034851,0.029623120451372907,0.9764189285034851,0.034651150055013645,18.24,0.974613989097112,0.03379282743068913,0.974613989097112,0.03851403174951637,24.0,0.8878510689822083,0.1223817498150144,0.8878510689822083,0.10799877388080066,33.3,0.9682955139328591,0.0397204943723407,0.9682955139328591,0.042552891362007315,65.9,0.9856352645284012,0.019508106814370662,0.9856352645284012,0.022921207986346514
100.0,0.9798789288899226,0.02649753972907481,0.9798789288899226,0.014277889222913927,2287.0,0.9640594938257899,0.04825816455773377,0.9640594938257899,0.054434439176866294,65.0,0.9821262521612674,0.02263427402239204,0.9821262521612674,0.0198137832909394,0.0,0.9756207624543561,0.03054480792332254,0.9756207624543561,0.03531402228304487,35.67,0.97443049759469,0.03397686610958338,0.97443049759469,0.03901290360344844,30.0,0.8863092593168728,0.12312974224320129,0.8863092593168728,0.10666442770289468,38.8,0.9669446937292054,0.041081475577351485,0.9669446937292054,0.043265708904785975,63.9,0.9856352645284012,0.019508106814370662,0.9856352645284012,0.021994604771342473
69.0,0.9778159054202633,0.029420814575201407,0.9778159054202633,0.014627496011715008,2295.0,0.9639231728905542,0.048367373685137285,0.9639231728905542,0.05439833719844131,49.0,0.9819932629125585,0.022801658191188217,0.9819932629125585,0.02050021584524559,3.1,0.9754729384302517,0.03073839296870915,0.9754729384302517,0.03416068808324364,23.58,0.974525412029381,0.03387972471102185,0.974525412029381,0.03832087242405914,52.0,0.8849758688603545,0.12371268115006728,0.8849758688603545,0.1067443207359368,34.5,0.9663132307050873,0.041701877188842155,0.9663132307050873,0.04323116115518897,69.0,0.9863448535097993,0.01865691089977324,0.9863448535097993,0.021215413872348342
30.2,0.976088346576112,0.03172882108294558,0.976088346576112,0.017405524854689373,1851.0,0.9633551017112065,0.0490792242350607,0.9633551017112065,0.055521295678906644,40.0,0.9836753389922283,0.020718399877280982,0.9836753389922283,0.019168674059371633,1.6,0.9753399491815432,0.030903496527297673,0.9753399491815432,0.0345697040191857,9.88,0.974525412029381,0.03387972471102185,0.974525412029381,0.03918420841322644,62.0,0.8830957485958176,0.12470171372759593,0.8830957485958176,0.10618746420354709,29.4,0.9660467056697913,0.04195950569797098,0.9660467056697913,0.04410458211467793,75.3,0.9861318563835031,0.0188966551284532,0.9861318563835031,0.021401854351471853
20.4,0.9771037767048311,0.0300496093804554,0.9771037767048311,0.01723502522620921,2060.0,0.9636889629851004,0.048713291454744706,0.9636889629851004,0.053797967087202844,19.0,0.9850651909047309,0.019042440958428428,0.9850651909047309,0.018121435371971924,0.0,0.9749273170128915,0.03153043240028023,0.9749273170128915,0.03500681860884848,8.04,0.9746139890971118,0.033792827430689114,0.9746139890971118,0.03941446363728341,57.0,0.8831906630305086,0.12462408014260007,0.8831906630305086,0.10268159426547424,27.1,0.9664431942985098,0.0415489806414195,0.9664431942985098,0.04328232399088318,63.5,0.9858176386004619,0.01932909936683355,0.9858176386004619,0.020768877452353368
45.9,0.9778371522627298,0.029241456696578547,0.9778371522627298,0.017615920352556536,1931.0,0.9657047836270134,0.04622499733000331,0.9657047836270134,0.05225979426777357,19.0,0.9850651909047309,0.01904244095842915,0.9850651909047309,0.017358961243003665,5.5,0.9754953881922394,0.030799119538762264,0.9754953881922394,0.03439322537596616,13.25,0.9748269862234081,0.03355923415496875,0.9748269862234081,0.03934977399609266,59.0,0.8867650522484475,0.12151953355077266,0.8867650522484475,0.09898446905864589,30.6,0.9668616601963314,0.0411583834771642,0.9668616601963314,0.043830651260089844,69.8,0.9863966645280506,0.018454622950630245,0.9863966645280506,0.020365114169854714
72.5,0.978151370045771,0.028815797480098455,0.978151370045771,0.017789100796066847,1965.0,0.9666600097549901,0.04524964364220115,0.9666600097549901,0.05287972459260179,70.0,0.9851981801534395,0.018874006436043093,0.9851981801534395,0.01705830478328613,-2.3,0.9762222381439323,0.02974701046230635,0.9762222381439323,0.03154666830002597,23.43,0.97443049759469,0.03397686610958338,0.97443049759469,0.03901290360344844,64.0,0.8869780493747436,0.12132945985806445,0.8869780493747436,0.10132427727715108,34.9,0.9669446937292054,0.041081475577351485,0.9669446937292054,0.043265708904785975,69.0,0.9859494574963006,0.01905591589163783,0.9859494574963006,0.022568054606961582
66.3,0.9772701704637681,0.029818641216397164,0.9772701704637681,0.017387509236373427,2374.0,0.9665270205062813,0.04541118289436231,0.9665270205062813,0.05422670387297596,60.0,0.9851981801534395,0.018874006436043093,0.9851981801534395,0.016408774175846047,0.8,0.9751746448029922,0.03097726519190925,0.9751746448029922,0.03387732118588327,23.47,0.9734752714667132,0.03497183489699807,0.9734752714667132,0.03979661050339425,78.0,0.8829525201753918,0.1251781490388992,0.8829525201753918,0.10836648323872854,34.5,0.9661923665574895,0.04184175367700716,0.9661923665574895,0.043270882664426115,69.8,0.9860972815204048,0.01885840099195296,0.9860972815204048,0.022097151982804115
34.5,0.9765916407701827,0.0305316860738535,0.9765916407701827,0.018855414632986345,2116.0,0.9662412995228981,0.04569853171763424,0.9662412995228981,0.05573233530085276,19.0,0.9848414686854655,0.019393424576022295,0.9848414686854655,0.01688772861492119,4.7,0.9759968816822602,0.030141852913774646,0.9759968816822602,0.03218038708360182,11.0,0.9736082607154218,0.03480761885779248,0.9736082607154218,0.03876978853604165,73.0,0.8827395230490954,0.12536616635019218,0.8827395230490954,0.10566524573862408,29.4,0.9655919802482995,0.04246845527078242,0.9655919802482995,0.04422031450113207,73.7,0.9856685058118196,0.01934347622447855,0.9856685058118196,0.02244389778294958
17.6,0.9772716062733942,0.02945498813315011,0.9772716062733942,0.01860749528027925,1530.0,0.9670528184651921,0.044842475430488395,0.9670528184651921,0.05616564035896024,30.0,0.9844768476438238,0.019834241279778834,0.9844768476438238,0.016731625529781288,8.6,0.9774571071918521,0.028280147741083287,0.9774571071918521,0.0308845126308005,3.93,0.9746024440016745,0.033314727600110866,0.9746024440016745,0.03608728749883567,28.0,0.8815576991614393,0.12695607794267433,0.8815576991614393,0.1086850330564013,21.2,0.9649131414236164,0.04330686049167742,0.9649131414236164,0.046146992541028754,62.7,0.9852212987800698,0.019943909448024353,0.9852212987800698,0.022849449698750846
38.8,0.9771386170246855,0.02962058625618213,0.9771386170246855,0.019985266559431874,805.0,0.9670528184651921,0.044842475430488395,0.9670528184651921,0.05616564035896024,91.0,0.9845977117914216,0.019688819950511284,0.9845977117914216,0.016788399521687196,0.8,0.9783424236122764,0.027333742713578937,0.9783424236122764,0.029462862226696016,6.71,0.9750692945242773,0.032773974726174826,0.9750692945242773,0.03527661378087884,32.0,0.8817188760787086,0.12683947712143573,0.8817188760787086,0.10920103025089531,28.2,0.9642756166828296,0.04415682141784598,0.9642756166828296,0.04794028511517819,54.5,0.9851263843453788,0.020043531718067338,0.9851263843453788,0.02327223882768244
100.0,0.9777532915713926,0.028882299171776676,0.9777532915713926,0.01984562981424758,1785.0,0.9678338867708361,0.04389564689404233,0.9678338867708361,0.05492444484638547,73.0,0.9845977117914216,0.019688819950511284,0.9845977117914216,0.015981572631571885,-3.1,0.9797196155889941,0.025542510003230656,0.9797196155889941,0.026966029816222804,29.26,0.9757961444759702,0.03172381703512949,0.9757961444759702,0.03349577500171334,47.0,0.8817188760787086,0.12683947712143573,0.8817188760787086,0.10887506926246134,38.0,0.9652470026975106,0.042938283882049615,0.9652470026975106,0.04637289432131324,58.8,0.9847925230714846,0.02042806658498573,0.9847925230714846,0.023440465677426938
80.4,0.9775921146541233,0.02903255297580831,0.9775921146541233,0.020324475938592004,2400.0,0.9675000254969419,0.044264960902396386,0.9675000254969419,0.055757090295012794,43.0,0.9850645623140245,0.019135737550510318,0.9850645623140245,0.01595375779642693,2.3,0.9804292045703922,0.024700958793156053,0.9804292045703922,0.026146516775625402,28.61,0.9762845200813443,0.031265856050074065,0.9762845200813443,0.03341821611020775,52.0,0.8799154515903362,0.1277348359075395,0.8799154515903362,0.10748276542810466,35.7,0.9649421185945586,0.043204507856772205,0.9649421185945586,0.04561459641540865,67.5,0.9847925230714846,0.02042806658498573,0.9847925230714846,0.024232980080908583
82.4,0.977087579162045,0.02973821905116775,0.977087579162045,0.02059806468673289,1777.0,0.9675000254969419,0.044264960902396386,0.9675000254969419,0.055757090295012794,65.0,0.9845977117914216,0.019688819950511284,0.9845977117914216,0.01632604921898475,1.6,0.9813104041523951,0.023690103087960435,0.9813104041523951,0.02485969714368588,21.53,0.9756698455346372,0.03200147807835907,0.9756698455346372,0.03427873409609478,57.0,0.8799154515903362,0.1277348359075395,0.8799154515903362,0.10748276542810466,34.1,0.9643630926669698,0.04404462475650528,0.9643630926669698,0.04658674531754608,65.9,0.9845386696751781,0.020741539165384206,0.9845386696751781,0.024341985447818026
19.6,0.9774017969450864,0.02931306018516953,0.9774017969450864,0.020734961091195877,1827.0,0.9675000254969419,0.044264960902396386,0.9675000254969419,0.055757090295012794,23.0,0.9849544232593956,0.019169640820753054,0.9849544232593956,0.016168501754734343,0.0,0.9813104041523951,0.023690103087960435,0.9813104041523951,0.025095642428226896,4.99,0.9732387156164392,0.03569424009294623,0.9732387156164392,0.03896669748319068,27.0,0.8824999443843526,0.12605546593914688,0.8824999443843526,0.10528644104632068,22.7,0.9631693921926742,0.04560070617078379,0.9631693921926742,0.047253892668985685,63.1,0.9836788304747766,0.021977435622699455,0.9836788304747766,0.025045531226403742
30.6,0.9772539729209823,0.029507201856467217,0.9772539729209823,0.02111423915179376,1333.0,0.9675000254969419,0.044264960902396386,0.9675000254969419,0.055757090295012794,94.0,0.9849544232593956,0.019169640820753054,0.9849544232593956,0.016168501754734343,5.5,0.981120086443358,0.02397275646515685,0.981120086443358,0.02437544542681416,10.21,0.9731057263677305,0.035858269029885884,0.9731057263677305,0.03756531063522353,32.0,0.8833759271246876,0.1251922736250435,0.8833759271246876,0.10165774894676215,30.2,0.9627677147722636,0.04608901063064138,0.9627677147722636,0.046767907261169986,56.9,0.9833449692008824,0.02236072890977383,0.9833449692008824,0.024956971244885207
100.0,0.9769731596481691,0.02986681865599892,0.9769731596481691,0.021031758634194268,1692.0,0.9669319543175943,0.04498207445305521,0.9669319543175943,0.05536500322296022,98.0,0.9843397487126886,0.019919696674310212,0.9843397487126886,0.017739329258300143,3.9,0.9817704284683828,0.02323627472537335,0.9817704284683828,0.023625767109253022,28.05,0.9737432511085174,0.034994561123528826,0.9737432511085174,0.03571920109264443,41.0,0.8817924258166208,0.12719073343072262,0.8817924258166208,0.10253861307169312,38.4,0.9617522846435445,0.04772571891470881,0.9617522846435445,0.04839447239142726,57.6,0.9817890209573358,0.02452679980074128,0.9817890209573358,0.027091424117096422
21.2,0.9773298711161431,0.029355485569102325,0.9773298711161431,0.020329692610994574,2572.0,0.9662944295768071,0.04583282999244716,0.9662944295768071,0.056933353682688904,21.0,0.9840858953163824,0.020233151354171412,0.9840858953163824,0.01729552625437655,0.0,0.9819034177170914,0.02306898880840466,0.9819034177170914,0.024240633142068053,7.23,0.9735768573495804,0.03522377441410071,0.9735768573495804,0.03596111031816928,33.0,0.8814845142556335,0.12745508463200075,0.8814845142556335,0.10053715031561078,26.3,0.961974599103159,0.047386886552022736,0.961974599103159,0.0483947472957619,78.4,0.9811386789323112,0.0252624412298702,0.9811386789323112,0.029208686696698613
50.2,0.9771634773572062,0.02958654731939732,0.9771634773572062,0.022883480492632117,2317.0,0.9655610540189087,0.04661832262481593,0.9655610540189087,0.05727486822179733,22.0,0.984218884565091,0.02006505028338162,0.984218884565091,0.016475814675262004,4.7,0.9825537597421162,0.02233129550123563,0.9825537597421162,0.02462605741404883,18.8,0.9758244957653566,0.03171324175730958,0.9758244957653566,0.03219205905629453,56.0,0.8827731291646203,0.12607425116618498,0.8827731291646203,0.10060155570987124,32.9,0.9625536250307478,0.04655099204463018,0.9625536250307478,0.049029543204508065,71.8,0.9813358228479634,0.025052642815244257,0.9813358228479634,0.029001942562976914
63.1,0.9766966268346033,0.03013005231468825,0.9766966268346033,0.023729118603713743,1924.0,0.9659627314393192,0.04612871080788128,0.9659627314393192,0.05545847820552998,21.0,0.9835400457404081,0.020936233833622784,0.9835400457404081,0.018557240463984485,-10.2,0.9838698141764883,0.020725563110374285,0.9838698141764883,0.02231098463490184,17.5,0.9763418485416725,0.03115131119530706,0.9763418485416725,0.0315986826039973,59.0,0.8821584546179132,0.12666938180365328,0.8821584546179132,0.10209619074292181,32.2,0.9628874863046418,0.04618451499409402,0.9628874863046418,0.04969489902748739,68.2,0.9815488199742597,0.024815440265697524,0.9815488199742597,0.029065335860850458
19.2,0.9774776951402474,0.02916130518136495,0.9774776951402474,0.0215739432881614,1919.0,0.9654050658933319,0.04668244914531455,0.9654050658933319,0.055605233925225685,19.0,0.982492452399468,0.022185582149154268,0.982492452399468,0.01973523602381844,10.2,0.9844315791337823,0.020073868348996684,0.9844315791337823,0.021477720886785095,6.43,0.9763418485416727,0.031151311195305995,0.9763418485416727,0.03237732451244955,53.0,0.8822470316856441,0.1266006512648626,0.8822470316856441,0.10323602123226125,26.3,0.9633999313703877,0.04557492876869197,0.9633999313703877,0.04848740838885249,63.1,0.9815488199742597,0.024815440265697524,0.9815488199742597,0.029065335860850458
43.5,0.9780394600975414,0.028518844329175886,0.9780394600975414,0.021294847606864824,810.0,0.9646527387216162,0.047437049069796455,0.9646527387216162,0.05535476130710056,50.0,0.9828570734411095,0.02174655592888544,0.9828570734411095,0.018799399587975434,-2.3,0.9844315791337823,0.020073868348996684,0.9844315791337823,0.021477720886785095,5.01,0.9763418485416727,0.031151311195305995,0.9763418485416727,0.03241952562734832,11.0,0.8816893661396568,0.12705066949331262,0.8816893661396568,0.10282795678975651,23.9,0.9634948458050788,0.045480104902250046,0.9634948458050788,0.0479906528838316,55.3,0.9816437344089507,0.02471665523510025,0.9816437344089507,0.02830699988703924
18.0,0.9776827486295672,0.029030869500321677,0.9776827486295672,0.022446523330863104,1617.0,0.963681352706935,0.04865025222824315,0.963681352706935,0.05560735063046132,67.0,0.9821474844597115,0.022592414049774086,0.9821474844597115,0.02028891125050468,7.8,0.9842480876313604,0.02026244592857536,0.9842480876313604,0.021979504095499498,3.16,0.9754606489596696,0.03215009395468572,0.9754606489596696,0.033930331018378265,20.0,0.8815058746372348,0.12719647221312314,0.8815058746372348,0.10534420553357522,20.4,0.9638883069757617,0.04513021010053931,0.9638883069757617,0.04821574503693763,59.6,0.9810819694516568,0.02536378146928599,0.9810819694516568,0.028555101393085112
67.5,0.9776827486295672,0.029030869500321677,0.9776827486295672,0.021722587148357574,2010.0,0.9638943498332314,0.048422729151986275,0.9638943498332314,0.055018753428047525,20.0,0.9829285527653557,0.02161200222667711,0.9829285527653557,0.020190725392013185,-3.9,0.9844196982319653,0.020093200520794146,0.9844196982319653,0.02252149531721314,22.12,0.975774866742711,0.03172645157333923,0.975774866742711,0.03349580080789342,30.0,0.8805251712892355,0.12830969879918971,0.8805251712892355,0.10744824616554606,34.1,0.9638883069757617,0.0451302101005386,0.9638883069757617,0.049454846061565805,67.5,0.9802007698696539,0.026372888456881113,0.9802007698696539,0.031063123993604672
62.4,0.9780473696712088,0.028596625401835003,0.9780473696712088,0.021561940736653917,1503.0,0.9642631043494885,0.048060877311237656,0.9642631043494885,0.05443649462992199,69.0,0.9827382350563184,0.0218955392902304,0.9827382350563184,0.020156639534069987,2.3,0.9844196982319653,0.020093200520794146,0.9844196982319653,0.02293798354170925,14.55,0.975774866742711,0.03172645157333923,0.975774866742711,0.03349580080789342,37.0,0.8764741083850868,0.13209581254509983,0.8764741083850868,0.11375447176124184,32.5,0.9638883069757617,0.0451302101005386,0.9638883069757617,0.049454846061565805,68.6,0.9792293838549728,0.027628068559080798,0.9792293838549728,0.03339566897141724
54.9,0.9793634241055811,0.027006953105636368,0.9793634241055811,0.020965595799994963,1926.0,0.9646198158174625,0.04756321016383946,0.9646198158174625,0.05514410726773085,34.0,0.9830949465242929,0.02137816826068897,0.9830949465242929,0.018917897150303516,-4.7,0.9844196982319653,0.020093200520794146,0.9844196982319653,0.02293798354170925,15.92,0.9761394877843526,0.03129410411344065,0.9761394877843526,0.03388155707370428,42.0,0.8731845982088099,0.13462293742024667,0.8731845982088099,0.11618830319668484,31.8,0.9638883069757617,0.0451302101005386,0.9638883069757617,0.049454846061565805,67.8,0.9790163867286765,0.027864073196902487,0.9790163867286765,0.033817650285050904
31.4,0.980901792999568,0.025061917857646693,0.980901792999568,0.019907996179961293,2084.0,0.9651405111962453,0.047069179315526004,0.9651405111962453,0.055957129979177254,26.0,0.983242770548397,0.021181590872434118,0.983242770548397,0.018397027007823454,3.1,0.9844196982319653,0.020093200520794146,0.9844196982319653,0.02293798354170925,9.94,0.9768728633422513,0.03048772789823665,0.9768728633422513,0.03425224630404548,41.0,0.8731845982088099,0.13462293742024667,0.8731845982088099,0.112443925237619,28.2,0.9638883069757617,0.0451302101005386,0.9638883069757617,0.049454846061565805,74.5,0.9797259757100746,0.027024834825025604,0.9797259757100746,0.03243727589327794
27.8,0.9817709495332879,0.02391325525598244,0.9817709495332879,0.0197175321309237,2043.0,0.9642593116142423,0.04804131031533721,0.9642593116142423,0.05692134055758571,31.0,0.982271384533716,0.022445960970916935,0.982271384533716,0.020034398988645053,0.8,0.9844196982319653,0.020093200520794146,0.9844196982319653,0.02293798354170925,8.21,0.977285495510903,0.029859047815756583,0.977285495510903,0.03169395508540557,42.0,0.8764741083850868,0.13209581254509983,0.8764741083850868,0.1099137808460161,27.1,0.9629237471676957,0.04625126049569161,0.9629237471676957,0.05059047527026246,75.3,0.9798975863106796,0.026857583925230973,0.9798975863106796,0.03141419843432847
34.1,0.9813692721128771,0.024420595061716618,0.9813692721128771,0.021184824038415113,2084.0,0.9647104515956554,0.04718322069638689,0.9647104515956554,0.0545191094237684,23.0,0.982271384533716,0.022445960970916935,0.982271384533716,0.020624664281970205,-2.3,0.9848484739405502,0.01960908747666976,0.9848484739405502,0.022786690448478628,10.52,0.9767174243315552,0.03059231569826591,0.9767174243315552,0.032672741233441764,44.0,0.8764741083850868,0.13209581254509983,0.8764741083850868,0.11375447176124184,29.0,0.9620545906339756,0.04735686859601881,0.9620545906339756,0.05258612906961099,74.1,0.9798975863106796,0.026857583925230973,0.9798975863106796,0.03141419843432847
27.8,0.9810046510712354,0.024857938490227997,0.9810046510712354,0.021668405545136857,2145.0,0.9637390655809743,0.04839675781427632,0.9637390655809743,0.0564532989430555,20.0,0.9825521978065287,0.022082180160264992,0.9825521978065287,0.020226787479500196,0.0,0.9857244566808853,0.018523705037595765,0.9857244566808853,0.021998502055384107,8.98,0.9770316421145965,0.03016759986129152,0.9770316421145965,0.031417861176590935,42.0,0.8750130745762313,0.13374745267115162,0.8750130745762313,0.11400852865074039,27.8,0.9625591261260539,0.046671769876056264,0.9625591261260539,0.05070969126594095,76.5,0.9805122608573865,0.026115375355317594,0.9805122608573865,0.031666166343310605
48.2,0.9805758753626505,0.02533780029386948,0.9805758753626505,0.02203681881198928,1943.0,0.9641036866226157,0.047976342476134484,0.9641036866226157,0.05533991949124204,35.0,0.9832307275001139,0.021358693185441906,0.9832307275001139,0.02060601402244391,1.6,0.9865226227300145,0.017582231707610484,0.9865226227300145,0.02051882000354337,13.8,0.9770316421145965,0.03016759986129152,0.9770316421145965,0.030510332716220282,39.0,0.8756277491229384,0.1331635464836481,0.8756277491229384,0.11233136369586255,31.0,0.9625591261260539,0.04667176987605556,0.9625591261260539,0.049363030186675545,71.4,0.9808264786404277,0.025687498892737342,0.9808264786404277,0.03130532795374539
33.7,0.9808424003979463,0.02507143472711552,0.9808424003979463,0.022378394736865547,1897.0,0.9644724411388728,0.04761423329921568,0.9644724411388728,0.05408425280241812,20.0,0.9837987986794617,0.020614967034352033,0.9837987986794617,0.020790604410478954,3.1,0.9870271582220926,0.016863243050121057,0.9870271582220926,0.020566717376590705,9.54,0.9776463166613036,0.029429741770462012,0.9776463166613036,0.029960181788202637,30.0,0.8771646485760148,0.13249046382901658,0.8771646485760148,0.11121705517784411,27.5,0.9647740904582386,0.04370090919685677,0.9647740904582386,0.045294326526572386,73.7,0.9813882435977217,0.02504073405609552,0.9813882435977217,0.029884315873092163
21.2,0.9808424003979463,0.02507143472711552,0.9808424003979463,0.022378394736865547,926.0,0.9632729069354072,0.04894049981435534,0.9632729069354072,0.05586898789077026,33.0,0.9845256486311547,0.019545995943358006,0.9845256486311547,0.02015814525686558,-2.3,0.9878963147558126,0.015699917875983224,0.9878963147558126,0.019952773783025516,4.04,0.9776463166613036,0.029429741770462012,0.9776463166613036,0.029960181788202637,13.0,0.8769148945910147,0.13267274775759968,0.8769148945910147,0.10885937820031386,20.8,0.9660120015082158,0.04222384039918997,0.9660120015082158,0.04205280882705615,60.8,0.9812404195736174,0.025236347299398564,0.9812404195736174,0.03005170202001524
38.8,0.9807316327526111,0.025197389985991518,0.9807316327526111,0.023025178274195222,794.0,0.9632729069354072,0.04894049981435534,0.9632729069354072,0.05586898789077026,33.0,0.9845256486311547,0.019545995943358006,0.9845256486311547,0.02015814525686558,-7.8,0.9890511922729158,0.014230846174532153,0.9890511922729158,0.017620872620613338,4.1,0.9780428052900217,0.029008796918700532,0.9780428052900217,0.029272250406705218,1.0,0.8768410971128844,0.1327217571441621,0.8768410971128844,0.10820140052130407,20.4,0.9660120015082158,0.04222384039918997,0.9660120015082158,0.04205280882705615,57.3,0.9812404195736174,0.025236347299398564,0.9812404195736174,0.03005170202001524
51.0,0.9808794567767154,0.02500187622699114,0.9808794567767154,0.023357722974756627,721.0,0.9620034630243892,0.05032003576633749,0.9620034630243892,0.05610470901829927,29.0,0.9850380936969005,0.018907760687091272,0.9850380936969005,0.02046437414874767,-4.7,0.9896658668196229,0.013473548238518278,0.9896658668196229,0.01789219305697738,5.69,0.9775382697979434,0.029714814559881078,0.9775382697979434,0.029843873102651325,7.0,0.8761077215549854,0.13335503487556555,0.8761077215549854,0.10838567523309284,24.3,0.9660120015082158,0.04222384039918997,0.9660120015082158,0.04205280882705615,62.4,0.9812404195736174,0.025236347299398564,0.9812404195736174,0.03005170202001524
65.9,0.9809680338444464,0.024913570688164306,0.9809680338444464,0.023182883025074912,1091.0,0.9627845313300333,0.04938297338847858,0.9627845313300333,0.05436816164555176,44.0,0.9859192932789035,0.01788676667788294,0.9859192932789035,0.01917842167883431,3.9,0.9901327173422255,0.012914592490076033,0.9901327173422255,0.01649482898421046,10.23,0.9760785081778883,0.03142137266737525,0.9760785081778883,0.031247150034157366,23.0,0.8733783789820115,0.13727378072634863,0.8733783789820115,0.1131521435880921,29.0,0.9660120015082158,0.04222384039918997,0.9660120015082158,0.04205280882705615,62.0,0.9822118055882986,0.02397611189752776,0.9822118055882986,0.02706489191666517
20.8,0.9806113223764723,0.025428502793667533,0.9806113223764723,0.022309758403430927,1161.0,0.9629680228324552,0.04920422384967404,0.9629680228324552,0.055300929682792675,21.0,0.9865568180196906,0.016999457803229784,0.9865568180196906,0.017224023063072275,-1.6,0.9904406289032128,0.012571679019580785,0.9904406289032128,0.016012438031122348,3.4,0.9763323615741948,0.03111346292174866,0.9763323615741948,0.030673353107741094,22.0,0.8714869661129575,0.13947865497142634,0.8714869661129575,0.11453955109890018,18.8,0.9671377382335511,0.04094837288890889,0.9671377382335511,0.04019705012859345,61.6,0.9824248027145949,0.023738454503686432,0.9824248027145949,0.02731974310479474
49.8,0.9799737976356853,0.026304848009882833,0.9799737976356853,0.02156758593994705,1252.0,0.9620127967044786,0.05017158349359968,0.9620127967044786,0.05469196391184437,28.0,0.9862426002366492,0.017432697903113647,0.9862426002366492,0.017317280313647675,5.5,0.9902089971102799,0.012847469076209834,0.9902089971102799,0.016374768606863925,9.02,0.9782237744432489,0.028365123704358796,0.9782237744432489,0.027979240090243288,17.0,0.8727632185140525,0.1376124206719478,0.8727632185140525,0.10953501786272254,27.5,0.9682926157506542,0.03954106342689729,0.9682926157506542,0.03915948197263527,61.6,0.9819960270060095,0.024219531319023536,0.9819960270060095,0.027371961338153773
18.0,0.9801067868843941,0.02613829613960458,0.9801067868843941,0.022375210635146206,1355.0,0.9619463854767952,0.0502235461112396,0.9619463854767952,0.05460989883794273,26.0,0.9851511292433146,0.01894659947595776,0.9851511292433146,0.019350786585647043,7.0,0.9903568211343841,0.012648149528719958,0.9903568211343841,0.016424180477367756,3.36,0.9783446385908467,0.02822171099103065,0.9783446385908467,0.0292928770079734,11.0,0.8727632185140525,0.1376124206719478,0.8727632185140525,0.10953501786272254,20.4,0.9682926157506542,0.03954106342689835,0.9682926157506542,0.04006215526314745,63.9,0.9816272724897527,0.024597663025409285,0.9816272724897527,0.029296869401502158
44.3,0.9801067868843941,0.02613829613960458,0.9801067868843941,0.023552605439017434,784.0,0.9626987126485107,0.04947344866645512,0.9626987126485107,0.05409774539646877,41.0,0.9851511292433146,0.01894659947595812,0.9851511292433146,0.01919604685506227,-2.3,0.9906710389174255,0.012211538431068158,0.9906710389174255,0.016415596107295812,4.71,0.9793388218770995,0.026714527238894867,0.9793388218770995,0.0275961699302762,9.0,0.8725413679439745,0.1377578463748125,0.8725413679439745,0.10839367787300666,21.6,0.9682926157506542,0.03954106342689729,0.9682926157506542,0.04007145764486931,49.8,0.9819611337636467,0.024215826388854077,0.9819611337636467,0.02885779774012798
71.4,0.9808163758657921,0.025296829331632704,0.9808163758657921,0.023011324042494355,866.0,0.962130641469163,0.0501836692676918,0.962130641469163,0.054077545210852944,97.0,0.9852341627761887,0.018866232286035872,0.9852341627761887,0.019981460721203593,1.6,0.9908933533770401,0.01185389678721193,0.9908933533770401,0.01633648925618325,10.18,0.9807985834971547,0.024994948373400494,0.9807985834971547,0.026915817389530597,23.0,0.8731441659040419,0.13689616269804553,0.8731441659040419,0.10831633031836504,29.8,0.9698098297132449,0.03794814686107319,0.9698098297132449,0.03977525498886306,58.4,0.9825615200728367,0.02356645977119017,0.9825615200728367,0.026829882913012425
20.8,0.9817877618804732,0.024037219489985003,0.9817877618804732,0.022832468764723893,1901.0,0.962130641469163,0.0501836692676918,0.962130641469163,0.05360757695103558,35.0,0.9858845048012135,0.01812316064151192,0.9858845048012135,0.020362480702980117,0.0,0.9913602038996427,0.011293469253517882,0.9913602038996427,0.01497764071273967,5.66,0.9812170493949762,0.024590958507814703,0.9812170493949762,0.02683827670038274,19.0,0.8731441659040419,0.13689616269804553,0.8731441659040419,0.10249923539504582,23.9,0.9701435639324155,0.037678715956751443,0.9701435639324155,0.039926626216050365,76.9,0.9822949950375408,0.0238337244189456,0.9822949950375408,0.028349392737979533
44.7,0.982349526837767,0.023388848055796378,0.982349526837767,0.023552879876561718,1573.0,0.962130641469163,0.0501836692676918,0.962130641469163,0.05360757695103558,86.0,0.9869508052505855,0.016749611115684376,0.9869508052505855,0.019288675599236905,-3.9,0.9917248249412846,0.01084632791317615,0.9917248249412846,0.014404780444896485,10.25,0.9819981177006202,0.02361309966318887,0.9819981177006202,0.02570273996616538,32.0,0.8745029702319361,0.1353397992325008,0.8745029702319361,0.09898373716845332,29.0,0.9708220936260007,0.03697565548026463,0.9708220936260007,0.040281622101110505,71.4,0.9820819979112445,0.024071328386069984,0.9820819979112445,0.02855954804607807
21.6,0.9817705009101783,0.024256736947386715,0.9817705009101783,0.023756427004551245,2312.0,0.9633124653568191,0.04832454606277552,0.9633124653568191,0.049895130590297966,100.0,0.9870837944992942,0.016580535433578913,0.9870837944992942,0.02058220189726279,4.7,0.9922372700070304,0.010198784588847206,0.9922372700070304,0.01308630826027636,6.43,0.9821311069493288,0.02344582452769951,0.9821311069493288,0.025741965211973333,41.0,0.876383090496473,0.13438842743437526,0.876383090496473,0.10016454188939183,34.9,0.9708220936260009,0.03697565548026393,0.9708220936260009,0.040818534718418654,54.1,0.9820819979112445,0.024071328386069266,0.9820819979112445,0.027676960323298083
100.0,0.9811201588851535,0.024992542771721162,0.9811201588851535,0.024468428392130898,2141.0,0.9650932532499926,0.04541254293763964,0.9650932532499926,0.043696636986332346,99.0,0.9865713494335484,0.017221345853959933,0.9865713494335484,0.020424654498866504,1.6,0.9921042807583217,0.010369621729682576,0.9921042807583217,0.013779142789964973,36.81,0.982745781496036,0.0226997133050063,0.982745781496036,0.024476383349593615,51.0,0.876383090496473,0.13438842743437526,0.876383090496473,0.10016454188939183,79.6,0.9698098297132449,0.03794814686107319,0.9698098297132449,0.040670689455706795,59.6,0.9813009296056004,0.02504890959559517,0.9813009296056004,0.028485108278283752
29.0,0.9805583939278597,0.025639150589884318,0.9805583939278597,0.024192654171092513,1835.0,0.9656613244293403,0.044697146190616786,0.9656613244293403,0.042226768531811204,28.0,0.9855237560926082,0.018478630791394626,0.9855237560926082,0.021697583555166017,-2.3,0.992215048403657,0.010240484919007052,0.992215048403657,0.014264961571846289,7.91,0.9829774132889687,0.02242836902364463,0.9829774132889687,0.023934301422292897,53.0,0.8746051997128973,0.135254267308265,0.8746051997128973,0.09890563338458044,26.7,0.9696434359543078,0.03817587891894839,0.9696434359543078,0.03915848034974128,74.5,0.9791597627515463,0.02805121504645682,0.9791597627515463,0.032660102619945834
19.2,0.9797468749855657,0.026524109464186676,0.9797468749855657,0.02467656516698966,1760.0,0.9646281839848118,0.04580372890119373,0.9646281839848118,0.04221247583823871,19.0,0.9856901498515455,0.018243631219546492,0.9856901498515455,0.02198634690773919,0.0,0.9920672243795527,0.010440544291461686,0.9920672243795527,0.015559901343466558,4.58,0.982745781496036,0.0226997133050063,0.982745781496036,0.025260852275757063,51.0,0.8721740697946991,0.13825905413534104,0.8721740697946991,0.09842131374258019,22.4,0.9694531182452707,0.038452218002066316,0.9694531182452707,0.03766133385672193,63.5,0.9784501737701481,0.028889201597770454,0.9784501737701481,0.033087011592815005
18.0,0.9801035864535399,0.02601004633348971,0.9801035864535399,0.025886246085629044,1679.0,0.9638059471055436,0.046615456550337594,0.9638059471055436,0.042658854902981054,24.0,0.9846238494021732,0.01961376189476108,0.9846238494021732,0.02408714092644155,6.2,0.9921880885271503,0.010292820049922564,0.9921880885271503,0.015142440201877952,4.46,0.9825141497031029,0.022970927184064672,0.9825141497031029,0.02580293420305778,50.0,0.8711798865084465,0.1394676944250265,0.8711798865084465,0.10113081268359965,23.1,0.9695739823928684,0.03831141166216388,0.9695739823928684,0.03647796497427217,63.1,0.9780484963497373,0.029392715599699522,0.9780484963497373,0.03330278076926542
18.4,0.9791094031672871,0.027519165200964153,0.9791094031672871,0.027184701791660052,1688.0,0.9629299643652085,0.04765041030733581,0.9629299643652085,0.043182917026338426,19.0,0.9836524633874921,0.020881515228922475,0.9836524633874921,0.0259478878521719,0.0,0.9922988561724856,0.010163663561958027,0.9922988561724856,0.015198487747582595,4.43,0.9818994751563959,0.02371668606841328,0.9818994751563959,0.02650592777443401,46.0,0.8708916247106853,0.1396517908689213,0.8708916247106853,0.10051898730806266,22.4,0.9694531182452707,0.038452218002066316,0.9694531182452707,0.03719107453497807,67.1,0.9788600152920311,0.028511745900574228,0.9788600152920311,0.03142826770053333
23.9,0.9794740242089287,0.027083693152400546,0.9794740242089287,0.025820657262094183,991.0,0.9636088031898914,0.046816914446838144,0.9636088031898914,0.04342600295120619,48.0,0.9835194741387834,0.021049406036588197,0.9835194741387834,0.025891768445283143,4.7,0.9917864111067397,0.010811265890035431,0.9917864111067397,0.016316093386843596,3.61,0.9811898861749978,0.024560265100922563,0.9811898861749978,0.0273552966371841,36.0,0.8696589169964225,0.14064572972094236,0.8696589169964225,0.10008467028391006,20.0,0.968654952196142,0.0393597087185905,0.968654952196142,0.03859856194613589,58.4,0.9788600152920311,0.028511745900574228,0.9788600152920311,0.03166090878307607
100.0,0.9795689386436199,0.02698534686965408,0.9795689386436199,0.025048969233655446,1815.0,0.9637991208989286,0.046543984289744884,0.9637991208989286,0.04402259160838117,20.0,0.9843005424444274,0.020066350204791264,0.9843005424444274,0.025148783137424333,-6.2,0.9916756434614046,0.01094028217166147,0.9916756434614046,0.01690190692897805,19.6,0.9825059406093699,0.022959831352737162,0.9825059406093699,0.02656316823945745,33.0,0.8688782848765996,0.1411807269714045,0.8688782848765996,0.09826329029589165,33.7,0.9701144231406477,0.03780778072373902,0.9701144231406477,0.0378750631384891,59.2,0.978860015292031,0.02851174590057458,0.978860015292031,0.0317426283421847
18.8,0.9805334984516859,0.02582437925076569,0.9805334984516859,0.02480814093777392,1445.0,0.9646682774326486,0.04543548514333283,0.9646682774326486,0.04202408456504865,59.0,0.9844113100897626,0.019939338550802526,0.9844113100897626,0.025775367712059925,3.9,0.9913110224197629,0.011387366388402114,0.9913110224197629,0.0169347762870729,3.72,0.9829854627709623,0.022454192283574006,0.9829854627709623,0.026817908853697486,29.0,0.8699200300032286,0.14081845385147881,0.8699200300032286,0.0976983309732164,21.2,0.9715135246138472,0.036296441291805225,0.9715135246138472,0.03701068833025865,62.0,0.9807514281610855,0.025750966603333345,0.9807514281610855,0.028037350632515754
48.04087253229344,0.9802192806686447,0.026252079080570135,0.9802192806686447,0.02696707334233543,1571.0,0.9658377388124131,0.04421845210642248,0.9658377388124131,0.04188050112157211,87.0,0.9836779345318637,0.02076015264731248,0.9836779345318637,0.028222939194284116,0.8,0.9913110224197629,0.011387366388402114,0.9913110224197629,0.0169347762870729,27.89,0.9829854627709623,0.022454192283574006,0.9829854627709623,0.027046501612069947,44.0,0.8731329201664239,0.138343848727272,0.8731329201664239,0.0967696004265621,56.1,0.9715135246138472,0.036296441291805225,0.9715135246138472,0.03703330518581231,56.1,0.9799930392727005,0.026771113543211947,0.9799930392727005,0.02800204843189027
100.0,0.9802192806686447,0.026252079080570135,0.9802192806686447,0.02696707334233543,2336.0,0.965837738812413,0.04421845210642247,0.965837738812413,0.042587546529165715,47.0,0.9832307275001139,0.021358693185441185,0.9832307275001139,0.029032339760565764,0.0,0.9910571690234565,0.011705299047857918,0.9910571690234565,0.016921823012781632,38.81,0.9826997417875792,0.022753561912522393,0.9826997417875792,0.02799380617029633,50.0,0.873418641149807,0.13811724076815407,0.873418641149807,0.09969012889728604,40.8,0.9718702360818214,0.035790447623907984,0.9718702360818214,0.036461699274763865,62.7,0.9803576603143422,0.026334951822215822,0.9803576603143422,0.028525984857835227
86.3,0.9793432979283095,0.027324303363915153,0.9793432979283095,0.02794402586845988,1695.0,0.9649617560720779,0.04525794215323379,0.9649617560720779,0.04445039518048611,49.0,0.982783520468364,0.021956680664496082,0.982783520468364,0.029661855804937926,-0.8,0.9910571690234565,0.011705299047857918,0.9910571690234565,0.016921823012781632,21.77,0.9828475658116836,0.022557273017008852,0.9828475658116836,0.028082991151100745,52.0,0.8711999342728645,0.13938817812966417,0.8711999342728645,0.09955324362929135,34.1,0.9717038423228843,0.03601906065006098,0.9717038423228843,0.03647216236910745,65.5,0.9805548042299944,0.026125544139630977,0.9805548042299944,0.02853967151514642
61.6,0.9808992461718561,0.02516825813707014,0.9808992461718561,0.02594696312064233,1766.0,0.9655235210293717,0.04463350555875931,0.9655235210293717,0.04420226157480999,59.0,0.9838311138093039,0.02070670461473463,0.9838311138093039,0.028196874792540905,-3.1,0.9910571690234565,0.011705299047857918,0.9910571690234565,0.016921823012781632,15.58,0.9833521013037618,0.02184358240673898,0.9833521013037618,0.026534667067342844,55.0,0.8686409751836447,0.1409917564940475,0.8686409751836447,0.10020857716528309,31.8,0.9719921041206457,0.03577277275279183,0.9719921041206457,0.036924311830709,68.6,0.9797737359243501,0.027099908032168035,0.9797737359243501,0.029131360843860307
72.9,0.9807662569231472,0.025335081940145963,0.9807662569231472,0.02625885012012704,2025.0,0.9655235210293717,0.04463350555875931,0.9655235210293717,0.04420226157480999,38.0,0.9841957348509456,0.020266509927289823,0.9841957348509456,0.026856813124809413,3.9,0.9910571690234564,0.011705299047857916,0.9910571690234564,0.016130249339641918,17.04,0.9824922621033602,0.023076980725810315,0.9824922621033602,0.028309487501553824,61.0,0.8667353212143111,0.1419203777554812,0.8667353212143111,0.09903866883022533,31.8,0.9719139607362506,0.03584315534194268,0.9719139607362506,0.03726931504223238,67.8,0.9796788214896591,0.027198264873318067,0.9796788214896591,0.029410087756938763
79.6,0.9802538118574015,0.025967104142888865,0.9802538118574015,0.02680254916595139,1720.0,0.9660118966347455,0.04418722921007913,0.9660118966347455,0.04482697390352129,52.0,0.9854336459009228,0.01872803529532469,0.9854336459009228,0.024668719703674336,-2.3,0.9900926092153904,0.012893023387420969,0.9900926092153904,0.01814609506891071,20.06,0.9826400861274643,0.022880783373354363,0.9826400861274643,0.028679354958314224,63.0,0.8648046153659286,0.1428483455001127,0.8648046153659286,0.09787934990627911,33.7,0.9720803544951876,0.03561446010734128,0.9720803544951876,0.0372588519478888,66.3,0.9793142004480175,0.027633789582942117,0.9793142004480175,0.029728227593623903
61.2,0.9801059878332972,0.026162342809785726,0.9801059878332972,0.02498982762956873,1747.0,0.9660118966347457,0.044187229210079844,0.9660118966347457,0.0450576796778238,38.0,0.9854336459009228,0.01872803529532469,0.9854336459009228,0.025029159772220942,0.0,0.9891212232007092,0.014174633199354138,0.9891212232007092,0.019412197523443746,15.3,0.9832018510847583,0.022231164401804993,0.9832018510847583,0.027515394173981755,65.0,0.8631350425991102,0.1435541984786657,0.8631350425991102,0.09836024019178793,31.4,0.9730396974615856,0.03455191467165168,0.9730396974615856,0.035498353457909124,68.2,0.9789999826649763,0.028060356239754673,0.9789999826649763,0.030155833709450602
58.0,0.9811001711195498,0.024650256310788207,0.9811001711195498,0.0241800478131576,1797.0,0.9659011289894106,0.04430900159559345,0.9659011289894106,0.04570996262759686,52.0,0.9847548070762396,0.01960125002303402,0.9847548070762396,0.02611956321026484,-1.6,0.9889548294417724,0.014411156822810089,0.9889548294417724,0.01896934838974302,16.64,0.9829702192918254,0.022502619525038087,0.9829702192918254,0.027875999773093133,70.0,0.8619939831874867,0.14392614358527028,0.8619939831874867,0.09894905909606991,32.2,0.973677222202373,0.03368741261114483,0.973677222202373,0.03551757054271855,69.4,0.9786661213910821,0.02843968022671532,0.9786661213910821,0.03097336319526192
61.6,0.9811001711195498,0.024650256310787846,0.9811001711195498,0.025408500618265144,1950.0,0.9644413673693555,0.045972093772227954,0.9644413673693555,0.0466872631541524,49.0,0.9851564844966506,0.01909012608590772,0.9851564844966506,0.02566570944975482,0.0,0.9889548294417724,0.014411156822810089,0.9889548294417724,0.018346563236382868,17.6,0.9829702192918254,0.022502619525038087,0.9829702192918254,0.027875999773093133,72.0,0.860771471090398,0.144330159770605,0.860771471090398,0.09958468759553721,32.5,0.973677222202373,0.03368741261114483,0.973677222202373,0.03551757054271855,68.2,0.9780157793660573,0.029170276420394617,0.9780157793660573,0.03140940119725045
66.7,0.9807859533365085,0.02507858899871895,0.9807859533365085,0.025726913714543696,1974.0,0.9616389421205219,0.04990028595590137,0.9616389421205219,0.052612442893693656,60.0,0.9849434873703542,0.01932947802434969,0.9849434873703542,0.0267842964828341,-3.9,0.9894593649338506,0.01368873439079099,0.9894593649338506,0.017886263230572685,20.56,0.9826014647755683,0.022881788626261834,0.9826014647755683,0.028144764438700565,74.0,0.8594652958567647,0.14476830654778836,0.8594652958567647,0.10026942768924076,33.7,0.9733059268717373,0.03401285876612709,0.9733059268717373,0.03560767363165196,69.0,0.9786304539127644,0.02843101056017641,0.9786304539127644,0.03091228178909405
73.3,0.9800763643551106,0.025920186446521047,0.9800763643551106,0.026482333110388327,2031.0,0.9600495229382853,0.051646277015107364,0.9600495229382853,0.05470759389406071,81.0,0.9846769623350584,0.019598568247361777,0.9846769623350584,0.02694566041689673,-5.5,0.9896257586927876,0.013451966159954063,0.9896257586927876,0.017886238473903898,21.84,0.98164212180917,0.023966846146666398,0.98164212180917,0.029355433329684957,77.0,0.8577016869478293,0.14547820134368902,0.8577016869478293,0.10012313040646056,34.1,0.9719068253985377,0.035530466006267684,0.9719068253985377,0.03650771609675004,67.8,0.9787513180603623,0.028287543456925357,0.9787513180603623,0.031104442757834725
99.2,0.9795590115787944,0.026487154960014678,0.9795590115787944,0.026506730362304484,2132.0,0.9583997342847422,0.05342989652203351,0.9583997342847422,0.054932099802895984,66.0,0.9851564844966506,0.01909012608590772,0.9851564844966506,0.02566570944975482,3.9,0.9893449454199746,0.01382090608074614,0.9893449454199746,0.018356065336807628,31.51,0.9802522698966675,0.02562981356185294,0.9802522698966675,0.030266799616092698,81.0,0.8555190854376611,0.1464982901106711,0.8555190854376611,0.10018752543461645,37.6,0.9704473544540319,0.03708889558674794,0.9704473544540319,0.037493742637434574,64.3,0.9786183288116536,0.028453563108427782,0.9786183288116536,0.02971898148229513
19.2,0.9799877872873796,0.026008316643817767,0.9799877872873796,0.02587352213932265,2163.0,0.9574505915014994,0.05427494902967308,0.9574505915014994,0.053541029572271394,19.0,0.9845560981874605,0.019744012750095418,0.9845560981874605,0.02711648584642819,0.0,0.9885865565315898,0.014859491286047232,0.9885865565315898,0.02011599595744152,6.24,0.9807696226729834,0.025061971730234747,0.9807696226729834,0.02857346732590146,69.0,0.8581033643682401,0.14509416172619383,0.8581033643682401,0.09838091330142071,24.7,0.9709142049766347,0.03655239899777279,0.9709142049766347,0.03562846071640521,63.5,0.9785160993306926,0.028563985580918844,0.9785160993306926,0.02943557103744922
38.0,0.9806024618340866,0.025265504011692506,0.9806024618340866,0.0246354251064746,789.0,0.9578793672100845,0.05381988675792803,0.9578793672100845,0.0529733486849346,33.0,0.9839943332301667,0.020395981096793015,0.9839943332301667,0.02900145854033125,-7.8,0.9882723387485488,0.01529432545475532,0.9882723387485488,0.021843737988927737,4.26,0.9819691568764491,0.02368024755052919,0.9819691568764491,0.02694204527501959,12.0,0.8598669732771754,0.14438286603626563,0.8598669732771754,0.09803108383168276,20.4,0.9722072821622035,0.035221235150071965,0.9722072821622035,0.034560617887770144,54.1,0.9774497988813203,0.029912598672084446,0.9774497988813203,0.030958174075472744
67.8,0.9807046913150478,0.025154489540583996,0.9807046913150478,0.024104966112254652,894.0,0.9574776897896736,0.05430185202869278,0.9574776897896736,0.05277573293865672,51.0,0.9844415402619165,0.019796523311160854,0.9844415402619165,0.028622104551770104,0.8,0.9881245147244443,0.01549282164946252,0.9881245147244443,0.02158421724217372,9.0,0.9817375250835161,0.02395100729569557,0.9817375250835161,0.027735764593665387,15.0,0.8616076901759423,0.14367114148200347,0.8616076901759423,0.0980946790334514,27.8,0.9717404316396007,0.035759132611962376,0.9717404316396007,0.03632099139263672,53.7,0.9770533102526021,0.03033290731123155,0.9770533102526021,0.031266071300854424
55.7,0.9809544453000478,0.024914785493725757,0.9809544453000478,0.022897821284019435,2936.0,0.9572941982872516,0.05447849809823877,0.9572941982872516,0.05397954969131768,46.0,0.9835723837281967,0.020952062949365986,0.9835723837281967,0.0288022433530728,1.6,0.9885717217561943,0.014888552149447436,0.9885717217561943,0.020453839061126175,9.89,0.9807729652754499,0.025115304878877257,0.9807729652754499,0.030461934293518646,22.0,0.863610834392854,0.14273778122268477,0.863610834392854,0.09871511967352076,28.2,0.9711257570928936,0.036488302594404026,0.9711257570928936,0.0381823686159441,72.2,0.97622819783292,0.03173216084376142,0.97622819783292,0.03500020647885029
98.8,0.9806205840261536,0.02529597576653477,0.9806205840261536,0.023163011112569035,2199.0,0.9564182155469166,0.05549868318098879,0.9564182155469166,0.054048139660985976,20.0,0.9822563292938244,0.022556989426064676,0.9822563292938244,0.031156729370853807,-3.9,0.9885717217561943,0.014888552149447436,0.9885717217561943,0.020453839061126175,38.82,0.9803544993776284,0.025518878606990116,0.9803544993776284,0.03028207146060632,40.0,0.8614969225306071,0.14376580030263789,0.8614969225306071,0.09767396003164705,41.6,0.970713879489328,0.03682865093671177,0.970713879489328,0.03792887407705837,67.5,0.9758155656642684,0.03235934146095666,0.9758155656642684,0.03510049828308465
66.7,0.9805183545451926,0.025406965516108437,0.9805183545451926,0.02369347010678898,1989.0,0.9571766044353014,0.054526846132904254,0.9571766044353014,0.05197096115398961,52.0,0.9818091222620745,0.023153819184205112,0.9818091222620745,0.03246313885531416,-8.6,0.9885717217561943,0.014888552149447436,0.9885717217561943,0.020219730894844804,18.35,0.9803544993776284,0.025518878606990116,0.9803544993776284,0.029503884706823892,46.0,0.8597562056318401,0.14447716719617035,0.8597562056318401,0.0980145396309353,32.9,0.9705303879869059,0.0370113281298422,0.9705303879869059,0.036894564819223284,70.2,0.9759485549129769,0.03219435170380359,0.9759485549129769,0.03590580887583335
22.4,0.9803571776279234,0.02555824246995152,0.9803571776279234,0.0248716152158633,2474.0,0.9580457609690215,0.05343378424299486,0.9580457609690215,0.051162406657781566,23.0,0.9818091222620745,0.023153819184205112,0.9818091222620745,0.03257814061547783,-2.3,0.9890890745325103,0.014310043715903454,0.9890890745325103,0.019680138878962472,8.14,0.9805379908800503,0.025332060664694924,0.9805379908800503,0.029253495184496693,46.0,0.8579925967229048,0.14518810125131826,0.8579925967229048,0.09796019429961636,27.1,0.9702638629516099,0.037271469582835955,0.9702638629516099,0.037336242949164704,78.4,0.9733562480775099,0.036036137961760535,0.9733562480775099,0.04284357481007534
24.3,0.9807859533365085,0.02507858899871895,0.9807859533365085,0.024977299144725972,2233.0,0.9610295450417443,0.04939905199865971,0.9610295450417443,0.04514550569789058,40.0,0.9829005932554091,0.021649867381561567,0.9829005932554091,0.03028704335223864,2.3,0.9897037490792173,0.01355276533262493,0.9897037490792173,0.018359514540328428,8.02,0.9804357613990894,0.025443036858716957,0.9804357613990894,0.030016410093765496,44.0,0.8581033643682401,0.14509416172619383,0.8581033643682401,0.09838091330142071,26.7,0.9701808294187357,0.037348991734575177,0.9701808294187357,0.037935420767375994,77.3,0.9730897230422138,0.036297363205380295,0.9730897230422138,0.043819287565030104
61.2,0.9801071145118257,0.02594316498151455,0.9801071145118257,0.025780108486034844,2198.0,0.9624890159862503,0.04787550562540307,0.9624890159862503,0.04353747218109871,67.0,0.9837121121977029,0.02075789675477033,0.9837121121977029,0.029287331215734368,0.8,0.9891913040134714,0.01419689085235421,0.9891913040134714,0.01983874012569732,23.13,0.9806260791081265,0.025160872484990774,0.9806260791081265,0.02992075886325298,51.0,0.8622981031953735,0.14144861444182352,0.8622981031953735,0.09832125155375328,34.1,0.9704950472017772,0.03692943783155862,0.9704950472017772,0.03684836869145381,70.2,0.9729874935612526,0.036406304068113016,0.9729874935612526,0.04511626635478401
22.4,0.9801071145118257,0.02594316498151455,0.9801071145118257,0.025780108486034837,1715.0,0.9616003678792988,0.04873553253474793,0.9616003678792988,0.04407240434303281,56.0,0.9839092561133553,0.020546618831423974,0.9839092561133553,0.028759542362718236,3.1,0.9879976035391758,0.015831876673244774,0.9879976035391758,0.021054048106985145,11.14,0.9814859183085278,0.023931718854820164,0.9814859183085278,0.027076111287119693,54.0,0.8617856581296276,0.14193183166571952,0.8617856581296276,0.1012293592224603,30.2,0.9703047294927402,0.037206277252447184,0.9703047294927402,0.035755373863497204,62.4,0.9723871072520627,0.03704113444613626,0.9723871072520627,0.04544362092055297
64.7,0.9799592904877215,0.026138376864456605,0.9799592904877215,0.026814472616768566,1834.0,0.9612665066054046,0.04910059099142633,0.9612665066054046,0.04505912717567113,51.0,0.9839092561133553,0.020546618831423974,0.9839092561133553,0.027497990112080005,-0.8,0.9888667600728956,0.01466647224238821,0.9888667600728956,0.01901726541302947,17.6,0.9821647571332109,0.023064485730109538,0.9821647571332109,0.02640625565671993,57.0,0.8590574894126263,0.14353148253574619,0.8590574894126263,0.10307589088452707,32.2,0.9699905117096987,0.037625654511961926,0.9699905117096987,0.03724055619726969,68.2,0.9725587178526677,0.03687697505365007,0.9725587178526677,0.04577154022149149
18.0,0.9802735082707627,0.025710758446100757,0.9802735082707627,0.02602793587363984,1844.0,0.9603973500716847,0.05020157437402825,0.9603973500716847,0.04586768167187917,18.0,0.9839092561133551,0.02054661883142433,0.9839092561133551,0.028192824034276247,0.0,0.9896251489612806,0.013627438397432698,0.9896251489612806,0.01755532617169775,5.01,0.981527232392424,0.0239438069518477,0.981527232392424,0.027893458276241834,51.0,0.858946721767291,0.14362576964890092,0.858946721767291,0.10369448211263516,22.7,0.9703472231776727,0.03712098440865247,0.9703472231776727,0.037337299102931897,63.5,0.9732683068340656,0.03605011147619723,0.9732683068340656,0.04518892633974464
71.4,0.9806073695446569,0.02532985040683536,0.9806073695446569,0.026618427584338463,1750.0,0.9593310496223124,0.051500000770848674,0.9593310496223124,0.04738561543697599,42.0,0.98348048040477,0.021029845132158557,0.98348048040477,0.028432879595059184,-3.9,0.9888440806556366,0.01462107015896837,0.9888440806556366,0.018490180212122915,18.84,0.9817810857887305,0.02363215391998796,0.9817810857887305,0.02888742532356824,56.0,0.8631414605944243,0.1399680957768339,0.8631414605944243,0.10155090072244917,32.9,0.9722386360467271,0.03440191105567361,0.9722386360467271,0.03474938727564044,67.1,0.9739468365276508,0.03534348325273303,0.9739468365276508,0.043918767055663846
39.6,0.9795410690952846,0.026684998614230685,0.9795410690952846,0.028595207247155027,1872.0,0.9596452674053538,0.0510900443672274,0.9596452674053538,0.04779538727885619,39.0,0.9823256028876669,0.022482461065744953,0.9823256028876669,0.029643063203146615,3.9,0.9896251489612806,0.013627438397433063,0.9896251489612806,0.016651505601359924,10.78,0.9811022469640475,0.024498643068138287,0.9811022469640475,0.029931125408514187,57.0,0.8652786661219097,0.138923405403048,0.8652786661219097,0.10159654091882186,29.4,0.9723864600708313,0.03420955572626133,0.9723864600708313,0.033925350128177635,72.5,0.9733891709816634,0.03590841511718224,0.9733891709816634,0.04645428693095607
92.9,0.9784747686459123,0.028037136504454555,0.9784747686459123,0.029433948513779378,2207.0,0.9600417560340722,0.050686239841813786,0.9600417560340722,0.04781817019411075,20.0,0.982754378596252,0.022000457552474137,0.982754378596252,0.028393232078958795,0.0,0.9895143813159454,0.013755853020834768,0.9895143813159454,0.016797499958723424,26.06,0.9809544229399432,0.024694278775883385,0.9809544229399432,0.03074806813817696,63.0,0.8652786661219097,0.138923405403048,0.8652786661219097,0.10159654091882186,32.9,0.9726403134671378,0.03390360017590905,0.9726403134671378,0.032420555771760874,62.0,0.9733891709816634,0.03590841511718224,0.9733891709816634,0.04708935578719681
82.0,0.9774805853596598,0.02954159740185266,0.9774805853596598,0.0302897428194998,2119.0,0.9604762976992057,0.05032435341922236,0.9604762976992057,0.04816233068852604,94.0,0.9817736752482527,0.023377517498619344,0.9817736752482527,0.029634240002058,-2.3,0.9892605279196389,0.014072591114408476,0.9892605279196389,0.017576120357571876,36.14,0.9807709314375213,0.024881299399895182,0.9807709314375213,0.03088407741378348,69.0,0.8634493721554118,0.13971557970281837,0.8634493721554118,0.10386836838456241,69.0,0.9729068385024336,0.03364184878249167,0.9729068385024336,0.03187396922565666,75.3,0.9741225465395622,0.03510791835974771,0.9741225465395622,0.04705013601392506
100.0,0.9769632325833438,0.030105074176098427,0.9769632325833438,0.031046620790941126,2397.0,0.9614704809854583,0.04886860379179443,0.9614704809854583,0.045688499883207334,19.0,0.982278210740331,0.02266505312640594,0.982278210740331,0.028741718287723816,-4.7,0.9893813920672367,0.013925735711288832,0.9893813920672367,0.017344121819581722,45.1,0.9802825558321474,0.025344688598537574,0.9802825558321474,0.030818837932989566,71.0,0.8608875971973475,0.1411464181022313,0.8608875971973475,0.10402808265683683,83.1,0.972437217880783,0.03402633311281657,0.972437217880783,0.03171469055818342,59.6,0.9739322288305251,0.035386202668269646,0.9739322288305251,0.047543197702641996
30.2,0.9774756776490897,0.02947743422796018,0.9774756776490897,0.030303975644599464,1853.0,0.9628001288972187,0.046820803399626895,0.9628001288972187,0.04444881339531509,27.0,0.9834330882574339,0.0212127244166089,0.9834330882574339,0.026691326589909595,0.0,0.9891275386709303,0.014242386687908268,0.9891275386709303,0.016839658014273087,8.4,0.9801495665834385,0.025511379277901255,0.9801495665834385,0.031054135154566957,48.0,0.8620570585771119,0.14020273292856664,0.8620570585771119,0.10309116709081392,25.1,0.972437217880783,0.03402633311281657,0.972437217880783,0.030787414994780327,74.5,0.9759122187673103,0.03256606835708703,0.9759122187673103,0.04486391462373074
31.0,0.9773092838901525,0.029708511188105587,0.9773092838901525,0.029016052435284757,1909.0,0.963013126023515,0.046593103281907855,0.963013126023515,0.04430853075194508,30.0,0.984111927082117,0.020341829536360902,0.984111927082117,0.025555395828682926,0.0,0.988623003178852,0.014964279632545676,0.988623003178852,0.01638088954969422,8.33,0.9805967736151886,0.024916669229329516,0.9805967736151886,0.02886316352904329,54.0,0.8633265024881299,0.1391132808424695,0.8633265024881299,0.10202682068517274,25.1,0.9722708241218461,0.034255388538822096,0.9722708241218461,0.030468773673412337,74.5,0.9782547716177775,0.028942606604990432,0.9782547716177775,0.03957349857370052
42.7,0.9770776520972195,0.02997650385279789,0.9770776520972195,0.02869652266314963,1786.0,0.9638891087638499,0.045557090985685285,0.9638891087638499,0.043412271875237954,28.0,0.984295418584539,0.02015329388618884,0.984295418584539,0.025235025847865168,-3.1,0.9884566094199149,0.015200548791836946,0.9884566094199149,0.01656049778472195,11.49,0.9802321525735469,0.025353469518109753,0.9802321525735469,0.02868433565592988,53.0,0.8663637566220911,0.13499984765796463,0.8663637566220911,0.10048155185208407,29.8,0.9737880380844368,0.03264718187770905,0.9737880380844368,0.029714476911387372,72.2,0.9788337975453663,0.02808069996550209,0.9788337975453663,0.03742206054855557
18.0,0.9766759746768088,0.03047883096653779,0.9766759746768088,0.0289333758859399,1762.0,0.9649107461195101,0.04453055116246981,0.9649107461195101,0.04231150716107143,29.0,0.98526680459922,0.01888396710853646,0.98526680459922,0.023361388837285783,0.0,0.9880998979519406,0.015723056273957967,0.9880998979519406,0.0165004299622381,4.54,0.9802321525735469,0.025353469518109753,0.9802321525735469,0.02868433565592988,52.0,0.8678263937825603,0.13317041418758527,0.8678263937825603,0.09523603357402752,22.4,0.9741218993583309,0.03227128743197437,0.9741218993583309,0.02972594266258774,63.5,0.9785258859843788,0.02841462280330166,0.9785258859843788,0.037562888690481494
87.5,0.9765429854281004,0.03064418384685079,0.9765429854281004,0.02879125279403776,1766.0,0.9653991217248842,0.04408453445166927,0.9653991217248842,0.04262013294962351,45.0,0.9860001801571188,0.018060381728007377,0.9860001801571188,0.022420640633526955,-7.0,0.9879095802429035,0.01600926354968248,0.9879095802429035,0.01618394146900228,22.67,0.9802321525735469,0.025353469518109753,0.9802321525735469,0.02868433565592988,54.0,0.8709671946682133,0.13100324256759052,0.8709671946682133,0.09443554316318237,34.9,0.9751160826445836,0.03077498334620055,0.9751160826445836,0.028309939868280787,66.7,0.9779641210270851,0.029057479492910994,0.9779641210270851,0.03882138050601983
50.6,0.9759054606873132,0.03151334843675311,0.9759054606873132,0.030731817755843858,1770.0,0.9647844471781771,0.0448033459548621,0.9647844471781771,0.04382095712662874,23.0,0.9864670306797214,0.017505714285152726,0.9864670306797214,0.020658723344863596,-3.1,0.9875079028224929,0.016523112554807477,0.9875079028224929,0.01668710086807941,10.7,0.9802321525735469,0.025353469518109753,0.9802321525735469,0.02868433565592988,49.0,0.8721490185558693,0.12944200873079745,0.8721490185558693,0.09373290662948518,29.0,0.9737864347328232,0.03287253972490987,0.9737864347328232,0.03161592742314123,70.6,0.9794267581875541,0.026779021155993774,0.9794267581875541,0.0351509860077413
17.6,0.9742932943151958,0.03350221923174702,0.9742932943151958,0.03362966398648275,1563.0,0.9649322712022813,0.04461413941245025,0.9649322712022813,0.044139066437938766,35.0,0.9864670306797215,0.017505714285152726,0.9864670306797215,0.020551163290226358,0.0,0.9877887160953059,0.016155640491606445,0.9877887160953059,0.016054572581874878,3.99,0.9792607665588658,0.026609701740298548,0.9792607665588658,0.030734095792051382,45.0,0.8721490185558693,0.12944200873079745,0.8721490185558693,0.09373290662948518,21.6,0.9725485236828461,0.03437426688185626,0.9725485236828461,0.034463587695979896,63.1,0.9794267581875541,0.026779021155993774,0.9794267581875541,0.035715710927898936
13.7,0.9738806621465441,0.034127353352870655,0.9738806621465441,0.03645273247946946,1520.0,0.9653991217248842,0.04408453445166927,0.9653991217248842,0.04277688726859814,99.0,0.9860198236479715,0.018107481513987226,0.9860198236479715,0.021874890215614742,10.9,0.9888801870886406,0.014634494072519265,0.9888801870886406,0.01512084375000005,3.79,0.9786460920121588,0.02735061026798838,0.9786460920121588,0.03138352440052239,49.0,0.8729300868615134,0.12867128147402243,0.8729300868615134,0.09291343268782196,21.2,0.971500930341906,0.035594661801355176,0.971500930341906,0.035413123536729,74.9,0.9798555338961394,0.02630037836508194,0.9798555338961394,0.036321421884783135
100.0,0.9755251874578215,0.0319075140551262,0.9755251874578215,0.03300388775530003,1506.438032627222,0.9647810885573285,0.044631380857145415,0.9647810885573285,0.0427837764346315,20.0,0.9860198236479715,0.018107481513987226,0.9860198236479715,0.021874890215614742,0.8,0.9891118188815735,0.0143595006823612,0.9891118188815735,0.014465039193430274,31.33,0.9799155359231767,0.025915168772715776,0.9799155359231767,0.030575263342029185,55.0,0.8727170897352169,0.12885562218953087,0.8727170897352169,0.09381573268459162,57.6,0.972794007527475,0.034261361061965576,0.972794007527475,0.034601005315845174,56.5,0.9804702084428465,0.025557853531353526,0.9804702084428465,0.03607288376543498
20.4,0.9755251874578215,0.0319075140551262,0.9755251874578215,0.03300388775530003,1795.0,0.9661709404698312,0.043023151544909266,0.9661709404698312,0.04279876221045358,19.0,0.9860198236479715,0.018107481513987226,0.9860198236479715,0.021874890215614742,0.0,0.9880203478882389,0.015881314824864313,0.9880203478882389,0.01597964788803734,5.51,0.9813053878356794,0.024253201490654096,0.9813053878356794,0.028971035678726068,49.0,0.8745463837017149,0.12802588602248205,0.8745463837017149,0.09154390521885108,23.5,0.9740267152417376,0.03297016170097193,0.9740267152417376,0.033594990940855406,62.7,0.9798326837020593,0.026433983689138206,0.9798326837020593,0.03570702387276941
31.8,0.9771373538299389,0.029913357278651242,0.9771373538299389,0.030220421771381838,1670.0,0.9681509304066164,0.04024224589668716,0.9681509304066164,0.03812419086050168,35.0,0.9860198236479715,0.018107481513987226,0.9860198236479715,0.021874890215614742,-5.5,0.9876186704678283,0.016395274945006994,0.9876186704678283,0.01708551313189601,7.84,0.9816620993036537,0.023737464737223178,0.9816620993036537,0.027830960810010037,51.0,0.8762406526551171,0.12594996809363848,0.8762406526551171,0.08732678066181816,26.3,0.9732998652900446,0.03401739783109717,0.9732998652900446,0.035093848963164115,73.7,0.9805126492052706,0.025350730503719075,0.9805126492052706,0.034672282120431476
48.2,0.9766705033073361,0.030456690839733614,0.9766705033073361,0.030699427040769358,1741.0,0.9678367126235751,0.04065965306228484,0.9678367126235751,0.037795146614713705,53.0,0.9860198236479715,0.018107481513987226,0.9860198236479715,0.021874890215614742,-1.6,0.9885900564825093,0.015117836535787004,0.9885900564825093,0.017099451513552414,12.9,0.9814957055447165,0.023970547374107212,0.9814957055447165,0.028768940367076182,58.0,0.8765485642161042,0.12568719124129146,0.8765485642161042,0.08780479113792457,31.0,0.9734662590489817,0.033788046928352404,0.9734662590489817,0.0353765298732812,71.0,0.9802461241699747,0.02561692599530843,0.9802461241699747,0.034867090866285186
19.6,0.9767727327882972,0.030346685994466317,0.9767727327882972,0.030323840421749796,1948.0,0.967639568707923,0.0408632464209378,0.967639568707923,0.0385470055951848,20.0,0.9853822989071847,0.018993578729812343,0.9853822989071847,0.023087360711360562,0.0,0.988954677524151,0.014673377959048587,0.988954677524151,0.016593795163466842,5.8,0.9820081506104625,0.023336648094184485,0.9820081506104625,0.02856157968760443,53.0,0.8762628432327211,0.12591898653766176,0.8762628432327211,0.08593638410541332,23.9,0.9745577300423162,0.03230922307363259,0.9745577300423162,0.03339876057881022,76.9,0.9806107452116163,0.025180217211791683,0.9806107452116163,0.03377004891143466
70.2,0.9770806443492845,0.03001400234704485,0.9770806443492845,0.031173223547786354,1792.0,0.967550991640192,0.04094883046263726,0.967550991640192,0.038180973966184466,88.0,0.9853822989071847,0.018993578729812343,0.9853822989071847,0.02370644026502597,0.8,0.9898238340578709,0.013505800471361754,0.9898238340578709,0.015784535518175602,20.01,0.9826584926354872,0.02259905015551323,0.9826584926354872,0.028027644717366063,62.0,0.8772435465807207,0.12480985318773241,0.8772435465807207,0.08357887115251647,34.9,0.975751430516612,0.030717157544862667,0.975751430516612,0.03127184253460568,69.0,0.9811725101689102,0.024533310413207072,0.9811725101689102,0.03349750161459048
19.2,0.9775930894150304,0.0293862354501372,0.9775930894150304,0.030873224753502147,2030.0,0.9690893605341789,0.039050413976271646,0.9690893605341789,0.03585841828822492,20.0,0.984522459706783,0.020232091429676538,0.984522459706783,0.024176241463765298,0.0,0.9901317456188582,0.013163180360482685,0.9901317456188582,0.015015928031886118,6.01,0.9830031610551784,0.022259027932704983,0.9830031610551784,0.028462954410574063,54.0,0.8820868010159414,0.11971119685441904,0.8820868010159414,0.07881276952565301,24.3,0.9766400786235633,0.029826760763543403,0.9766400786235633,0.03105971180597708,76.5,0.9829782123974565,0.022127723684583538,0.9829782123974565,0.030216293061966812
56.1,0.9784046083573243,0.028505692943397977,0.9784046083573243,0.03030185257590113,1802.0,0.9694460720021529,0.03854676271025182,0.9694460720021529,0.03544407093816954,39.0,0.9843321419977458,0.020516368674870826,0.9843321419977458,0.024302739383771955,3.9,0.9901317456188582,0.013163180360482685,0.9901317456188582,0.014558797602658982,15.03,0.9834503680869282,0.021661039956670097,0.9834503680869282,0.02810369864960142,52.0,0.8819204072570042,0.11990166609983892,0.8819204072570042,0.08029972267974432,31.4,0.9766400786235633,0.029826760763543403,0.9766400786235633,0.03214966036526367,69.4,0.9837115879553555,0.02130853535466388,0.9837115879553555,0.029334650040036277
100.0,0.9774104250710717,0.030009565655292374,0.9774104250710717,0.03230334267575159,1756.0,0.9694460720021529,0.038546762710252175,0.9694460720021529,0.035333949483694754,100.0,0.9846400535587333,0.020177888617670323,0.9846400535587333,0.024301432989315502,5.5,0.9901317456188582,0.013163180360482685,0.9901317456188582,0.013759036135390845,31.72,0.9839549035790067,0.020946437861893038,0.9839549035790067,0.026896147631417105,61.0,0.8802874433879352,0.12223838379149005,0.8802874433879352,0.08069825697378401,56.5,0.9760610526959745,0.030685624834606375,0.9760610526959745,0.033299452908928405,63.5,0.9843491126961426,0.020425481512438635,0.9843491126961426,0.027624104209827662
42.0,0.9778576321028217,0.029418640081920657,0.9778576321028217,0.03281067978249521,769.0,0.9677962833486101,0.0403718925090018,0.9677962833486101,0.03665517919668121,32.0,0.9836593502107337,0.021559492952699814,0.9836593502107337,0.025834134987068193,0.8,0.989817527835817,0.013599247482172797,0.989817527835817,0.013997611717187105,4.44,0.9833173788382196,0.02182878969262636,0.9833173788382196,0.02790383377780493,0.0,0.8817484771967906,0.12055502074623858,0.8817484771967906,0.0778611896114651,20.8,0.9757802394231618,0.03104444278016018,0.9757802394231618,0.03344250148966562,56.1,0.9847178672123994,0.02004468758754991,0.9847178672123994,0.02616282284604295
20.4,0.9795851909469728,0.027102172846321916,0.9795851909469728,0.030984660212815242,2254.0,0.9681105011316513,0.039954410448497284,0.9681105011316513,0.03720822170986113,88.0,0.9841717952764796,0.020922885850999814,0.9841717952764796,0.024439114345270643,2.3,0.9902301600044687,0.012954860786007756,0.9902301600044687,0.014107549972817745,12.96,0.9826385400135367,0.022697931741677117,0.9826385400135367,0.029343423851277597,33.0,0.884240356812068,0.11902425048419558,0.884240356812068,0.07642406153453218,30.2,0.9757802394231618,0.03104444278016018,0.9757802394231618,0.03310375518473786,63.5,0.9849986804852126,0.01967928429518559,0.9849986804852126,0.026148347539501283
76.9,0.9795851909469728,0.027102172846321916,0.9795851909469728,0.030984660212815242,3041.0,0.9674316623069684,0.040796922439175064,0.9674316623069684,0.0383054533356682,51.0,0.9836544425001637,0.021494965887974334,0.9836544425001637,0.025659619464470065,0.0,0.9901193923591336,0.01308343102436481,0.9901193923591336,0.014705464546674306,32.32,0.9832066111928844,0.02195544235820126,0.9832066111928844,0.029146684324985635,38.0,0.8864272823552024,0.11778505591933267,0.8864272823552024,0.07659589998120805,28.2,0.9757802394231616,0.031044442780160175,0.9757802394231616,0.03316166226689564,68.2,0.9848778163376147,0.01982476799158468,0.9848778163376147,0.02664890962447061
90.2,0.9793043776741601,0.027463377599306667,0.9793043776741601,0.032137986551032796,2249.0,0.96703517367825,0.04120821062722542,0.96703517367825,0.03886161521865286,91.0,0.9831419974344178,0.022130928677299575,0.9831419974344178,0.025632499461571145,-3.1,0.9906874635384812,0.012329577110173467,0.9906874635384812,0.013493326276863756,35.45,0.9810654443388303,0.024970540093187762,0.9810654443388303,0.033169683785458946,57.0,0.8843612209596659,0.11890771561902409,0.8843612209596659,0.07583214582148193,40.4,0.9739994515299883,0.03401682064887964,0.9739994515299883,0.03749955385611388,68.2,0.9848778163376147,0.01982476799158468,0.9848778163376147,0.02588287503421231
21.2,0.9794522016982644,0.027268501435673,0.9794522016982644,0.03248729884972555,1836.0,0.966397648937463,0.042061551324091055,0.966397648937463,0.03841799566077883,40.0,0.9838208362591006,0.021260934066604672,0.9838208362591006,0.024406841950996752,0.0,0.9908083276860791,0.012182292300449222,0.9908083276860791,0.013769717546729803,6.3,0.9803070554504455,0.02599162995950423,0.9803070554504455,0.03469178882534916,54.0,0.8840946959243697,0.11911817930847225,0.8840946959243697,0.07435941706928892,27.5,0.9754660216401204,0.03146830722577979,0.9754660216401204,0.033639265276887376,76.9,0.9851094481305475,0.019552135836037095,0.9851094481305475,0.024697587979942225
53.7,0.979816822739906,0.026832776491497276,0.979816822739906,0.03216325612632348,1809.0,0.9653276420066224,0.04306529688483723,0.9653276420066224,0.03871606640554173,62.0,0.9840746896554071,0.02094783180097105,0.9840746896554071,0.023276045030408105,3.9,0.9909190953314142,0.012053529832514858,0.9909190953314142,0.01368529557877028,13.92,0.9799731941765514,0.026372190639874372,0.9799731941765514,0.035343022802648776,57.0,0.8848530848127547,0.11828127242726938,0.8848530848127547,0.07280197894283391,31.0,0.9759132286718702,0.03087928010664697,0.9759132286718702,0.03328020424030715,70.2,0.9848429230952516,0.01982121293427722,0.9848429230952516,0.0249643444817489
51.8,0.9810105232142018,0.0252250324609786,0.9810105232142018,0.029655204546300006,1907.0,0.9661967985403422,0.04195177622582232,0.9661967985403422,0.037450203714855246,44.0,0.9823471308112556,0.02328617584211111,0.9823471308112556,0.025470872552145658,-0.8,0.9912529566053084,0.011663696071565064,0.9912529566053084,0.012317029138135394,11.71,0.9806827831579495,0.025531012962431085,0.9806827831579495,0.033285857731410365,58.0,0.8845192235388607,0.1185881260654033,0.8845192235388607,0.07373968527402786,29.8,0.9759132286718702,0.03087928010664769,0.9759132286718702,0.033116208637915076,69.4,0.9846112913023186,0.02009370553649621,0.9846112913023186,0.025553802180132687
51.0,0.9821019942075364,0.023724648903850162,0.9821019942075364,0.02814483496357081,1960.0,0.9664633235756381,0.0416941019718975,0.9664633235756381,0.038864735625310703,47.0,0.9823471308112556,0.02328617584211111,0.9823471308112556,0.02575642825598043,-5.5,0.991654634025719,0.011145879110214535,0.991654634025719,0.011525224705115399,14.52,0.9806827831579495,0.025531012962431085,0.9806827831579495,0.03420686956611015,59.0,0.8845192235388607,0.1185881260654033,0.8845192235388607,0.07373968527402786,31.0,0.9750533894714687,0.03209508863050067,0.9750533894714687,0.03380058134711395,70.2,0.9847442805510273,0.019925492976639567,0.9847442805510273,0.02512134472119213
60.0,0.9833500308900956,0.021894291172538664,0.9833500308900956,0.024956287765595005,1977.0,0.9663802900427642,0.041770915434544746,0.9663802900427642,0.03819978443525274,100.0,0.9819454533908448,0.02379408140984115,0.9819454533908448,0.02663110090724273,-2.3,0.9914643163166821,0.011434016430115811,0.9914643163166821,0.013353662076559419,31.39,0.9802540074493642,0.02601041583946626,0.9802540074493642,0.03528497366487736,64.0,0.8829085435055862,0.11931136313418307,0.8829085435055862,0.07572372526992292,38.8,0.9743745506467859,0.032949519271125785,0.9743745506467859,0.03468641860508782,69.4,0.9847442805510273,0.019925492976639567,0.9847442805510273,0.02512134472119213
100.0,0.9827819597107478,0.02263692795305888,0.9827819597107478,0.02643544451069893,2149.0,0.9654209470763659,0.042818547164281996,0.9654209470763659,0.03880569243780798,29.0,0.982826652972848,0.022780781386811475,0.982826652972848,0.024592923540963124,-6.2,0.9902706158423863,0.013076168869572621,0.9902706158423863,0.015359957221778195,31.26,0.9783402303074823,0.02917198295419185,0.9783402303074823,0.0397212597414921,61.0,0.8820273439235833,0.12012082094600685,0.8820273439235833,0.07399647950848687,36.5,0.9734031646321047,0.03419036306359211,0.9734031646321047,0.03383872397409553,60.8,0.9850584983340684,0.019493723155282115,0.9850584983340684,0.025234896044948968
78.0,0.9822695146450017,0.023271711037365986,0.9822695146450017,0.0259917959098911,2027.0,0.9640437550996482,0.04455789950232847,0.9640437550996482,0.04000683772961112,41.0,0.9828266529728478,0.02278078138681219,0.9828266529728478,0.025429838313673563,-2.3,0.9901227918182821,0.013275406842880502,0.9901227918182821,0.01616110881263117,23.69,0.9791212986131264,0.02820076101782264,0.9791212986131264,0.037962592331995,62.0,0.8839068436302604,0.11811239086597979,0.8839068436302604,0.07193592692354195,34.5,0.9734031646321047,0.03419036306359211,0.9734031646321047,0.034444051057605785,67.5,0.9840871123193874,0.020762172135658483,0.9840871123193874,0.025938812848647227
78.8,0.9830279035333866,0.02224639826435526,0.9830279035333866,0.024678021498231686,2101.0,0.9643245683724613,0.04420754858765293,0.9643245683724613,0.03998454490506756,35.0,0.9828266529728478,0.02278078138681219,0.9828266529728478,0.025429838313673563,-5.5,0.9897889305443881,0.01366424356981199,0.9897889305443881,0.01688527121711634,23.78,0.978973474589022,0.028395427803064595,0.978973474589022,0.03787821073289189,64.0,0.8835051662098495,0.11852427153959402,0.8835051662098495,0.07283544001203004,33.7,0.9725916456898108,0.035061418933376574,0.9725916456898108,0.03496463926689243,67.8,0.9844997444880391,0.02012458374148228,0.9844997444880391,0.02500582467664264
44.7,0.9833846150013609,0.02172899742425862,0.9833846150013609,0.02432397781924358,2121.0,0.9634554118387414,0.04531672998538797,0.9634554118387414,0.04125040759575405,19.0,0.9828266529728478,0.02278078138681219,0.9828266529728478,0.025429838313673563,-1.6,0.9896781628990527,0.013792675834011375,0.9896781628990527,0.017057712369765547,24.87,0.978973474589022,0.028395427803064595,0.978973474589022,0.03721709030325099,65.0,0.8801432176650437,0.12114571629597336,0.8801432176650437,0.07437792707692549,34.9,0.9727246349385196,0.034897372859172986,0.9727246349385196,0.035289056098561616,73.3,0.9842458910917327,0.020438038223700286,0.9842458910917327,0.024172921544371773
35.3,0.9842444542017624,0.020493264559312115,0.9842444542017624,0.022831667678407427,1847.0,0.9622735879510853,0.04717983655170692,0.9622735879510853,0.042420872254821836,36.0,0.9835850418612327,0.021754488320387032,0.9835850418612327,0.023690998441960556,1.6,0.9895572987514549,0.01393959256303306,0.9895572987514549,0.017254276341374074,9.83,0.9784610295232761,0.029024643708993172,0.9784610295232761,0.03688716612865041,63.0,0.8797415402446329,0.1215539999008413,0.8797415402446329,0.07619059530803955,28.6,0.9741872720989884,0.0326403509533292,0.9741872720989884,0.03245489566375388,70.2,0.9836882255457453,0.021017818594821366,0.9836882255457453,0.02480260708064483
18.0,0.9846461316221734,0.019982777731405922,0.9846461316221734,0.022440695694991353,1700.0,0.9616360632102982,0.04802474811097484,0.9616360632102982,0.04165429338049008,19.0,0.9830169706818849,0.022497389476313457,0.9830169706818849,0.025109663366934196,0.0,0.9891926777098132,0.014384599040685947,0.9891926777098132,0.01783188061559208,4.45,0.9795273299726482,0.027673601800261537,0.9795273299726482,0.03409455168482134,57.0,0.87927468972203,0.12199151280505398,0.87927468972203,0.075945785284163,22.4,0.9750564286327084,0.03150661058695368,0.9750564286327084,0.03018026556668306,64.3,0.9848139622710805,0.01969298780525739,0.9848139622710805,0.023188022670524302
52.2,0.9857376026155079,0.018470821447944433,0.9857376026155079,0.020908429767713534,1556.0,0.9608445819185766,0.04868952632863894,0.9608445819185766,0.04090379252474163,20.0,0.9838151367310138,0.02156180892685125,0.9838151367310138,0.023115345378631403,6.2,0.9882212916951322,0.015663555064119605,0.9882212916951322,0.019439381819907356,12.19,0.9802058596662334,0.026956307849949252,0.9802058596662334,0.03368690124826111,54.0,0.880757138560159,0.12137891320016819,0.880757138560159,0.07526759552699502,26.7,0.9760116547606852,0.030506521235407903,0.9760116547606852,0.029995175514358673,71.0,0.984666138246976,0.019890112980051746,0.984666138246976,0.02461970905916649
18.8,0.9853411139867896,0.0188995024446387,0.9853411139867896,0.022174021329285,1461.0,0.9601834711262414,0.04921013235047086,0.9601834711262414,0.040532048797941735,21.0,0.9843832079103617,0.020817743599221686,0.9843832079103617,0.02150878751471606,20.3,0.9871298207017976,0.01718252869445523,0.9871298207017976,0.020787125886008506,4.11,0.9823512686010486,0.023513271605703864,0.9823512686010486,0.02854863783464768,46.0,0.8805352879900811,0.12153039820178486,0.8805352879900811,0.07663152344635124,21.6,0.9766491795014722,0.029636599996435073,0.9766491795014722,0.03089262515283376,64.3,0.9851706737390545,0.019173693064980804,0.9851706737390545,0.024208874257492876
47.5,0.9856553317698308,0.018467136136023292,0.9856553317698308,0.021531606960123437,1573.0,0.9608209958670283,0.04836737949720577,0.9608209958670283,0.040348101910695135,29.0,0.9860277332216392,0.01855053490468876,0.9860277332216392,0.019499914350878854,0.0,0.9866826136700475,0.017784857501912648,0.9866826136700475,0.02156751444052444,8.25,0.9834427395943831,0.022008861233666556,0.9834427395943831,0.02732139197403965,48.0,0.8799672168107332,0.12212826369947262,0.8799672168107332,0.07680600423498277,25.1,0.9764588617924352,0.02991670797110728,0.9764588617924352,0.03209416172485866,70.2,0.9850376844903459,0.019342082286799005,0.9850376844903459,0.02540565114452008
93.7,0.9856553317698308,0.018467136136023292,0.9856553317698308,0.02207717674513005,1690.0,0.9606079987407321,0.04859412087971045,0.9606079987407321,0.041409767324434264,37.0,0.9871192042149737,0.01703481198934077,0.9871192042149737,0.018128734165021313,7.8,0.9867848431510086,0.01767234714008547,0.9867848431510086,0.021772856360851252,27.49,0.9834427395943831,0.022008861233666556,0.9834427395943831,0.02825683888538749,57.0,0.8805578218970684,0.1216808116111976,0.8805578218970684,0.07787919883837652,38.8,0.9761446440093938,0.030341244094847418,0.9761446440093938,0.0330956900699879,64.3,0.9854023055319875,0.018900824008379336,0.9854023055319875,0.025329008230329613
21.2,0.9861677768355767,0.01782758469445966,0.9861677768355767,0.022635323594304747,1865.0,0.9600873033619493,0.04908476466888032,0.9600873033619493,0.04103298518443445,21.0,0.9862500476812538,0.0181960241281415,0.9862500476812538,0.02041802311230542,0.0,0.9872320501827587,0.01706990329489118,0.9872320501827587,0.02098406828118897,5.76,0.984323939176386,0.020992352839626853,0.984323939176386,0.027994106485719143,51.0,0.8800782997354762,0.12207728553303156,0.8800782997354762,0.07602421755878397,23.9,0.9777568103815113,0.028343169433892906,0.9777568103815113,0.03167162986350691,62.4,0.9848232796043989,0.019774134323686167,0.9848232796043989,0.025729197088277336
68.6,0.9868773658169747,0.016974704860228243,0.9868773658169747,0.02205956538944387,1392.0,0.9609726197823738,0.048175264963168,0.9609726197823738,0.040897239949369675,64.0,0.9861170584325449,0.018364735366645613,0.9861170584325449,0.02086703359342806,6.2,0.9873428178280937,0.016942163777105213,0.9873428178280937,0.020896049096499288,14.65,0.9854788166934894,0.019534929666346523,0.9854788166934894,0.027196821659608274,43.0,0.880757138560159,0.12137891320016819,0.880757138560159,0.07526759552699502,31.8,0.9787161533479093,0.027266881940580665,0.9787161533479093,0.03187792525558282,66.3,0.9848232796043989,0.019774134323686167,0.9848232796043989,0.026284688468993293
69.0,0.9862398410761878,0.017862325352048108,0.9862398410761878,0.022797985371178987,1463.0,0.9614899725586897,0.0476312605220964,0.9614899725586897,0.04060076895190082,43.0,0.9863073761415823,0.018079513102717666,0.9863073761415823,0.018733117875554844,2.3,0.9879574923748008,0.016187891611199802,0.9879574923748008,0.01914509262261236,14.81,0.9861884056748873,0.018683892534017886,0.9861884056748873,0.02626379799230608,45.0,0.8828473407550256,0.12026365804415894,0.8828473407550256,0.07513853681069252,31.4,0.9789826783832054,0.02700157288894123,0.9789826783832054,0.03283096846737898,67.5,0.9849441437519967,0.019628652737653685,0.9849441437519967,0.02688887375062609
100.0,0.9851483700828533,0.019375747108407695,0.9851483700828533,0.02370486391278917,1559.0,0.9608111337340066,0.04846220215451337,0.9608111337340066,0.04277492521048657,100.0,0.9854382196078622,0.019238824087401508,0.9854382196078622,0.020105968971862436,0.6281970010971596,0.9874450473090549,0.016829488423218263,0.9874450473090549,0.018405747293532573,27.1,0.9858804941139,0.019023391313095182,0.9858804941139,0.02661236966552295,58.0,0.8827365731096903,0.12036448720065726,0.8827365731096903,0.07495024514616415,39.6,0.9788496891344965,0.027167808298877286,0.9788496891344965,0.03322265350939192,68.2,0.9839634404039971,0.021011243473045768,0.9839634404039971,0.02844701936101106
22.4,0.9852591377281884,0.019248544527258674,0.9852591377281884,0.02260144914313304,1993.0,0.9612372701309426,0.04814736882682977,0.9612372701309426,0.042196279239077504,85.0,0.9862192879135061,0.01825235171588321,0.9862192879135061,0.017899077250912734,0.0,0.9874450473090549,0.016829488423218263,0.9874450473090549,0.018405747293532573,5.28,0.9858804941139,0.019023391313095182,0.9858804941139,0.02634788672143516,63.0,0.8808593680411202,0.12129092372990215,0.8808593680411202,0.07532474923551676,23.1,0.9791170224690562,0.026717959204005146,0.9791170224690562,0.03217576487677891,69.0,0.9834509953382512,0.02164766510030195,0.9834509953382512,0.02867358077263015
16.1,0.9859859876798813,0.01817693462993542,0.9859859876798813,0.022059263531792207,1424.0,0.9612372701309426,0.04814736882682977,0.9612372701309426,0.04251421978190782,36.0,0.985822799284788,0.018681337365527368,0.985822799284788,0.01854325831858708,10.9,0.9874450473090549,0.016829488423218263,0.9874450473090549,0.018405747293532573,3.21,0.986046887872837,0.018788396375779854,0.986046887872837,0.025782765784713356,33.0,0.8804467358724685,0.12181209231716103,0.8804467358724685,0.07458134182276346,19.6,0.9789267047600194,0.026999371575171686,0.9789267047600194,0.0321037164912337,66.3,0.983571859485849,0.021502623228757893,0.983571859485849,0.028152787444078113
40.8,0.9860882171608425,0.018064546949675152,0.9860882171608425,0.02242054262049996,773.0,0.9615711314048365,0.04778199142912168,0.9615711314048365,0.04102090104640848,45.0,0.985933566930123,0.018553966705735444,0.985933566930123,0.018579644319894745,0.6281970010971596,0.9876766791019879,0.01655541888216724,0.9876766791019879,0.01812956366238072,4.2,0.9859138986241284,0.01895699195146818,0.9859138986241284,0.025574407072159282,36.0,0.8788137720033993,0.12414061163361861,0.8788137720033993,0.07987918702346039,22.4,0.9794440575363353,0.02643305760988206,0.9794440575363353,0.03280869849593867,58.0,0.984370025534978,0.020565687137148285,0.984370025534978,0.02619319481539043
56.1,0.9856865397404316,0.018576586973193684,0.9856865397404316,0.023938328619446027,1845.0,0.9624471141451716,0.04674873905383094,0.9624471141451716,0.04005704373721289,19.0,0.986346199098775,0.017914225689972398,0.986346199098775,0.019468172207011764,-10.9,0.9873199676340136,0.01707701594751967,0.9873199676340136,0.019833008968730824,15.81,0.9851870486724355,0.020027946396125845,0.9851870486724355,0.028060143614563698,39.0,0.8774841240916389,0.12588071978965218,0.8774841240916389,0.0844220786556675,31.8,0.9797779188102295,0.026052732794350414,0.9797779188102295,0.03350033682269449,69.0,0.9858302510445699,0.018673058836848996,0.9858302510445699,0.024534939303054695
17.3,0.9863368817654564,0.017832971833739806,0.9863368817654564,0.02349375725385095,1865.0,0.9615711314048365,0.04778199142912168,0.9615711314048365,0.04137418793404989,20.0,0.9861983750746707,0.018111933386248974,0.9861983750746707,0.020639420433414456,0.0,0.9864736083718653,0.01840898018499561,0.9864736083718653,0.022571872431488282,5.02,0.9846189774930874,0.020773094698394858,0.9846189774930874,0.028979687867773923,28.0,0.8785172645361675,0.12497757902755029,0.8785172645361675,0.08374506539070647,22.4,0.9794440575363353,0.02643305760988206,0.9794440575363353,0.03312663903876899,63.5,0.9865090898692525,0.017798222498820945,0.9865090898692525,0.023523514532518847
18.8,0.986701502807098,0.01739055503520184,0.986701502807098,0.022320125135170718,1355.0,0.9621791211941362,0.04729492685869399,0.9621791211941362,0.04187183646919153,32.0,0.9856193491470818,0.018986430754347715,0.9856193491470818,0.021458184355475862,7.8,0.9853464358369038,0.02010426053518532,0.9853464358369038,0.024954712910426995,3.54,0.9841902017845024,0.021256584007160073,0.9841902017845024,0.030102394305207076,23.0,0.8788619329558587,0.12471552494820018,0.8788619329558587,0.08415687002200156,20.8,0.9790993891166443,0.026770322823782524,0.9790993891166443,0.03358593914228348,60.4,0.9862774580763197,0.018071666974728246,0.9862774580763197,0.024272944425565282
54.9,0.986701502807098,0.01739055503520184,0.986701502807098,0.021051508379402728,857.0,0.963128263977379,0.04643828972857717,0.963128263977379,0.04104930852875524,55.0,0.9858096668561188,0.01870147604325999,0.9858096668561188,0.021573120236648376,3.9,0.984152735362608,0.021725593665175267,0.984152735362608,0.027792126884970604,4.99,0.9844031989107985,0.021017838542979273,0.9844031989107985,0.02868655227771516,6.0,0.8777361962305235,0.12575799747154393,0.8777361962305235,0.08419587311244844,18.0,0.9783470619449286,0.02755196061581904,0.9783470619449286,0.034584987899900305,51.4,0.9866113193502137,0.017685733954809647,0.9866113193502137,0.023930230617701356
58.8,0.9864885056808017,0.017630662249839526,0.9864885056808017,0.021524325276032843,1190.0,0.9626810569456292,0.047011998977357104,0.9626810569456292,0.04079751410564468,35.0,0.985688802708521,0.0188472033945947,0.985688802708521,0.02235291195397856,-6.2,0.9842857246113169,0.021557682481724304,0.9842857246113169,0.029349628364635987,9.67,0.9848319746193839,0.020534136646422337,0.9848319746193839,0.02930576916544414,12.0,0.8778384257114846,0.12567091660008267,0.8778384257114846,0.08242172900522672,28.2,0.9786009153412352,0.02724229348802425,0.9786009153412352,0.03377196871848854,56.5,0.9867062337849049,0.017585728890006917,0.9867062337849049,0.023032843283710133
61.6,0.985199890771815,0.019356622677614316,0.985199890771815,0.023411160151203238,2157.0,0.9627759713803204,0.04691739424936007,0.9627759713803204,0.04015261099325201,20.0,0.9844508916585438,0.02038593941047999,0.9844508916585438,0.025274757592309294,0.0,0.9841379005872127,0.02175441868642815,0.9841379005872127,0.03139276247558245,21.42,0.9845240630583963,0.020872573776688046,0.9845240630583963,0.02955336111691104,19.0,0.880049492053949,0.12445643245875415,0.880049492053949,0.08242991989682102,33.7,0.9788139124675315,0.02700625879571991,0.9788139124675315,0.03440584029495663,69.4,0.9865090898692527,0.017798222498820945,0.9865090898692527,0.024706519323218774
56.9,0.9849190774990021,0.019722194894921063,0.9849190774990021,0.024909964623391605,1701.0,0.9627759713803204,0.04691739424936007,0.9627759713803204,0.04015261099325201,70.0,0.9849304138201361,0.01987800183208076,0.9849304138201361,0.024848145244247506,5.5,0.9842486682325476,0.021627618760373578,0.9842486682325476,0.031062579093587478,15.08,0.9837656741700116,0.02190055876565602,0.9837656741700116,0.030746652644359034,31.0,0.8778384257114845,0.12567091660008234,0.8778384257114845,0.08173684060768532,31.8,0.9791585808872224,0.02666918045893848,0.9791585808872224,0.033006480337525304,71.0,0.9867948108526357,0.017496206337508535,0.9867948108526357,0.023657674452600697
87.5,0.9842815527582149,0.020606230928679074,0.9842815527582149,0.025417847720579506,2936.0,0.9627759713803204,0.04691739424936007,0.9627759713803204,0.03875063942805578,76.0,0.9847174166938399,0.020117126555319376,0.9847174166938399,0.02565167436699959,0.0,0.9839407566715606,0.021965505682324898,0.9839407566715606,0.0323513636272629,39.28,0.9842325246926142,0.021349008900086456,0.9842325246926142,0.030172093052047416,40.0,0.8759375109755342,0.12658274491662103,0.8759375109755342,0.08205495856872058,38.4,0.9799109080589381,0.025886181416702198,0.9799109080589381,0.03200743157990848,67.8,0.9873738367802244,0.016619765638718892,0.9873738367802244,0.021996992771635193
100.0,0.9840276993619085,0.02091948940202489,0.9840276993619085,0.026574983516552603,2112.0,0.9644257600338633,0.045113647416306205,0.9644257600338633,0.037563658671408796,82.0,0.9855933994341751,0.019032345004070163,0.9855933994341751,0.024543691390960118,1.6,0.9838299890262252,0.022092226374920466,0.9838299890262252,0.03174275657558711,33.71,0.9852132280406138,0.01996636555210451,0.9852132280406138,0.02815798741673266,52.0,0.8743579709940362,0.12723470975404125,0.8743579709940362,0.08272634122606845,38.8,0.9796792762660052,0.02615582862087752,0.9796792762660052,0.032150264430037656,62.7,0.9878406873028271,0.016063620863791584,0.9878406873028271,0.021281537446602
79.2,0.9830469960139091,0.022299469538635375,0.9830469960139091,0.03001224647802445,2049.0,0.9658248615070629,0.04362239717032051,0.9658248615070629,0.03528245774529606,63.0,0.9858472528304815,0.018718085011281332,0.9858472528304815,0.02355626704480895,-0.8,0.983632845110573,0.022303176894929704,0.983632845110573,0.03277301649645815,23.99,0.9854035457496509,0.019681720552625674,0.9854035457496509,0.02775199451130215,62.0,0.872677395617975,0.12794209455083902,0.872677395617975,0.08346189117312114,34.9,0.9794569618063905,0.026506115852418483,0.9794569618063905,0.033174930774221595,66.7,0.9873738367802244,0.016619765638718892,0.9873738367802244,0.021780194754208282
71.8,0.983916152547629,0.02114575768145433,0.983916152547629,0.02916705703847213,2059.0,0.9665926454664164,0.042893303533769044,0.9665926454664164,0.03487876110143851,68.0,0.9861811141043756,0.018332544523972004,0.9861811141043756,0.02297109635758513,0.0,0.9831659945879704,0.022853925336662997,0.9831659945879704,0.032884368019706345,21.72,0.9846224774440069,0.020666219420934148,0.9846224774440069,0.0287677450118524,61.0,0.8713613411836028,0.1291977522072096,0.8713613411836028,0.08258937065764294,33.7,0.9801665507877887,0.025665498113489338,0.9801665507877887,0.0323711988129798,67.8,0.9867234947551997,0.017364986877717783,0.9867234947551997,0.02337456868760117
25.9,0.9836019347645878,0.021576484614215886,0.9836019347645878,0.030472240082053504,2233.0,0.9655263450170444,0.04420889441984731,0.9655263450170444,0.03614330895914477,92.0,0.9861811141043756,0.018332544523972004,0.9861811141043756,0.023197259074731042,10.9,0.9829343627950374,0.023125223454639434,0.9829343627950374,0.032980340846213485,5.97,0.9840607124867131,0.02131770711384114,0.9840607124867131,0.02821338966274125,79.0,0.8692000697899767,0.13252275509974043,0.8692000697899767,0.0901987930177369,23.5,0.9797480848899672,0.026068574050189978,0.9797480848899672,0.03284335311843655,68.6,0.9863896334813056,0.017751073679094488,0.9863896334813056,0.022695342913348616
100.0,0.9843603236529725,0.020548426339577087,0.9843603236529725,0.028943117820638162,2203.0,0.9654314305823534,0.04430406207746962,0.9654314305823534,0.03503481117227018,73.0,0.985816493062734,0.01877437284086732,0.985816493062734,0.024066870121594846,3.9,0.9826486418116545,0.02342438178135577,0.9826486418116545,0.03375690615224451,34.1,0.9838943187277761,0.02155178816048326,0.9838943187277761,0.028087353025373733,83.0,0.8684190014843326,0.13328573868905558,0.8684190014843326,0.09362349582615842,38.0,0.979748084889967,0.026068574050189974,0.979748084889967,0.03323772063552076,63.5,0.9862687693337078,0.017897005926328355,0.9862687693337078,0.022678192752380966
82.4,0.9843603236529725,0.020548426339577087,0.9843603236529725,0.028943117820638162,2272.0,0.9666309647858189,0.04296879397103353,0.9666309647858189,0.03374678782117579,62.0,0.9855499680274379,0.019043860984244966,0.9855499680274379,0.0248554341516271,0.8,0.9828457857273066,0.023213876182642673,0.9828457857273066,0.032726646231373474,27.27,0.9847634752614961,0.02039638830906631,0.9847634752614961,0.025513193185364373,82.0,0.8680005355865109,0.1335883219734043,0.8680005355865109,0.09012671002449041,35.7,0.9802605299557129,0.025436944825735854,0.9802605299557129,0.03159608331320322,67.8,0.9874624698080035,0.016267444037656606,0.9874624698080035,0.02195862902631683
50.2,0.9856489385619595,0.018825538136253275,0.9856489385619595,0.025981002610212012,2229.0,0.9675069475261542,0.041925290997310224,0.9675069475261542,0.03316236678471648,31.0,0.986597561368378,0.017787142411228907,0.986597561368378,0.02403908606247938,-0.8,0.9822777145479588,0.023955356251235255,0.9822777145479588,0.0344109940684278,16.01,0.984929869020433,0.02016189885193702,0.984929869020433,0.0244937227702531,33.67243525896414,0.8705623105445752,0.1321164881220399,0.8705623105445752,0.08981906599032034,31.8,0.9800702122466758,0.025718946755173888,0.9800702122466758,0.03184765614623858,69.8,0.9869829476464113,0.016778491088814775,0.9869829476464113,0.023400326767683916
30.2,0.9852017315302094,0.019426194084227917,0.9852017315302094,0.02713066885584266,2149.0,0.9675069475261542,0.041925290997310224,0.9675069475261542,0.03316236678471648,20.0,0.9868783746411909,0.017420377452480186,0.9868783746411909,0.02453002018837554,0.0,0.9819969012751458,0.024318496377821994,0.9819969012751458,0.0356548762674948,8.86,0.983965309212367,0.02133384974743848,0.983965309212367,0.026263652503965153,74.0,0.8700954600219726,0.132542415774997,0.8700954600219726,0.08909037554243605,27.5,0.9789671620945949,0.02692300080044336,0.9789671620945949,0.03345746774790268,74.9,0.9865160971238085,0.017333801404741667,0.9865160971238085,0.023793650493218823
89.4,0.9856489385619595,0.018825538136253275,0.9856489385619595,0.02612730701094085,2432.0,0.9689667091462091,0.040250373414906164,0.9689667091462091,0.03255651139487654,34.0,0.9879698456345256,0.015902063045989765,0.9879698456345256,0.02167632345294915,0.0,0.9829776046231453,0.022942052768554166,0.9829776046231453,0.033867781534131086,33.32,0.9839653092123672,0.021333849747438485,0.9839653092123672,0.0267230102191058,36.0,0.8722408689567874,0.12975972985548698,0.8722408689567874,0.08887821721497213,37.3,0.9787133086982884,0.027232871937126726,0.9787133086982884,0.033525894082532606,67.5,0.9862622437275022,0.017648637407766763,0.9862622437275022,0.02380724691914597
56.5,0.9865249213022944,0.017738549607185114,0.9865249213022944,0.024967305773788265,1837.0,0.9699821392749282,0.03859281402320881,0.9699821392749282,0.03185478354071361,48.0,0.9871887773288814,0.016892197193997788,0.9871887773288814,0.023534088315225465,-4.7,0.9839717879093979,0.021422128287286794,0.9839717879093979,0.032255061413354255,15.24,0.9836573976513797,0.02167172739542071,0.9836573976513797,0.027000988051835973,42.0,0.8734345694310832,0.12847676493551202,0.8734345694310832,0.08723986471160211,31.8,0.9789671620945949,0.02692300080044336,0.9789671620945949,0.03261082954482073,70.2,0.986452561436539,0.01736323393092509,0.986452561436539,0.024701733185241662
42.4,0.9874963073169756,0.016463882901921315,0.9874963073169756,0.0232444064975994,2619.0,0.9708512958086483,0.0374695487163818,0.9708512958086483,0.03085640577805332,30.0,0.9871887773288814,0.016892197193997788,0.9871887773288814,0.023534088315225465,-0.8,0.9832133990210131,0.022449094561318723,0.9832133990210131,0.03558625005254925,16.6,0.9845333803917149,0.020589535502207136,0.9845333803917149,0.026412674115433007,59.0,0.8735453370764183,0.1283783469276645,0.8735453370764183,0.08678056799297218,31.8,0.9793010233684889,0.02654303696578509,0.9793010233684889,0.03313647245329921,74.5,0.9869570969286177,0.016644185576111123,0.9869570969286177,0.02322548017764835
20.0,0.9874963073169756,0.016463882901921315,0.9874963073169756,0.022894733297117772,1983.0,0.9716494618577773,0.03655830123018815,0.9716494618577773,0.02975110577337053,44.0,0.9861945940426288,0.018421799326199754,0.9861945940426288,0.024424960457840462,3.9,0.9830004018947168,0.02268723034393911,0.9830004018947168,0.03590877977039447,11.0,0.9842191626086735,0.021020718715615297,0.9842191626086735,0.027775336429408624,61.0,0.8735453370764183,0.1283783469276645,0.8735453370764183,0.08678056799297218,30.6,0.9788883911998374,0.0271744633416764,0.9788883911998374,0.03476654445241224,63.5,0.9870593264095786,0.016531524742134596,0.9870593264095786,0.02363814043060751
51.8,0.9866271507832557,0.017626053015304535,0.9866271507832557,0.02431322138593384,2043.0,0.9709226119060842,0.037600175096219234,0.9709226119060842,0.029927614716671207,43.0,0.9855799194959217,0.019173296406268588,0.9855799194959217,0.02417709140839254,-3.1,0.9826861841116756,0.02311705094981729,0.9826861841116756,0.035166045721147496,17.63,0.9846663696404235,0.020421403656422896,0.9846663696404235,0.027810456099297994,62.0,0.8735453370764183,0.1283783469276645,0.8735453370764183,0.08678056799297218,32.2,0.9786210578652776,0.027624079286190362,0.9786210578652776,0.03495619850367225,70.2,0.9877381652342615,0.015654093613567677,0.9877381652342615,0.023733912591975232
46.3,0.9870288282036663,0.017113123145219056,0.9870288282036663,0.023150082250136702,2074.0,0.9694615780972285,0.039617476455266275,0.9694615780972285,0.03142316062717142,96.0,0.9855799194959217,0.019173296406268588,0.9855799194959217,0.023558694404012606,3.1,0.9822574084030905,0.023598532465739695,0.9822574084030905,0.03626905488523725,14.14,0.9840160276153987,0.02116200908358678,0.9840160276153987,0.027782249537338075,66.0,0.8735453370764183,0.1283783469276645,0.8735453370764183,0.08678056799297218,31.0,0.9781738508335276,0.028216307490396445,0.9781738508335276,0.03505545418446995,71.4,0.9884170040589445,0.01477544080033546,0.9884170040589445,0.022297032089705928
100.0,0.9864607570243187,0.01786138602323796,0.9864607570243187,0.024417684399921518,2307.0,0.9687092509255131,0.04038103738838371,0.9687092509255131,0.03145708341667165,24.0,0.9855799194959217,0.019173296406268588,0.9855799194959217,0.023558694404012606,4.7,0.9816956434457966,0.0242467206346629,0.9816956434457966,0.037914650691236146,22.97,0.9833785028746118,0.022044277784506724,0.9833785028746118,0.028645166683236214,65.0,0.8749811698722333,0.12782346516307316,0.8749811698722333,0.08523163272545727,29.4,0.9772145078671296,0.02929103724254641,0.9772145078671296,0.03669561521669549,62.0,0.9879045589931986,0.015418076278492942,0.9879045589931986,0.023373790588019274
30.6,0.9864607570243187,0.01786138602323796,0.9864607570243187,0.024417684399921518,835.0,0.9689222480518092,0.04015039738592921,0.9689222480518092,0.03172432966065393,33.0,0.9853260660996155,0.019487351296477405,0.9853260660996155,0.024502894792728894,3.9,0.9806480501048568,0.025490107120800406,0.9806480501048568,0.04021712616888767,3.48,0.9845603267622679,0.020107638269755628,0.9845603267622679,0.024237886400302364,36.0,0.8773489351307866,0.126482576845643,0.8773489351307866,0.08517296888606209,19.6,0.9765574915531111,0.02991475059832402,0.9765574915531111,0.03670930376510231,60.0,0.9877567349690944,0.015616478372483391,0.9877567349690944,0.023385585328964825
52.9,0.9857339070726258,0.01893375771040892,0.9857339070726258,0.02552761646619298,857.0,0.9696745752235251,0.039386475826905375,0.9696745752235251,0.0316904068711537,64.0,0.9845992161479223,0.020557258824432847,0.9845992161479223,0.02394260718300275,-0.8,0.9805150608561479,0.025656842801446113,0.9805150608561479,0.04089699138879959,9.66,0.9845603267622679,0.020107638269755628,0.9845603267622679,0.024237886400302364,15.0,0.8789596151640611,0.1257797982633758,0.8789596151640611,0.08464006914460362,29.0,0.9765574915531111,0.02991475059832402,0.9765574915531111,0.03696872784103733,55.7,0.9869983460807095,0.01665198236583661,0.9869983460807095,0.02526187688933957
17.6,0.9857339070726258,0.01893375771040892,0.9857339070726258,0.027251961674259296,1772.0,0.9700192436432159,0.03905712264462756,0.9700192436432159,0.031740213662274704,53.0,0.9841323656253197,0.021109397232668484,0.9841323656253197,0.02504991546959099,-1.6,0.9805150608561479,0.025656842801446113,0.9805150608561479,0.041193669860616094,4.24,0.9850075337940178,0.019507694203306593,0.9850075337940178,0.022651460372597354,25.0,0.8808126794333013,0.12487112754049513,0.8808126794333013,0.08458208511668935,23.9,0.976325859760178,0.03018247730488281,0.976325859760178,0.03704300722845119,62.7,0.9871886637897466,0.016366168656606256,0.9871886637897466,0.024661139913415266
62.4,0.9861303957013439,0.018504913612107945,0.9861303957013439,0.026947681480107708,2361.0,0.9696745752235251,0.039386475826905375,0.9696745752235251,0.031804164281835676,20.0,0.9836528434637273,0.021616307354695632,0.9836528434637273,0.02632911116207005,0.0,0.9801024286874962,0.02628945294247183,0.9801024286874962,0.04328491660699998,18.92,0.9842491449056329,0.020537251052529175,0.9842491449056329,0.023420325048272253,26.0,0.8814032845196363,0.12442492760631171,0.8814032845196363,0.08644571229357226,27.1,0.9765574915531111,0.02991475059832402,0.9765574915531111,0.03756658506456746,70.2,0.9873216530384552,0.01619699948899853,0.9873216530384552,0.02357125243533871
100.0,0.985451556876661,0.019378918008369335,0.985451556876661,0.028804580670990787,2039.0,0.9684808747492293,0.04095747200244342,0.9684808747492293,0.032663837993686023,92.0,0.9832511660433165,0.022125595490400586,0.9832511660433165,0.027953660970557095,6.2,0.9807028149966864,0.02564264106607308,0.9807028149966864,0.04177193401871562,37.0,0.9832684415576335,0.02191793229818982,0.9832684415576335,0.025408647143135957,55.0,0.8773025818346198,0.12824442059508273,0.8773025818346198,0.09194894109525018,51.8,0.9765574915531111,0.029914750598324737,0.9765574915531111,0.03756658506456746,59.6,0.9876783645064292,0.015675083569561123,0.9876783645064292,0.02242785570749009
20.0,0.984203520194102,0.021216496726805912,0.984203520194102,0.03282009460571552,1906.0,0.9695140151937579,0.03984091368216922,0.9695140151937579,0.03116124580399383,46.0,0.9832511660433165,0.022125595490400586,0.9832511660433165,0.027149590163712146,3.9,0.9801024286874964,0.026289452942471835,0.9801024286874964,0.04362197579966676,8.1,0.9834587592666705,0.021634242050991636,0.9834587592666705,0.024305032435820915,57.0,0.8756919018013457,0.12894047627275843,0.8756919018013457,0.09251390854851485,29.8,0.975688335019391,0.031051741104215283,0.975688335019391,0.037721262900977034,77.3,0.9875453752577208,0.01584438571626276,0.9875453752577208,0.02305240263219577
41.2,0.9844573735904084,0.020903256974889997,0.9844573735904084,0.032249907005923194,1918.0,0.9695140151937579,0.03984091368216922,0.9695140151937579,0.03116124580399383,18.0,0.9819351116089443,0.023728408056418515,0.9819351116089443,0.029428410612743514,0.0,0.9789087282132006,0.027894353634885575,0.9789087282132006,0.046350498184864676,11.64,0.9830115522349206,0.022232247485518702,0.9830115522349206,0.024094938996283847,54.0,0.8749650518496526,0.12979700090807827,0.8749650518496526,0.09458352094917405,29.0,0.9751093090918023,0.03190900624705237,0.9751093090918023,0.03949535388994791,71.8,0.9883264435633646,0.014853055805102247,0.9883264435633646,0.021131898246506093
19.2,0.9853333563307434,0.019819470594674468,0.9853333563307434,0.031666110879109595,1057.0,0.9709750490026133,0.03782383363434085,0.9709750490026133,0.029665699893493616,33.0,0.9820559757565421,0.023583854045143175,0.9820559757565421,0.02863301938193109,4.7,0.9796183171945987,0.027055233873806147,0.9796183171945987,0.0458054608856885,3.28,0.9839761120429866,0.021062353525023503,0.9839761120429866,0.023637727643322264,18.0,0.8732707828962506,0.1318617313410795,0.8732707828962506,0.09683892250271808,18.0,0.9741574146503525,0.03284561598030406,0.9741574146503525,0.039903030694734096,56.9,0.9892076431453677,0.013824928560808964,0.9892076431453677,0.01928825755639577
31.8,0.9853333563307434,0.019819470594675193,0.9853333563307434,0.031697882124493516,814.0,0.9710772784835745,0.03771528315578141,0.9710772784835745,0.02985981129737117,34.0,0.9817751624837292,0.023947015309499223,0.9817751624837292,0.02909757583996346,-2.3,0.9801973431221873,0.026190963287810422,0.9801973431221873,0.04353654419073532,3.33,0.9839761120429866,0.021062353525023503,0.9839761120429866,0.023622733512464352,2.0,0.8700619181616844,0.1361524006788765,0.8700619181616844,0.09891071248147779,19.6,0.9739035612540461,0.03315235216094288,0.9739035612540461,0.04142574512588389,58.0,0.9889946460190714,0.014066432561604229,0.9889946460190714,0.020113031843437008
43.5,0.9855649881236764,0.019546706810002482,0.9855649881236764,0.03085768833420948,792.0,0.9698777442801088,0.03906368004660254,0.9698777442801088,0.031197969748641887,36.0,0.9815528480241146,0.024298577639879013,0.9815528480241146,0.030245455567437036,9.4,0.9809784114278314,0.02521543550232609,0.9809784114278314,0.04209998597436613,4.61,0.9842299654392931,0.020749148892830357,0.9842299654392931,0.022211968783421774,3.0,0.8698647742460323,0.13631201709623544,0.8698647742460323,0.09702688940870063,21.6,0.9747634004544479,0.03193897630935618,0.9747634004544479,0.039604610417752754,52.5,0.9895070910848175,0.013422370359326318,0.9895070910848175,0.01979306515935332
70.2,0.9852311268497824,0.019931587288186628,0.9852311268497824,0.03133950123971025,1088.0,0.9704458154594566,0.03834075585192462,0.9704458154594566,0.030546466850442513,19.0,0.9822313777176997,0.023577389193723753,0.9822313777176997,0.028329683673804208,5.5,0.9809784114278314,0.02521543550232609,0.9809784114278314,0.04126008044775407,10.12,0.9839220538783057,0.021087303960062052,0.9839220538783057,0.022656585286487802,19.0,0.8695001532043908,0.1366505546263202,0.8695001532043908,0.09692367872691227,30.2,0.9733023666455924,0.03397320220423976,0.9733023666455924,0.04156232712997235,57.3,0.9893406973258804,0.013659114628401565,0.9893406973258804,0.020798128202559524
32.2,0.9853333563307434,0.019819470594674468,0.9853333563307434,0.03157745345526808,1774.0,0.9704458154594564,0.038340755851924604,0.9704458154594564,0.03098215794044817,45.0,0.9825121909905128,0.023213947185500884,0.9825121909905128,0.027865127215771834,-0.8,0.9807654143015351,0.025452407065063003,0.9807654143015351,0.040268479680094005,8.75,0.9842299654392931,0.020749148892830357,0.9842299654392931,0.021210500086657855,29.0,0.8653516000526639,0.14035344117128504,0.8653516000526639,0.09793038947807822,27.8,0.9725212983399483,0.034933746903970594,0.9725212983399483,0.04319400340254862,74.1,0.9893406973258804,0.013659114628401565,0.9893406973258804,0.020798128202559524
98.8,0.9844641997970233,0.02097606939897781,0.9844641997970233,0.033891667876876606,2786.0,0.9690559635469539,0.039963363994112315,0.9690559635469539,0.03080719300953067,99.0,0.9820834152819277,0.023695297554519774,0.9820834152819277,0.02947477271333567,0.0,0.9810733258625224,0.025116749364380082,0.9810733258625224,0.0407910889028905,47.74,0.9841091012916953,0.020894383885672125,0.9841091012916953,0.02180689724925564,43.0,0.8633251621705139,0.14129952051262287,0.8633251621705139,0.0976039085904944,42.0,0.972775151736255,0.03462793549507265,0.972775151736255,0.041578094957567625,67.1,0.9888233445495642,0.01423811450778771,0.9888233445495642,0.022422583676669387
100.0,0.9843534321516884,0.02110297147035076,0.9843534321516884,0.03491421403157889,2305.0,0.9688429664206577,0.040194079378778585,0.9688429664206577,0.029895836117847907,95.0,0.9816546395733425,0.024176218764146603,0.9816546395733425,0.02977324073765824,3.1,0.981652351790111,0.024250004310449703,0.981652351790111,0.039829879396821775,42.81,0.9841091012916953,0.020894383885671764,0.9841091012916953,0.02183759927785676,58.0,0.8607633872124497,0.14272533293877004,0.8607633872124497,0.09708894633320564,83.5,0.9730067835291877,0.034362292928814736,0.9730067835291877,0.04078680501878786,59.6,0.9890068360519861,0.014047507549876126,0.9890068360519861,0.022094649835889383
30.6,0.9839888111100467,0.02154292928310084,0.9839888111100467,0.036027593483392344,1884.0,0.9694047313779515,0.03956398503097968,0.9694047313779515,0.02847754712841483,23.0,0.9795134727192882,0.02718155169705571,0.9795134727192882,0.03249186680828749,0.0,0.9813076833704201,0.024588838601575194,0.9813076833704201,0.04052851297622104,8.49,0.9832331185513603,0.021975821845373115,0.9832331185513603,0.02351921939481434,52.0,0.8601727821261146,0.14314456763488564,0.8601727821261146,0.09580930181965253,27.1,0.9730067835291877,0.034362292928814736,0.9730067835291877,0.03914554943041412,74.1,0.9893210538350273,0.013611946957902027,0.9893210538350273,0.020833657053227282
70.6,0.9842204429029797,0.021270956039346672,0.9842204429029797,0.03569807994314481,1668.0,0.9688141262916163,0.04012236405065196,0.9688141262916163,0.02864881850628723,45.0,0.9786536335188866,0.02840529582364653,0.9786536335188866,0.03431483601662611,-7.0,0.9807396121910722,0.025328319626934395,0.9807396121910722,0.04210531252295157,17.85,0.9827859115196103,0.022573530135972013,0.9827859115196103,0.022588072200576414,49.0,0.8626869455771866,0.14014721265546073,0.8626869455771866,0.0912795566573516,32.5,0.9732741168637474,0.033917193836028266,0.9732741168637474,0.03724991082904565,67.5,0.9893210538350273,0.013611946957902027,0.9893210538350273,0.01999224220091353
55.7,0.9844877762375394,0.02081695649791995,0.9844877762375394,0.034613279717010434,1614.0,0.9688141262916163,0.04012236405065196,0.9688141262916163,0.02864881850628723,47.0,0.9790824092274718,0.027927761719027503,0.9790824092274718,0.032705190519062274,0.8,0.9809934655873787,0.02501728492103147,0.9809934655873787,0.04138059414299252,12.96,0.9833539826989579,0.021830853620516004,0.9833539826989579,0.02149415072265032,46.0,0.8626869455771866,0.14014721265546073,0.8626869455771866,0.0912795566573516,30.6,0.9719153125358532,0.035836342329152504,0.9719153125358532,0.04031977868606025,69.0,0.9891732298109231,0.013810910053799723,0.9891732298109231,0.021058839046090065
56.9,0.9849349832692892,0.020217380176300773,0.9849349832692892,0.0335104706502806,1528.0,0.967478271152915,0.04157503594992718,0.967478271152915,0.02868770386167605,45.0,0.9790824092274718,0.027927761719027503,0.9790824092274718,0.032705190519062274,3.1,0.9809934655873787,0.02501728492103147,0.9809934655873787,0.039532659109807175,12.4,0.9835018067230623,0.021634290800661225,0.9835018067230623,0.02127970154201834,45.0,0.8609593867330353,0.1419481903560424,0.8609593867330353,0.09258595995256302,30.2,0.972048301784562,0.03567252301978045,0.972048301784562,0.040334085702729304,68.2,0.9893210538350276,0.01361194695790203,0.9893210538350276,0.020490716079180113
36.9,0.985549657815996,0.019467041786436472,0.985549657815996,0.033950992691180265,1346.0,0.9665263767114652,0.042494308742055995,0.9665263767114652,0.028363711453200012,54.0,0.9790824092274718,0.027927761719027503,0.9790824092274718,0.032705190519062274,3.1,0.9819648516020597,0.02375716202917398,0.9819648516020597,0.03672301241047852,7.26,0.9833301961224574,0.021803102933723183,0.9833301961224574,0.02182493191250638,40.0,0.8604017211870479,0.14237349154025028,0.8604017211870479,0.09042913538982444,25.5,0.9713698991456998,0.03627430472324351,0.9713698991456998,0.041306062674498475,69.8,0.9898255893271058,0.012888844113627574,0.9898255893271058,0.019280880754294735
66.7,0.9854474283350353,0.019579220554105718,0.9854474283350353,0.03466235792766566,1380.0,0.9666286061924264,0.042386786121098675,0.9666286061924264,0.028036874872461717,35.0,0.9798634775331158,0.026954775699034643,0.9798634775331158,0.03061998105576979,7.8,0.9819648516020597,0.02375716202917398,0.9819648516020597,0.036161552270756236,13.08,0.9834510602700552,0.021658098634689926,0.9834510602700552,0.022898815422875817,43.0,0.8621653300959831,0.141653124264435,0.8621653300959831,0.09055679538993852,29.0,0.9714806667910352,0.03615086937284281,0.9714806667910352,0.04243661055825293,65.5,0.9893210538350273,0.013611946957902027,0.9893210538350273,0.021007267266363
17.6,0.9858041398030093,0.019059541553420378,0.9858041398030093,0.03410646013977193,1638.0,0.9652514142157086,0.04412908532382972,0.9652514142157086,0.029059882401707034,29.0,0.9817548904021699,0.024188053513951934,0.9817548904021699,0.028279706476920696,3.9,0.9809317111575312,0.02490608096756115,0.9809317111575312,0.03691149431586375,4.28,0.9842974195322036,0.020333105117430823,0.9842974195322036,0.020722096033277685,37.0,0.8655505723060275,0.1391799885726629,0.8655505723060275,0.08873502959405477,21.6,0.9722075167427281,0.03510728043068482,0.9722075167427281,0.04331739375644295,63.9,0.9896018671078404,0.013242956821631232,0.9896018671078404,0.020359400315320814
42.4,0.9852360686236614,0.019805729374688552,0.9852360686236614,0.03547045987499152,800.0,0.9648497367952978,0.04461914030252972,0.9648497367952978,0.029653806251303826,32.0,0.9823125559481573,0.02361125964978058,0.9823125559481573,0.02715966073262679,-0.8,0.9808108470099334,0.025050299905769007,0.9808108470099334,0.03789730408981917,4.4,0.9841765553846058,0.02047840150139769,0.9841765553846058,0.021303499065017547,24.0,0.8675537165229392,0.13822892653809088,0.8675537165229392,0.08823323141237645,20.4,0.9722075167427281,0.03510728043068517,0.9722075167427281,0.04212641553192612,62.7,0.9887327105741205,0.01441049778207988,0.9887327105741205,0.021285760092274005
29.8,0.9858150945512503,0.01893206205331712,0.9858150945512503,0.03226575743898582,738.0,0.9644851157536561,0.04504117787045701,0.9644851157536561,0.02980021125065757,54.0,0.9823125559481573,0.02361125964978058,0.9823125559481573,0.02792382318665536,-2.3,0.9809216146552687,0.02492431740329558,0.9809216146552687,0.03718724507959108,3.99,0.9841765553846058,0.02047840150139769,0.9841765553846058,0.021303499065017547,33.67243525896414,0.8691643965562135,0.1375609972017632,0.8691643965562135,0.0884928069571151,20.8,0.9711160457493936,0.03657921786277713,0.9711160457493936,0.04370289309884274,54.1,0.9877613245594394,0.01568881992550654,0.9877613245594394,0.02327914838109479
65.5,0.9858150945512503,0.01893206205331712,0.9858150945512503,0.03250505463578387,1411.0,0.9651639545783393,0.0442043919967492,0.9651639545783393,0.029279944548358736,53.0,0.9822176415134662,0.023710222054627545,0.9822176415134662,0.028250495914156758,-1.6,0.9801632257668838,0.02594528753046305,0.9801632257668838,0.039728040837185466,13.35,0.9847446265639537,0.01973342849754994,0.9847446265639537,0.02123443737328595,34.0,0.8711196903064149,0.13660858063550935,0.8711196903064149,0.08888458088966532,31.0,0.9704785210086064,0.037439429771368334,0.9704785210086064,0.04476856411065043,65.9,0.9871822986318507,0.016566158150088002,0.9871822986318507,0.02418411021344102
64.3,0.985500876768209,0.019364352184187535,0.985500876768209,0.03163384310283346,1793.0,0.9652848187259371,0.0440649713866725,0.9652848187259371,0.029553027742194232,75.0,0.9825863960297235,0.023331518736579026,0.9825863960297235,0.027442809102504954,-0.8,0.9798553142058964,0.026280358843980195,0.9798553142058964,0.04093510581175226,17.17,0.9839862376755689,0.02076252846883724,0.9839862376755689,0.021757047528004895,42.0,0.8686519514904675,0.13805169035423154,0.8686519514904675,0.0907709931446203,32.2,0.9691197166807122,0.03934785384158692,0.9691197166807122,0.0454702896356651,68.6,0.9876491491544533,0.01601009890600217,0.9876491491544533,0.022790757691960598
100.0,0.985500876768209,0.019364352184187895,0.985500876768209,0.0320799876868928,2214.0,0.9644625818466689,0.04487878630542697,0.9644625818466689,0.02984573660876089,102.0,0.9823733989034272,0.023569305135153235,0.9823733989034272,0.027792555708206372,0.6281970010971596,0.9798553142058964,0.026280358843980195,0.9798553142058964,0.04093510581175226,38.41,0.9835574619669836,0.021245699911866478,0.9835574619669836,0.021822747695044154,56.0,0.8661600718751903,0.13948886539113786,0.8661600718751903,0.0918275571946666,42.4,0.967323218246349,0.04195252171466409,0.967323218246349,0.04867995078779586,62.4,0.9880058606224273,0.015487938544680209,0.9880058606224273,0.021529882294303755
21.6,0.9859480837999588,0.018763480520676928,0.9859480837999588,0.031866824002184886,1972.0,0.9641546702856817,0.04520218068892268,0.9641546702856817,0.030150679124626194,34.0,0.9823733989034272,0.023569305135153235,0.9823733989034272,0.0275471040397084,5.5,0.9808884546504252,0.025134205894430717,0.9808884546504252,0.038692687379986775,29.74,0.9833036085706773,0.02155855500758573,0.9833036085706773,0.021963176650914306,57.0,0.8620115187234636,0.14315883447716368,0.8620115187234636,0.09170030832155993,37.6,0.9671260743306969,0.04215573475020586,0.9671260743306969,0.04807627257203922,63.1,0.9881722543813644,0.015251827843421053,0.9881722543813644,0.0215185524328258
34.9,0.9861797155928917,0.018490292706807677,0.9861797155928917,0.031464502843283226,1437.0,0.9652461412790163,0.04375113573404384,0.9652461412790163,0.02904084213627044,43.0,0.982373398903427,0.02356930513515323,0.982373398903427,0.028232697832594487,-2.3,0.9816153046021181,0.024071833798834805,0.9816153046021181,0.0365556755302314,7.75,0.9829071199419588,0.021984895293194254,0.9829071199419588,0.023365090152282126,46.0,0.8621593427475679,0.14300819624514843,0.8621593427475679,0.09179577141392836,26.3,0.9671260743306969,0.04215573475020586,0.9671260743306969,0.04807627257203922,71.4,0.9878034998651075,0.015635799217564063,0.9878034998651075,0.02204662476925682
49.4,0.986513576866786,0.018104540854743497,0.986513576866786,0.030279696366406234,1579.0,0.9637851074701609,0.04574665085955493,0.9637851074701609,0.030182711283416198,37.0,0.982039537629533,0.023951528770314007,0.982039537629533,0.029201872352724423,0.0,0.982863341284677,0.02224285325106882,0.982863341284677,0.03300381892912245,11.26,0.9824599129102088,0.02258239455982839,0.9824599129102088,0.023049312783882375,52.0,0.8613129834854194,0.14404355927929013,0.8613129834854194,0.09076382058165734,29.8,0.9669130772044006,0.042385472693956185,0.9669130772044006,0.0487497426564711,69.8,0.9876200083626855,0.015825872835729924,0.9876200083626855,0.02265280071738558
40.4,0.987128251413493,0.01735164375633808,0.987128251413493,0.02857552623101462,1783.0,0.9637851074701609,0.04574665085955493,0.9637851074701609,0.030182711283416198,19.0,0.9809919442885929,0.02519568431899438,0.9809919442885929,0.031254767985908295,-3.9,0.9829741089300124,0.022116278917400766,0.9829741089300124,0.03339676830848699,7.97,0.983169501891607,0.021736249943399257,0.983169501891607,0.021654872735089276,56.0,0.8590653450696433,0.14682975073270138,0.8590653450696433,0.09490304737430688,26.7,0.9665484561627589,0.042809327500990584,0.9665484561627589,0.049673809035766195,72.5,0.9888579194126625,0.014276309191876451,0.9888579194126625,0.019660019010044272
37.3,0.9869379337044559,0.017637249586226325,0.9869379337044559,0.028871758878620066,900.0,0.9637851074701609,0.04574665085955493,0.9637851074701609,0.030182711283416198,32.0,0.9809919442885929,0.02519568431899438,0.9809919442885929,0.031254767985908295,-4.7,0.9840404093793844,0.020751227270809774,0.9840404093793844,0.03093629585038681,4.12,0.983169501891607,0.021736249943399257,0.983169501891607,0.021654872735089276,39.0,0.8595777901353892,0.14635151310813166,0.8595777901353892,0.09361308715084357,19.2,0.9665484561627589,0.042809327500990584,0.9665484561627589,0.049673809035766195,64.7,0.9889787835602601,0.014129539847871617,0.9889787835602601,0.01997463811482782
62.0,0.9875754584452429,0.016748839488170034,0.9875754584452429,0.027547024039859574,1281.0,0.9640167392630937,0.045486288000831834,0.9640167392630937,0.03003788040772098,65.0,0.9810941737695541,0.02508461639122213,0.9810941737695541,0.03147965044678869,-3.1,0.9847189390729696,0.020025681349027758,0.9847189390729696,0.03042813570511104,13.14,0.9830486377440092,0.021881201591349292,0.9830486377440092,0.022616059740716978,34.0,0.8600246880360414,0.14602351956720422,0.8600246880360414,0.09367460045673742,31.4,0.9667614532890553,0.04257977661868581,0.9667614532890553,0.04900033895133432,65.1,0.9889787835602601,0.014129539847871617,0.9889787835602601,0.01997463811482782
79.2,0.9873624613189467,0.016989304471132085,0.9873624613189467,0.028083137719464718,1800.0,0.9637502142277978,0.04574220304185661,0.9637502142277978,0.031085641524969305,44.0,0.9806976851408358,0.025508534224302392,0.9806976851408358,0.03245425667786137,2.3,0.9847189390729696,0.02002568134902812,0.9847189390729696,0.028992707356825867,21.0,0.9825361926782633,0.022516557366690615,0.9825361926782633,0.023459266018751933,41.0,0.8617522468801929,0.1442332975805875,0.8617522468801929,0.09181086149558561,33.7,0.9666405891414575,0.042719613079780734,0.9666405891414575,0.048719473369558064,66.3,0.9888123898013234,0.014366036304708693,0.9888123898013234,0.02032887634318936
48.2,0.9871494641926504,0.017229664147744808,0.9871494641926504,0.028599113127002636,2044.0,0.9634619524300364,0.04598323933944463,0.9634619524300364,0.0299327940455642,37.0,0.98147875344648,0.024531944069552825,0.98147875344648,0.030041289512502296,6.2,0.9848519283216784,0.019857440620693074,0.9848519283216784,0.02767605866474298,14.48,0.9827333365939155,0.02230589477467964,0.9827333365939155,0.023187849584025776,43.0,0.861863014525528,0.14413865984580962,0.861863014525528,0.09294078406308869,31.0,0.9681016229503129,0.04071320939000203,0.9681016229503129,0.04691533952311254,71.0,0.9886794005526145,0.014535713768842617,0.9886794005526145,0.019722452040498193
29.4,0.988240935185985,0.015710711684820397,0.988240935185985,0.02667132455850506,2088.0,0.9634619524300364,0.04598323933944463,0.9634619524300364,0.0299327940455642,34.0,0.9822769194956088,0.02359953806766183,0.9822769194956088,0.02967916002114202,-0.8,0.9846855345627413,0.020091962418782097,0.9846855345627413,0.026722859354998848,8.91,0.9824668115586194,0.022573550281545392,0.9824668115586194,0.024483924884374165,41.0,0.8632091424284213,0.14366572379794387,0.8632091424284213,0.09158565134798684,27.8,0.9686140680160588,0.0400971624113993,0.9686140680160588,0.04641682401499001,75.7,0.988425547156308,0.014851978325015502,0.988425547156308,0.01943228132877342
51.8,0.9874598668803409,0.01670127586905841,0.9874598668803409,0.027956584176383744,2049.0,0.9630654638013181,0.046390567350425585,0.9630654638013181,0.02989344904103084,48.0,0.9827564416572012,0.023094334316646137,0.9827564416572012,0.029689484947615814,-1.6,0.9849997523457827,0.019660272226568135,0.9849997523457827,0.026260014425105973,16.72,0.982599800807328,0.02240605155106084,0.982599800807328,0.024691370784326237,45.0,0.8645449975671226,0.1425404987894992,0.8645449975671226,0.09097062104436847,32.2,0.9684662439919545,0.04028783241687827,0.9684662439919545,0.04854052613958565,70.6,0.989390106964374,0.013668205830399797,0.989390106964374,0.017599259590257002
19.2,0.9879070739120908,0.016097969364537043,0.9879070739120908,0.027226271561426724,2026.0,0.9638238526897029,0.04540419947533255,0.9638238526897029,0.029800819121908725,35.0,0.9828773058047988,0.022949576544399924,0.9828773058047988,0.02843961435376658,3.1,0.9843622276049956,0.02054442288905599,0.9843622276049956,0.02686321192076559,5.39,0.9833266507590209,0.02133974433619392,0.9833266507590209,0.023103181471972625,24.0,0.8655989355086029,0.14097558012501135,0.8655989355086029,0.08919718553450573,23.5,0.967412306050474,0.042187181415865464,0.967412306050474,0.05199517892179153,63.5,0.9893901069643742,0.013668205830399799,0.9893901069643742,0.016973956340818944
100.0,0.9868156029187563,0.01761596851939644,0.9868156029187563,0.03037067511873162,1246.0,0.962364381745197,0.046933805553206,0.962364381745197,0.0308116097181948,99.0,0.9823092346254512,0.02369123402361022,0.9823092346254512,0.029076222177159314,6.2,0.9838497825392497,0.021181354474357074,0.9838497825392497,0.027719243776084968,22.4,0.9834930445179583,0.021105766647812226,0.9834930445179583,0.02382362582648778,37.0,0.8646047522223503,0.14216959166040605,0.8646047522223503,0.09024386236320028,53.7,0.9685037770438087,0.040727492642811,0.9685037770438087,0.04979497187575923,58.4,0.988680517982976,0.014525692301988089,0.988680517982976,0.016902555877558952
19.6,0.9866026057924601,0.017856055719900257,0.9866026057924601,0.030661500484552785,1905.0,0.9605678833108339,0.0495051011323176,0.9605678833108339,0.03252154106919305,20.0,0.9829880734501341,0.022823079987166116,0.9829880734501341,0.02758359649760453,0.0,0.9831229325875568,0.02224836318707625,0.9831229325875568,0.02769145877133407,5.4,0.982617061777623,0.022186315440416122,0.982617061777623,0.025412393769182338,48.0,0.8646047522223503,0.14216959166040605,0.8646047522223503,0.09106835765494171,23.1,0.9698198314781811,0.0391705494221651,0.9698198314781811,0.04738638877248549,63.1,0.9880658434362689,0.01528156496716793,0.9880658434362689,0.01817557943399958
18.4,0.986704835273421,0.017743562156568884,0.986704835273421,0.030434310721693912,1390.0,0.9603005499762742,0.049939804672604275,0.9603005499762742,0.032392885202081126,36.0,0.9833526944917756,0.022384060545793352,0.9833526944917756,0.027028479788168205,7.0,0.9837604573283439,0.021366463400414273,0.9837604573283439,0.025822319983051387,4.58,0.9820593962316356,0.022764105217043442,0.9820593962316356,0.025941203524778755,41.0,0.8622534669549299,0.1446379075161988,0.8622534669549299,0.09039014624992696,25.5,0.9705782203665657,0.038171112783097684,0.9705782203665657,0.046103430784470274,60.8,0.987899449677332,0.015517644677634853,0.987899449677332,0.019009704514866912
42.7,0.9866099208387299,0.01784355189230927,0.9866099208387299,0.03016149206614295,1385.0,0.9598533429445244,0.050510071279335336,0.9598533429445244,0.03251738574016305,50.0,0.983749183120494,0.02195767997494765,0.983749183120494,0.026093439271975223,-3.9,0.9843979820691307,0.020483401886349374,0.9843979820691307,0.023951174856172232,8.74,0.981199557031234,0.02399502447048155,0.981199557031234,0.027853833824343813,43.0,0.8605048277299554,0.14738867740048398,0.8605048277299554,0.09415267142795744,27.1,0.9705782203665657,0.038171112783097684,0.9705782203665657,0.04607099211386396,69.0,0.9883466567090821,0.014913527180564205,0.9883466567090821,0.01727719779128271
63.1,0.9865076913577688,0.01795602391904864,0.9865076913577688,0.02994302212728695,1464.0,0.9596630252354873,0.05078102204010679,0.9596630252354873,0.033718436677577686,47.0,0.9832318303441778,0.022528960578872628,0.9832318303441778,0.026334646373581374,0.0,0.9842872144237956,0.020610350540000204,0.9842872144237956,0.024964537431012505,13.75,0.98041848872559,0.02497175289144503,0.98041848872559,0.028613714095121274,49.0,0.8593111272556596,0.14862114826381995,0.8593111272556596,0.096678176312814,31.0,0.9694867493732312,0.03963700291602903,0.9694867493732312,0.04715176603100226,67.1,0.9883466567090821,0.014913527180564205,0.9883466567090821,0.016296808165251697
52.2,0.9869745418803717,0.017401012930070372,0.9869745418803717,0.028501332722136848,1672.0,0.9596630252354873,0.05078102204010679,0.9596630252354873,0.033718436677577686,30.0,0.9815873050329005,0.024782899760846053,0.9815873050329005,0.030145002703992452,-0.8,0.9850682827294395,0.019626153454532634,0.9850682827294395,0.02508838792744655,12.45,0.980513403160281,0.024873102270906212,0.980513403160281,0.027783337811975367,52.0,0.8574102125197091,0.14945129766618287,0.8574102125197091,0.09600533733825711,30.2,0.9686885833241021,0.04054355191919306,0.9686885833241021,0.04794779155455415,69.4,0.9883466567090821,0.014913527180564205,0.9883466567090821,0.015111785902144865
33.7,0.9866406806064776,0.017787188798266212,0.9866406806064776,0.02862699126205411,1737.0,0.9587111307940376,0.05168306633234942,0.9587111307940376,0.03390237190706793,37.0,0.9815873050329005,0.024782899760846053,0.9815873050329005,0.030082915517356944,-2.3,0.9848552856031433,0.019865367316899096,0.9848552856031433,0.025071445197682667,8.65,0.9791235512477782,0.02653279212080684,0.9791235512477782,0.03019484441902153,53.0,0.8574102125197091,0.14945129766618287,0.8574102125197091,0.09600533733825711,27.1,0.9684077700512891,0.040896667222300356,0.9684077700512891,0.04814359267044304,73.7,0.9881988326849778,0.015112095603323689,0.9881988326849778,0.01566131429490926
38.4,0.9877321515998121,0.016269654742394522,0.9877321515998121,0.02587557489788186,1745.0,0.9562362297208127,0.054813480805526,0.9562362297208127,0.035265925738622465,31.0,0.9809084662082174,0.02564841548844155,0.9809084662082174,0.031119600584696587,3.9,0.9848552856031433,0.019865367316899096,0.9848552856031433,0.025071445197682667,9.69,0.9786763442160283,0.027125835956141115,0.9786763442160283,0.03110495078582323,52.0,0.8561775048054465,0.15040956732742325,0.8561775048054465,0.0963505598147619,28.2,0.9681947729249929,0.04112701121723009,0.9681947729249929,0.04885855609321028,72.9,0.9874006666358488,0.01605721333755602,0.9874006666358488,0.017473958291059053
33.3,0.9877321515998121,0.016269654742394522,0.9877321515998121,0.027470551954181622,1685.0,0.9551090571858513,0.056412515215092315,0.9551090571858513,0.036181021639867104,28.0,0.9804289440466252,0.026151377785641874,0.9804289440466252,0.03149295773799228,0.0,0.9848552856031433,0.019865367316899096,0.9848552856031433,0.025071445197682667,8.07,0.980066196128531,0.025467779671992936,0.980066196128531,0.029710388514748182,50.0,0.856431358201753,0.15017689876316495,0.856431358201753,0.09703812305259923,26.7,0.9699223317691444,0.038855316898784104,0.9699223317691444,0.046172021223803233,73.7,0.9878023440562594,0.015543232040345686,0.9878023440562594,0.016134211426548466
34.5,0.9881609273083974,0.015782194833635996,0.9881609273083974,0.026795347300165185,1656.0,0.9549881930382534,0.05654878643691847,0.9549881930382534,0.036231004908328424,29.0,0.9803181764012903,0.02627715554609333,0.9803181764012903,0.031753418075331184,3.9,0.9848552856031433,0.019865367316899096,0.9848552856031433,0.024375867068330764,8.33,0.9801991853772397,0.025301097841861866,0.9801991853772397,0.029387906568458595,49.0,0.8562701812844838,0.15028441317732918,0.8562701812844838,0.09646625101608497,27.1,0.9702365495521856,0.038436369184302516,0.9702365495521856,0.04513137442643501,73.3,0.9880246585158742,0.015187391511901972,0.9880246585158742,0.015712198946918488
59.2,0.9882817914559953,0.015635715575446928,0.9882817914559953,0.026035659158046818,1721.0,0.9552690063110665,0.05620549638097544,0.9552690063110665,0.03635443280979501,34.0,0.9801051792749939,0.02651372952692552,0.9801051792749939,0.03350942083522313,-0.8,0.985423356782491,0.019119510948798966,0.985423356782491,0.022788422667876205,14.92,0.9808138599239468,0.024557674548453787,0.9808138599239468,0.028312248929281386,53.0,0.8579644502378858,0.1483063028979047,0.8579644502378858,0.09516927142109502,31.4,0.9703574136997837,0.03829543935180083,0.9703574136997837,0.045380468762827336,68.6,0.9878582647569372,0.015423477025594356,0.9878582647569372,0.016542456235777058
37.6,0.9881488022072864,0.015805129048033023,0.9881488022072864,0.025764399979568402,1756.0,0.9561604060762243,0.05540471430510116,0.9561604060762243,0.03693495648623549,18.0,0.9797035018545832,0.027019109187128885,0.9797035018545832,0.033599623747073856,7.0,0.9858705638142412,0.01851857679647951,0.9858705638142412,0.021780943217156668,9.82,0.9806167160082947,0.024767455483847022,0.9806167160082947,0.028816060026539976,50.0,0.8628077046731066,0.14348226726326707,0.8628077046731066,0.08600168392699886,28.2,0.9699886591835264,0.03866352172621198,0.9699886591835264,0.04643554924822174,72.5,0.9871486757755391,0.016278343705476105,0.9871486757755391,0.017356781811645274
38.8,0.9887863269480736,0.014914419707837138,0.9887863269480736,0.023809983541787205,1570.0,0.9569914363700764,0.05464587328013947,0.9569914363700764,0.03689008520406644,21.0,0.9795826377069853,0.027162879158545494,0.9795826377069853,0.03447268092595121,6.2,0.9856167104179345,0.018832895821714248,0.9856167104179345,0.02125540537428885,8.9,0.9814926987486294,0.023691490741607337,0.9814926987486294,0.027836697789417778,46.0,0.8650187710155709,0.14234509038268003,0.8650187710155709,0.08646964429232483,27.5,0.9704681813451187,0.038172371989167515,0.9704681813451187,0.046422262614767035,71.8,0.9879468418246682,0.015333652396197052,0.9879468418246682,0.016437456140088562
100.0,0.9889993240743696,0.014673150509239266,0.9889993240743696,0.023403459420093697,1589.0,0.957112300517674,0.054509045921108945,0.957112300517674,0.03647421719981216,19.0,0.9798491627422814,0.02689729384822404,0.9798491627422814,0.03420595406785581,0.0,0.9851879347093496,0.019317737651057314,0.9851879347093496,0.021912803456811954,27.34,0.9820503642946172,0.02311457603103267,0.9820503642946172,0.027200245064036822,48.0,0.8654533126807045,0.14206984123063754,0.8654533126807045,0.08792053802602158,62.4,0.9708646699738368,0.03775826428580488,0.9708646699738368,0.04562405760918094,56.9,0.988597183849693,0.014586142302945424,0.988597183849693,0.015465588742619581
40.4,0.989212321200666,0.014431776004293519,0.989212321200666,0.022896961774138202,1545.0,0.9583603372002332,0.05276689771080051,0.9583603372002332,0.035674204614831014,98.0,0.9795953093459747,0.027207463471414676,0.9795953093459747,0.03365319519969419,5.5,0.9850771670640143,0.019444922946057146,0.9850771670640143,0.023688214665872166,13.14,0.9829315638766202,0.022100553559684554,0.9829315638766202,0.02590224272399262,52.0,0.8650245369721193,0.14243235418067787,0.8650245369721193,0.0881874041020915,31.4,0.9718769338865929,0.036784432198838,0.9718769338865929,0.04474821057910036,74.9,0.9891017193417713,0.013864075616508861,0.9891017193417713,0.015075229594997502
17.6,0.988431252895022,0.015424348866590287,0.988431252895022,0.02443205212914479,1755.0,0.9598213710090886,0.05079408231916065,0.9598213710090886,0.0353184999111346,20.0,0.9798269411389079,0.026938089098869706,0.9798269411389079,0.03193823224026473,0.0,0.9850771670640143,0.019444922946057146,0.9850771670640143,0.025054309497094824,4.94,0.9821200449343261,0.022990680138741806,0.9821200449343261,0.02771668047242819,48.0,0.8645899953069858,0.14270721407240713,0.8645899953069858,0.08673651036839475,22.7,0.9710787678374638,0.037695721544107795,0.9710787678374638,0.045451177760074304,73.7,0.9899777020821062,0.01276877168452773,0.9899777020821062,0.013057646513635076
17.6,0.988431252895022,0.015424348866590287,0.988431252895022,0.02425336237721491,1500.0,0.960424168969156,0.04977348077857659,0.960424168969156,0.03419532250351604,69.0,0.9794702296709337,0.02745166387171894,0.9794702296709337,0.03256329269739181,10.2,0.9855896121297602,0.018806266373561625,0.9855896121297602,0.024312846068380026,3.86,0.9817512904180691,0.02336932330956702,0.9817512904180691,0.027711288770547217,45.0,0.8650187710155709,0.14234509038268003,0.8650187710155709,0.08646964429232483,21.2,0.970066503924708,0.03866774009795877,0.970066503924708,0.046423069620004045,75.3,0.9894731665900277,0.013492048922947397,0.9894731665900277,0.013706498559194634
100.0,0.9880666318533804,0.015868289363832493,0.9880666318533804,0.025509403004644046,1537.0,0.9600224915487455,0.05025853913433015,0.9600224915487455,0.03425921753073504,98.0,0.9791623181099464,0.027786013124593174,0.9791623181099464,0.03434992434837744,5.5,0.9846089087817608,0.020190608001630216,0.9846089087817608,0.025923477042345638,27.46,0.9818535198990302,0.023257975176084432,0.9818535198990302,0.028565005070865485,50.0,0.8680655357591069,0.14023803096220955,0.8680655357591069,0.08527106189362384,59.6,0.9703522249080909,0.03837707644129409,0.9703522249080909,0.04659817683605549,57.3,0.9890259595582779,0.014097513135824795,0.9890259595582779,0.01535385993433939
62.4,0.9871974753196604,0.017031671932142202,0.9871974753196604,0.02782370791408518,1720.0,0.9605398443250615,0.049716246236346774,0.9605398443250615,0.03278051393386664,76.0,0.9786827959483542,0.028286988114041876,0.9786827959483542,0.03491324542538386,8.6,0.9837625495196122,0.02151615474285994,0.9837625495196122,0.028203595154716436,19.97,0.9815393021159888,0.023687094555824236,0.9815393021159888,0.028848309161893834,55.0,0.8699962416074896,0.13929836833579612,0.8699962416074896,0.08685585385512426,34.9,0.9703522249080909,0.03837707644129409,0.9703522249080909,0.045925784060709976,68.2,0.9891923533172149,0.013860919387204244,0.9891923533172149,0.014734565157552296
19.2,0.9879558642080452,0.01599624571014395,0.9879558642080452,0.025373363083119,1785.0,0.9605398443250615,0.049716246236346774,0.9605398443250615,0.03278051393386664,19.0,0.9769552371042026,0.0305991380475605,0.9769552371042026,0.036443671905708415,3.9,0.9827818461716129,0.022895156615258563,0.9827818461716129,0.030066556322019728,9.42,0.9825868954569289,0.022440605440691565,0.9825868954569289,0.027622927371212136,45.0,0.8699962416074896,0.13929836833579612,0.8699962416074896,0.08685585385512426,30.2,0.9712436246732492,0.03754564179224618,0.9712436246732492,0.04601066345626648,62.7,0.9888781355341737,0.01429634308782927,0.9888781355341737,0.015739720913402155
14.5,0.9880666318533804,0.015868289363832857,0.9880666318533804,0.0252979753391549,904.0,0.9604189801774636,0.04985421594481567,0.9604189801774636,0.0328925344896946,34.0,0.9761741687985587,0.03156619251269884,0.9761741687985587,0.03795572315687373,-0.8,0.9829296701957172,0.022698872048245944,0.9829296701957172,0.030319819754552786,4.04,0.981705695874926,0.023453953154690628,0.981705695874926,0.02903840838106456,21.0,0.8697423882111831,0.1395392967120467,0.8697423882111831,0.08730037416130759,21.2,0.9697841537287432,0.03909990528225148,0.9697841537287432,0.0464357366029935,63.1,0.9887117417752365,0.014532786921345167,0.9887117417752365,0.015886733505979425
33.3,0.9881688613343416,0.015755417738587265,0.9881688613343416,0.02498171028467789,802.0,0.9604189801774636,0.049854215944816024,0.9604189801774636,0.03262723287566088,33.0,0.9758662572375713,0.031898060256004813,0.9758662572375713,0.03765642500931406,3.1,0.9831961952310131,0.02243111869156537,0.9831961952310131,0.031003697450940337,3.84,0.9811480303289385,0.024030463267993865,0.9811480303289385,0.02932207958022722,13.0,0.8693239223133613,0.13983952815187556,0.8693239223133613,0.08629293996178393,20.0,0.9685811575491938,0.040273380332613254,0.9685811575491938,0.04776421222585935,60.0,0.9892162772673148,0.013810607653299256,0.9892162772673148,0.014252855400023114
39.6,0.9880666318533804,0.015868289363832493,0.9880666318533804,0.025509403004644046,788.0,0.959777748955208,0.05038489018624597,0.959777748955208,0.03195590725920617,38.0,0.9756346254446383,0.032165116604922904,0.9756346254446383,0.03852706943696031,-3.9,0.9828315741893714,0.02287004814349655,0.9828315741893714,0.030992834067375498,4.36,0.9816604753946846,0.02339682857633827,0.9816604753946846,0.02855759065145597,11.0,0.8706389711963599,0.13933101484155233,0.8706389711963599,0.08600352474264492,20.4,0.9685811575491938,0.040273380332613254,0.9685811575491938,0.04908508461882238,57.3,0.988935463994502,0.01417928990390705,0.988935463994502,0.0142121475660622
47.5,0.9882796289796765,0.015627406040252267,0.9882796289796765,0.024668226289064826,882.0,0.9604280909802327,0.04968301410517656,0.9604280909802327,0.03164210548017573,54.0,0.9755137612970405,0.0323076241536721,0.9755137612970405,0.039415523673125924,-4.7,0.9828315741893714,0.02287004814349655,0.9828315741893714,0.031103948155939736,8.4,0.9822181409406718,0.022819643310580902,0.9822181409406718,0.02755253351186961,17.0,0.870829288905397,0.1391065145129913,0.870829288905397,0.08740462041771412,27.8,0.9689776461779119,0.03986099825428569,0.9689776461779119,0.0481117581634026,61.2,0.9884309285024239,0.014901071963847238,0.9884309285024239,0.015956937007432455
61.2,0.987188157986342,0.017146511405854065,0.987188157986342,0.026464360627815035,1733.0,0.9595589344465127,0.05078243175539906,0.9595589344465127,0.032993828609112964,50.0,0.9748352316034553,0.03301758084118676,0.9748352316034553,0.04104381769226807,-1.6,0.9817044016544101,0.024553790478126877,0.9817044016544101,0.033063156284904666,15.88,0.9826650388413238,0.022368321189544006,0.9826650388413238,0.026819470427014394,28.0,0.8706162917791006,0.1392877078025956,0.8706162917791006,0.08962514468630986,31.8,0.9698160213158197,0.039113276304336676,0.9698160213158197,0.04718428019017301,68.2,0.9884309285024239,0.014901071963847238,0.9884309285024239,0.01607248320584672
41.2,0.9870859285053808,0.017259123707155825,0.9870859285053808,0.02710337428596838,2414.0,0.958838671797996,0.05142695461480646,0.958838671797996,0.033168801906733374,19.0,0.9732968627094686,0.03493752502367102,0.9732968627094686,0.04404469855567978,-10.9,0.9817044016544101,0.0245537904781276,0.9817044016544101,0.032742254476042135,14.69,0.9826650388413241,0.022368321189544012,0.9826650388413241,0.02572512459099085,26.0,0.8689665031255577,0.14072141229341628,0.8689665031255577,0.08930017909800808,31.0,0.9696188774001675,0.039317634305063735,0.9696188774001675,0.04670128040982312,73.7,0.9885331579833848,0.014788057481725209,0.9885331579833848,0.01518027620665705
19.2,0.9878443173937657,0.016223992101248263,0.9878443173937657,0.02600288554798095,1904.0,0.9583213190216798,0.05196726857093871,0.9583213190216798,0.033502098516466065,18.0,0.9732968627094686,0.034937525023671374,0.9732968627094686,0.04603253775053857,7.8,0.982216846720156,0.02392005561198265,0.982216846720156,0.03163811378785198,5.35,0.9818535198990302,0.023257975176084432,0.9818535198990302,0.027428448250862176,19.0,0.8707630015599208,0.1386020150750762,0.8707630015599208,0.08363888660316807,23.1,0.9692223887714494,0.03973053316572476,0.9692223887714494,0.04789504345523239,63.1,0.9894091407237198,0.013694215496601622,0.9894091407237198,0.013578332970298678
19.6,0.9889357883871003,0.014702833666702395,0.9889357883871003,0.02358810174714771,1179.0,0.9588258545137583,0.05128744734764417,0.9588258545137583,0.03318484743697227,81.0,0.9732968627094686,0.034937525023671374,0.9732968627094686,0.0463130544289389,-0.8,0.982216846720156,0.02392005561198265,0.982216846720156,0.030918475807870084,3.42,0.980727783173695,0.02457459581247353,0.980727783173695,0.028693690061338147,25.0,0.8723574008410747,0.13789071309795,0.8723574008410747,0.08413273011716484,18.8,0.9682732459882063,0.04059974234425745,0.9682732459882063,0.04773789068268103,59.6,0.9898379164323051,0.01320478826584011,0.9898379164323051,0.013210974536894429
100.0,0.9889357883871005,0.014702833666702398,0.9889357883871005,0.02346879369827157,2591.0,0.9581458890105469,0.052327544573965365,0.9581458890105469,0.03336489106904469,44.0,0.974852810953015,0.032807478103008485,0.974852810953015,0.042308682928741966,0.0,0.9826185241405667,0.02341205586377542,0.9826185241405667,0.030291950265597774,45.83,0.9802153381079491,0.02520698953574872,0.9802153381079491,0.030468102858173415,40.0,0.8741092571954147,0.13703948550893413,0.8741092571954147,0.08486466747963636,43.5,0.9684703899038585,0.04039595113602494,0.9684703899038585,0.04682163827110636,62.7,0.989504055158411,0.013593534322211437,0.989504055158411,0.013683936595898368
55.3,0.9886819349907939,0.015019139295875077,0.9886819349907939,0.023054722689066956,2122.0,0.9581458890105469,0.052327544573965365,0.9581458890105469,0.03336489106904469,20.0,0.9758121539194132,0.031738942756283445,0.9758121539194132,0.04035913982918269,-4.7,0.9826185241405667,0.02341205586377542,0.9826185241405667,0.030190970543847805,17.48,0.9806821886305518,0.024659079126230974,0.9806821886305518,0.029284313707020965,47.0,0.8730358034799366,0.13743470818408243,0.8730358034799366,0.08576568972253437,32.5,0.9683495257562608,0.04053632615961089,0.9683495257562608,0.046097524784215554,69.8,0.9889422902011171,0.014252385805803697,0.9889422902011171,0.014297628816226015
18.0,0.988169489925048,0.015661824907861582,0.988169489925048,0.02391931745549448,1197.0,0.9581458890105469,0.052327544573965365,0.9581458890105469,0.03336489106904469,32.0,0.9752503889621192,0.03237801118877763,0.9752503889621192,0.040529729845444964,-0.8,0.982831521266863,0.0231741735089901,0.982831521266863,0.02981214831422806,3.8,0.9812502598098999,0.023919255425834687,0.9812502598098999,0.0283427772873125,19.0,0.8730358034799366,0.13743470818408243,0.8730358034799366,0.08546497523176116,17.6,0.9676161501983621,0.0413276497766721,0.9676161501983621,0.04794456256108906,61.6,0.98922310347393,0.013883721711294853,0.98922310347393,0.013509741297397482
31.0,0.9885262013930222,0.015139257735972661,0.9885262013930222,0.022334328920288853,1057.0,0.9581458890105469,0.052327544573965365,0.9581458890105469,0.03336489106904469,71.0,0.9747330361858033,0.03293862555281668,0.9747330361858033,0.04213277947658733,0.0,0.9823646707442603,0.023724042079786317,0.9823646707442603,0.031163420784795694,7.29,0.9813610274552348,0.02379308627713032,0.9813610274552348,0.02777680373639633,23.0,0.8734004245215781,0.1370946571469543,0.8734004245215781,0.08308662605007372,27.1,0.9673082386373746,0.041653325512930224,0.9673082386373746,0.04961602383747543,55.3,0.9888214260535193,0.01439913459221689,0.9888214260535193,0.013662650704448538
91.0,0.988423971912061,0.015252235081426478,0.988423971912061,0.02235395940613446,2418.0,0.9594967092142005,0.0509958340165617,0.9594967092142005,0.03343907256691277,20.0,0.9744522229129904,0.03329628203895643,0.9744522229129904,0.04323647090909204,-6.2,0.9833453740922596,0.02234647186274381,0.9833453740922596,0.028826055925188263,33.4,0.9821725463975288,0.022904339949571476,0.9821725463975288,0.02628014372713764,34.0,0.8727215856968953,0.13777340680891978,0.8727215856968953,0.08589618115656561,37.3,0.9676769931536319,0.0412874809890961,0.9676769931536319,0.048798999295923066,67.1,0.9885072082704781,0.014834220634006893,0.9885072082704781,0.01545602896812317
45.9,0.9875548153783409,0.01641659058185062,0.9875548153783409,0.024129115267624793,1709.0,0.9616361456619181,0.04843200224186863,0.9616361456619181,0.029771267619236756,51.0,0.9751025649380152,0.0325712413491536,0.9751025649380152,0.04226389912116072,-3.1,0.9833453740922596,0.02234647186274381,0.9833453740922596,0.02751460887292968,12.18,0.9819595492712325,0.023142114552257006,0.9819595492712325,0.0262403752490031,38.0,0.8704768443907166,0.13904912779789907,0.8704768443907166,0.08682363897534935,30.2,0.9675884160859008,0.04137302979785657,0.9675884160859008,0.04760977498918329,71.8,0.9881055308500672,0.015348865964839252,0.9881055308500672,0.01653220724240146
64.7,0.9875548153783409,0.01641659058185062,0.9875548153783409,0.023225957663391594,1961.0,0.9616361456619181,0.04843200224186863,0.9616361456619181,0.029369366285105114,29.0,0.9746737892294298,0.03304469198427251,0.9746737892294298,0.042841350695608696,-7.8,0.9836310950756428,0.022046778632613655,0.9836310950756428,0.027052363475835745,18.83,0.9819595492712325,0.023142114552257006,0.9819595492712325,0.02636250197017165,41.0,0.8685711904213832,0.13998527634805014,0.8685711904213832,0.08617820741159549,32.5,0.9677362401100051,0.04118270953511379,0.9677362401100051,0.04728693607442656,68.2,0.9880106164153762,0.01544923252652594,0.9880106164153762,0.01631105741838751
56.1,0.9885355187263403,0.01502424325157843,0.9885355187263403,0.021566934299455196,2066.0,0.960998620921131,0.04927548215904844,0.960998620921131,0.02980777130181872,18.0,0.9738622702871362,0.03391791411951698,0.9738622702871362,0.044176782444422046,-5.5,0.9832294176552321,0.022555879324984797,0.9832294176552321,0.027662390070049798,17.62,0.9831974603212095,0.021610872125675668,0.9831974603212095,0.024106963572535618,40.0,0.8672781132358144,0.14100779442817885,0.8672781132358144,0.08482990414554963,32.2,0.9683865821350299,0.04046826967222859,0.9683865821350299,0.046647817611904695,69.8,0.9887202053967743,0.014593004060308572,0.9887202053967743,0.014883302308368453
22.4,0.9885355187263405,0.015024243251578796,0.9885355187263405,0.021444807578286637,1021.0,0.9607669891281978,0.049534047815838866,0.9607669891281978,0.03046309308079133,35.0,0.9751508851961229,0.03223164322626043,0.9751508851961229,0.041765020117502036,-0.8,0.9832294176552321,0.022555879324984797,0.9832294176552321,0.027662390070049798,2.2,0.9828287058049524,0.021990467274263237,0.9828287058049524,0.02432554751730804,29.0,0.8671572490882166,0.141118363960188,0.8671572490882166,0.08632075332214409,20.0,0.9681008611516467,0.04075768151996446,0.9681008611516467,0.04708637179250225,60.8,0.9890769168647483,0.01406975385326002,0.9890769168647483,0.013857041159289879
37.6,0.9887019124852774,0.014787925149041488,0.9887019124852774,0.021749447104098662,803.0,0.9606562214828628,0.04965448735759183,0.9606562214828628,0.0306365604853141,40.0,0.9755977830967751,0.03178803028632678,0.9755977830967751,0.04158627868209985,-3.9,0.9818522256785144,0.024357978379515532,0.9818522256785144,0.030517733942056507,2.93,0.982574852408646,0.022302890008819985,0.982574852408646,0.024927184594866293,5.0,0.8667859537575812,0.1413592096554169,0.8667859537575812,0.08576321457622858,19.2,0.9669755185860309,0.0418033509030388,0.9669755185860309,0.047999816262418483,54.1,0.9890769168647483,0.01406975385326002,0.9890769168647483,0.013857041159289879
68.2,0.9883940009242901,0.015129532506335593,0.9883940009242901,0.022140068378503713,1183.0,0.9595290489479014,0.05126757119473628,0.9595290489479014,0.031066564352566002,40.0,0.9761768090243638,0.030930245184114094,0.9761768090243638,0.04066313686202891,4.7,0.9821060790748208,0.02404632516543059,0.9821060790748208,0.02957579205285829,11.51,0.9833082279665448,0.021484181865286132,0.9833082279665448,0.02319407654778017,16.0,0.8648059638207961,0.14359911964400243,0.8648059638207961,0.08827092310258444,30.6,0.9679400783940971,0.04067276241728989,0.9679400783940971,0.04706831054538019,59.2,0.9881055308500672,0.01534886596483889,0.9881055308500672,0.01513768991268992
97.3,0.9876129326186461,0.016120713356180597,0.9876129326186461,0.02307254391131988,1679.0,0.9585576629332203,0.052469937107196114,0.9585576629332203,0.032608363728744795,20.0,0.9754499590726708,0.0319814221784697,0.9754499590726708,0.04050932299184244,-1.6,0.9829524383369692,0.022725251289835786,0.9829524383369692,0.02838603403777429,28.08,0.9836528963862358,0.02114353363842235,0.9836528963862358,0.022379720467266037,30.0,0.8642441988635022,0.1440883594135408,0.8642441988635022,0.08989148594039648,39.2,0.9691984102084213,0.039461849463154314,0.9691984102084213,0.04602054857563653,62.7,0.9868169159410806,0.017080710481134215,0.9868169159410806,0.017352928185246978
50.6,0.9870511676613523,0.016776837917168705,0.9870511676613523,0.024502684300550814,1504.0,0.9579572766240302,0.053084613965497074,0.9579572766240302,0.0334077539256188,46.0,0.9747699935694595,0.03305427411816024,0.9747699935694595,0.04240497134779736,-5.5,0.982638220553928,0.023155038054881835,0.982638220553928,0.029550600391495634,11.9,0.9833449848252485,0.021481359309110375,0.9833449848252485,0.021620057926934024,34.0,0.8612220220217851,0.14616376971633677,0.8612220220217851,0.09090105958257762,30.2,0.970179113556421,0.03811928735592285,0.970179113556421,0.04385240380593714,69.8,0.9863500654184777,0.01763578169061173,0.9863500654184777,0.017327612311956467
38.4,0.9878322359669965,0.01578675411964845,0.9878322359669965,0.023832830948478628,1750.0,0.9589286626387113,0.05188369027330572,0.9589286626387113,0.030697895439601046,20.0,0.9743227865377094,0.03364157987611895,0.9743227865377094,0.04303976590992294,0.8,0.9820701493745804,0.02389638978669089,0.9820701493745804,0.030328255659916335,9.35,0.9828654626636563,0.021987665812537974,0.9828654626636563,0.022442805643420976,32.0,0.860272879238542,0.1468095103824845,0.860272879238542,0.08867588613259293,27.8,0.970179113556421,0.03811928735592285,0.970179113556421,0.04360096345402815,72.5,0.9857883004611839,0.018290180420341643,0.9857883004611839,0.016685691409067553
16.9,0.9876006041740633,0.01606104829953403,0.9876006041740633,0.023918044384330928,1507.0,0.9592853741066854,0.051390394545774536,0.9592853741066854,0.030756252304362318,22.0,0.9744706105618138,0.033448674507671715,0.9744706105618138,0.04161942603913974,12.5,0.9817055283329386,0.024334253258211386,0.9817055283329386,0.0294500306721435,3.85,0.9820539437213622,0.022877823234371972,0.9820539437213622,0.024193751603573996,26.0,0.8611112543764499,0.14625804902704198,0.8611112543764499,0.09041278427730953,21.6,0.9694825466993904,0.03870262445492072,0.9694825466993904,0.04306793636721881,69.0,0.9859361244852881,0.01809258390837878,0.9859361244852881,0.01609033114064862
31.8,0.9880478112058133,0.01545736378356294,0.9880478112058133,0.022926197764217192,869.0,0.9601545306404055,0.05029186710571927,0.9601545306404055,0.030248212167210943,34.0,0.9733434380268524,0.0351053920225812,0.9733434380268524,0.042999098051412436,-2.3,0.9815577043088343,0.024530038572868645,0.9815577043088343,0.02938554148676525,3.04,0.9811686273009379,0.023832026262908586,0.9811686273009379,0.025094791291766717,1.0,0.8603909917279332,0.1467482655215038,0.8603909917279332,0.08955083671635343,19.2,0.9686379444046331,0.03941716208259267,0.9686379444046331,0.042073514974197666,57.6,0.9852572856606052,0.018966694880861706,0.9852572856606052,0.01739609040505164
42.7,0.9880478112058133,0.01545736378356294,0.9880478112058133,0.022926197764217192,776.0,0.9591422667276495,0.051238770093934224,0.9591422667276495,0.03059968985236687,45.0,0.9733434380268524,0.0351053920225812,0.9733434380268524,0.04264459710287973,0.0,0.9827514047831301,0.022916525056457963,0.9827514047831301,0.02611585363637405,4.57,0.9813164513250422,0.023636216309094397,0.9813164513250422,0.025059145076594357,3.0,0.8603909917279332,0.1467482655215038,0.8603909917279332,0.08955083671635343,21.2,0.9685357149236722,0.03952524026607263,0.9685357149236722,0.04300659632283602,52.2,0.984102408143502,0.020424445809339883,0.984102408143502,0.018824152829519283
58.4,0.9875809606832106,0.016013914861525865,0.9875809606832106,0.022953485034950784,1001.0,0.9585047419868624,0.052078028685714865,0.9585047419868624,0.03100044087081751,41.0,0.9725319190845586,0.035975628001908705,0.9725319190845586,0.04348246071941883,-5.5,0.982934896285552,0.022728741225772148,0.982934896285552,0.025879517092060413,7.31,0.9805580624366574,0.024658608707561452,0.9805580624366574,0.02596552870120025,10.0,0.8582455827931181,0.1494419500586695,0.8582455827931181,0.09298855888389661,25.9,0.968821435907055,0.039235324081648926,0.968821435907055,0.04317716769088785,54.5,0.9832264254031672,0.02150629446201308,0.9832264254031672,0.019871947988044494
49.8,0.9872470994093163,0.016400804239038284,0.9872470994093163,0.022935571856380572,1923.0,0.9579429770295687,0.052693181187279364,0.9579429770295687,0.03259768260429405,26.0,0.9703169547523737,0.038989636047258136,0.9703169547523737,0.045760194430810336,-0.8,0.9826810428892455,0.02304100828536761,0.9826810428892455,0.02660940763529457,16.8,0.9798484734552594,0.025500305950508638,0.9798484734552594,0.0263893314279151,17.0,0.8534501788246076,0.1541905974309316,0.8534501788246076,0.09475152332682488,32.9,0.968821435907055,0.039235324081648926,0.968821435907055,0.0418742986539095,70.2,0.9824282593540382,0.022441338824356612,0.9824282593540382,0.020759017798729698
56.5,0.9866680734817277,0.017277258292751705,0.9866680734817277,0.023453380169001007,1778.0,0.9568172403042335,0.05394179525361055,0.9568172403042335,0.032788997966574474,48.0,0.9700027369693325,0.039408441390887165,0.9700027369693325,0.04763420086265264,3.9,0.9825788134082843,0.023152476926479842,0.9825788134082843,0.027775274233470003,14.98,0.9790503074061303,0.026428761622835948,0.9790503074061303,0.027333242724119286,35.0,0.8516678881907285,0.1549240246005816,0.8516678881907285,0.09406522388026003,31.4,0.9678568760989891,0.0403684479803296,0.9678568760989891,0.04190766145220789,69.0,0.9812733818369351,0.023890686624442138,0.9812733818369351,0.021663864612438907
100.0,0.9858699074325986,0.018219121448513235,0.9858699074325986,0.02518111414578713,2026.0,0.9558018101755147,0.05555944013591192,0.9558018101755147,0.03272580917012945,38.0,0.9684192356612658,0.04178535623087737,0.9684192356612658,0.051467019631681904,-5.5,0.9822980001354714,0.02351596205371263,0.9822980001354714,0.027320503141163823,36.99,0.9780696040581309,0.027796024474408224,0.9780696040581309,0.028127396832127803,50.0,0.8489859051491339,0.15644601805161507,0.8489859051491339,0.0938745490869677,51.4,0.9675426583159477,0.04078567941837165,0.9675426583159477,0.04159138633418102,66.3,0.9802791985506824,0.025403818735656003,0.9802791985506824,0.023043298022348408
18.0,0.9865202494576234,0.017475127700138936,0.9865202494576234,0.024097159140990858,1691.0,0.9553506701941015,0.05640523889759974,0.9553506701941015,0.0334368355946356,20.0,0.9673161855091846,0.0429560877451532,0.9673161855091846,0.053685231024085435,0.0,0.9817855550697255,0.024149962178200625,0.9817855550697255,0.028857476607533197,4.38,0.9782919185177457,0.027446543545735058,0.9782919185177457,0.026074620938721302,44.0,0.84763508494548,0.15743872400956666,0.84763508494548,0.09395170613110752,22.0,0.9680471938080262,0.04009296549168885,0.9680471938080262,0.041546906440886044,63.1,0.9793979989686794,0.026412025973938952,0.9793979989686794,0.023521846759921656
34.5,0.9863872602089148,0.01764398369228711,0.9863872602089148,0.024302785801116257,892.0,0.9536564012406995,0.058834471018465145,0.9536564012406995,0.03427049545738315,28.0,0.9672276084414536,0.043041449040172326,0.9672276084414536,0.053768228532083635,-0.8,0.9823536262490734,0.023408979888447368,0.9823536262490734,0.029393510473517674,3.46,0.9788599896970933,0.026710210324733096,0.9788599896970933,0.024081938530241855,17.0,0.844794974727171,0.16121448191194238,0.844794974727171,0.0996092630917717,18.4,0.967409669067239,0.04094799112916999,0.967409669067239,0.04157957804678143,47.8,0.9784386560022812,0.02748993862060758,0.9784386560022812,0.022814766401785775
91.8,0.9865202494576234,0.017475127700138215,0.9865202494576234,0.023354997402344438,781.0,0.9523055810370458,0.06014608379125989,0.9523055810370458,0.0346867717511048,60.0,0.9676210696121367,0.04268906360422743,0.9676210696121367,0.053651931498104564,-3.1,0.9823536262490734,0.023408979888447368,0.9823536262490734,0.029393510473517674,9.51,0.9783554542050148,0.0274180279366459,0.9783554542050148,0.024594679362837466,19.0,0.843747381386231,0.16210663602132114,0.843747381386231,0.1016673434766191,30.6,0.967576062826176,0.040721290624515474,0.967576062826176,0.04187820622549308,61.6,0.9774740961942152,0.028646672819622587,0.9774740961942152,0.02436910405852825
19.2,0.9863367579552015,0.017664604684085906,0.9863367579552015,0.023564943867892117,2449.0,0.9508390109269137,0.0625875568889707,0.9508390109269137,0.03700746296162083,99.0,0.9679352873951779,0.04227241430784034,0.9679352873951779,0.05169564652411182,7.8,0.9829683007957805,0.02266267002604092,0.9829683007957805,0.02696638965975856,7.02,0.9778509187129364,0.028125101309455166,0.9778509187129364,0.02483245724038642,29.0,0.843747381386231,0.16210663602132114,0.843747381386231,0.10190522110204714,24.7,0.9670715273340977,0.04141331925887929,0.9670715273340977,0.04225839357635888,63.5,0.9760138706846235,0.030507864325194606,0.9760138706846235,0.027319521218379963
100.0,0.9866706192290956,0.01727850994742623,0.9866706192290956,0.024307742516990243,2837.0,0.9498744511188477,0.06367447401970396,0.9498744511188477,0.038561482452640725,71.0,0.967414592016395,0.04277060379079379,0.967414592016395,0.0511523364481408,3.1,0.9831812979220766,0.0224245370174754,0.9831812979220766,0.025933396599072685,41.16,0.9778509187129364,0.028125101309455166,0.9778509187129364,0.02483245724038642,39.0,0.843747381386231,0.16210663602132114,0.843747381386231,0.10190522110204714,37.3,0.9675383778567006,0.04088089996656121,0.9675383778567006,0.04198971538566565,63.1,0.9745536451750317,0.032363358680041567,0.9745536451750317,0.028594747453289538
20.0,0.9873494580537785,0.016401947002865017,0.9873494580537785,0.02448963696644499,1988.0,0.9503868961845936,0.06308322606253805,0.9503868961845936,0.037788354691044676,35.0,0.9664593658884184,0.043749237222867894,0.9664593658884184,0.052219328423646426,1.6,0.9828955769386936,0.02272397752439186,0.9828955769386936,0.02580456251094577,5.72,0.9786093076013214,0.02710832327914121,0.9786093076013214,0.02295491986495133,44.0,0.843747381386231,0.16210663602132114,0.843747381386231,0.10190522110204714,23.5,0.9682172166813834,0.040038347712003396,0.9682172166813834,0.041984129271959665,63.5,0.9739161204342446,0.03322954526387548,0.9739161204342446,0.03046953036098293
38.8,0.9879641326004855,0.015647333313515477,0.9879641326004855,0.023160011404579618,803.0,0.9510049293521491,0.06255739166793498,0.9510049293521491,0.0377309837319685,34.0,0.965129717976658,0.04580954803700876,0.965129717976658,0.05427365770671011,-3.9,0.9817137530510374,0.024654110924344504,0.9817137530510374,0.028163911090803177,4.04,0.9794074736504503,0.026180859141916177,0.9794074736504503,0.021816202548715007,43.0,0.8448568148304599,0.16179712159257692,0.8448568148304599,0.10107245735338558,20.4,0.9686137053101017,0.03962603666342916,0.9686137053101017,0.040971070662773196,56.9,0.9741969337070576,0.03287207680516206,0.9741969337070576,0.031211402329009222
100.0,0.9874467798241696,0.01622446611602286,0.9874467798241696,0.023626198058475663,1378.0,0.9507241160793362,0.06289712546778867,0.9507241160793362,0.037310054512554224,98.0,0.965129717976658,0.04580954803700876,0.965129717976658,0.05414574568773599,4.7,0.9822755180083312,0.02400614341368522,0.9822755180083312,0.026744768252072105,22.29,0.9800078599596403,0.025534461885506968,0.9800078599596403,0.020746804317846437,47.0,0.8475150882046742,0.16030772459773207,0.8475150882046742,0.09902067181168078,57.6,0.968724472955437,0.03950335831165929,0.968724472955437,0.04082721078570149,56.5,0.9739839365807615,0.03310565982793959,0.9739839365807615,0.030982768554127453
20.8,0.9870780253079123,0.01660778390334107,0.9870780253079123,0.02449141455139771,1954.0,0.9506032519317383,0.06303188090179931,0.9506032519317383,0.03795016151707075,43.0,0.9663115418643141,0.04393889715618337,0.9663115418643141,0.04921412943013811,3.1,0.9825612389917143,0.023707273041597032,0.9825612389917143,0.0260695423922576,6.2,0.980760187131356,0.024749877614143857,0.980760187131356,0.02010872317550114,52.0,0.8485195666226921,0.15966599645489457,0.8485195666226921,0.10126286579556565,24.3,0.9699029365240883,0.03841677148847694,0.9699029365240883,0.03997665670618836,40.4,0.9732316094090456,0.033878101548876764,0.9732316094090456,0.031484665459120015
54.5,0.9870780253079123,0.01660778390334107,0.9870780253079123,0.0244914145513977,1411.0,0.9472424463346466,0.06814423338646577,0.9472424463346466,0.0420912954029282,56.0,0.9661451481053772,0.04416472896358943,0.9661451481053772,0.047876873588968014,-4.7,0.9827090630158186,0.02351115625549461,0.9827090630158186,0.027022814001776908,11.0,0.981397711872143,0.023871791399529097,0.981397711872143,0.019390355682780133,53.0,0.8451813277452664,0.16198036894728884,0.8451813277452664,0.10321846461977657,30.2,0.9697365427651512,0.038644446267884505,0.9697365427651512,0.03967422263811699,67.5,0.9732316094090456,0.033878101548876764,0.9732316094090456,0.030852047329177894
65.1,0.9873096571008453,0.016333767115721525,0.9873096571008453,0.023311551892810575,1464.0,0.9472424463346466,0.06814423338646577,0.9472424463346466,0.0420912954029282,36.0,0.9680365609744315,0.0414718245145723,0.9680365609744315,0.0460953142554507,-0.8,0.9820943884691116,0.024256730973033127,0.9820943884691116,0.029113954863978546,13.8,0.9816785251449561,0.023508753457886694,0.9816785251449561,0.018702031657551712,54.0,0.8431781835283547,0.16283385751024765,0.8431781835283547,0.10281094451967368,31.0,0.9702410782572294,0.03794895208544815,0.9702410782572294,0.03920188666774215,66.7,0.9734219271180827,0.03359973242979454,0.9734219271180827,0.027956241445509303
16.5,0.987674278142487,0.01589034748216637,0.987674278142487,0.02296521643962156,1455.0,0.9499717889076206,0.0636262948061288,0.9499717889076206,0.03786177605753725,20.0,0.9702515253066162,0.03847098156881032,0.9702515253066162,0.043999018047120406,7.8,0.9817864769081243,0.02459302416292736,0.9817864769081243,0.02988988412163981,3.72,0.9822402901022499,0.02286015476773918,0.9822402901022499,0.01784703717842507,46.0,0.8458601665699493,0.16134933567292042,0.8458601665699493,0.10033853848632404,21.2,0.9709506672386277,0.03712496984990373,0.9709506672386277,0.03765717285152132,63.9,0.9732889378693741,0.03376408023798026,0.9732889378693741,0.028477259828799405
78.0,0.9874204247461805,0.01620593466814725,0.9874204247461805,0.02348681919593641,1250.0,0.9511713231110861,0.06233855656811101,0.9511713231110861,0.037176508655736566,81.0,0.969614000565829,0.039329141371446025,0.969614000565829,0.046095722982066586,2.3,0.9794439240576571,0.02824047704700187,0.9794439240576571,0.034757935965040204,16.63,0.9827448255943282,0.02214707478968544,0.9827448255943282,0.0190776786928038,48.0,0.8473773805325401,0.16019279108240503,0.8473773805325401,0.09992490115215717,32.9,0.971931370586627,0.035777478385825706,0.971931370586627,0.03588928734664709,67.1,0.9734219271180827,0.03359973242979347,0.9734219271180827,0.02873710360962591
100.0,0.9873096571008453,0.016333767115721525,0.9873096571008453,0.0240893794118656,1370.0,0.9506032519317383,0.06303188090179931,0.9506032519317383,0.03728579438688471,36.0,0.9712585258771065,0.03712833919222556,0.9712585258771065,0.042220883041995616,1.6,0.9786457580085282,0.029166298899568004,0.9786457580085282,0.03596159523793237,22.34,0.9824640123215155,0.022510910870799372,0.9824640123215155,0.020062447017941187,50.0,0.847180236616888,0.16034102155452856,0.847180236616888,0.10017311054808445,55.7,0.9731897024009515,0.034554806060495706,0.9731897024009515,0.0349336633210817,52.2,0.9734219271180827,0.03359973242979347,0.9734219271180827,0.029944895851429332
51.4,0.9864981381585515,0.01723276395895106,0.9864981381585515,0.025189996899248012,2074.0,0.9515523947149814,0.06220238136039828,0.9515523947149814,0.03747693963015004,99.0,0.9712585258771065,0.03712833919222556,0.9712585258771065,0.04125036726306153,6.2,0.978414126215595,0.029434805713081765,0.978414126215595,0.03703722464608202,19.27,0.9820675236927969,0.022936487785645724,0.9820675236927969,0.01982745347099735,52.0,0.8455458469162334,0.16093901294959123,0.8455458469162334,0.09965569911686528,33.3,0.9730947879662603,0.034651739409377075,0.9730947879662603,0.03379689465680565,71.4,0.9746156275923784,0.03201119489569925,0.9746156275923784,0.029143967419294325
100.0,0.9864981381585515,0.01723276395895106,0.9864981381585515,0.025143136875625978,1738.0,0.9508000675432656,0.06293282246634538,0.9508000675432656,0.03774300640313175,98.0,0.9727968947710933,0.035216110896860435,0.9727968947710933,0.038197783534379644,7.8,0.9779472756929923,0.029979115232241556,0.9779472756929923,0.037192378218371895,31.18,0.9817029026511555,0.023374706430048835,0.9817029026511555,0.02018613627934224,55.0,0.8437165529497355,0.16165188748380035,0.8437165529497355,0.09868532642733148,65.1,0.9733264197591933,0.034386009827724356,0.9733264197591933,0.03287938756386395,56.9,0.9762601529036559,0.029786025567902073,0.9762601529036559,0.02671707378157998
20.8,0.9870662093378993,0.016484109973516917,0.9870662093378993,0.02456629928454108,1748.0,0.9517646273513316,0.06184396897620648,0.9517646273513316,0.036188986912111865,51.0,0.9727968947710933,0.035216110896860435,0.9727968947710933,0.038197783534379644,3.9,0.9781789074859253,0.029710872079774197,0.9781789074859253,0.03611674881022224,5.54,0.9826674624592214,0.02220754898439805,0.9826674624592214,0.019001325438494397,48.0,0.8462554358976314,0.16033172297826917,0.8462554358976314,0.0967258048228598,23.1,0.9740360087405915,0.03355663558517899,0.9740360087405915,0.03261691472536328,75.7,0.9769935284615545,0.02897841105509124,0.9769935284615545,0.02492579907855843
36.9,0.9866645319174887,0.016997315776058102,0.9866645319174887,0.02605847443122256,810.0,0.9521772595199833,0.06124570573826274,0.9521772595199833,0.03551100384189758,80.0,0.9727968947710933,0.035216110896860435,0.9727968947710933,0.038197783534379644,-3.9,0.978543528527567,0.029276650181498658,0.978543528527567,0.03613849961225588,4.12,0.9825010687002845,0.022441137668332837,0.9825010687002845,0.01829449610722071,27.0,0.8486232011561847,0.1591487599727175,0.8486232011561847,0.09628525518455265,20.0,0.9738043769476583,0.033822768098132394,0.9738043769476583,0.03201316010030156,52.2,0.9775939147707449,0.02833540434748153,0.9775939147707449,0.02528187470174635
20.4,0.9866645319174887,0.016997315776058102,0.9866645319174887,0.02605847443122256,1737.0,0.9495687810946073,0.06564761415819927,0.9495687810946073,0.03963436829474884,92.0,0.9712133934630264,0.03760707839750907,0.9712133934630264,0.038829122026742414,4.7,0.9788292495109501,0.028980507054214587,0.9788292495109501,0.03666884100717072,19.33,0.9831795983938697,0.02171793780355383,0.9831795983938697,0.01791531491126581,47.0,0.8477420015741818,0.1598759468815442,0.8477420015741818,0.09875043153005522,34.5,0.9753215909102491,0.0322111863827868,0.9753215909102491,0.03193195787421725,76.1,0.9782314395115317,0.027462593357881267,0.9782314395115317,0.025075671631124313
20.0,0.9870662093378992,0.016484109973516917,0.9870662093378992,0.025236675697783765,1968.0,0.9484773101012726,0.06704827493431234,0.9484773101012726,0.04140275480300702,55.0,0.9707088579709481,0.03830348706601485,0.9707088579709481,0.04068058956671619,-0.8,0.9794082754385388,0.028118096872942346,0.9794082754385388,0.03785949833087374,5.88,0.9830587342462719,0.021862893246274957,0.9830587342462719,0.017780484669855007,60.0,0.8470631627494989,0.16051014077160572,0.8470631627494989,0.10057478181633911,23.5,0.9754323585555845,0.03208675389914764,0.9754323585555845,0.03044314620197836,62.0,0.979843605883649,0.025455296285502145,0.979843605883649,0.02402447449811318
18.8,0.9874626979666175,0.01605368193689154,0.9874626979666175,0.024553525728546823,1571.0,0.9489245171330225,0.06649312269407254,0.9489245171330225,0.0412257504029114,29.0,0.9719568946535072,0.036513783056048965,0.9719568946535072,0.039368467402855954,3.9,0.9799763466178865,0.027381277057100317,0.9799763466178865,0.03772906990833762,3.71,0.9821775346642689,0.022877265192242487,0.9821775346642689,0.01943260421619745,21.0,0.8476778372962058,0.15997039237154584,0.8476778372962058,0.09772703798975288,21.2,0.9755532227031821,0.031944231540990076,0.9755532227031821,0.030590409980547382,62.7,0.9807195886239842,0.024380828883441914,0.9807195886239842,0.02240310159492819
38.8,0.9887787524009898,0.01443127336538524,0.9887787524009898,0.022083675806163317,1766.0,0.9517646273513316,0.06184396897620648,0.9517646273513316,0.036188986912111865,35.0,0.9713065526284826,0.037233704801959415,0.9713065526284826,0.0418668915010431,2.3,0.9806859355992845,0.02654082722007821,0.9806859355992845,0.0376951081152079,8.65,0.9809294979817096,0.02470412233003188,0.9809294979817096,0.020879446314842846,23.0,0.8491373082407118,0.15883551363928908,0.8491373082407118,0.09741207146157205,27.5,0.9749741967755934,0.0328008430693761,0.9749741967755934,0.032747028765317966,59.6,0.9820967806007019,0.022580916671343203,0.9820967806007019,0.01910339185488856
27.8,0.9890595656738027,0.014062722360700225,0.9890595656738027,0.020843278554525786,2016.0,0.9522853227301142,0.06136501989257362,0.9522853227301142,0.036422333804398944,29.0,0.9705969636470846,0.03805792973147389,0.9705969636470846,0.04293368134385484,5.5,0.9810505566409261,0.026104257530635225,0.9810505566409261,0.036256586330768684,5.69,0.9796814612991503,0.02652625687592337,0.9796814612991503,0.023427347679423543,24.0,0.8483562399350677,0.15955110198208153,0.8483562399350677,0.09992402702381653,22.4,0.9751645144846305,0.032521741638705186,0.9751645144846305,0.032495455932282605,71.0,0.9830613404087679,0.021412493367699247,0.9830613404087679,0.018946505804980387
36.9,0.9893403789466155,0.01369395975112115,0.9893403789466155,0.02017513093003628,1242.0,0.9516706481834072,0.062062138829824705,0.9516706481834072,0.037764915830965896,34.0,0.9711587286043784,0.03742537466740423,0.9711587286043784,0.04148327473374601,3.9,0.9804824854615785,0.02684265972512133,0.9804824854615785,0.03660971467212918,6.49,0.9792688291304988,0.027157944408389995,0.9792688291304988,0.024608685049687964,26.0,0.8462423280728208,0.16050655375066675,0.8462423280728208,0.09862239202645187,24.7,0.9751645144846305,0.032521741638705186,0.9751645144846305,0.032182231485914925,68.2,0.9833755581918091,0.02098195825043997,0.9833755581918091,0.017743248299486182
68.2,0.9886900369215907,0.014442633069737337,0.9886900369215907,0.02086336564788586,1405.0,0.9526829120961633,0.06113496220337683,0.9526829120961633,0.03722342657133664,59.0,0.9716471042097522,0.036972607458228994,0.9716471042097522,0.04069090346305391,-7.8,0.9803346614374743,0.02703781376653246,0.9803346614374743,0.03783988878887045,13.7,0.9801500287125018,0.02615054750401067,0.9801500287125018,0.022956565503345523,33.0,0.8433467336569508,0.16220838330801604,0.8433467336569508,0.09852014094372485,31.0,0.9750436503370327,0.03266413246931619,0.9750436503370327,0.03189597599008456,65.1,0.9841870771341031,0.02008898850611335,0.9841870771341031,0.017452065993409593
74.1,0.9884584051286578,0.014717486823151221,0.9884584051286578,0.020569971344862322,1691.0,0.9534031747446801,0.060502411128983614,0.9534031747446801,0.03742181087517426,62.0,0.9719279174825652,0.03661709804747806,0.9719279174825652,0.03885260204437341,-10.9,0.9796078114857811,0.028096553210714366,0.9796078114857811,0.037539982591928166,18.18,0.9803216393131067,0.02598306705394783,0.9803216393131067,0.02236877488327135,40.0,0.8409327827229908,0.1633757990636255,0.8409327827229908,0.09901297843135895,32.9,0.9758242824568557,0.031947649233984736,0.9758242824568557,0.03126654887652548,66.7,0.984358687734708,0.019919723780065363,0.984358687734708,0.01830620075211925
18.0,0.9881441873456166,0.015152308522531336,0.9881441873456166,0.021071613333179574,1639.0,0.952771711720562,0.06110049869795983,0.952771711720562,0.03817853145639102,38.0,0.9719279174825652,0.03661709804747806,0.9719279174825652,0.03838839626597514,-3.9,0.9789289726610982,0.028957956826929754,0.9789289726610982,0.039383776806151814,4.03,0.9809719813381315,0.025248543773586627,0.9809719813381315,0.021182160120441686,41.0,0.8392297033744149,0.1639674836206433,0.8392297033744149,0.09864789399124317,21.2,0.976909166147014,0.030843108054323342,0.976909166147014,0.030373985450804313,62.0,0.9854249881840801,0.018550304552368238,0.9854249881840801,0.01570230445275465
42.7,0.9883758191385495,0.014877646240732983,0.9883758191385495,0.02049774479547076,1375.0,0.9534505505452451,0.06028608476528869,0.9534505505452451,0.03723943071409998,20.0,0.9727877566829669,0.03540936544738201,0.9727877566829669,0.038100809505226325,1.6,0.9787318287454462,0.029166429379637728,0.9787318287454462,0.038857365459204034,8.58,0.9812527946109443,0.024886063308945106,0.9812527946109443,0.01994360087386044,35.0,0.840201089389096,0.16305787348489564,0.840201089389096,0.09798037247823196,27.1,0.978943807436494,0.027546008891105582,0.978943807436494,0.025218226914287985,68.6,0.9861345771654783,0.017698606394774788,0.9861345771654783,0.015148239701573236
20.4,0.9889548450661383,0.013998235255678268,0.9889548450661383,0.02023476919856487,943.0,0.9520514490720455,0.061732117778057774,0.9520514490720455,0.03778740488119802,34.0,0.9713275311733752,0.03725105749046435,0.9713275311733752,0.041144287365404666,-0.8,0.9782144759691301,0.02973086615155273,0.9782144759691301,0.039330782942986045,3.46,0.9818208657902922,0.024145924188408694,0.9818208657902922,0.01938175741363346,12.0,0.8426375442955706,0.16188856270906246,0.8426375442955706,0.09747661646547602,20.4,0.9799245107844933,0.02617722495745835,0.9799245107844933,0.02339320143515839,62.7,0.9872008776148503,0.01632423983585527,0.9872008776148503,0.014870823705565
20.4,0.9884503095740598,0.014720124120594672,0.9884503095740598,0.0217579705598891,1578.0,0.9494429706466693,0.06613206588173207,0.9494429706466693,0.04222423556496939,20.0,0.9710196196123877,0.03757937577469027,0.9710196196123877,0.04255133273490215,4.7,0.978335340116728,0.029587623613389794,0.978335340116728,0.03861684635278315,4.43,0.9825008312935034,0.023058815542761422,0.9825008312935034,0.017917238375153133,23.0,0.8443181196716318,0.16129043338818022,0.8443181196716318,0.09785261943071365,24.3,0.9802387285675347,0.02574963476249027,0.9802387285675347,0.02264510537920304,71.8,0.9876296533234356,0.015837073310861566,0.9876296533234356,0.014417626256057709
48.2,0.9879707874124678,0.015232449107611705,0.9879707874124678,0.02262270057638464,1179.0,0.9502013595350541,0.0651764485721029,0.9502013595350541,0.041702364423774334,46.0,0.969731004703401,0.039251034527638444,0.969731004703401,0.04420972012415219,-1.6,0.978335340116728,0.029587623613389794,0.978335340116728,0.038372797022783414,7.69,0.9821866135104624,0.02348829142728671,0.9821866135104624,0.01798362395448528,29.0,0.8449361528391874,0.16090486281418792,0.8449361528391874,0.09987692231771755,26.3,0.981574583706236,0.024254759405991533,0.981574583706236,0.021725585507862497,67.5,0.9880768603551856,0.015233269200732041,0.9880768603551856,0.01447700891191984
52.2,0.9876369261385736,0.01561975960471487,0.9876369261385736,0.022671765925209968,1511.0,0.9512344999795828,0.06410893944107379,0.9512344999795828,0.041374810551487805,41.0,0.9709689157533782,0.03776013157535525,0.9709689157533782,0.04151999458800416,0.0,0.9772081675817665,0.031255674148197896,0.9772081675817665,0.03920457228110616,11.53,0.9813884474613334,0.024420698514530183,0.9813884474613334,0.0185173989052665,35.0,0.8420176664131491,0.16260392938036636,0.8420176664131491,0.10195427062513257,29.8,0.98206295931161,0.023790184216341506,0.98206295931161,0.02129950708730313,68.6,0.9882246843792898,0.015034743969954821,0.9882246843792898,0.014117843759970645
43.1,0.9866775831721756,0.01671766555271222,0.9866775831721756,0.02415775347550787,1792.0,0.9506664288002351,0.06480125753860852,0.9506664288002351,0.043322286592451534,43.0,0.9690551386114961,0.04086756713599896,0.9690551386114961,0.04350820470408984,-0.8,0.9776750181043694,0.03071240730572651,0.9776750181043694,0.04015245393860073,11.1,0.980991958832615,0.024845017860464627,0.980991958832615,0.018275886118310897,39.0,0.8397142007553831,0.1636498055301981,0.8397142007553831,0.10081472286224767,29.4,0.9813533703302117,0.024633856407395,0.9813533703302117,0.02104330501850948,71.8,0.9875150953978917,0.015890215315459855,0.9875150953978917,0.015444374918525456
56.9,0.9859987443474925,0.01759339902649165,0.9859987443474925,0.025133920494700774,1968.0,0.9501433100673705,0.0652340055787052,0.9501433100673705,0.04208841752679656,34.0,0.9701090765529764,0.03896340514179273,0.9701090765529764,0.04088052585285376,1.6,0.9778880152306655,0.030477363113848674,0.9778880152306655,0.03870789165580353,16.96,0.9807789617063187,0.02508207327439191,0.9807789617063187,0.017818516945479507,40.0,0.8382772543332914,0.16407652959761515,0.8382772543332914,0.10224299845579299,32.2,0.9805949814418271,0.025655517699681687,0.9805949814418271,0.02149207418889427,69.4,0.9868055064164938,0.016744441731161734,0.9868055064164938,0.015307409786938187
70.6,0.9853199055228097,0.018467910815605785,0.9853199055228097,0.02697771470892443,1351.0,0.9501433100673705,0.0652340055787052,0.9501433100673705,0.04208841752679656,81.0,0.9708359265046693,0.03792347217496381,0.9708359265046693,0.03811488898505199,3.9,0.9777994381629346,0.0305648732507212,0.9777994381629346,0.037622177594479486,13.58,0.980991958832615,0.024845017860464627,0.980991958832615,0.017704473064715353,43.0,0.8360507578817241,0.1650128994371271,0.8360507578817241,0.10187478114624435,31.0,0.9805949814418271,0.025655517699681687,0.9805949814418271,0.02174650701340763,65.5,0.9870863196893064,0.0163773006385438,0.9870863196893064,0.014411393058801722
87.8,0.9842536050734374,0.019837268736397334,0.9842536050734374,0.02767735748807848,1494.0,0.9503563071936667,0.06501369997753334,0.9503563071936667,0.041938570186655526,59.0,0.9712831335364194,0.037340350384526586,0.9712831335364194,0.03757174997837213,0.8,0.9772313669835868,0.031298135166987144,0.9772313669835868,0.03892505100592017,17.35,0.9806580975587209,0.02522624710835256,0.9806580975587209,0.01740359453834272,47.0,0.8346338767502316,0.1654057124531465,0.8346338767502316,0.10212024634760387,32.9,0.9801933040214164,0.026161512430317058,0.9801933040214164,0.021543008679052993,57.6,0.9858484086393294,0.017921385662948645,0.9858484086393294,0.016146049067929817
72.2,0.9838519276530266,0.020347604857782437,0.9838519276530266,0.027957864474961947,1583.0,0.9509743403612222,0.0644891405568624,0.9509743403612222,0.042180066224496555,68.0,0.9712831335364194,0.037340350384526586,0.9712831335364194,0.03757174997837213,-4.7,0.9761041944486254,0.03296225128485367,0.9761041944486254,0.04144685560043193,16.99,0.980943818542104,0.024928247211336754,0.980943818542104,0.0168442478912331,48.0,0.833132674259465,0.16582994048607214,0.833132674259465,0.1024098336094585,32.2,0.9801933040214164,0.026161512430317058,0.9801933040214164,0.021651638085654824,66.7,0.9852108838985424,0.01880744500664212,0.9852108838985424,0.01843224690124221
90.2,0.9838519276530266,0.020347604857781715,0.9838519276530266,0.027446061436663147,1631.0,0.950850724555418,0.06457791673248461,0.950850724555418,0.041973125034698244,71.0,0.9712831335364194,0.037340350384526586,0.9712831335364194,0.03757174997837213,2.3,0.9757703331747314,0.03333871956467961,0.9757703331747314,0.04263522378331536,21.23,0.9803820535848102,0.025574770420414526,0.9803820535848102,0.017381126933081897,49.0,0.8315443148405163,0.16628810679502634,0.8315443148405163,0.10274595916640987,34.5,0.980713999400199,0.025647318765546868,0.980713999400199,0.02126174413706482,63.5,0.9857233289642884,0.018168367464960745,0.9857233289642884,0.018392039510683654
67.5,0.9843643727187725,0.01971023757299591,0.9843643727187725,0.026633145885007765,1697.0,0.950602954503845,0.06475626910237148,0.950602954503845,0.04184933646779811,51.0,0.9712831335364194,0.037340350384526586,0.9712831335364194,0.03565029608748481,3.1,0.9754015786584743,0.033710891125622054,0.9754015786584743,0.04161861944046521,16.47,0.9805298776089145,0.02537938595129045,0.9805298776089145,0.016881388333230347,52.0,0.8297136783409956,0.16687205550909945,0.8297136783409956,0.10249794512855678,32.2,0.9809043171092363,0.02536511117236986,0.9809043171092363,0.020326616182417746,67.8,0.9857233289642884,0.018168367464960745,0.9857233289642884,0.017234278240481935
93.3,0.9844592871534638,0.019610663206659613,0.9844592871534638,0.027439604236869922,1963.0,0.9490304049064794,0.06630873831834447,0.9490304049064794,0.04125840482715015,101.0,0.9712831335364194,0.037340350384526586,0.9712831335364194,0.03565029608748481,-1.6,0.9755038081394354,0.0336013785411564,0.9755038081394354,0.04068918433959746,31.49,0.9814944374169805,0.02421564867884968,0.9814944374169805,0.017687783019711557,67.0,0.827494170331176,0.16770526630212323,0.827494170331176,0.10230845149212808,38.8,0.9804374665866334,0.02591281503526991,0.9804374665866334,0.020809280264595803,65.9,0.9854091111812471,0.018600859661137014,0.9854091111812471,0.01878360717415683
100.0,0.9840946661118221,0.020051222746993946,0.9840946661118221,0.028162901803870106,2329.0,0.9481858026117221,0.06698218198754206,0.9481858026117221,0.04028458422346868,19.0,0.9712831335364194,0.037340350384526586,0.9712831335364194,0.03565029608748481,1.6,0.9766586856565386,0.03217237012545649,0.9766586856565386,0.03799652405047488,42.42,0.981240584020674,0.024527056210585027,0.981240584020674,0.01850385643567705,72.0,0.8258454506897591,0.16815716508438772,0.8258454506897591,0.10416069546805805,82.4,0.9804374665866334,0.02591281503526991,0.9804374665866334,0.02092922545540097,59.6,0.9854091111812471,0.018600859661137014,0.9854091111812471,0.018555014415784367
41.2,0.9842276553605307,0.019883095543855867,0.9842276553605307,0.027854642986055295,904.0,0.9489354904717883,0.06639991983866982,0.9489354904717883,0.04076179679168926,30.0,0.9712831335364194,0.037340350384526586,0.9712831335364194,0.03565029608748481,-0.8,0.9767795498041362,0.032029669213646535,0.9767795498041362,0.03902734222105615,4.25,0.9802464007344214,0.026039491313707416,0.9802464007344214,0.019764961526707925,13.0,0.8245158027779987,0.16969798036964803,0.8245158027779987,0.10571737024084119,19.6,0.980123248803592,0.0263404429995367,0.980123248803592,0.020730783467202706,65.1,0.985580721781852,0.0184311169483329,0.985580721781852,0.019444427612580983
95.3,0.9835901306197437,0.02076638841668389,0.9835901306197437,0.028663466647850584,2570.0,0.9511880055723655,0.06382551753377642,0.9511880055723655,0.04227519439442309,22.0,0.9712831335364194,0.037340350384526586,0.9712831335364194,0.03565029608748481,1.6,0.9772590719657288,0.03153155930218056,0.9772590719657288,0.03864317240309861,38.44,0.9807360485285957,0.0252377855647962,0.9807360485285957,0.018624382141659467,38.0,0.8255489432225276,0.1689226541030874,0.8255489432225276,0.10486378700840926,38.4,0.9813050726912481,0.024415562461211293,0.9813050726912481,0.017511690641342212,66.7,0.985580721781852,0.0184311169483329,0.985580721781852,0.019444427612580983
99.2,0.9835901306197437,0.02076638841668389,0.9835901306197437,0.028542863140887796,1898.0,0.9520639883127004,0.06281913196324307,0.9520639883127004,0.041706215143986286,20.0,0.9725717484454061,0.03566331791059697,0.9725717484454061,0.03422356848581622,5.5,0.9751960484960696,0.034436075838275265,0.9751960484960696,0.042462661574252096,28.4,0.980468715194036,0.02568880629486826,0.980468715194036,0.019196815778304975,40.0,0.8257986972075275,0.1687665750987252,0.8257986972075275,0.10609480231210947,37.3,0.9814528967153524,0.02421981218688767,0.9814528967153524,0.01791610468152618,65.5,0.9847825557327231,0.01937097600941392,0.9847825557327231,0.020754725398919
21.6,0.9841905169289337,0.0201137905935727,0.9841905169289337,0.028050758673234564,1745.0,0.9524656657331112,0.06234374238424862,0.9524656657331112,0.04130831061782522,33.0,0.9725717484454061,0.03566331791059697,0.9725717484454061,0.034413862574356274,4.7,0.9740411709789664,0.035860146751139986,0.9740411709789664,0.045155321863374676,5.05,0.980635108952973,0.02545626761410798,0.980635108952973,0.01976717112169568,17.0,0.8247832670788084,0.17000435582603254,0.8247832670788084,0.10687685456210766,22.4,0.9817067501116591,0.023908255078706635,0.9817067501116591,0.018223411881189824,62.4,0.9839227165323213,0.02060838453731091,0.9839227165323213,0.023188606124070456
44.3,0.9848690466225188,0.01938769024080185,0.9848690466225188,0.027316071879755915,765.0,0.9517642930014408,0.0629950489195981,0.9517642930014408,0.041195627516764664,77.0,0.9724239244213019,0.03585549091926371,0.9724239244213019,0.034974288100379385,3.9,0.9737073097050722,0.03623477808765568,0.9737073097050722,0.04374241446240571,5.07,0.9812854509779978,0.024721149233456183,0.9812854509779978,0.019699098419836338,27.0,0.822307777902141,0.17330863758795903,0.822307777902141,0.11418808513265694,25.1,0.9819038940273113,0.02369805739690798,0.9819038940273113,0.019289028213841094,54.1,0.9837511059317164,0.02077745109348085,0.9837511059317164,0.022312873375792866
94.5,0.9846151932262124,0.019701456164977055,0.9846151932262124,0.027676339682677274,2699.0,0.9528900297267762,0.0617644008224652,0.9528900297267762,0.04167375795495937,33.0,0.9714645814549038,0.036916034084696965,0.9714645814549038,0.035636577713160394,0.0,0.9735743204563637,0.03639881688104073,0.9735743204563637,0.04269589634596733,39.5,0.9819950399593959,0.023877600978753966,0.9819950399593959,0.01852924887633704,40.0,0.8212163069088064,0.17435666233790684,0.8212163069088064,0.11700599905119148,38.8,0.9815022166069003,0.02420555661437647,0.9815022166069003,0.01961287978786987,67.1,0.9847156657397824,0.019605218632307932,0.9847156657397824,0.021770194924893058
43.5,0.9830768243322257,0.021662538785807553,0.9830768243322257,0.030421160728561818,2023.0,0.9531123441863909,0.061432169513045476,0.9531123441863909,0.04133894295727278,45.0,0.9716775785812002,0.036683928063509126,0.9716775785812002,0.035161963429535925,3.9,0.9726983377160285,0.03745431706513371,0.9726983377160285,0.04531294284368903,13.87,0.9813446979343711,0.024613833639830787,0.9813446979343711,0.01817964659293806,48.0,0.8185928358649713,0.175448787829666,0.8185928358649713,0.11565586547850337,31.0,0.981194305045913,0.024541653845181297,0.981194305045913,0.019469880685770182,71.8,0.9848486549884911,0.019436921696189716,0.9848486549884911,0.021805928168340705
35.7,0.9827626065491845,0.022092721465076126,0.9827626065491845,0.0316862018353942,901.0,0.952385494234698,0.06243412864282355,0.952385494234698,0.04329209181306687,32.0,0.9738187454352543,0.033724477371800225,0.9738187454352543,0.03326480318950078,-0.8,0.9731000151364393,0.03695701772883933,0.9731000151364393,0.045549382938300784,3.82,0.981161206431949,0.02480094740106048,0.981161206431949,0.018693635958113762,14.0,0.8210833176600978,0.17447094589520762,0.8210833176600978,0.11411169851729629,19.2,0.9814073021722093,0.024304376138086607,0.9814073021722093,0.02007598440953743,54.5,0.9855582439698891,0.01858637573859442,0.9855582439698891,0.020268638830052657
42.7,0.9821835806215957,0.02296175077015219,0.9821835806215957,0.03201723370896685,762.0,0.9513638568790377,0.06342689093801768,0.9513638568790377,0.043782600722287075,55.0,0.9752085973477571,0.03208443986620989,0.9752085973477571,0.030468115278035363,-1.6,0.9734338764103334,0.03658288326048959,0.9734338764103334,0.04566792470985387,4.45,0.9808803931591362,0.025163417053683346,0.9808803931591362,0.018625512547028857,11.0,0.8235542741807825,0.1734851708688677,0.8235542741807825,0.11400426944742814,20.8,0.9809404516496065,0.024852877951435662,0.9809404516496065,0.022045250961181775,58.4,0.9867519444441848,0.01695885255761513,0.9867519444441848,0.017195301844376364
100.0,0.9811359872806557,0.024207152195487032,0.9811359872806557,0.03361743997925804,1059.0,0.9521316408383913,0.06272573396693926,0.9521316408383913,0.04374860663241069,98.0,0.9745710726069702,0.03295141974894971,0.9745710726069702,0.03099226247710342,4.7,0.9740019475896811,0.035855694801824656,0.9740019475896811,0.04272831629916239,18.37,0.981530735184161,0.02442791231431352,0.981530735184161,0.01740516859357243,23.0,0.8251664405528998,0.17209623851695172,0.8251664405528998,0.11470899511955668,52.5,0.9809404516496065,0.02485287795143638,0.9809404516496065,0.022205889955486155,48.2,0.9878182448935571,0.015582803177437078,0.9878182448935571,0.015619065938320163
21.2,0.9808821338843492,0.024518443591322932,0.9808821338843492,0.03437925239541095,1407.0,0.9526200164437653,0.062295554910991265,0.9526200164437653,0.04457401169622219,33.0,0.975369238656099,0.03203274790388869,0.975369238656099,0.02992182957956961,10.2,0.973555049689029,0.0362966677290491,0.973555049689029,0.04206052193755468,3.87,0.9830866834277074,0.02226227404358241,0.9830866834277074,0.01562950477091482,9.0,0.8266290777133688,0.1704416045813603,0.8266290777133688,0.11329114555022601,20.4,0.9821341521239023,0.02324080823031292,0.9821341521239023,0.019682614706801143,62.0,0.9878182448935571,0.015582803177437078,0.9878182448935571,0.016391532345693557
37.3,0.9804804564639384,0.02502505834988371,0.9804804564639384,0.035881675482729435,821.0,0.9530672234755152,0.061735472396494497,0.9530672234755152,0.04454604003377709,34.0,0.976078827637497,0.031199817141056064,0.976078827637497,0.028888497672557134,-3.9,0.975535039625814,0.033479530722455575,0.975535039625814,0.03819351165225893,3.7,0.9837013579744145,0.02151466879122713,0.9837013579744145,0.014980076162443805,10.0,0.8272294640225589,0.17000622322352996,0.8272294640225589,0.11292336047337595,19.6,0.9817324747034916,0.023748618060719467,0.9817324747034916,0.019206964963714747,55.3,0.9876852556448484,0.015752142326335223,0.9876852556448484,0.016440326725975504
34.5,0.98194068197353,0.02314678008022947,0.98194068197353,0.0337671986372355,811.0,0.9516061896666598,0.06367651837192273,0.9516061896666598,0.046477711531464294,34.0,0.9761810571184582,0.031089960625495985,0.9761810571184582,0.029206464630998782,-7.8,0.9747766507374293,0.03448802682199708,0.9747766507374293,0.0399203073373332,11.256157120272407,0.9838121256197494,0.02138790028063631,0.9838121256197494,0.015045712610670949,7.0,0.8303552952242511,0.16616042447185686,0.8303552952242511,0.107518501775242,19.6,0.9811010116793737,0.024390477255252587,0.9811010116793737,0.019024802567050136,57.3,0.9876852556448482,0.015752142326334494,0.9876852556448482,0.0160920830993991
92.2,0.9827217502791741,0.022167023055405185,0.9827217502791741,0.03275878586989157,2245.0,0.9507598304045114,0.06491773585770201,0.9507598304045114,0.04565070631369053,61.0,0.9761810571184582,0.031089960625495985,0.9761810571184582,0.02930435449143973,-7.0,0.9746557865898314,0.03463011400059686,0.9746557865898314,0.04136131541482888,30.5,0.9834475045781078,0.021827501864571833,0.9834475045781078,0.014947052550631949,20.0,0.8333925493582124,0.16234052744021227,0.8333925493582124,0.1072465985375807,37.6,0.9808693798864407,0.024660820006042694,0.9808693798864407,0.01863089617399812,67.8,0.9864915551705525,0.017382703975879397,0.9864915551705525,0.019019286816302418
99.2,0.9830664186988651,0.021826826407188075,0.9830664186988651,0.03255813701330085,2669.0,0.9498838476641763,0.06592064951026055,0.9498838476641763,0.04672336990047828,26.0,0.9764126889113912,0.03082249107202261,0.9764126889113912,0.0285473275201689,-0.8,0.9744241547968983,0.0348961709293961,0.9744241547968983,0.042102869227686676,40.38,0.9824829447700419,0.0229959940693538,0.9824829447700419,0.014893986549543827,38.0,0.833859399880815,0.16195537943381763,0.833859399880815,0.10939032043790159,39.2,0.9798979938717596,0.02591858831151202,0.9798979938717596,0.018981471634437988,66.3,0.9856155724302177,0.018469970625402652,0.9856155724302177,0.02054857694726327
62.4,0.982107075732467,0.022913448515371044,0.982107075732467,0.0343518210388904,2215.0,0.9498838476641761,0.06592064951026054,0.9498838476641761,0.046324835606438595,68.0,0.976859895943141,0.03023256880542823,0.976859895943141,0.02692047430400861,-2.3,0.9737738127718737,0.035619124915599425,0.9737738127718737,0.04200940331474448,20.48,0.9835744157633766,0.02149080060805212,0.9835744157633766,0.01393082385045404,42.0,0.8294746662182483,0.1653489988783359,0.8294746662182483,0.1108172219420205,32.5,0.9808693798864407,0.024660820006042694,0.9808693798864407,0.01786905730234936,69.8,0.9850475012508696,0.019216351234284564,0.9850475012508696,0.021492222506629032
84.7,0.9823927967158502,0.022614313879976998,0.9823927967158502,0.034457033123797935,2155.0,0.949455071955591,0.06636604539811417,0.949455071955591,0.0466942712618007,66.0,0.976859895943141,0.03023256880542823,0.976859895943141,0.026302060813047427,-1.6,0.9746429693055936,0.03448854875924034,0.9746429693055936,0.040839035904481916,27.26,0.983939036805018,0.021051015409025122,0.983939036805018,0.013127970027376765,51.0,0.8268511951744131,0.16649179669299452,0.8268511951744131,0.10949672324232862,35.7,0.9822281842143351,0.02270761563926524,0.9822281842143351,0.015681608972181665,67.1,0.9846458238304591,0.019727365411108855,0.9846458238304591,0.021888134543256874
30.2,0.983151185604235,0.021588360515496195,0.983151185604235,0.03335764252215698,2533.0,0.9498238264718483,0.0660171401275921,0.9498238264718483,0.04674133231953933,19.0,0.9758267554986125,0.03136839936883998,0.9758267554986125,0.027725209408312534,-7.0,0.9746429693055936,0.03448854875924034,0.9746429693055936,0.04099497940422427,13.19,0.9837167223454035,0.021404030984802824,0.9837167223454035,0.013088895831421156,53.0,0.8268511951744131,0.16649179669299452,0.8268511951744131,0.10949672324232862,30.6,0.9827327197064134,0.021994466380721722,0.9827327197064134,0.014447565903389947,77.3,0.9842812027888175,0.020167967997352355,0.9842812027888175,0.021437508333338358
44.3,0.9819574851299392,0.023204166460540285,0.9819574851299392,0.03740386129837659,2338.0,0.9502364586404998,0.06542201870379216,0.9502364586404998,0.044606362487059736,59.0,0.9755410345152293,0.031662882674306315,0.9755410345152293,0.02837427714056569,7.0,0.974957187088635,0.034066032649198164,0.974957187088635,0.040726824210075986,17.63,0.9834359090725905,0.021768451611710635,0.9834359090725905,0.01309606618017736,52.0,0.828589349797824,0.16599575239993136,0.828589349797824,0.10754591099711978,32.5,0.9839322539098792,0.02060611319771226,0.9839322539098792,0.013931094330885213,75.7,0.9850622710944614,0.019183426068852445,0.9850622710944614,0.02057505666130883
24.7,0.9819574851299392,0.023204166460540285,0.9819574851299392,0.03820816004590624,2566.0,0.951207844655181,0.06424424702320586,0.951207844655181,0.04243844123360941,49.0,0.9751122588066444,0.03213695842506897,0.9751122588066444,0.030588404901381875,-2.3,0.9756371525918464,0.03299367160405906,0.9756371525918464,0.04175263670324294,7.59,0.9838831161043406,0.021169968506430423,0.9838831161043406,0.012823016950232568,54.0,0.8319201455189102,0.1640763095170288,0.8319201455189102,0.10504864738366489,26.3,0.9850579906352142,0.019280471160589712,0.9850579906352142,0.012937798094346054,73.7,0.9857718600758595,0.018332507080813982,0.9857718600758595,0.02022724108979381
86.7,0.9816495735689521,0.0235407406876447,0.9816495735689521,0.03908502078520735,2750.0,0.9504096786060521,0.0651117986905696,0.9504096786060521,0.043605031247963826,74.0,0.9744334199819613,0.03299141423905105,0.9744334199819613,0.03067764112113258,0.0,0.974957187088635,0.034066032649198164,0.974957187088635,0.040700315495160296,36.35,0.9838831161043406,0.021169968506430423,0.9838831161043406,0.013806512653060515,59.0,0.8345042745703717,0.16291577842740054,0.8345042745703717,0.1064153660252581,37.6,0.9852483083442513,0.018995739700711056,0.9852483083442513,0.01292044137847692,67.8,0.9848125171094615,0.019425640310592233,0.9848125171094615,0.020713973798272674
89.4,0.9813416620079646,0.023877099205402597,0.9813416620079646,0.039571410349302394,2015.0,0.949980902897467,0.06555783910411454,0.949980902897467,0.044693047789102706,65.0,0.9749951849392552,0.032353265727643764,0.9749951849392552,0.029273237492656264,1.6,0.9764237571987673,0.03151499045831259,0.9764237571987673,0.03863196789617282,26.7,0.9834162655817379,0.021721400236896025,0.9834162655817379,0.014818221427582563,33.67243525896414,0.8368144332314846,0.16196862806793,0.8368144332314846,0.10520450387381997,35.7,0.9847358632785054,0.019634069671659437,0.9847358632785054,0.01389238461279961,66.3,0.9837793766649326,0.020582583506127936,0.9837793766649326,0.02057135596096782
65.5,0.9804563455875402,0.02482967809034068,0.9804563455875402,0.0409141161082493,2150.0,0.9502125346903999,0.06530635221978086,0.9502125346903999,0.043751903279964734,39.0,0.9744045798529202,0.032919512028694024,0.9744045798529202,0.03112027596234766,-3.9,0.9772701164609157,0.030208267734018433,0.9772701164609157,0.03568876000633103,20.64,0.9836970788545506,0.021356973699795313,0.9836970788545506,0.015007116525604033,65.0,0.8411388066715833,0.15851803222021948,0.8411388066715833,0.10522158507764616,33.3,0.9844216454954642,0.02006564917329946,0.9844216454954642,0.014392270969611595,68.6,0.9837793766649329,0.020582583506127943,0.9837793766649329,0.02100018618069761
18.4,0.979951810095462,0.025539663216021767,0.979951810095462,0.04221276307882482,2155.0,0.9510509098283076,0.06459689696535306,0.9510509098283076,0.044136072578988834,18.0,0.9747612913208942,0.032410697747658174,0.9747612913208942,0.032375375465706555,3.1,0.9776717938813262,0.029705508715031966,0.9776717938813262,0.035487291048121865,5.86,0.9830182400298677,0.02222678882781032,0.9830182400298677,0.01568604632371977,64.0,0.8461371356946774,0.15385940882600915,0.8461371356946774,0.09665693204538038,23.9,0.9831055910610919,0.02167319672811106,0.9831055910610919,0.01554961378242215,63.9,0.9842462271875355,0.020030400229919147,0.9842462271875355,0.021164581855053044
43.5,0.9808277928357971,0.02446514765873019,0.9808277928357971,0.03957867969674532,2137.0,0.9523439870138767,0.0633330717787948,0.9523439870138767,0.043937782572870024,32.0,0.974281769159302,0.03290702222094417,0.974281769159302,0.03398485973741405,2.3,0.9772701164609157,0.030208267734018072,0.9772701164609157,0.03517646845848723,10.76,0.9835355928061839,0.021655478379013816,0.9835355928061839,0.01592628574527148,62.0,0.8499685484280887,0.15101188522860323,0.8499685484280887,0.09315684205103539,29.4,0.9831055910610919,0.02167319672811106,0.9831055910610919,0.01697504824784619,72.2,0.9843940512116397,0.019833382723461142,0.9843940512116397,0.021998878257519863
18.8,0.981696949369517,0.02331604616033331,0.981696949369517,0.03860890525169437,2020.0,0.9527785286790101,0.06298022559407772,0.9527785286790101,0.04445961461445918,19.0,0.9737200042020081,0.03354435693192186,0.9737200042020081,0.034692761306486804,0.0,0.9771593488155803,0.03033316131325538,0.9771593488155803,0.03442301563207639,5.73,0.9842451817875819,0.020807703577518624,0.9842451817875819,0.01603305299309385,55.0,0.8519820477533597,0.15018191943905657,0.8519820477533597,0.09242478567750445,23.5,0.9836180361268377,0.021037019737366658,0.9836180361268377,0.016840891835403493,76.5,0.9840373397436655,0.02035201794746658,0.9840373397436655,0.02339103370107214
18.4,0.9826776527175166,0.021939035963538113,0.9826776527175166,0.03548776711364705,1469.0,0.9528449399066935,0.06292971375541018,0.9528449399066935,0.044412403281081196,32.0,0.9741995263636004,0.03304865103804655,0.9741995263636004,0.03341346735473222,4.7,0.9771593488155803,0.03033316131325538,0.9771593488155803,0.03442301563207639,3.92,0.984859856334289,0.020058276699777056,0.984859856334289,0.01565790961871402,21.0,0.8538788665738178,0.14942074413147335,0.8538788665738178,0.09176927553470218,20.8,0.9835072684815026,0.021163801799088448,0.9835072684815026,0.0170379644990137,62.0,0.9846054109230135,0.019607080646013207,0.9846054109230135,0.02230621341853226
60.8,0.9831248597492666,0.02134110699404602,0.9831248597492666,0.03498471214900275,1055.0,0.9527785286790101,0.06298022559407772,0.9527785286790101,0.04445961461445917,99.0,0.975154752491577,0.032051005984499704,0.975154752491577,0.0322522660304815,0.0,0.9784073854981395,0.028520748058260395,0.9784073854981395,0.03476412799076895,11.18,0.9847120323101847,0.02025535650926568,0.9847120323101847,0.01712137001918428,28.0,0.8533993444122256,0.14978554192274376,0.8533993444122256,0.09278058198204286,31.0,0.9830600614497526,0.02176205162659484,0.9830600614497526,0.019032264903227628,58.0,0.9852368739471312,0.01895975059074689,0.9852368739471312,0.021878579952284503
100.0,0.9830299453145753,0.021440374182292516,0.9830299453145753,0.035091164656252574,1538.0,0.9528734431137011,0.0628882804924526,0.9528734431137011,0.04415161384121994,96.0,0.975154752491577,0.032051005984499704,0.975154752491577,0.03192207571052858,6.2,0.9780057080777287,0.029024390260334446,0.9780057080777287,0.03429508024710737,27.15,0.9841995872444388,0.020892672585923935,0.9841995872444388,0.017879717181938724,42.0,0.8528819916359096,0.15020029899512877,0.8528819916359096,0.09375561133939936,58.8,0.9832916932426857,0.021490396234421335,0.9832916932426857,0.01894734545701014,54.1,0.9852368739471312,0.01895975059074689,0.9852368739471312,0.021878579952284503
76.1,0.9829090811669775,0.021585340871887317,0.9829090811669775,0.03524585577615771,2234.0,0.9522730568045111,0.063492354609932,0.9522730568045111,0.04581718226911358,66.0,0.975913141379962,0.031040202905870777,0.975913141379962,0.03096476595940182,-1.6,0.9787152970591269,0.028186901209854433,0.9787152970591269,0.03266981946349336,8.89,0.9851802905924381,0.019509622170039584,0.9851802905924381,0.016731190285926928,33.67243525896414,0.8526601410658317,0.1503375243209335,0.8526601410658317,0.0923298194504972,26.7,0.9831013755336485,0.02177406469904994,0.9831013755336485,0.018928034569641348,62.4,0.9861962169135295,0.01786567684511787,0.9861962169135295,0.02179038153784532
99.6,0.9830299453145753,0.021440374182292516,0.9830299453145753,0.03438893422427362,1665.0,0.9515396812466124,0.06425182325979475,0.9515396812466124,0.04632471828952972,81.0,0.975913141379962,0.031040202905870777,0.975913141379962,0.03129495627935474,-0.8,0.980031351493499,0.02659554130514355,0.980031351493499,0.030193993216150315,24.01,0.9865390949203326,0.01754044118001814,0.9865390949203326,0.01461679671363553,55.0,0.8538150185829346,0.14925710272223633,0.8538150185829346,0.08943846991134474,35.7,0.9835485825653986,0.021175794373707934,0.9835485825653986,0.01873990405491103,62.0,0.9861962169135295,0.01786567684511823,0.9861962169135295,0.02085493462649749
100.0,0.9820653855065093,0.02260873143490147,0.9820653855065093,0.0362911071730939,1892.0,0.9525872745875525,0.06308961950583879,0.9525872745875525,0.04561151000781413,45.0,0.9777926410866389,0.02859507224140238,0.9777926410866389,0.029380627837261086,-7.8,0.9801421191388341,0.026469838064023817,0.9801421191388341,0.029994368153018917,28.56,0.9867707267132655,0.017266797203624007,0.9867707267132655,0.014954013757778769,33.67243525896414,0.8587269626660767,0.1444587888903228,0.8587269626660767,0.08353070370995684,36.9,0.9841861073061854,0.020292805297048345,0.9841861073061854,0.018357676284867862,62.7,0.9855815423668225,0.018617521819401687,0.9855815423668225,0.021941979540687336
48.04087253229344,0.9809382129715479,0.024291418657014906,0.9809382129715479,0.0385112165435584,1945.0,0.9519726000408455,0.0637858719224258,0.9519726000408455,0.0475259001198468,24.0,0.978519491038332,0.027538741019214445,0.978519491038332,0.028165501939049424,0.0,0.9802751083875427,0.02630327875082434,0.9802751083875427,0.030102207723813626,5.19,0.9875688927623946,0.01632327689924217,0.9875688927623946,0.013462264606581686,59.0,0.861455131383078,0.14286304786329235,0.861455131383078,0.08188535620339585,23.1,0.9850620900465207,0.0192087841974951,0.9850620900465207,0.016667440792682734,76.5,0.9854337183427182,0.01881496657177034,0.9854337183427182,0.022949171398508914
61.2,0.9799668269568668,0.025549644548086725,0.9799668269568668,0.040711022226865456,893.0,0.9518776856061543,0.0638776287478254,0.9518776856061543,0.04774526128261512,96.0,0.9782052732552908,0.02796497753111388,0.9782052732552908,0.0305261173986052,4.7,0.9799304399678518,0.0266408916443558,0.9799304399678518,0.029649731365719217,5.73,0.9879976684709797,0.0158359231417967,0.9879976684709797,0.012467044015880776,28.0,0.8648403735931224,0.14039761093271236,0.8648403735931224,0.08068081473771498,22.7,0.9848304582535876,0.019481483538572642,0.9848304582535876,0.01602883384853679,63.1,0.9854337183427182,0.01881496657177034,0.9854337183427182,0.02187351375933171
48.04087253229344,0.9799668269568668,0.02554964454808744,0.9799668269568668,0.041624631629373944,1454.0,0.9510178464057527,0.0650323016707336,0.9510178464057527,0.04975214230838653,63.0,0.9783261374028884,0.02782151822150491,0.9783261374028884,0.03003416459100293,7.8,0.981056176693187,0.02532775981333332,0.981056176693187,0.02794821021393186,24.98,0.9886765072956625,0.014957158925334708,0.9886765072956625,0.011669145915670805,34.0,0.8670016449867485,0.13711223346993157,0.8670016449867485,0.07826510959799006,57.6,0.985388123799575,0.01890013271778429,0.985388123799575,0.016672797445040525,53.3,0.9857675796166122,0.01842962589417274,0.9857675796166122,0.02219145430216202
86.3,0.9802810447399082,0.02512183394139248,0.9802810447399082,0.04062012401967269,1690.0,0.9501418636654178,0.06603541469108842,0.9501418636654178,0.0521141060571263,86.0,0.9784369050482237,0.02769618295016217,0.9784369050482237,0.030077492614804135,0.0,0.9813418976765701,0.02502966258368587,0.9813418976765701,0.027589608175842145,21.88,0.9880261652706377,0.01570448652614478,0.9880261652706377,0.011758094434222967,38.0,0.8645705150685504,0.14007904008409786,0.8645705150685504,0.07936800307072686,34.5,0.9851751266732788,0.019139583956142334,0.9851751266732788,0.01607038201317795,64.7,0.9854533618335708,0.01886205475455557,0.9854533618335708,0.02347349932569159
100.0,0.9805160191353077,0.024905087731957282,0.9805160191353077,0.04062001888228747,1931.0,0.950208274893101,0.06598528050165467,0.950208274893101,0.05206689472374832,89.0,0.9788333936769419,0.027274176057224965,0.9788333936769419,0.029826854694409224,-6.2,0.9814627618241679,0.024885359685741067,0.9814627618241679,0.027436218957780416,31.64,0.9881283947515989,0.015591602709174214,0.9881283947515989,0.011685769697284853,44.0,0.8621794561447588,0.14135704153375483,0.8621794561447588,0.07835181694681341,39.2,0.9857898012199858,0.018388384122524446,0.9857898012199858,0.015299271063789447,60.4,0.9858221163498281,0.018480231626939857,0.9858221163498281,0.02422442400087779
28.2,0.9808239306962953,0.02456934754664706,0.9808239306962953,0.04058399288890246,2194.0,0.9491866375374408,0.0669716460075137,0.9491866375374408,0.05301606698579015,20.0,0.9781958689361551,0.028147669226122548,0.9781958689361551,0.029339581196327784,0.0,0.9808480872774609,0.025629090272882564,0.9808480872774609,0.0289527649646779,7.69,0.9876238592595207,0.016312062484853136,0.9876238592595207,0.012083877122883691,25.0,0.8643166616722439,0.1403177276195178,0.8643166616722439,0.07724893395969659,26.3,0.9856419771958814,0.018585906142701898,0.9856419771958814,0.015551613735034038,70.6,0.9857272019151371,0.01858005792042736,0.9857272019151371,0.02356771660734673
47.5,0.980114341714897,0.02541134742835772,0.980114341714897,0.04158150323646029,889.0,0.94909806046971,0.06705301734074477,0.94909806046971,0.05302081971739003,86.0,0.9780055512271177,0.02842852885135623,0.9780055512271177,0.028860188062561288,3.9,0.9795320328430887,0.02722313444341756,0.9795320328430887,0.03142859121202094,5.13,0.9876238592595207,0.01631206248485386,0.9876238592595207,0.011865375841134439,26.0,0.8635582727838591,0.14111109487063161,0.8635582727838591,0.07654807321874141,21.6,0.9851751266732788,0.019139583956142334,0.9851751266732788,0.015866351090338415,63.5,0.9847558159004558,0.01985029530864647,0.9847558159004558,0.026111693006755192
20.8,0.9807290162616041,0.02466806033201892,0.9807290162616041,0.040493275343637655,2037.0,0.9514257256222732,0.06299730850324735,0.9514257256222732,0.04824509280607773,26.0,0.9780885847599918,0.028349572811684,0.9780885847599918,0.029118325755731676,0.0,0.9791355442143703,0.0276454790929134,0.9791355442143703,0.03195909253237538,6.23,0.9872221818391099,0.0168256358971413,0.9872221818391099,0.011326805557647156,43.0,0.8603494080492928,0.14530863967333052,0.8603494080492928,0.07888398707713103,24.3,0.9841088262239066,0.02050800759148508,0.9841088262239066,0.01774450893082852,75.7,0.9837912560923898,0.021022337128798505,0.9837912560923898,0.02805898536457267
44.3,0.9795471923739478,0.026591470718015306,0.9795471923739478,0.042425031325808216,2183.0,0.9495343127532191,0.06559831409694318,0.9495343127532191,0.04831446435155311,39.0,0.978374305743375,0.028053304456663014,0.978374305743375,0.028296535774004032,5.5,0.9788816908180639,0.027955218631137018,0.9788816908180639,0.031925604150968095,16.65,0.9864637929507252,0.017859637200114728,0.9864637929507252,0.01169385001544877,51.0,0.8583229701671429,0.1462337507172204,0.8583229701671429,0.07883489517280484,32.2,0.9829151257496108,0.022126750840729126,0.9829151257496108,0.01908403778978525,72.5,0.9843037011581357,0.020385361895085115,0.9843037011581357,0.026529085514463396
18.8,0.9792329745909066,0.02701847746596096,0.9792329745909066,0.04343590351675346,2388.0,0.9491828046209593,0.06587536888297063,0.9491828046209593,0.04692045236083886,36.0,0.9769971137666573,0.029838441037911473,0.9769971137666573,0.030757442792180855,6.2,0.9781293636463482,0.028735762683177967,0.9781293636463482,0.033716869614118856,6.74,0.9860950384344679,0.01824194993630859,0.9860950384344679,0.011944387316397511,47.0,0.8596923917352745,0.14576408293408835,0.8596923917352745,0.07735267657237536,25.5,0.9827179818339586,0.022337489996127297,0.9827179818339586,0.01933349182594349,63.5,0.9843037011581357,0.020385361895084032,0.9843037011581357,0.02711480306538174
35.3,0.9789187568078654,0.02744520470251956,0.9789187568078654,0.04519672861841082,851.0,0.9490997710880853,0.06594856416820916,0.9490997710880853,0.04782468537960979,38.0,0.9765302632440545,0.030381728276268272,0.9765302632440545,0.03044982354747887,3.1,0.9780271341653872,0.028846097512156846,0.9780271341653872,0.03496151288712426,4.15,0.9857871268734806,0.018581553456637114,0.9857871268734806,0.01264016243042864,14.0,0.8619271677451191,0.1446354678211298,0.8619271677451191,0.0770363329725651,20.4,0.98258499258525,0.022505018882820006,0.98258499258525,0.020283484335643375,52.9,0.983422501576133,0.021402392007207297,0.983422501576133,0.026752278169235616
42.4,0.9784142213157871,0.028152687667856408,0.9784142213157871,0.04676494875551537,776.0,0.9478618600381084,0.06736688350856768,0.9478618600381084,0.050012335096504525,55.0,0.9754387922507199,0.031865849450637404,0.9754387922507199,0.0322370218307601,-3.9,0.9776254567449763,0.02934940117030773,0.9776254567449763,0.0356483909751303,4.68,0.9856763592281454,0.018708901476947353,0.9856763592281454,0.013545555235932066,33.67243525896414,0.8635378477783933,0.14398717079423853,0.8635378477783933,0.07684504466016964,21.6,0.9819346505602252,0.023242621612839295,0.9819346505602252,0.022330840682721134,54.5,0.9829556510535301,0.021953445710952233,0.9829556510535301,0.02789686101824912
63.5,0.9778461501364393,0.028887833737802612,0.9778461501364393,0.046916884972603955,1642.0,0.9460653616037452,0.06985796756916053,0.9460653616037452,0.05184373556894738,23.0,0.9748707210713721,0.03259649653971042,0.9748707210713721,0.031600372848223035,-4.7,0.9772687452770022,0.029860897663465606,0.9772687452770022,0.03674810087110226,16.41,0.9851639141623996,0.019347666631148824,0.9851639141623996,0.01511951991301758,17.0,0.8655724890678732,0.14135436769052012,0.8655724890678732,0.07768136674210238,32.2,0.9810586678198903,0.02431949076117319,0.9810586678198903,0.024506419067093718,67.5,0.9818641800601954,0.023457147454397188,0.9818641800601954,0.02962135981420279
85.9,0.9780432940520914,0.0286795042677862,0.9780432940520914,0.0456510704996759,1901.0,0.9454649752945552,0.07045273148608425,0.9454649752945552,0.05369848684608495,24.0,0.9752723984917827,0.03209601644493353,0.9752723984917827,0.031146723078991374,-8.6,0.9781540616974266,0.028916116732831346,0.9781540616974266,0.035516982711793633,24.22,0.9847622367419888,0.019858689535869053,0.9847622367419888,0.01499953983964528,42.0,0.865974166488284,0.14096364740124728,0.865974166488284,0.07700589862797388,34.9,0.981525518342493,0.023770666207832435,0.981525518342493,0.02383553101586681,65.5,0.9808927940455142,0.02471743302144365,0.9808927940455142,0.031337869038125764
28.6,0.97767867301045,0.02911371556940013,0.97767867301045,0.04653488348141216,2043.0,0.9429900742213301,0.0734869323310745,0.9429900742213301,0.05648587478451729,35.0,0.97558031005277,0.03176442534431294,0.97558031005277,0.03092855160086783,0.0,0.9791254477121076,0.027663652948500792,0.9791254477121076,0.03330859116257518,6.19,0.9853997614827757,0.018973725074384693,0.9853997614827757,0.014600499778917213,35.0,0.865974166488284,0.14096364740124728,0.865974166488284,0.07213014856698385,23.5,0.981168806874519,0.024286316712440675,0.981168806874519,0.024557596622440083,74.1,0.9800115944635114,0.02572691712112629,0.9800115944635114,0.031982993890705344
74.9,0.9779103048033828,0.02884534494506236,0.9779103048033828,0.0453857443024642,1794.0,0.943871273803333,0.07256196064182753,0.943871273803333,0.05574557840886471,54.0,0.9759141713266642,0.03138749604389989,0.9759141713266642,0.029995798593695226,3.9,0.9780923072675791,0.02880497939262237,0.9780923072675791,0.03439496729679727,19.86,0.9861266114344689,0.017901755577542963,0.9861266114344689,0.01394048292349659,42.0,0.8646445185765236,0.1426469299351782,0.8646445185765236,0.0737840784998183,33.3,0.9808120954065446,0.02480158599818152,0.9808120954065446,0.02644225234559808,67.8,0.98074497002141,0.024912992408368667,0.98074497002141,0.03125802744530622
56.5,0.9784227498691286,0.028216406162344946,0.9784227498691286,0.045291637528866606,2307.0,0.9450530976909893,0.07076845752438575,0.9450530976909893,0.05782194715883237,18.0,0.9759141713266642,0.03138749604389989,0.9759141713266642,0.029123278430985996,-7.0,0.9773112389619348,0.0297746499898251,0.9773112389619348,0.03562266365226445,20.1,0.9859602176755319,0.018136919637560325,0.9859602176755319,0.01333307476507834,47.0,0.8621690293998561,0.14623796826432267,0.8621690293998561,0.07744095246622174,33.3,0.98058978094693,0.025152599042193476,0.98058978094693,0.026631877713895552,71.4,0.9815260383270541,0.02393587895465371,0.9815260383270541,0.028703464314409226
18.4,0.9784227498691286,0.028216406162344224,0.9784227498691286,0.046856883220790874,2200.0,0.946341712599976,0.06918494575984203,0.946341712599976,0.05453590467245685,20.0,0.9762787923683058,0.030954956859127244,0.9762787923683058,0.029934471529610252,0.0,0.9773112389619348,0.0297746499898251,0.9773112389619348,0.03562266365226445,6.08,0.9853811917479433,0.019011185887040656,0.9853811917479433,0.012826433554416641,27.0,0.860920992717297,0.1476551506239262,0.860920992717297,0.07752370192960839,24.3,0.9795955976606773,0.026663362806500758,0.9795955976606773,0.02798259786815447,63.9,0.9813037238674394,0.024287351826106588,0.9813037238674394,0.02996675343712178
100.0,0.9780660384011546,0.028728750482087787,0.9780660384011546,0.04774220165020811,1993.0,0.9473893059409161,0.06803531925081803,0.9473893059409161,0.051983885538752196,38.0,0.975409635834586,0.03209068131555165,0.975409635834586,0.031114469956032353,3.9,0.9773112389619348,0.0297746499898251,0.9773112389619348,0.03562266365226445,35.32,0.9862571744882782,0.01792466649484617,0.9862571744882782,0.01237508626692953,47.0,0.8627017806104704,0.14527766081210142,0.8627017806104704,0.07790626292199224,42.0,0.980455436861079,0.025436864869380262,0.980455436861079,0.02617128190224692,60.0,0.9804345673337195,0.025435115786850326,0.9804345673337195,0.03173265160182665
18.8,0.9792478622888107,0.02681092451372206,0.9792478622888107,0.04535766964986736,2174.0,0.9481874719900449,0.06717333332117022,0.9481874719900449,0.05012389596307484,18.0,0.9758113132549965,0.0315897015274004,0.9758113132549965,0.03119293888178108,0.0,0.976263645620995,0.031006320164817424,0.976263645620995,0.037641845035447416,6.07,0.9865110278845847,0.017609903203615957,0.9865110278845847,0.011746181245190529,28.0,0.8637557185519508,0.1437201596996849,0.8637557185519508,0.07436742497407223,24.3,0.9821829957052306,0.02310696308208426,0.9821829957052306,0.02470117816236395,65.5,0.9799873603019696,0.026029487175733043,0.9799873603019696,0.032045933391813594
20.0,0.9788461848684,0.027315720999092873,0.9788461848684,0.04536768949232295,983.0,0.9504723460297821,0.06424292784110551,0.9504723460297821,0.047747105602321344,34.0,0.9765697021433815,0.03057782635391116,0.9765697021433815,0.031495479929213935,10.2,0.976632400137252,0.03063277571590669,0.976632400137252,0.03684909398628843,2.35,0.9865110278845847,0.017609903203615957,0.9865110278845847,0.011360117291275312,33.67243525896414,0.8647499018382034,0.14252942506857272,0.8647499018382034,0.0711496516562496,20.8,0.9821829957052306,0.02310696308208426,0.9821829957052306,0.024812915634572223,59.2,0.9799873603019696,0.026029487175733043,0.9799873603019696,0.032045933391813594
39.6,0.9781193349167069,0.028372584423051107,0.9781193349167069,0.04846350451872308,809.0,0.9496741799806531,0.0651097258062359,0.9496741799806531,0.04807166905197965,38.0,0.975588998795382,0.03193732050324378,0.975588998795382,0.03140746074452425,-4.7,0.9772004713165999,0.029899598259084257,0.9772004713165999,0.03715327950467893,4.31,0.9864087984036235,0.01772238779723947,0.9864087984036235,0.011863949428023116,7.0,0.867552327087037,0.13932695311355855,0.867552327087037,0.06937369355016705,20.4,0.9818142411889733,0.02348558798091225,0.9818142411889733,0.024932398817215085,54.1,0.9785263264931142,0.028083953685702618,0.9785263264931142,0.035124316244444044
19.6,0.977487871892589,0.0290089819533428,0.977487871892589,0.049799267070970654,2009.0,0.9483855650716664,0.06670501383870422,0.9483855650716664,0.05116656661888994,32.0,0.9742593508836217,0.034034352104710446,0.9742593508836217,0.03437460428297551,0.0,0.9770674820678911,0.030065123235194564,0.9770674820678911,0.03806983044556919,5.84,0.9856819484519306,0.01879480399502012,0.9856819484519306,0.01336610678315587,37.0,0.8678877917125447,0.1388350565938791,0.8678877917125447,0.07223391298738177,23.9,0.9820045588980106,0.02320263365031472,0.9820045588980106,0.025569493521457952,63.9,0.9772782898105549,0.02989715349850227,0.9772782898105549,0.03943806978078532
35.3,0.9772340184962826,0.02931782188470565,0.9772340184962826,0.049991941343546516,1920.0,0.9487981972403179,0.06611117937000505,0.9487981972403179,0.04895249149649791,36.0,0.9745735686666629,0.03361186450866315,0.9745735686666629,0.03368416260577933,3.9,0.978650983375958,0.027646808031077063,0.978650983375958,0.0343810288151896,10.12,0.985317327410289,0.019236230730781397,0.985317327410289,0.012795441862196852,38.0,0.8681416451088512,0.13859460967592876,0.8681416451088512,0.07350544705776266,29.0,0.9815000234059321,0.02391461674802934,0.9815000234059321,0.026091260058662573,73.3,0.9776121510844489,0.029518892679921287,0.9776121510844489,0.039975071236928075
17.6,0.9773548826438804,0.02917467918147451,0.9773548826438804,0.049380031505442235,1467.0,0.9487981972403179,0.06611117937000505,0.9487981972403179,0.048277813020606256,32.0,0.9738401931087641,0.034413882451472685,0.9738401931087641,0.03484054295549378,7.0,0.9793298222006409,0.02678475078805027,0.9793298222006409,0.032269210953645835,3.48,0.9848127919182105,0.019952728248956584,0.9848127919182105,0.01200752667712249,21.0,0.8696014067289063,0.1372677253727273,0.8696014067289063,0.07546923136285177,20.8,0.9815000234059321,0.02391461674802934,0.9815000234059321,0.026091260058662573,62.7,0.978493350666452,0.028515409337041685,0.978493350666452,0.039221890594275124
69.0,0.9773548826438804,0.02917467918147451,0.9773548826438804,0.049380031505442235,1212.0,0.9484047360696353,0.06644631196296602,0.9484047360696353,0.048271697918657666,85.0,0.9731613542840813,0.035265577208531775,0.9731613542840813,0.035813609334765836,3.9,0.9782822288597008,0.02802229772454107,0.9782822288597008,0.034214918712660594,11.25,0.9848127919182105,0.019952728248956584,0.9848127919182105,0.01200752667712249,28.0,0.8693475533325998,0.13750910025268048,0.8693475533325998,0.07586617866486625,29.8,0.9815000234059321,0.02391461674802934,0.9815000234059321,0.026091260058662573,62.4,0.977783761685054,0.02935246082727004,0.977783761685054,0.03985574014694768
54.5,0.977577197103495,0.028825776409268953,0.977577197103495,0.04695088618433217,1503.0,0.9470275440929173,0.06811847894481683,0.9470275440929173,0.05081301759899566,35.0,0.9731613542840813,0.035265577208531775,0.9731613542840813,0.035813609334765836,-11.7,0.9791634284417039,0.027016742668367986,0.9791634284417039,0.03379568044025013,11.24,0.9834539875903162,0.02191504564225774,0.9834539875903162,0.013304195743604051,31.0,0.8667552464971325,0.14059624857392747,0.8667552464971325,0.08090611631479487,28.6,0.9815000234059321,0.02391461674802934,0.9815000234059321,0.026091260058662573,67.1,0.9764249573571595,0.03128729570101543,0.9764249573571595,0.042426621392135384
42.0,0.97833558599188,0.02780983855794862,0.97833558599188,0.04394443699717884,786.0,0.9478526565125994,0.06679437480727597,0.9478526565125994,0.04962367654223576,36.0,0.9731613542840813,0.035265577208531775,0.9731613542840813,0.035813609334765836,-4.7,0.9792741960870391,0.026891203712946312,0.9792741960870391,0.03484643187755365,4.66,0.9824598043040634,0.023433648384592293,0.9824598043040634,0.015246381300245462,0.0,0.8665236147041996,0.14080259004794254,0.8665236147041996,0.08011646826511519,21.2,0.9808624986651451,0.02479276998073009,0.9808624986651451,0.027459726831641475,56.5,0.9758459314295709,0.03214509658126664,0.9758459314295709,0.04386219113396636
47.5,0.979300145799946,0.026651211052161464,0.979300145799946,0.041424599495507496,814.0,0.9474054494808496,0.06734868669423083,0.9474054494808496,0.049689604688988726,42.0,0.9729483571577848,0.03549837271797676,0.9729483571577848,0.03669692039569321,-1.6,0.9811536957937163,0.024429294433323215,0.9811536957937163,0.032346847047521624,5.28,0.9822626603884113,0.02364402353870934,0.9822626603884113,0.015598722666452116,0.0,0.8655294314179468,0.14199842298490617,0.8655294314179468,0.08072515861110863,22.7,0.9806908880645402,0.024960556119683595,0.9806908880645402,0.028302720689250674,53.7,0.9753285786532547,0.032706197927476845,0.9753285786532547,0.04384949919013974
59.6,0.9795351201953457,0.02643506068971442,0.9795351201953457,0.04142881678527255,765.0,0.9493548588950789,0.06499562799311881,0.9493548588950789,0.04773407802585322,55.0,0.9725466797373743,0.035996191956723315,0.9725466797373743,0.03648787254988791,5.5,0.9819347640993601,0.023451372505957257,0.9819347640993601,0.03057812371674217,6.18,0.9822626603884113,0.02364402353870934,0.9822626603884113,0.017071230920225236,33.67243525896414,0.86394593010988,0.1439165199179697,0.86394593010988,0.0825407823652525,24.7,0.9804685736049255,0.0253114883493076,0.9804685736049255,0.03005209893339223,56.1,0.9755120701556766,0.03252173882019894,0.9755120701556766,0.045547658974808905
50.6,0.979281266799039,0.026745246200417357,0.979281266799039,0.04186859072239447,837.0,0.9500348243982902,0.06397482466621732,0.9500348243982902,0.04908996324571853,50.0,0.9716706969970391,0.037050870464103915,0.9716706969970391,0.03692210573922447,-0.8,0.9804745385897686,0.025329186067313127,0.9804745385897686,0.033798461772244874,5.74,0.9815841306948261,0.02436518997753917,0.9815841306948261,0.01808726869818953,0.0,0.8632445573782098,0.1444320547456801,0.8632445573782098,0.08137418737804397,23.9,0.9788240482936481,0.027554203123504532,0.9788240482936481,0.03324302654823651,47.1,0.9761909089803598,0.0316659601490735,0.9761909089803598,0.04303394032896135
65.9,0.9790589523394243,0.027095252457555858,0.9790589523394243,0.042169869355645116,1639.0,0.9500348243982902,0.06397482466621732,0.9500348243982902,0.04908996324571853,22.0,0.9715187561345134,0.03718497751581661,0.9715187561345134,0.03694686253720003,-7.0,0.980607527838477,0.025162413121538958,0.980607527838477,0.0344287543355096,18.37,0.981473363049491,0.024491324474361607,0.981473363049491,0.01857283206260071,33.67243525896414,0.8640560763205036,0.14376865798757035,0.8640560763205036,0.07940307609407392,34.1,0.9781452094689652,0.028415262026081325,0.9781452094689652,0.033005304757985784,65.9,0.9766381160121096,0.031076564632131744,0.9766381160121096,0.04367031554731103
85.1,0.9790589523394243,0.027095252457555858,0.9790589523394243,0.042169869355645116,1403.0,0.9493252354168922,0.06475980741988806,0.9493252354168922,0.049280625004466797,21.0,0.9723879126682333,0.03605856542655897,0.9723879126682333,0.037448896182455095,-9.4,0.9808613812347837,0.0248513791113899,0.9808613812347837,0.03388267430223346,17.0,0.98137113356853,0.024602499150929005,0.98137113356853,0.019405297371884966,17.0,0.8681567790055201,0.1400984425676619,0.8681567790055201,0.07536479835889798,32.5,0.9781452094689652,0.02841526202608168,0.9781452094689652,0.03273407634486272,63.1,0.9768697478050428,0.030808959793284196,0.9768697478050428,0.04352436208482862
44.7,0.9796166178854117,0.02652177305558114,0.9796166178854117,0.04189283379822146,1434.0,0.9502897952249582,0.06367469561079384,0.9502897952249582,0.04891146832300719,75.0,0.9713937293819808,0.03754510097847607,0.9713937293819808,0.041020377272058574,-2.3,0.9808613812347837,0.0248513791113899,0.9808613812347837,0.03388267430223346,11.51,0.9810903202957171,0.024965106201239554,0.9810903202957171,0.021162607810968424,30.0,0.8701061884197494,0.13812938313246853,0.8701061884197494,0.07460157436462629,31.0,0.9775771382896173,0.02915004436674598,0.9775771382896173,0.03366727987438139,70.2,0.9763902256434506,0.0313072135423502,0.9763902256434506,0.044535654563845534
94.5,0.9797188473663728,0.0264110065791852,0.9797188473663728,0.04103133296746599,2896.0,0.9513229356694868,0.0626054413681993,0.9513229356694868,0.04843903531390028,69.0,0.970635340493596,0.038545916892522646,0.970635340493596,0.04189943679566591,3.1,0.9808613812347837,0.0248513791113899,0.9808613812347837,0.03388267430223346,32.09,0.9812381443198213,0.024769483170542166,0.9812381443198213,0.02191720117049795,40.0,0.8697415673781078,0.13846728480019557,0.8697415673781078,0.07562269635704447,28.2,0.9766177953232192,0.03022316775100792,0.9766177953232192,0.03380161436855926,67.5,0.9765009932887855,0.03118253417292245,0.9765009932887855,0.044764555062414904
82.0,0.9805652066285212,0.025095284730399386,0.9805652066285212,0.03928388801544182,2081.0,0.951322935669487,0.06260544136819932,0.951322935669487,0.04786584002553021,65.0,0.9720125324703137,0.036785291797259465,0.9720125324703137,0.03948676063874024,-1.6,0.9804144833341314,0.025300703753132363,0.9804144833341314,0.03426747710544169,25.54,0.9799495294108344,0.026476624501828288,0.9799495294108344,0.022589663512932474,48.0,0.8674216525862648,0.1397491924512143,0.8674216525862648,0.07463924197010254,35.3,0.9759802705824324,0.031092676868822566,0.9759802705824324,0.034116682616478024,67.1,0.9765009932887855,0.03118253417292245,0.9765009932887855,0.044764555062414904
54.9,0.9805652066285212,0.025095284730399386,0.9805652066285212,0.03928388801544182,2332.0,0.9522041352514898,0.06166101649890566,0.9522041352514898,0.04703011368663219,54.0,0.9726913712949966,0.035935721209493544,0.9726913712949966,0.039409125683518766,-3.1,0.9804144833341314,0.025300703753132363,0.9804144833341314,0.03508809600217225,18.46,0.9800602970561696,0.026350918814667904,0.9800602970561696,0.022727432044802043,49.0,0.8674216525862648,0.1397491924512143,0.8674216525862648,0.07463924197010254,32.5,0.9757672734561362,0.031327102202099714,0.9757672734561362,0.03416513205426798,65.9,0.9761045046600674,0.03160189545089488,0.9761045046600674,0.04351567103659309
28.2,0.9803988128695843,0.025327867472279827,0.9803988128695843,0.03928230170206819,2409.0,0.9527876234556607,0.06118232156921129,0.9527876234556607,0.04789932712571775,19.0,0.9729721845678094,0.03557950753083455,0.9729721845678094,0.04037342783795653,0.0,0.9801065717731443,0.025636067605147323,0.9801065717731443,0.03516584625021773,7.67,0.9799394329085718,0.026494825982639202,0.9799394329085718,0.0235292359830928,33.67243525896414,0.8692747168555051,0.13888926808362784,0.8692747168555051,0.073810717944636,24.7,0.9755134200598296,0.03163476873904758,0.9755134200598296,0.03606124388012764,77.3,0.9767191792067744,0.030865676330945977,0.9767191792067744,0.04209949440256419
31.4,0.9811969789187135,0.02439717847106079,0.9811969789187135,0.036895043454977,2220.0,0.9540203311699232,0.059954276736759654,0.9540203311699232,0.047485500155032084,67.0,0.9729721845678094,0.03557950753083455,0.9729721845678094,0.04309394800568364,3.1,0.9792212553527198,0.026585803386307304,0.9792212553527198,0.03608960849845948,11.19,0.9801006098258409,0.026343771106927028,0.9801006098258409,0.023899935936542376,48.0,0.872635522452597,0.13451125813071105,0.872635522452597,0.07364385845939982,29.8,0.9753522431425603,0.03178420166878714,0.9753522431425603,0.03739698169995294,76.1,0.9763545581651326,0.03129845446068959,0.9763545581651326,0.04179157600796156
23.9,0.9811969789187133,0.024397178471060783,0.9811969789187133,0.03739398359111743,2419.0,0.955397523146641,0.05825653847055064,0.955397523146641,0.048592814048452046,47.0,0.9732864023508508,0.03515810595568596,0.9732864023508508,0.04114953071128755,2.3,0.978021721149254,0.02795993478541953,0.978021721149254,0.037739371953845434,7.64,0.9805022872462517,0.025837900930179094,0.9805022872462517,0.02293084708311203,52.0,0.8711744886437414,0.13614967398133115,0.8711744886437414,0.07590486487390334,29.0,0.9761106320309453,0.030772976492909644,0.9761106320309453,0.03735140463789832,72.5,0.9769692327118397,0.030561845632540784,0.9769692327118397,0.039885766092081096
55.7,0.9808631176448191,0.02477864333614787,0.9808631176448191,0.03827320098715608,2618.0,0.9545163235646378,0.05920765593231486,0.9545163235646378,0.04955274819968281,52.0,0.973483546266503,0.034952072253148156,0.973483546266503,0.0404272762064067,-3.1,0.9767736844666949,0.029772319658413197,0.9767736844666949,0.039632492034182044,21.68,0.9813004532953807,0.02490752461699283,0.9813004532953807,0.022662461851139674,55.0,0.8693214243745011,0.137018603153788,0.8693214243745011,0.07594525164338736,33.7,0.9766682975769326,0.030203417272927784,0.9766682975769326,0.037345377370065526,71.8,0.9749062092421806,0.033467507084525554,0.9749062092421806,0.04385111040680058
52.2,0.981621506533204,0.02375601406241325,0.981621506533204,0.03514454860474917,1847.0,0.9543447129640331,0.05936451086685498,0.9543447129640331,0.049639818755225225,39.0,0.9750957126386203,0.032967344886314164,0.9750957126386203,0.03914494833432156,0.0,0.9767736844666949,0.029772319658413197,0.9767736844666949,0.041208387256214764,6.58,0.9811674640466719,0.025074454790059174,0.9811674640466719,0.02191230978624258,33.67243525896414,0.8710795742090504,0.13622462853351852,0.8710795742090504,0.07523044556329579,27.23618212807402,0.9764779798678955,0.030483420505543733,0.9764779798678955,0.036765690015859435,68.6,0.9742276795485955,0.03417618601959253,0.9742276795485955,0.04408965005644715
45.9,0.981787900292141,0.02352286414884184,0.981787900292141,0.03355412420804943,799.0,0.954427746496907,0.05929027468185703,0.954427746496907,0.04910024007064043,33.0,0.9740417746971399,0.03488822063956158,0.9740417746971399,0.042708741167669415,0.8,0.9783858508388121,0.027771956014531078,0.9783858508388121,0.03946605683440734,4.76,0.9808532462636307,0.02550268210046133,0.9808532462636307,0.02335548027820555,0.0,0.8704420494682634,0.13691800871408752,0.8704420494682634,0.07467068694795306,22.4,0.9756969115622516,0.03145007081539044,0.9756969115622516,0.037657406535323436,55.7,0.9735962165244774,0.03480614206921906,0.9735962165244774,0.04455122038819656
41.6,0.981787900292141,0.02352286414884184,0.981787900292141,0.03355412420804943,806.0,0.9550780885219317,0.05859875798987383,0.9550780885219317,0.04756259932873366,36.0,0.9729941813561999,0.0361100522864157,0.9729941813561999,0.04527587014956238,-2.3,0.9789065462175949,0.02725961836958839,0.9789065462175949,0.03892190893139259,4.48,0.980488625221989,0.02593938367884135,0.980488625221989,0.023881346540722395,33.67243525896414,0.8715692220032247,0.13557717631581132,0.8715692220032247,0.07402133695787269,20.8,0.9753522431425603,0.03178420166878714,0.9753522431425603,0.037819889293521806,55.3,0.9724931663723965,0.03599155422463154,0.9724931663723965,0.04447542535865998
43.5,0.9812833648000627,0.024234520254823304,0.9812833648000627,0.033311649362119666,807.0,0.9553278425069318,0.0583744009603015,0.9553278425069318,0.04860605010337411,46.0,0.9732258131491328,0.03584469904416677,0.9732258131491328,0.04433868799802354,1.6,0.9793537532493451,0.0266664903920642,0.9793537532493451,0.03867149196015235,8.21,0.980488625221989,0.02593938367884135,0.980488625221989,0.024258289648063487,11.0,0.8734606348722789,0.13336357064301455,0.8734606348722789,0.0716228936796498,27.1,0.9766682975769326,0.030203417272927784,0.9766682975769326,0.03555368476565899,51.4,0.971604518265445,0.036872302492121305,0.971604518265445,0.04375802743085432
21.2,0.9800353281175037,0.026057932913578507,0.9800353281175037,0.03583289232522213,1766.0,0.9549763343746722,0.05865610029863391,0.9549763343746722,0.04885551534622451,73.0,0.973328042630094,0.03573567063516055,0.973328042630094,0.04334157258267107,7.8,0.9793537532493451,0.0266664903920642,0.9793537532493451,0.03867149196015235,4.49,0.9816157977569503,0.024259386870498903,0.9816157977569503,0.023433342360522965,23.0,0.8749216686811343,0.13171500631306055,0.8749216686811343,0.07012059533881934,21.2,0.9772473235045215,0.029343710669244724,0.9772473235045215,0.03531415788057797,65.5,0.9719691393070867,0.0364438348006197,0.9719691393070867,0.04259164225975936
86.7,0.9794735631602097,0.026703183000558132,0.9794735631602097,0.03706255235551778,2295.0,0.9543928461705015,0.05913761105512323,0.9543928461705015,0.04832699747955972,64.0,0.9730423216467109,0.0360280705438451,0.9730423216467109,0.04404973708758939,3.1,0.9788330578705622,0.027179390818235116,0.9788330578705622,0.03929135348442949,30.01,0.9805243267636159,0.025758406116962285,0.9805243267636159,0.02532808061163794,35.0,0.8751881937164304,0.13151131196755259,0.8751881937164304,0.07049257269900887,36.5,0.9765684846798387,0.03020207687871872,0.9765684846798387,0.03598511987746788,67.5,0.9715219322753368,0.03702780540618364,0.9715219322753368,0.04378012847675769
16.9,0.9806284406773127,0.02525990975625982,0.9806284406773127,0.03519121786435973,1766.0,0.9544758797033753,0.05906335086470676,0.9544758797033753,0.04738899958792853,90.0,0.9729315540013757,0.036151731560164886,0.9729315540013757,0.04419367236618722,4.7,0.9792802649023121,0.026586272562864253,0.9792802649023121,0.03774892523894271,4.75,0.9813841659640175,0.02452990847973183,0.9813841659640175,0.02508898518720112,46.0,0.8733351294471899,0.13239673924395493,0.8733351294471899,0.07053295946849289,22.4,0.9775398706945198,0.028953013572240446,0.9775398706945198,0.035271393109644625,75.3,0.9703947597403754,0.0386751168141188,0.9703947597403754,0.045778242462771276
66.7,0.981107962838905,0.024756404040283758,0.981107962838905,0.03428444112015131,2600.0,0.9563479828165329,0.056963017084745854,0.9563479828165329,0.045128780528370965,51.0,0.9736115195045871,0.03508315342125955,0.9736115195045871,0.04208596104693325,0.0,0.9789660471192709,0.02701315993143846,0.9789660471192709,0.03736866911472274,25.4,0.9816514992985771,0.024078137991764306,0.9816514992985771,0.024058032468787963,54.0,0.8718025927983108,0.13302606390219932,0.8718025927983108,0.07250921849181102,34.1,0.978044406186598,0.02824660153854498,0.978044406186598,0.03374943413080399,69.8,0.9698266885610277,0.03939780485513842,0.9698266885610277,0.045349137627024576
57.3,0.9815096402593159,0.024249342075516156,0.9815096402593159,0.033967030221036,1737.0,0.9579925081278102,0.054824434153761224,0.9579925081278102,0.04337888685362639,19.0,0.9736115195045871,0.03508315342125955,0.9736115195045871,0.042700133375438515,-1.6,0.978518840087521,0.02760588498513092,0.978518840087521,0.038357286255973386,14.61,0.9813841659640175,0.02452990847973255,0.9813841659640175,0.025288735857942314,52.0,0.870991073856017,0.1337078250571393,0.870991073856017,0.07105963263291537,31.4,0.977854088477561,0.028527396719865806,0.977854088477561,0.03459706862763306,69.4,0.9698266885610277,0.03939780485513842,0.9698266885610277,0.04455873783247253
23.9,0.9815096402593156,0.024249342075515427,0.9815096402593156,0.03251915785602494,1709.0,0.9574751553514943,0.05536238725288627,0.9574751553514943,0.044532971554757335,33.0,0.9730538539585998,0.03564802584640501,0.9730538539585998,0.04352269678609171,0.0,0.9773639625704178,0.029043152694015247,0.9773639625704178,0.03973940578922934,6.22,0.9809824885436067,0.025036788223213313,0.9809824885436067,0.025992095329921333,48.0,0.8729710637928021,0.13142476557441649,0.8729710637928021,0.06875167310483815,24.7,0.9772860172982131,0.02926188527284212,0.9772860172982131,0.03479080852941113,63.1,0.968874794119578,0.04032164666539482,0.968874794119578,0.04503652143728762
22.4,0.9818742613009573,0.02381153800513057,0.9818742613009573,0.032561963401445834,991.0,0.9573035447508894,0.05552048359239918,0.9573035447508894,0.04336519504177524,34.0,0.9729516244776386,0.03575703063158012,0.9729516244776386,0.04455340907626077,10.2,0.9766116353987021,0.029821581463458945,0.9766116353987021,0.04165599559201972,2.98,0.9807694914173104,0.025273799605601322,0.9807694914173104,0.026834897827720913,35.0,0.8728688343118409,0.13151052698839333,0.8728688343118409,0.06832046877329111,19.6,0.9767653219194303,0.029772259455660685,0.9767653219194303,0.03480303510453612,57.6,0.9678625302068221,0.04128853462614191,0.9678625302068221,0.04551336147532802
67.8,0.9826326501893422,0.022787068900879236,0.9826326501893422,0.031455741659674956,1188.0,0.9582554391923391,0.05462372882821829,0.9582554391923391,0.04271324530768074,82.0,0.972830760330041,0.035898678085028966,0.972830760330041,0.044068369454868896,5.5,0.9756564092707255,0.030822992854637948,0.9756564092707255,0.0431743272555599,13.86,0.9802649559252321,0.025983791302550335,0.9802649559252321,0.028921232562549797,41.0,0.8745625478779893,0.13076264863628004,0.8745625478779893,0.06777848700149536,31.4,0.9760069330310455,0.030784972460203702,0.9760069330310455,0.03684333715864293,64.3,0.9678625302068221,0.04128853462614191,0.9678625302068221,0.046460298035912145
17.6,0.9826326501893422,0.022787068900879594,0.9826326501893422,0.03200514719887645,1353.0,0.9582554391923391,0.05462372882821759,0.9582554391923391,0.042997444856745386,19.0,0.9735092900236261,0.03519228428814852,0.9735092900236261,0.04134289537285241,2.3,0.9750188845299383,0.03169121464568974,0.9750188845299383,0.04401070767905398,3.42,0.9806216673932062,0.02546924961254005,0.9806216673932062,0.029431077710839495,34.0,0.8764539607470434,0.1285290293453515,0.8764539607470434,0.06612384715175473,20.4,0.9766857718557285,0.029927529052649265,0.9766857718557285,0.03705437211188049,73.7,0.9670026910064203,0.042484606199266674,0.9670026910064203,0.04768210841365902
52.9,0.981384613506783,0.024614915142866456,0.981384613506783,0.0341754850448167,729.0,0.95834401626007,0.0545403033696025,0.95834401626007,0.04310169038388419,53.0,0.9748253444579981,0.03361925218794047,0.9748253444579981,0.03975382976793172,3.1,0.9746542634882966,0.032122890223537905,0.9746542634882966,0.046698117444416126,6.9,0.9819102823021929,0.023759567423781224,0.9819102823021929,0.027190279296548037,36.0,0.8783677378889255,0.12592558675355955,0.8783677378889255,0.06616185331374176,28.6,0.9777333651966684,0.028694141024518893,0.9777333651966684,0.034272299437885644,64.7,0.9672884119898034,0.042196060108032396,0.9672884119898034,0.04751690567068052
80.8,0.9812960364390522,0.024703287051201842,0.9812960364390522,0.03437009213539964,1924.0,0.9593154022747512,0.05334032740802866,0.9593154022747512,0.04409492538125841,21.0,0.9735367295490115,0.035303096665745715,0.9735367295490115,0.04132661065577356,1.6,0.9747751276358946,0.03198049236656777,0.9747751276358946,0.0458475880303184,23.27,0.9819102823021929,0.023759567423781224,0.9819102823021929,0.027190279296548037,41.0,0.8787364924051826,0.125631813806175,0.8787364924051826,0.0655790052465125,34.9,0.9777333651966684,0.028694141024518893,0.9777333651966684,0.034272299437885644,67.1,0.9676026297728446,0.04177940338710884,0.9676026297728446,0.04556122307039334
49.8,0.9812960364390522,0.024703287051201842,0.9812960364390522,0.03437009213539964,850.0,0.9604702797918542,0.05196009872747849,0.9604702797918542,0.04263712957921062,46.0,0.9730242844832656,0.035925014764015446,0.9730242844832656,0.041688708348714874,-3.9,0.9748858952812297,0.0318561074789024,0.9748858952812297,0.0445860958123619,5.14,0.9833705078117847,0.021876563664810972,0.9833705078117847,0.025460615619105918,33.67243525896414,0.8787364924051826,0.125631813806175,0.8787364924051826,0.0655790052465125,22.4,0.9782951301539622,0.02805123504955742,0.9782951301539622,0.03363550102205877,63.1,0.9680043071932554,0.04128666609845505,0.9680043071932554,0.04290794665160145
61.6,0.9812960364390522,0.024703287051201842,0.9812960364390522,0.03356051246667621,1917.0,0.9604702797918542,0.051960098727478136,0.9604702797918542,0.04303566387325031,53.0,0.9732372816095618,0.035692293271694174,0.9732372816095618,0.04090144211763666,-3.1,0.9747751276358946,0.03198049236656777,0.9747751276358946,0.04530800016756124,17.67,0.9848315416206401,0.019802305299944156,0.9848315416206401,0.02254533888815064,45.0,0.8797306756914354,0.1243943004710202,0.8797306756914354,0.0663765177347923,32.5,0.9790535190423472,0.02703391841414048,0.9790535190423472,0.03165406836737865,68.6,0.9681521312173595,0.041096245423645476,0.9681521312173595,0.04433729513314244
19.6,0.9806171976143693,0.02556859067243209,0.9806171976143693,0.03491804074422458,2378.0,0.961032044749148,0.05134273268932881,0.961032044749148,0.042230298621243945,26.0,0.9738053527889097,0.034964740381424296,0.9738053527889097,0.040833078211500194,0.0,0.9762348892559496,0.03027717245432284,0.9762348892559496,0.04376757985978617,11.62,0.9858029276353213,0.018531919984643704,0.9858029276353213,0.020999620960206813,43.0,0.8815271741257984,0.12220820606241116,0.8815271741257984,0.0627409320981126,30.2,0.9802530532458128,0.025657132276286056,0.9802530532458128,0.03139492345397217,69.0,0.9690435309825178,0.04026935774376992,0.9690435309825178,0.0440592688393842
40.0,0.9805064299690341,0.025694459550874914,0.9805064299690341,0.036010542311885045,2079.0,0.9604316584399579,0.051959870946628454,0.9604316584399579,0.043159351496153485,63.0,0.9749602303060126,0.03353997250881718,0.9749602303060126,0.039068892942564125,-3.1,0.9754126523766816,0.031112687043962535,0.9754126523766816,0.04420353251169162,12.51,0.9863074631273995,0.017813954754106073,0.9863074631273995,0.020573955832800736,33.67243525896414,0.883171699437076,0.12037433178818845,0.883171699437076,0.061012935075662314,30.6,0.9806547306662233,0.025150898728471115,0.9806547306662233,0.029890565058413452,74.1,0.9694081520241595,0.03984337023300027,0.9694081520241595,0.042009015472028816
27.8,0.9806394192177428,0.025527730501044458,0.9806394192177428,0.036258886289387525,2149.0,0.9604316584399579,0.051959870946628454,0.9604316584399579,0.043874575713592524,45.0,0.9760078236469526,0.032312756241392564,0.9760078236469526,0.03618880990412377,0.8,0.9756442841696145,0.030845444994188426,0.9756442841696145,0.04223710482922617,11.77,0.9867546701591493,0.01721187417936917,0.9867546701591493,0.020937020415734912,45.0,0.8862975306387679,0.11600980229399112,0.8862975306387679,0.05708192135325425,31.8,0.9808211244251606,0.024918223013706706,0.9808211244251606,0.030147866960842918,73.3,0.9693059225431984,0.03995149603078875,0.9693059225431984,0.041010774177390595
34.5,0.9812897612427676,0.024792656135922683,0.9812897612427676,0.035011016733754084,2198.0,0.9605146919728321,0.05188445547503899,0.9605146919728321,0.04450150556768821,66.0,0.9757761918540198,0.032579755119457,0.9757761918540198,0.03436943330033394,3.9,0.9748220472903466,0.03167994388920356,0.9748220472903466,0.042895880351780366,11.27,0.9869381616615713,0.017022229957522967,0.9869381616615713,0.02134137124296259,33.67243525896414,0.8896116287168637,0.11335495548602566,0.8896116287168637,0.05513767252630494,29.4,0.9820148248994562,0.02330643603724958,0.9820148248994562,0.02736459158764851,73.7,0.9694537465673025,0.03976059878514754,0.9694537465673025,0.040525777101245435
27.5,0.9813846756774586,0.02469389623797779,0.9813846756774586,0.03561744073687035,1906.0,0.9591374999961143,0.05360133420677655,0.9591374999961143,0.047838507831935134,22.0,0.9763552177816085,0.03172227615827503,0.9763552177816085,0.032816329639552465,6.2,0.9759250974424275,0.03048662224143782,0.9759250974424275,0.040566675665881055,19.95,0.9871697934545045,0.016748350361287294,0.9871697934545045,0.021716281142102993,52.0,0.891906955606888,0.11195846246986005,0.891906955606888,0.054035032991586796,33.3,0.9827732137878412,0.02228142504194851,0.9827732137878412,0.026941785187555467,74.9,0.9689413015015567,0.040377394767015864,0.9689413015015567,0.041683731742263405
18.8,0.9821657439831027,0.023715945715201428,0.9821657439831027,0.03353828168230059,1689.0,0.9580711995467421,0.054894129413983285,0.9580711995467421,0.048798328381000136,20.0,0.9768024248133583,0.031132802394865645,0.9768024248133583,0.03341245152338072,0.0,0.9761474119020421,0.030138548054957585,0.9761474119020421,0.04021470282223623,4.55,0.9875985691630896,0.016261383827304726,0.9875985691630896,0.020740380533092018,44.0,0.8949040805695562,0.10966377390744776,0.8949040805695562,0.052618874526498896,22.0,0.9829635314968783,0.021997952314778926,0.9829635314968783,0.027407103174218735,63.1,0.9702299164105436,0.03870867842582085,0.9702299164105436,0.040443122590234505
54.9,0.9830417267234378,0.022637275203670357,0.9830417267234378,0.03263224111537136,1486.0,0.957111856580344,0.055918887333952685,0.957111856580344,0.049586610913801094,50.0,0.9787162019552405,0.027980216141622827,0.9787162019552405,0.03066860737106717,5.5,0.9761474119020421,0.030138548054957585,0.9761474119020421,0.04087547257224303,12.27,0.9885792725110891,0.014868819303075714,0.9885792725110891,0.018544179793066502,47.0,0.8978756718274276,0.10735774257956965,0.8978756718274276,0.05092237225212243,30.2,0.9832777492799195,0.02156764853132127,0.9832777492799195,0.027237471863638885,67.5,0.9714779530931027,0.03692042609746061,0.9714779530931027,0.036758461076537206
17.6,0.9828753329645008,0.022870882995407404,0.9828753329645008,0.0334716885338001,1540.0,0.957111856580344,0.055918887333952685,0.957111856580344,0.049586610913801094,18.0,0.9789065196642776,0.027699057261070144,0.9789065196642776,0.03001753135626463,3.1,0.9767849366428291,0.029268260028824558,0.9767849366428291,0.04031427696900938,4.0,0.9890461230336919,0.014311149834697546,0.9890461230336919,0.01807059992250485,48.0,0.8980368487446968,0.10723461432056673,0.8980368487446968,0.052874115257583065,21.6,0.9836794267003302,0.021058118217324222,0.9836794267003302,0.02732117067228616,72.2,0.9731722220465047,0.03440379224442796,0.9731722220465047,0.03227792030503224
40.8,0.982408482441898,0.02342092112924467,0.982408482441898,0.03361986439163231,927.0,0.9576908825079328,0.05509266632886488,0.9576908825079328,0.0487543450124376,21.0,0.9794745908436252,0.0269623882389074,0.9794745908436252,0.029752179052006906,-3.1,0.9766519473941204,0.02943379710432848,0.9766519473941204,0.040742749503959994,4.42,0.9894107440753336,0.013866183756269355,0.9894107440753336,0.017234366217688743,41.0,0.897475083787403,0.10777245189255451,0.897475083787403,0.053566031989678534,20.0,0.9842370922463177,0.020478366088934486,0.9842370922463177,0.026671212647128035,46.7,0.9735289335144789,0.033896195792483125,0.9735289335144789,0.032158855459948524
48.6,0.982408482441898,0.02342092112924467,0.982408482441898,0.033420738032646224,882.0,0.9576908825079328,0.05509266632886488,0.9576908825079328,0.04882214791846946,38.0,0.9795695052783163,0.026864030141374437,0.9795695052783163,0.029973328876020857,-1.6,0.9771726427729032,0.0289233053644627,0.9771726427729032,0.04104481379350364,5.66,0.9896915573481464,0.013497231634184918,0.9896915573481464,0.016801886928723864,38.0,0.8973272597632987,0.10793703475059806,0.8973272597632987,0.052794464975898195,23.5,0.9846842992780676,0.019878793340657744,0.9846842992780676,0.026257290536062485,63.1,0.9737512479740934,0.033549788778028784,0.9737512479740934,0.03126200519099766
48.6,0.9817709577011109,0.024300236823610103,0.9817709577011109,0.035449286145172704,1277.0,0.9562298486990773,0.05705419432266117,0.9562298486990773,0.05249426437124671,28.0,0.9796580823460471,0.02677601694126608,0.9796580823460471,0.029335880676876692,3.1,0.977305632021612,0.02875760629793879,0.977305632021612,0.042347582488782065,9.03,0.9900254186220406,0.013108377714383066,0.9900254186220406,0.015708805850194203,29.0,0.8975937847985949,0.10771903401754168,0.8975937847985949,0.05413649694275323,27.5,0.9854653675837116,0.018893606049767087,0.9854653675837116,0.024398159276303438,66.7,0.9734157833485857,0.03415036330319019,0.9734157833485857,0.03129146842332908
37.3,0.9813692802807001,0.024807418305806097,0.9813692802807001,0.03727618942477373,819.0,0.9562298486990773,0.057054194322660824,0.9562298486990773,0.052781503509838894,34.0,0.9790434077993401,0.027517135469468657,0.9790434077993401,0.029798233393896673,-7.8,0.977662343489586,0.028245686987291685,0.977662343489586,0.04123276706128325,4.07,0.9906629433628275,0.01221420264919018,0.9906629433628275,0.013279208801169085,10.0,0.8968841958171966,0.10842064100269708,0.8968841958171966,0.05433220444462051,20.8,0.9857192209800181,0.018579352404579,0.9857192209800181,0.02369989275601847,58.0,0.9738174607689966,0.033651311148134834,0.9738174607689966,0.030582887020340517
43.5,0.9810884670078873,0.025169966008098392,0.9810884670078873,0.03669711146934392,791.0,0.9549919376491002,0.05849598549880464,0.9549919376491002,0.054646263291464985,33.0,0.9780788479912741,0.02867459203793669,0.9780788479912741,0.03115423929799758,-9.4,0.977662343489586,0.02824568698729204,0.977662343489586,0.0405709464840705,4.59,0.9907838075104255,0.012066907482809803,0.9907838075104255,0.012741371154225285,3.0,0.8967956187494658,0.10849272576081773,0.8967956187494658,0.05442608830440782,21.2,0.9874467798241696,0.016224466116022136,0.9874467798241696,0.020807392400284896,57.3,0.9729414780286614,0.03470956301060644,0.9729414780286614,0.031315203811672014
45.5,0.9807317555399131,0.025684870357241582,0.9807317555399131,0.0371082061180357,790.0,0.9536020857365975,0.06006162006900009,0.9536020857365975,0.05478362298454787,47.0,0.9758312095754981,0.032200573819392064,0.9758312095754981,0.034570310137852125,-6.2,0.9764244324396089,0.029759589702823323,0.9764244324396089,0.04241203591430532,4.79,0.9907838075104252,0.012066907482809797,0.9907838075104252,0.012718101833162162,33.67243525896414,0.8961009174659718,0.10977874653292777,0.8961009174659718,0.057293622531274103,22.0,0.9875946038482738,0.016026218755340927,0.9875946038482738,0.020022940493433457,54.9,0.9710693749155039,0.036893070665814744,0.9710693749155039,0.032852028016004425
43.5,0.9797510521919137,0.027055318508032892,0.9797510521919137,0.04024693136515484,813.0,0.9523134708276109,0.0616710666506648,0.9523134708276109,0.05608564033301438,40.0,0.9753840025437481,0.03278894350616357,0.9753840025437481,0.03501275121876436,1.6,0.9748982595918705,0.03151806139740595,0.9748982595918705,0.0451556462776049,5.27,0.9900254186220406,0.013108377714383427,0.9900254186220406,0.013159324743983621,0.0,0.8967037154260391,0.10886992121019805,0.8967037154260391,0.05674200469165484,22.7,0.9878262356412066,0.01575191811838204,0.9878262356412066,0.01940512432105389,52.5,0.968085590842781,0.04101170469054385,0.968085590842781,0.037103222662296105
33.3,0.9799413699009507,0.026773671239424323,0.9799413699009507,0.04055706891851123,1088.0,0.9511585933105076,0.06302671668282389,0.9511585933105076,0.055599261445939956,78.0,0.974508019803413,0.03384977110892921,0.974508019803413,0.03556537923359283,6.2,0.975152112988177,0.031210568820025316,0.975152112988177,0.04305659721127958,11.54,0.9891562620883205,0.014276546931243996,0.9891562620883205,0.013635183542763229,26.0,0.8986837053628243,0.10644710370844951,0.8986837053628243,0.05550080985952265,31.4,0.9874245582207959,0.01626582730039016,0.9874245582207959,0.019742122921180143,67.1,0.9670914075565284,0.04248624255575243,0.9670914075565284,0.040576790279994716
71.8,0.9801316876099878,0.026491912530102534,0.9801316876099878,0.039951364658110694,2485.0,0.9490795263340964,0.06548494100103,0.9490795263340964,0.057120188324147746,58.0,0.9739399486240653,0.03457852866838536,0.9739399486240653,0.03633193671296275,0.0,0.9747874919465352,0.031642486363313335,0.9747874919465352,0.043438655656820105,26.98,0.9886894115657177,0.014834296366633014,0.9886894115657177,0.013508887947722753,33.0,0.900252070214742,0.10564690156100785,0.900252070214742,0.05555292554726489,35.3,0.98691211315505,0.016907028326211913,0.98691211315505,0.01990364625756511,70.2,0.965732603228634,0.04438053881250167,0.965732603228634,0.042573301179460496
69.4,0.9795288896499204,0.027549057690170842,0.9795288896499204,0.04017010432283672,1746.0,0.9484291843090716,0.06616688989608764,0.9484291843090716,0.05684065935285413,66.0,0.9740285256917963,0.03449175084358893,0.9740285256917963,0.03565359386073366,-6.2,0.9746852624655741,0.03175211878633485,0.9746852624655741,0.043347563085920054,18.79,0.9878912455165888,0.0157801200593814,0.9878912455165888,0.013467942698161522,41.0,0.900252070214742,0.10564690156100785,0.900252070214742,0.05555292554726489,32.9,0.9859407271403687,0.018180484856367578,0.9859407271403687,0.02061281343234674,69.0,0.9626953490946726,0.04935559967447734,0.9626953490946726,0.049592593797488996
29.0,0.9791162574812686,0.028180212463040314,0.9791162574812686,0.042036581778098416,1997.0,0.9490795263340964,0.06548494100103,0.9490795263340964,0.05612228298310416,24.0,0.975317140600783,0.03280593631378371,0.975317140600783,0.03501620011547683,1.6,0.9738737435232805,0.032626428048288324,0.9738737435232805,0.044598194181120265,6.03,0.9866026306076019,0.017511017288541725,0.9866026306076019,0.015558795138945928,33.67243525896414,0.9017108463472037,0.10491590110201003,0.9017108463472037,0.053667756734122676,23.1,0.9853726559610211,0.01892728565652554,0.9853726559610211,0.02193468134532036,73.7,0.9605541822406184,0.052244700304103456,0.9605541822406184,0.053625553212497415
95.7,0.9789259397722316,0.02846134037773567,0.9789259397722316,0.04330489186392887,1751.0,0.9519451979174283,0.06161129417733465,0.9519451979174283,0.054084927274653805,18.0,0.974960429132809,0.03331490981933409,0.974960429132809,0.03656326056333508,0.0,0.9737259194991761,0.03281933383394861,0.9737259194991761,0.043468845770795156,24.89,0.9867234947551999,0.017364986877717786,0.9867234947551999,0.0154583620582391,32.0,0.9025920459292068,0.10406824312437124,0.9025920459292068,0.05461042178538874,35.7,0.9856265093573275,0.018613071160680443,0.9856265093573275,0.02123193409047222,62.7,0.9592245343288581,0.05427990687223547,0.9592245343288581,0.05650080447280961
54.5,0.97977229903438,0.02714849205828357,0.97977229903438,0.04192316978069658,1520.0,0.9531000754345312,0.06025268078596423,0.9531000754345312,0.0520335176707837,89.0,0.9743229043920218,0.03418085364936762,0.9743229043920218,0.038504691031835535,5.5,0.9742835850451634,0.03225242325576496,0.9742835850451634,0.042646696012885524,9.51,0.9875833339556014,0.016121130425634542,0.9875833339556014,0.01453970579166607,33.0,0.9018824569478088,0.10477757638468943,0.9018824569478088,0.054963722365554676,27.1,0.9865910691653935,0.01743641048726504,0.9865910691653935,0.020705714377625657,70.6,0.9622617884628193,0.04933944144596355,0.9622617884628193,0.05010773307001154
100.0,0.9807436850490611,0.025892110896450434,0.9807436850490611,0.040208929549648983,1748.0,0.9529670861858226,0.06040968438615633,0.9529670861858226,0.0523746165715356,83.0,0.974425133872983,0.03407151928822818,0.974425133872983,0.03847516801782344,4.7,0.9742835850451634,0.03225242325576496,0.9742835850451634,0.04125751586453068,22.13,0.9882208586963884,0.015231146126959213,0.9882208586963884,0.014272833763161769,40.0,0.9020659484502307,0.10462263272704629,0.9020659484502307,0.05532247873221254,34.9,0.9873892352145226,0.016493204130763557,0.9873892352145226,0.01852655800993379,59.6,0.9634647846423688,0.048185601675345205,0.9634647846423688,0.04911866095830153
80.8,0.9819373855233569,0.02428164116379061,0.9819373855233569,0.03780346525899699,2025.0,0.9536766751672209,0.059618082798955696,0.9536766751672209,0.05056813940096355,63.0,0.9754914343223551,0.032731828067691995,0.9754914343223551,0.03791882747234588,2.3,0.9738363780134134,0.03283978873157233,0.9738363780134134,0.041010801760280616,12.77,0.9882208586963884,0.015231146126959213,0.9882208586963884,0.014272833763161769,43.0,0.900435561717164,0.10549249227064156,0.900435561717164,0.055911681913922755,29.4,0.9873892352145226,0.016493204130763557,0.9873892352145226,0.01852655800993379,67.1,0.9652455725355421,0.04527285391723216,0.9652455725355421,0.044205744570961714
36.9,0.9825520600700639,0.0235362060096124,0.9825520600700639,0.037134754836721774,2091.0,0.9536766751672209,0.059618082798955696,0.9536766751672209,0.05056813940096355,44.0,0.9763674170626903,0.031668865647707524,0.9763674170626903,0.03660635193338097,8.6,0.9751524324477856,0.03126301769017875,0.9751524324477856,0.037475344161738686,17.31,0.9886680657281385,0.014626697951259938,0.9886680657281385,0.014275443325496774,42.0,0.9003525281842901,0.10555766688494092,0.9003525281842901,0.05399849072369625,32.2,0.9873892352145226,0.016493204130763557,0.9873892352145226,0.01852655800993379,74.5,0.9653563401808773,0.0451512816760958,0.9653563401808773,0.044826758820010394
36.1,0.9832308988947469,0.022667722316527614,0.9832308988947469,0.0358993831345851,2077.0,0.9536766751672209,0.059618082798955696,0.9536766751672209,0.05056813940096355,47.0,0.9756888873691051,0.03237992727228217,0.9756888873691051,0.03642002689215983,3.1,0.9771682530896986,0.02870670570169992,0.9771682530896986,0.03549117162293251,13.31,0.9888158897522425,0.014427960533005659,0.9888158897522425,0.015088608185335082,41.0,0.9032715298263433,0.10323405665514931,0.9032715298263433,0.052591730217433755,30.2,0.9879016802802685,0.015851470023006582,0.9879016802802685,0.018563678708089507,76.5,0.9655227339398145,0.04492581668851406,0.9655227339398145,0.04407543758532321
60.8,0.98502739732911,0.01998252447865047,0.98502739732911,0.031960686599540614,2048.0,0.9536766751672209,0.059618082798955696,0.9536766751672209,0.05056813940096355,30.0,0.975879205078142,0.03210052980392037,0.975879205078142,0.03767159648670726,-0.8,0.9777686393988886,0.028063410763298376,0.9777686393988886,0.03549586885667782,7.17,0.9874386977755248,0.016251991605407568,0.9874386977755248,0.017370592933992117,40.0,0.9047862422880081,0.10243742144541503,0.9047862422880081,0.05214600759462615,25.9,0.9881146774065648,0.015610624420494656,0.9881146774065648,0.019368406530871497,69.0,0.9655227339398145,0.04492581668851406,0.9655227339398145,0.042433587104838126
18.4,0.9855398423948557,0.019344180857333523,0.9855398423948557,0.03035183151814813,1873.0,0.9528544382879527,0.060407784595397335,0.9528544382879527,0.0509644984572334,19.0,0.9763460556007448,0.0315584462311075,0.9763460556007448,0.03714610691237863,0.0,0.9776477752512908,0.028206754493176424,0.9776477752512908,0.03774871408246402,5.27,0.9871848443792185,0.016567408576849584,0.9871848443792185,0.018240580629135045,20.0,0.9033260167784164,0.10403428696092891,0.9033260167784164,0.052613120802508934,22.7,0.9875973246302486,0.01618786692936438,0.9875973246302486,0.019303636470942954,63.8636053593179,0.9653255900241623,0.04512801244573568,0.9653255900241623,0.042158843095541014
43.1,0.9854376129138948,0.019456371211730453,0.9854376129138948,0.030026455252036933,805.0,0.9511059509805998,0.06240378396093337,0.9511059509805998,0.052659989356032735,34.0,0.9789383624362121,0.02769241402682742,0.9789383624362121,0.032450639695547456,-2.3,0.9782481615604809,0.02756281973916235,0.9782481615604809,0.03600570027753472,4.98,0.9866723993134726,0.01720829320931985,0.9866723993134726,0.018779662437960754,13.0,0.9025144978361224,0.10477557095244555,0.9025144978361224,0.05318290168598658,20.8,0.9875973246302486,0.01618786692936438,0.9875973246302486,0.019303636470942954,50.2,0.9636180583525343,0.04697461849664109,0.9636180583525343,0.04241655719157018
49.0,0.9859044634364976,0.01890269119493212,0.9859044634364976,0.029305339959066548,750.0,0.9507544428483401,0.06268255845399795,0.9507544428483401,0.052272027903252964,38.0,0.9796172012608949,0.026830124185838612,0.9796172012608949,0.03119078436946779,-1.6,0.9786607937291324,0.026931984962884528,0.9786607937291324,0.034396976739780226,5.71,0.9862707218930618,0.01772099400262512,0.9862707218930618,0.020164049462403036,4.0,0.9025144978361224,0.10477557095244555,0.9025144978361224,0.05318290168598658,24.3,0.9883069136116467,0.015332536362903118,0.9883069136116467,0.01799193048118979,54.9,0.9636180583525343,0.04697461849664109,0.9636180583525343,0.04241655719157018
23.5,0.9860879549389195,0.018713530547332564,0.9860879549389195,0.028863025871565855,1183.0,0.9511889845134737,0.06233010013991887,0.9511889845134737,0.05328124439044721,59.0,0.9796172012608949,0.026830124185838612,0.9796172012608949,0.03119078436946779,3.1,0.9784943999701956,0.02716378707763148,0.9784943999701956,0.03457433271066341,7.69,0.9862707218930618,0.01772099400262512,0.9862707218930618,0.019261361700699083,20.0,0.9043109962704855,0.10248094470143027,0.9043109962704855,0.05243391866477959,30.2,0.9883069136116469,0.015332536362902396,0.9883069136116469,0.017750243999048818,69.8,0.9632534373108926,0.04739518274008658,0.9632534373108926,0.044132471535845735
28.6,0.9858563231459866,0.01898663968920073,0.9858563231459866,0.030055597062683685,2041.0,0.9497287590038821,0.06408712326454928,0.9497287590038821,0.055415294002969226,92.0,0.9794842120121865,0.026996495383927028,0.9794842120121865,0.031936245459594816,6.2,0.9784943999701954,0.027163787077631833,0.9784943999701954,0.03472586950506575,29.71,0.9862707218930618,0.01772099400262512,0.9862707218930618,0.019261361700699083,32.0,0.9049256708171926,0.10185006148057978,0.9049256708171926,0.052585552320723705,36.1,0.9883069136116469,0.015332536362902396,0.9883069136116469,0.017750243999048818,63.5,0.9608223073926946,0.05099993622300952,0.9608223073926946,0.048159255708631
100.0,0.9856728316435646,0.01917570342629683,0.9856728316435646,0.030497911150184378,3136.0,0.9493772508716223,0.0643648040668286,0.9493772508716223,0.05422702817370699,69.0,0.978417911562814,0.028348212223968963,0.978417911562814,0.033423340008889704,0.0,0.9781297789285538,0.027598773397977734,0.9781297789285538,0.03690749646858596,58.36,0.9863592989607927,0.017631524502009412,0.9863592989607927,0.018705629522865298,43.0,0.9049256708171926,0.10185006148057978,0.9049256708171926,0.052585552320723705,45.5,0.9882046841306857,0.015445467956371386,0.9882046841306857,0.017782539582211772,63.1,0.9611869284343363,0.05058189164821733,0.9611869284343363,0.04683442326137361
41.6,0.9856728316435643,0.019175703426296823,0.9856728316435643,0.03107075241155749,2200.0,0.9497287590038819,0.06408712326454927,0.9497287590038819,0.0547376111288429,31.0,0.97763684325717,0.029318585834420652,0.97763684325717,0.0351121709331526,2.3,0.9788881678169385,0.026581285110417567,0.9788881678169385,0.033897005680921015,8.66,0.9870861489124857,0.01655749563653227,0.9870861489124857,0.01789947939867171,42.0,0.9062515445519789,0.10118289444472413,0.9062515445519789,0.0509865201906332,25.9,0.9888422088714726,0.014554475094510652,0.9888422088714726,0.016025163933100814,67.5,0.9617042812106524,0.05003904974074272,0.9617042812106524,0.0470750573095652
32.9,0.9862409028229124,0.0184288117831243,0.9862409028229124,0.02877303537597891,1984.0,0.9507763523448219,0.06292721661183716,0.9507763523448219,0.053448059136109914,40.0,0.97738708927217,0.029556310981405903,0.97738708927217,0.0362747472509064,6.2,0.9781613178652455,0.02763874097549569,0.9781613178652455,0.03491582412835079,7.11,0.9875985939782316,0.015915997042866673,0.9875985939782316,0.0169195465228143,36.0,0.9088652222744772,0.0991567074711126,0.9088652222744772,0.05007281171691785,24.3,0.9883297638057268,0.015197508271454175,0.9883297638057268,0.0167468021079056,74.1,0.9613396601690107,0.050457545878085805,0.9613396601690107,0.04764313455606181
17.6,0.986642580243323,0.017916415201824333,0.986642580243323,0.028678590683055845,1657.0,0.9493772508716223,0.0643648040668286,0.9493772508716223,0.05478151154838062,37.0,0.9772035977697481,0.029741704917189495,0.9772035977697481,0.036673601211190586,1.6,0.9783448093676675,0.027452759944854816,0.9783448093676675,0.03542028117811898,4.61,0.9877820854806535,0.01572594441744912,0.9877820854806535,0.016199707160479002,24.0,0.9087914247963467,0.09921102341459222,0.9087914247963467,0.05142537140847018,22.0,0.9870918527557496,0.016745070309592068,0.9870918527557496,0.018731400913435333,72.5,0.9605414941198817,0.051346935494457145,0.9605414941198817,0.0472783251313151
100.0,0.9871550253090688,0.01727591825439719,0.9871550253090688,0.02779367178416889,1326.0,0.9493772508716223,0.0643648040668286,0.9493772508716223,0.05478151154838062,40.0,0.9774533517547482,0.029504074607295278,0.9774533517547482,0.03520273661860012,0.0,0.9779160336590826,0.027930123875914235,0.9779160336590826,0.035434716082128635,20.49,0.9881467065222952,0.015282082549012605,0.9881467065222952,0.01541775320079662,13.0,0.9073316631762918,0.10067927435156837,0.9073316631762918,0.052218316043556576,35.3,0.9859646802207885,0.018443340756132656,0.9859646802207885,0.021650761352606133,55.7,0.9612998830082666,0.0503672555479017,0.9612998830082666,0.047624491291048704
44.7,0.987881875260762,0.016200740792146645,0.987881875260762,0.02525408018113727,784.0,0.9493772508716223,0.0643648040668286,0.9493772508716223,0.05478151154838062,37.0,0.9780214229340959,0.028769595297346313,0.9780214229340959,0.03327337758321818,7.0,0.9788805934671486,0.026772134902182568,0.9788805934671486,0.03297303309229322,4.97,0.9885034179902694,0.014759390598487718,0.9885034179902694,0.014412061741707947,4.0,0.9073316631762918,0.10067927435156837,0.9073316631762918,0.052218316043556576,22.0,0.9859646802207885,0.018443340756132656,0.9859646802207885,0.021376434870899193,52.5,0.959893727169838,0.051740282667020555,0.959893727169838,0.049107149169076034
55.7,0.987881875260762,0.016200740792146645,0.987881875260762,0.02525408018113727,1664.0,0.9511889845134737,0.06233010013991887,0.9511889845134737,0.05383572776512083,19.0,0.9780214229340959,0.028769595297346313,0.9780214229340959,0.03427270563299145,3.9,0.9797028303464166,0.025929820215707337,0.9797028303464166,0.031019133858559856,13.75,0.9886512420143738,0.014560706843708285,0.9886512420143738,0.014309445116073797,14.0,0.9090137392559613,0.09890469017710328,0.9090137392559613,0.051112698420183504,31.0,0.9859646802207885,0.018443340756133016,0.9859646802207885,0.02114784211252673,63.9,0.9583102258617712,0.05407069322143948,0.9583102258617712,0.05277040350245296
89.8,0.9880027394083596,0.016054355192036608,0.9880027394083596,0.02456697994441749,1521.0,0.9527151573612122,0.0606661927105416,0.9527151573612122,0.052012639080965366,62.0,0.9784501986426811,0.028292545338688156,0.9784501986426811,0.03556563618493123,-0.8,0.9797028303464166,0.025929820215707337,0.9797028303464166,0.03233283862850393,21.35,0.9891180925369765,0.014002850279900132,0.9891180925369765,0.01371593899259135,32.0,0.9098990556763856,0.09809699818134432,0.9098990556763856,0.0516473903394329,34.1,0.9868458798027913,0.017420940331570437,0.9868458798027913,0.02045079209320423,64.7,0.9586548942814623,0.05375081000795416,0.9586548942814623,0.052586881221847834
83.9,0.9877897422820635,0.01629507708102947,0.9877897422820635,0.025341906064216654,1769.0,0.9537093406474647,0.059233830931567824,0.9537093406474647,0.049584568423880565,57.0,0.9772564981683853,0.02989218536929803,0.9772564981683853,0.03789346831382363,0.0,0.9794489769501101,0.026240192108505558,0.9794489769501101,0.03392384581488145,22.78,0.9884677505119518,0.014751148133510769,0.9884677505119518,0.013579695886792573,43.0,0.9081545344876075,0.09914203732008384,0.9081545344876075,0.052460935224125926,33.7,0.9869481092837524,0.017308373045917196,0.9869481092837524,0.018885574704593937,75.7,0.9588027183055664,0.053564272558389185,0.9588027183055664,0.051447167346897964
62.0,0.9877897422820635,0.01629507708102911,0.9877897422820635,0.0249035255855459,2215.0,0.9528281410654618,0.060182173087597525,0.9528281410654618,0.051460063508077386,20.0,0.9775707159514265,0.02946699922446219,0.9775707159514265,0.037563119456489484,1.6,0.9807375918590968,0.02453364612046628,0.9807375918590968,0.03264443607176932,27.96,0.9877343749540529,0.01557931856019646,0.9877343749540529,0.014046797883470142,33.67243525896414,0.9060133676335531,0.10173688542653944,0.9060133676335531,0.05314300139863185,36.1,0.9865009022520026,0.017910531036554978,0.9865009022520026,0.019296405138148627,68.6,0.9586311077049615,0.05372293747556987,0.9586311077049615,0.0521801348620265
24.7,0.9881543633237051,0.015851421766197457,0.9881543633237051,0.024752209546968097,1584.0,0.9535377300468598,0.05939053051316161,0.9535377300468598,0.05048505740678421,18.0,0.9784519155334297,0.028463513851773866,0.9784519155334297,0.03611225117936256,5.5,0.9808705811078055,0.024366718717623054,0.9808705811078055,0.03129105391309879,15.0,0.9877343749540529,0.01557931856019646,0.9877343749540529,0.013731638377467227,56.0,0.9058655436094489,0.10190435528205599,0.9058655436094489,0.053032222139100804,31.8,0.9871797410766854,0.017034557765649803,0.9871797410766854,0.01855343851702542,66.3,0.959889439519286,0.05254180652663357,0.959889439519286,0.051268589577907524
17.6,0.9878735500508923,0.01621911974708584,0.9878735500508923,0.025093748481322526,1866.0,0.9559688599650581,0.05583639216336538,0.9559688599650581,0.04751027037092452,19.0,0.9778515292242396,0.029107037184580513,0.9778515292242396,0.037878338749015555,1.6,0.9798042806584334,0.02572329287446916,0.9798042806584334,0.03293621074666328,4.93,0.9874201571710115,0.01601354063515183,0.9874201571710115,0.01407597645908411,50.0,0.9071135802920082,0.10032848524726246,0.9071135802920082,0.050668805539253244,22.7,0.9871797410766856,0.01703455776565053,0.9871797410766856,0.017242634918624704,63.5,0.959889439519286,0.05254180652663357,0.959889439519286,0.051268589577907524
18.0,0.9871151611625075,0.01725428648647426,0.9871151611625075,0.026591542235018334,1547.0,0.9573460519417758,0.05412890612028608,0.9573460519417758,0.044929559123215286,21.0,0.9780831610171726,0.028838615102337255,0.9780831610171726,0.03749422912180693,0.0,0.9799251448060312,0.025579311280203566,0.9799251448060312,0.032788506686957264,4.11,0.9866390888653677,0.017003021274822196,0.9866390888653677,0.01421834963677151,40.0,0.9081798807413802,0.09916445989617258,0.9081798807413802,0.049553600012487334,21.6,0.9867002189150934,0.017545081272957105,0.9867002189150934,0.017282472622457863,63.1,0.9583168899219203,0.05413156210719545,0.9583168899219203,0.05132414249099083
39.2,0.9856549356529156,0.019151556133627057,0.9856549356529156,0.030296011693349043,807.0,0.9574290854746497,0.05405394995367215,0.9574290854746497,0.0439685971224456,98.0,0.9782961581434687,0.02860305916925152,0.9782961581434687,0.03744253036870768,7.0,0.9800729688301355,0.02538402213658606,0.9800729688301355,0.031761055465101815,5.03,0.9862744678237261,0.017445552481159456,0.9862744678237261,0.015274846176681704,26.0,0.9094037065513758,0.09855296842621063,0.9094037065513758,0.04947875612507681,25.9,0.987167069437696,0.016989764268516883,0.987167069437696,0.0178224225476054,52.9,0.9574722876271629,0.05482348349188105,0.9574722876271629,0.05137191094511785
100.0,0.984795096452514,0.020390283167839782,0.984795096452514,0.031966627412035375,1504.0,0.9584507228303096,0.053043998519500944,0.9584507228303096,0.04332614384583166,79.0,0.9774270016097488,0.029743335902059,0.9774270016097488,0.03866385986226193,-1.6,0.9803871866131769,0.02495611033396904,0.9803871866131769,0.03140985044731349,25.92,0.9870078433816245,0.016620027115982868,0.9870078433816245,0.014970233318649839,42.0,0.9119885195913245,0.09651932478514047,0.9119885195913245,0.048640500803862285,37.6,0.9876795145034419,0.016348436097223328,0.9876795145034419,0.017404445767694947,54.5,0.9570706102067522,0.055304803632910154,0.9570706102067522,0.05310677221802911
92.9,0.9839191137121789,0.021472949972741504,0.9839191137121789,0.033758534028582345,1704.0,0.9592488888794387,0.052158142319978756,0.9592488888794387,0.04229723051568384,67.0,0.9774270016097488,0.029743335902059,0.9774270016097488,0.040668817016295385,0.0,0.9802393625890723,0.025151529073868226,0.9802393625890723,0.03245761237080212,23.58,0.9870078433816245,0.016620027115982868,0.9870078433816245,0.014970233318649839,33.67243525896414,0.9145438264068628,0.09448225925692923,0.9145438264068628,0.04816539222830718,35.3,0.9876795145034419,0.016348436097223328,0.9876795145034419,0.017404445767694947,63.5,0.9559791392134174,0.056729526236448204,0.9559791392134174,0.0563324933793107
81.2,0.9841729671084853,0.021159870043019963,0.9841729671084853,0.03241892989885207,1888.0,0.9579130337407373,0.053578592270186395,0.9579130337407373,0.04299028777844233,19.0,0.9767001516580559,0.03079680174784361,0.9767001516580559,0.041777613815771844,-4.7,0.979258659241073,0.02652179626333213,0.979258659241073,0.0342608912621993,23.0,0.9875696083389186,0.015963842925260905,0.9875696083389186,0.014357403363313235,52.0,0.9134166538719013,0.09595683501591315,0.9134166538719013,0.04880873027163679,34.5,0.9879333678997484,0.016032800565309646,0.9879333678997484,0.016469299865114626,66.7,0.9563437602550591,0.05631596897706493,0.9563437602550591,0.05441285420155298
23.9,0.9840521029608875,0.021305045889119432,0.9840521029608875,0.032943293740512886,1510.0,0.9579130337407373,0.05357859227018569,0.9579130337407373,0.043629557967221656,35.0,0.9765389747407867,0.030946567488971826,0.9765389747407867,0.04205186953723751,3.9,0.9790683415320359,0.026803288977444762,0.9790683415320359,0.0357379264942851,3.92,0.9872616967779312,0.016304681744756095,0.9872616967779312,0.013901813938371262,25.0,0.9144108371581542,0.09462723850466305,0.9144108371581542,0.04834872031749442,20.8,0.987375702353761,0.01661732760133461,0.987375702353761,0.015309834994682012,60.8,0.9572249598370621,0.055360158793045636,0.9572249598370621,0.05386023488727699
42.4,0.9842492468765397,0.021093801698934066,0.9842492468765397,0.03206119165244209,777.0,0.9576465087054412,0.0538304751879952,0.9576465087054412,0.04290567397875305,38.0,0.9767519718670831,0.03071186298613896,0.9767519718670831,0.04113649396573156,-2.3,0.9800490448800354,0.025433580114079646,0.9800490448800354,0.03531964547134367,4.91,0.9866936255985833,0.017053591087295122,0.9866936255985833,0.014574029521030988,33.67243525896414,0.9158718709670096,0.09281919061390038,0.9158718709670096,0.04771935527814527,22.4,0.9868076311744134,0.017366145766461952,0.9868076311744134,0.016741452521032762,54.9,0.9573965704376671,0.05520204832037511,0.9573965704376671,0.052919333136574334
71.0,0.9841162576278311,0.021261769121217248,0.9841162576278311,0.032520488286372704,1848.0,0.9574630172030193,0.054007246397735,0.9574630172030193,0.0432273841237604,81.0,0.9771988697677352,0.03026677821102743,0.9771988697677352,0.03942923966327774,0.8,0.9811153453294077,0.024076338254179416,0.9811153453294077,0.032547607331658596,21.42,0.987160476121186,0.016498045355944166,0.987160476121186,0.013944372134367711,44.0,0.9159667854017007,0.0927343948502733,0.9159667854017007,0.0475343947416262,34.5,0.9866867670268156,0.017512188851409594,0.9866867670268156,0.01615633075140331,71.4,0.957562964196604,0.054980317733470244,0.957562964196604,0.05324636938535167
100.0,0.9837145802074203,0.02177145031391329,0.9837145802074203,0.03203814176301114,2360.0,0.9565818176210166,0.05496456501429451,0.9565818176210166,0.04554635621668008,63.0,0.9768650084938412,0.030644615024203833,0.9768650084938412,0.03998077171517764,0.0,0.9819913280697427,0.022999187343680786,0.9819913280697427,0.031499133536612677,36.38,0.9862792765391832,0.01752160575583353,0.9862792765391832,0.014206375338750745,55.0,0.9136017962951996,0.09453260503205348,0.9136017962951996,0.048777706215477834,38.4,0.9864551352338823,0.01778575124196758,0.9864551352338823,0.015796179224593237,65.1,0.956314927514045,0.05671801523243795,0.956314927514045,0.055748128725686304
63.1,0.9833807189335264,0.022154827986975413,0.9833807189335264,0.03190923212863789,2738.0,0.9553491099067539,0.05620275708099316,0.9553491099067539,0.0461999055144277,59.0,0.9773318590164438,0.030101257322835133,0.9773318590164438,0.0406332245854384,3.9,0.9825120234485253,0.022482323234553247,0.9825120234485253,0.030707095484152153,26.3,0.9856289345141585,0.018265381374674945,0.9856289345141585,0.014926038980134042,58.0,0.9110169832552506,0.09657644564362057,0.9110169832552506,0.049481578127064996,34.9,0.9858404606871752,0.018537849381372158,0.9858404606871752,0.01661793651853851,70.2,0.9546819636449759,0.05939613573818949,0.9546819636449759,0.05977410878632586
18.4,0.9841617872391701,0.021172793451933014,0.9841617872391701,0.03022167489514396,2187.0,0.9563010043482034,0.055308736662017445,0.9563010043482034,0.04628939990908263,22.0,0.9771988697677352,0.03026677821102707,0.9771988697677352,0.04005855119156171,-0.8,0.9823456296895884,0.022715827238666626,0.9823456296895884,0.030999984434806338,6.49,0.9858124260165804,0.01807615690208475,0.9858124260165804,0.015396370162304633,57.0,0.9101316668348265,0.0973868431227991,0.9101316668348265,0.047870284194026044,23.5,0.9857074714384668,0.018706442394576236,0.9857074714384668,0.017511196928331325,60.4,0.9546819636449759,0.05939613573818913,0.9546819636449759,0.06003411481847475
40.4,0.9833807189335264,0.022154827986975413,0.9833807189335264,0.03163875889386486,1903.0,0.9565111227615698,0.05514010630173713,0.9565111227615698,0.04671283585901676,26.0,0.97652034007415,0.030979456817834584,0.97652034007415,0.0415676510102934,3.9,0.9829603042362952,0.02196908996561707,0.9829603042362952,0.02990538026445831,14.9,0.9859146554975414,0.017963779216007197,0.9859146554975414,0.015476386494338452,55.0,0.911331201038292,0.09620441988640757,0.911331201038292,0.04897031712750842,31.4,0.9857074714384668,0.018706442394576236,0.9857074714384668,0.018966816740969793,72.2,0.9546819636449759,0.05939613573818949,0.9546819636449759,0.06276186957271812
41.6,0.9817972176254594,0.024594124871102338,0.9817972176254594,0.034496380001830376,1864.0,0.9560512503632034,0.05553415402610655,0.9560512503632034,0.04634323747630616,48.0,0.976288708281217,0.031246920247226903,0.976288708281217,0.04084325454023779,6.2,0.9825418383384737,0.022374951297428076,0.9825418383384737,0.030118222635253482,11.12,0.9865934943222242,0.017088377461841196,0.9865934943222242,0.014664956676679669,56.0,0.9112103368906942,0.09632849674165565,0.9112103368906942,0.04899450220991268,29.4,0.986021689221508,0.01827384935741542,0.986021689221508,0.018301130525438875,74.5,0.9540672890982689,0.06009647712356803,0.9540672890982689,0.06341751928175034
89.4,0.9809280610917395,0.02574221661268258,0.9809280610917395,0.03538437376210075,1888.0,0.955546714871125,0.05620960941341616,0.955546714871125,0.046775281339300104,84.0,0.975507639975573,0.03221276275428268,0.975507639975573,0.04242726227832975,3.1,0.9825418383384737,0.022374951297428797,0.9825418383384737,0.030005512091547254,26.87,0.98644567029812,0.017286259819833675,0.98644567029812,0.014484460065091102,58.0,0.9097493030818388,0.09812018833077088,0.9097493030818388,0.05010411338334676,36.1,0.9854536180421601,0.019020659448867584,0.9854536180421601,0.018600757051075795,65.9,0.9547768780796669,0.05930362559759007,0.9547768780796669,0.06353415675534459
100.0,0.9805941998178455,0.026123114554891903,0.9805941998178455,0.0352239151791998,1944.0,0.9567161762508896,0.05501830236134022,0.9567161762508896,0.04633647195263772,67.0,0.9754054104946118,0.03232242131827002,0.9754054104946118,0.042752529557597785,3.9,0.9832941655101893,0.021585819484355714,0.9832941655101893,0.02919655430029288,25.34,0.9855765137644001,0.018446436903908993,0.9855765137644001,0.01517728774362896,60.0,0.9074923368273147,0.0997063474345037,0.9074923368273147,0.05096285544129156,35.3,0.9843621470488255,0.0205315588814617,0.9843621470488255,0.019939237080729158,62.0,0.9555265659397332,0.058710556577151504,0.9555265659397332,0.06268427552996556
92.5,0.9793055849088586,0.027827312523793633,0.9793055849088586,0.0375780589474252,2050.0,0.9556945388952294,0.056024110875274695,0.9556945388952294,0.04688863773980763,78.0,0.9737608851833345,0.03454127484858098,0.9737608851833345,0.045704762825487924,-3.9,0.9835071626364857,0.021347371031255245,0.9835071626364857,0.028328434166662517,26.88,0.984938989023613,0.019331905688796332,0.984938989023613,0.015662181671426408,66.0,0.9058217946728372,0.10065944199055167,0.9058217946728372,0.05098735833120719,36.1,0.9834929905151056,0.021686353414771643,0.9834929905151056,0.020756224494416598,66.7,0.955415798294398,0.05882921287315445,0.955415798294398,0.06212483091528772
86.3,0.9793055849088586,0.027827312523793633,0.9793055849088586,0.0375780589474252,2245.0,0.9528288673118978,0.059931274176701466,0.9528288673118978,0.04904354485825108,61.0,0.9735705674742974,0.03481956147222423,0.9735705674742974,0.046497991529816124,-7.0,0.9828924880897787,0.022094927852470046,0.9828924880897787,0.029380958647907886,29.71,0.9853036100652548,0.018890689272901294,0.9853036100652548,0.014404344827592824,71.0,0.9044682591284416,0.10133502004897221,0.9044682591284416,0.05271790933824497,36.5,0.9833265967561687,0.021920232862454647,0.9833265967561687,0.020017706824303386,68.2,0.9530732454439308,0.062291319147978315,0.9530732454439308,0.06692416849504412
26.7,0.9771601759740435,0.03124988037716402,0.9771601759740435,0.04213031948760739,2340.0,0.9511790786583547,0.06168576936369507,0.9511790786583547,0.05143047941051977,18.0,0.9739351885159391,0.03438940237415612,0.9739351885159391,0.04586249013694854,-3.9,0.9822778135430716,0.022841532982676875,0.9822778135430716,0.031160198598060636,14.2,0.9857052874856655,0.018378982022418354,0.9857052874856655,0.012692757403620084,68.0,0.902662556899895,0.10338320803516624,0.902662556899895,0.052734364871677375,30.2,0.9836833082241427,0.02140255164324601,0.9836833082241427,0.018964995302970935,71.0,0.9538714114930598,0.06141867017362059,0.9538714114930598,0.06567026586016161
24.7,0.9766933254514408,0.031792588761571226,0.9766933254514408,0.0420864120505991,2196.0,0.9515755672870728,0.06129031655316653,0.9515755672870728,0.05076709418480076,20.0,0.9735167226181175,0.03478602652508502,0.9735167226181175,0.04751632332912197,3.1,0.981525486371356,0.023628852585264225,0.981525486371356,0.031857418917106736,7.72,0.9855722982369567,0.018547572664099638,0.9855722982369567,0.013081447096842315,62.0,0.9031750019656409,0.10284737716305518,0.9031750019656409,0.05214548114057592,29.8,0.9836833082241425,0.021402551643246365,0.9836833082241425,0.019196621708368652,74.9,0.9541252648893662,0.06112612325862972,0.9541252648893662,0.06538730954195078
19.6,0.9766933254514408,0.031792588761570865,0.9766933254514408,0.0418230141153465,1878.0,0.9514236264245473,0.061417537131610196,0.9514236264245473,0.05001838828767427,45.0,0.9735167226181175,0.034786026525085736,0.9735167226181175,0.04693166363106076,1.6,0.98056092656329,0.024793204867703634,0.98056092656329,0.03257525951598431,5.24,0.9854837211692259,0.01863688591553168,0.9854837211692259,0.013316734658224598,27.0,0.9043848303243538,0.10227805190911571,0.9043848303243538,0.052166624283649446,24.7,0.983264842326321,0.021808966394168666,0.983264842326321,0.01937825824224042,63.1,0.9560166777584204,0.05850244222156854,0.9560166777584204,0.06252514859126815
19.2,0.9758951594023118,0.03271277615853149,0.9758951594023118,0.04246965703177942,2047.0,0.9525688795860118,0.06033305385886383,0.9525688795860118,0.049386906050468006,21.0,0.9739351885159391,0.03438940237415612,0.9739351885159391,0.045277830438887334,0.0,0.98056092656329,0.024793204867703634,0.98056092656329,0.03257525951598431,6.0,0.9852707240429296,0.01887641807873263,0.9852707240429296,0.013701277567342117,58.0,0.9061576019597922,0.10123646865585485,0.9061576019597922,0.05165380380445528,24.3,0.9823096161983443,0.022825387022795334,0.9823096161983443,0.019654140562556405,76.5,0.9565784427157141,0.0578920639306064,0.9565784427157141,0.0641785559525776
18.4,0.9756286343670157,0.032975642025391265,0.9756286343670157,0.042795053383684764,1565.0,0.9541582987682486,0.05861647598443795,0.9541582987682486,0.04773780066909483,28.0,0.973763577915334,0.034554250869920256,0.973763577915334,0.04492753572593103,3.9,0.98056092656329,0.024793204867703634,0.98056092656329,0.03257525951598431,3.73,0.9860517923485738,0.017889831132372983,0.9860517923485738,0.012207053506857779,50.0,0.9094446100787537,0.09654379949598459,0.9094446100787537,0.04817438773065079,21.6,0.9816525998843258,0.02345688398798431,0.9816525998843258,0.01863702579314307,63.1,0.9569749313444325,0.05749250379512179,0.9569749313444325,0.06611858665375103
18.8,0.9752947730931217,0.033351911253759525,0.9752947730931217,0.04230395645749732,1678.0,0.9545599761886593,0.05813815543849207,0.9545599761886593,0.0461367275846202,20.0,0.9741652553357448,0.03405517701810083,0.9741652553357448,0.04419493775140344,0.0,0.981198451304077,0.02391533164313686,0.981198451304077,0.033148360500253514,4.44,0.9860517923485738,0.017889831132373708,0.9860517923485738,0.011608058626840919,24.0,0.9094446100787537,0.09654379949598459,0.9094446100787537,0.04817438773065079,22.0,0.9807834433506057,0.02460580696413543,0.9807834433506057,0.020878510608920386,62.7,0.9577559996500765,0.056566617730235844,0.9577559996500765,0.06634397982900438
35.3,0.9747371075471344,0.033918820186310886,0.9747371075471344,0.04315678344932028,1211.0,0.955759510392125,0.05683653520321092,0.955759510392125,0.04463465917129236,19.0,0.97484378502933,0.033346462224171154,0.97484378502933,0.04273609750355143,6.2,0.981198451304077,0.02391533164313686,0.981198451304077,0.033148360500253514,8.61,0.9856045853168237,0.01849116404780447,0.9856045853168237,0.012535987620340144,23.0,0.9094446100787537,0.09654379949598459,0.9094446100787537,0.04817438773065079,26.7,0.9799142868168859,0.02575265681146508,0.9799142868168859,0.02150890605920653,70.2,0.9575430025237801,0.05679074368482703,0.9575430025237801,0.065331106461043
35.7,0.9749868615321342,0.033682898214680464,0.9749868615321342,0.04184873862500036,900.0,0.9554359589289946,0.057122570495061656,0.9554359589289946,0.044073092649555154,41.0,0.9747107957806214,0.03351109807747593,0.9747107957806214,0.04504360403000429,-2.3,0.981198451304077,0.02391533164313686,0.981198451304077,0.033148360500253514,4.17,0.9862421100576106,0.01760453655015622,0.9862421100576106,0.011840530641611767,19.0,0.907093324811333,0.09929760524381716,0.907093324811333,0.050129220306415874,20.0,0.9805931256415689,0.024888125902329566,0.9805931256415689,0.020013420464207416,49.8,0.9573766087648432,0.057012154649721446,0.9573766087648432,0.06484813862839932
30.6,0.9749868615321342,0.033682898214680464,0.9749868615321342,0.04181817141118178,1569.0,0.9555245359967254,0.05703965189585712,0.9555245359967254,0.04378415172142204,44.0,0.9749011134896584,0.03323221417566404,0.9749011134896584,0.0451952097505334,10.2,0.981198451304077,0.02391533164313686,0.981198451304077,0.033148360500253514,4.72,0.9872134960722917,0.016330112915935214,0.9872134960722917,0.011742389436684476,33.67243525896414,0.9074287894368407,0.09876369110596456,0.9074287894368407,0.051270469198396715,21.6,0.9819519299694631,0.02293580508910777,0.9819519299694631,0.01765325535927096,66.7,0.9592903859067253,0.05397632239849742,0.9592903859067253,0.059419106624726915
47.1,0.9748538722834258,0.03384751367977695,0.9748538722834258,0.04190922692720426,813.0,0.9566160069900601,0.055616021856582695,0.9566160069900601,0.042380608506612946,49.0,0.973345165246112,0.03536169411744766,0.973345165246112,0.04684431604141016,-1.6,0.9815126690871182,0.023486439589276598,0.9815126690871182,0.034259784958303334,8.26,0.9870805068235833,0.01649924513928058,0.9870805068235833,0.011953440570564139,10.0,0.9082751486989893,0.09761595108030059,0.9082751486989893,0.05088451926024077,27.5,0.9814394849037172,0.0235698758495419,0.9814394849037172,0.018156855326641415,50.2,0.9592903859067253,0.05397632239849742,0.9592903859067253,0.059419106624726915
52.2,0.9755872478413244,0.03304418155760395,0.9755872478413244,0.041284864412255595,1871.0,0.9569727184580341,0.05512540030476907,0.9569727184580341,0.04486824217560943,65.0,0.97316167374369,0.03554518082120331,0.97316167374369,0.045655458003940594,3.1,0.9816790628460552,0.02325327071440272,0.9816790628460552,0.03446733600411869,14.92,0.9859547700982481,0.01783087443897642,0.9859547700982481,0.012620917837833213,15.0,0.9087875937647352,0.09707280913860473,0.9087875937647352,0.05052470639152601,31.4,0.9810748638620757,0.024007567934542118,0.9810748638620757,0.01771100911471585,68.6,0.9583189998920442,0.05517562020358269,0.9583189998920442,0.05961257837602105
90.6,0.9753015268579414,0.0333380972663047,0.9753015268579414,0.0409647152101528,1553.0,0.9576526839612456,0.054088654632831655,0.9576526839612456,0.04511601521502734,70.0,0.9726821515820978,0.03603909351623786,0.9726821515820978,0.04649618038068099,-3.1,0.9814474310531224,0.02352404789864427,0.9814474310531224,0.033597572987165675,22.07,0.9854340747194654,0.01835209047894826,0.9854340747194654,0.012420398754050111,33.67243525896414,0.9087875937647352,0.09707280913860473,0.9087875937647352,0.05052470639152601,34.9,0.9809726343811145,0.024118745803224182,0.9809726343811145,0.01755433225464405,63.1,0.9577509287126963,0.05587896137393298,0.9577509287126963,0.06207159376324198
93.7,0.9742539335170013,0.03456327290946618,0.9742539335170013,0.04150007076959458,2990.0,0.9578749984208602,0.053752837622399,0.9578749984208602,0.041504372912717045,73.0,0.9713660971477255,0.03760518855604282,0.9713660971477255,0.04847087679349614,3.1,0.9810907195851484,0.02403974562435751,0.9810907195851484,0.03421949711359919,10.17,0.9858812817512155,0.017750801336156037,0.9858812817512155,0.011591479421219584,39.0,0.9073835766455536,0.09780864746417318,0.9073835766455536,0.052394197103909496,27.8,0.9811056236298233,0.023951720558346316,0.9811056236298233,0.016889664603223695,67.5,0.9578839179614052,0.055720456194764616,0.9578839179614052,0.06214825130071799
96.1,0.9741757901326061,0.03463392967415234,0.9741757901326061,0.0411271816167,2040.0,0.9574623662522085,0.05435822689583563,0.9574623662522085,0.04079512192144304,82.0,0.9712141562851997,0.03773916322166075,0.9712141562851997,0.04762279019527061,2.3,0.9816031646508943,0.023406154239484014,0.9816031646508943,0.03474838614823947,31.18,0.9870361592683184,0.01628719997634944,0.9870361592683184,0.01094546987645991,33.67243525896414,0.9063359833046136,0.09886880341774924,0.9063359833046136,0.05176040335742298,38.0,0.9828541109371762,0.02181723163396027,0.9828541109371762,0.015926684900160904,65.5,0.9601315563771813,0.052317113634569055,0.9601315563771813,0.057301972326636225
27.5,0.9745722787613242,0.03421668149157251,0.9745722787613242,0.040207442014854565,2037.0,0.9576526839612456,0.054088654632831655,0.9576526839612456,0.040264017535753184,23.0,0.9713805500441368,0.03751096629938067,0.9713805500441368,0.04720727503898469,0.8,0.981603164650894,0.023406154239484007,0.981603164650894,0.03431000566956872,13.77,0.9870361592683184,0.016287199976350166,0.9870361592683184,0.010794194595108712,55.0,0.9054761441042118,0.0999293235462408,0.9054761441042118,0.05227527696616076,30.6,0.9827062869130719,0.022013633186324027,0.9827062869130719,0.01599842984663465,77.3,0.9595168818304742,0.053026422816336564,0.9595168818304742,0.057324272119681184
18.4,0.9751403499406723,0.03348721397138108,0.9751403499406723,0.038718347007104144,1769.0,0.9569956676472271,0.05468206447985133,0.9569956676472271,0.03924817100006613,20.0,0.971593547170433,0.037279012203383075,0.971593547170433,0.04778066130454995,3.1,0.9812889468678528,0.023835112936415857,0.9812889468678528,0.03503194731034878,4.75,0.9871570234159162,0.016140953662223925,0.9871570234159162,0.010832980006670354,51.0,0.9063225033663604,0.09878553719262514,0.9063225033663604,0.04950296722676198,22.4,0.9828271510606698,0.02186875017409863,0.9828271510606698,0.016671570800953786,63.1,0.9583350579428181,0.054871952182554605,0.9583350579428181,0.0610672120008842
35.7,0.9767733138097413,0.030704108772612326,0.9767733138097413,0.03547531584376442,720.0,0.9569324213127286,0.05472925781744008,0.9569324213127286,0.03900835548942495,80.0,0.9730561843309021,0.03502831816296484,0.9730561843309021,0.04491428388255301,-0.8,0.9818013919335987,0.023201281667882566,0.9818013919335987,0.03404438400557784,5.09,0.9865423488692092,0.01689462721138715,0.9865423488692092,0.011810105507210162,32.0,0.9053070732376413,0.10026126639708556,0.9053070732376413,0.05035439044998742,24.7,0.9820460827550258,0.022848853188075353,0.9820460827550258,0.018512880301325953,67.8,0.9578839179614052,0.055720456194764616,0.9578839179614052,0.0633872688026871
100.0,0.9772906665860575,0.03014106495742427,0.9772906665860575,0.03580260303365282,1676.0,0.9570532854603264,0.05459245027806625,0.9570532854603264,0.03861734282130076,94.0,0.9741037776718421,0.03380523919168767,0.9741037776718421,0.04222596655449253,0.8,0.982135253207493,0.022818899518630673,0.982135253207493,0.03342727873697101,26.09,0.9869711245777942,0.016408042882650808,0.9869711245777942,0.0114376831277895,33.67243525896414,0.9044379167039212,0.101243650069527,0.9044379167039212,0.05155993202425681,36.5,0.9825344583603998,0.022383344199988654,0.9825344583603998,0.01881626735252062,60.8,0.9577509287126963,0.05587896137393298,0.9577509287126963,0.06352733264687378
19.2,0.9749481137355902,0.03375793755801379,0.9749481137355902,0.04081400635911936,1875.0,0.9579386018807508,0.053691203321143556,0.9579386018807508,0.03790744050917755,72.0,0.9747826164965251,0.03295165492166879,0.9747826164965251,0.03975435595705522,6.2,0.982135253207493,0.022818899518630673,0.982135253207493,0.033021681030665176,15.09,0.9869711245777942,0.016408042882650808,0.9869711245777942,0.0110441270737879,33.67243525896414,0.9048977891022876,0.10089707251799285,0.9048977891022876,0.05142549621281188,34.9,0.9830551537391825,0.02186585451997912,0.9830551537391825,0.018309579314984045,62.7,0.9592135658731655,0.05369030005953891,0.9592135658731655,0.060197887224448396
100.0,0.9748272495879924,0.03390014174618996,0.9748272495879924,0.0402884263604526,1806.0,0.9584617206136153,0.053248016670653854,0.9584617206136153,0.03811224013495011,64.0,0.9745509847035921,0.033218147464394825,0.9745509847035921,0.04102964258571066,-4.7,0.9831159565554923,0.02144075792797299,0.9831159565554923,0.0314438772950196,29.89,0.9868502604301964,0.0165542282005869,0.9868502604301964,0.010167323736659482,57.0,0.9036879607435749,0.10146872272675082,0.9036879607435749,0.05134679255424557,38.4,0.9830551537391825,0.02186585451997912,0.9830551537391825,0.017331376174372675,61.6,0.9615561187236328,0.05018297418265928,0.9615561187236328,0.05583421131895603
55.3,0.9763656184819793,0.031975372984817146,0.9763656184819793,0.03840441942598196,1924.0,0.9595280210629878,0.05195281400163303,0.9595280210629878,0.035109649677401635,56.0,0.9741037776718421,0.03380523919168767,0.9741037776718421,0.04176817109449327,-7.8,0.9831159565554923,0.02144075792797299,0.9831159565554923,0.0314438772950196,16.1,0.9870166541891335,0.01631857950756869,0.9870166541891335,0.009879441318731452,59.0,0.9005016257669618,0.1041891657488494,0.9005016257669618,0.05298105328249904,31.8,0.9840265397538638,0.020599867946351665,0.9840265397538638,0.01608543709757196,71.8,0.9614612042889416,0.050277124961645374,0.9614612042889416,0.054693764116218166
34.5,0.9772468180639823,0.030975452924689884,0.9772468180639823,0.037143808500795614,2065.0,0.9595280210629878,0.05195281400163303,0.9595280210629878,0.035109649677401635,20.0,0.9742145453171772,0.03368115246446909,0.9742145453171772,0.04190375177868259,2.3,0.9831159565554923,0.02144075792797299,0.9831159565554923,0.0314438772950196,10.81,0.9876481172132514,0.01566749981650667,0.9876481172132514,0.010197756247337483,55.0,0.9015170558956809,0.10272688665294807,0.9015170558956809,0.05142572676309394,29.4,0.9840265397538638,0.020599867946352386,0.9840265397538638,0.016422558253854736,73.3,0.9614612042889416,0.050277124961645374,0.9614612042889416,0.054693764116218166
18.0,0.9771582409962513,0.03106285690813301,0.9771582409962513,0.03684295790045559,1663.0,0.960229393794658,0.051287373148349955,0.960229393794658,0.03548178806084455,46.0,0.9734811697592786,0.03448280392418033,0.9734811697592786,0.042701807956556787,1.6,0.9831159565554923,0.02144075792797299,0.9831159565554923,0.030801074795646755,5.77,0.9876481172132514,0.01566749981650667,0.9876481172132514,0.010609240731466825,22.0,0.902754966945658,0.10143519761393631,0.902754966945658,0.05177747379281674,23.5,0.9835058443750808,0.021118562021375333,0.9835058443750808,0.01686248064080401,63.5,0.9614612042889416,0.05027712496164467,0.9614612042889416,0.055235952619566854
41.6,0.9786248111063833,0.028501325897008007,0.9786248111063833,0.034122487550682784,813.0,0.9599058423315272,0.05157679600345937,0.9599058423315272,0.035817398696365244,84.0,0.9738828471796894,0.03398385353934219,0.9738828471796894,0.041736211072276354,5.5,0.9826035114897465,0.022076388376896697,0.9826035114897465,0.031008963335438525,4.8,0.9873402056522641,0.016008458920234264,0.9873402056522641,0.010288561377705834,28.0,0.901973898640014,0.1022635870026612,0.901973898640014,0.05148669586122715,22.4,0.9826836074958128,0.021968340190767734,0.9826836074958128,0.016530116215983954,62.0,0.9608994393316478,0.050895416274947744,0.9608994393316478,0.054932497155921134
88.2,0.9789586723802776,0.028122039765720204,0.9789586723802776,0.034606564500544106,2745.0,0.9596835278719128,0.05191388198574906,0.9596835278719128,0.03641765904378659,82.0,0.9736512153867563,0.03424984007337662,0.9736512153867563,0.04014506380116623,3.9,0.9826035114897465,0.022076388376896697,0.9826035114897465,0.031008963335438525,8.55,0.9877689813608495,0.015521084533066047,0.9877689813608495,0.010917772763367351,39.0,0.9017904071375921,0.10241899041056995,0.9017904071375921,0.052083859139061627,26.7,0.9836388336237897,0.02095068297017775,0.9836388336237897,0.01695981952929503,65.5,0.9609943537663388,0.05080138737528636,0.9609943537663388,0.056787365509600125
100.0,0.9787870617796726,0.028288899704851777,0.9787870617796726,0.033932661846244126,2104.0,0.9593268164039386,0.05240720381697203,0.9593268164039386,0.035857399953118374,63.0,0.9741180659093591,0.033710094261480326,0.9741180659093591,0.03963909075671261,-4.7,0.9818451226013615,0.02310137454936356,0.9818451226013615,0.03369627082318011,33.18,0.9871899554332605,0.01639852803086202,0.9871899554332605,0.011838349165015583,52.0,0.8998255536569557,0.1035796019730255,0.8998255536569557,0.052667120901673824,38.0,0.9833246158407484,0.021381346970492123,0.9833246158407484,0.01720274667589314,63.5,0.9608613645176302,0.05096113822194044,0.9608613645176302,0.054833451661115556
77.6,0.9783582860710874,0.02876612410989569,0.9783582860710874,0.034749389438655014,2679.0,0.9590460031311256,0.05275320445989709,0.9590460031311256,0.03706746036946882,58.0,0.9738642125130526,0.034016592075995895,0.9738642125130526,0.0390340342765952,0.0,0.9819781118500703,0.02293405715594207,0.9819781118500703,0.03453201417181774,31.4,0.9868560941593664,0.016785129816429677,0.9868560941593664,0.01152618960059125,61.0,0.8998255536569557,0.1035796019730255,0.8998255536569557,0.052667120901673824,36.5,0.9830929840478153,0.021653037487045265,0.9830929840478153,0.017225256398222297,68.6,0.960464875888912,0.05136520992674029,0.960464875888912,0.05409381314892808
19.6,0.9781679683620504,0.029046911889462925,0.9781679683620504,0.03412591186353336,1960.0,0.9588556854220887,0.05302346528241288,0.9588556854220887,0.03793793640198495,20.0,0.9742329670293096,0.03364516283891219,0.9742329670293096,0.037280458490679416,0.6281970010971596,0.9826156365908573,0.022053662431778576,0.9826156365908573,0.033330452203796886,5.57,0.9862880229800187,0.017533447026593804,0.9862880229800187,0.012391821421958328,33.67243525896414,0.8998255536569557,0.1035796019730255,0.8998255536569557,0.052667120901673824,23.9,0.9830929840478153,0.021653037487045265,0.9830929840478153,0.017225256398222297,63.1,0.9603170518648078,0.051552437868445954,0.9603170518648078,0.054712442738410146
39.6,0.9781679683620504,0.029046911889462925,0.9781679683620504,0.03412591186353336,828.0,0.9589220966497721,0.05297188584840416,0.9589220966497721,0.03859068627836729,38.0,0.9733517674473067,0.03463940894697751,0.9733517674473067,0.03999279206228969,3.1,0.9829298543738985,0.021623533687170092,0.9829298543738985,0.03200334696297715,3.59,0.9861931085453277,0.017633413297584243,0.9861931085453277,0.011686599159079821,9.0,0.899991947415893,0.10338133888191084,0.899991947415893,0.05203037553389468,20.4,0.9825023789614801,0.02223074217632289,0.9825023789614801,0.01635047585626092,56.1,0.9603170518648078,0.051552437868445954,0.9603170518648078,0.054712442738410146
46.3,0.9782701978430114,0.028936581293216614,0.9782701978430114,0.033785592968042434,825.0,0.957173609342419,0.0549955859529352,0.957173609342419,0.039326158571884574,52.0,0.9725706991416627,0.03559947060862785,0.9725706991416627,0.04235723913028365,7.0,0.9823508284463098,0.02249299179318386,0.9823508284463098,0.03296504342440271,5.26,0.9858592472714335,0.018019195307281483,0.9858592472714335,0.012663724659619627,2.0,0.8996870633129409,0.10360718280028332,0.8996870633129409,0.05176471488545448,23.1,0.9825023789614803,0.0222307421763229,0.9825023789614803,0.0169032692950978,54.9,0.9594724495700504,0.052248272057772376,0.9594724495700504,0.053707455610110186
73.3,0.9774586789007178,0.029816638792566172,0.9774586789007178,0.03451701334109538,1290.0,0.9562976266020838,0.05601515661424484,0.9562976266020838,0.04204372155479834,19.0,0.971991673214074,0.036451169381339535,0.971991673214074,0.04225403909894984,-3.1,0.9823508284463098,0.02249299179318386,0.9823508284463098,0.03321498622080434,11.66,0.9861931085453277,0.017633413297584243,0.9861931085453277,0.012870200295181286,13.0,0.9028999534761363,0.10088038849234644,0.9028999534761363,0.05025250155577321,30.6,0.9825023789614801,0.02223074217632289,0.9825023789614801,0.017712876943530752,59.2,0.9594724495700504,0.052248272057772376,0.9594724495700504,0.05476021119253717
64.7,0.9773108548766135,0.030010716122386157,0.9773108548766135,0.03450350202326648,1133.0,0.9567448336338339,0.05544975060005431,0.9567448336338339,0.040504074346138945,40.0,0.9729723765620735,0.03510147449765548,0.9729723765620735,0.040249029114593396,-1.6,0.9830776783980028,0.021427027285857964,0.9830776783980028,0.03140334468173142,11.54,0.9855784339986207,0.01838540059570044,0.9855784339986207,0.012999704611177103,33.67243525896414,0.9054063229495378,0.09908265955888822,0.9054063229495378,0.04979883462192036,29.8,0.9821377579198385,0.02266942438795243,0.9821377579198385,0.018055046799027568,65.1,0.9595673640047413,0.05215453155379648,0.9595673640047413,0.05491828502349505
38.4,0.9775011725856504,0.029730371928559145,0.9775011725856504,0.034164512145661886,1914.0,0.9573129048131818,0.0547469626385627,0.9573129048131818,0.03854183350823126,19.0,0.9725706991416627,0.03559947060862785,0.9725706991416627,0.040820246148618,-7.0,0.9830776783980028,0.021427027285857964,0.9830776783980028,0.031099828204497026,11.21,0.9855784339986207,0.01838540059570044,0.9855784339986207,0.012726655381232311,22.0,0.9054063229495378,0.09908265955888822,0.9054063229495378,0.04979883462192036,27.23618212807402,0.9821377579198385,0.02266942438795243,0.9821377579198385,0.017505641259826073,71.4,0.9594195399806371,0.05234144813232138,0.9594195399806371,0.055189953670652867
39.6,0.9765297865709693,0.03097861096451891,0.9765297865709693,0.0351675180999766,872.0,0.9582936081611809,0.05343749155405716,0.9582936081611809,0.03743643272090982,37.0,0.9705076756720035,0.03848075355637804,0.9705076756720035,0.043639769735277105,3.9,0.9830776783980028,0.021427027285857964,0.9830776783980028,0.031241909055011223,4.74,0.9851819453699023,0.01881404430875868,0.9851819453699023,0.012466281301386096,21.0,0.9054063229495378,0.09908265955888755,0.9054063229495378,0.05068469534372848,21.2,0.9811161205641785,0.02373872093472672,0.9811161205641785,0.01740061678348361,48.2,0.9604137232668899,0.0508895033382576,0.9604137232668899,0.05448912836849081
42.0,0.9765297865709693,0.03097861096451891,0.9765297865709693,0.035584270066611655,810.0,0.9582936081611809,0.05343749155405716,0.9582936081611809,0.03743643272090982,43.0,0.9701509642040295,0.038985011868795744,0.9701509642040295,0.043790968627327675,9.4,0.9827727942950508,0.021705338620209663,0.9827727942950508,0.03191529703269616,6.0,0.9851819453699023,0.01881404430875868,0.9851819453699023,0.012466281301386096,1.0,0.9054063229495378,0.09908265955888755,0.9054063229495378,0.05068469534372848,24.3,0.9816709073972358,0.02321912901016681,0.9816709073972358,0.018345422415068997,53.3,0.9618747570757453,0.04890926733738452,0.9618747570757453,0.05242514789223044
43.9,0.9760090911921866,0.03148765048643784,0.9760090911921866,0.03549104785230175,808.0,0.9577704894283164,0.053880486797735785,0.9577704894283164,0.03599691445241922,44.0,0.9701509642040295,0.038985011868795744,0.9701509642040295,0.043790968627327675,7.8,0.9824870733116677,0.022004858350838055,0.9824870733116677,0.032224424095689624,5.1,0.9856291524016524,0.01821312289735865,0.9856291524016524,0.012248859900315146,0.0,0.9047493066355194,0.09960685513727156,0.9047493066355194,0.051178220518103903,22.7,0.981985125180277,0.022789800290738366,0.981985125180277,0.017362620874929912,52.2,0.9630565809634014,0.047049104927740594,0.9630565809634014,0.04817098860431743
44.7,0.9760090911921866,0.03148765048643784,0.9760090911921866,0.03549104785230175,787.0,0.9571870012241457,0.05436652611691849,0.9571870012241457,0.03482262698539066,35.0,0.9701509642040295,0.038985011868795744,0.9701509642040295,0.043790968627327675,-2.3,0.9819746282459219,0.022639773455699494,0.9819746282459219,0.032763013165638066,4.8,0.9865884953680505,0.017117872556357102,0.9865884953680505,0.012026325072661269,2.0,0.9056091458359211,0.09854703136505133,0.9056091458359211,0.05080869773107394,22.0,0.9821329492043813,0.022593664549137506,0.9821329492043813,0.01700345572298072,55.7,0.9624561946542114,0.04767035584252779,0.9624561946542114,0.04783924581516446
47.1,0.9756156300215038,0.03184790726632266,0.9756156300215038,0.03510006436076022,804.0,0.9573999983504422,0.05414195341799379,0.9573999983504422,0.035240039248156725,37.0,0.9704182975385891,0.038542548126450867,0.9704182975385891,0.043284108583635045,-1.6,0.9822062600388546,0.022368636306128783,0.9822062600388546,0.03272257486901309,5.19,0.9868014924943468,0.01687762953084365,0.9868014924943468,0.013345776825417394,33.67243525896414,0.9079220243467148,0.09694533805710419,0.9079220243467148,0.050463790948359954,23.1,0.9821329492043813,0.022593664549137506,0.9821329492043813,0.017769091796808512,56.9,0.9618944296969175,0.04829086968527862,0.9618944296969175,0.04892084634464326
44.3,0.9747396472811686,0.032909845938845834,0.9747396472811686,0.03739099733645396,792.0,0.9588665684605743,0.05166939576731204,0.9588665684605743,0.03417284051251938,38.0,0.9691296826296024,0.04021182947796615,0.9691296826296024,0.046871594472203,1.6,0.9829873283444989,0.02138798575629571,0.9829873283444989,0.03158512923984622,4.81,0.9870823057671595,0.016510527871079244,0.9870823057671595,0.01280467368391618,0.0,0.9095665496579922,0.09499745548116503,0.9095665496579922,0.05114491646741933,21.6,0.9829140175100255,0.021613268750168006,0.9829140175100255,0.017543714517297113,54.1,0.9618944296969175,0.048290869685278265,0.9618944296969175,0.04940238419830956
45.9,0.9751361359098867,0.03249163874534195,0.9751361359098867,0.0370030324414707,813.0,0.9581866029573627,0.05270926942687898,0.9581866029573627,0.03398512734703418,36.0,0.9701772759705425,0.03899958858507748,0.9701772759705425,0.04449298833016899,-1.6,0.9832091789145768,0.02118952537900412,0.9832091789145768,0.03109422120341488,4.74,0.9875996585434758,0.015933764187405487,0.9875996585434758,0.012896089644033095,1.0,0.909209838190018,0.09544603758764443,0.909209838190018,0.051814055211695124,21.2,0.9834023931153993,0.021146714558747868,0.9834023931153993,0.017466155625791523,45.9,0.9612797551502105,0.049004177835580705,0.9612797551502105,0.049088107376900336
94.1,0.9751361359098867,0.03249163874534195,0.9751361359098867,0.03748229077278758,1135.0,0.9566306547138163,0.054768717689107724,0.9566306547138163,0.03680397755560697,20.0,0.9702721904052335,0.03890339148685176,0.9702721904052335,0.04360090290249877,-12.5,0.9832091789145768,0.02118952537900376,0.9832091789145768,0.031196621730528153,13.59,0.9888882734524626,0.014199015888216478,0.9888882734524626,0.011341588950118713,14.0,0.9095811335206533,0.09516887159235711,0.9095811335206533,0.05212905247366058,31.8,0.9846019273188651,0.019756345825249228,0.9846019273188651,0.01708583658522821,58.0,0.9620608234558545,0.048066812126289424,0.9620608234558545,0.04931369436596632
72.9,0.9753677677028199,0.03222480417952435,0.9753677677028199,0.03668125784708915,1233.0,0.9568206817473042,0.054626697205300986,0.9568206817473042,0.037070440741382486,28.0,0.970345987883364,0.03883975893646311,0.970345987883364,0.04483837715147021,-1.6,0.9820154784402813,0.02280591406597734,0.9820154784402813,0.034329934824703416,11.93,0.9890091376000604,0.014052232485443534,0.9890091376000604,0.010398454195952561,33.67243525896414,0.9076699324302703,0.09634347819179999,0.9076699324302703,0.05304116442183561,30.2,0.984935788592759,0.019371660267348892,0.984935788592759,0.0156924224562996,64.7,0.9627219342481899,0.04754427092696578,0.9627219342481899,0.04945754003692072
29.0,0.9768275293228748,0.030520757708337946,0.9768275293228748,0.03547853196231868,1689.0,0.9562658949142466,0.05511424462463965,0.9562658949142466,0.036084150843590124,21.0,0.970345987883364,0.03883975893646311,0.970345987883364,0.04658876142657532,3.9,0.9810602523123045,0.023820018293008127,0.9810602523123045,0.03586862213106022,11.83,0.9888613135759561,0.0142510657513919,0.9888613135759561,0.011097949578482492,23.0,0.9076699324302703,0.09634347819179999,0.9076699324302703,0.050624849003067,29.8,0.9853004096344007,0.018930460048155615,0.9853004096344007,0.015251703237176905,70.2,0.9625555404892528,0.04776858421795947,0.9625555404892528,0.04808616517789465
43.9,0.976595897529942,0.03078841868791172,0.976595897529942,0.035726560532440145,872.0,0.9565738064752342,0.05479692421655205,0.9565738064752342,0.035608619788525836,37.0,0.9698987808516142,0.03942159360239481,0.9698987808516142,0.0455816576488841,-5.5,0.9805478072465585,0.0244530293627065,0.9805478072465585,0.037077277081268775,4.71,0.9890329241765609,0.014079950944666632,0.9890329241765609,0.011132990560711504,14.0,0.9099828109410643,0.09473139170899882,0.9099828109410643,0.05015573440802028,20.8,0.9847797142556179,0.01945073638582132,0.9847797142556179,0.015568181883972925,63.5,0.962703364513357,0.04758030186382593,0.962703364513357,0.046988557303510946
57.6,0.9757199147896068,0.03185243311761774,0.9757199147896068,0.037158492442163314,776.0,0.9559167901612154,0.05538909491972653,0.9559167901612154,0.03652804923401011,45.0,0.9704033163436924,0.038726380665612674,0.9704033163436924,0.04297471572367094,7.0,0.9802335894635174,0.02488117512824813,0.9802335894635174,0.037955862176927126,5.99,0.9888357802609087,0.014293661080891586,0.9888357802609087,0.012459407988784822,33.67243525896414,0.913114386904397,0.09195826487340326,0.913114386904397,0.048822757129590444,24.7,0.984677484774657,0.019562826042879337,0.984677484774657,0.01696034825147553,44.3,0.962703364513357,0.04758030186382629,0.962703364513357,0.0464849679223854
48.2,0.9758407789372047,0.03170983737988475,0.9758407789372047,0.0366649450738589,830.0,0.9552379513365328,0.05620931636722403,0.9552379513365328,0.037988988494874504,42.0,0.9690445120157981,0.04063284646071151,0.9690445120157981,0.045781404141640634,-0.8,0.9807460345292632,0.024248598816737955,0.9807460345292632,0.037387428002899216,5.41,0.9892374576813195,0.013778197706587591,0.9892374576813195,0.012287865258837469,0.0,0.9159503790865099,0.08957467325789079,0.9159503790865099,0.04840447317702883,23.1,0.9852921593213638,0.018812281694405728,0.9852921593213638,0.016610038822651805,54.1,0.9630175822963984,0.04716750710091855,0.9630175822963984,0.04783092803506207
45.5,0.9760946323335111,0.03140208162911867,0.9760946323335111,0.0356320736404665,789.0,0.9558407492966002,0.0551973079864792,0.9558407492966002,0.03730651700625092,38.0,0.9685399765237195,0.04132603637354311,0.9685399765237195,0.04617368673024608,0.8,0.9809363522383,0.023966110254661208,0.9809363522383,0.03652499449222659,4.91,0.9887902506495697,0.014383385356386884,0.9887902506495697,0.013199522163931221,33.67243525896414,0.9173275710632276,0.08799616731897278,0.9173275710632276,0.05052973019014746,22.7,0.984844952289614,0.019412719952631583,0.984844952289614,0.01690289617197807,53.3,0.9652700973969753,0.0445053682392516,0.9652700973969753,0.04493518204509712
44.7,0.975577279557195,0.03196372855451007,0.975577279557195,0.03558055079362102,787.0,0.9573669221443384,0.05351291249312501,0.9573669221443384,0.034965206978772874,42.0,0.9706811433777739,0.03838690560672112,0.9706811433777739,0.04289475644177179,1.6,0.9803573263107114,0.024832369444206026,0.9803573263107114,0.037987046774894125,4.85,0.9882728978732535,0.014961676021051154,0.9882728978732535,0.013640391615589357,0.0,0.9169149388945759,0.08855851159678273,0.9169149388945759,0.052029656570525024,24.7,0.985459626836321,0.01866195019771146,0.985459626836321,0.016750306466502156,51.4,0.9664730935765251,0.0433415162941135,0.9664730935765251,0.043880332735891814
43.9,0.9754056689565902,0.03212930215007386,0.9754056689565902,0.03529166325307409,804.0,0.957984955311894,0.05297644031874044,0.957984955311894,0.03630626179733582,43.0,0.970847537136711,0.03815895203388916,0.970847537136711,0.04299713221221628,-4.7,0.9807140377786854,0.024317358550245183,0.9807140377786854,0.038000067736953205,4.82,0.9876725115640633,0.015620214021271768,0.9876725115640633,0.013206390200149326,1.0,0.9180421114295374,0.08706829578009867,0.9180421114295374,0.05088932964633684,22.0,0.9857738446193621,0.018229454708440285,0.9857738446193621,0.01613514565198231,54.5,0.9663066998175879,0.043567491241953166,0.9663066998175879,0.043170790153204915
65.5,0.9761152579379883,0.031296408800878056,0.9761152579379883,0.03474831374102247,1514.0,0.9564290070683475,0.05503498447691337,0.9564290070683475,0.03872510351746089,19.0,0.971659056079005,0.03729215105195323,0.971659056079005,0.04242499886133964,-5.5,0.9802471872560827,0.02486545019477852,0.9802471872560827,0.0392440545745511,13.97,0.9883100363048505,0.014729824198672461,0.9883100363048505,0.012398703505753223,13.0,0.9180421114295374,0.08706829578009867,0.9180421114295374,0.05088932964633684,31.0,0.9864113693601492,0.017342501686986016,0.9864113693601492,0.015832150421103402,51.8,0.965794254751842,0.0441801283630905,0.965794254751842,0.04441700304193268
68.2,0.9761152579379883,0.031296408800878056,0.9761152579379883,0.035191059883311594,1189.0,0.9566261509839997,0.054836864529558535,0.9566261509839997,0.03744433278102356,55.0,0.9727505270723396,0.03582014639769754,0.9727505270723396,0.041412635136784816,-1.6,0.9795375982746846,0.02570671934292882,0.9795375982746846,0.041495551338969046,11.51,0.9883100363048505,0.014729824198673547,0.9883100363048505,0.012494748335602381,24.0,0.9180421114295374,0.08706829578009867,0.9180421114295374,0.05088932964633684,29.8,0.9866430011530823,0.017068847716152982,0.9866430011530823,0.015480375924232953,63.9,0.9653473568511897,0.04461325316736709,0.9653473568511897,0.04549456870137884
47.8,0.9748266430290013,0.03298566843757699,0.9748266430290013,0.03772467618210728,2103.0,0.9570733580157496,0.05427069554484276,0.9570733580157496,0.03601029879823186,69.0,0.9721715011447507,0.03667187922585428,0.9721715011447507,0.041161861049880843,1.6,0.9782017431359832,0.027196370908854555,0.9782017431359832,0.04506176151943404,8.33,0.9875516474164657,0.015766602501666737,0.9875516474164657,0.013912176105123877,34.0,0.9180421114295374,0.08706829578009867,0.9180421114295374,0.05088932964633684,25.9,0.9860749299737345,0.01781683571997747,0.9860749299737345,0.01594716505595582,71.0,0.9654255002355849,0.04454409506873461,0.9654255002355849,0.04530295887199168
20.0,0.9746363253199644,0.03326457817436711,0.9746363253199644,0.03716817269598545,1823.0,0.9581764081678306,0.053126429372341945,0.9581764081678306,0.03455321788957001,50.0,0.9726839462104968,0.03605093275790627,0.9726839462104968,0.04031968212538759,5.5,0.9774748931842903,0.028252599965874575,0.9774748931842903,0.04560801970938598,18.06,0.9878658651995069,0.01533224269443022,0.9878658651995069,0.014070183900453047,41.0,0.9164947341564111,0.0879653057390927,0.9164947341564111,0.05321801879840581,32.5,0.9864395510153762,0.017374533910035038,0.9864395510153762,0.01627929088920076,62.7,0.9654255002355849,0.04454409506873461,0.9654255002355849,0.04493238034589458
70.2,0.9747693145686731,0.03309992195892714,0.9747693145686731,0.03750330053559188,2089.0,0.9584080399607636,0.05286949364658829,0.9584080399607636,0.03429831717102721,25.0,0.9719743572290985,0.03687726733371878,0.9719743572290985,0.03995895386419857,-2.3,0.9776412869432274,0.028021234304368144,0.9776412869432274,0.04499166486927614,11.24,0.9878658651995069,0.015332242694429857,0.9878658651995069,0.013599031444366853,46.0,0.9144903307280396,0.0892838291401345,0.9144903307280396,0.05385596241929903,31.4,0.9861856976190697,0.01768933430337699,0.9861856976190697,0.01598825824489456,68.2,0.9668865340444404,0.04254313306887382,0.9668865340444404,0.04327138409710786
30.2,0.9760579294776599,0.0314109176994756,0.9760579294776599,0.03486093217454102,2185.0,0.9584080399607636,0.05286949364658829,0.9584080399607636,0.03364706345715792,20.0,0.9719743572290985,0.03687726733371878,0.9719743572290985,0.039016324574162105,-0.8,0.978053919111879,0.027390998622399236,0.978053919111879,0.04408880266328632,7.39,0.9877450010519091,0.01547869581767271,0.9877450010519091,0.014209992136335255,43.0,0.9137807417466416,0.09001613609234106,0.9137807417466416,0.05205522467179416,27.8,0.9860749299737345,0.01781683571997747,0.9860749299737345,0.016429638917103837,74.5,0.9681796112300092,0.04122590022277774,0.9681796112300092,0.04355998494927746
18.0,0.9766260006570076,0.030678645103230092,0.9766260006570076,0.03444809798616751,1346.0,0.9584080399607636,0.05286949364658829,0.9584080399607636,0.03480904030979234,35.0,0.973618882540376,0.03466664423166781,0.973618882540376,0.0373570479002778,10.2,0.978732757936562,0.026529312795188206,0.978732757936562,0.04311335075405861,2.83,0.9866192643265739,0.016812411047101062,0.9866192643265739,0.015204724991211399,33.67243525896414,0.9166449843754146,0.08761527012571797,0.9166449843754146,0.0497752841054427,18.4,0.9849718798216535,0.019037468436372173,0.9849718798216535,0.017344406789482795,65.1,0.9678987979571964,0.04157861967100995,0.9678987979571964,0.04398600788968614
40.4,0.9784224990913707,0.0280267461728958,0.9784224990913707,0.030520403252924853,800.0,0.9575858030814958,0.053669415408272934,0.9575858030814958,0.03516958157617476,36.0,0.9734710585162717,0.03485918716907935,0.9734710585162717,0.03707152602197244,-4.7,0.979013571209375,0.026168060014243856,0.979013571209375,0.04175353799913159,4.52,0.9859689223015491,0.01755691866859309,0.9859689223015491,0.016615175161901967,29.0,0.9177324892501746,0.08707774374623407,0.9177324892501746,0.04965551307351827,20.8,0.9840958970813184,0.02012153940401311,0.9840958970813184,0.019645586314929398,54.1,0.9675649366833021,0.04194875971029188,0.9675649366833021,0.0442084480918244
65.1,0.9781908672984377,0.028295458344676172,0.9781908672984377,0.03148863930771788,1882.0,0.9556943902124415,0.0563073374192512,0.9556943902124415,0.03762582391834536,39.0,0.9732213045312716,0.035094413619166355,0.9732213045312716,0.0367798247003205,3.1,0.979013571209375,0.026168060014243856,0.979013571209375,0.04148765337247404,13.23,0.9855672448811383,0.01806910174496067,0.9855672448811383,0.018184138168429058,19.0,0.9171144560826189,0.08756575893779735,0.9171144560826189,0.04948158089708708,26.7,0.9840958970813184,0.02012153940401311,0.9840958970813184,0.01983566479302681,68.6,0.9670031717260084,0.042576185808607864,0.9670031717260084,0.04649622178734778
72.5,0.9773686304191697,0.02913441627293032,0.9773686304191697,0.03167729315142878,1071.0,0.9553589255869338,0.056888350228916945,0.9553589255869338,0.039355203406629596,52.0,0.972021770327806,0.03644922724606451,0.972021770327806,0.03658238864657519,5.5,0.9797469467672736,0.025355333241720793,0.9797469467672736,0.04106387807126873,11.21,0.9846980883474185,0.019227527259116924,0.9846980883474185,0.018584738439498174,26.0,0.916833642809806,0.08788438380361728,0.916833642809806,0.04935399003979714,30.2,0.9832267405475983,0.021276373630774538,0.9832267405475983,0.02017123190887196,63.1,0.9670980861606995,0.04248067946488287,0.9670980861606995,0.04720623888764308
75.3,0.9767116141051512,0.029758339563408533,0.9767116141051512,0.031243989258569863,2424.0,0.9557606030073444,0.056408639427857746,0.9557606030073444,0.038448095016032226,85.0,0.9713203975961358,0.037134467703109,0.9713203975961358,0.03654536588539161,0.0,0.9788777902335537,0.026500258962578294,0.9788777902335537,0.044686381834924314,29.46,0.9842508813156686,0.019827404436980528,0.9842508813156686,0.019621061695692478,34.0,0.9172624185183911,0.08746644309515325,0.9172624185183911,0.048780531383846956,36.1,0.9826120660008915,0.022023753945049726,0.9826120660008915,0.021083351109744596,69.0,0.9661387431943013,0.04352844765052536,0.9661387431943013,0.047977575655207175
100.0,0.9760935809375955,0.03032132096024239,0.9760935809375955,0.03084791671113655,1810.0,0.9566204422077461,0.055239870406930784,0.9566204422077461,0.03805389101097463,88.0,0.9704317494891845,0.03801302782565623,0.9704317494891845,0.03759972675528232,-3.1,0.9788777902335537,0.026500258962578294,0.9788777902335537,0.04470957105701022,32.17,0.9849297201403514,0.01895480605582879,0.9849297201403514,0.01888036492544288,46.0,0.9172624185183911,0.08746644309515325,0.9172624185183911,0.048780531383846956,40.0,0.9823041544399042,0.02236093219893407,0.9823041544399042,0.021619737291493683,58.8,0.9662865672184056,0.043338761230764376,0.9662865672184056,0.04709463529612176
42.4,0.975960591688887,0.030486591735759863,0.975960591688887,0.030740297896894274,1664.0,0.957188513387094,0.054537057690080167,0.957188513387094,0.03745082027198241,50.0,0.9704317494891843,0.03801302782565622,0.9704317494891843,0.03735976006898267,-4.7,0.9806262775409067,0.024375354424956808,0.9806262775409067,0.04148652529473452,4.72,0.9852105334131643,0.018589010977716945,0.9852105334131643,0.017455896105731106,33.67243525896414,0.9200695460179543,0.08506523129239078,0.9200695460179543,0.04738643049225375,24.7,0.9828722256192518,0.02161850937489886,0.9828722256192518,0.02014600277408182,69.4,0.9667534177410083,0.04280773660395149,0.9667534177410083,0.046128803510663494
90.6,0.9749798883408874,0.03184529042391734,0.9749798883408874,0.03230043987047756,1701.0,0.9569346599907873,0.054832395827716034,0.9569346599907873,0.03778026222888133,84.0,0.9711585994408775,0.03697201798145319,0.9711585994408775,0.035852645908135194,-3.1,0.9804291336252547,0.02458512999627874,0.9804291336252547,0.041602949851311036,22.37,0.9847979012445126,0.01922771520690158,0.9847979012445126,0.01756241467687366,50.0,0.9209387025516744,0.08404726902850139,0.9209387025516744,0.047805016831622846,34.5,0.9830945400788665,0.021265853606287962,0.9830945400788665,0.01846955199239904,67.8,0.9670980861606995,0.04248067946488287,0.9670980861606995,0.04720623888764308
95.7,0.9745130378182846,0.032386435495639285,0.9745130378182846,0.032915882512437405,1852.0,0.9564874529590374,0.05539821287228149,0.9564874529590374,0.03893763243752627,55.0,0.9714251244761735,0.03671153565003113,0.9714251244761735,0.036292470341811864,2.3,0.9799692612268882,0.02500467763950501,0.9799692612268882,0.04224827631499236,24.39,0.9846500772204084,0.019424906910119655,0.9846500772204084,0.01801198386176321,55.0,0.9207723087927375,0.08425452034741514,0.9207723087927375,0.048964772393298876,35.3,0.9834962174992772,0.020756298165841625,0.9834962174992772,0.01797956226857803,63.5,0.9669502621365951,0.04267066750679807,0.9669502621365951,0.046057220236368074
39.6,0.9742591844219783,0.03269340954365532,0.9742591844219783,0.032379982554401304,1826.0,0.9557290640706527,0.056368596503756224,0.9557290640706527,0.04029515823484115,54.0,0.9718919749987761,0.036174281496303654,0.9718919749987761,0.03484596586794139,0.0,0.9797976506262833,0.025172265941082142,0.9797976506262833,0.04173090471234238,6.83,0.9846500772204084,0.019424906910120377,0.9846500772204084,0.017684041729065746,33.67243525896414,0.9214098335335246,0.08347333848086612,0.9214098335335246,0.048726775936456024,29.4,0.9833483934751728,0.020952991797851202,0.9833483934751728,0.017519197979444928,67.1,0.9672644799196365,0.042254320206659354,0.9672644799196365,0.045672311731127256
96.1,0.9739449666389369,0.03311605003279922,0.9739449666389369,0.03368684533610022,1710.0,0.9560098773434655,0.05602496147517757,0.9560098773434655,0.03931035606476999,77.0,0.9724710009263651,0.03532250952263604,0.9724710009263651,0.035350711094811964,5.5,0.9792852055605374,0.025803722619580867,0.9792852055605374,0.041599078417734824,24.7,0.9851546127124868,0.018708260635114216,0.9851546127124868,0.01731734482617237,54.0,0.9222696727339262,0.0823755084923949,0.9222696727339262,0.04822364625148517,35.7,0.9839859182159599,0.02007004346502279,0.9839859182159599,0.017104465276357745,58.8,0.9677313304422391,0.041722192670280676,0.9677313304422391,0.04326998128361927
98.8,0.974313721155194,0.0327442469095932,0.974313721155194,0.033948924296461305,1819.0,0.955645256301824,0.05643847028867608,0.955645256301824,0.03980479684838938,50.0,0.9739320347352205,0.03329213288134421,0.9739320347352205,0.03400108520645768,-7.0,0.9789284940925632,0.026317415690760224,0.9789284940925632,0.04277391666023582,23.66,0.9852754768600847,0.018562597709604965,0.9852754768600847,0.016562360891166708,55.0,0.9223905368815238,0.0822477890980752,0.9223905368815238,0.04782263731892231,34.5,0.9842175500088931,0.019797724330909133,0.9842175500088931,0.01677239935154252,62.4,0.9681439626108909,0.04110442565350202,0.9681439626108909,0.04308795500851356
22.7,0.9739491001135523,0.03317519893762136,0.9739491001135523,0.0338502642364223,1812.0,0.955194116320411,0.05728370688381249,0.955194116320411,0.04023321864365923,20.0,0.9741155262376424,0.03310806586955802,0.9741155262376424,0.0333963965696611,-9.4,0.9773725458490169,0.02846713503757221,0.9773725458490169,0.04572140228673038,4.5,0.9847074056807366,0.019308659869478485,0.9847074056807366,0.01766435149554645,51.0,0.9223905368815238,0.08224778909807487,0.9223905368815238,0.04811222043387636,22.4,0.9839033322258517,0.020229017753515346,0.9839033322258517,0.017358905567097627,69.8,0.9681439626108911,0.04110442565350203,0.9681439626108911,0.044452999963209096
17.6,0.9732691346103409,0.03424549688215766,0.9732691346103409,0.035195989945823535,1656.0,0.9565237642321713,0.05526185442987884,0.9565237642321713,0.03784816733006538,21.0,0.9739320347352205,0.033292132881343854,0.9739320347352205,0.03286141839590453,0.0,0.9771754019333647,0.028675356509013976,0.9771754019333647,0.046719562142779586,4.38,0.9839550785090211,0.020100713963860196,0.9839550785090211,0.01818039312560816,33.67243525896414,0.923171605187168,0.08137975290058269,0.923171605187168,0.046690911631855236,22.0,0.9830146841189003,0.021135113345663245,0.9830146841189003,0.01761120768415579,63.1,0.967631517545145,0.04171961972975772,0.967631517545145,0.043439229301241646
18.8,0.9720754341360451,0.03582898824582762,0.9720754341360451,0.036662963768266825,1207.0,0.9558035015836543,0.05590072245243463,0.9558035015836543,0.03704912890125457,22.0,0.9740269491699114,0.03319497782594476,0.9740269491699114,0.03340807077509828,13.3,0.9755859827511278,0.030486772226287776,0.9755859827511278,0.05047625635688925,3.33,0.9824953168889662,0.021833335340917772,0.9824953168889662,0.019822315670057926,34.0,0.9250893872619194,0.08005756909441862,0.9250893872619194,0.04614247836541241,19.6,0.9816155826457006,0.022687180442662668,0.9816155826457006,0.01898620238618009,60.4,0.9681360530372234,0.041027325280430994,0.9681360530372234,0.04423369850684017
24.3,0.9720754341360451,0.03582898824582762,0.9720754341360451,0.036662963768266825,1094.0,0.9539313984704969,0.05800181164854038,0.9539313984704969,0.03968477630448606,39.0,0.9726278476967117,0.03471495819984017,0.9726278476967117,0.03504356870514353,0.0,0.9750283172051405,0.031055499690733037,0.9750283172051405,0.050867717515063596,3.83,0.9820157947273738,0.022339014250186626,0.9820157947273738,0.020629408392378805,28.0,0.9284396295625049,0.0766632918665588,0.9284396295625049,0.0435239188572123,20.4,0.9812190940169824,0.023112302794033153,0.9812190940169824,0.019992150923057124,66.3,0.9675742880799296,0.041655685357400114,0.9675742880799296,0.0464032113665415
43.5,0.9720754341360451,0.03582898824582762,0.9720754341360451,0.036662963768266825,753.0,0.9527284022909475,0.059130643513215564,0.9527284022909475,0.039360045223857415,33.0,0.9733481103452284,0.034047694736033064,0.9733481103452284,0.03410712172845812,-5.5,0.9740476138571411,0.032412268389436096,0.9740476138571411,0.05273150651914217,4.63,0.9824122833560921,0.021913219488498854,0.9824122833560921,0.02076107696960838,33.67243525896414,0.9309338805944759,0.0745479878483825,0.9309338805944759,0.04284432346792212,20.8,0.9817808589742761,0.022463793094655547,0.9817808589742761,0.019503449667968915,48.2,0.9674078943209925,0.04188222473260292,0.9674078943209925,0.04592760074923125
37.6,0.9721862017813805,0.035705406500887486,0.9721862017813805,0.03627410467114503,785.0,0.9525154051646512,0.05935288702644584,0.9525154051646512,0.04080488180656971,34.0,0.9724721276048932,0.035105050162145934,0.9724721276048932,0.03621023132862904,-3.9,0.9744763895657261,0.031938862074528424,0.9744763895657261,0.05210709467802922,4.29,0.9818998382903462,0.022548132289127415,0.9818998382903462,0.0220548477788264,8.0,0.9338861652236369,0.07169473491982208,0.9338861652236369,0.04096525216166936,20.4,0.9812127877949285,0.023204874202912368,0.9812127877949285,0.020631896315580225,59.2,0.9677646057889665,0.04138054111601765,0.9677646057889665,0.04540991490441392
38.4,0.9727652277089692,0.03485308451758102,0.9727652277089692,0.03517023958038605,803.0,0.9511857572528909,0.06135989858063727,0.9511857572528909,0.04351806912512344,35.0,0.9723772131702022,0.03520185335451226,0.9723772131702022,0.037330889691877776,-1.6,0.975428284007176,0.031001039214462452,0.975428284007176,0.05077115600211952,4.39,0.9820901559993832,0.022264970797654767,0.9820901559993832,0.022169143858288894,0.0,0.9337197714646999,0.07190752546734537,0.9337197714646999,0.039986797512178394,20.8,0.980232084446929,0.024578499118304755,0.980232084446929,0.02281453879236629,57.3,0.9681772379576185,0.04076260597107948,0.9681772379576185,0.04322758174465335
46.3,0.9721277029681821,0.03571597100866655,0.9721277029681821,0.03607811270767768,815.0,0.9513038697422819,0.061277515346246474,0.9513038697422819,0.04395531249282827,36.0,0.9719426715050686,0.0355755447355391,0.9719426715050686,0.03667084618957646,3.9,0.9761068137007611,0.030289220221347144,0.9761068137007611,0.04931839285205523,4.99,0.9812209994656631,0.023415479712002075,0.9812209994656631,0.022685235290582424,33.67243525896414,0.9342987973922886,0.07111307414587331,0.9342987973922886,0.040412794938147666,21.2,0.9796530585193401,0.025443753939198767,0.9796530585193401,0.023209928656088254,55.3,0.9685418589992598,0.040337211993972576,0.9685418589992598,0.04043946982873804
43.1,0.9710362319748476,0.037187097573819945,0.9710362319748476,0.03720461026540511,812.0,0.9516117813032692,0.06096402047824156,0.9516117813032692,0.04151711668631199,35.0,0.9718404420241075,0.03568442409379713,0.9718404420241075,0.034816750189734326,-4.7,0.9763606670970676,0.029981006639255018,0.9763606670970676,0.048765418506846764,4.41,0.980249613450982,0.024674949719324085,0.980249613450982,0.02317818392870969,0.0,0.9345796106651014,0.07078232493211584,0.9345796106651014,0.04066182512390364,20.8,0.9785615875260055,0.0269383449731741,0.9785615875260055,0.023993363457545186,60.8,0.9694230585812628,0.03935336914708803,0.9694230585812628,0.039264039512950544
48.2,0.9718960711752491,0.03598103618369158,0.9718960711752491,0.03568342734171189,784.0,0.9522145792633366,0.05995913294260002,0.9522145792633366,0.03972127943757133,34.0,0.9725672919758004,0.03464008007924581,0.9725672919758004,0.035030339171080685,10.9,0.9760798538242548,0.030340142836917456,0.9760798538242548,0.050300484456299255,5.45,0.9801166242022734,0.02484172542782116,0.9801166242022734,0.023652400140740423,33.67243525896414,0.9348112424580345,0.0705367315867252,0.9348112424580345,0.040453259263248026,23.5,0.9781969664843639,0.027373446564724513,0.9781969664843639,0.024698580768385683,60.0,0.9696769119775694,0.039049747240723236,0.9696769119775694,0.036679869649230534
40.8,0.9737078048171004,0.03383949716145689,0.9737078048171004,0.0341851559393513,777.0,0.950863759059683,0.06126691207319319,0.950863759059683,0.04000881336518075,43.0,0.9728815097588418,0.034218559862141076,0.9728815097588418,0.035231133634821395,-0.8,0.9759134600653178,0.030570728356060277,0.9759134600653178,0.05118809524440007,4.64,0.9805453999108585,0.02436188162676625,0.9805453999108585,0.02392790210304977,1.0,0.9367369583748475,0.06906744020960309,0.9367369583748475,0.04050665392515669,20.8,0.978530827758258,0.02699394975086512,0.978530827758258,0.024971385756191247,55.3,0.9690393872367824,0.039906988004458605,0.9690393872367824,0.03789367225180978
42.4,0.9742202498828465,0.033216018278511145,0.9742202498828465,0.03325047868281414,805.0,0.950154170078285,0.062054684439568256,0.950154170078285,0.042122627731834034,38.0,0.9734432747161356,0.0335821962950861,0.9734432747161356,0.034382696318393184,2.3,0.9750883476456357,0.03196808721100866,0.9750883476456357,0.052714418084218076,4.95,0.9813264682165024,0.023384535922660824,0.9813264682165024,0.023112631075023954,0.0,0.9386294790632307,0.06760530753108969,0.9386294790632307,0.04005072510778965,21.6,0.979209666582941,0.026131550073626216,0.979209666582941,0.024058682586283613,53.3,0.9678941340753178,0.041036874273414764,0.9678941340753178,0.03725330354815172
58.8,0.9740872606341376,0.033380560797038744,0.9740872606341376,0.03356033281188457,920.0,0.9506772888111495,0.0616201802219008,0.9506772888111495,0.042483864804760296,55.0,0.9731290569330943,0.03400417815996485,0.9731290569330943,0.03376137875931487,4.7,0.9749674834980379,0.03211053491540988,0.9749674834980379,0.053609507392052634,9.27,0.9809926069426084,0.023766397853839927,0.9809926069426084,0.02385705906615478,12.0,0.9409924886712803,0.06549275770406657,0.9409924886712803,0.039257900096266465,29.0,0.9793204342282761,0.026005904769553258,0.9793204342282761,0.02397970752341772,54.1,0.9685729729000007,0.040194100748367816,0.9685729729000007,0.03766831330131043
55.3,0.9739850311531765,0.03348992727945174,0.9739850311531765,0.03260292918459661,2326.0,0.9498462585172976,0.06236728503116578,0.9498462585172976,0.042370752811111335,59.0,0.9722692177326926,0.035213598430587766,0.9722692177326926,0.034967759111083,7.0,0.9757352674573916,0.031364826322308255,0.9757352674573916,0.051217015807785315,8.52,0.9803779323959013,0.02451045812866066,0.9803779323959013,0.02464853813082238,19.0,0.9428160200481474,0.06404570805234408,0.9428160200481474,0.03900559585570184,22.4,0.9789558131866345,0.02644170662678706,0.9789558131866345,0.024186371174030365,69.4,0.9680684374079224,0.04088716112399861,0.9680684374079224,0.03887074632036966
63.9,0.9755112040009151,0.03173628244379917,0.9755112040009151,0.03150600899072655,1785.0,0.9484874541894032,0.0641971640735656,0.9484874541894032,0.0453655466517353,52.0,0.9725834355157338,0.03479239956956937,0.9725834355157338,0.03372884978820198,-7.8,0.9758561316049892,0.031222167817229855,0.9758561316049892,0.04997163315314797,17.22,0.9803779323959013,0.02451045812866066,0.9803779323959013,0.02464853813082238,31.0,0.9428160200481474,0.06404570805234408,0.9428160200481474,0.03900559585570184,32.2,0.9789558131866345,0.02644170662678706,0.9789558131866345,0.024186371174030365,64.7,0.9688490695277453,0.04018280557926096,0.9688490695277453,0.03846687310458264
55.3,0.9764825900155961,0.03049016286056851,0.9764825900155961,0.030466784144392266,2667.0,0.9484874541894032,0.0641971640735656,0.9484874541894032,0.04442783970982262,34.0,0.9725834355157338,0.03479239956956937,0.9725834355157338,0.03357919175700533,3.1,0.9769224320543612,0.02987728853358888,0.9769224320543612,0.04702801341199991,8.44,0.980790564564553,0.02387691525475469,0.980790564564553,0.024387383815745328,30.0,0.9439533220355054,0.06328921752192537,0.9439533220355054,0.03747467347605214,25.9,0.9785541357662237,0.026946497433246917,0.9785541357662237,0.025132377719801893,70.6,0.9686774589271404,0.04034570340965093,0.9686774589271404,0.03845009713393473
41.2,0.9761258785476219,0.031000619404172893,0.9761258785476219,0.03102321234496183,1514.0,0.9502991878312547,0.06216427344270835,0.9502991878312547,0.04399458417207762,62.0,0.9732930244971321,0.0339639927361614,0.9732930244971321,0.03260693754631686,3.9,0.9770246615353224,0.029767193040367082,0.9770246615353224,0.046802188662120256,9.75,0.9812951000566316,0.023165444915603337,0.9812951000566316,0.024352814603819096,32.0,0.9454502281628084,0.062155753468673,0.9454502281628084,0.037120265725642636,30.2,0.9789558131866343,0.026441706626787055,0.9789558131866343,0.024445705919194007,65.1,0.9686774589271404,0.04034570340965093,0.9686774589271404,0.03845009713393473
24.3,0.9746656530380303,0.032855600366980986,0.9746656530380303,0.03284741192721707,1571.0,0.9523150084731674,0.059741861680807556,0.9523150084731674,0.04019974580937206,19.0,0.9741528636975336,0.03275213059803466,0.9741528636975336,0.032136136857345475,2.3,0.9777260342669928,0.029072328657356084,0.9777260342669928,0.04597229762423779,9.65,0.9805682501049386,0.024228129938576617,0.9805682501049386,0.02559555158267891,30.0,0.9470300598234791,0.06090225782013805,0.9470300598234791,0.037489707097881776,29.8,0.979209666582941,0.02613155007362586,0.979209666582941,0.02409676290616375,70.6,0.9686774589271404,0.04034570340965093,0.9686774589271404,0.03845009713393473
16.5,0.973706310071632,0.03392170653050364,0.973706310071632,0.0335922037501925,1399.0,0.9535844523841854,0.05839010366506056,0.9535844523841854,0.03869708017542039,34.0,0.9736632159033592,0.03354450543302957,0.9736632159033592,0.03388593310298922,6.2,0.9777260342669928,0.029072328657356084,0.9777260342669928,0.04641873482314343,3.46,0.9796990935712183,0.025375053124568493,0.9796990935712183,0.02738256323914089,19.0,0.9492083614517844,0.05883891097462936,0.9492083614517844,0.036282493224738595,20.8,0.979209666582941,0.02613155007362586,0.979209666582941,0.025080358047086058,61.2,0.9688104481758493,0.040183081587708946,0.9688104481758493,0.03735247484371991
43.9,0.9739601634679387,0.0336152365364088,0.9739601634679387,0.03306315182166802,798.0,0.9534481314489497,0.05849652846720868,0.9534481314489497,0.038974558353243795,36.0,0.9723746009943726,0.03522633270680429,0.9723746009943726,0.035899973575739014,-1.6,0.9773693227990188,0.02958398108245003,0.9773693227990188,0.047471446344475886,4.83,0.9785733568458833,0.026686231579763194,0.9785733568458833,0.02933094340274176,11.0,0.9496966358182916,0.05854307793666837,0.9496966358182916,0.03650474125576667,22.0,0.9783284670009378,0.027137951547027802,0.9783284670009378,0.027099969147710703,59.6,0.9675218332668625,0.04184724156720425,0.9675218332668625,0.03804743349332056
60.8,0.9739601634679387,0.0336152365364088,0.9739601634679387,0.03404594467907482,927.0,0.9530193557403644,0.058947158036249496,0.9530193557403644,0.03972251371166311,73.0,0.9705024978812151,0.037407492849869856,0.9705024978812151,0.037819482847751565,-3.9,0.9750267699485515,0.03320249234098613,0.9750267699485515,0.05323895942134059,7.76,0.9782591390628421,0.02711276627544226,0.9782591390628421,0.03054728659338127,33.67243525896414,0.9503341605590786,0.057716505817719296,0.9503341605590786,0.03590530665900973,26.7,0.9778239315088596,0.027845149064107833,0.9778239315088596,0.02861799760215975,63.9,0.9666458505265273,0.04289083244406794,0.9666458505265273,0.0386818495403107
89.8,0.9731923795085851,0.03435772349224516,0.9731923795085851,0.03398389393910205,1878.0,0.9524403298127758,0.05976667864606893,0.9524403298127758,0.038453442969103156,47.0,0.9701945863202276,0.03773546247211283,0.9701945863202276,0.03589881185759296,0.0,0.9745599194259487,0.03374301507372178,0.9745599194259487,0.054842662058651445,26.32,0.9771928386134701,0.02846259029902353,0.9771928386134701,0.030734946911907833,26.0,0.9505564750186931,0.057384295881526354,0.9505564750186931,0.034880640314825774,35.7,0.9763628977000042,0.02989218878176167,0.9763628977000042,0.031179908166699664,65.1,0.9658343315842334,0.04374813492374194,0.9658343315842334,0.038547698841951084
80.4,0.9731923795085851,0.03435772349224516,0.9731923795085851,0.033369584842578404,1399.0,0.9509792960039204,0.06170934138275981,0.9509792960039204,0.039181228820081675,23.0,0.970699121812306,0.03703914826414738,0.970699121812306,0.035636013821398985,3.9,0.9745599194259487,0.03374301507372178,0.9745599194259487,0.054842662058651445,17.17,0.9766310736561763,0.029104498656960364,0.9766310736561763,0.03087465342072482,34.0,0.950445707373358,0.05750241848347235,0.950445707373358,0.035286382462350926,32.9,0.9758960471774013,0.030435078956232323,0.9758960471774013,0.03129759884520805,63.1,0.9659450992295685,0.04362630733773919,0.9659450992295685,0.039210958793566446
18.8,0.9733253687572939,0.034193474024759266,0.9733253687572939,0.03406378134676287,1205.0,0.9509792960039204,0.06170934138275981,0.9509792960039204,0.039181228820081675,36.0,0.9699009557631771,0.03794904957641597,0.9699009557631771,0.036431479470375845,10.9,0.9749286739422057,0.03337119868717025,0.9749286739422057,0.05370328919824101,3.46,0.9764180765298799,0.029339523000638718,0.9764180765298799,0.03158424007634595,17.0,0.950445707373358,0.05750241848347235,0.950445707373358,0.035714122003843676,19.2,0.9758960471774013,0.030435078956232684,0.9758960471774013,0.031976941379733115,68.6,0.965265133726357,0.04468006400551992,0.965265133726357,0.040976521947255665
43.1,0.9726157797758959,0.035021742753954886,0.9726157797758959,0.03490081768857495,772.0,0.9509792960039204,0.06170934138275981,0.9509792960039204,0.039181228820081675,35.0,0.9697800916155792,0.038089951783433364,0.9697800916155792,0.037849941419712145,3.1,0.9739479705942063,0.03472549278773013,0.9739479705942063,0.05757741838357398,4.59,0.9764180765298799,0.029339523000638718,0.9764180765298799,0.03158424007634595,0.0,0.9498666814457692,0.05832041101641074,0.9498666814457692,0.03585368563256676,21.2,0.9758960471774013,0.030435078956232684,0.9758960471774013,0.031976941379733115,54.9,0.9662170281678067,0.04376425433468439,0.9662170281678067,0.04170398568254832
43.9,0.9726157797758959,0.035021742753954886,0.9726157797758959,0.03490081768857495,813.0,0.9489993060671352,0.06439317790323881,0.9489993060671352,0.04226570284103559,42.0,0.9702088673241643,0.0376212542390738,0.9702088673241643,0.03747477581589512,-3.1,0.9723034452829289,0.036936804599539616,0.9723034452829289,0.06086519929693532,4.97,0.9767519378037739,0.0289614223360865,0.9767519378037739,0.030411625001415817,0.0,0.9487966745149283,0.05928704440053611,0.9487966745149283,0.036193514087244825,22.4,0.9760169113249991,0.03029228051822782,0.9760169113249991,0.03138481936830143,57.6,0.9663834219267438,0.04353833563053066,0.9663834219267438,0.04110201244621893
44.7,0.9717847494820439,0.03581128891381761,0.9717847494820439,0.03444778097304321,771.0,0.9489993060671352,0.06439317790323881,0.9489993060671352,0.042150537558987206,37.0,0.9705734883658059,0.037193723027493526,0.9705734883658059,0.037165502205921915,-1.6,0.9725164424092253,0.03670448877702287,0.9725164424092253,0.06030818865549212,4.95,0.9767519378037739,0.0289614223360865,0.9767519378037739,0.030411625001415817,1.0,0.9501348521784602,0.058220957996631774,0.9501348521784602,0.03577525073353837,22.4,0.9759219968903081,0.030389929565330664,0.9759219968903081,0.031242056800533123,54.9,0.967699476361116,0.04198886674529191,0.967699476361116,0.03940880943646404
44.3,0.9709087667417088,0.03686525623116178,0.9709087667417088,0.036073942746582495,789.0,0.9506322699362043,0.06174078203433295,0.9506322699362043,0.04180455262660113,39.0,0.969704331832086,0.03831689442117041,0.969704331832086,0.038448127727735176,-3.1,0.9741494062782943,0.03393456394327654,0.9741494062782943,0.05631887325473679,4.89,0.9769649349300702,0.028726230822645672,0.9769649349300702,0.029702038345794695,2.0,0.948542821118622,0.05957826693158942,0.948542821118622,0.03613876889806331,22.0,0.9760428610379059,0.030247121538670936,0.9760428610379059,0.030176795325198416,54.5,0.9689475130436753,0.040209762673365256,0.9689475130436753,0.03746600484276524
49.0,0.9719750671910811,0.03553373186564104,0.9719750671910811,0.034334546375524286,799.0,0.9518352661157539,0.060618062366744524,0.9518352661157539,0.042485122432364165,38.0,0.9680100628786841,0.040817279639722766,0.9680100628786841,0.04312843506274776,-0.8,0.9747997483033191,0.03321018833926586,0.9747997483033191,0.054448098132974826,4.9,0.9769649349300702,0.028726230822645672,0.9769649349300702,0.029702038345794695,1.0,0.9476616215366189,0.06052055204100188,0.9476616215366189,0.036492888650959655,22.0,0.9756309834343401,0.030591983950926854,0.9756309834343401,0.028903093569847636,53.7,0.9675484115704756,0.04171117723311114,0.9675484115704756,0.038618546540678755
44.7,0.9731022397260424,0.0338799517994634,0.9731022397260424,0.03138486198234292,801.0,0.9515117146526233,0.060901479046667414,0.9515117146526233,0.04073878674748059,41.0,0.9677562094823774,0.041119880788546524,0.9677562094823774,0.04277593293397028,2.3,0.973530304392301,0.03462827448416822,0.973530304392301,0.057027774222852254,4.95,0.9769649349300702,0.028726230822645672,0.9769649349300702,0.029702038345794695,0.0,0.947471303827582,0.060785794128428244,0.947471303827582,0.036183906773522574,22.4,0.9756309834343401,0.030591983950926854,0.9756309834343401,0.028903093569847636,52.5,0.9660889406259698,0.04325280460785316,0.9660889406259698,0.040327804008934875
37.6,0.9729692504773336,0.034044204313740556,0.9729692504773336,0.032702087128254405,1835.0,0.9511182534819405,0.06123988139756111,0.9511182534819405,0.03997590789224219,20.0,0.9681688416510291,0.04050184016817981,0.9681688416510291,0.043279051557617236,0.0,0.973752154962379,0.034434833554115224,0.973752154962379,0.05575106847630676,7.56,0.9761667688809413,0.029649193948365654,0.9761667688809413,0.030072054648281846,55.0,0.9472809861185448,0.061050924775141034,0.9472809861185448,0.03645052468873269,25.1,0.975113630658024,0.031153777705148336,0.975113630658024,0.028974772265090376,74.1,0.9659225468670326,0.043478699065472956,0.9659225468670326,0.03966806903046857
18.0,0.971769716273868,0.03539993896346735,0.971769716273868,0.03372011033779417,1434.0,0.9504086645005423,0.06202790941142033,0.9504086645005423,0.03984074357052582,56.0,0.9685043062765368,0.039906829713460774,0.9685043062765368,0.04263553476344653,13.3,0.973752154962379,0.034434833554115224,0.973752154962379,0.05585484334180067,3.98,0.9761667688809413,0.029649193948365654,0.9761667688809413,0.029357872174221276,43.0,0.9467913383243705,0.061805882125690624,0.9467913383243705,0.036802809225281966,21.2,0.9757511553988111,0.030285116201524877,0.9757511553988111,0.027495368264382116,65.1,0.965789557618324,0.04364034938549903,0.965789557618324,0.03780904240048617
65.1,0.9709098770734662,0.03660634930032285,0.9709098770734662,0.035187211800133705,1561.0,0.9515781258803067,0.060850900957666404,0.9515781258803067,0.03913663876644534,62.0,0.9690660712338306,0.03927680516501899,0.9690660712338306,0.04099041977701144,-3.1,0.974461743943777,0.03360511046695295,0.974461743943777,0.05394583615667577,18.55,0.9761667688809412,0.029649193948365647,0.9761667688809412,0.029378317075539485,50.0,0.9465240049898107,0.06223047803141364,0.9465240049898107,0.03660732237866613,33.3,0.9772106263433169,0.028707397830334255,0.9772106263433169,0.026975751959022767,69.4,0.965789557618324,0.04364034938549903,0.965789557618324,0.03780904240048617
43.9,0.9711321915330808,0.03626153625978104,0.9711321915330808,0.03427901952641775,1852.0,0.9497973379871334,0.0636907919413449,0.9497973379871334,0.042375418421466644,50.0,0.9705255421783364,0.037724044339439156,0.9705255421783364,0.03967293123726969,0.8,0.9750298151231249,0.03287537363623709,0.9750298151231249,0.052728466043745384,14.03,0.9759764511719041,0.02992915537561922,0.9759764511719041,0.02977080556660061,56.0,0.9458864802490237,0.06305038241456938,0.9458864802490237,0.03599034688585695,31.4,0.9774914396161297,0.028347356300422136,0.9774914396161297,0.026640851888143594,72.5,0.9674225214873932,0.040902134030367084,0.9674225214873932,0.0334174488029542
38.0,0.9712530556806787,0.03612019684036596,0.9712530556806787,0.033451098013369006,1864.0,0.9492425511540759,0.06416899726418716,0.9492425511540759,0.04170960053343082,21.0,0.9699637772210427,0.03835598562038097,0.9699637772210427,0.04086817554819857,3.9,0.9740584291084438,0.03411717078257903,0.9740584291084438,0.054613120004655846,11.69,0.9762621721552873,0.02963402484016221,0.9762621721552873,0.03080613821085181,55.0,0.9450749613067299,0.06387039828240629,0.9450749613067299,0.035295541559119396,29.8,0.9778879282448483,0.027926042852486333,0.9778879282448483,0.0269550921337105,73.7,0.9676763748836997,0.0405995874942907,0.9676763748836997,0.03346925846379853
70.2,0.9711321915330808,0.03626153625978104,0.9711321915330808,0.03375895983146144,1815.0,0.9492425511540759,0.06416899726418716,0.9492425511540759,0.04170960053343082,83.0,0.9687819533333866,0.04024092343570272,0.9687819533333866,0.0442471895650045,0.0,0.9744271836247008,0.0337457004404899,0.9744271836247008,0.05529509103873518,19.19,0.9760957783963501,0.02986477571949712,0.9760957783963501,0.03221879746536734,59.0,0.9462001418439653,0.06303539922211973,0.9462001418439653,0.03515687712355629,32.9,0.9782021460278892,0.02749993789171227,0.9782021460278892,0.027527244947158594,67.8,0.9691366003932913,0.03877028228059322,0.9691366003932913,0.03206822321749138
37.6,0.9713545059926955,0.03591656151034945,0.9713545059926955,0.032825463923749826,2027.0,0.9509246272337456,0.06223105109413066,0.9509246272337456,0.04207363341131444,51.0,0.9687819533333866,0.04024092343570272,0.9687819533333866,0.0442471895650045,3.9,0.9735580270909807,0.034876675033852556,0.9735580270909807,0.05830555127564032,11.7,0.9753373895079656,0.030876690404567725,0.9753373895079656,0.03382998837630953,33.67243525896414,0.948253872874656,0.0610441657095604,0.948253872874656,0.03488889765079567,28.6,0.9773770336082074,0.028903287916499504,0.9773770336082074,0.030649149347354365,68.2,0.9693029941522285,0.03854277814305763,0.9693029941522285,0.030212936040675164
63.1,0.9709528285722846,0.036413343905825866,0.9709528285722846,0.032598472359657495,2073.0,0.9509246272337456,0.06223105109413066,0.9509246272337456,0.040921284008078235,39.0,0.9682774178413083,0.04093411807613795,0.9682774178413083,0.04465802436667812,3.1,0.9734102030668768,0.03506917338576039,0.9734102030668768,0.05943814614316122,19.81,0.9746105395562724,0.03192696308384583,0.9746105395562724,0.033637571833295514,63.0,0.9502633400127513,0.05906829963010972,0.9502633400127513,0.03528453345849378,33.3,0.9765306743460588,0.03021128949857005,0.9765306743460588,0.03264375869155314,68.6,0.9712829840890136,0.03574315386157157,0.9712829840890136,0.026907632435324944
20.0,0.9703738026446959,0.03726306908911557,0.9703738026446959,0.034080284585049005,1924.0,0.9507582334748085,0.0624498425803567,0.9507582334748085,0.04202331756210819,19.0,0.9684609093437302,0.04075264076899816,0.9684609093437302,0.04300379047023263,0.0,0.9745016740602113,0.033591875461640754,0.9745016740602113,0.05498789732121864,5.61,0.9746105395562724,0.03192696308384583,0.9746105395562724,0.034403468866103556,54.0,0.9508210055587386,0.058531362356949466,0.9508210055587386,0.03685219936396369,23.5,0.9758507088428476,0.03128661284082804,0.9758507088428476,0.034522193735354,63.1,0.9719205088298005,0.034881075226270306,0.9719205088298005,0.027392170919627267
17.6,0.9705401964036331,0.03703499913807108,0.9705401964036331,0.03222903783399685,1476.0,0.9498030073468318,0.06339037042562196,0.9498030073468318,0.0430045622551956,37.0,0.9681751883603473,0.04104199277298028,0.9681751883603473,0.042551529078198674,5.5,0.9748158918432525,0.03316913468526011,0.9748158918432525,0.053776624404569734,3.87,0.973930574053061,0.032998890736906414,0.973930574053061,0.034490053459429536,28.0,0.9514356801054457,0.057832654452670496,0.9514356801054457,0.0365395943487718,21.2,0.9743880716823784,0.033549690801238534,0.9743880716823784,0.03711255333793642,62.4,0.9714031560534846,0.03543832451882378,0.9714031560534846,0.028249116440840764
44.7,0.9712201619068447,0.035969788743873125,0.9712201619068447,0.030944884295256044,768.0,0.9490668616898852,0.06399673253754434,0.9490668616898852,0.04209223073129506,50.0,0.968743259539695,0.04032157802063369,0.968743259539695,0.0418019976529462,-2.3,0.9740890418915595,0.03421711144870493,0.9740890418915595,0.05570154505908006,4.92,0.9725407221405584,0.03463535090000415,0.9725407221405584,0.036518475539641854,14.0,0.9500295242670169,0.05917901756499146,0.9500295242670169,0.037428923745277856,25.1,0.9743880716823784,0.033549690801238534,0.9743880716823784,0.037306531453410445,55.3,0.9714031560534846,0.03543832451882378,0.9714031560534846,0.028249116440840764
84.7,0.9712201619068447,0.035969788743873125,0.9712201619068447,0.030944884295256044,1982.0,0.9508476495830585,0.06115977922125627,0.9508476495830585,0.03904234557934502,61.0,0.9675980063782302,0.04145059962296838,0.9675980063782302,0.04212996341291807,0.0,0.9747037164382666,0.03348414402566242,0.9747037164382666,0.05427572906327655,25.6,0.9717596538349142,0.03559456884624462,0.9717596538349142,0.0377614870145452,46.0,0.9503862357349911,0.05869339710411528,0.9503862357349911,0.03789156094541376,35.3,0.9743880716823784,0.033549690801238534,0.9743880716823784,0.03708803017166119,66.7,0.9725484092149489,0.03429739503729837,0.9725484092149489,0.02795502572057669
64.7,0.9705698198818197,0.03668949163324203,0.9705698198818197,0.03092037410396946,2331.0,0.949386615774203,0.0630967407316736,0.949386615774203,0.04347423573906961,48.0,0.9670189804506415,0.04229422235897665,0.9670189804506415,0.04213782776349243,-7.8,0.9748515404623709,0.03329113538186255,0.9748515404623709,0.053920591631866986,9.22,0.9714739328515313,0.0358865051008873,0.9714739328515313,0.03703205581099988,48.0,0.9500295242670169,0.05917901756499146,0.9500295242670169,0.037049007540673085,27.1,0.9741750745560823,0.0337831743598523,0.9741750745560823,0.03678135899472356,70.2,0.972298655229949,0.03453252579104024,0.972298655229949,0.028084683713719034
62.0,0.9700017487024718,0.037413480474223264,0.9700017487024718,0.03252963516007137,2415.0,0.9483017320840447,0.06413131306209066,0.9483017320840447,0.043136934323649866,24.0,0.9668354889482196,0.042475113889588155,0.9668354889482196,0.04322662799009964,-3.9,0.9756099293507557,0.032281626615569624,0.9756099293507557,0.051132873054699324,15.17,0.9725769830036122,0.03470230021422979,0.9725769830036122,0.03628852165312518,51.0,0.9480200571289218,0.061154100717714974,0.9480200571289218,0.03856856204490298,32.2,0.9752599582462407,0.03268266206672771,0.9752599582462407,0.03618078951174205,71.0,0.9722986552299491,0.03453252579103953,0.9722986552299491,0.026994317802255197
18.8,0.969513373097098,0.03786519561997761,0.969513373097098,0.03216281608599385,2431.0,0.9470086548984757,0.06538794610010092,0.9470086548984757,0.04352396598431754,32.0,0.9668354889482196,0.042475113889588155,0.9668354889482196,0.04322662799009964,0.0,0.9753876148911411,0.03262901319315985,0.9753876148911411,0.052426429916644986,6.82,0.9744564827102891,0.03227299816700302,0.9744564827102891,0.03351570397342937,33.67243525896414,0.9481678811530262,0.06097097160217726,0.9481678811530262,0.03783881836685669,25.5,0.9772399481830257,0.029853006371337403,0.9772399481830257,0.031579490262696096,69.8,0.9715402663415642,0.03553667917354199,0.9715402663415642,0.027544983927300253
40.4,0.9680523392882425,0.03987900069938851,0.9680523392882425,0.0344265016175078,2267.0,0.9479638810264526,0.06445257293650478,0.9479638810264526,0.04318975024385536,22.0,0.9675938778366044,0.04148153117151642,0.9675938778366044,0.04020807959977546,-1.6,0.9739273893815493,0.034480081043967055,0.9739273893815493,0.05600292025433846,13.85,0.9739668349161149,0.033065871108334054,0.9739668349161149,0.03426009957291286,45.0,0.9504203962536031,0.05838600435682081,0.9504203962536031,0.035368942884497115,31.0,0.976904483557518,0.030457085051026348,0.976904483557518,0.03272150163297056,73.7,0.9728563207759364,0.03396748343524464,0.9728563207759364,0.026692210085725514
30.6,0.9693003759708017,0.038096489177926574,0.9693003759708017,0.03308642332840338,2184.0,0.9482116510780253,0.06427473003818336,0.9482116510780253,0.0434717539576051,20.0,0.9669934915274144,0.04210944130720046,0.9669934915274144,0.04174584354940307,3.9,0.9733593182022016,0.035208012968755746,0.9733593182022016,0.05713728195405737,9.91,0.9736526171330736,0.033488258240953056,0.9736526171330736,0.035112307462680785,33.67243525896414,0.9534041803263261,0.0544014888255822,0.9534041803263261,0.030779014225785325,28.2,0.9770374728062267,0.030291642409164623,0.9770374728062267,0.03262631105268232,75.7,0.9715402663415642,0.03553667917354127,0.9715402663415642,0.027544983927300253
33.7,0.970281079318801,0.0367523961478025,0.970281079318801,0.031726099241671774,2068.0,0.9482116510780253,0.06427473003818336,0.9482116510780253,0.0434717539576051,38.0,0.9669934915274144,0.04210944130720046,0.9669934915274144,0.04247646044302213,4.7,0.9722562680501206,0.03639266173896468,0.9722562680501206,0.05886460864589113,10.39,0.9735047931089693,0.03368098712299878,0.9735047931089693,0.03482408723516209,43.0,0.9539087158184045,0.05372672351225041,0.9539087158184045,0.0293500058444426,29.0,0.9767566595334138,0.03065095030038273,0.9767566595334138,0.03240368390357457,74.9,0.9719367549702823,0.03512100412309293,0.9719367549702823,0.027002852339105595
46.7,0.9702810793188013,0.036752396147802506,0.9702810793188013,0.0315379347952096,2192.0,0.9482116510780253,0.06427473003818336,0.9482116510780253,0.0434717539576051,28.0,0.9674603420500172,0.04157740426010142,0.9674603420500172,0.04305588566697952,-4.7,0.972510121446427,0.03608731953626941,0.972510121446427,0.058178829388094315,15.44,0.9722161781999826,0.03536234527079341,0.9722161781999826,0.03702223421874764,44.0,0.9539087158184045,0.05372672351225041,0.9539087158184045,0.0293500058444426,31.4,0.9764758462606007,0.03101004658670641,0.9764758462606007,0.03285032144666202,71.8,0.9737484886121338,0.032977766874010335,0.9737484886121338,0.025821373308676922
19.2,0.9709314213438258,0.036032964010909184,0.9709314213438258,0.030531544030752297,1970.0,0.9491830370927066,0.06309857528906064,0.9491830370927066,0.042474966185908646,30.0,0.9669934915274144,0.04210944130719974,0.9669934915274144,0.04362526251032369,3.9,0.972510121446427,0.03608731953626941,0.972510121446427,0.058522368807558005,5.79,0.9718594667320085,0.03586868554091386,0.9718594667320085,0.0368280010037045,40.0,0.9551466268683815,0.052280548414557405,0.9551466268683815,0.029392608882805288,26.3,0.9766422400195379,0.030779397067230072,0.9766422400195379,0.03211073573543932,63.5,0.9726636049219755,0.03407613005378738,0.9726636049219755,0.02604242187389807
44.7,0.9698399503504914,0.03750182304358244,0.9698399503504914,0.03188033578820119,1926.0,0.94872316469434,0.0634853389648287,0.94872316469434,0.043161993393517506,20.0,0.9679580513354806,0.0409791355991571,0.9679580513354806,0.041238887244671285,0.0,0.9733352338661091,0.034697290392058405,0.9733352338661091,0.05730715966198407,13.06,0.9718594667320085,0.03586868554091386,0.9718594667320085,0.0368280010037045,34.0,0.9556590719341274,0.0516795274474926,0.9556590719341274,0.028439270956085762,25.1,0.9755150674845764,0.03244306393579493,0.9755150674845764,0.03363291996675225,71.0,0.9729778227050166,0.03365438370770425,0.9729778227050166,0.026815960190698512
18.0,0.9701207636233043,0.03714716765980708,0.9701207636233043,0.032135074381497514,1565.0,0.9473723444906864,0.06478267008310064,0.9473723444906864,0.043277253542008065,38.0,0.9689734814641995,0.039324152177525,0.9689734814641995,0.039563951993938896,1.6,0.9739142597936977,0.03384331170399191,0.9739142597936977,0.055954174456310214,3.94,0.973415414975555,0.033743435069708436,0.973415414975555,0.035056657170651616,18.0,0.9547099291508843,0.05252359625035469,0.9547099291508843,0.028257280127499285,21.6,0.9745631730431269,0.03337956859243521,0.9745631730431269,0.034334008591493125,63.1,0.9738538054453518,0.03259514002599564,0.9738538054453518,0.0246701206547253
37.3,0.9696539131007015,0.03768291064231485,0.9696539131007015,0.03354387476622771,803.0,0.945966188652258,0.06611222685130697,0.945966188652258,0.0429513998157551,44.0,0.9697068570220985,0.03853011521949254,0.9697068570220985,0.03859167568946591,-1.6,0.9741950730665109,0.033486020934780335,0.9741950730665109,0.054435597242177995,4.32,0.9739944409031437,0.03288881528429394,0.9739944409031437,0.034711891646211905,33.67243525896414,0.9549637825471907,0.05222839835122128,0.9549637825471907,0.02880748030377664,20.4,0.973103702098621,0.03494577654809895,0.973103702098621,0.03629073003417515,60.0,0.9740149823626209,0.03244608699593716,0.9740149823626209,0.023748559369949386
42.7,0.968192879291846,0.03969729929609206,0.968192879291846,0.036162614425059914,806.0,0.945232813094359,0.06686398049346891,0.945232813094359,0.044462529912472286,38.0,0.9692400064994956,0.03906494845479737,0.9692400064994956,0.037510226330261916,0.0,0.9750173099457788,0.03265361703846346,0.9750173099457788,0.052789853388292736,4.75,0.9730137375551441,0.03424223162273938,0.9730137375551441,0.036254355072826504,33.67243525896414,0.9540946260134708,0.05331872527323597,0.9540946260134708,0.028989070773634787,21.6,0.9732366913473296,0.034781623266900846,0.9732366913473296,0.03741940605048112,52.5,0.9731235825974628,0.03328475972644624,0.9731235825974628,0.024251808272665674
43.5,0.9660534428441289,0.042299418330306184,0.9660534428441289,0.03760093014454983,805.0,0.9448973484688513,0.0674344492177081,0.9448973484688513,0.04876845957802995,36.0,0.9699668564511885,0.03802607487032844,0.9699668564511885,0.03670481634906759,-1.6,0.9763761142736731,0.030723597286113624,0.9763761142736731,0.051393221860274625,4.79,0.972617248926426,0.034658757288749356,0.972617248926426,0.03648480166598462,0.0,0.9535900905213924,0.0539938489954243,0.9535900905213924,0.029140346054985986,22.0,0.9730702975883927,0.035010747477995964,0.9730702975883927,0.036949781773534675,53.3,0.972544556669874,0.034138344349880556,0.972544556669874,0.025484407146864417
67.8,0.9641235967128862,0.04449300660671862,0.9641235967128862,0.039306897139101925,1991.0,0.9445831306858103,0.06783214984641697,0.9445831306858103,0.04824881962184264,66.0,0.9704337069737914,0.03749031252770022,0.9704337069737914,0.03675494231077824,0.0,0.9764868819190082,0.030598853611144054,0.9764868819190082,0.050099825457160796,20.81,0.9725342153935519,0.034736705992810465,0.9725342153935519,0.03620185864525177,0.0,0.9526963797487096,0.05475198096475626,0.9526963797487096,0.029710849669963825,34.1,0.9721057377803265,0.036153375433491966,0.9721057377803265,0.03770354452624863,62.4,0.9731592312165811,0.03340655708481532,0.9731592312165811,0.0252119184326602
96.9,0.962865264898562,0.04569046612431943,0.962865264898562,0.03949449547105892,2406.0,0.9452615333246721,0.06727103296096228,0.9452615333246721,0.048879032831239747,20.0,0.9714050929884724,0.03625676184395772,0.9714050929884724,0.03530843783690777,1.6,0.9759985063136345,0.031057249644980297,0.9759985063136345,0.05083450582073755,37.17,0.9717226964512582,0.03560647680517917,0.9717226964512582,0.03695590249463924,25.0,0.9538366903530849,0.053841927355909154,0.9538366903530849,0.029415373600841236,38.4,0.9715053514711364,0.03678774561520616,0.9715053514711364,0.037551768230482674,65.9,0.9725911600372332,0.034134509449902296,0.9725911600372332,0.024619264879221482
67.5,0.9627174408744578,0.04587907274187648,0.9627174408744578,0.04080222448996769,1845.0,0.9464942410389345,0.06606187088318419,0.9464942410389345,0.04859607007522649,64.0,0.9715714867474095,0.036028263601752,0.9715714867474095,0.03590650372117508,0.0,0.975551608412982,0.031501391458732396,0.975551608412982,0.05038115947947305,22.37,0.9703455044745403,0.03736821575877553,0.9703455044745403,0.03833477468190106,39.0,0.9523317587070682,0.055164394819538824,0.9523317587070682,0.029971310007302722,34.9,0.9691627986206696,0.04036626996147174,0.9691627986206696,0.04154885327593407,70.6,0.9726933895181944,0.03402537728549506,0.9726933895181944,0.02384149262794702
81.6,0.9608260280054036,0.04854759882205421,0.9608260280054036,0.04425670517313217,2330.0,0.9476760649265907,0.06425476977705741,0.9476760649265907,0.04830121110512174,58.0,0.9710034155680616,0.036753430995905716,0.9710034155680616,0.037396444535066145,-3.9,0.9761422134993173,0.030933573526558376,0.9761422134993173,0.04884005917784989,28.9,0.9697079797337534,0.038227188162190534,0.9697079797337534,0.04024711834394853,53.0,0.9497883798822031,0.057937568006168574,0.9497883798822031,0.03211871296673609,36.1,0.9690298093719607,0.040528929810637826,0.9690298093719607,0.04189950093287931,68.2,0.9719350006298096,0.035030355940545994,0.9719350006298096,0.023201458580538452
18.4,0.9608260280054036,0.04854759882205421,0.9608260280054036,0.04425670517313217,2632.0,0.9462134277661216,0.0663987774163933,0.9462134277661216,0.049582697052303566,49.0,0.9712572689643683,0.036448600974084026,0.9712572689643683,0.03566609558624513,4.7,0.9772679502246525,0.029630699678003032,0.9772679502246525,0.04710794308397212,11.75,0.9712463486277403,0.03631993878413639,0.9712463486277403,0.03858207502547448,56.0,0.9485609698640064,0.058885933387426044,0.9485609698640064,0.032464330491635864,31.8,0.9713723622224277,0.036951315291943246,0.9713723622224277,0.03650890111130014,78.8,0.9719350006298096,0.035030355940545994,0.9719350006298096,0.023201458580538452
18.0,0.9617020107457386,0.047515911823298056,0.9617020107457386,0.04180116190943226,2655.0,0.944624008583885,0.0680863315304968,0.944624008583885,0.05017319723802926,19.0,0.9711550394834071,0.036557306370905554,0.9711550394834071,0.034937098272434804,0.0,0.9782486535726519,0.028266443159684348,0.9782486535726519,0.044890055628193114,7.41,0.9722177346424214,0.03508412282265789,0.9722177346424214,0.03636811208996529,45.0,0.9504672187068861,0.0571237146877464,0.9504672187068861,0.031726006998204444,25.9,0.9715053514711364,0.03678774561520616,0.9715053514711364,0.035821656947768114,72.9,0.9719350006298096,0.035030355940545994,0.9719350006298096,0.023201458580538452
38.0,0.9622810366733273,0.046680347881499634,0.9622810366733273,0.04107563496369567,808.0,0.9458567162981476,0.06687916614014519,0.9458567162981476,0.049552698240695914,67.0,0.9711550394834071,0.03655730637090519,0.9711550394834071,0.03422381846853434,3.9,0.9796385054851545,0.02661076461036306,0.9796385054851545,0.04157334158807752,4.1,0.9719128505394694,0.03535492825233307,0.9719128505394694,0.036875871639212,23.0,0.9511175607319109,0.056433919025973465,0.9511175607319109,0.031694453243141484,20.8,0.9708641202488808,0.03733393836039913,0.9708641202488808,0.036372616665573565,55.3,0.9726618505815026,0.03398541606044608,0.9726618505815026,0.02334306589169742
90.2,0.96274788719593,0.046153318521482,0.96274788719593,0.0405516022659364,2383.0,0.9470385401858037,0.06507441299330427,0.9470385401858037,0.04524751453794464,19.0,0.9724030761659661,0.034764491529754867,0.9724030761659661,0.03131717481389122,-1.6,0.979892358881461,0.026300426069422903,0.979892358881461,0.04008820151522594,33.77,0.9724252956052153,0.034733462819573555,0.9724252956052153,0.03620990520130761,38.0,0.9508367474590981,0.056775505377918055,0.9508367474590981,0.03238326747478854,37.6,0.9713113272806306,0.03675052707343783,0.9713113272806306,0.03595869455450802,67.8,0.9738071037429672,0.03284119110527898,0.9738071037429672,0.02361806612009941
18.4,0.9630817484698243,0.04578662311385725,0.9630817484698243,0.04027086827488741,1099.0,0.9487870274931569,0.06309284698722444,0.9487870274931569,0.0449686114330289,65.0,0.9718350049866185,0.03549105431664617,0.9718350049866185,0.03257405798398422,-3.1,0.979892358881461,0.026300426069422903,0.979892358881461,0.04008820151522594,2.22,0.9738855211148071,0.032885785561198366,0.9738855211148071,0.03351530069171898,33.67243525896414,0.952299384619567,0.05460523509583908,0.952299384619567,0.02912044012590779,19.2,0.9719260018273377,0.036021374964309315,0.9719260018273377,0.03492962963807518,60.4,0.9741213215260084,0.03241852475785154,0.9741213215260084,0.023304609134489104
78.8,0.9638732297615457,0.04511772620411941,0.9638732297615457,0.040607302640689694,1681.0,0.9492994725589028,0.0625020400661242,0.9492994725589028,0.04273493051650341,52.0,0.9713877979548684,0.03607537810494779,0.9713877979548684,0.03468856423042787,0.6281970010971596,0.978198089928059,0.02884930468470499,0.978198089928059,0.04312425638605905,19.72,0.9745643599394899,0.03203176206799375,0.9745643599394899,0.03287346989581463,38.0,0.9507158833115003,0.0569110568131785,0.9507158833115003,0.03158315507850979,33.3,0.9729201851135906,0.03453242500491709,0.9729201851135906,0.0332718710302823,66.3,0.9744780329939826,0.031909681885234124,0.9744780329939826,0.021069854757925097
32.5,0.9660704092273481,0.04248670948297395,0.9660704092273481,0.03913192718947744,1905.0,0.9502708585735838,0.06132257252160842,0.9502708585735838,0.04147594325994652,18.0,0.9705626855351863,0.03746133530018674,0.9705626855351863,0.037454737037087175,0.0,0.9769218375269638,0.031129259467387867,0.9769218375269638,0.04436498156878021,7.48,0.975242889633075,0.03132132891818064,0.975242889633075,0.03308533254260708,33.67243525896414,0.9507158833115003,0.0569110568131785,0.9507158833115003,0.032406151823097355,24.3,0.9735205714227806,0.033895673638796565,0.9735205714227806,0.0333231281842889,68.6,0.9748797104143931,0.03140913102279769,0.9748797104143931,0.021937391176160316
17.6,0.9655023380480002,0.04320373153961872,0.9655023380480002,0.04140174772863046,1441.0,0.9512924959292438,0.0603288437179734,0.9512924959292438,0.04133840803857525,36.0,0.9702769645518032,0.03775233650197129,0.9702769645518032,0.038022154353823834,1.6,0.9763537663476162,0.03186150279505751,0.9763537663476162,0.04548846096474196,3.74,0.9741514186397405,0.032802350141297405,0.9741514186397405,0.03652234725820455,31.0,0.9501368573839113,0.05772966209588181,0.9501368573839113,0.034149276673540424,21.2,0.9729525002434329,0.034623625527590414,0.9729525002434329,0.034922777077296706,61.6,0.9748797104143933,0.03140913102279769,0.9748797104143933,0.022126363619395066
21.6,0.965407423613309,0.04329899542791483,0.965407423613309,0.04240004630201538,1349.0,0.9502708585735838,0.06132257252160912,0.9502708585735838,0.04160130085129947,42.0,0.9710575966716262,0.03704370303833127,0.9710575966716262,0.038882483425556426,-0.8,0.9771652852899102,0.03098419489096163,0.9771652852899102,0.04331665136475921,3.61,0.9728155635010389,0.0342736822581698,0.9728155635010389,0.03738012736845577,28.0,0.9489583938152599,0.05876820051705803,0.9489583938152599,0.03496371039103158,21.6,0.9714914664345775,0.03664985702290697,0.9714914664345775,0.03804326871964728,60.8,0.9739985108323902,0.03240609932969276,0.9739985108323902,0.02337750225103208
50.6,0.9642802510783478,0.04492806225288424,0.9642802510783478,0.043727371692773714,1389.0,0.9487324896795969,0.06314557640956188,0.9487324896795969,0.04293153474390521,21.0,0.9705530611795479,0.03774028637939028,0.9705530611795479,0.03984869545312127,-2.3,0.9768314240160162,0.03136177288847756,0.9768314240160162,0.04386773310964235,10.51,0.9729485527497478,0.03410948852607927,0.9729485527497478,0.038403353063532514,26.0,0.9474480401148566,0.0601749694161794,0.9474480401148566,0.035348545873589196,29.0,0.9714914664345775,0.03664985702290697,0.9714914664345775,0.03850262643478791,67.8,0.973027124817709,0.033646980356576914,0.973027124817709,0.0258847453418003
19.6,0.9642802510783478,0.044928062252883524,0.9642802510783478,0.04344271546377347,1234.0,0.9482279541875185,0.06381136002157116,0.9482279541875185,0.04371449312841519,33.0,0.9705530611795479,0.03774028637939028,0.9705530611795479,0.03984869545312127,14.8,0.977278631047766,0.030771832537135103,0.977278631047766,0.04243369912685064,3.33,0.9731388704587849,0.03383124946784094,0.9731388704587849,0.0392594717211969,33.67243525896414,0.9474480401148566,0.0601749694161794,0.9474480401148566,0.03612101228096259,19.6,0.9713011487255404,0.036927050369338084,0.9713011487255404,0.03879635658721058,60.8,0.9732174425267461,0.03336862729203204,0.9732174425267461,0.027501743822298575
40.4,0.9639463898044536,0.04529555089623209,0.9639463898044536,0.04405060561854597,802.0,0.9468288527143189,0.06524328660943228,0.9468288527143189,0.045091935751710874,42.0,0.9712319000042309,0.03689273566219004,0.9712319000042309,0.0377799049800228,-0.8,0.9770883133387288,0.031051907441468594,0.9770883133387288,0.042544400572045636,4.26,0.9727262382901332,0.03445546939681533,0.9727262382901332,0.04046771497416313,22.0,0.9472257256552419,0.060505349981926124,0.9472257256552419,0.03574600774279021,20.4,0.9723165788542594,0.03526182455440989,0.9723165788542594,0.03508882468507057,53.7,0.9744553535767233,0.03186452928072732,0.9744553535767233,0.026665242411174395
43.5,0.9629750037897725,0.046509952824357055,0.9629750037897725,0.045381199955808166,800.0,0.9463289188392529,0.06560489173714402,0.9463289188392529,0.04345785830963071,36.0,0.9706701350469369,0.03752564975720107,0.9706701350469369,0.037965773446974514,-3.9,0.9773548383740248,0.030788096719288217,0.9773548383740248,0.04251102573092183,4.82,0.972088713549346,0.03531858004510526,0.972088713549346,0.040852788510599834,6.0,0.9473465898028397,0.060370807944521286,0.9473465898028397,0.03429287097297067,22.0,0.9724495681029682,0.03509785499169835,0.9724495681029682,0.034872026667643656,58.4,0.9749222040993262,0.0313231680226271,0.9749222040993262,0.026398561192510935
44.3,0.9607778243239703,0.04912271964488598,0.9607778243239703,0.04726363526018023,797.0,0.9449663891629536,0.06681479324921157,0.9449663891629536,0.04444900725124647,56.0,0.97003261030615,0.03838482274922364,0.97003261030615,0.037590208517004106,-4.7,0.9793894796635046,0.027489323465564392,0.9793894796635046,0.03951885790548005,4.99,0.970772659114974,0.03688463421195517,0.970772659114974,0.042612986352728546,33.67243525896414,0.9468420543107615,0.06103699804074053,0.9468420543107615,0.03576502844126608,22.4,0.9717161925450692,0.03589689261327189,0.9717161925450692,0.03480959815633555,58.0,0.9750700281234304,0.031129786183541303,0.9750700281234304,0.026191026783237478
69.4,0.9599863430322487,0.049785928958889274,0.9599863430322487,0.04681449035067173,1588.0,0.9473809207648725,0.06379841087419919,0.9473809207648725,0.04230372777241133,54.0,0.9697183925231088,0.03880369383710461,0.9697183925231088,0.03859578518630362,-7.8,0.9807191275752649,0.02537189135387665,0.9807191275752649,0.03790611676721949,15.68,0.9705376847195742,0.03709620724481339,0.9705376847195742,0.041219762974983344,1.0,0.9458266241820423,0.06262895072058143,0.9458266241820423,0.03885862603489814,31.8,0.972107669782325,0.035584040212997055,0.972107669782325,0.03429872579718169,59.6,0.9753557491068133,0.030835297762074408,0.9753557491068133,0.026681324044389013
81.2,0.9589287436111952,0.0507088839172081,0.9589287436111952,0.04639498830656351,1450.0,0.9481393096532572,0.06284322886315086,0.9481393096532572,0.03906047953836765,41.0,0.9694375792502959,0.03915771345657776,0.9694375792502959,0.03949139216283238,3.9,0.9808669515993692,0.025176406486950596,0.9808669515993692,0.03722604980640777,13.73,0.9700203319432581,0.03765142959565223,0.9700203319432581,0.041787887728313135,15.0,0.945336976387868,0.06338183445267122,0.945336976387868,0.03874879949931257,32.2,0.9712223533619007,0.03651657844429561,0.9712223533619007,0.03365968483593612,61.2,0.9749088512061611,0.03127922990121728,0.9749088512061611,0.02722025924361808
11.4,0.9597098119168391,0.049775392314623385,0.9597098119168391,0.04418883101226647,1287.0,0.9479489919442201,0.06310815070415962,0.9479489919442201,0.03970133471362866,36.0,0.968148964341309,0.040824384295151984,0.968148964341309,0.0399529095061791,-2.3,0.9813793966651152,0.02454355910181371,0.9813793966651152,0.03561795049377371,2.88,0.970541027322041,0.03714902723244223,0.970541027322041,0.042818743885859545,12.0,0.9463524065165871,0.06179158333670181,0.9463524065165871,0.03677376852567091,18.4,0.9712223533619007,0.03651657844429561,0.9712223533619007,0.03320229872665995,51.4,0.9762249056405334,0.029698520457103767,0.9762249056405334,0.025350253000142174
56.1,0.9607252420455583,0.04814453905623116,0.9607252420455583,0.04110885717242356,1066.0,0.9462230602438714,0.06475290587986851,0.9462230602438714,0.04083941466163686,50.0,0.9687864890820959,0.03996858306746784,0.9687864890820959,0.03853081644715594,-3.9,0.9823601000131147,0.023168235617677894,0.9823601000131147,0.03365612744529638,8.3,0.9693861498049378,0.0385626736749164,0.9693861498049378,0.046500621820516605,18.0,0.9459051994848373,0.06234728170012375,0.9459051994848373,0.03685661407816915,27.8,0.9714896866964604,0.03607292304194615,0.9714896866964604,0.03259329102654093,60.8,0.977316376633868,0.02821072395072755,0.977316376633868,0.02351861697444417
43.9,0.9612148898397327,0.047370580298773085,0.9612148898397327,0.04087114453712324,1515.0,0.9486289574474316,0.06208764200572725,0.9486289574474316,0.03976396685120835,39.0,0.9696463282824976,0.03876793484328758,0.9696463282824976,0.037341974444408586,-5.5,0.984004625324392,0.020909756562771765,0.984004625324392,0.03137447206014898,10.13,0.9682589772699765,0.040204385544395586,0.9682589772699765,0.04810948971622872,20.0,0.9448897693561181,0.06393612126760286,0.9448897693561181,0.03938722038271133,29.0,0.9708521619556733,0.0369338168673554,0.9708521619556733,0.03287713978567999,71.0,0.9778781415911618,0.02756782819958913,0.9778781415911618,0.02427761833752979
47.8,0.9614822231742923,0.046934721964067914,0.9614822231742923,0.041174629122373754,1730.0,0.9482950961735374,0.06244261548128519,0.9482950961735374,0.03959658917010364,25.0,0.9692336961138461,0.03938770955300919,0.9692336961138461,0.03938178987460928,3.1,0.9844714758469949,0.02035759766982512,0.9844714758469949,0.030390464651006185,7.8,0.968481291729591,0.039861385685726364,0.968481291729591,0.04659633017256404,17.0,0.9454578405354658,0.06324795923959237,0.9454578405354658,0.039314480354186714,25.1,0.9715790119073662,0.03589152374256991,0.9715790119073662,0.03131289346461078,70.6,0.9778781415911619,0.02756782819958913,0.9778781415911619,0.023417227698045072
60.4,0.9613613590266947,0.04707318897488144,0.9613613590266947,0.04175900271302958,1340.0,0.9477905606814591,0.06310843501208424,0.9477905606814591,0.039871393088900864,42.0,0.9698017672931938,0.03866548543893648,0.9698017672931938,0.039218157794535045,-4.7,0.9847522891198079,0.01999237789665166,0.9847522891198079,0.02991858999902087,12.6,0.9698400960574854,0.03795501022332601,0.9698400960574854,0.043271944395111506,33.67243525896414,0.9461378060386773,0.06223046915087135,0.9461378060386773,0.039436784023947,30.2,0.9723374007957512,0.03488760511572319,0.9723374007957512,0.03019441794465077,58.0,0.9780445353500989,0.027336246620165237,0.9780445353500989,0.023028528623326834
43.9,0.9616692705876818,0.046751414230923126,0.9616692705876818,0.041075318961936474,781.0,0.9453760290795404,0.06612802348068192,0.9453760290795404,0.04437873046885121,61.0,0.9699226314407916,0.03852465159822148,0.9699226314407916,0.03803653419891787,-2.3,0.9853203602991556,0.019246675149804604,0.9853203602991556,0.028315782686938733,4.82,0.9709949735745884,0.03653993599095065,0.9709949735745884,0.040768872734912684,5.0,0.9464186193114901,0.06189235553276934,0.9464186193114901,0.0405230993110515,21.6,0.972804251318354,0.03434893782119759,0.972804251318354,0.029961315489468895,56.9,0.9773661327112372,0.027947831725162145,0.9773661327112372,0.023528170950060462
67.8,0.9624276594760668,0.045766865733375094,0.9624276594760668,0.039872863700860545,844.0,0.9444166861131422,0.06712632188725227,0.9444166861131422,0.04724741024103109,47.0,0.9703571731059252,0.038153123950075335,0.9703571731059252,0.037757789127204636,4.7,0.9859578850399425,0.018360798899321372,0.9859578850399425,0.02771693533313637,6.83,0.97185481277499,0.03533335551990438,0.97185481277499,0.0395874166941379,10.0,0.9478812564719591,0.05974087477174404,0.9478812564719591,0.037572827248056696,25.5,0.9739314238533152,0.03269230552418284,0.9739314238533152,0.028521870934396162,42.7,0.9761631365316874,0.02914497517215146,0.9761631365316874,0.023597502600028658
54.5,0.9634939599254388,0.044457532174698715,0.9634939599254388,0.03909987655489706,1732.0,0.9431686494305831,0.06882209821560957,0.9431686494305831,0.048241915930620966,70.0,0.9708745258822412,0.037597962441768266,0.9708745258822412,0.03722627003114731,-4.7,0.9863866607485277,0.01787514902896471,0.9863866607485277,0.02786974866023386,13.85,0.9721405337583732,0.03504113394439275,0.9721405337583732,0.04011970948621627,16.0,0.9481891680329466,0.05942815122119529,0.9481891680329466,0.03846423217651482,31.0,0.9742652851272094,0.03231636792154652,0.9742652851272094,0.02905868737428372,69.4,0.9756586010396091,0.029849507266109427,0.9756586010396091,0.0249773807283551
92.2,0.9634939599254388,0.044457532174698715,0.9634939599254388,0.03909987655489706,1702.0,0.9430737349958921,0.06891238138124682,0.9430737349958921,0.0469376828221911,19.0,0.9708745258822412,0.037597962441768266,0.9708745258822412,0.037074994749796114,-2.3,0.9867512817901694,0.01743272483621135,0.9867512817901694,0.027217082174482966,24.24,0.9711073933138445,0.036166051170887566,0.9711073933138445,0.04131496454511551,32.0,0.946730126221817,0.06062445965724369,0.946730126221817,0.03898002103514639,35.7,0.9733100589992325,0.03331278459653143,0.9733100589992325,0.029965998277825232,62.7,0.9753018895716351,0.03035974833370808,0.9753018895716351,0.024215993578919397
26.7,0.9639984954175173,0.04376981650437541,0.9639984954175173,0.03785871881022476,1450.0,0.9439497177362272,0.06792030473929361,0.9439497177362272,0.04595151419370758,63.0,0.9721631407912281,0.0359220181256686,0.9721631407912281,0.03661347740644939,3.9,0.98550324510761,0.019275256504784524,0.98550324510761,0.029540575908349,11.96,0.9708850788542299,0.03651087683977513,0.9708850788542299,0.040960250176557224,36.0,0.9452295879425537,0.06183835780709505,0.9452295879425537,0.03904412918560556,31.8,0.9723386729845515,0.034551837035020926,0.9723386729845515,0.03076361075889809,66.3,0.9756586010396091,0.029849507266109427,0.9756586010396091,0.02363571085382927
55.7,0.9632174271118733,0.04471271037229857,0.9632174271118733,0.039963652153057555,1837.0,0.9445287436638158,0.0671137374056659,0.9445287436638158,0.04612267841122121,35.0,0.9721631407912281,0.0359220181256686,0.9721631407912281,0.03729198536537175,-1.6,0.9853061011919579,0.019487144436993287,0.9853061011919579,0.029299793261034247,15.35,0.9712867562746409,0.03601417154719136,0.9712867562746409,0.04008997813086161,40.0,0.9428289718546341,0.06421282898970099,0.9428289718546341,0.040965259233796944,31.4,0.9723386729845515,0.034551837035020926,0.9723386729845515,0.03076361075889809,69.8,0.9758902328325422,0.0295818942302965,0.9758902328325422,0.024137747778018432
36.1,0.9634397415714879,0.04437263295073142,0.9634397415714879,0.04032551888086919,1938.0,0.9443157465375197,0.06733203895291083,0.9443157465375197,0.046262227911075815,41.0,0.9719092873949216,0.036227287797271225,0.9719092873949216,0.037550667636343855,2.3,0.986187300773961,0.018466381853538046,0.986187300773961,0.02732838879370794,11.75,0.9717912917667191,0.035316135618878725,0.9717912917667191,0.03960192093495628,41.0,0.9411161509452546,0.06560840911339108,0.9411161509452546,0.0414145874707123,29.8,0.9723386729845515,0.034551837035020926,0.9723386729845515,0.03076361075889809,72.9,0.9751091645268981,0.03054865441936429,0.9751091645268981,0.025773078610468642
27.5,0.9628022168307008,0.04522050242934901,0.9628022168307008,0.04112997589654714,1973.0,0.9437609597044622,0.06780491275830305,0.9437609597044622,0.046856718223443145,19.0,0.9723564944266715,0.0356427025342284,0.9723564944266715,0.03628941298135512,0.0,0.9874759156829478,0.01673747991701005,0.9874759156829478,0.02536924914810207,5.15,0.9713016439725447,0.03610521675068277,0.9713016439725447,0.03943473295233407,35.0,0.9431431896376753,0.063814744330424,0.9431431896376753,0.040118470619252486,23.5,0.9708214590219607,0.03615452271569698,0.9708214590219607,0.03131348620849883,72.5,0.9745967194611522,0.031174136133271784,0.9745967194611522,0.026965090417345502
20.0,0.9619135687237493,0.04608328874991216,0.9619135687237493,0.04191202137077327,2104.0,0.9423618582312626,0.06922327355098788,0.9423618582312626,0.047981276898073306,20.0,0.9741529928610346,0.03301204109738064,0.9741529928610346,0.03297613412730151,0.0,0.9877297690792542,0.016422011177981633,0.9877297690792542,0.02466192814168113,6.26,0.9707842911962288,0.036661435344961454,0.9707842911962288,0.039988500108563634,27.0,0.9446839665251935,0.06258679176591064,0.9446839665251935,0.03908003468305536,24.7,0.9696277585476649,0.03773146791347925,0.9696277585476649,0.03384018231190383,63.1,0.9759475396648059,0.029787763669544023,0.9759475396648059,0.026681059754816598
24.3,0.9623734411221154,0.04568198117093019,0.9623734411221154,0.042765451783968705,1255.0,0.9420051467632884,0.06970043271954217,0.9420051467632884,0.047864742330366604,22.0,0.9742637605063698,0.032887857521294875,0.9742637605063698,0.03443538912082982,6.2,0.9882978402586021,0.015671932002385907,0.9882978402586021,0.023171508798805966,3.24,0.9721201463349302,0.035196653506765666,0.9721201463349302,0.039252493946906004,22.0,0.9429580348248449,0.06422603049120956,0.9429580348248449,0.04038576569796272,20.4,0.970809582435321,0.03584174217881777,0.970809582435321,0.031150816091216976,52.2,0.9747445434852565,0.030980799413102316,0.9747445434852565,0.02695028468239257
52.2,0.962681352683103,0.045359390943907056,0.962681352683103,0.041704710388189445,829.0,0.9408598936018238,0.07075986756938779,0.9408598936018238,0.048043728356663186,91.0,0.9731788768162116,0.03398694157656697,0.9731788768162116,0.034177267705385886,-0.8,0.988815193034918,0.015093998158822175,0.988815193034918,0.02187267315325881,5.61,0.9727704883599549,0.03447472463098275,0.9727704883599549,0.03829281091477058,19.0,0.9409943585157945,0.06614825031982577,0.9409943585157945,0.04143574652609086,23.1,0.9720032829096168,0.03426044060862684,0.9720032829096168,0.028209433969244826,62.7,0.9742400079931782,0.03168331306528437,0.9742400079931782,0.029362927260967363
37.6,0.9616150522337309,0.046666536987590504,0.9616150522337309,0.04217341689691643,861.0,0.9386449292696392,0.07358817427765102,0.9386449292696392,0.050450059316154525,36.0,0.9715343515049342,0.03619765955847335,0.9715343515049342,0.036640073068503816,-3.9,0.988720278600227,0.015194463392581141,0.988720278600227,0.02273291429888625,4.3,0.9722024171806071,0.03520174666708126,0.9722024171806071,0.03882440009136406,7.0,0.9393416028456734,0.06761115913056769,0.9393416028456734,0.042164284337694084,20.4,0.9720032829096168,0.03426044060862684,0.9720032829096168,0.028209433969244826,53.3,0.9739257902101368,0.03210627060014495,0.9739257902101368,0.031722232999632484
100.0,0.9616150522337309,0.046666536987590504,0.9616150522337309,0.042247345301164745,1533.0,0.9388579263959355,0.07337278595852097,0.9388579263959355,0.05043263653746848,19.0,0.9721024226842819,0.03547174741202587,0.9721024226842819,0.03639579031003185,-1.6,0.988720278600227,0.015194463392581141,0.988720278600227,0.02309143614842184,29.05,0.9713560579184585,0.036497068152470225,0.9713560579184585,0.04021990310288208,28.0,0.9408421411249364,0.06641525810751249,0.9408421411249364,0.042340397997674924,41.6,0.9720032829096168,0.03426044060862684,0.9720032829096168,0.028209433969244826,53.3,0.9754430041727277,0.030491801120254725,0.9754430041727277,0.030061009811544075
61.2,0.9616150522337309,0.046666536987590504,0.9616150522337309,0.042247345301164745,1517.0,0.9382432518492284,0.0740510821544154,0.9382432518492284,0.05052637075893411,47.0,0.9719360289253447,0.035700472544157945,0.9719360289253447,0.038039351934122424,-5.5,0.988720278600227,0.015194463392581141,0.988720278600227,0.022370583723144672,13.38,0.9718457057126328,0.03570813832567135,0.9718457057126328,0.03957800946179667,45.0,0.9404854296569621,0.06689262752006009,0.9404854296569621,0.043652849642595255,30.6,0.9727301328613097,0.0332148479613235,0.9727301328613097,0.025981830714469713,68.2,0.9763344039378858,0.029648433835813642,0.9763344039378858,0.031005673614647462
60.8,0.9616150522337309,0.046666536987590504,0.9616150522337309,0.042247345301164745,1503.0,0.9395363290347972,0.0728196633296622,0.9395363290347972,0.049313643985547835,61.0,0.972332517554063,0.035284683241855505,0.972332517554063,0.037479267255228634,2.3,0.9888411427478249,0.015047827198854858,0.9888411427478249,0.02234272605188001,13.8,0.9710873168242481,0.03671088104217172,0.9710873168242481,0.04195923410661282,48.0,0.9389848913776994,0.06808723236415619,0.9389848913776994,0.04485350934172857,31.0,0.9724762794650033,0.0335210131508929,0.9724762794650033,0.027314644235641377,67.8,0.9769524371054414,0.02908487821135193,0.9769524371054414,0.030617804613139333
70.6,0.9630748138537858,0.04500977347474727,0.9630748138537858,0.04143353063975891,1619.0,0.9409261809473001,0.07129856123978137,0.9409261809473001,0.047497714163171,35.0,0.9731306836031919,0.03437015921854859,0.9731306836031919,0.03517359373745404,0.0,0.9889741319965336,0.014878190214712851,0.9889741319965336,0.021408848342464034,15.0,0.9719095537035161,0.03588404141767559,0.9719095537035161,0.04063515082808648,47.0,0.9379185909283271,0.06933385178730365,0.9379185909283271,0.04432080795151767,27.8,0.9746734589308054,0.030838539768229027,0.9746734589308054,0.0247536147915999,67.5,0.9782882922441427,0.02759980370274087,0.9782882922441427,0.028559563638393713
15.7,0.9638558821594301,0.04406727075347649,0.9638558821594301,0.03965709806988435,1547.0,0.9407038664876853,0.07162384378276102,0.9407038664876853,0.04656377766053722,20.0,0.9719758060860888,0.03579111572175365,0.9719758060860888,0.03725208169807135,11.7,0.9888532678489357,0.015024867358288629,0.9888532678489357,0.02085214906746588,3.92,0.9722662651714902,0.03537767934095743,0.9722662651714902,0.03850467882506511,42.0,0.9379185909283271,0.06933385178730365,0.9379185909283271,0.044330812932346274,21.6,0.9745256349067012,0.03103188327740757,0.9745256349067012,0.02362739099492845,74.9,0.9792435183721194,0.026592383877329272,0.9792435183721194,0.028443826407991906
19.2,0.9641232154939897,0.04362922671897936,0.9641232154939897,0.038524454447675466,1255.0,0.9427829334640964,0.0692033741093532,0.9427829334640964,0.04511885536084235,33.0,0.9724103477512224,0.035417506898095454,0.9724103477512224,0.038797233433335555,16.4,0.9888532678489357,0.015024867358288629,0.9888532678489357,0.02085214906746588,3.48,0.973024654059875,0.03437261072409981,0.973024654059875,0.03692348201396121,20.0,0.9353752121034622,0.07202201829886064,0.9353752121034622,0.04698020017455243,19.6,0.9731748147030473,0.03241438824663026,0.9731748147030473,0.02483170080589366,60.0,0.9793913423962236,0.026397388854843225,0.9793913423962236,0.028446893711220434
85.5,0.9627644111660955,0.04551572269282818,0.9627644111660955,0.041204777326119595,1618.0,0.9436715815710478,0.0683812334614863,0.9436715815710478,0.04612107677545417,66.0,0.9735652252683256,0.03399543417349905,0.9735652252683256,0.037677719900692665,0.0,0.9890848996418687,0.014749973080987987,0.9890848996418687,0.02115231321836129,22.09,0.973024654059875,0.03437261072409981,0.973024654059875,0.038172501820794444,40.0,0.9349280050717119,0.07256569503927501,0.9349280050717119,0.048476053110683266,34.5,0.9733412084619846,0.032184794217318374,0.9733412084619846,0.026144578555491772,63.1,0.9802725419782266,0.02538917561602923,0.9802725419782266,0.026498106099447805
91.0,0.9610876637067549,0.04719053121114454,0.9610876637067549,0.04178768251652159,2072.0,0.9436715815710478,0.0683812334614863,0.9436715815710478,0.04726314045866175,84.0,0.972613330826876,0.03492842057574621,0.972613330826876,0.038487984068463224,-1.6,0.988434557616844,0.015497753941133972,0.988434557616844,0.022945817543187186,27.22,0.9738844932602768,0.03316146007114289,0.9738844932602768,0.03772719045231428,51.0,0.9368757503827251,0.07083914819448599,0.9368757503827251,0.04762546257322406,36.1,0.9731748147030473,0.032414388246629906,0.9731748147030473,0.026964114114225,66.7,0.981733575787082,0.02332688249373296,0.981733575787082,0.024670771979862147
19.6,0.9611898931877162,0.04708416381751937,0.9611898931877162,0.041530397204521514,1990.0,0.943204731048445,0.0688859223448841,0.943204731048445,0.04725235306934583,77.0,0.9716487710188099,0.03607056043147231,0.9716487710188099,0.03849885815510291,5.5,0.9883136934692461,0.01564427330537499,0.9883136934692461,0.02401258662886114,5.63,0.9744525644396245,0.03243191969609552,0.9744525644396245,0.036139746051859725,50.0,0.9378174394175388,0.07019062788751601,0.9378174394175388,0.046512310345919974,23.1,0.9739332035914323,0.03140602035619142,0.9739332035914323,0.02475533122636061,59.6,0.982514644092726,0.022347483004318523,0.982514644092726,0.02398099931128731
45.5,0.961189893187716,0.04708416381751936,0.961189893187716,0.039907839914131535,770.0,0.943204731048445,0.0688859223448841,0.943204731048445,0.04725235306934583,58.0,0.9724469370679389,0.03515736527246537,0.9724469370679389,0.03808471434131021,3.9,0.9888310462455623,0.01506631545443812,0.9888310462455623,0.0224149147298985,4.98,0.9750206356189722,0.03170150617604878,0.9750206356189722,0.03395297868119084,21.0,0.9383347921938547,0.06967313436975112,0.9383347921938547,0.047642047149496776,22.4,0.9739332035914323,0.03140602035619142,0.9739332035914323,0.02355471580201585,57.3,0.9817335757870822,0.02332688249373369,0.9817335757870822,0.025824237824220716
98.4,0.9607230426651131,0.0476098152596875,0.9607230426651131,0.041075997402866986,1196.0,0.943404298318179,0.06873684558881259,0.943404298318179,0.048666606090752074,81.0,0.9730972790929635,0.034435151775627046,0.9730972790929635,0.03704577340194668,5.5,0.988720278600227,0.015194463392580779,0.988720278600227,0.022048925954493082,17.87,0.9755251711110506,0.030998413050415966,0.9755251711110506,0.0330540866836119,33.67243525896414,0.9379331147734442,0.07013754434399608,0.9379331147734442,0.04909269432600598,34.1,0.9742140168642451,0.03104801951769818,0.9742140168642451,0.023410657322268304,60.4,0.9823650388111999,0.022683905380046592,0.9823650388111999,0.02603578894328577
100.0,0.9601966451682301,0.047988310698078435,0.9601966451682301,0.04090527281011113,1928.0,0.945493677946171,0.06654277290476984,0.945493677946171,0.0477339508000135,56.0,0.9736653502723114,0.033706975587584,0.9736653502723114,0.03558500731541329,1.6,0.9892820435575209,0.01453629863140659,0.9892820435575209,0.02091351027634121,29.58,0.9769150230235535,0.029351453497932303,0.9769150230235535,0.032215222097307095,45.0,0.9391176892704148,0.06923857734828952,0.9391176892704148,0.048931849384818954,37.3,0.9754170130437948,0.02985575692284175,0.9754170130437948,0.023121368736297384,62.0,0.982443182195595,0.022611657608093,0.982443182195595,0.027386026952734354
20.8,0.9605108629512715,0.04757680491775594,0.9605108629512715,0.039850136149670395,2172.0,0.9453573570109355,0.06664697689603499,0.9453573570109355,0.04611777166101953,34.0,0.974099891937445,0.03333173191761844,0.974099891937445,0.0362403118960855,-1.6,0.9888855549288026,0.014968151905217792,0.9888855549288026,0.022358247355473742,6.17,0.9765583115555794,0.029862561832399083,0.9765583115555794,0.03215515427482324,53.0,0.937779511606883,0.07027467119967519,0.937779511606883,0.04813502648105734,23.9,0.9754170130437948,0.02985575692284175,0.9754170130437948,0.0221634117800476,63.1,0.9822301850692988,0.022849563935167714,0.9822301850692988,0.02693929018253219
44.7,0.9605108629512715,0.04757680491775594,0.9605108629512715,0.03927161185165507,784.0,0.9447783310833467,0.06745461031263182,0.9447783310833467,0.04619359509122474,40.0,0.9727226999607272,0.035101249695221506,0.9727226999607272,0.04015926994997148,1.6,0.9879048515808032,0.016361058935682522,0.9879048515808032,0.025222320790523556,4.87,0.9767061355796837,0.029668618488630668,0.9767061355796837,0.0317102892970464,18.0,0.9365032592057879,0.07240073991336302,0.9365032592057879,0.05090612095416749,21.6,0.9746586241554098,0.030866942104459567,0.9746586241554098,0.023025120367741226,59.2,0.9831113846513018,0.021835110610280536,0.9831113846513018,0.02512483086328876
45.5,0.9604086334703104,0.04768303764913831,0.9604086334703104,0.0387002841777284,771.0,0.943545623369084,0.06865944779232169,0.943545623369084,0.04743111281155828,20.0,0.9723100677920755,0.03572465154522056,0.9723100677920755,0.03939859630118848,-3.9,0.9877718623320944,0.016530308534397003,0.9877718623320944,0.025051580753804502,5.63,0.9761887828033673,0.030231556514323986,0.9761887828033673,0.03277535482988362,19.0,0.9367705925403477,0.07198391517480952,0.9367705925403477,0.05016295849307799,26.7,0.9747916134041185,0.030701954764406784,0.9747916134041185,0.023220375317459015,54.5,0.9829142407356498,0.022045952107513672,0.9829142407356498,0.02578347968392108
21.2,0.9604086334703104,0.04768303764913831,0.9604086334703104,0.03912620866227736,1870.0,0.941510982079604,0.07174419846964686,0.941510982079604,0.05031476248757864,69.0,0.9734372403270369,0.034070495092201614,0.9734372403270369,0.036626494968778955,-0.8,0.9876388730833858,0.01669951196600744,0.9876388730833858,0.025942499690115903,5.21,0.9762995504487026,0.030106782276393202,0.9762995504487026,0.032978065302446,33.67243525896414,0.9359895242347034,0.07287459778648832,0.9359895242347034,0.051423301505234914,22.7,0.9754291381449056,0.029833297889445446,0.9754291381449056,0.021637645562483484,63.1,0.9826000229526084,0.02247593875917027,0.9826000229526084,0.027175477944433524
87.8,0.9618696672791658,0.04569793507010483,0.9618696672791658,0.03645546327760359,2680.0,0.9396195692105499,0.07429784691331841,0.9396195692105499,0.052483782317076,20.0,0.9745644128619985,0.032412411932747576,0.9745644128619985,0.034186277560968814,-7.0,0.9882892151084105,0.015953140423109587,0.9882892151084105,0.023699337171271855,38.82,0.9762995504487026,0.03010678227639392,0.9762995504487026,0.032346081071401696,58.0,0.9338514612146535,0.07485320284850666,0.9338514612146535,0.05337333865473694,38.0,0.9752627443859686,0.03006380922092063,0.9752627443859686,0.021514503379982917,67.8,0.9811397974430166,0.024356523279764623,0.9811397974430166,0.030718057695084153
79.6,0.9628503706271654,0.04437247875398583,0.9628503706271654,0.03376529562269546,1955.0,0.9385532687611778,0.07553836651665263,0.9385532687611778,0.05325078814649138,72.0,0.9739268881212113,0.03327857647232632,0.9739268881212113,0.03475266441814519,0.0,0.9880084018355978,0.01632086092455041,0.9880084018355978,0.024118432609979683,24.6,0.9770264004003956,0.029053253278033597,0.9770264004003956,0.03026765366089501,33.67243525896414,0.9322069359033761,0.07689772204999207,0.9322069359033761,0.05281925826814304,34.9,0.9747730965917942,0.030858474505120886,0.9747730965917942,0.021547782603987247,67.1,0.980048326449682,0.025854680579014213,0.980048326449682,0.03147088951906972
56.5,0.9618561873409126,0.04583510726850908,0.9618561873409126,0.034499530876809945,2067.0,0.9393116576495628,0.07460251994222354,0.9393116576495628,0.05131992653531101,65.0,0.9745059140488,0.032423210448426595,0.9745059140488,0.0334968979325853,5.5,0.9875796261270127,0.01680800967492921,0.9875796261270127,0.024837370563696386,16.42,0.9772802537967021,0.028744413439259788,0.9772802537967021,0.029630722251630038,62.0,0.9310797633684146,0.07842653277803625,0.9310797633684146,0.05453528490252145,31.8,0.9746401073430855,0.03102343719741748,0.9746401073430855,0.0213884579649201,66.7,0.9810959197906219,0.02461247668307345,0.9810959197906219,0.028364315686408494
76.5,0.9608848013262316,0.04704613008587782,0.9608848013262316,0.03664524272819021,2019.0,0.9403779580989349,0.07335979816237534,0.9403779580989349,0.05291612167727003,20.0,0.9733787415138386,0.03408117697177348,0.9733787415138386,0.034775981408993316,-3.9,0.9874587619794147,0.01695423865957074,0.9874587619794147,0.025986722015786258,23.19,0.9765468782388034,0.02955245351489321,0.9765468782388034,0.03097490233036003,56.0,0.9307655455853734,0.07881404534822861,0.9307655455853734,0.05509633950709,34.5,0.9741732568204826,0.03156477662276422,0.9741732568204826,0.022124620222888164,67.5,0.9813089169169182,0.02437523920691595,0.9813089169169182,0.028710072734860686
16.1,0.9608848013262316,0.04704613008587782,0.9608848013262316,0.036055213083279,1476.0,0.9403779580989349,0.07335979816237534,0.9403779580989349,0.05369082065772635,21.0,0.971918516004247,0.035926046663520006,0.971918516004247,0.038409968748911484,-1.6,0.9883279185131347,0.015790472354089143,0.9883279185131347,0.02445368624752161,6.87,0.9769940852705532,0.028961864722455884,0.9769940852705532,0.03003079126716448,44.0,0.9312127526171234,0.07827609984354045,0.9312127526171234,0.05365536786132798,27.8,0.9749001067721758,0.030514725951509485,0.9749001067721758,0.020280457243849952,61.6,0.9816735379585602,0.02393757509958007,0.9816735379585602,0.02934426319953898
30.6,0.960395153532057,0.04781997167744048,0.960395153532057,0.03679697864683913,1456.0,0.9380212451363831,0.07594178740816285,0.9380212451363831,0.0546876008676396,72.0,0.9725560407450339,0.035063493606851584,0.9725560407450339,0.03784358189173511,6.2,0.9890375074945327,0.01493420698188998,0.9890375074945327,0.022840221197954452,5.23,0.9773587063121949,0.028527915886239666,0.9773587063121949,0.028230132098158497,46.0,0.9309588992208168,0.0785561536453181,0.9309588992208168,0.05467111280348995,21.6,0.9743876617064299,0.031140084442999424,0.9743876617064299,0.020712525000214185,72.2,0.9818958524181748,0.023585886444026656,0.9818958524181748,0.0300280890470011
44.3,0.9588392052885105,0.04989249018471022,0.9588392052885105,0.038698932609705486,1559.0,0.9373424063117001,0.0767302815891111,0.9373424063117001,0.057384242178061054,55.0,0.9715084474040939,0.036283156138103755,0.9715084474040939,0.0383131078406689,-3.9,0.9886728864528911,0.015378607546493695,0.9886728864528911,0.023990124078260115,14.95,0.9777154177801691,0.028015883814002576,0.9777154177801691,0.027804530335100358,50.0,0.9305301235122316,0.07898565410112166,0.9305301235122316,0.05545022281814717,31.8,0.9737501369656429,0.03200691655583646,0.9737501369656429,0.021534769756056248,67.1,0.9824639235975224,0.022844491475875445,0.9824639235975224,0.028782789439516857
23.1,0.9580581369828667,0.05082496532590495,0.9580581369828667,0.04054602935744226,1626.0,0.9377769479768339,0.07639011929456357,0.9377769479768339,0.05800984023399326,20.0,0.9721587894291187,0.03556243817960183,0.9721587894291187,0.038342836671557634,0.0,0.9885520223052933,0.015525177722745025,0.9885520223052933,0.02385999804396202,3.98,0.9777154177801691,0.028015883814002576,0.9777154177801691,0.027804530335100358,42.0,0.9308868349802059,0.07851851152833399,0.9308868349802059,0.05408671497256606,22.0,0.97391653072458,0.03177711063924692,0.97391653072458,0.020730940600879027,72.5,0.9819514785317766,0.02347895312611921,0.9819514785317766,0.02971445276180098
28.6,0.9582245307418035,0.050602308091554575,0.9582245307418035,0.03993909657208635,1252.0,0.9394536954361742,0.07481211055437902,0.9394536954361742,0.056688221226649,38.0,0.9713472704868247,0.036431161275080254,0.9713472704868247,0.039629881627787154,10.2,0.9888058757015997,0.015209044606003242,0.9888058757015997,0.02345538551800289,3.85,0.9774346045073562,0.02837610680151833,0.9774346045073562,0.026694944261796305,15.0,0.9294241978197367,0.08059851689234926,0.9294241978197367,0.05637165444721204,19.6,0.9727347068369239,0.03367810289809457,0.9727347068369239,0.02239635400654684,56.1,0.9816706652589635,0.023842104300257235,0.9816706652589635,0.03110151976178107
89.4,0.9570308302675079,0.05213960623602004,0.9570308302675079,0.041095873880536746,1200.0,0.9391803306883099,0.07501771342329182,0.9391803306883099,0.05538121975155724,76.0,0.9711569527777877,0.03670835418806402,0.9711569527777877,0.039722078011326226,7.0,0.9879460365011982,0.01645527005478391,0.9879460365011982,0.024933822985752533,14.54,0.9774346045073562,0.02837610680151833,0.9774346045073562,0.02707123922298879,27.0,0.9296213417353888,0.0804120619422059,0.9296213417353888,0.05649135932084663,31.4,0.9717540034889244,0.03502888549288311,0.9717540034889244,0.025019649600833253,58.4,0.9808243059968151,0.025160440011468714,0.9808243059968151,0.03242533002525242
19.2,0.9573116435403208,0.051794217334755116,0.9573116435403208,0.039284399270389424,1719.0,0.9391803306883099,0.07501771342329182,0.9391803306883099,0.056605904346668026,83.0,0.9690778858013767,0.03928045908169703,0.9690778858013767,0.04071660927451786,-1.6,0.9879460365011982,0.01645527005478391,0.9879460365011982,0.024933822985752533,4.68,0.9772122900477416,0.028725059033271112,0.9772122900477416,0.028271572867472724,31.0,0.9285550412860167,0.08163054835278838,0.9285550412860167,0.05919032723394739,22.0,0.9724328423136073,0.03417832739916074,0.9724328423136073,0.024341660176872674,62.4,0.9815042715000265,0.02407517130511463,0.9815042715000265,0.031054229217125674
100.0,0.9586002584493075,0.050162166980889225,0.9586002584493075,0.038066323007379985,1681.0,0.9405794321615094,0.07361346071076358,0.9405794321615094,0.0544904030856323,69.0,0.9693586990741896,0.03892661476299497,0.9693586990741896,0.03932456861187047,5.5,0.9879460365011982,0.01645527005478391,0.9879460365011982,0.024933822985752533,27.97,0.9773452792964502,0.028559325945853153,0.9773452792964502,0.02777530230939263,41.0,0.9270142643984985,0.08280238278992769,0.9270142643984985,0.06011065153981633,38.4,0.9726866957099137,0.03387234825471704,0.9726866957099137,0.02289613100277825,58.4,0.9809918264342805,0.024708347066685454,0.9809918264342805,0.03154747368286459
48.2,0.9605165078586936,0.04819498862460853,0.9605165078586936,0.03697950043842758,2020.0,0.9409440532031508,0.07321381066635646,0.9409440532031508,0.05297307475022533,65.0,0.9694417326070637,0.0388492988537521,0.9694417326070637,0.04003112891490026,4.7,0.9886728864528911,0.015378607546493695,0.9886728864528911,0.023681822634443316,20.22,0.978544813499916,0.027186926870937284,0.978544813499916,0.027075487694245937,44.0,0.926806375135136,0.08290336015159934,0.926806375135136,0.05990225557671553,33.3,0.9728345197340179,0.03367981899121046,0.9728345197340179,0.022642649779691736,69.4,0.9795307926254251,0.026766969707072402,0.9795307926254251,0.03419102596308976
20.0,0.9602356945858807,0.04854268797880679,0.9602356945858807,0.037698716882014566,2101.0,0.9392164943589995,0.075350228301426,0.9392164943589995,0.05521629059149979,20.0,0.9690771115654221,0.03927567604944322,0.9690771115654221,0.039753497516989124,0.0,0.989399736404584,0.014300344161573005,0.989399736404584,0.02116749062033035,6.28,0.9779072887591288,0.02806020871205377,0.9779072887591288,0.029793434783898596,22.0,0.9287700514441863,0.08104975263931415,0.9287700514441863,0.05752938091277932,24.3,0.972076130845633,0.03468522066086512,0.972076130845633,0.02448246937315471,63.8636053593179,0.98028918151381,0.02574731991455571,0.98028918151381,0.03141633467704188
40.0,0.9602356945858807,0.04854268797880679,0.9602356945858807,0.037698716882014566,878.0,0.9403859557387638,0.07420545890878269,0.9403859557387638,0.05392505949060411,81.0,0.9690771115654219,0.039275676049443216,0.9690771115654219,0.03923042114087507,3.1,0.9901093253859821,0.013442057581820339,0.9901093253859821,0.019940837798289385,4.53,0.9760277890524517,0.030506667511943298,0.9760277890524517,0.032980984410781615,21.0,0.9300487761127851,0.08000685761728071,0.9300487761127851,0.05660631250030495,20.8,0.9701462847143907,0.03690867957173692,0.9701462847143907,0.027221186754885645,51.4,0.9808509464711037,0.02510095957294722,0.9808509464711037,0.03085753354561205
100.0,0.9601407801511894,0.04863685797513451,0.9601407801511894,0.03801171809754119,2192.0,0.9434781964492974,0.07024785665118476,0.9434781964492974,0.05203223316818277,58.0,0.969803961517115,0.03823714483107257,0.969803961517115,0.03847421626652541,1.6,0.9908677142743669,0.012400753036683056,0.9908677142743669,0.018324124647744935,36.86,0.9761756130765559,0.030312931978641544,0.9761756130765559,0.033311855873726995,32.0,0.9305533116048634,0.07936393147557029,0.9305533116048634,0.0554785590426645,40.0,0.9703126784733277,0.03668060529934865,0.9703126784733277,0.027666636214291957,63.5,0.9814513327802938,0.02445290195278994,0.9814513327802938,0.03134569954454319
79.2,0.9601407801511894,0.04863685797513451,0.9601407801511894,0.03801171809754119,1722.0,0.9450616977573641,0.06798339130842705,0.9450616977573641,0.04961763187245381,20.0,0.9694022840967043,0.03873212528626795,0.9694022840967043,0.039007220769682015,-2.3,0.9912015755482612,0.012011056896436544,0.9912015755482612,0.017521806156663697,20.76,0.9771349560429542,0.029240409087953816,0.9771349560429542,0.03295182325160561,38.0,0.9304054875807592,0.0795403795970579,0.9304054875807592,0.05559728344115091,33.7,0.9712679046013045,0.03569077119073965,0.9712679046013045,0.027344670393116517,66.3,0.9818478214090123,0.024028216180870258,0.9818478214090123,0.03256980143830716
37.6,0.9601407801511894,0.04863685797513451,0.9601407801511894,0.03801171809754119,1936.0,0.9462996088073412,0.06657058429065225,0.9462996088073412,0.04754207866481104,21.0,0.9683691436521755,0.039849726692008945,0.9683691436521755,0.04199680832086374,0.0,0.9910537515241569,0.012210644717991086,0.9910537515241569,0.018166799991124537,11.15,0.9776144782045464,0.02874073777796654,0.9776144782045464,0.033666893225598155,40.0,0.927660544770897,0.08227146725766481,0.927660544770897,0.05705154090907248,29.4,0.9717885999800873,0.035186619972754796,0.9717885999800873,0.02803737119836785,72.5,0.9813809708864095,0.024577106002754333,0.9813809708864095,0.032438603993257854
18.4,0.9589412459477239,0.04995534945572782,0.9589412459477239,0.03908089946402775,1240.0,0.9476354639460427,0.06518749329655121,0.9476354639460427,0.04640674097267286,39.0,0.9679219366204257,0.04042983602073579,0.9679219366204257,0.04340972598248536,8.6,0.9914183725657983,0.011763981556810636,0.9914183725657983,0.016983033505630032,3.63,0.9773095941015946,0.029015147020201332,0.9773095941015946,0.034157900421544575,9.0,0.9285365275112321,0.08131031323556699,0.9285365275112321,0.054749378841232994,18.0,0.9713417871080566,0.035538620427784655,0.9713417871080566,0.02844797844998978,74.9,0.9814695479541403,0.024488714671461978,0.9814695479541403,0.031264803768124114
43.9,0.9585286137790721,0.05056309849303504,0.9585286137790721,0.04105070637757593,791.0,0.9470806771129854,0.06566356368708191,0.9470806771129854,0.047143116050178166,76.0,0.9666288594348569,0.041747751980854314,0.9666288594348569,0.04374026161979692,-0.8,0.9915206020467595,0.011650292753238454,0.9915206020467595,0.016695223652295758,9.19,0.9770598401165943,0.02925286510076093,0.9770598401165943,0.035812087642948735,15.0,0.9310141369865347,0.07898560256409737,0.9310141369865347,0.0526460743444566,29.0,0.9712468726733656,0.0356352607549608,0.9712468726733656,0.029825554441898085,51.4,0.9821483867788231,0.023621881802663603,0.9821483867788231,0.030815645828349364
100.0,0.9586616030277808,0.05040371449289766,0.9586616030277808,0.040546960786337384,1487.0,0.9463222882246004,0.06661530756712403,0.9463222882246004,0.04940832057685469,22.0,0.9663146416518155,0.04216397221585752,0.9663146416518155,0.044402831012807044,0.0,0.9913997378991617,0.01179775044181851,0.9913997378991617,0.016446129315903425,26.86,0.976949072471259,0.029377838642696982,0.976949072471259,0.035279547462559756,18.0,0.9311027140542657,0.07890715756866248,0.9311027140542657,0.054478145438059976,59.2,0.9709660594005526,0.03599079002420328,0.9709660594005526,0.03001928717239566,52.2,0.9827630613255302,0.022875867129660846,0.9827630613255302,0.02930293358321378
45.5,0.9575067255106778,0.05178298018677639,0.9575067255106778,0.04141034151309815,838.0,0.9468119360187748,0.06586324420857913,0.9468119360187748,0.04806686952164158,33.0,0.967959166963093,0.039975924962154956,0.967959166963093,0.04042316496284415,3.9,0.9913997378991617,0.011797750441818146,0.9913997378991617,0.016840496832987634,5.15,0.9767826787123219,0.02960880264577161,0.9767826787123219,0.03445387053583408,5.0,0.9313835273270784,0.0785800365497016,0.9313835273270784,0.053262716533346986,22.7,0.9711563771095898,0.035713513765662,0.9711563771095898,0.028440616582435355,50.2,0.9836229005259319,0.021641942067678267,0.9836229005259319,0.02660153759929572
40.8,0.9568692007698907,0.05262032807963515,0.9568692007698907,0.04275407146890636,787.0,0.9468119360187748,0.06586324420857913,0.9468119360187748,0.04806686952164158,36.0,0.9677053135667866,0.04027872972148212,0.9677053135667866,0.04056248091117087,-2.3,0.9916535912954684,0.011479729514453635,0.9916535912954684,0.016334904585278535,4.59,0.9763810012919113,0.03011112181243066,0.9763810012919113,0.03448575358692906,6.0,0.9322526838607985,0.07754155306368313,0.9322526838607985,0.0514555399755526,20.8,0.9704775382849068,0.036561818796243616,0.9704775382849068,0.028614343628773017,56.1,0.9834005860663173,0.021994707579040755,0.9834005860663173,0.02703846561543339
65.9,0.956290174842302,0.05344727864827047,0.956290174842302,0.04433627914564786,1051.0,0.9471806905350321,0.06551525771646449,0.9471806905350321,0.04780300462994989,43.0,0.9659977818951585,0.042138846172001795,0.9659977818951585,0.041922775045900564,3.1,0.9912889702538268,0.01192660525730942,0.9912889702538268,0.017102115105029066,10.14,0.9765473950508484,0.02988034252480583,0.9765473950508484,0.03509292923190548,17.0,0.9310978063436952,0.078845764093413,0.9310978063436952,0.05349038209584067,29.0,0.970075860864496,0.03705785859052305,0.970075860864496,0.029781200263005674,63.9,0.9820233940895996,0.02379791769075244,0.9820233940895996,0.030321749066657355
14.5,0.956290174842302,0.05344727864827047,0.956290174842302,0.04459646142619217,1373.0,0.9465803042258418,0.06611358045367674,0.9465803042258418,0.04792005822683983,24.0,0.9669784852431581,0.04080369496738184,0.9669784852431581,0.03927321634359694,10.2,0.990429131053425,0.013178876498581663,0.990429131053425,0.01948208694975079,2.71,0.9770519305429267,0.029175156784203723,0.9770519305429267,0.03346153923928542,15.0,0.9321602852280501,0.07815224545700962,0.9321602852280501,0.052171432596432955,20.0,0.9700758608644958,0.037057858590523046,0.9700758608644958,0.02980345836983577,74.1,0.9803788687783221,0.026046864247167224,0.9803788687783221,0.03197905918445281
18.4,0.9565709881151151,0.053102564650176404,0.9565709881151151,0.04315319467532269,1367.0,0.9470686798312158,0.06568803233372396,0.9470686798312158,0.04743315422299661,19.0,0.966692764259775,0.04109255200271836,0.966692764259775,0.04041996362173685,15.6,0.9905769550775292,0.01297956125764651,0.9905769550775292,0.019605397467366545,3.69,0.9777318960461381,0.02809698763986491,0.9777318960461381,0.03116806417005442,19.0,0.9326776380043661,0.07764275904126325,0.9326776380043661,0.05334092199993841,20.8,0.9710912909932152,0.0353949655832106,0.9710912909932152,0.028519579435598953,62.7,0.980378868778322,0.026046864247167942,0.980378868778322,0.0315856846316925
18.8,0.9569894540129366,0.052721379351371764,0.9569894540129366,0.04305239811366138,1566.0,0.9474025411051098,0.06533471874473143,0.9474025411051098,0.04780910314989571,20.0,0.966692764259775,0.04109255200271836,0.966692764259775,0.04041996362173685,1.6,0.9902961418047163,0.013348997146994857,0.9902961418047163,0.019702367978190298,7.01,0.9775840720220339,0.028291381742000552,0.9775840720220339,0.030258090180122734,22.0,0.9322304309726162,0.07818197307560709,0.9322304309726162,0.05493289874544521,27.5,0.970924897234278,0.03562345328414117,0.970924897234278,0.028130530044671958,63.5,0.9810292108033468,0.025312338423602712,0.9810292108033468,0.030909052480751174
22.7,0.9554299160715248,0.05418143164771171,0.9554299160715248,0.043278490207101276,996.0,0.9482489003672584,0.06409866148277885,0.9482489003672584,0.0475131262769379,42.0,0.966336052791801,0.041593752235687,0.966336052791801,0.041479774166795644,10.2,0.9899622805308224,0.013737878732004249,0.9899622805308224,0.020394738441387148,2.74,0.9777170612707428,0.028125523639098624,0.9777170612707428,0.029392871603901003,11.0,0.9335929606489153,0.07700758152489688,0.9335929606489153,0.05386471347178024,20.4,0.970924897234278,0.03562345328414117,0.970924897234278,0.027804584394599888,58.8,0.9820099141513462,0.02393829122861886,0.9820099141513462,0.027976227231671758
42.4,0.9532439253028598,0.05648688771306653,0.9532439253028598,0.04423669135096138,819.0,0.9484223484914243,0.06398050410130988,0.9484223484914243,0.048060004437364925,63.0,0.9657280630025014,0.042086767178623155,0.9657280630025014,0.04083438399145927,-1.6,0.9898292912821135,0.01390784241745646,0.9898292912821135,0.019969179084314562,5.42,0.9788201114228235,0.02692443954477346,0.9788201114228235,0.02953801986558505,15.0,0.9352186312493166,0.07546931719338805,0.9352186312493166,0.05265073971119732,25.9,0.9731774123348552,0.03291092255985351,0.9731774123348552,0.026375940488306694,52.2,0.9820099141513462,0.02393829122861886,0.9820099141513462,0.027976227231671758
69.4,0.9517389936568429,0.05780425059982658,0.9517389936568429,0.04392762745417644,1424.0,0.9491584941483711,0.06337460827271746,0.9491584941483711,0.049592063132157645,32.0,0.9654472497296884,0.04243828227728352,0.9654472497296884,0.04062297517280043,-9.4,0.9894954300082195,0.014296347873257096,0.9894954300082195,0.02151264099393796,8.9,0.9792385773206453,0.026522132218104275,0.9792385773206453,0.029808090602735777,13.0,0.9374711463498936,0.07295846846227563,0.9374711463498936,0.05136470644816408,27.5,0.9741265551180982,0.032029414417915576,0.9741265551180982,0.026220295442383655,63.5,0.9825716791086402,0.023289710354975016,0.9825716791086402,0.028417894409573118
40.4,0.951644079222152,0.057896578316264505,0.951644079222152,0.04448994124287467,793.0,0.9510305972615285,0.061295749108278334,0.9510305972615285,0.04885845525518292,37.0,0.9664279530776878,0.041104244136395296,0.9664279530776878,0.03773874076570157,3.1,0.9888579052674324,0.01518810840426932,0.9888579052674324,0.02306667126814881,4.56,0.9787913702888953,0.027115253471339636,0.9787913702888953,0.0298649037388448,7.0,0.9385411532807345,0.0720205697010805,0.9385411532807345,0.05101641529768238,21.2,0.9745282325385088,0.03152910288060422,0.9745282325385088,0.024732536999288474,47.5,0.9825716791086402,0.023289710354975016,0.9825716791086402,0.028664678786900433
42.0,0.9522058441794458,0.05728894755853568,0.9522058441794458,0.042937337487192084,790.0,0.9503521946226667,0.06186514314124191,0.9503521946226667,0.04813315717015901,33.0,0.9676862848920122,0.03989594745999961,0.9676862848920122,0.03850679677132401,-4.7,0.9891387185402453,0.014819742173002958,0.9891387185402453,0.022864016828462383,4.44,0.9779222137551752,0.028257454811897877,0.9779222137551752,0.031106650625681444,0.0,0.9371903330770808,0.0732897208739187,0.9371903330770808,0.05082646517729612,20.8,0.9739135579918018,0.03226316377565681,0.9739135579918018,0.025593682035298573,56.9,0.9836988516436015,0.021602982369073005,0.9836988516436015,0.025905053174774928
73.7,0.951555502154421,0.05797903734865298,0.951555502154421,0.044305248927682415,2625.0,0.9512333942046699,0.06092111300651518,0.9512333942046699,0.04720743077802824,68.0,0.9690371050956659,0.03853218106916736,0.9690371050956659,0.03741404982516677,-2.3,0.9889908945161411,0.0150184873423734,0.9889908945161411,0.022635022381983956,8.45,0.9787981964955104,0.027187691825911454,0.9787981964955104,0.03125379732571308,21.0,0.9374711463498936,0.07295846846227563,0.9374711463498936,0.050488800503337886,27.1,0.974393080153394,0.031766722013654956,0.974393080153394,0.026538443375483466,69.4,0.9838197157911993,0.021457897116742515,0.9838197157911993,0.027533121350317543
78.0,0.9506566486408335,0.05862802971812301,0.9506566486408335,0.043798193143413836,1723.0,0.9522665346491984,0.059847670173479216,0.9522665346491984,0.045900774799978186,42.0,0.9701919826127692,0.03711903975956413,0.9701919826127692,0.03636126394340103,-3.1,0.9896697333408241,0.014138257375814645,0.9896697333408241,0.020988185181444872,19.59,0.9797695825101914,0.02593265096136578,0.9797695825101914,0.030159315115800053,37.0,0.9390119232374119,0.0717541735703879,0.9390119232374119,0.050984689691354904,33.3,0.9751912462025231,0.030847257233607824,0.9751912462025231,0.02568101379056633,66.7,0.9832516446118515,0.02220115287653129,0.9832516446118515,0.028519027877541715
65.5,0.9507452257085643,0.05854571924078428,0.9507452257085643,0.045034504616349745,1857.0,0.9531356911829184,0.058765575820565734,0.9531356911829184,0.045181554743033994,57.0,0.9703398066368734,0.03692752533544974,0.9703398066368734,0.035142839685805366,3.1,0.9886890299928245,0.015533115987924156,0.9886890299928245,0.022644798058713226,18.39,0.9793408068016063,0.026411410656729053,0.9793408068016063,0.03038820387854496,44.0,0.9378999220584787,0.07252246823456669,0.9378999220584787,0.052532074352493435,32.9,0.974410177896879,0.03181227700046121,0.974410177896879,0.026665288643153907,68.6,0.9840100335002365,0.02117395410003978,0.9840100335002365,0.02672226925393767
67.8,0.9508782149572732,0.05838886027102144,0.9508782149572732,0.04511760337083396,2263.0,0.9536253389770927,0.05800357347983097,0.9536253389770927,0.04431720396971315,42.0,0.971092133808589,0.03615989712025603,0.971092133808589,0.03464824407669535,7.0,0.9882221794702216,0.016090002133923146,0.9882221794702216,0.023962883460267616,6.92,0.9795724385945392,0.026141921314117866,0.9795724385945392,0.03118113583662331,48.0,0.935682565657021,0.07454462771464782,0.935682565657021,0.05416717196481964,24.7,0.9751912462025231,0.03084725723360747,0.9751912462025231,0.02635196493676278,69.4,0.9844065221289546,0.02074678897292056,0.9844065221289546,0.0266672831970316
47.8,0.9526839171858196,0.056124532100874286,0.9526839171858196,0.043699117462459504,1632.0,0.954710222667251,0.05695540771876945,0.954710222667251,0.04419304649219947,36.0,0.9712251230572977,0.03599626916067522,0.9712251230572977,0.03419158181705218,2.3,0.9882221794702216,0.016090002133923146,0.9882221794702216,0.023962883460267616,7.2,0.9794986411164086,0.026207171475542575,0.9794986411164086,0.03273956127414018,53.0,0.9351348023129611,0.0748443164304362,0.9351348023129611,0.05428574744676082,25.9,0.975686157338963,0.030424095948588845,0.975686157338963,0.027449051814607862,70.6,0.9840100335002363,0.02117395410003906,0.9840100335002363,0.027433713396493777
41.2,0.9522712850171678,0.05672536017273954,0.9522712850171678,0.044046146970885186,1785.0,0.9570615079346715,0.05392682211254446,0.9570615079346715,0.03993882313378016,37.0,0.9701919826127692,0.03711903975956413,0.9701919826127692,0.036764032032428826,-1.6,0.9882221794702216,0.016090002133923146,0.9882221794702216,0.023962883460267616,14.37,0.9792178278435959,0.026568599521193257,0.9792178278435959,0.03268017861827805,56.0,0.9344924114620428,0.07519800411462509,0.9344924114620428,0.0544543360612941,32.2,0.9751816218468846,0.0311276074388895,0.9751816218468846,0.027985893953359008,72.5,0.9832766579423377,0.021993501090407652,0.9832766579423377,0.02780885886754931
38.4,0.9504655827886215,0.05898747419024568,0.9504655827886215,0.04751747029007873,1835.0,0.9587435840143413,0.051953076227476795,0.9587435840143413,0.03947865930913596,33.0,0.9699696681531544,0.03746330631468397,0.9699696681531544,0.037495488059900446,2.3,0.9878205020498112,0.016603985102010353,0.9878205020498112,0.025921170847093687,10.32,0.9782532680355297,0.027727206498613138,0.9782532680355297,0.03378956838140974,54.0,0.9350155301949074,0.07477915098150736,0.9350155301949074,0.052864806418094525,29.0,0.9741153213975126,0.03246860408581714,0.9741153213975126,0.028897203965978596,73.7,0.9829319895226465,0.022333715367676303,0.9829319895226465,0.02828484827039747
51.4,0.949862784828554,0.059990991442291045,0.949862784828554,0.049175707264419284,1453.0,0.9584627707415282,0.05229898080558306,0.9584627707415282,0.03914248843731092,31.0,0.9693193261281297,0.03818101847737554,0.9693193261281297,0.037575411495679154,3.9,0.9871109130684129,0.017457970228421864,0.9871109130684129,0.02799537280268989,10.69,0.9782532680355297,0.027727206498613138,0.9782532680355297,0.03378956838140974,33.67243525896414,0.9342571413065224,0.07571001808803002,0.9342571413065224,0.05396356645281583,29.4,0.9741153213975126,0.03246860408581714,0.9741153213975126,0.028897203965978596,68.2,0.9832128027954595,0.021969649279853783,0.9832128027954595,0.027942642646497137
14.9,0.9509542558218886,0.058579952502770094,0.9509542558218886,0.04796051223932603,1457.0,0.9593091300036768,0.051035641003681166,0.9593091300036768,0.03675187858141003,20.0,0.9688068810623837,0.038798558130002776,0.9688068810623837,0.03657384391526249,10.2,0.9872587370925171,0.017259976663711863,0.9872587370925171,0.028026534700796607,3.64,0.9790343363411739,0.026754921406640784,0.9790343363411739,0.03270774931833126,53.0,0.9340255095135896,0.07595416247478785,0.9340255095135896,0.053285856814226186,20.8,0.9748421713492055,0.03141929301990293,0.9748421713492055,0.026997943859969713,74.1,0.9840887855357947,0.020888228954494076,0.9840887855357947,0.026713800776456298
17.6,0.9513830315304738,0.05813024843177831,0.9513830315304738,0.0480059640533027,1463.0,0.9599466547444637,0.05019492773467043,0.9599466547444637,0.03626053041284557,19.0,0.9678354950477025,0.040026063271971946,0.9678354950477025,0.03739783649906246,18.8,0.9871109130684129,0.017457970228421864,0.9871109130684129,0.027665679649938525,3.76,0.9801258073345085,0.025259375634560873,0.9801258073345085,0.030732503850583747,54.0,0.9363176890180507,0.07390543715272573,0.9363176890180507,0.05177939475450684,21.6,0.9761307862581922,0.029727934576624607,0.9761307862581922,0.02417478208178376,63.1,0.9846464510817818,0.0203081294940457,0.9846464510817818,0.02710527547832664
26.7,0.9510184104888321,0.05854074097234801,0.9510184104888321,0.04917702928593808,1497.0,0.9597116803490642,0.05040068239676604,0.9597116803490642,0.035483248910400195,30.0,0.9681163083205157,0.039672917995971835,0.9681163083205157,0.037896889934861504,4.7,0.98687928127548,0.01773166649945707,0.98687928127548,0.028351285659855615,3.71,0.9805274847549194,0.024753047493197827,0.9805274847549194,0.03196804135681122,49.0,0.9370272779994487,0.07313946835159364,0.9370272779994487,0.053914735488940706,20.4,0.9766353217502707,0.029022983918583618,0.9766353217502707,0.023078233074773403,71.0,0.9855062902821836,0.01906952290273028,0.9855062902821836,0.026743879792225183
41.2,0.9502378983712876,0.05907127393087814,0.9502378983712876,0.04919708151290993,774.0,0.9593100029286532,0.05088508735008171,0.9593100029286532,0.03543291247644421,35.0,0.9683293054468117,0.039442274213062484,0.9683293054468117,0.03881173722277454,-4.7,0.9863175163181863,0.018386372737707688,0.9863175163181863,0.029871425086234128,4.4,0.9796676455545176,0.02598023856703742,0.9796676455545176,0.034551886006444966,45.0,0.9369064138518509,0.07327072893316929,0.9369064138518509,0.05374791571138031,21.2,0.9772143476778593,0.02816260767994199,0.9772143476778593,0.022629590391177543,58.8,0.9855062902821836,0.01906952290273028,0.9855062902821836,0.026621753071056627
36.9,0.9504095089718927,0.058915132973062334,0.9504095089718927,0.04840235453616854,798.0,0.9582560649871731,0.05275398361409697,0.9582560649871731,0.0346999992427747,33.0,0.9685642798422115,0.039231792690442184,0.9685642798422115,0.03712877938357829,-0.8,0.9865983295909992,0.018019885335562664,0.9865983295909992,0.030061400064933897,4.14,0.9799214989508241,0.025669727003926505,0.9799214989508241,0.03459721605137245,32.0,0.9344918822499322,0.07622564454300383,0.9344918822499322,0.05662845465473078,20.4,0.9778931865025422,0.02730222967281886,0.9778931865025422,0.023232009279524887,55.7,0.9853091463665314,0.019281452669254705,0.9853091463665314,0.027579026779433715
19.2,0.9507433702457867,0.05855803124424538,0.9507433702457867,0.048494117397322234,1920.0,0.957808857955423,0.05332162305369748,0.957808857955423,0.036719498086528274,61.0,0.9685642798422115,0.039231792690441476,0.9685642798422115,0.03634228885859055,-0.8,0.9863175163181863,0.018386372737707688,0.9863175163181863,0.030955927160784352,19.2,0.9804010211124163,0.025166802445601252,0.9804010211124163,0.03429426612777231,46.0,0.9342695677903176,0.07654729883338508,0.9342695677903176,0.057351104141156566,34.1,0.9789780701927006,0.026190045252658996,0.9789780701927006,0.022544394110157736,63.1,0.9854300105141293,0.01913583648885213,0.9854300105141293,0.027979863585047973
76.1,0.9518096706951588,0.05728015990408929,0.9518096706951588,0.04677368765591818,2376.0,0.9579988849889108,0.053179113810202565,0.9579988849889108,0.03607028306659788,40.0,0.9702140684957545,0.03740316595994552,0.9702140684957545,0.035020269850201007,-3.9,0.9855364480125423,0.01937284018956674,0.9855364480125423,0.03340980925621756,27.1,0.9804010211124163,0.025166802445601252,0.9804010211124163,0.03325489284692982,49.0,0.9352214622317673,0.07569621133749027,0.9352214622317673,0.05845279695199126,35.3,0.9792319235890072,0.025879816081122917,0.9792319235890072,0.02095881814016173,69.0,0.9850012348055441,0.01962045151834572,0.9850012348055441,0.029788498373266744
56.1,0.9543958850412498,0.054475213330767644,0.9543958850412498,0.043462487926117475,1706.0,0.9587970510380398,0.052293829092055336,0.9587970510380398,0.03527662927881474,49.0,0.9708644105207793,0.03668422309374601,0.9708644105207793,0.03481674151664009,-5.5,0.9866636205475036,0.017676387898499426,0.9866636205475036,0.03134382084237647,14.72,0.9799538140806663,0.02576127508461138,0.9799538140806663,0.03438333571973713,33.67243525896414,0.934716926739689,0.07634477392354282,0.934716926739689,0.060562329510664155,31.4,0.9792319235890072,0.025879816081122917,0.9792319235890072,0.021312491926439695,69.4,0.9841897158632501,0.02051457399346552,0.9841897158632501,0.030303253417176275
41.2,0.9549576499985437,0.053863615410739946,0.9549576499985437,0.04296957684832548,781.0,0.9577847871252841,0.0532371282128173,0.9577847871252841,0.03572609416123838,33.0,0.9711786283038205,0.03626414148437313,0.9711786283038205,0.03448844881086511,0.8,0.9874446888531476,0.016687415061217816,0.9874446888531476,0.02931876274572889,4.28,0.9803503027093846,0.02533779657487124,0.9803503027093846,0.03376827423321173,31.0,0.9340380879150062,0.07712980781303334,0.9340380879150062,0.06178990330166141,20.8,0.9793341530699682,0.025769028253350118,0.9793341530699682,0.02103864221293679,57.3,0.9844435692595568,0.02020115773948452,0.9844435692595568,0.029085847050399863
26.3,0.9542242744406447,0.05463289672735019,0.9542242744406447,0.0442078485955097,767.0,0.9577847871252841,0.0532371282128173,0.9577847871252841,0.03508980253730515,75.0,0.9725374326317148,0.03434712009382081,0.9725374326317148,0.03384351292384673,3.1,0.9867943468281228,0.01743264682796109,0.9867943468281228,0.031421676137088767,3.64,0.9798707805477924,0.025840610190143463,0.9798707805477924,0.033569379292540565,32.0,0.9335712373924033,0.07762427488056078,0.9335712373924033,0.0620974519343272,20.0,0.9786138904214515,0.026446796095344966,0.9786138904214515,0.02096619157343175,51.8,0.9846047461768258,0.020048338289686288,0.9846047461768258,0.029677773841695437
92.2,0.9552718677815849,0.05345645914985581,0.9552718677815849,0.0432942731660115,2888.0,0.9577847871252841,0.0532371282128173,0.9577847871252841,0.03541876898270083,88.0,0.972984330532367,0.03390574687628928,0.972984330532367,0.03294482182201504,0.0,0.9863655711195378,0.017918696207252293,0.9863655711195378,0.032620508126698165,40.87,0.9807519801297954,0.024831379898490172,0.9807519801297954,0.03339128904413281,33.0,0.9325236440514633,0.0787441429222961,0.9325236440514633,0.06310899815243853,38.4,0.9802033096036883,0.024622898339676288,0.9802033096036883,0.0199415341990243,67.5,0.984483882029228,0.020193716560264707,0.984483882029228,0.029060518556753994
100.0,0.9555034995745179,0.05320046008621499,0.9555034995745179,0.04355184042460621,1725.0,0.9590778643108528,0.051947791715616635,0.9590778643108528,0.033491670086320834,89.0,0.9720929307672088,0.03474213118308933,0.9720929307672088,0.03226390266751404,4.7,0.9860847578467248,0.01828512351035171,0.9860847578467248,0.03287898122332345,30.64,0.981504307301511,0.02404563127527889,0.981504307301511,0.031618563967172844,41.0,0.92940635212732,0.08205606751292706,0.92940635212732,0.06534560966854477,40.4,0.9808536516287131,0.023887565381027882,0.9808536516287131,0.018135066455317206,57.3,0.985448441837294,0.019020009538132182,0.985448441837294,0.026631610913960446
94.1,0.9553063556588657,0.05339865856919299,0.9553063556588657,0.04279530647080131,2326.0,0.9597567031355355,0.051120938730312884,0.9597567031355355,0.03212657136040295,20.0,0.9737427194207519,0.03289874852434477,0.9737427194207519,0.030197580369218203,0.0,0.986232581870829,0.018087465176498636,0.986232581870829,0.0334541742795504,32.59,0.981951514333261,0.02344939961429644,0.981951514333261,0.030463272408884304,41.0,0.9283161963083517,0.0827209424811566,0.9283161963083517,0.06469540673561311,37.3,0.9809745157763107,0.023743196604033553,0.9809745157763107,0.017990572268501887,67.1,0.9857626596203354,0.018587633261153296,0.9857626596203354,0.025464206319364847
43.1,0.9566016978011714,0.05233951247946893,0.9566016978011714,0.04310030561072931,788.0,0.9606326858758707,0.05009284612252289,0.9606326858758707,0.029852882486339636,34.0,0.9748090198701239,0.031558762462534785,0.9748090198701239,0.028560278035814235,-7.8,0.9860661881118921,0.018322623828755994,0.9860661881118921,0.03363261584653021,5.13,0.9822323276060739,0.02308602836997476,0.9822323276060739,0.030672128235140837,25.0,0.9300067384365102,0.081480427226357,0.9300067384365102,0.06340141354192175,21.6,0.9810694302110019,0.023644368430484352,0.9810694302110019,0.017947040624918555,66.7,0.9853154525885853,0.01918846844304451,0.9853154525885853,0.027321794070854555
92.5,0.9567988417168236,0.052140797167820004,0.9567988417168236,0.04205484403399403,2104.0,0.9632987901894685,0.04627904330871376,0.9632987901894685,0.027315787216458887,41.0,0.9744073424497132,0.032059213479991897,0.9744073424497132,0.030420033284002904,-3.1,0.9863200415081985,0.018008025712140486,0.9863200415081985,0.033665169233650254,29.93,0.9832986280554462,0.021723094667465324,0.9832986280554462,0.028639592367625966,33.0,0.9312326174915991,0.0806793459837118,0.9312326174915991,0.06341265486816311,36.9,0.9807837092276187,0.023942782267173068,0.9807837092276187,0.019336824584319564,68.6,0.9845343842829414,0.02017326744403997,0.9845343842829414,0.029202850695430313
25.5,0.9572114738854753,0.05153490342795208,0.9572114738854753,0.042273170834445324,2068.0,0.9634891078985056,0.04600610062508447,0.9634891078985056,0.028389969651141267,33.0,0.9744073424497132,0.032059213479991897,0.9744073424497132,0.03129099184620442,5.5,0.9863200415081985,0.018008025712140486,0.9863200415081985,0.03356584988603157,6.09,0.9834316173041548,0.02155533394741757,0.9834316173041548,0.028637875679009137,46.0,0.9320136857972432,0.07980035189992697,0.9320136857972432,0.06416306818652874,23.9,0.9806173154686816,0.024175614269349586,0.9806173154686816,0.020009685360066184,72.9,0.9833795067658383,0.02162849955104121,0.9833795067658383,0.03254802931231313
19.6,0.9578903127101585,0.0507095087633862,0.9578903127101585,0.040969583152943856,2054.0,0.9647218156127682,0.04474309661460958,0.9647218156127682,0.027087805602113265,20.0,0.9744073424497132,0.032059213479991897,0.9744073424497132,0.030847630159677505,1.6,0.9863200415081985,0.018008025712140486,0.9863200415081985,0.033523308558191224,5.82,0.983989282850142,0.02097601575354097,0.983989282850142,0.02738992746509667,37.0,0.9305526519883878,0.08166590342340485,0.9305526519883878,0.06544790530097605,23.9,0.9815818752767478,0.023010584813376707,0.9815818752767478,0.017746570136493188,63.5,0.9829322997340882,0.02222645779859951,0.9829322997340882,0.033084935991639135
54.9,0.9582919901305691,0.05022580985467774,0.9582919901305691,0.040240687500986576,1838.0,0.9647218156127682,0.04474309661460958,0.9647218156127682,0.027087805602113265,28.0,0.973927820288121,0.03255551902985498,0.973927820288121,0.03125050744259024,7.8,0.9867165301369166,0.017578545532969354,0.9867165301369166,0.03230693494474434,5.81,0.9832559072922434,0.021795692307847295,0.9832559072922434,0.026661873692729834,32.0,0.93074979590404,0.08147940678674398,0.93074979590404,0.06529444017117063,23.5,0.9817482690356847,0.022777318274237564,0.9817482690356847,0.016229002465814855,69.8,0.9840871772511914,0.020772612358402418,0.9840871772511914,0.031140364103411138
42.0,0.960523771728279,0.04786548746630246,0.960523771728279,0.037498741420273464,795.0,0.9642619432144021,0.04514593791555786,0.9642619432144021,0.026119491638803862,38.0,0.9751605280023836,0.031260556475013024,0.9751605280023836,0.030746366363420485,-2.3,0.9872782950942104,0.01692310619753563,0.9872782950942104,0.031100039121089416,4.51,0.982698241746256,0.022374095864602598,0.982698241746256,0.026893323493140588,12.0,0.9293506944308402,0.08285483579364478,0.9293506944308402,0.0659623058332274,20.4,0.9806633853455263,0.023896588672972625,0.9806633853455263,0.016725358014965275,54.9,0.9845917127432697,0.020057077903290216,0.9845917127432697,0.028553258597439464
43.1,0.9633125604570112,0.0444937111268697,0.9633125604570112,0.034380705128133494,930.0,0.9637001782571082,0.045769191667246426,0.9637001782571082,0.026708399883004903,35.0,0.9751605280023836,0.031260556475013024,0.9751605280023836,0.030746366363420485,0.8,0.988369766087545,0.015403611838063946,0.988369766087545,0.02870834964669203,6.25,0.9828312309949646,0.022206529251801808,0.9828312309949646,0.027098772022715538,15.0,0.9305396889971559,0.08207241784301568,0.9305396889971559,0.06599182423384244,24.7,0.9809776031285675,0.023467932775351866,0.9809776031285675,0.016717136352550892,58.4,0.9850204884518547,0.019572861515059607,0.9850204884518547,0.027561821650312013
41.6,0.9643788609063834,0.04318167262105181,0.9643788609063834,0.034181182721041786,1409.0,0.9648259149824434,0.04450115012907863,0.9648259149824434,0.026529406724065775,42.0,0.9751605280023836,0.031260556475013024,0.9751605280023836,0.030556319522967532,3.1,0.9879680886671345,0.015917952503904882,0.9879680886671345,0.02996685942000864,8.64,0.9832784380267147,0.0216086254719232,0.9832784380267147,0.026270056679086377,24.0,0.9315191343486364,0.08145334818203925,0.9315191343486364,0.06669691136950709,27.5,0.9806967898557549,0.023830713509857177,0.9806967898557549,0.01706275540312189,69.0,0.986268525134414,0.0177316322597985,0.986268525134414,0.02537155072286003
69.0,0.9651372497947681,0.04219133761544392,0.9651372497947681,0.03332490668594221,1468.0,0.9648259149824434,0.04450115012907863,0.9648259149824434,0.026529406724065775,50.0,0.9743794596967396,0.032225213224799557,0.9743794596967396,0.03247861938544658,-6.2,0.9882760002281218,0.015576742086339768,0.9882760002281218,0.028938616954184673,14.49,0.9828312309949646,0.022206529251801808,0.9828312309949646,0.026831091050764904,35.0,0.9315191343486364,0.08145334818203925,0.9315191343486364,0.06669691136950709,31.4,0.9802680141471696,0.02431086695298937,0.9802680141471696,0.01724329998266104,65.9,0.9866973008429991,0.017245550888173387,0.9866973008429991,0.023072959243441122
63.5,0.9662921273118714,0.04078862534625369,0.9662921273118714,0.031105446008411794,1813.0,0.9648259149824434,0.04450115012907863,0.9648259149824434,0.026529406724065775,25.0,0.9754270530376795,0.030997356585103594,0.9754270530376795,0.03008529838980696,-8.6,0.9879680886671345,0.015917952503904882,0.9879680886671345,0.029416552577559665,17.19,0.9815831943124057,0.02403549424947018,0.9815831943124057,0.02964981656452616,40.0,0.93027316396186,0.08230807510749749,0.93027316396186,0.06836363523237521,32.2,0.9791131366300665,0.02575470530742985,0.9791131366300665,0.018675276740021042,68.6,0.9877448941839393,0.015985414478148875,0.9877448941839393,0.021709066505315584
18.8,0.9666000388728585,0.04046304393511287,0.9666000388728585,0.031498169572785194,1076.0,0.9639567584487233,0.045610685653023265,0.9639567584487233,0.027582506206163374,51.0,0.9768872785472713,0.029138070064812605,0.9768872785472713,0.028280065267305098,-5.5,0.9882760002281218,0.015576742086339768,0.9882760002281218,0.028938616954184673,3.43,0.9828312309949647,0.02220652925180217,0.9828312309949647,0.026899926075030643,42.0,0.9288870254798919,0.08327566660941814,0.9288870254798919,0.06853577628385504,21.6,0.9800845226447475,0.024497821989215022,0.9800845226447475,0.01759503783505342,62.0,0.9887094539920053,0.014803583151665996,0.9887094539920053,0.020042183357166815
56.5,0.9667022683538197,0.040355297604854685,0.9667022683538197,0.031564628268964924,1414.0,0.9654829312964618,0.04389534374839513,0.9654829312964618,0.0249600649534015,47.0,0.9777471177476729,0.027917267818879075,0.9777471177476729,0.025994724780775694,3.1,0.9878472245195367,0.01606434951862649,0.9878472245195367,0.030342059381126472,11.15,0.9839569677202998,0.020884254798407626,0.9839569677202998,0.0254651011792086,45.0,0.9281842651576676,0.08366059294341573,0.9281842651576676,0.06891728825327312,29.4,0.9816739418269842,0.02266789819716178,0.9816739418269842,0.015391574186187742,63.8636053593179,0.9885885898444075,0.014950229182257605,0.9885885898444075,0.02001909058796429
71.0,0.9665051244381675,0.04055869491346232,0.9665051244381675,0.03205857465727991,1485.0,0.9661925202778597,0.04308004257431367,0.9661925202778597,0.02463344500386898,64.0,0.9780809790215671,0.027538139753196217,0.9780809790215671,0.026140606595799802,4.7,0.9868530412332839,0.017595828766940245,0.9868530412332839,0.03365178856985036,15.13,0.9845573540294899,0.020231476201360385,0.9845573540294899,0.024024583136331743,34.0,0.9284921767186549,0.08336311565598298,0.9284921767186549,0.06783847973331711,31.8,0.9826955791826445,0.021596851824572647,0.9826955791826445,0.015233281234966608,65.9,0.9888109043040221,0.014593966563869043,0.9888109043040221,0.019422877325809242
76.5,0.9652998370175022,0.041592723212459444,0.9652998370175022,0.03233990649314193,1799.0,0.9650667835525247,0.0443516851409059,0.9650667835525247,0.026111639125086558,20.0,0.9784376904895411,0.02702535306762532,0.9784376904895411,0.026374128618008724,-7.0,0.986174202408601,0.018471118095835928,0.986174202408601,0.03531408004907105,20.0,0.984044908963744,0.020868701233109174,0.984044908963744,0.023998109907002244,38.0,0.9276458174565065,0.08455342594583835,0.9276458174565065,0.06798396581699866,33.3,0.9829174297527222,0.021398500355172725,0.9829174297527222,0.01515662070568689,66.7,0.9878463444959561,0.015776126715773917,0.9878463444959561,0.019980105517226607
18.0,0.9658122820832481,0.040979049986290414,0.9658122820832481,0.03099190547000731,901.0,0.9640953975378437,0.04556855613544393,0.9640953975378437,0.028523287234881085,34.0,0.978247372780504,0.02730650314954968,0.978247372780504,0.02648203949963992,3.1,0.9856617573428551,0.019110339428594338,0.9856617573428551,0.036270794432111585,4.46,0.9844575411323957,0.02023118558756174,0.9844575411323957,0.02267081913312616,32.0,0.9296804587459864,0.08154669552732521,0.9296804587459864,0.06340238318601127,21.2,0.9837934124930575,0.02031690736196453,0.9837934124930575,0.013165424830164892,60.4,0.9875655312231432,0.016143728643334593,0.9875655312231432,0.020981396422618037
38.4,0.9661201936442354,0.04065370382139659,0.9661201936442354,0.03027338049427397,809.0,0.9625692246901051,0.047278580500273275,0.9625692246901051,0.030978264602832414,32.0,0.9787647255568201,0.026740764207834857,0.9787647255568201,0.02638182493821288,5.5,0.9857826214904529,0.018964648468411408,0.9857826214904529,0.036007331943202034,4.07,0.9845683087777308,0.020104171503561225,0.9845683087777308,0.022211952354726113,0.0,0.9302352455790438,0.08109027106871187,0.9302352455790438,0.06362925411920675,20.4,0.9834595512191635,0.020700810568134144,0.9834595512191635,0.013051040317048457,54.9,0.987136755514558,0.016630729490252967,0.987136755514558,0.021871609418281236
62.4,0.9673254810649008,0.03961753819719855,0.9673254810649008,0.030142054967871097,1130.0,0.9632262410041238,0.04667622776758815,0.9632262410041238,0.031002699224061632,40.0,0.9781966543774725,0.02747700497462308,0.9781966543774725,0.026232104951827852,-3.1,0.9852208565331592,0.01961790166940623,0.9852208565331592,0.03722755860606427,6.17,0.9850155158094809,0.019504220852742546,0.9850155158094809,0.021833249124406064,12.0,0.9306287067497266,0.08076881654045255,0.9306287067497266,0.06394482270105475,20.8,0.9825835684788283,0.021781681949062725,0.9825835684788283,0.015042236192570453,58.4,0.9873906089108645,0.01631534457851924,0.9873906089108645,0.020748801349278416
24.3,0.9673254810649008,0.03961753819719855,0.9673254810649008,0.030142054967871097,2168.0,0.9630290970884716,0.04687754055429623,0.9630290970884716,0.030930432204935583,24.0,0.9789777226831163,0.02650457888709935,0.9789777226831163,0.02517547696280909,4.7,0.9847540060105563,0.02017084626830086,0.9847540060105563,0.03826564088612473,6.86,0.9851819095684179,0.019269518917338056,0.9851819095684179,0.020462901424550217,14.0,0.9296693637833284,0.0817343224666046,0.9296693637833284,0.06430313005903823,24.7,0.9819460437380412,0.022662223455963727,0.9819460437380412,0.016982801154376552,76.5,0.9866322200224796,0.01734991877813696,0.9866322200224796,0.022090976164172636
62.4,0.9673254810649008,0.03961753819719855,0.9673254810649008,0.030142054967871097,1292.0,0.9619376260951369,0.04832147783969144,0.9619376260951369,0.030922523618139526,57.0,0.9805038955308549,0.024730532872824326,0.9805038955308549,0.024562595215729854,-1.6,0.9847540060105563,0.02017084626830086,0.9847540060105563,0.03862336299657298,12.31,0.9848480482945237,0.019654338530875965,0.9848480482945237,0.02018347453955504,24.0,0.9273412969143832,0.08376173665260932,0.9273412969143832,0.0651320854141486,30.2,0.981267514044456,0.023383825171861074,0.981267514044456,0.01713912297990064,62.0,0.9865113558748818,0.017495937131388615,0.9865113558748818,0.02059190774357437
22.7,0.9679630058056876,0.03876171476668689,0.9679630058056876,0.028759254104357083,1849.0,0.9603046622260676,0.05103076169508194,0.9603046622260676,0.032730968752395714,36.0,0.9819636571509098,0.02300586298786506,0.9819636571509098,0.023029777896798654,7.8,0.9843523285901457,0.020681314120171615,0.9843523285901457,0.04010037405163884,4.58,0.9858194343092048,0.01838378534513367,0.9858194343092048,0.01851082724299971,26.0,0.9253349987743076,0.08533082760084014,0.9253349987743076,0.06637349958752588,22.4,0.9818251795904436,0.022806874074013442,0.9818251795904436,0.017080386444894614,56.9,0.9871260304215889,0.016742662569520745,0.9871260304215889,0.019403578267848786
20.0,0.9695225437470996,0.03725539418705688,0.9695225437470996,0.028057928226443672,1194.0,0.9598150144318934,0.05180207515721538,0.9598150144318934,0.03279940111242077,29.0,0.9829967975954386,0.021853682266637284,0.9829967975954386,0.021790176340834123,5.5,0.9841859348312086,0.020915574257367155,0.9841859348312086,0.040193142343834,3.25,0.9858194343092048,0.01838378534513367,0.9858194343092048,0.018704769100091098,25.0,0.9243636127596264,0.08645077441527022,0.9243636127596264,0.06601190294666014,18.0,0.9819967901910485,0.02263850736987771,0.9819967901910485,0.017006833300825756,67.1,0.9864885056808019,0.017630662249838808,0.9864885056808019,0.01984095690835505
39.2,0.9708850734233987,0.035967615499554885,0.9708850734233987,0.027392532557388907,812.0,0.9587933770762331,0.052814948577549405,0.9587933770762331,0.03395399541723444,34.0,0.9830749409798337,0.021781319717213445,0.9830749409798337,0.022780046433864363,-3.9,0.9840381108071045,0.021112386301016306,0.9840381108071045,0.040426538483907766,4.08,0.9850860587513061,0.019206974124881638,0.9850860587513061,0.02026478217897693,21.0,0.9259682334792914,0.08533726966379881,0.9259682334792914,0.06571401275774749,20.4,0.9816003015623301,0.023063821652536055,0.9816003015623301,0.018191734944215873,54.1,0.9859204345014542,0.018378206460207283,0.9859204345014542,0.021305583609739
58.4,0.9720635369920502,0.034874102452625545,0.9720635369920502,0.027388699569442822,1230.0,0.9582809320104873,0.05341751646787992,0.9582809320104873,0.03567715592867907,62.0,0.9838083165377324,0.020961789170670833,0.9838083165377324,0.02278574387614581,3.1,0.9834005860663173,0.021994707579040033,0.9834005860663173,0.04169406318692185,11.11,0.9833917897979041,0.02178206726759987,0.9833917897979041,0.02307961821038316,20.0,0.9254798578739173,0.08574144139032114,0.9254798578739173,0.06707957669022495,30.2,0.9807404623619286,0.024293883783763293,0.9807404623619286,0.018931365588201157,63.9,0.9864249699935325,0.017660074770742554,0.9864249699935325,0.020147227174627184
20.4,0.9713539480106521,0.0357007350732353,0.9713539480106521,0.029633686706125206,2734.0,0.9574827659613582,0.05430134140659802,0.9574827659613582,0.037222515375219485,64.0,0.9827607231967925,0.022211463579899827,0.9827607231967925,0.02429357286617592,3.9,0.9817063171129151,0.024560471038428337,0.9817063171129151,0.04701014157391051,7.42,0.9823254893485318,0.02314507076164463,0.9823254893485318,0.024510853070596167,34.0,0.9254798578739173,0.08574144139032047,0.9254798578739173,0.06791649146293538,26.3,0.9796489913685938,0.025791478275536527,0.9796489913685938,0.020250640242759438,68.2,0.9864249699935325,0.017660074770742554,0.9864249699935325,0.020752782046810813
79.6,0.971520341769589,0.03547215426559186,0.971520341769589,0.03009614637978441,1765.0,0.9580375527944157,0.05381262161436894,0.9580375527944157,0.037308299377505384,68.0,0.9825109692117923,0.022452319468779076,0.9825109692117923,0.023560453582664866,0.0,0.980551439595812,0.02600622077257365,0.980551439595812,0.05053316653473547,20.6,0.9821925000998234,0.023312420981864587,0.9821925000998234,0.023769710411933844,39.0,0.9234452165844373,0.08872371640526719,0.9234452165844373,0.07352479772195857,33.7,0.9792922799006197,0.02630537368509132,0.9792922799006197,0.02012606079727228,66.7,0.9863142023481971,0.017787611375396018,0.9863142023481971,0.019924779041457154
19.2,0.9718345595526302,0.03505138088135789,0.9718345595526302,0.02969536361894784,1684.0,0.9591406029464966,0.05266655068711682,0.9591406029464966,0.03693850898675329,42.0,0.9826773629707294,0.022218730248517192,0.9826773629707294,0.022033033404541557,-3.9,0.9797532735466831,0.02693496107666691,0.9797532735466831,0.05212146982460185,4.26,0.9832400934407634,0.022064669992431844,0.9832400934407634,0.022025833083907636,40.0,0.9218405958647726,0.08982748976292591,0.9218405958647726,0.07386896628324133,21.2,0.9800904459497488,0.025376577520592584,0.9800904459497488,0.01903590508678175,76.1,0.9854450458144772,0.018947187840016002,0.9854450458144772,0.020706554466736127
18.0,0.9721153728254434,0.03469524363995763,0.9721153728254434,0.029055800334336863,1323.0,0.9586522273411228,0.0531050145194743,0.9586522273411228,0.03619477811700972,20.0,0.9824802190550773,0.02242939781646862,0.9824802190550773,0.02220750210483164,12.5,0.9807246595613641,0.02567839362485509,0.9807246595613641,0.049298075635327204,3.67,0.9831378639598022,0.022176306293584448,0.9831378639598022,0.02180836519985833,33.0,0.9220377397804248,0.08964480966889539,0.9220377397804248,0.07314314669499793,20.4,0.9795730931734327,0.02594384152843381,0.9795730931734327,0.019197169919493044,62.0,0.9848769746351294,0.019693160456743113,0.9848769746351294,0.022735035646195365
66.7,0.9726771377827371,0.034059687503564515,0.9726771377827371,0.027517795932297744,1457.0,0.9580375527944157,0.05381262161436894,0.9580375527944157,0.0368586896767068,30.0,0.98192255350909,0.02300696559809341,0.98192255350909,0.02298119621965915,2.3,0.980857648810073,0.02551162374184432,0.980857648810073,0.04878281060529588,12.64,0.9838474529412001,0.021329262620389512,0.9838474529412001,0.021361045245028888,33.0,0.9222874937654248,0.08943770068621172,0.9222874937654248,0.07227516852469634,30.6,0.9796838608187678,0.025818126178026278,0.9796838608187678,0.020090744608080302,66.3,0.9848769746351294,0.019693160456743113,0.9848769746351294,0.022735035646195365
25.1,0.9726771377827371,0.034059687503563446,0.9726771377827371,0.026050273215432337,1028.0,0.9588186211000596,0.052882604045896314,0.9588186211000596,0.03576234528205837,35.0,0.9823513292176749,0.022525396853110086,0.9823513292176749,0.022393803474996064,-0.8,0.982551917763475,0.02294979073325344,0.982551917763475,0.043748544872272435,2.41,0.9841282662140133,0.02096455898048428,0.9841282662140133,0.021420427900891017,19.0,0.9254756157931565,0.08615096763384669,0.9254756157931565,0.06846271354216471,19.6,0.9795360367946636,0.02601326923367504,0.9795360367946636,0.02103226042535133,59.2,0.9850433683940665,0.019458524374197386,0.9850433683940665,0.020626276282411798
35.7,0.9726771377827371,0.034059687503563446,0.9726771377827371,0.02553866933503407,787.0,0.9575859133857971,0.05412670290594838,0.9575859133857971,0.03722243063597447,66.0,0.9815990020459594,0.023313020155730505,0.9815990020459594,0.023061900416212387,5.5,0.9828376387468579,0.022650525176831075,0.9828376387468579,0.043323870754578275,3.96,0.9835492402864245,0.0218354965441187,0.9835492402864245,0.023426462368204386,27.0,0.9267373822127298,0.08534594009520673,0.9267373822127298,0.06824942318372462,30.2,0.980040572286742,0.025303840285522242,0.980040572286742,0.02045218552453091,53.7,0.9847576474106835,0.019759417147774995,0.9847576474106835,0.021146636416681477
29.8,0.9735234970448855,0.032760398616427176,0.9735234970448855,0.02590919621520043,2391.0,0.9582362554108218,0.05342912590889517,0.9582362554108218,0.03669134934194387,30.0,0.9813451486496527,0.023624695637479466,0.9813451486496527,0.024106750542982388,4.7,0.9830692705397911,0.022379142946387327,0.9830692705397911,0.041783144045279955,6.74,0.9832684270136115,0.022199729840330116,0.9832684270136115,0.023801369402822094,28.0,0.9259258632704359,0.086127603409061,0.9259258632704359,0.06823494436492501,24.3,0.9808387383358711,0.02437348658173811,0.9808387383358711,0.021066585872989894,71.0,0.9852244979332861,0.019206275385576826,0.9852244979332861,0.02012461899611366
33.7,0.9743833362452871,0.03154717252142901,0.9743833362452871,0.024589637949118046,819.0,0.9596972892196772,0.051457596077821945,0.9596972892196772,0.03462329814735309,35.0,0.9831508508781993,0.021216998671809907,0.9831508508781993,0.021689189777910355,3.9,0.9841964430747524,0.020690490670095745,0.9841964430747524,0.038522861728917265,3.89,0.9840018025715104,0.021380343796459807,0.9840018025715104,0.023546020174953317,18.0,0.9260207777051269,0.08604098092661593,0.9260207777051269,0.06769236992848729,19.6,0.9813594337146537,0.023857987016104334,0.9813594337146537,0.0212093189534361,60.8,0.9853908916922232,0.018971471946388995,0.9853908916922232,0.01825504571209547
36.5,0.9738215712879931,0.03218536166801069,0.9738215712879931,0.025411428946682052,794.0,0.9607821729098356,0.05039452695522768,0.9607821729098356,0.033616112732715,33.0,0.9828969974818929,0.021529727272595507,0.9828969974818929,0.022479005970919574,0.8,0.9851771464227518,0.019307243336784543,0.9851771464227518,0.03665328863704768,3.91,0.9849663623795761,0.02020839350309599,0.9849663623795761,0.022265522728266103,3.0,0.9260207777051269,0.08604098092661523,0.9260207777051269,0.06774664498401549,20.4,0.981520610631923,0.023706267597790258,0.981520610631923,0.022541710656209652,56.5,0.9865457692093262,0.017510049053194674,0.9865457692093262,0.016137647334564173
48.6,0.9725101184706333,0.03344851352618996,0.9725101184706333,0.025611783280234675,939.0,0.9603153223872329,0.050918327379048445,0.9603153223872329,0.03414128032524982,62.0,0.9828969974818929,0.021529727272595507,0.9828969974818929,0.023392443603440054,2.3,0.9849232930264453,0.019621131298189466,0.9849232930264453,0.03779062204743565,6.4,0.9845646849591656,0.020718959715995654,0.9845646849591656,0.023055394173419844,6.0,0.926270531690127,0.08583179622548548,0.926270531690127,0.06667591629499818,23.9,0.9816414747795208,0.023561774338895475,0.9816414747795208,0.022310281391048303,52.9,0.9865457692093262,0.017510049053194674,0.9865457692093262,0.015821102017792067
27.5,0.9739693953120975,0.03199233972119694,0.9739693953120975,0.024269189803053676,929.0,0.9603153223872329,0.050918327379048445,0.9603153223872329,0.03414128032524982,24.0,0.9828969974818929,0.021529727272595507,0.9828969974818929,0.024462937800594685,-4.7,0.9852375108094865,0.019189183601485343,0.9852375108094865,0.03693387618184412,9.07,0.9838858461344826,0.02159000843165182,0.9838858461344826,0.023820048432757878,10.0,0.927246656760216,0.08525028790021962,0.927246656760216,0.06747483863229808,29.4,0.9809080992216219,0.024377487160195697,0.9809080992216219,0.02292413374788319,46.3,0.9859776980299785,0.018257707312171148,0.9859776980299785,0.016859577712722944
47.5,0.9744362458347001,0.03145132479862008,0.9744362458347001,0.023551974076256435,1660.0,0.9603153223872329,0.050918327379048445,0.9603153223872329,0.033304365552539385,31.0,0.9828969974818929,0.021529727272594786,0.9828969974818929,0.02424889752490908,0.0,0.9859958996978714,0.01815752425392214,0.9859958996978714,0.034998524612634335,12.13,0.9838858461344826,0.02159000843165182,0.9838858461344826,0.023526399973719282,12.0,0.927246656760216,0.08525028790021962,0.927246656760216,0.06747483863229808,30.2,0.9803504336756346,0.024952981904506785,0.9803504336756346,0.023467327963500338,69.8,0.9860985621775763,0.018111863638256027,0.9860985621775763,0.017094860675981653
34.1,0.9750152717622889,0.0305944052233054,0.9750152717622889,0.02357305333480853,1834.0,0.959350762579167,0.052029068746345726,0.959350762579167,0.03534943730541558,27.0,0.9822181586572101,0.022398691150705526,0.9822181586572101,0.026084463175251454,-5.5,0.9865083447636173,0.017517584402097844,0.9865083447636173,0.033496424740144186,11.256157120272407,0.9831047778288385,0.022571426764883946,0.9831047778288385,0.023913212052271482,13.0,0.9259258632704359,0.086127603409061,0.9259258632704359,0.06823494436492501,29.4,0.979369730327635,0.02632360883839228,0.979369730327635,0.024151326201659735,73.7,0.98588556505128,0.01835166370724146,0.98588556505128,0.01768284413989937
47.1,0.9757736606506738,0.02958262076345356,0.9757736606506738,0.0227579471127893,2028.0,0.9594870835144026,0.0519209629441405,0.9594870835144026,0.03478792892557908,38.0,0.9824846836925059,0.02213105901816779,0.9824846836925059,0.025498220772159075,3.1,0.9866561687877218,0.01731972380726235,0.9866561687877218,0.033113601305755545,14.04,0.9835335535374238,0.02208906433967693,0.9835335535374238,0.023817444359233986,14.0,0.9246640968508627,0.08693065613311356,0.9246640968508627,0.06846937851025267,31.0,0.9802509299096381,0.025315352490959318,0.9802509299096381,0.023717397042683035,72.5,0.9859804794859712,0.018251798814560273,0.9859804794859712,0.0169678020550838
70.6,0.9753771720219557,0.03000230078466234,0.9753771720219557,0.023119149662411284,1424.0,0.9599754591197763,0.05148146769757305,0.9599754591197763,0.03547889242781655,54.0,0.9822530518995729,0.022402332046576434,0.9822530518995729,0.025907861414782678,3.9,0.9858580027385927,0.01826154089938799,0.9858580027385927,0.03470639977399798,8.91,0.9841838955624486,0.021349448510600746,0.9841838955624486,0.023002992710595294,33.67243525896414,0.923760848862868,0.08742960196550956,0.923760848862868,0.06903116911311716,21.6,0.9809012719346627,0.024580441650075068,0.9809012719346627,0.02298037617263934,64.7,0.9862343328822777,0.017937210620811564,0.9862343328822777,0.016863918213540476
23.5,0.97663550383628,0.02876752111834807,0.97663550383628,0.022180853201318344,1930.0,0.9617719575541395,0.04891556769479271,0.9617719575541395,0.03361781182974612,35.0,0.9815742130748899,0.023270103671835136,0.9815742130748899,0.027927146577928164,3.1,0.9859788668861903,0.018115715941755744,0.9859788668861903,0.03463502694478675,5.31,0.983875984001461,0.021687399327097345,0.983875984001461,0.023485755256128418,17.0,0.9225671483885722,0.0888593296555061,0.9225671483885722,0.06906899441276139,23.1,0.9814058074267411,0.023869250137775744,0.9814058074267411,0.021351698210317956,72.2,0.986101343633569,0.01810595399236363,0.986101343633569,0.017090815909971507
44.3,0.9767377333172411,0.028657343629104617,0.9767377333172411,0.022508444480667827,776.0,0.9617719575541395,0.04891556769479271,0.9617719575541395,0.033710477945641006,66.0,0.9808942475716786,0.024356009839543075,0.9808942475716786,0.028877170550761742,2.3,0.9854743313941121,0.018833281365303448,0.9854743313941121,0.036042585392184925,4.81,0.98378106956677,0.021786712104939595,0.98378106956677,0.023283443382064523,24.0,0.9241506496966393,0.08668219535836202,0.9241506496966393,0.06460399455659364,21.6,0.9816596608230475,0.023557617897602034,0.9816596608230475,0.022796398180122305,50.2,0.9867160181802761,0.017353381617715283,0.9867160181802761,0.015019913282974107
78.8,0.9762582111556488,0.02915658224212662,0.9762582111556488,0.023044308022550003,2353.0,0.9634049214232088,0.046198295146962956,0.9634049214232088,0.032137918345942706,20.0,0.9812588686133203,0.023918531112775518,0.9812588686133203,0.028412994330256236,-5.5,0.9858310428620861,0.018313317788342953,0.9858310428620861,0.0355770262246872,27.47,0.9839019337143678,0.021641636856609123,0.9839019337143678,0.023101792203636683,32.0,0.9237321837988176,0.08703330621943516,0.9237321837988176,0.0673153226950165,35.7,0.982024281864689,0.023119487252688822,0.982024281864689,0.022358760140494205,68.6,0.9878708956973791,0.015888042164205633,0.9878708956973791,0.014359939104671598
68.2,0.9759243498817547,0.02953441496693349,0.9759243498817547,0.023354313970236337,1593.0,0.963137588088649,0.04663528181712243,0.963137588088649,0.03231100251966117,64.0,0.9819388341165315,0.022831905870909705,0.9819388341165315,0.028623454620754114,-0.8,0.9854293654416754,0.01882511901478082,0.9854293654416754,0.036646764244798166,17.56,0.984330709422953,0.021158462326707653,0.984330709422953,0.02347456694397724,38.0,0.9205100151986739,0.09032293513948346,0.9205100151986739,0.07113678475357677,32.5,0.9826746238897138,0.02238173288410478,0.9826746238897138,0.02243583787812877,67.8,0.988151708970192,0.01552025108331079,0.988151708970192,0.015032799880418222
79.6,0.9767841890821563,0.0283152147846527,0.9767841890821563,0.021590059713978607,1998.0,0.9642406382407299,0.04547423938656226,0.9642406382407299,0.03192418375190123,61.0,0.9814263890507856,0.02346602207321831,0.9814263890507856,0.029560921075780427,-6.2,0.9862275314908044,0.01788418041451101,0.9862275314908044,0.03460156412148603,23.48,0.985040298404351,0.020309619122126508,0.985040298404351,0.021817595691941676,46.0,0.9194696157022854,0.09089215602408571,0.9194696157022854,0.07177692949899835,34.5,0.9833842128711119,0.021535251457670358,0.9833842128711119,0.020677642674628963,67.5,0.9887197801495397,0.01476932520058001,0.9887197801495397,0.014004207171367132
72.2,0.9789813685479585,0.025608506583614018,0.9789813685479585,0.019738522810531248,2330.0,0.9651259546611545,0.044557103229454664,0.9651259546611545,0.0325582343479653,37.0,0.9824595294953143,0.022314981975671798,0.9824595294953143,0.028149532111348505,0.0,0.9865083447636173,0.017517584402097844,0.9865083447636173,0.03394576224174432,24.68,0.9845278533386052,0.020947126566345432,0.9845278533386052,0.021376224567021127,47.0,0.9183230333016709,0.09152745219547415,0.9183230333016709,0.07248329707697546,34.9,0.9831303594748054,0.021847974753394967,0.9831303594748054,0.020481562839464312,69.4,0.988318102729129,0.01528411020461766,0.988318102729129,0.014037601767491298
15.7,0.9798727683131165,0.024757434702436597,0.9798727683131165,0.019784681250423476,1663.0,0.9664420090955268,0.04301119128475615,0.9664420090955268,0.03176339458224944,33.0,0.9822692117862774,0.02259824354488665,0.9822692117862774,0.02895257291439994,0.0,0.9858580027385925,0.018261540899387266,0.9858580027385925,0.03534718339306662,4.08,0.9849750603703552,0.020347584206005645,0.9849750603703552,0.020235412425916918,48.0,0.9153391344755257,0.09427281416723719,0.9153391344755257,0.07501227201100844,21.6,0.9836984306541533,0.021104609712753464,0.9836984306541533,0.01980464268140221,72.5,0.987984241455235,0.01567154307205059,0.987984241455235,0.0150536737604364
37.6,0.9808246627545663,0.02380710271316842,0.9808246627545663,0.019189346235615305,1506.438032627222,0.9659536334901527,0.04345828062143628,0.9659536334901527,0.03199749655120253,35.0,0.9813880122042742,0.023611108896277162,0.9813880122042742,0.03115439408452063,-0.8,0.9853784805770003,0.018770761549372586,0.9853784805770003,0.036304569151206265,8.89,0.9848086666114181,0.020582053368384753,0.9848086666114181,0.020347843999746047,48.0,0.913451529335409,0.09553762879710852,0.913451529335409,0.07379824764468439,27.5,0.9841456376859031,0.020505659841551997,0.9841456376859031,0.018048278881376754,73.3,0.987800749952813,0.01586164589947972,0.987800749952813,0.014082434682835874
18.4,0.9816938192882864,0.0226574218912254,0.9816938192882864,0.018413849065448802,1628.0,0.9649822474754717,0.0446772514690149,0.9649822474754717,0.031904765521213595,28.0,0.9818925476963527,0.022899053780783073,0.9818925476963527,0.029185447874738625,0.0,0.9856323339733067,0.018456504815248017,0.9856323339733067,0.03539112897249072,4.34,0.9839623073492697,0.0219075398989675,0.9839623073492697,0.024054753622391845,48.0,0.9112529339878449,0.09711994901814361,0.9112529339878449,0.07325000683858751,22.0,0.9841456376859031,0.020505659841551997,0.9841456376859031,0.018453876587682584,63.1,0.9873535429210629,0.016464992865145658,0.9873535429210629,0.014082434682835874
26.7,0.9820080370713278,0.022227903018113403,0.9820080370713278,0.017604004149072813,1636.0,0.9645350404437218,0.04525296467963971,0.9645350404437218,0.03355895595240383,18.0,0.9816954037807005,0.023109409346756985,0.9816954037807005,0.02952168361331916,1.6,0.9848989584154081,0.019279477942538304,0.9848989584154081,0.03687895691447044,6.39,0.9834577718571912,0.02262165472151926,0.9834577718571912,0.024579496179641287,47.0,0.910471865682201,0.09796148714219573,0.910471865682201,0.07364790728667599,24.7,0.984707402643197,0.019853650328391054,0.984707402643197,0.017731041269224118,74.5,0.9883249289357441,0.01518797429433673,0.9883249289357441,0.013176782328214785
33.7,0.9826084233805178,0.021577288599293892,0.9826084233805178,0.016654511594048977,1550.0,0.9654996002517878,0.044128887104686126,0.9654996002517878,0.031921898228155686,29.0,0.9824049927620986,0.022264329010882707,0.9824049927620986,0.028592068428966562,3.9,0.9848989584154081,0.019279477942538304,0.9848989584154081,0.03704606915032057,7.86,0.9831239105832971,0.023004639792184395,0.9831239105832971,0.025203042116785014,46.0,0.9105456631603315,0.09790693972642091,0.9105456631603315,0.07215045832094175,26.7,0.9840285638185143,0.020725426064791518,0.9840285638185143,0.019082713764345918,73.7,0.9888930001150917,0.01443672273864352,0.9888930001150917,0.01113173359755823
30.2,0.9826084233805178,0.021577288599293892,0.9826084233805178,0.016654511594048977,1531.0,0.965363279316552,0.04423886278564601,0.965363279316552,0.03256092622594363,20.0,0.9834525861030384,0.021015179973221235,0.9834525861030384,0.026242139331389747,3.1,0.9851528118117148,0.01896550992460884,0.9851528118117148,0.03589156653842907,6.82,0.9827900493094031,0.02338735952949662,0.9827900493094031,0.02503257925050836,43.0,0.9117111180633669,0.09731014962617936,0.9117111180633669,0.07145532412170254,24.7,0.9837747104222077,0.02103857051897921,0.9837747104222077,0.018583186825019717,73.3,0.9894054451808378,0.013792920079369842,0.9894054451808378,0.010084792999158541
43.1,0.9833668122689025,0.02055030217233689,0.9833668122689025,0.014941579230822403,1425.0,0.965363279316552,0.04423886278564601,0.965363279316552,0.032068147010447655,31.0,0.9832554421873863,0.021226262063604152,0.9832554421873863,0.02623276302157862,6.2,0.985632333973307,0.018456504815248385,0.985632333973307,0.03488354672517612,8.43,0.9825361959130968,0.02369940871037929,0.9825361959130968,0.02471335111723906,42.0,0.9111205129770319,0.09779490812819941,0.9111205129770319,0.07320493110787181,27.1,0.9837747104222077,0.02103857051897885,0.9837747104222077,0.01838145806630788,69.4,0.989801933809556,0.01336036259384915,0.989801933809556,0.009846470413550645
47.8,0.9834998015176112,0.02038237080659663,0.9834998015176112,0.015475815105465258,1403.0,0.9649448134187305,0.04462746377032728,0.9649448134187305,0.03126599806587885,46.0,0.9833503566220775,0.02112695048870077,0.9833503566220775,0.02637605855389459,-1.6,0.9865135335553099,0.017434471589535983,0.9865135335553099,0.033294803425596244,9.7,0.9833172642187408,0.02271947496444058,0.9833172642187408,0.024297476082290943,43.0,0.9103339083701112,0.09911387434203282,0.9103339083701112,0.07561542904942722,28.2,0.9843364753795014,0.02038711974026984,0.9843364753795014,0.018345073029132516,69.0,0.9889327772758361,0.014528041411375092,0.9889327772758361,0.010260141313268677
57.6,0.9825479070761615,0.021338737885933913,0.9825479070761615,0.015724838821398898,1457.0,0.9654996002517876,0.04412888710468612,0.9654996002517876,0.03148565023654874,69.0,0.9829318907242558,0.021533338736653872,0.9829318907242558,0.02580935324811246,2.3,0.9870180690473882,0.016715414149216276,0.9870180690473882,0.03220720424773834,12.24,0.9832223497840497,0.02281862934166266,0.9832223497840497,0.0234616440350893,46.0,0.9100530950972984,0.09942618250409391,0.9100530950972984,0.07664607014501874,30.2,0.98391800948168,0.02079424824112716,0.98391800948168,0.017784744000875787,67.8,0.9888305477948749,0.01464112969993011,0.9888305477948749,0.010103464453196877
58.0,0.9818695044372996,0.02195745623608201,0.9818695044372996,0.016224481148132523,1592.0,0.9653161087493656,0.04430912044879612,0.9653161087493656,0.031850256488698464,57.0,0.9829318907242558,0.021533338736653872,0.9829318907242558,0.02580935324811246,-0.8,0.9864390431197995,0.017591475727813513,0.9864390431197995,0.033950329098181416,13.26,0.9824241837349206,0.023752604345201826,0.9824241837349206,0.022048419928513634,52.0,0.9072754738221452,0.1017418540233646,0.9072754738221452,0.07822849190457438,31.0,0.9829627833537032,0.021812357999257816,0.9829627833537032,0.017082057268572176,68.6,0.9888305477948749,0.01464112969993011,0.9888305477948749,0.010103464453196877
70.6,0.980352290474709,0.023596389771409196,0.980352290474709,0.0176530632536782,1772.0,0.9637777398553788,0.04619126894160529,0.9637777398553788,0.03168756438912191,21.0,0.9827840667001517,0.021729799048200722,0.9827840667001517,0.027084864598014527,1.6,0.9864390431197995,0.017591475727813513,0.9864390431197995,0.033950329098181416,18.35,0.9815429841529176,0.024764600617829893,0.9815429841529176,0.02233206284538622,53.0,0.9038655483625145,0.10497187033836054,0.9038655483625145,0.07925473590585302,32.5,0.9819411459980432,0.022883484132155057,0.9819411459980432,0.017794321608539696,67.8,0.9888305477948749,0.01464112969993011,0.9888305477948749,0.010103464453196877
62.4,0.9798854399521061,0.024144613936900046,0.9798854399521061,0.017366593068660112,1490.0,0.9639255638794831,0.04600248700892133,0.9639255638794831,0.032019479684106074,20.0,0.9827840667001517,0.021729799048200722,0.9827840667001517,0.026229394631014515,-2.3,0.9865720323685083,0.017422603543598623,0.9865720323685083,0.032759981001695866,12.29,0.9817746159458507,0.024494088751062237,0.9817746159458507,0.022851826927331318,51.0,0.9035088368945405,0.10541323470520533,0.9035088368945405,0.08195264313726433,30.2,0.9811827571096582,0.023907132497978642,0.9811827571096582,0.018769425961996194,66.3,0.988549734522062,0.01500942923333112,0.988549734522062,0.010064598781288047
19.2,0.9794837625316954,0.024650846525328382,0.9794837625316954,0.017796092032166068,1381.0,0.9633707770464258,0.0464990892681804,0.9633707770464258,0.031799827513436185,22.0,0.9832965117658976,0.021093866912985003,0.9832965117658976,0.02553361465812918,14.1,0.986705021617217,0.017253685192278954,0.986705021617217,0.03223904312339053,3.72,0.9813781273171324,0.024918553256717615,0.9813781273171324,0.02407820395136381,46.0,0.9016174240254863,0.10778122865114309,0.9016174240254863,0.08495586202901614,20.8,0.9804731681282604,0.024749932561787903,0.9804731681282604,0.01879519530531595,61.6,0.9881209588134768,0.015497421594115674,0.9881209588134768,0.009712189686053491
100.0,0.9794837625316954,0.024650846525328382,0.9794837625316954,0.017796092032166068,1310.0,0.9630658929434739,0.046763615903541354,0.9630658929434739,0.030526356050126043,58.0,0.9822050407725629,0.022599061732355742,0.9822050407725629,0.02871616850358183,6.2,0.9872667865745107,0.016598068776452497,0.9872667865745107,0.0305532512115602,20.68,0.9813781273171324,0.024918553256717615,0.9813781273171324,0.02407820395136381,50.0,0.9017786009427554,0.10765750279550662,0.9017786009427554,0.08400350985558695,36.1,0.9799835203340858,0.025551660186997286,0.9799835203340858,0.019609069646884487,53.3,0.9867437668367591,0.017318650131790653,0.9867437668367591,0.01049878774231851
70.6,0.9796315865557996,0.02445550868386304,0.9796315865557996,0.016476795581241606,1403.0,0.9629636634625127,0.0468702444773809,0.9629636634625127,0.03150800942912761,38.0,0.98152620194788,0.02346665343149138,0.98152620194788,0.028275080643166816,-3.1,0.9875475998473237,0.016230710026687478,0.9875475998473237,0.0295382661813295,5.23,0.9823723106033849,0.023403177286990096,0.9823723106033849,0.02174157139338344,51.0,0.9043634139827043,0.10567166980594932,0.9043634139827043,0.08261117746650315,26.3,0.9805625462616745,0.024686167281740907,0.9805625462616745,0.01812177547974502,65.5,0.9867437668367591,0.017318650131790653,0.9867437668367591,0.010436140518243462
39.2,0.9801996577351474,0.023716389661223487,0.9801996577351474,0.015014432208692556,776.0,0.9634533112566871,0.04609372123677892,0.9634533112566871,0.03160382191937092,33.0,0.9820386470136259,0.022832470610209633,0.9820386470136259,0.026526679511308295,-1.6,0.987944088476042,0.01579996396263817,0.987944088476042,0.028817296257241037,5.14,0.9823723106033849,0.023403177286990096,0.9823723106033849,0.02174157139338344,16.0,0.9058524203488703,0.10483875555097077,0.9058524203488703,0.08176217628795553,22.7,0.9805625462616745,0.024686167281740907,0.9805625462616745,0.01812177547974502,67.1,0.9867437668367591,0.017318650131790653,0.9867437668367591,0.010436140518243462
77.6,0.9798854399521063,0.02414461393690005,0.9798854399521063,0.014828394401266395,1965.0,0.964278423676369,0.04472576851877736,0.964278423676369,0.03236406805891702,51.0,0.9822925004099323,0.02252036150969068,0.9822925004099323,0.026291576595523693,3.1,0.9876632752032289,0.016167596385544616,0.9876632752032289,0.029700595470634607,25.78,0.9823723106033849,0.023403177286990096,0.9823723106033849,0.02174157139338344,23.0,0.9081872325207371,0.10309658550213296,0.9081872325207371,0.08017330882376766,36.1,0.9805625462616745,0.024686167281740907,0.9805625462616745,0.01812177547974502,63.5,0.9867437668367591,0.017318650131790653,0.9867437668367591,0.010436140518243462
79.2,0.9795712221690649,0.02457255870118811,0.9795712221690649,0.0155873630486819,2356.0,0.96348025762724,0.0456228794435659,0.96348025762724,0.033388577222757225,78.0,0.9823947298908935,0.022408860964188735,0.9823947298908935,0.026164283984281438,2.3,0.9875302859545202,0.016336829563836676,0.9875302859545202,0.030028635692469045,30.57,0.9815259513412365,0.02472286362913608,0.9815259513412365,0.024066409210418256,44.0,0.9093654291183355,0.10247463682747229,0.9093654291183355,0.08083419114368391,36.5,0.9801153392299247,0.025280960894714495,0.9801153392299247,0.019194744142575288,68.6,0.986553449127722,0.017604148454126,0.986553449127722,0.011177681092919813
22.0,0.9784440496341035,0.02624857568459172,0.9784440496341035,0.017057097343301734,3570.0,0.9622807234237745,0.04695013714617078,0.9622807234237745,0.034024017097356196,74.0,0.9817800553441864,0.02315487733289911,0.9817800553441864,0.026232130303437816,0.0,0.9877526004141349,0.01598126760101523,0.9877526004141349,0.028426262632573373,9.51,0.9805452479932372,0.026095425481069044,0.9805452479932372,0.02573331499354252,50.0,0.9076295669747495,0.10357891629578238,0.9076295669747495,0.08344393207700862,27.8,0.9796028941641788,0.025912574131292148,0.9796028941641788,0.020528100972781942,63.1,0.9866642167730572,0.017476559349157705,0.9866642167730572,0.010397106328021129
90.2,0.9790121208134511,0.025511427546498,0.9790121208134511,0.016529293672285825,2613.0,0.9622807234237745,0.046950137146170426,0.9622807234237745,0.03357439358783296,18.0,0.9816470660954778,0.023322129810476138,0.9816470660954778,0.026464694484770596,-6.2,0.9880668181971761,0.015546885682584102,0.9880668181971761,0.0278687555544446,36.41,0.9820078851537063,0.023806315328903156,0.9820078851537063,0.023858488746828135,58.0,0.9057419618346327,0.10481040969899134,0.9057419618346327,0.08425185490785661,37.6,0.9810639279730342,0.023852520019314045,0.9810639279730342,0.01923846219198318,67.8,0.9864419023134425,0.017831384587546423,0.9864419023134425,0.010365729572952351
28.2,0.980006304099704,0.024000425169743593,0.980006304099704,0.01502447132733749,1489.0,0.9638068962715128,0.045240148494750984,0.9638068962715128,0.03225603099011285,44.0,0.9812783115792207,0.023700457735537885,0.9812783115792207,0.027203604895052916,5.5,0.9882332119561132,0.015310770021389393,0.9882332119561132,0.02733181818046766,11.49,0.9833666894816006,0.02184958541033423,0.9833666894816006,0.020792845178871637,55.0,0.9064433345663031,0.10422755587070427,0.9064433345663031,0.0823243739876738,31.0,0.9819330845067541,0.022702588938932934,0.9819330845067541,0.017144556113586,74.9,0.9863311346681074,0.01795890421334416,0.9863311346681074,0.011571544869721758
40.0,0.9801541281238082,0.02380488105626999,0.9801541281238082,0.014698908058141275,1788.0,0.9638068962715128,0.04524014849475134,0.9638068962715128,0.03198950328509569,20.0,0.9817990069580035,0.02318435854493162,0.9817990069580035,0.02788157064864749,6.2,0.9879474909727302,0.015613873164022525,0.9879474909727302,0.027899730583656326,10.62,0.9836475027544135,0.021485214469754342,0.9836475027544135,0.020503777543051827,52.0,0.9091094388799009,0.1008036519130059,0.9091094388799009,0.07786280296943414,29.0,0.9824455295725002,0.022067734462161943,0.9824455295725002,0.015502918791268453,72.5,0.9857693697108135,0.018613105956099343,0.9857693697108135,0.012199308574444078
30.2,0.981671342086399,0.022166615776929393,0.981671342086399,0.014533437894460847,1732.0,0.9638068962715128,0.04524014849475134,0.9638068962715128,0.033175142048697044,38.0,0.9829247436833387,0.02186464583879451,0.9829247436833387,0.026438033964869417,0.0,0.98734710466354,0.016271791861064255,0.98734710466354,0.028568215004989836,6.68,0.9839813640283076,0.021101501470087637,0.9839813640283076,0.020146295486063847,51.0,0.9088744644845012,0.10098408890462764,0.9088744644845012,0.07744476264340863,26.7,0.9830003164055573,0.02154645894193,0.9830003164055573,0.014892951614632917,74.1,0.9850894042076022,0.019707006258090232,0.9850894042076022,0.013420592042999953
60.8,0.9831308130309048,0.02056672163686885,0.9831308130309048,0.013111040938556298,1731.0,0.9630800463198199,0.04626661589120113,0.9630800463198199,0.034176017182829505,20.0,0.9831912687186345,0.021596667680764892,0.9831912687186345,0.027347527356982263,-1.6,0.987518715264145,0.016101297832365837,0.987518715264145,0.027990182112051388,15.46,0.9841022281759053,0.020956311433208745,0.9841022281759053,0.020680862614691594,33.67243525896414,0.907414702864446,0.10244965560541516,0.907414702864446,0.07816905811594073,31.4,0.9842697603165753,0.020096828848654904,0.9842697603165753,0.014181044847045922,69.0,0.9849415801834979,0.019904186124744302,0.9849415801834979,0.013629114606004697
18.0,0.9843635207451675,0.019243731121331924,0.9843635207451675,0.012606899859386542,1643.0,0.9610642256779072,0.04874751992259559,0.9610642256779072,0.035725778634099425,21.0,0.9839894347677636,0.020660183687819005,0.9839894347677636,0.02635277222374819,0.0,0.9879474909727302,0.015613873164023248,0.9879474909727302,0.027872476338603253,4.36,0.9838214149030924,0.021321007457880625,0.9838214149030924,0.02172620846551426,47.0,0.9087849552282469,0.10169129083580232,0.9087849552282469,0.07779533013805007,21.6,0.9853029007611039,0.018938778151978433,0.9853029007611039,0.014323662684350777,63.1,0.9849415801834979,0.019904186124744663,0.9849415801834979,0.013203874074133974
65.9,0.9846443340179805,0.018878234902291683,0.9846443340179805,0.012606899859386542,1300.0,0.9599793419877488,0.04981279410319838,0.9599793419877488,0.036374167620153525,57.0,0.9831430755056152,0.021984469982512408,0.9831430755056152,0.029676081620520815,6.2,0.9868998976317902,0.01687466924602085,0.9868998976317902,0.029951253430103467,12.25,0.983507197120051,0.021751635631435,0.983507197120051,0.02247943077558219,51.0,0.909141666696221,0.10124540462741802,0.909141666696221,0.0756186330398889,30.2,0.9853029007611042,0.018938778151978797,0.9853029007611042,0.014813630425991766,65.5,0.9843735090041502,0.020649214281652454,0.9843735090041502,0.013295643752817034
67.1,0.9844965099938762,0.019075447418235202,0.9844965099938762,0.012703246986566255,1428.0,0.9599793419877488,0.04981279410319838,0.9599793419877488,0.036374167620153525,50.0,0.9822670927652802,0.02306383761299742,0.9822670927652802,0.03094704835511864,1.6,0.9867790334841924,0.01702078657580768,0.9867790334841924,0.029472895470014988,13.96,0.982797608138653,0.02259807076646994,0.982797608138653,0.023911254040165104,54.0,0.9053402844142221,0.10524098928599203,0.9053402844142221,0.07740583786966683,31.0,0.984624061936421,0.019811728324447532,0.984624061936421,0.016551561314780607,66.3,0.9835483965844681,0.022067459591761512,0.9835483965844681,0.014842679224103658
60.4,0.9842426565975697,0.019389171357093202,0.9842426565975697,0.013346354978999614,1505.0,0.9592209530993638,0.05079145593651781,0.9592209530993638,0.03838037041338856,47.0,0.9827339432878828,0.022513712092828198,0.9827339432878828,0.029447929047901875,-5.5,0.9875124090420909,0.016194510244887054,0.9875124090420909,0.02839701623244292,13.14,0.9828925225733441,0.022498939821610987,0.9828925225733441,0.022630031019523014,57.0,0.9034225023394709,0.10647437120189152,0.9034225023394709,0.07624958211109227,30.6,0.984624061936421,0.019811728324447532,0.984624061936421,0.015409510982003619,67.8,0.982583836776402,0.02323584085943403,0.982583836776402,0.015050905948274575
36.1,0.9845568743806109,0.018957456665293155,0.9845568743806109,0.013563152996426525,1582.0,0.9586303480130288,0.051336543320808926,0.9586303480130288,0.038551641791260964,28.0,0.9828817673119871,0.022317380050055156,0.9828817673119871,0.029370906331104306,3.1,0.987633273189689,0.01604818010627941,0.987633273189689,0.0288753741925314,8.48,0.9838732259213435,0.021119382329890492,0.9838732259213435,0.02109539941572693,56.0,0.9027436635147879,0.10720668506047255,0.9027436635147879,0.07322787053943416,27.1,0.9857155329297557,0.018299617273699765,0.9857155329297557,0.014003291027186539,71.8,0.9821043146148097,0.02374088281863057,0.9821043146148097,0.015057085477010738
35.3,0.9845568743806109,0.018957456665293155,0.9845568743806109,0.013501049090260155,1532.0,0.9581179029472829,0.051939789391164934,0.9581179029472829,0.03961551081710705,32.0,0.981922424345589,0.023403311044567082,0.981922424345589,0.030858451270355018,-1.6,0.9886139765376883,0.014655353854125162,0.9886139765376883,0.02715000950123345,8.14,0.9822897246132768,0.023561605117631588,0.9822897246132768,0.023269649247295295,55.0,0.9022925235333749,0.10797670185820354,0.9022925235333749,0.07235113026893246,26.7,0.9841595846862092,0.020477499186533476,0.9841595846862092,0.015553003050533316,72.2,0.9812927956725159,0.024628873482502766,0.9812927956725159,0.015636845446806952
40.4,0.9845568743806109,0.018957456665293155,0.9845568743806109,0.013211499552367036,1495.0,0.958898971252927,0.05100815977677605,0.958898971252927,0.03861801210463693,57.0,0.981922424345589,0.023403311044567082,0.981922424345589,0.03107524928778193,-2.3,0.9889706880056623,0.014132183473426964,0.9889706880056623,0.02510372087153159,9.05,0.9816097591100653,0.024648125113588607,0.9816097591100653,0.025077388504385578,54.0,0.9007663506856365,0.109461800056125,0.9007663506856365,0.07312113791844585,27.5,0.9835220599454221,0.021360344101456655,0.9835220599454221,0.017340897518121,71.0,0.9821526348729177,0.023398388767071756,0.9821526348729177,0.014820997698336705
79.6,0.9844090503565066,0.019154639263370656,0.9844090503565066,0.013910994934896965,1464.0,0.9570268681397693,0.053126327649753106,0.9570268681397693,0.038121191155309375,74.0,0.9816367033622059,0.023702066527673236,0.9816367033622059,0.030259452749414054,-3.1,0.9897517563113064,0.013138035523522246,0.9897517563113064,0.023550392705430107,17.06,0.9810307331824767,0.025514596455635516,0.9810307331824767,0.026102973235717575,51.0,0.8991769315033997,0.11098118484349037,0.8991769315033997,0.0723396837796833,32.5,0.9825413565974227,0.0227391533987523,0.9825413565974227,0.018911820447622213,64.3,0.9821526348729175,0.02339838876707211,0.9821526348729175,0.013910335495918944
89.8,0.9830099488833071,0.020711811149267813,0.9830099488833071,0.014450411134435716,1411.0,0.9555096541771787,0.05467257593885326,0.9555096541771787,0.03845870764382729,94.0,0.9817148467466009,0.023629956044126207,0.9817148467466009,0.028481157942864325,-0.8,0.9900325695841192,0.012768746970909154,0.9900325695841192,0.022190579950503088,18.53,0.9804730676364893,0.026089520267646,0.9804730676364893,0.02670486375590065,49.0,0.898593443299229,0.1113962698403992,0.898593443299229,0.07227299854139443,33.7,0.9822178051342921,0.023045498638427933,0.9822178051342921,0.019289238798201137,61.6,0.9819810242723126,0.02356665067835687,0.9819810242723126,0.013845994226509036
100.0,0.9818646957218425,0.021881720516054116,0.9818646957218425,0.015081893371641975,1352.0,0.9555096541771787,0.05467257593885326,0.9555096541771787,0.03845870764382729,64.0,0.9813131693261901,0.02413738164230048,0.9813131693261901,0.02908445539455386,1.6,0.9900325695841192,0.012768746970909154,0.9900325695841192,0.022190579950503088,22.51,0.9797207404647734,0.026872835630499,0.9797207404647734,0.027474441632843835,47.0,0.8980407891447042,0.11177253484651942,0.8980407891447042,0.07212635887394342,55.7,0.9817294295289182,0.02351052111789627,0.9817294295289182,0.01979073606117628,52.2,0.9813024945787276,0.02428765429268605,0.9813024945787276,0.014237695674344986
61.2,0.9826628617709714,0.020946778097213136,0.9826628617709714,0.013724671623012137,1560.0,0.956712650356728,0.05353440512370716,0.956712650356728,0.03867658091700559,55.0,0.9816819238424473,0.0237592038361678,0.9816819238424473,0.029836339076432194,3.9,0.9903133828569324,0.012399246813402372,0.9903133828569324,0.02179357597345754,14.03,0.9802888116441213,0.026135048439001884,0.9802888116441213,0.026600904858639328,46.0,0.8954528094186196,0.11458546782730474,0.8954528094186196,0.0751801248228288,31.0,0.982297500708266,0.022769212752150707,0.982297500708266,0.018803526506523265,68.2,0.9810216813059146,0.024650325086571674,0.9810216813059146,0.015251191072289677
72.2,0.9833412644098333,0.020326837921678564,0.9833412644098333,0.01395971812514044,1527.0,0.9583624390102711,0.051754423983075414,0.9583624390102711,0.03743458367899155,63.0,0.9814321698574473,0.02399938909630894,0.9814321698574473,0.03178296530104815,3.1,0.9901803936082235,0.012569451860562764,0.9901803936082235,0.021553188474139527,22.18,0.9801558223954127,0.0263016330033062,0.9801558223954127,0.02792905589913593,47.0,0.8937041701936451,0.11752324411308976,0.8937041701936451,0.07750106783128119,34.9,0.9826991781286768,0.02226069910252031,0.9826991781286768,0.01869908059598944,66.3,0.9813024945787276,0.024287654292685333,0.9813024945787276,0.014248820286219948
69.4,0.9839559389565403,0.01957782216642712,0.9839559389565403,0.014611323526693578,1568.0,0.9594539100036057,0.05032016506627537,0.9594539100036057,0.03517012992759081,40.0,0.9815985636163842,0.023766326961101345,0.9815985636163842,0.03190802157228487,-3.9,0.9904342470045302,0.012252027250256417,0.9904342470045302,0.02096411399973989,15.85,0.9807704969421197,0.025558871435764633,0.9807704969421197,0.029635245772722182,48.0,0.891790393051763,0.1201997443935649,0.891790393051763,0.08329418891617497,31.8,0.9830637991703182,0.021821604948864436,0.9830637991703182,0.020301041682026212,67.1,0.9814503186028318,0.024091885283722362,0.9814503186028318,0.014635559839314076
17.6,0.9835542615361297,0.02008810489938035,0.9835542615361297,0.015433122260132368,1545.0,0.9607019466861649,0.04856796423673937,0.9607019466861649,0.03240803569882303,21.0,0.9808174953107403,0.024743650401723764,0.9808174953107403,0.033178368914512174,0.0,0.9901803936082235,0.012569451860562764,0.9901803936082235,0.021411202706414886,3.98,0.9814973468938126,0.024496946200297253,0.9814973468938126,0.02864343308829849,44.0,0.8916069015493411,0.12034922993418526,0.8916069015493411,0.08320734652587483,22.0,0.9839236383707199,0.020586368265160734,0.9839236383707199,0.019367916867196404,62.7,0.9811361008197905,0.02452055529065892,0.9811361008197905,0.013375859923972833
45.5,0.9841160264934234,0.019436262534637146,0.9841160264934234,0.014141710320125223,1248.0,0.9619713905971828,0.047188156769226414,0.9619713905971828,0.03184684891670157,43.0,0.9816156613598691,0.023812071247325657,0.9816156613598691,0.03346264942765373,2.3,0.9900325695841192,0.012768746970909154,0.9900325695841192,0.022190579950503088,11.67,0.9810956694734019,0.02500390023099514,0.9810956694734019,0.030003899918902645,38.0,0.890825833243697,0.1211486295736219,0.890825833243697,0.08218255614808195,30.2,0.9839236383707199,0.020586368265160013,0.9839236383707199,0.019474680676737376,66.7,0.9809457831107534,0.02480299573136039,0.9809457831107534,0.013677247300674735
16.1,0.9847948653181063,0.018563517566424985,0.9847948653181063,0.01427755655420125,1250.0,0.9619713905971828,0.047188156769226414,0.9619713905971828,0.03238089439418434,24.0,0.9822303359065762,0.023066596096767776,0.9822303359065762,0.033310097445949795,8.6,0.9898661758251823,0.01300572923498337,0.9898661758251823,0.0227873579018115,3.32,0.9816081145391476,0.024370809120892695,0.9816081145391476,0.029288144106881433,34.0,0.8887875304746439,0.12304422070286146,0.8887875304746439,0.08413115657426634,19.6,0.9843253157911307,0.020076091223889644,0.9843253157911307,0.019249708376145775,72.5,0.9807141513178205,0.02507319646777894,0.9807141513178205,0.013991718246071021
20.4,0.9846284715591693,0.018798244009982458,0.9846284715591693,0.015164781338119772,1123.0,0.9618049968382458,0.04741234393291242,0.9618049968382458,0.031918182503763846,35.0,0.9825111491793892,0.022703008455790683,0.9825111491793892,0.031349856351397434,-0.8,0.9901803936082235,0.012569451860562764,0.9901803936082235,0.02210592355293286,4.19,0.9814872503915499,0.024515197656096253,0.9814872503915499,0.030356299748213786,33.0,0.8871107830153038,0.12443115443617186,0.8871107830153038,0.08460209639174296,23.9,0.9843253157911307,0.020076091223889644,0.9843253157911307,0.02037981501763451,57.6,0.9803124738974097,0.02557949377595807,0.9803124738974097,0.01507810099716421
39.6,0.9844806475350651,0.018995465266238385,0.9844806475350651,0.01562712717472571,1548.0,0.9638840638146569,0.04487834773656869,0.9638840638146569,0.031843395294834875,20.0,0.982154437711415,0.023219581925241935,0.982154437711415,0.03080535580737761,7.0,0.9890889226148889,0.014094919291850904,0.9890889226148889,0.024074135428216046,6.07,0.9795958375224957,0.0272805082671596,0.9795958375224957,0.0354512892524202,28.0,0.8847048858117432,0.12673290106257382,0.8847048858117432,0.08720513345193874,23.5,0.9834654765907291,0.02131229305737971,0.9834654765907291,0.023455400935294548,71.4,0.979733447969821,0.026444230738897987,0.979733447969821,0.01619872916855749
21.6,0.9845828770160261,0.01888333991031543,0.9845828770160261,0.014880765529755612,937.0,0.9649755348079914,0.04342737159568696,0.9649755348079914,0.030108612095758606,33.0,0.9823767521710296,0.02286755319444456,0.9823767521710296,0.031704377952282446,5.5,0.9887747048318475,0.014530222190794915,0.9887747048318475,0.026128454108004615,3.79,0.9791941601020852,0.02778529947147775,0.9791941601020852,0.03651477446799996,19.0,0.881916097083011,0.12954751391670222,0.881916097083011,0.09013582512380915,20.4,0.9834654765907289,0.021312293057379708,0.9834654765907289,0.023238602917867637,63.1,0.980859184695156,0.025131148910239178,0.980859184695156,0.01675261621202352
39.2,0.9851975515627331,0.018132445772312652,0.9851975515627331,0.013996540277482485,843.0,0.9646042394773561,0.04374592980083376,0.9646042394773561,0.029509009307702144,40.0,0.9827106134449238,0.022484824375319963,0.9827106134449238,0.032179568091056314,0.6281970010971596,0.9890889226148889,0.014094919291850541,0.9890889226148889,0.02354740073424279,6.3,0.9802095902308041,0.02609645117434012,0.9802095902308041,0.0345041289727242,18.0,0.8796843154853011,0.13148848071789246,0.8796843154853011,0.09150227648641542,26.3,0.9834654765907291,0.02131229305737971,0.9834654765907291,0.022864670804533922,59.2,0.9817190238955577,0.02390166681370311,0.9817190238955577,0.015637115903001247
45.9,0.985095322081772,0.018244721499623688,0.985095322081772,0.01483609593628379,1567.0,0.9653565666490718,0.04298849267640664,0.9653565666490718,0.029759481925827266,33.0,0.9824976163186273,0.02272282563625404,0.9824976163186273,0.03127576715560119,0.8,0.988576477549143,0.014738354846371808,0.988576477549143,0.024908089777606536,10.54,0.9804634436271108,0.025785790534472053,0.9804634436271108,0.035075999365686526,19.0,0.8805441546857029,0.13049446986562144,0.8805441546857029,0.08862171973984673,29.0,0.9833446124431313,0.021457342058504022,0.9833446124431313,0.02411679346318402,70.2,0.9822314689613036,0.023267581731046563,0.9822314689613036,0.014443196004449453
40.0,0.9842261655480521,0.019402421609778096,0.9842261655480521,0.01592773100975311,1629.0,0.9649600780203537,0.043397926373762385,0.9649600780203537,0.030989955848406116,30.0,0.9826184804662251,0.022578061777887674,0.9826184804662251,0.03175308908707387,-2.3,0.9881292705173932,0.015342695264989754,0.9881292705173932,0.025934471870082475,7.68,0.9802095902308041,0.026096451174339758,0.9802095902308041,0.03470442804209285,18.0,0.8835891092954156,0.12798231202902705,0.8835891092954156,0.08565363618468513,25.5,0.9828321673773854,0.022093116978253044,0.9828321673773854,0.024900032342511643,72.2,0.9823336984422648,0.023156166173561525,0.9823336984422648,0.015353980791537419
32.5,0.9828673612201576,0.0213642954015727,0.9828673612201576,0.01858717146121524,1601.0,0.9639793746723541,0.0447274782581612,0.9639793746723541,0.032492185573853784,24.0,0.9830853309888279,0.022027500918331947,0.9830853309888279,0.030620330619817754,3.1,0.9874024205657003,0.01641877931657826,0.9874024205657003,0.02739495522233725,7.79,0.9804904035036172,0.02573450648947591,0.9804904035036172,0.03357383142918233,15.0,0.8838207410883485,0.1277670790965685,0.8838207410883485,0.08713039706371548,26.3,0.9817049948424239,0.02377775139452122,0.9817049948424239,0.02825092754012609,73.3,0.9811341642387992,0.024539065371074423,0.9811341642387992,0.01656705821490263
23.1,0.9832319822617992,0.020924790756022184,0.9832319822617992,0.018144482452289404,985.0,0.9635667425037024,0.045340884813182256,0.9635667425037024,0.03318266275824295,45.0,0.9830853309888279,0.022027500918331947,0.9830853309888279,0.030620330619817754,2.3,0.9871216072928872,0.016786029202183556,0.9871216072928872,0.026626758288222894,2.88,0.9807442568999234,0.02542365929328943,0.9807442568999234,0.031978056249740934,12.0,0.8817670100576579,0.12944903082149303,0.8817670100576579,0.0878942784959062,20.0,0.98155717081832,0.02397362039620343,0.98155717081832,0.028202676559730272,58.4,0.9789887553039842,0.02797545592830751,0.9789887553039842,0.020133689404658497
52.9,0.9835462000448406,0.020494022695738093,0.9835462000448406,0.01731598982125051,1205.0,0.9623730420294068,0.0468939836697095,0.9623730420294068,0.03627544707382061,32.0,0.9834420424568021,0.021509989493535945,0.9834420424568021,0.02970011758888293,4.7,0.9875180959216057,0.016355697544206106,0.9875180959216057,0.025850385003769676,9.36,0.981590616162072,0.024105661778640448,0.981590616162072,0.028558936884418795,13.0,0.8801224847463804,0.13126234400548834,0.8801224847463804,0.09045277468668417,28.2,0.9826843433532811,0.02228947250363057,0.9826843433532811,0.024354267795318886,63.1,0.9784842198119058,0.028682718259995178,0.9784842198119058,0.02138438920502072
34.5,0.9833983760207364,0.02069076606180289,0.9833983760207364,0.016613815704261563,2067.0,0.9627297534973808,0.046396928879633675,0.9627297534973808,0.03627421929266495,19.0,0.9824613391088027,0.022888533805313055,0.9824613391088027,0.03128389075008977,-1.6,0.98766591994571,0.016157455161262258,0.98766591994571,0.025794112945410834,10.16,0.9807307769616704,0.0253347987477344,0.9807307769616704,0.030046126797355445,16.0,0.8807600094871676,0.13055494403688214,0.8807600094871676,0.08982955151973701,27.8,0.9822717111846294,0.022924944516532337,0.9822717111846294,0.02475266609960482,72.9,0.978798437594947,0.028256585605249743,0.978798437594947,0.021954785173555036
19.2,0.9827195371960533,0.021560767812555115,0.9827195371960533,0.017884997344226293,1040.0,0.9637513908530407,0.04537262985133726,0.9637513908530407,0.035854338080436386,36.0,0.9819568036167244,0.023601020646817534,0.9819568036167244,0.03302594514413245,3.1,0.9870512453990029,0.016911517577526756,0.9870512453990029,0.027038700515307906,3.03,0.9806200093163351,0.025460709280933615,0.9806200093163351,0.02998518562020059,20.0,0.8802584337023198,0.1307261349421221,0.8802584337023198,0.09016337275597361,21.6,0.9823925753322271,0.02278024009488304,0.9823925753322271,0.023554918500122358,63.1,0.9786962081139858,0.028367050069582955,0.9786962081139858,0.022392977927726553
32.9,0.9825865479473447,0.02172840208608899,0.9825865479473447,0.017685038156818572,1803.0,0.9652124246618962,0.043376622268210284,0.9652124246618962,0.033597017260503244,27.0,0.9825185685740183,0.02295228336330937,0.9825185685740183,0.03306298673706378,-4.7,0.987162013044338,0.016783784379120287,0.987162013044338,0.026790655568761076,9.05,0.9813295982977331,0.02461829205002454,0.9813295982977331,0.027962379028561475,24.0,0.8776736206623711,0.13256897109740495,0.8776736206623711,0.08982675712302976,27.5,0.9822717111846294,0.022924944516532698,0.9822717111846294,0.023293059495971852,73.3,0.9790529195819601,0.027854230439845997,0.9790529195819601,0.021388732735607298
25.5,0.983671431637503,0.020604441685360436,0.983671431637503,0.01812924502319878,2011.0,0.9644540357735114,0.0443661083339373,0.9644540357735114,0.03561884894584721,18.0,0.982620798054979,0.02284080102152031,0.982620798054979,0.034400626497800804,-3.9,0.9878888629960307,0.015708236772184136,0.9878888629960307,0.024427484454802348,8.26,0.9823627387422619,0.023468583327606665,0.9823627387422619,0.028898703351513143,27.0,0.8730889892552838,0.13750938860119058,0.8730889892552838,0.09679621047917397,27.1,0.9830939480638975,0.022076338395205893,0.9830939480638975,0.024154924204986623,76.1,0.9790529195819601,0.027854230439845997,0.9790529195819601,0.021388732735607298
37.6,0.9845405881712231,0.019448474904723564,0.9845405881712231,0.016973247331395793,1424.0,0.9645748999211092,0.04422681867261393,0.9645748999211092,0.035966275795014095,22.0,0.9821001026761964,0.023357535063065326,0.9821001026761964,0.03500346375313236,-1.6,0.9886870290451598,0.014762357341938469,0.9886870290451598,0.02393025531435454,7.85,0.9826165921385683,0.023156531735759295,0.9826165921385683,0.028665821985863843,31.0,0.8702247466265106,0.13960542649958424,0.8702247466265106,0.0983053083560155,26.3,0.9828400946675909,0.022388826359238584,0.9828400946675909,0.02467700224975223,69.0,0.9790529195819601,0.027854230439845997,0.9790529195819601,0.021388732735607298
18.4,0.985053033236969,0.018810178901135018,0.985053033236969,0.015896461628916635,1550.0,0.964987532089761,0.043612253416660265,0.964987532089761,0.03523949346222127,44.0,0.9827315657003144,0.02271432656132282,0.9827315657003144,0.03411180542009261,2.3,0.9886870290451598,0.014762357341938469,0.9886870290451598,0.02393025531435454,4.07,0.981489419603607,0.02483956523863759,0.981489419603607,0.029918248321834363,37.0,0.8670655088535685,0.14205218543438267,0.8670655088535685,0.09970468270617001,22.4,0.9813790608587355,0.024454920102114735,0.9813790608587355,0.026148598456179447,65.5,0.97818376304824,0.02899609411039325,0.97818376304824,0.021867134663859398
39.6,0.985333846509782,0.018444295456157805,0.985333846509782,0.01573725566437516,1924.0,0.9656445484037794,0.04300573026938833,0.9656445484037794,0.036636670609673606,20.0,0.9828423333456496,0.02258782300980596,0.9828423333456496,0.033844644139298115,0.8,0.9889949406061473,0.014420531595264543,0.9889949406061473,0.023047975047616548,11.63,0.9813685554560091,0.024983877862291996,0.9813685554560091,0.029890181889964534,42.0,0.8653402076858108,0.1428764040229814,0.8653402076858108,0.10051388464902486,29.8,0.981632914255042,0.02414344818454275,0.981632914255042,0.025013097328478093,71.8,0.97818376304824,0.028996094110392535,0.97818376304824,0.0218671346638594
24.7,0.9863280297960347,0.016916082124854626,0.9863280297960347,0.013530615589210945,2076.0,0.9651238530249966,0.04350223687978481,0.9651238530249966,0.036429457417924256,21.0,0.9835211721703324,0.021718418278261247,0.9835211721703324,0.032079469033160266,0.0,0.9893966180265579,0.013905034946551723,0.9893966180265579,0.021451082025791254,7.8,0.9831650538903722,0.022308153666378616,0.9831650538903722,0.024936145993883198,43.0,0.8646264324548851,0.14309030520844357,0.8646264324548851,0.10088600909336964,26.7,0.9817807382791465,0.023947589087792837,0.9817807382791465,0.023763808752858787,76.5,0.9777169125256371,0.029540478177867837,0.9777169125256371,0.02305550284674283
25.5,0.9873496671516947,0.015833782465594144,0.9873496671516947,0.013071045313771424,977.0,0.9644450142003139,0.04433947925150342,0.9644450142003139,0.037844438678944395,36.0,0.9835211721703324,0.021718418278261247,0.9835211721703324,0.032207285108393345,-1.6,0.9899090630923038,0.01326062158813967,0.9899090630923038,0.01998136584405165,2.89,0.9842922264253336,0.02061925066373533,0.9842922264253336,0.02368579680679255,42.0,0.8650733303555372,0.14275780966031165,0.8650733303555372,0.09763236558005378,20.4,0.9836602379858234,0.021473491585208206,0.9836602379858234,0.02153963054999135,59.2,0.9769358442199932,0.03050917108019081,0.9769358442199932,0.022401471263105713
34.1,0.9876035205480014,0.015518122803014128,0.9876035205480014,0.013407214629865877,787.0,0.962429193558401,0.046828209402432486,0.962429193558401,0.04005842742444304,32.0,0.9829064976236256,0.022465754240240787,0.9829064976236256,0.03308468558001454,-7.0,0.9899090630923038,0.01326062158813967,0.9899090630923038,0.01918593440622856,4.0,0.984159237176625,0.020787289787954227,0.984159237176625,0.024629735773146838,40.0,0.8671590479837713,0.1416382516162543,0.8671590479837713,0.09690496486309774,20.0,0.9834630940701711,0.02168452817839165,0.9834630940701711,0.021039431389818744,56.1,0.9764689936973905,0.031052101919513613,0.9764689936973905,0.02271620861841009
36.5,0.9860773477002628,0.01731982642867384,0.9860773477002628,0.015117224656459741,796.0,0.962429193558401,0.046828209402432486,0.962429193558401,0.03924107321634394,31.0,0.983160351019932,0.022153264256007065,0.983160351019932,0.032055948261854164,0.8,0.9901629164886103,0.012943462947038442,0.9901629164886103,0.01837176277357436,4.24,0.9838253759027309,0.02117118135480664,0.9838253759027309,0.025757524191487125,36.0,0.866018737379396,0.14233776523158775,0.866018737379396,0.09894952763454061,20.4,0.9837710056311585,0.02134672393877062,0.9837710056311585,0.02168109207711493,58.4,0.9770693800065805,0.03041073436060761,0.9770693800065805,0.022378924243275325
54.1,0.9849924640101044,0.01845026373254967,0.9849924640101044,0.016114504630506843,1553.0,0.9638190454709036,0.045227380999439445,0.9638190454709036,0.03791810147822335,53.0,0.9839187399083168,0.021126127018558753,0.9839187399083168,0.03167386987087037,3.9,0.9901629164886103,0.012943462947038442,0.9901629164886103,0.01837176277357436,12.85,0.9824355239902283,0.0228419529138365,0.9824355239902283,0.027679411805211766,39.0,0.8654183510702058,0.14282407490506285,0.8654183510702058,0.09931013939802433,31.0,0.9830921668064755,0.02221661376886335,0.9830921668064755,0.022447800534136437,68.6,0.9773551009899636,0.030115394642164606,0.9773551009899636,0.023117711959733608
50.6,0.9849924640101044,0.01845026373254967,0.9849924640101044,0.015405181237779602,2213.0,0.9638190454709036,0.045227380999439445,0.9638190454709036,0.03791810147822335,61.0,0.9833506687289689,0.02186965167644704,0.9833506687289689,0.033164289213745535,-0.8,0.9898550049276229,0.013286162430912499,0.9898550049276229,0.019067201747893142,21.06,0.9824355239902283,0.0228419529138365,0.9824355239902283,0.027679411805211766,48.0,0.8650057189015543,0.14332382615284567,0.8650057189015543,0.0984676444676245,33.7,0.9830921668064755,0.02221661376886335,0.9830921668064755,0.022447800534136437,71.4,0.976399874861987,0.03111732637906011,0.976399874861987,0.02332856369234481
94.5,0.9851827817191414,0.018165391294527652,0.9851827817191414,0.01406683180718404,1534.0,0.963698181323306,0.04536642733680385,0.963698181323306,0.03873099445584499,54.0,0.9822843682795969,0.023232501165005727,0.9822843682795969,0.033851396859063694,-6.2,0.9897341407800251,0.013433167863859608,0.9897341407800251,0.01882685687457711,16.05,0.9819883169584784,0.02343876563378193,0.9819883169584784,0.02704786011164107,49.0,0.8584709802995432,0.15169146167304234,0.8584709802995432,0.14615834720619508,31.4,0.9827779490234343,0.02264662628561495,0.9827779490234343,0.021886055091479933,60.8,0.9765901925710239,0.03083747004846792,0.9765901925710239,0.024478909335427984
19.2,0.9846782462270632,0.018882336635781195,0.9846782462270632,0.014962247973320136,1323.0,0.9622990798501062,0.04685157840053822,0.9622990798501062,0.03988580329114299,35.0,0.9821736006342618,0.02335885730292106,0.9821736006342618,0.034570661386887205,-1.6,0.9890553019553424,0.014313940024292478,0.9890553019553424,0.02089335100762514,3.69,0.9817209836239185,0.023890869732664625,0.9817209836239185,0.02810943413285048,37.0,0.8559568168484708,0.15463630890736094,0.8559568168484708,0.14865781172416737,19.2,0.9825106156888744,0.023099319762848333,0.9825106156888744,0.023409142018109966,61.2,0.9764423685469196,0.0310312123737201,0.9764423685469196,0.023984526331847073
38.0,0.9840635716803562,0.01963235468017904,0.9840635716803562,0.016210665321038223,802.0,0.9607729070023678,0.04855610746881582,0.9607729070023678,0.04065002700617929,31.0,0.9822944647818597,0.02321422129260748,0.9822944647818597,0.03384063449987303,0.8,0.9895221524779451,0.0137557334774075,0.9895221524779451,0.02010717614685406,4.28,0.9814401703511056,0.02425381466105171,0.9814401703511056,0.028606916566947263,24.0,0.8551757485428269,0.15536381978255032,0.8551757485428269,0.15031560217728634,20.4,0.9821089382684639,0.02360738945370535,0.9821089382684639,0.024641968827448242,53.3,0.9759951615151697,0.03162050476908339,0.9759951615151697,0.02357488893439073
36.1,0.9836163646486061,0.020231649901907314,0.9836163646486061,0.017783082858905657,810.0,0.9611175754220588,0.04823332439759281,0.9611175754220588,0.040877347545325134,33.0,0.981773769403077,0.023730577647620387,0.981773769403077,0.035242068728663395,-4.7,0.988723986428816,0.014703244611310357,0.988723986428816,0.020989476750196155,4.04,0.9812923463270014,0.024449557180678174,0.9812923463270014,0.030879266819910222,12.0,0.8538804064005209,0.15613853286847493,0.8538804064005209,0.15472150205193044,20.0,0.9821089382684639,0.02360738945370535,0.9821089382684639,0.026552106639642,57.6,0.9768173983944378,0.030784888150339248,0.9768173983944378,0.023358607042077966
44.3,0.9832037324799546,0.02086860589410693,0.9832037324799546,0.01822479151088915,765.0,0.9616856466014067,0.0475227608298667,0.9616856466014067,0.038831241859127785,58.0,0.9809046128693567,0.024879405396132658,0.9809046128693567,0.03667146815746856,3.9,0.9893743284538408,0.013954716369114011,0.9893743284538408,0.019492308119698112,4.67,0.9815461997233079,0.02413811250805134,0.9815461997233079,0.030378024851224383,8.0,0.8512941920544299,0.15830638271853312,0.8512941920544299,0.15802722192235233,21.6,0.9825106156888747,0.02309931976284834,0.9825106156888747,0.025829352319712947,56.5,0.9775984667000818,0.029816538978192447,0.9775984667000818,0.024008084222354786
47.8,0.9832037324799544,0.020868605894106922,0.9832037324799544,0.018684149226029796,1495.0,0.9616856466014067,0.0475227608298667,0.9616856466014067,0.038831241859127785,31.0,0.9799239095213576,0.026250909692141382,0.9799239095213576,0.039177176662455626,3.1,0.9891204750575343,0.014271357597572748,0.9891204750575343,0.0196374366022683,11.23,0.9799626984152411,0.02656951857351842,0.9799626984152411,0.03466346332149196,19.0,0.850469079634748,0.15939426075884983,0.850469079634748,0.15900739650432608,30.2,0.9818959411421676,0.023844995535200853,0.9818959411421676,0.02636288796788912,62.4,0.9780456737318316,0.02922540618760671,0.9780456737318316,0.023057693398560408
54.5,0.9819106552943856,0.022234776945194316,0.9819106552943856,0.018824218092526886,1980.0,0.9616856466014067,0.0475227608298667,0.9616856466014067,0.038831241859127785,61.0,0.9804284450134357,0.025541311719858788,0.9804284450134357,0.03922181896001368,-0.8,0.9881262917712815,0.01580665662046118,0.9881262917712815,0.02013915665609306,19.25,0.9790074722872644,0.027577739389681093,0.9790074722872644,0.03529419079723072,29.0,0.8478606012093718,0.16298561315774907,0.8478606012093718,0.1613995462662735,33.3,0.9796809768099827,0.026917026627133998,0.9796809768099827,0.03036815918036506,74.5,0.9769793732824595,0.03057261916388416,0.9769793732824595,0.024391235590697145
20.0,0.9815964375113444,0.022664249600411128,0.9815964375113444,0.01873966570629272,1750.0,0.9616856466014067,0.0475227608298667,0.9616856466014067,0.038135917167568714,98.0,0.9803075808658379,0.0256853751984335,0.9803075808658379,0.04032931036637022,-1.6,0.9879933025225729,0.01597601976465273,0.9879933025225729,0.021077229262061604,25.56,0.9779858349316041,0.028638351630491478,0.9779858349316041,0.03548143680643251,39.0,0.8442862119914329,0.16573454075976907,0.8442862119914329,0.1652375137177754,38.8,0.9784115328989647,0.02835080981531964,0.9784115328989647,0.03107300012924828,76.5,0.9763887681961245,0.03114117466649445,0.9763887681961245,0.02426376863129893
100.0,0.9810919020192661,0.023376203458837112,0.9810919020192661,0.018913986199070677,2086.0,0.9634973802432579,0.0454268373495192,0.9634973802432579,0.036138880002851474,93.0,0.9805425552612375,0.025468757874904557,0.9805425552612375,0.03891507043015895,3.1,0.9879933025225729,0.01597601976465273,0.9879933025225729,0.021077229262061604,37.16,0.9775512932664705,0.029017296716909315,0.9775512932664705,0.035334869198756204,55.0,0.8420159369804577,0.1668746788304763,0.8420159369804577,0.16617122526545838,71.4,0.9779516605005986,0.0287676762124681,0.9779516605005986,0.03131529874295127,60.0,0.9764909976770858,0.031031275056388995,0.9764909976770858,0.024622693417399824
82.0,0.9812397260433704,0.023180340695989357,0.9812397260433704,0.018009021214573092,2064.0,0.9648332353819594,0.043985947977411115,0.9648332353819594,0.03541285756186732,57.0,0.9804403257802765,0.025579720358373022,0.9804403257802765,0.039160709818679536,-3.9,0.9879933025225729,0.01597601976465273,0.9879933025225729,0.021077229262061604,25.06,0.9772174319925764,0.02939570403392364,0.9772174319925764,0.03566449350934599,63.0,0.8413126411502719,0.16703805858023582,0.8413126411502719,0.16451140059840547,35.3,0.9777200287076655,0.029036077162947326,0.9777200287076655,0.03143022320571365,67.1,0.9769197733856707,0.030556003863083887,0.9769197733856707,0.02461657346667136
57.3,0.9815539438264116,0.022751194599379004,0.9815539438264116,0.01689233045670934,2117.0,0.9654707601227464,0.04313534921272584,0.9654707601227464,0.03403388338042628,19.0,0.9807741870541706,0.02519869991951256,0.9807741870541706,0.039201850334574365,-12.5,0.9879933025225729,0.01597601976465273,0.9879933025225729,0.020708118017524153,17.57,0.9758402400158587,0.031176741463363772,0.9758402400158587,0.03810867293970708,61.0,0.840554252261887,0.16777955868832767,0.840554252261887,0.1628881229315185,31.4,0.9776251142729744,0.029134028842122277,0.9776251142729744,0.031133654539283923,69.8,0.9772764848536447,0.03004495154753232,0.9772764848536447,0.02480328372846487
18.0,0.9821220150057592,0.02200958407185793,0.9821220150057592,0.01763890819876625,1994.0,0.9668479520994641,0.04139120854746202,0.9668479520994641,0.031873613369045276,18.0,0.9807741870541705,0.025198699919512558,0.9807741870541705,0.03856338290381054,0.0,0.9882471559188793,0.015660185623209137,0.9882471559188793,0.020755619167966324,5.32,0.975719375868261,0.03131940314538737,0.975719375868261,0.03851831978926135,55.0,0.842016889422356,0.16607534922264355,0.842016889422356,0.15939458980833526,23.1,0.9770633493156805,0.02977584997494059,0.9770633493156805,0.03206977010053496,63.5,0.9781524675939799,0.028977529949143092,0.9781524675939799,0.02355851436821856
40.8,0.9816748079740094,0.022606578632323997,0.9816748079740094,0.018125121113418956,1637.0,0.9664964439672047,0.0416829955387864,0.9664964439672047,0.0323841702199568,64.0,0.9815325759425554,0.02417649157534056,0.9815325759425554,0.038115355056962986,3.9,0.9868699639421616,0.01748142577980875,0.9868699639421616,0.02338580246606179,10.1,0.9754385625954479,0.031677906863159945,0.9754385625954479,0.03972203299268947,47.0,0.842720185252542,0.16591079514270826,0.842720185252542,0.16109695210521985,28.6,0.9763845104909977,0.03063374656068254,0.9763845104909977,0.03400307476528331,73.7,0.9796122292140352,0.02726350474052728,0.9796122292140352,0.022629391381994126
58.0,0.9807988252336742,0.023683719145026934,0.9807988252336742,0.018708224513632306,1186.0,0.9661251486365691,0.04200277879208756,0.9661251486365691,0.03197597733369024,23.0,0.9830709448365422,0.022222531322466543,0.9830709448365422,0.034311713578756974,4.7,0.987017787966266,0.01728348532697302,0.987017787966266,0.02318366739868334,22.12,0.9761654125471411,0.030626516532487588,0.9761654125471411,0.03859859243011132,33.67243525896414,0.8418200332824691,0.1663312121455705,0.8418200332824691,0.16341222469042826,39.6,0.9766987282740389,0.030209195483808297,0.9766987282740389,0.03397409729669136,59.2,0.9794458354550981,0.027495484836065585,0.9794458354550981,0.02212469214629369
19.2,0.9805671934407412,0.02395414197288126,0.9805671934407412,0.01973800863324119,2230.0,0.9663567804295023,0.041740833008241864,0.9663567804295023,0.03233871074770882,33.0,0.9830709448365422,0.022222531322466543,0.9830709448365422,0.03382604399321498,3.1,0.9865004351899499,0.017859191709385075,0.9865004351899499,0.024171116481324955,6.4,0.9757366368385559,0.03110136887161844,0.9757366368385559,0.0389264994637932,41.0,0.8406942965571339,0.1672602684891535,0.8406942965571339,0.1651263762314828,24.7,0.9763648670001449,0.030586847943525643,0.9763648670001449,0.03373742948173868,65.1,0.9789412999630198,0.0282033382592927,0.9789412999630198,0.023337385177056233
58.8,0.9805671934407412,0.02395414197288126,0.9805671934407412,0.019352232538652533,2099.0,0.9675894881437649,0.04046828415507141,0.9675894881437649,0.031133808377318953,45.0,0.9835181518682921,0.021624484131629495,0.9835181518682921,0.032816569422501905,1.6,0.986033584667347,0.01841371122559999,0.986033584667347,0.024338574480746594,18.42,0.9756036475898473,0.03126646986184096,0.9756036475898473,0.03801942222332596,46.0,0.8385531297030795,0.16945225672627187,0.8385531297030795,0.16600717775923,32.5,0.9764857311477427,0.030443996080705017,0.9764857311477427,0.0328723047975142,69.8,0.9797223682686637,0.02723071865244925,0.9797223682686637,0.02239436331960422
26.3,0.9812940433924341,0.0228912550380631,0.9812940433924341,0.01806233042583094,2539.0,0.9689253432824663,0.03901390432236999,0.9689253432824663,0.030783245348956854,44.0,0.9822802408183151,0.023156227261786125,0.9822802408183151,0.03369137518518369,3.9,0.9865509374436632,0.01783857695723113,0.9865509374436632,0.024287221738123498,8.2,0.9752894298068059,0.03169018244518938,0.9752894298068059,0.040761613584113864,52.0,0.8337823136363879,0.17393483977909271,0.8337823136363879,0.17067483725383775,25.1,0.9757273422593579,0.03145588403382579,0.9757273422593579,0.036132799516997494,69.8,0.9792339926632898,0.027692414524957232,0.9792339926632898,0.022689541170978832
51.4,0.9818558083497281,0.022242567266497704,0.9818558083497281,0.017071512137464207,1757.0,0.9696837321708509,0.0380153226669591,0.9696837321708509,0.02968681149298184,27.0,0.9809916259093281,0.024867369466950583,0.9809916259093281,0.037356023351565924,3.1,0.9856817809099431,0.018998394614799873,0.9856817809099431,0.025789684020902502,13.5,0.9748767976381542,0.03231675164001248,0.9748767976381542,0.041380479446228434,53.0,0.8322739177868387,0.1744347370217658,0.8322739177868387,0.16978319088623542,30.6,0.9759176599683949,0.031176294821277626,0.9759176599683949,0.03504243840287384,70.2,0.9780645312835252,0.028947560763057125,0.9780645312835252,0.023681681591681873
41.2,0.9817228191010194,0.02240995670435935,0.9817228191010194,0.017752515933289387,1697.0,0.9680943129886141,0.03979680049549268,0.9680943129886141,0.03104938487042924,47.0,0.9813483373773023,0.024352026518399607,0.9813483373773023,0.037687660152683246,-0.8,0.9858026450575411,0.01885268687343091,0.9858026450575411,0.02630595958409397,5.59,0.9743722621460759,0.03301867360592019,0.9743722621460759,0.04136243328582914,52.0,0.8311824467935042,0.1754995499090619,0.8311824467935042,0.16686482471866615,22.4,0.9754131244763167,0.031879591911995596,0.9754131244763167,0.03559318455818543,72.2,0.9774464981159697,0.029511886954712966,0.9774464981159697,0.02411170133768434
54.1,0.9815564253420823,0.022643279260013863,0.9815564253420823,0.017342130901924657,1764.0,0.9689253432824663,0.03901390432236999,0.9689253432824663,0.030783245348956854,41.0,0.9809011303455523,0.024947467308972716,0.9809011303455523,0.038162408212852446,-3.1,0.9854009676371303,0.019364253148383227,0.9854009676371303,0.025487633109174925,14.37,0.9754994346810372,0.03135770716359434,0.9754994346810372,0.03852522145298143,55.0,0.8326434806023596,0.17402683998884175,0.8326434806023596,0.16638858006323465,31.0,0.9773045373453707,0.029135434345898235,0.9773045373453707,0.03182534589607125,69.8,0.9778937051477198,0.028920710868047685,0.9778937051477198,0.02455166020725707
48.2,0.9815564253420823,0.022643279260013863,0.9815564253420823,0.016489666123739064,1839.0,0.9692302273854181,0.038745150662440296,0.9692302273854181,0.032056716812267,68.0,0.9801427414571674,0.025968397395402736,0.9801427414571674,0.03843494075888581,2.3,0.9846425787487453,0.02039434393861794,0.9846425787487453,0.027925186291659774,13.21,0.9768290825927977,0.02925424352519413,0.9768290825927977,0.03551273116080225,60.0,0.8341440188816225,0.17318442686417101,0.8341440188816225,0.16469735111982295,30.6,0.978014126326769,0.028298656109703602,0.978014126326769,0.03148282601141788,71.0,0.9778937051477198,0.028920710868047685,0.9778937051477198,0.02541628704608514
82.0,0.981051889850004,0.02335521391172477,0.981051889850004,0.01665168747679366,2083.0,0.9694652017808176,0.03853428655224035,0.9694652017808176,0.0325271627087148,38.0,0.9807108126365155,0.02522975498581126,0.9807108126365155,0.0366686265056142,3.9,0.9841252259724294,0.020966986007072468,0.9841252259724294,0.028544862166673384,25.48,0.9766812585686934,0.029448275124156396,0.9766812585686934,0.03585942597262698,64.0,0.8326114822327435,0.17368916335172474,0.8326114822327435,0.16491848647623814,30.2,0.9782271234530651,0.028063000090235168,0.9782271234530651,0.031169405894319557,67.5,0.9781253369406527,0.02865223248174019,0.9781253369406527,0.025245787343795963
38.8,0.981051889850004,0.02335521391172477,0.981051889850004,0.01707709744862394,804.0,0.9695674312617788,0.038425992160365775,0.9695674312617788,0.03208324652452365,31.0,0.9813111989457055,0.024581873133904707,0.9813111989457055,0.036361773243897444,-5.5,0.9847627507132164,0.020083328226644874,0.9847627507132164,0.026825759810828683,4.12,0.9771481090912962,0.02890445324259965,0.9771481090912962,0.03456079430634712,33.67243525896414,0.8326114822327434,0.17368916335172474,0.8326114822327434,0.16349248518620588,20.4,0.9777602729304625,0.028607854838671783,0.9777602729304625,0.030887764184926673,58.4,0.9781253369406527,0.02865223248174019,0.9781253369406527,0.02537601751246541
48.6,0.9827016785035468,0.02147464136064626,0.9827016785035468,0.016063782443048853,1312.0,0.9690777834676044,0.039211614552204,0.9690777834676044,0.030683360138389137,50.0,0.9817399746542904,0.024101304741302558,0.9817399746542904,0.0354722124549221,5.5,0.9844485329301751,0.020514776508879944,0.9844485329301751,0.026702830345706956,14.91,0.9781000035327457,0.027960934920693556,0.9781000035327457,0.034493191076276304,20.0,0.8328780072680394,0.1735127313698372,0.8328780072680394,0.16313163637481495,32.2,0.9779919047233955,0.028339340830829098,0.9779919047233955,0.030632034517905384,62.7,0.9781253369406527,0.02865223248174019,0.9781253369406527,0.02537601751246541
37.6,0.9842910976857835,0.019634737559905437,0.9842910976857835,0.015035473418574592,821.0,0.9697577489708159,0.038149613571291804,0.9697577489708159,0.030824515479324917,33.0,0.9809815857659057,0.02512379522394456,0.9809815857659057,0.03624658986522677,-8.6,0.984614926689112,0.020280384247172586,0.984614926689112,0.02577155731476546,4.25,0.9789886516396972,0.027065758361070103,0.9789886516396972,0.03531773194907909,16.0,0.8328780072680394,0.1735127313698372,0.8328780072680394,0.16313163637481495,27.23618212807402,0.980007725365308,0.025769199005898892,0.980007725365308,0.02770102956107031,53.3,0.9782361045859878,0.028527018299652714,0.9782361045859878,0.02453278946296402
44.7,0.9856269528244852,0.01812510237539048,0.9856269528244852,0.014410766709238972,850.0,0.9707223087788819,0.03701190169555993,0.9707223087788819,0.029373536666963008,21.0,0.9801056030255707,0.026197898119994463,0.9801056030255707,0.03859560814784152,4.7,0.9851322794654281,0.019707085652217876,0.9851322794654281,0.02519281493527911,8.59,0.9800917017917781,0.025861837432419113,0.9800917017917781,0.033845271664757655,18.0,0.8327168303507702,0.17361119581655404,0.8327168303507702,0.16212595487431833,28.2,0.9812771692763261,0.024329615847919466,0.9812771692763261,0.02604775228548053,55.3,0.9790671348798398,0.027725641862075257,0.9790671348798398,0.024448526765413744
17.3,0.9863057916491679,0.017250074225717466,0.9863057916491679,0.01355173526881611,1558.0,0.9712268442709603,0.03631481152564388,0.9712268442709603,0.02776881998928463,78.0,0.9796159552313963,0.02699859238329078,0.9796159552313963,0.03907258308308044,3.1,0.9854464972484696,0.0192750710919841,0.9854464972484696,0.025204630311836593,11.37,0.9796248512691753,0.026408830719747173,0.9796248512691753,0.036562420193453654,26.0,0.8353751037249846,0.17219556117656293,0.8353751037249846,0.159715084392562,29.4,0.9811293452522218,0.02452531322037055,0.9811293452522218,0.02803246637380292,64.7,0.979724151193858,0.027098754402081433,0.979724151193858,0.024971208052125028
100.0,0.9857377204698202,0.017997695339310026,0.9857377204698202,0.014121483681880518,2522.0,0.969163820801301,0.039190376247022714,0.969163820801301,0.030214154897340285,20.0,0.9800631622631463,0.026404897564158324,0.9800631622631463,0.037899294886887425,0.8,0.9855794864971782,0.019106600783960304,0.9855794864971782,0.023378952741085157,38.51,0.9785218011170944,0.027611533873181843,0.9785218011170944,0.03811241565610425,36.0,0.8353751037249846,0.17219556117656293,0.8353751037249846,0.159715084392562,38.8,0.9798599013412038,0.025964416537406734,0.9798599013412038,0.0297677200191866,65.9,0.9790671348798398,0.027725641862075257,0.9790671348798398,0.025604489428759685
56.1,0.9854235026867788,0.018430248425143174,0.9854235026867788,0.013830824568561977,1698.0,0.9684054319129164,0.0401874706730882,0.9684054319129164,0.03135510507493282,50.0,0.9809095215252946,0.025088692410992684,0.9809095215252946,0.03762614067753274,-4.7,0.9852148654555366,0.019547864819420814,0.9852148654555366,0.02367897066897146,13.83,0.9783739770929901,0.027806165247669067,0.9783739770929901,0.03807004347591077,50.0,0.8353751037249846,0.17219556117656293,0.8353751037249846,0.159715084392562,31.0,0.980007725365308,0.02576919900589997,0.980007725365308,0.0287319305168142,69.4,0.97766803340664,0.029261807130205368,0.97766803340664,0.026768725145168006
75.3,0.9845636634863772,0.019669305883689737,0.9845636634863772,0.014280441471271842,1696.0,0.9694530252538562,0.0389761733416319,0.9694530252538562,0.029966592717743625,66.0,0.9813111989457055,0.024581873133906144,0.9813111989457055,0.03678408812274352,-8.6,0.9851126359745754,0.019659995717176255,0.9851126359745754,0.02352250958450289,18.41,0.9791721431421192,0.026879503896342145,0.9791721431421192,0.036349351431222206,52.0,0.8320368648475588,0.17440421748705673,0.8320368648475588,0.15957252203086225,32.9,0.9807887936709523,0.024793531709732537,0.9807887936709523,0.02740721752949909,67.1,0.9767988768729201,0.030400732795435363,0.9767988768729201,0.028361822003436364
83.9,0.9844158394622732,0.019866383002697375,0.9844158394622732,0.014234373075498344,1756.0,0.9694530252538565,0.03897617334163191,0.9694530252538565,0.030248061008768704,53.0,0.9800732878957283,0.026106321725818903,0.9800732878957283,0.03771010562825781,-6.2,0.9839189355002796,0.021281470442976298,0.9839189355002796,0.026868035034240813,21.88,0.9788642315811319,0.027213926030937318,0.9788642315811319,0.03852179697958941,53.0,0.8301359501116083,0.1751278191135306,0.8301359501116083,0.16051165912585666,34.1,0.9811226549448462,0.024412102085955827,0.9811226549448462,0.028408241858404102,65.9,0.9769891945819572,0.030120617549499577,0.9769891945819572,0.028125247163549992
62.0,0.9839033943965271,0.020503703419640126,0.9839033943965271,0.014880466560176619,1757.0,0.9682981477367532,0.04038595731797421,0.9682981477367532,0.033095972339671785,26.0,0.9796767992670102,0.026529363825975576,0.9796767992670102,0.038956951561938256,-7.8,0.9840667595243838,0.021084708402742135,0.9840667595243838,0.027629516555862745,15.46,0.978346878804816,0.027779475316302364,0.978346878804816,0.039400125324260286,56.0,0.8285564101301105,0.17562871195338126,0.8285564101301105,0.1607507099015235,31.4,0.9806938792362613,0.02489221909301358,0.9806938792362613,0.029035163946301016,69.0,0.9769891945819572,0.030120617549499577,0.9769891945819572,0.02865735639915684
20.0,0.9849948653898619,0.018993497659276652,0.9849948653898619,0.013673944381554799,1110.0,0.9669393434088589,0.04228571690936549,0.9669393434088589,0.033710504114966226,46.0,0.9785510625416748,0.0278391846747124,0.9785510625416748,0.041748126161782646,-3.9,0.9846814340710909,0.0203355950299451,0.9846814340710909,0.027710586314401882,3.41,0.977696536779791,0.02851025955579601,0.977696536779791,0.039720648818724336,59.0,0.8243616713029772,0.17890278984968747,0.8243616713029772,0.16131038538528766,17.6,0.9797224932215802,0.026149524183547383,0.9797224932215802,0.029754444562715362,60.8,0.976674976798916,0.03054532919579606,0.976674976798916,0.027451923944543613
49.4,0.9843573406490748,0.0198780753669243,0.9843573406490748,0.014003770345134454,1629.0,0.9671296611178962,0.04201088795037627,0.9671296611178962,0.032090588160997705,34.0,0.9785510625416748,0.0278391846747124,0.9785510625416748,0.041748126161782646,3.9,0.9842849454423727,0.020763049735623113,0.9842849454423727,0.027417498370757694,10.76,0.9775756726321931,0.028653536962202113,0.9775756726321931,0.03995207808388568,61.0,0.8209310331102498,0.1810455620423665,0.8209310331102498,0.162801980050203,29.4,0.979388631947686,0.02652979348862616,0.979388631947686,0.03019026437727027,69.8,0.976865294507953,0.03026527915265029,0.976865294507953,0.026733842575985385
33.7,0.9843573406490748,0.0198780753669243,0.9843573406490748,0.014003770345134454,1658.0,0.9671296611178962,0.04201088795037627,0.9671296611178962,0.032090588160997705,40.0,0.979515622349741,0.026680319090936926,0.979515622349741,0.039109374866385334,0.0,0.9845387988386791,0.02044966622319439,0.9845387988386791,0.027665058760910466,6.99,0.9775756726321931,0.028653536962202113,0.9775756726321931,0.03995207808388568,59.0,0.8186833946944735,0.18356331566491665,0.8186833946944735,0.16429557698172198,26.7,0.979388631947686,0.02652979348862616,0.979388631947686,0.03019026437727027,72.2,0.9767630650269918,0.030375303544600073,0.9767630650269918,0.02695775017985074
47.8,0.9842364765014769,0.020023436771941624,0.9842364765014769,0.013893612104361575,1582.0,0.9671296611178962,0.04201088795037627,0.9671296611178962,0.032090588160997705,43.0,0.9803271412920348,0.025795708709538078,0.9803271412920348,0.03690180490008691,3.9,0.9845387988386791,0.02044966622319439,0.9845387988386791,0.027665058760910466,10.93,0.9771284656004433,0.029244634314178217,0.9771284656004433,0.04169208215006649,55.0,0.8186833946944735,0.18356331566491665,0.8186833946944735,0.16429557698172198,29.4,0.9796424853439925,0.026219516614648813,0.9796424853439925,0.03076505963883915,70.2,0.9759819967213479,0.03134233699308818,0.9759819967213479,0.026823287627770892
93.3,0.9838077007928918,0.020507057726710076,0.9838077007928918,0.014779591745371572,1460.0,0.9671296611178962,0.04201088795037627,0.9671296611178962,0.032090588160997705,65.0,0.9798602907694322,0.026342870870239954,0.9798602907694322,0.037067123643134865,7.0,0.9834912054977389,0.02170084758441636,0.9834912054977389,0.029049488069837377,20.26,0.9768968338075102,0.02951268474170848,0.9768968338075102,0.04313962578060425,56.0,0.819463906812018,0.18323936754466902,0.819463906812018,0.1622990278795861,34.1,0.9797447148249537,0.026108715525906212,0.9797447148249537,0.029921215820366567,66.3,0.9766608355460307,0.030485304242932918,0.9766608355460307,0.025741740521944213
32.5,0.9843694657501856,0.01985528080928972,0.9843694657501856,0.013953618143867743,1600.0,0.967027431636935,0.0421185106922177,0.967027431636935,0.032397460743821806,32.0,0.9809874633043935,0.024664451788943182,0.9809874633043935,0.03278652730477318,0.0,0.9831224509814821,0.0220805272929235,0.9831224509814821,0.030269059505995673,7.68,0.9761634582496116,0.03031981386624202,0.9761634582496116,0.04430896674273554,58.0,0.8203627603256055,0.18283305397070565,0.8203627603256055,0.16140264061558218,26.7,0.9785898373078504,0.027549632377028177,0.9785898373078504,0.03185871268096779,72.9,0.976808659570135,0.030291433848229462,0.976808659570135,0.025477501548399388
18.8,0.9851278546385703,0.018825068919073353,0.9851278546385703,0.013373631250446735,1432.0,0.9672177493459719,0.0418436222776655,0.9672177493459719,0.03328445412287968,22.0,0.9804193921250456,0.025403638287057308,0.9804193921250456,0.03481077418964242,12.5,0.9828416377086691,0.022444527091552657,0.9828416377086691,0.03095738353122409,3.55,0.9752822586676084,0.03131915429742219,0.9752822586676084,0.04501807185613206,47.0,0.8186352014814542,0.1844273311379817,0.8186352014814542,0.16107649822770603,20.8,0.9773012223988635,0.029248323308770852,0.9773012223988635,0.03365110586299441,69.8,0.976808659570135,0.030291433848229462,0.976808659570135,0.025477501548399388
28.2,0.9842680154381688,0.020063400046919623,0.9842680154381688,0.014010499163452041,858.0,0.9672177493459719,0.0418436222776655,0.9672177493459719,0.03328445412287968,30.0,0.9798617265790582,0.025978248650844166,0.9798617265790582,0.03560676621819886,-2.3,0.9832888447404191,0.021846725062142084,0.9832888447404191,0.030846547352447323,3.52,0.9751492694189,0.031484144747054126,0.9751492694189,0.04380839818144513,20.0,0.8163875630656781,0.18692595908196957,0.8163875630656781,0.16303866909710024,19.6,0.9763298363841825,0.0304967737974654,0.9763298363841825,0.03478730480926172,60.8,0.976808659570135,0.030291433848229462,0.976808659570135,0.025477501548399388
52.5,0.9837062504808749,0.020714988633896824,0.9837062504808749,0.014969430437744477,1660.0,0.9677754148919592,0.04128595377153853,0.9677754148919592,0.03429936282855715,73.0,0.9803412487406504,0.025475507270062366,0.9803412487406504,0.0360914530971617,7.0,0.9830349913441127,0.022159336531421953,0.9830349913441127,0.03077095293618429,17.2,0.9757110343761936,0.030844631465874333,0.9757110343761936,0.04216486305530528,32.0,0.8159690971678566,0.18717496588273527,0.8159690971678566,0.16367593271271036,32.9,0.9763298363841826,0.030496773797466126,0.9763298363841826,0.03382558546406651,60.4,0.9762962145043893,0.030918197140401584,0.9762962145043893,0.026418280774940118
98.8,0.9837062504808749,0.020714988633896824,0.9837062504808749,0.014969430437744477,3118.0,0.9677754148919592,0.04128595377153853,0.9677754148919592,0.03576193109990315,71.0,0.9798617265790582,0.025978248650844166,0.9798617265790582,0.0366742400482747,0.0,0.9835018418667154,0.021608334466241486,0.9835018418667154,0.03122967010515834,33.82,0.9761994099815676,0.030386273112443248,0.9761994099815676,0.042641731123346314,41.0,0.8139060736981973,0.1891814159786822,0.8139060736981973,0.16537211437861515,28.2,0.9772850625121593,0.02949431108650802,0.9772850625121593,0.03322268734470789,67.1,0.9757916790123108,0.031621913064210354,0.9757916790123108,0.02535429675820227
75.7,0.9844076232125452,0.020008630378541604,0.9844076232125452,0.013983630586470298,2219.0,0.9676646472466243,0.04140829903773387,0.9676646472466243,0.035201618183127295,53.0,0.9790153673169099,0.027292231987431442,0.9790153673169099,0.03873798876810115,-5.5,0.9838664629083571,0.021168626454845293,0.9838664629083571,0.031658611577264774,24.12,0.9769517371532833,0.029608627243882135,0.9769517371532833,0.04137966342006129,53.0,0.808972000743778,0.1933704085955364,0.808972000743778,0.1699624191242698,34.5,0.978037389683875,0.0287150623649072,0.978037389683875,0.03300823067405559,67.8,0.9747253785629385,0.03296325197457813,0.9747253785629385,0.02782039561200284
48.04087253229344,0.9851599503842609,0.01921612777497339,0.9851599503842609,0.013673729533471983,2738.0,0.9678310410055613,0.041181614232308976,0.9678310410055613,0.03560810286938774,30.0,0.978613689896499,0.027796705875748094,0.978613689896499,0.03916300655291709,3.9,0.9832983917290092,0.02191208575026285,0.9832983917290092,0.033847301474467476,11.73,0.9775892618940702,0.02873724436479723,0.9775892618940702,0.04193197857233893,60.0,0.8021756191708357,0.2006594847539114,0.8021756191708357,0.1710655358630565,27.5,0.9793534441182472,0.027125566422342887,0.9793534441182472,0.032118271945164346,70.6,0.9741418903587677,0.03347157446809048,0.9741418903587677,0.02686979540018542
48.04087253229344,0.9854741681673022,0.018783944139377357,0.9854741681673022,0.014066613279137592,1843.0,0.9678310410055614,0.04118161423230898,0.9678310410055614,0.0355269999103929,27.0,0.978613689896499,0.027796705875748094,0.978613689896499,0.03916300655291709,6.2,0.9824868727867154,0.022802713962224767,0.9824868727867154,0.03561655326754401,17.6,0.9767201053603503,0.029876540369279263,0.9767201053603503,0.043152622848870996,57.0,0.7991383650368745,0.20414542160854854,0.7991383650368745,0.16981357992420293,32.5,0.9782262715832858,0.02879825943696746,0.9782262715832858,0.0346870293636595,69.0,0.9739447464431156,0.03367805672479902,0.9739447464431156,0.026231235676269424
19.2,0.9862552364729462,0.01779707416868573,0.9862552364729462,0.013118903159964451,1850.0,0.9687956008136273,0.040049333114612576,0.9687956008136273,0.03453858447434557,28.0,0.9778613627247835,0.028577146152814203,0.9778613627247835,0.04008656788464576,9.4,0.9824868727867152,0.0228027139622244,0.9824868727867152,0.03706974616922475,5.12,0.9772325504260961,0.0292489444898998,0.9772325504260961,0.04127019705452999,49.0,0.7978087171251141,0.20555863112498265,0.7978087171251141,0.17181504135300416,23.1,0.9774994216315929,0.029853325763720736,0.9774994216315929,0.036171938251587085,63.9,0.9742255597159287,0.03332070651637951,0.9742255597159287,0.02511097646878376
30.2,0.9861343723253484,0.01794298029992076,0.9861343723253484,0.012987563653557866,817.0,0.9690764140864403,0.03969582133382589,0.9690764140864403,0.03287050980590802,31.0,0.9776297309318502,0.02884556618849978,0.9776297309318502,0.04111560404764747,4.7,0.9819292072407279,0.023380073933546273,0.9819292072407279,0.03869413857094128,3.68,0.9768878820064052,0.029584412698007604,0.9768878820064052,0.04051701818053967,33.0,0.7963925108352105,0.2062553759274889,0.7963925108352105,0.17358217902502318,20.0,0.9768490796065681,0.030582064794096517,0.9768490796065681,0.03568015182022612,61.6,0.9740125625896323,0.03355419874180232,0.9740125625896323,0.024296145334056076
38.8,0.9863882257216549,0.017628262054064526,0.9863882257216549,0.012555677383672805,799.0,0.9687249059541805,0.03998896536227436,0.9687249059541805,0.03258662453668575,32.0,0.9776297309318502,0.02884556618849978,0.9776297309318502,0.039527540234224647,-1.6,0.9810600507070077,0.024529400633363507,0.9810600507070077,0.04066146177913611,4.22,0.9772566365226623,0.02921007778018258,0.9772566365226623,0.04029956754378102,13.0,0.793470831863612,0.20845906083322016,0.793470831863612,0.17561859009171915,20.4,0.97703257110899,0.030396900010263923,0.97703257110899,0.03654078132223371,56.5,0.9740125625896323,0.033554198741802675,0.9740125625896323,0.02428168245848978
35.7,0.986585369637307,0.017415761376586972,0.986585369637307,0.011640720043866785,795.0,0.9679267399050514,0.04089446007065247,0.9679267399050514,0.0319261166007182,33.0,0.9769793889068257,0.02957507811290365,0.9769793889068257,0.03869691034567171,1.6,0.9791686378379536,0.02729343674161172,0.9791686378379536,0.04472937278065324,4.04,0.9760085998401031,0.031019390638819703,0.9760085998401031,0.04410229134021484,0.0,0.7875212726105716,0.2153274419654268,0.7875212726105716,0.17850366552278735,20.0,0.975338302155588,0.032930957180470156,0.975338302155588,0.04183867630183779,58.0,0.9740125625896323,0.03355419874180232,0.9740125625896323,0.024063181176740535
48.6,0.986585369637307,0.01741576137658661,0.986585369637307,0.01101564675248007,749.0,0.9682782480373112,0.04060191023823784,0.9682782480373112,0.03062122042436927,46.0,0.9763790025976354,0.03021689665868303,0.9763790025976354,0.03759005959669442,-1.6,0.9780414653029924,0.02896560871671521,0.9780414653029924,0.04865556243880128,5.07,0.9754405286607553,0.03175097913786938,0.9754405286607553,0.04446810075018773,1.0,0.7822500147575264,0.22186754700843825,0.7822500147575264,0.175709868632657,23.1,0.9745799132672032,0.03393966578552121,0.9745799132672032,0.04285899843475283,60.8,0.9747221515710306,0.032723598950030006,0.9747221515710306,0.024667581723763286
52.5,0.9869870470577178,0.016902768208654304,0.9869870470577178,0.01017020642998686,1810.0,0.9683991121849091,0.040461554477276805,0.9683991121849091,0.03106008774041678,43.0,0.9763790025976354,0.03021689665868303,0.9763790025976354,0.03759005959669442,-0.8,0.9788878245651409,0.027654426391999904,0.9788878245651409,0.045660813330084246,13.79,0.9745645459204201,0.0328128038197785,0.9745645459204201,0.046393967856834716,15.0,0.7818933032895523,0.22218417999541173,0.7818933032895523,0.1761675688724689,30.6,0.9742460519933092,0.03431517589507272,0.9742460519933092,0.042426215192928114,61.2,0.9739860059140836,0.033371588699063995,0.9739860059140836,0.025028514487990816
57.3,0.9855971951452149,0.01858511937818481,0.9855971951452149,0.011529244578208322,2142.0,0.9669388866753172,0.042286826299989595,0.9669388866753172,0.03388312753231254,21.0,0.9759502268890505,0.03069203871533797,0.9759502268890505,0.039310943360707735,-7.8,0.9796993435074347,0.0267712183994557,0.9796993435074347,0.04389626796028308,18.53,0.9726850462137431,0.03524134856168435,0.9726850462137431,0.04914171208098437,31.0,0.7801249140258002,0.22255788648030053,0.7801249140258002,0.17531720426605926,32.9,0.9727076830993224,0.03623184585062434,0.9727076830993224,0.04435262444142874,69.8,0.9725798500756552,0.03478923216907786,0.9725798500756552,0.0259025144329934
25.9,0.9857301843939238,0.0184165294180898,0.9857301843939238,0.011394466498390298,2598.0,0.9665701321590602,0.04265198653676883,0.9665701321590602,0.03394046453243082,19.0,0.9752713880643674,0.031548272809659245,0.9752713880643674,0.0401582815923314,0.0,0.9796993435074347,0.0267712183994557,0.9796993435074347,0.04335668009752592,15.38,0.9734373733854588,0.034470424126483074,0.9734373733854588,0.047783599547850185,25.0,0.7819763368224264,0.22214272037437305,0.7819763368224264,0.17331223170933105,31.4,0.9735192020416162,0.0353616556405784,0.9735192020416162,0.042780349953084856,78.8,0.970541547306602,0.03708897541082458,0.970541547306602,0.02858561125848714
40.4,0.9852633338713209,0.018970338599073426,0.9852633338713209,0.011988361136804591,859.0,0.9655987461443791,0.04387260225507538,0.9655987461443791,0.03616805777961967,34.0,0.9742772047781149,0.03304403716730815,0.9742772047781149,0.04154920303856907,-5.5,0.9807147736361539,0.02508041892500451,0.9807147736361539,0.040130836872701116,4.49,0.9745922509025621,0.03304563887746959,0.9745922509025621,0.04658994739458652,0.0,0.7843236974215914,0.2214045072109506,0.7843236974215914,0.17289182439635525,20.4,0.9740237375336945,0.03466159210234971,0.9740237375336945,0.04429077359558144,66.3,0.9703512295975649,0.037365797508360804,0.9703512295975649,0.028877690138590376
43.1,0.9841361613363595,0.020662842795506682,0.9841361613363595,0.01348720991052836,801.0,0.9646468517029294,0.04478766328735152,0.9646468517029294,0.0364916652840614,31.0,0.9752713880643676,0.03154827280965926,0.9752713880643676,0.03865045533671622,-4.7,0.9814416235878468,0.02401820152891947,0.9814416235878468,0.037935791400467544,4.49,0.9741905734821511,0.0335453599632118,0.9741905734821511,0.0455773551742693,33.67243525896414,0.7881119291111036,0.21919994451709712,0.7881119291111036,0.17218652457816574,20.4,0.9735949618251095,0.0351335667828186,0.9735949618251095,0.044923660122193086,53.3,0.9701195978046321,0.03762995322186102,0.9701195978046321,0.028068289572308728
100.0,0.9831809352083829,0.021681315006405136,0.9831809352083829,0.013602947140930162,3393.0,0.9652472380121195,0.04416306988598082,0.9652472380121195,0.03566841678894417,74.0,0.9748241810326176,0.03213658697139716,0.9748241810326176,0.039117078317701,0.0,0.9808625976602581,0.024884891025860903,0.9808625976602581,0.04026308250389386,58.33,0.9750369327442997,0.032243512254318,0.9750369327442997,0.04415543514384228,35.0,0.7904153947688697,0.2184374285250897,0.7904153947688697,0.17213398503069655,43.1,0.9748835767340962,0.03344939174879058,0.9748835767340962,0.043700620718540674,66.7,0.9712980613732833,0.03653938945965822,0.9712980613732833,0.02764324038179721
57.6,0.9822095491937017,0.022945109148503666,0.9822095491937017,0.014321630383452924,2189.0,0.9661284375941224,0.04318631338233282,0.9661284375941224,0.035062974946567925,28.0,0.9746338633235804,0.032415661739710756,0.9746338633235804,0.03930343444113508,9.4,0.9808625976602581,0.024884891025860903,0.9808625976602581,0.039758133190753414,23.06,0.975594598290287,0.03167545892901705,0.975594598290287,0.04253354453527706,52.0,0.7887123154202937,0.2188337935797521,0.7887123154202937,0.17297599552081594,34.1,0.9753504272566988,0.03290853824920256,0.9753504272566988,0.0429123937438463,76.9,0.9712031469385923,0.03663592732908352,0.9712031469385923,0.029216284593957673
25.1,0.9816414780143541,0.023686247011381202,0.9816414780143541,0.014636067644208248,2563.0,0.9669266036432514,0.04228451837972934,0.9669266036432514,0.035066257907191645,25.0,0.9737647067898604,0.033548075302806804,0.9737647067898604,0.04191792566591535,7.0,0.9798684143740053,0.026396361075509082,0.9798684143740053,0.04252813339082295,9.56,0.9762734371149699,0.03081901522284016,0.9762734371149699,0.039604090307680466,51.0,0.7883435609040367,0.21904246113607795,0.7883435609040367,0.17232540138221417,28.2,0.9756842885305931,0.03253209448799793,0.9756842885305931,0.040386051107227094,64.7,0.9710367531796552,0.03686423013945831,0.9710367531796552,0.030635162518681393
27.8,0.9816414780143541,0.023686247011381202,0.9816414780143541,0.014636067644208248,2483.0,0.9683876374521069,0.040276826314083886,0.9683876374521069,0.034140734826860045,21.0,0.9731500322431536,0.034280255080838436,0.9731500322431536,0.04263707463840623,0.0,0.9797205903499011,0.026591455132459852,0.9797205903499011,0.040887137813667346,10.3,0.975594598290287,0.03167545892901705,0.975594598290287,0.041780403945890235,48.0,0.7909712717182611,0.21729862918343626,0.7909712717182611,0.1685785666244608,28.6,0.9752174380079902,0.033073324116794325,0.9752174380079902,0.04236939863919631,77.6,0.9717155920043382,0.036015618591688454,0.9717155920043382,0.0305713221249141
34.1,0.9818544751406504,0.023448670729007772,0.9818544751406504,0.014588979014669441,878.0,0.9696203451663694,0.03899951950413568,0.9696203451663694,0.032856355982442374,33.0,0.9743879432931305,0.03277742664610653,0.9743879432931305,0.04261353365967463,-8.6,0.9789622014615164,0.027609836489028185,0.9789622014615164,0.04235977960558711,3.85,0.975594598290287,0.03167545892901705,0.975594598290287,0.04054207830630725,30.0,0.7909712717182611,0.21729862918343626,0.7909712717182611,0.1685785666244608,19.6,0.9742232547217377,0.0345674473771331,0.9742232547217377,0.04466847593689009,54.9,0.9714347787315252,0.0363712195123536,0.9714347787315252,0.03160783471367781
37.3,0.981299688307593,0.02396823507800157,0.981299688307593,0.01518346932703677,773.0,0.9689418154727842,0.0397002287560957,0.9689418154727842,0.032625502118414196,31.0,0.9758481688027224,0.030922884310716152,0.9758481688027224,0.040319506966205135,-4.7,0.9786764804781332,0.02790642219608705,0.9786764804781332,0.04380347257985928,4.16,0.9761626694696347,0.030943705130580448,0.9761626694696347,0.03807193087871733,5.0,0.7909712717182611,0.21729862918343626,0.7909712717182611,0.1685785666244608,20.4,0.9755820590496319,0.03264174067530733,0.9755820590496319,0.040321638932627954,56.5,0.9703433077381908,0.03784050285834839,0.9703433077381908,0.03176081513068173
56.5,0.9802148046174346,0.02508565384654542,0.9802148046174346,0.016172885579379688,2124.0,0.9673858672292377,0.04180563355748773,0.9673858672292377,0.03565909940161868,19.0,0.9758481688027224,0.030922884310716152,0.9758481688027224,0.040319506966205135,3.1,0.9794746465272622,0.026979542309402787,0.9794746465272622,0.042227464467517635,15.27,0.9771433728176342,0.02958237640360175,0.9771433728176342,0.036300429415860626,14.0,0.7886199864508405,0.21926381755213972,0.7886199864508405,0.16947311523557748,27.8,0.9758359124459386,0.032334313358978996,0.9758359124459386,0.040841169634975014,69.4,0.9696164577864976,0.038879941067403924,0.9696164577864976,0.03353455957550598
19.2,0.9800818153687257,0.025252367672536434,0.9800818153687257,0.016183793255156398,2074.0,0.9676397206255444,0.04150333638354147,0.9676397206255444,0.035607185173107674,46.0,0.9761623865857634,0.030498670303482883,0.9761623865857634,0.039954379235421535,14.1,0.9792207931309558,0.0272895667042062,0.9792207931309558,0.04245857911751274,5.56,0.9764645339929513,0.03044048110095092,0.9764645339929513,0.0366620639386739,16.0,0.7880196001416505,0.21962955919332383,0.7880196001416505,0.17059023567264642,23.1,0.9757029231972297,0.032499263983553774,0.9757029231972297,0.0402351942378112,63.5,0.969149607263895,0.03941455252626627,0.969149607263895,0.03295274446465102
61.6,0.9791011120207265,0.02662230541175229,0.9791011120207265,0.018621683771982346,2997.0,0.9672270884568926,0.04212059314339325,0.9672270884568926,0.03688752440421641,69.0,0.9761623865857634,0.030498670303482883,0.9761623865857634,0.039954379235421535,0.0,0.9786631275849682,0.027862364788678377,0.9786631275849682,0.04388648959802403,29.08,0.9760628565725405,0.03094228653872632,0.9760628565725405,0.03786324130051785,28.0,0.7880196001416505,0.21962955919332383,0.7880196001416505,0.17059023567264642,35.7,0.9751348520178821,0.03322975030065086,0.9751348520178821,0.04206665086567131,70.2,0.9701209932785761,0.03818466048222632,0.9701209932785761,0.03239340152897183
100.0,0.9787868942376852,0.027049099973157804,0.9787868942376852,0.019644000164440553,2783.0,0.9672270884568926,0.04212059314339325,0.9672270884568926,0.0366303014300117,19.0,0.9761623865857634,0.030498670303482883,0.9761623865857634,0.039954379235421535,-4.7,0.9781506825192223,0.028491650813923332,0.9781506825192223,0.04527170356149991,43.81,0.9757771355891575,0.031236970294967675,0.9757771355891575,0.037585042927359806,41.0,0.7862943919217973,0.22001954313330863,0.7862943919217973,0.1723187814109728,40.0,0.9745730870605882,0.03386749068710264,0.9745730870605882,0.04298256349758742,66.3,0.9713972456796711,0.03593040653360645,0.9713972456796711,0.030845330576261185
74.9,0.978172219690978,0.027789357629333333,0.978172219690978,0.019782880607870024,2028.0,0.9673600777056013,0.04195847541388606,0.9673600777056013,0.036257457651006325,66.0,0.9775211909136579,0.02856328065179499,0.9775211909136579,0.03839230538806252,3.1,0.9776382374534764,0.02912026219731956,0.9776382374534764,0.04621236294141808,23.21,0.9743999436124398,0.033012657973611706,0.9743999436124398,0.0401827194487719,44.0,0.7839470313226322,0.22076708197496384,0.7839470313226322,0.17265901572806688,32.2,0.9745730870605882,0.033867490687103353,0.9745730870605882,0.04332726374404114,67.8,0.9718098778483228,0.035307705571274245,0.9718098778483228,0.03075508823767355
74.5,0.9793659201652738,0.026185585998432157,0.9793659201652738,0.017596342892099628,2232.0,0.9672270884568924,0.04212059314339324,0.9672270884568924,0.03634767138513577,63.0,0.9784065073340823,0.027617066701915532,0.9784065073340823,0.03684829816174062,-6.2,0.9785975804198747,0.028044874390311437,0.9785975804198747,0.04477278306224269,24.52,0.9752811431944428,0.03201580352894221,0.9752811431944428,0.03879347689094723,50.0,0.7830372975608196,0.22085458304109729,0.7830372975608196,0.17078404603841152,34.5,0.9756645580539228,0.03238699021987664,0.9756645580539228,0.0416775412054298,68.6,0.9718098778483226,0.0353077055712746,0.9718098778483226,0.03165238698441056
40.4,0.9800447589899568,0.025321858598460357,0.9800447589899568,0.017305331095591684,1641.0,0.9677888534141862,0.04149274578630349,0.9677888534141862,0.03471787838974638,61.0,0.9789189523998282,0.026987150307560628,0.9789189523998282,0.035419764014610555,3.1,0.979155245965862,0.027472220779308075,0.979155245965862,0.0433448725817314,9.98,0.9754289672185471,0.031822451989797725,0.9754289672185471,0.03773063388354826,47.0,0.783325559358581,0.22072879296525266,0.783325559358581,0.16876689059809152,28.2,0.9757975473026315,0.032222031125075636,0.9757975473026315,0.04136164978308228,72.2,0.9708630460726042,0.036135787085871236,0.9708630460726042,0.031703845096427055
60.4,0.9807650216384736,0.024642216888440743,0.9807650216384736,0.016986179711935372,1586.0,0.9673543117490527,0.041861699553411576,0.9673543117490527,0.03424164600156787,59.0,0.979007529467559,0.02689920992152352,0.979007529467559,0.0356439840440929,2.3,0.9805140502937563,0.025526445938014345,0.9805140502937563,0.04141767986137844,14.17,0.9760793092435719,0.03109565788978128,0.9760793092435719,0.03625899197139722,46.0,0.7839045852861697,0.22018797104506962,0.7839045852861697,0.16963363294495704,31.0,0.9768638477520037,0.030878329183805994,0.9768638477520037,0.03927898547688176,68.2,0.9709960353213131,0.0359721967559899,0.9709960353213131,0.03143120177962043
20.8,0.9809128456625777,0.024446612538168343,0.9809128456625777,0.01697137397698244,1460.0,0.9666019845773371,0.04262172026613054,0.9666019845773371,0.034195417800169,28.0,0.979007529467559,0.02689920992152424,0.979007529467559,0.03553090966448892,6.2,0.9810264953595021,0.024894018527676885,0.9810264953595021,0.04047702048146027,3.11,0.9767296512685967,0.030367867020513487,0.9767296512685967,0.03474024819478276,29.0,0.7830459297842302,0.22048258777684737,0.7830459297842302,0.17335401011423918,20.0,0.9773812005283197,0.03031532246397237,0.9773812005283197,0.03835689891183901,71.0,0.9711168994689109,0.035830842400529236,0.9711168994689109,0.03127251284420417
38.8,0.9809128456625777,0.024446612538168343,0.9809128456625777,0.01697137397698244,783.0,0.9654989344252561,0.04378911906232615,0.9654989344252561,0.03437020807742692,51.0,0.9786839780044285,0.02720302416794627,0.9786839780044285,0.03603877847219659,2.3,0.9814391275281539,0.0242602044021938,0.9814391275281539,0.040737186389654706,4.45,0.9772470040449126,0.029804671714001196,0.9772470040449126,0.034101406087408026,3.0,0.7814124022562584,0.2212412211841515,0.7814124022562584,0.1757792215432976,20.8,0.9782571832686549,0.02924802314610457,0.9782571832686549,0.03691785946950059,56.5,0.9711168994689109,0.035830842400529236,0.9711168994689109,0.03145265164550687
65.1,0.9809128456625777,0.024446612538168343,0.9809128456625777,0.01697137397698244,1431.0,0.9654989344252561,0.04378911906232615,0.9654989344252561,0.03437020807742692,25.0,0.9790406894724027,0.02668978693756205,0.9790406894724027,0.034648760807078925,5.5,0.9822854867903023,0.02294023948499474,0.9822854867903023,0.03755015071080093,14.71,0.9774373217539497,0.029524306469067427,0.9774373217539497,0.03391054218881852,24.0,0.7814124022562584,0.2212412211841515,0.7814124022562584,0.1757792215432976,32.5,0.9786138947366289,0.02873576398793733,0.9786138947366289,0.03615171671411827,58.4,0.9708852676759779,0.036095586791145655,0.9708852676759779,0.03185625969649078
100.0,0.9809128456625777,0.024446612538168343,0.9809128456625777,0.01697137397698244,2826.0,0.9667469711078152,0.0420166289253465,0.9667469711078152,0.030552741651141257,77.0,0.9792310071814397,0.026408280402557913,0.9792310071814397,0.03510166080801016,3.9,0.9820046735174894,0.023303672793124144,0.9820046735174894,0.03815999814149101,37.31,0.9771137702908191,0.02982673576957364,0.9771137702908191,0.033065506874343994,43.0,0.7822936018382614,0.2206671697869769,0.7822936018382614,0.17279795725864586,38.0,0.9782692263169377,0.02907191644772232,0.9782692263169377,0.03599677278384979,66.3,0.9713140433845631,0.0356254362149883,0.9713140433845631,0.03137084577686908
22.4,0.9809128456625777,0.024446612538168343,0.9809128456625777,0.01697137397698244,3324.0,0.9667469711078152,0.0420166289253465,0.9667469711078152,0.030552741651141257,47.0,0.9793518713290374,0.026264471300401448,0.9793518713290374,0.03533561106243953,3.1,0.9821255376650873,0.02315905585290381,0.9821255376650873,0.03681200716987461,9.03,0.9771137702908191,0.02982673576957364,0.9771137702908191,0.033065506874343994,48.0,0.7822936018382614,0.2206671697869769,0.7822936018382614,0.17279795725864586,27.1,0.9782692263169377,0.02907191644772232,0.9782692263169377,0.03599677278384979,49.4,0.9723716428056165,0.03467271568804058,0.9723716428056165,0.03158057353857743
46.3,0.9809128456625777,0.024446612538168343,0.9809128456625777,0.01697137397698244,2445.0,0.967259416173561,0.04140219476028921,0.967259416173561,0.03042973856318412,19.0,0.9796754227921681,0.025960127446326683,0.9796754227921681,0.03492896620619611,3.9,0.9821255376650873,0.02315905585290381,0.9821255376650873,0.03681200716987461,16.77,0.9779897530311541,0.028759305069653164,0.9779897530311541,0.03288338260215698,52.0,0.7804211040168594,0.22108630142577748,0.7804211040168594,0.17363382830701035,31.8,0.9788839008636447,0.028332387831413543,0.9788839008636447,0.03513453655012131,73.3,0.9727733202260274,0.034174444644236926,0.9727733202260274,0.030967168434878945
34.1,0.9811666990588843,0.024135292411536103,0.9811666990588843,0.016602065570953728,799.0,0.967259416173561,0.04140219476028921,0.967259416173561,0.03042973856318412,31.0,0.9782855708796654,0.027616794375260618,0.9782855708796654,0.037567997908417326,0.8,0.9821255376650873,0.02315905585290381,0.9821255376650873,0.03681200716987461,3.72,0.9782213848240874,0.028490760746293847,0.9782213848240874,0.0320375948556003,39.0,0.7790439120401416,0.22215108615813725,0.7790439120401416,0.17586226657437054,20.0,0.9783158296842971,0.02906779841641107,0.9783158296842971,0.03611648111723183,56.9,0.9743568215340942,0.03177385874835673,0.9743568215340942,0.02908856260219712
30.2,0.9815234105268583,0.023619588146045728,0.9815234105268583,0.01581541465658694,811.0,0.9674724132998574,0.04117215133337471,0.9674724132998574,0.029954503853778423,32.0,0.9779288594116913,0.028129282586617833,0.9779288594116913,0.03712959729775903,2.3,0.982985376865489,0.021926204437526103,0.982985376865489,0.03405610940915466,3.8,0.9781005206764893,0.028634121268951776,0.9781005206764893,0.030840661569965618,3.0,0.7793296330235246,0.221989971013141,0.7793296330235246,0.17395539810481975,19.6,0.9768547958754417,0.031114085400941568,0.9768547958754417,0.03873802184984868,62.0,0.9743568215340942,0.03177385874835673,0.9743568215340942,0.02964411821892295
38.0,0.9820914817062062,0.02287850408909633,0.9820914817062062,0.014525093001368629,777.0,0.9679011890084426,0.04070601483601955,0.9679011890084426,0.028168118141779278,33.0,0.9774115066353751,0.028693779406025112,0.9774115066353751,0.03695743057806667,1.6,0.9825836994450781,0.022435008230766332,0.9825836994450781,0.03482491341392833,4.4,0.9779897530311541,0.028759305069653164,0.9779897530311541,0.03207155929262809,0.0,0.7801787067337246,0.2219225533614011,0.7801787067337246,0.17580984284239043,20.4,0.9774228670547893,0.03038101286905115,0.9774228670547893,0.037698415140533965,58.0,0.9755505220083899,0.030181481452895783,0.9755505220083899,0.02783240604259003
73.7,0.9818106684333932,0.023241880658371926,0.9818106684333932,0.01575708968106257,724.0,0.966755935846978,0.04183351605171909,0.966755935846978,0.029292299789235907,58.0,0.9768111203261851,0.029336439429318312,0.9768111203261851,0.037081320658062286,0.0,0.9827045635926759,0.022290195797059372,0.9827045635926759,0.03551101490530775,8.36,0.9765299914110992,0.030468119758975332,0.9765299914110992,0.033528609913711364,17.0,0.7813335842508276,0.2210760186785068,0.7813335842508276,0.17770593363052511,29.8,0.9768081925080823,0.031118095519632617,0.9768081925080823,0.03869493344808686,56.9,0.9764196785421099,0.029043883863017372,0.9764196785421099,0.026791157962933576
23.1,0.9810522795450084,0.024265111361088408,0.9810522795450084,0.016446657467599254,2858.0,0.9664751225741651,0.042185504996982204,0.9664751225741651,0.030035575892204742,49.0,0.9761607783011605,0.03006498112280558,0.9761607783011605,0.03739623624221015,3.1,0.983942474642653,0.020756675692276048,0.983942474642653,0.03312071301304642,7.07,0.975748923105455,0.03143483643475693,0.975748923105455,0.034924866263148294,23.0,0.7794198071089455,0.2230937204208578,0.7794198071089455,0.18069202012783023,25.9,0.9766873283604844,0.03126091364135011,0.9766873283604844,0.03895012954190975,71.4,0.9764196785421099,0.02904388386301809,0.9764196785421099,0.027030420262872175
49.4,0.9824110838729027,0.02231098248436273,0.9824110838729027,0.015135210415340673,1959.0,0.9653479500392038,0.04381778606313292,0.9653479500392038,0.030597108951187987,44.0,0.9761607783011605,0.03006498112280558,0.9761607783011605,0.03739623624221015,0.0,0.9851803856926302,0.019219226250698603,0.9851803856926302,0.030945347611292084,14.14,0.9757489231054552,0.03143483643475622,0.9757489231054552,0.03438354858353815,26.0,0.7744214780858515,0.22678895023720835,0.7744214780858515,0.18607362907060154,31.0,0.9769003254867807,0.03102623999301184,0.9769003254867807,0.03801961834826528,72.2,0.9759528280195072,0.029587212883081526,0.9759528280195072,0.028619929613590972
51.8,0.9820094064524919,0.02281932109772928,0.9820094064524919,0.015418344834572344,2265.0,0.9651815562802667,0.044043398412734476,0.9651815562802667,0.03108707669282898,41.0,0.976312719163686,0.02992906971711434,0.976312719163686,0.03586222612054824,-3.1,0.9841996823446306,0.020602565880223037,0.9841996823446306,0.034268230326043245,17.62,0.97532014739687,0.03190911939875787,0.97532014739687,0.03572000757890355,31.0,0.7711510425872331,0.22821307388704312,0.7711510425872331,0.18749292880106358,32.5,0.9765924139257934,0.0313585396832081,0.9765924139257934,0.03855259584558958,71.4,0.9755882069778655,0.030020110869162682,0.9755882069778655,0.028337051262778506
37.3,0.9825218515182378,0.022184476375338668,0.9825218515182378,0.014999641051265541,1366.0,0.9658829290119371,0.04336784605296667,0.9658829290119371,0.030857560327392286,48.0,0.9767143965840966,0.029426712497066,0.9767143965840966,0.03543237832154857,8.6,0.9843660761035677,0.02036824945378504,0.9843660761035677,0.03299143325183372,13.33,0.9751366558944481,0.03209365505607035,0.9751366558944481,0.03659164845673721,34.0,0.7695422566577905,0.22845899622133792,0.7695422566577905,0.18735317457285308,31.8,0.9766946434067546,0.031248638547539183,0.9766946434067546,0.037847035601000126,61.6,0.9757546007368025,0.02978951174936106,0.9757546007368025,0.027642596731950787
18.8,0.9830899226975857,0.02144178135949468,0.9830899226975857,0.014319249589756337,1652.0,0.9663953740776827,0.04275471745629691,0.9663953740776827,0.029509559304257665,21.0,0.9776789563921626,0.02827169070206405,0.9776789563921626,0.034463610771108,0.0,0.9853306359116338,0.019194858497213498,0.9853306359116338,0.03070407449121232,4.3,0.974165269879767,0.03333637430332928,0.974165269879767,0.03813917590522062,27.0,0.7714336695268448,0.2268056206891489,0.7714336695268448,0.18591098907289788,22.0,0.9766946434067546,0.031248638547538107,0.9766946434067546,0.03916722516417461,71.0,0.9745727768491464,0.0316966489663798,0.9745727768491464,0.02915047893445755
48.04087253229344,0.9830899226975857,0.02144178135949468,0.9830899226975857,0.014366989518238211,933.0,0.9664976035586439,0.042647238172952795,0.9664976035586439,0.028257011016154104,31.0,0.9787452568415349,0.02692095684262106,0.9787452568415349,0.03127225068079489,3.9,0.9860574858633269,0.01812312922999473,0.9860574858633269,0.028876976574741444,3.41,0.9732961133460469,0.034467393646582356,0.9732961133460469,0.03860599745839252,16.0,0.7716171610292668,0.22670879642103384,0.7716171610292668,0.185694075246852,18.8,0.9750003744533526,0.03378030372856958,0.9750003744533526,0.042397305216315545,48.6,0.9736013908344654,0.03293900759150094,0.9736013908344654,0.03069967392439187
47.8,0.9834916001179964,0.02093230027467666,0.9834916001179964,0.013480561060732364,1592.0,0.9680811048667107,0.04027671544226749,0.9680811048667107,0.025781155178510925,47.0,0.9795567757838287,0.026037275901433735,0.9795567757838287,0.029409387717748075,0.8,0.9853786470386439,0.018997329912237144,0.9853786470386439,0.02953783702080424,12.42,0.974267499360728,0.03322697016974711,0.974267499360728,0.0371397027660826,25.0,0.7711287854238927,0.22693957316105293,0.7711287854238927,0.18693601862842799,30.6,0.9750003744533526,0.03378030372857029,0.9750003744533526,0.041077115653141066,62.4,0.9731997134140546,0.03343823668414595,0.9731997134140546,0.03204960572311179
21.2,0.9842499890063813,0.019903864221078624,0.9842499890063813,0.012322410180540744,2696.0,0.9699532079798682,0.03810689555406228,0.9699532079798682,0.023350348282005547,57.0,0.9788782460902435,0.026754706411809583,0.9788782460902435,0.02900096109934711,-3.1,0.9850140259970022,0.019438541546473075,0.9850140259970022,0.03069639099678953,7.67,0.974267499360728,0.03322697016974711,0.974267499360728,0.03709446071321654,33.0,0.7720840115518696,0.22640514405552065,0.7720840115518696,0.18502196461253329,25.9,0.9748339806944155,0.03401003564607738,0.9748339806944155,0.04110775294233256,63.9,0.9733104810593898,0.033314230475313115,0.9733104810593898,0.03268601979124838
51.8,0.9852306923543809,0.0185197556719755,0.9852306923543809,0.011918437787908083,2955.0,0.9694358552035522,0.03866122045018583,0.9694358552035522,0.02319135436626304,20.0,0.9804166149842303,0.024810278813631386,0.9804166149842303,0.025981744630332572,0.0,0.9847283050136191,0.01973943081454994,0.9847283050136191,0.031335275745143054,23.25,0.9733983428270079,0.03435821215460274,0.9733983428270079,0.03857142638653899,37.0,0.7699667330230109,0.2268856888379083,0.7699667330230109,0.18430062243248108,34.1,0.9743215356286696,0.034633512127438905,0.9743215356286696,0.042095910835597695,72.5,0.9722528816383362,0.03426942082602558,0.9722528816383362,0.03201449191900681
36.9,0.9858682170951678,0.01763349187714728,0.9858682170951678,0.010068900240438125,1594.0,0.9695688444522611,0.03849823157578696,0.9695688444522611,0.02354950349900524,19.0,0.9801627615879238,0.025121176557528317,0.9801627615879238,0.025757583521223523,10.2,0.9856928648216853,0.018564977875601664,0.9856928648216853,0.029627022001608657,7.97,0.9747571471549024,0.03243392329689759,0.9747571471549024,0.035751462393163,36.0,0.7719005200494475,0.22650216430847173,0.7719005200494475,0.18230042275024544,26.7,0.9760158045820716,0.03210517190709894,0.9760158045820716,0.038335200506063406,66.3,0.9722528816383362,0.03426942082602558,0.9722528816383362,0.03201449191900681
20.4,0.9849990605614477,0.018792665238683868,0.9849990605614477,0.011766554458176037,1791.0,0.9692546266692197,0.038916853692098526,0.9692546266692197,0.02343035697035326,34.0,0.9804166149842303,0.024810278813631386,0.9804166149842303,0.026099223300140795,6.2,0.9860574858633269,0.01812312922999473,0.9860574858633269,0.028876976574741444,5.32,0.9743445149862506,0.0330598209040555,0.9743445149862506,0.038010119730142775,38.0,0.7762453200000403,0.2238147825655658,0.7762453200000403,0.17874741177712614,23.1,0.9760158045820718,0.03210517190709894,0.9760158045820718,0.03993014142783875,62.7,0.9716738557107475,0.03512161936799373,0.9716738557107475,0.03319525060119934
23.9,0.9841299040277278,0.019949765471399702,0.9841299040277278,0.012896371445424366,1910.0,0.9693653943145549,0.038794007133747414,0.9693653943145549,0.023736614277737194,19.0,0.9811499905421293,0.02399531640066519,0.9811499905421293,0.025601168999575482,0.0,0.9860574858633269,0.01812312922999473,0.9860574858633269,0.028876976574741444,6.55,0.9735861260978657,0.03406734839099155,0.9735861260978657,0.04098278279485584,41.0,0.7765532315610276,0.223631553111193,0.7765532315610276,0.17946590793920839,26.7,0.976330022365113,0.031681262254539655,0.976330022365113,0.04048414254549309,74.1,0.9709938902075359,0.036187944780196435,0.9709938902075359,0.03492796959709138
21.2,0.9843615358206607,0.01967737680655262,0.9843615358206607,0.013200636028243099,2054.0,0.9687650080053648,0.03942482632765518,0.9687650080053648,0.02404767498731998,50.0,0.9807027835103792,0.024590794888525485,0.9807027835103792,0.025516777417697596,3.9,0.9860574858633269,0.01812312922999473,0.9860574858633269,0.028876976574741444,10.43,0.9742649649225487,0.033214425204635266,0.9742649649225487,0.04074177626721849,49.0,0.7743538405452499,0.224190278460713,0.7743538405452499,0.18063765295009981,29.4,0.9760443013817298,0.031975815393402836,0.9760443013817298,0.04172000568273651,63.5,0.9721757140951922,0.03429355172262084,0.9721757140951922,0.032857499103581114
30.6,0.9844945250693694,0.019509152039645566,0.9844945250693694,0.012481443590887917,2485.0,0.9669593057768182,0.04176214023890311,0.9669593057768182,0.02440913796408911,30.0,0.9807027835103792,0.024590794888525485,0.9807027835103792,0.025516777417697596,-0.8,0.9864591632837374,0.0176107061727973,0.9864591632837374,0.028138529612453278,11.68,0.9730955035427842,0.03445622965262755,0.9730955035427842,0.04070936995292254,52.0,0.7712651760017101,0.22540851757672128,0.7712651760017101,0.1807791371143975,29.8,0.9751589849613055,0.03291566834276302,0.9751589849613055,0.04194356032633185,73.7,0.9723421078541292,0.03406452637834723,0.9723421078541292,0.033605353718789324
19.6,0.9851091996160766,0.018758718085815747,0.9851091996160766,0.01227142544484076,2524.0,0.9650798060701411,0.04415330913288363,0.9650798060701411,0.026270423398159746,20.0,0.9807027835103792,0.024590794888525485,0.9807027835103792,0.025516777417697596,3.9,0.9864591632837374,0.0176107061727973,0.9864591632837374,0.02749217794015514,7.29,0.971367944698633,0.03674363154021821,0.971367944698633,0.04464290226658804,46.0,0.7725132126842693,0.22431166491702295,0.7725132126842693,0.1809149972461307,25.9,0.9756486327554799,0.032121709321267046,0.9756486327554799,0.041038283138580114,64.3,0.9726988193221032,0.0335572598030198,0.9726988193221032,0.03345579220862799
31.8,0.9853408314090093,0.018485769040291655,0.9853408314090093,0.012425190159926722,858.0,0.9647989927973282,0.04450397045611915,0.9647989927973282,0.02649600131009125,32.0,0.9813031698195692,0.02394252741903099,0.9813031698195692,0.024717303128684878,-3.1,0.9871687522651355,0.016757410932651717,0.9871687522651355,0.025515696446131168,3.56,0.9701742442243373,0.03832079162725079,0.9701742442243373,0.04803804449655921,40.0,0.774732720694089,0.2237581243382859,0.774732720694089,0.17973538237699588,19.2,0.9750339582087728,0.032856287050848115,0.9750339582087728,0.04284373498088301,53.7,0.9741580961635675,0.03210094755699611,0.9741580961635675,0.03262328464690806
39.2,0.9847727602296616,0.01923192642958208,0.9847727602296616,0.013323974052342095,779.0,0.9640183606775052,0.04520161153293352,0.9640183606775052,0.02739486529154015,30.0,0.9818077053116477,0.023230706326740652,0.9818077053116477,0.023810412382431208,-1.6,0.9875813844337872,0.01611609838689289,0.9875813844337872,0.023246220469782388,4.32,0.9700634765790019,0.038443802125440456,0.9700634765790019,0.04907399680940458,31.0,0.7734867503073124,0.22419952367725762,0.7734867503073124,0.1826664294346133,20.8,0.9748209610824764,0.033090086606309084,0.9748209610824764,0.04427473455832099,56.9,0.9755642520019961,0.03067696352191418,0.9755642520019961,0.03136103114042857
32.9,0.9841580856829546,0.019981800565894926,0.9841580856829546,0.013050501380028055,805.0,0.9647989927973284,0.04450397045611916,0.9647989927973284,0.027007645990936063,59.0,0.9822872274732402,0.022725574649968116,0.9822872274732402,0.02387549149208723,1.6,0.9884573671741221,0.01502451184045409,0.9884573671741221,0.022362722478946793,3.77,0.9702951083719349,0.03817985705995863,0.9702951083719349,0.0497172968814564,32.0,0.7715373408930829,0.22565942116832943,0.7715373408930829,0.18676974873081467,19.6,0.9749231905634376,0.03298057830702886,0.9749231905634376,0.045054327520013794,57.6,0.9754433878543985,0.030819644584851306,0.9754433878543985,0.032263991815836
89.0,0.9842789498305524,0.019836446015301136,0.9842789498305524,0.01184479608829626,1677.0,0.9655573816857129,0.04351421418422456,0.9655573816857129,0.025455839021335143,43.0,0.982453621232177,0.022492086634373142,0.982453621232177,0.023087788943945933,3.1,0.9879449221083763,0.01566704507507402,0.9879449221083763,0.022921052215786726,14.87,0.9696162695472521,0.039025639427277804,0.9696162695472521,0.05011671636630929,40.0,0.771768972686016,0.2255099265776191,0.771768972686016,0.18483796434238883,32.9,0.9740540340297176,0.034112841873069906,0.9740540340297176,0.04597048635492013,64.7,0.9744389094363806,0.031743060216368794,0.9744389094363806,0.03235102263452745
43.9,0.9847458003531551,0.01928361865435991,0.9847458003531551,0.01194500001396386,1995.0,0.9632725076459759,0.046545162200450574,0.9632725076459759,0.02809039843382897,37.0,0.9819490857400986,0.023204771285235373,0.9819490857400986,0.02504481299722172,-7.8,0.9881352398174136,0.015380761416822864,0.9881352398174136,0.021154638788105792,13.05,0.9713438283914035,0.03674665663216283,0.9713438283914035,0.046254283166307524,42.0,0.7695494646761962,0.22605138448356332,0.7695494646761962,0.18615304292382417,30.6,0.9751203344790896,0.03277373392686377,0.9751203344790896,0.04366295371213272,70.6,0.9735943071416233,0.03246763029646302,0.9735943071416233,0.03226393059415599
45.5,0.9847458003531551,0.01928361865435991,0.9847458003531551,0.012051763823504834,2094.0,0.9617463347982373,0.04825205409548023,0.9617463347982373,0.029520213051886016,20.0,0.9810678861580957,0.024216748723481615,0.9810678861580957,0.02579091836117199,3.1,0.9872660832836937,0.016544655602835703,0.9872660832836937,0.023332081924721613,15.1,0.9713438283914035,0.03674665663216248,0.9713438283914035,0.0462019184585293,44.0,0.7656158709950425,0.22811548431884954,0.7656158709950425,0.1908416931288027,32.2,0.9759014027847338,0.03180874439362193,0.9759014027847338,0.04180923424004878,73.3,0.9719175596822828,0.03418555793692762,0.9719175596822828,0.033385891228856227
49.4,0.9841777291738073,0.020028852056055313,0.9841777291738073,0.013004185874635506,1462.0,0.9616254706506395,0.048390396836828393,0.9616254706506395,0.029871262588194128,19.0,0.9809067092408267,0.024368310692235585,0.9809067092408267,0.026193789401411326,6.2,0.9862184899427534,0.017803570647772587,0.9862184899427534,0.025099346815045012,10.79,0.9711215139317889,0.037091437421420285,0.9711215139317889,0.04690747742715458,42.0,0.7651363488334502,0.22837491230434173,0.7651363488334502,0.18834473922387596,28.2,0.9753333316053862,0.03253978904472954,0.9753333316053862,0.0426660977792538,69.8,0.9722514209561768,0.03381095674986673,0.9722514209561768,0.03250391411634531
38.8,0.9837760517533967,0.020539069379320457,0.9837760517533967,0.01323340201665201,1343.0,0.9607340708854817,0.049202851284844855,0.9607340708854817,0.029750854558872386,44.0,0.9804940770721747,0.02500172428861887,0.9804940770721747,0.028885331663911742,7.8,0.9852471039280722,0.01907522481361343,0.9852471039280722,0.02570679630726721,7.84,0.9701501279171079,0.03832377155354164,0.9701501279171079,0.04814767530943721,40.0,0.765869724391349,0.2279431743605583,0.765869724391349,0.19018751821440633,26.3,0.9741396311310904,0.03412890862465469,0.9741396311310904,0.04443852093897577,69.4,0.9733600972361697,0.03282107908906424,0.9733600972361697,0.03169213235991332
53.3,0.9836551876057988,0.020684260842417385,0.9836551876057988,0.013757219597364553,1367.0,0.9601193963387746,0.049914640398475915,0.9601193963387746,0.03117825596170324,48.0,0.9804940770721747,0.02500172428861887,0.9804940770721747,0.029342137720213272,7.0,0.9855809652019665,0.018690047689709426,0.9855809652019665,0.025442404802837396,10.41,0.9700393602717726,0.038446778435857226,0.9700393602717726,0.04838065592688049,42.0,0.764593471990254,0.22937720627045105,0.764593471990254,0.19402429547308062,29.0,0.9744538489141316,0.03370650612586458,0.9744538489141316,0.04305392706032837,67.1,0.9731284654432364,0.033087190842235666,0.9731284654432364,0.0309521970226645
69.4,0.9836551876057988,0.020684260842417385,0.9836551876057988,0.013757219597364555,1467.0,0.9599290786297375,0.05018578985643577,0.9599290786297375,0.030755234276746743,36.0,0.9812922431213038,0.024070675426440143,0.9812922431213038,0.02764865093806339,-5.5,0.984600261853967,0.020074492475363193,0.984600261853967,0.028540262872225528,15.03,0.9707181990964555,0.03760019835016301,0.9707181990964555,0.046900692052126554,46.0,0.764593471990254,0.22937720627045105,0.764593471990254,0.19402429547308062,31.4,0.9737204733562329,0.03450834802765253,0.9737204733562329,0.0432570942473278,65.9,0.9727946041693425,0.033462399314891075,0.9727946041693425,0.030760624791032424
42.7,0.9848246489855632,0.019411730191625415,0.9848246489855632,0.013266013997814472,1576.0,0.9583396594475008,0.05192790474791181,0.9583396594475008,0.032255626468624767,34.0,0.9811592538725951,0.024237717559847438,0.9811592538725951,0.02716371399641149,4.7,0.9835339614045948,0.021441080067963844,0.9835339614045948,0.03127193936174829,9.66,0.9707181990964555,0.03760019835016301,0.9707181990964555,0.046900692052126554,47.0,0.7622238543427252,0.2299551260429422,0.7622238543427252,0.19564559771911072,25.1,0.9749141738305286,0.032920412522369234,0.9749141738305286,0.04071186811305581,71.4,0.9733070492350884,0.03283933962527607,0.9733070492350884,0.02983662290414497
20.8,0.9859276991376442,0.01819170528926427,0.9859276991376442,0.01313547103245974,1152.0,0.9591202915673236,0.05124028126134206,0.9591202915673236,0.032040149330078906,27.0,0.9808357024094646,0.024543116475904493,0.9808357024094646,0.027682862681980648,8.6,0.983890672872569,0.020923112585769826,0.983890672872569,0.03131156228291393,3.49,0.9698422163561203,0.038651322624052596,0.9698422163561203,0.04703229025222944,40.0,0.7601892130532454,0.2319515090010293,0.7601892130532454,0.20044066354704249,18.0,0.9742045848491305,0.033751042201566134,0.9742045848491305,0.04038024854362297,60.0,0.9737087266554992,0.032339805290125125,0.9737087266554992,0.029640918084342546
18.0,0.9871272333411096,0.016794043086043358,0.9871272333411096,0.01259179028848741,1326.0,0.9589873023186152,0.05139963222580905,0.9589873023186152,0.031980143290572735,20.0,0.9797326522573837,0.025749479581531853,0.9797326522573837,0.028193139267472217,14.8,0.9835568115986748,0.02130684941975634,0.9835568115986748,0.031395194560259826,3.62,0.9690611480504765,0.03960448796384399,0.9690611480504765,0.048237048473860296,38.0,0.755406330805574,0.23783300977019875,0.755406330805574,0.20045037780015004,20.4,0.9730108843748349,0.03533674400392555,0.9730108843748349,0.042334752145499414,62.0,0.9734279133826862,0.032697238560192264,0.9734279133826862,0.03041299284771747
34.1,0.9872936271000468,0.01655836712380554,0.9872936271000468,0.01254739238059089,905.0,0.9578958313252804,0.0528319085114661,0.9578958313252804,0.033171452720414586,31.0,0.9787519489093842,0.02711841315820037,0.9787519489093842,0.03151602198222338,1.6,0.9845375149466743,0.019925141531203866,0.9845375149466743,0.02807231184550866,3.69,0.9693468690338596,0.03931442526522571,0.9693468690338596,0.04803765413164391,27.0,0.7536555712819645,0.23850932210807638,0.7536555712819645,0.2024657401339279,19.2,0.9729086548938737,0.03544577634905616,0.9729086548938737,0.043567685434429154,66.3,0.9729154683169403,0.033320454763098285,0.9729154683169403,0.03221082037234471
36.9,0.9869290060584052,0.017001364567475634,0.9869290060584052,0.013506693002841155,786.0,0.9578958313252804,0.0528319085114661,0.9578958313252804,0.033171452720414586,29.0,0.9788997729334883,0.026923599485164755,0.9788997729334883,0.030785654920533048,6.2,0.9845375149466743,0.019925141531203866,0.9845375149466743,0.027056031322882836,4.07,0.9688237503009949,0.03977082389182257,0.9688237503009949,0.04781549170585882,19.0,0.7536555712819645,0.23850932210807638,0.7536555712819645,0.2024657401339279,20.0,0.9736182438752717,0.034617552280764664,0.9736182438752717,0.042207030275654214,60.8,0.9730363324645381,0.033178473911130005,0.9730363324645381,0.03217994751216152
36.1,0.9864621555358025,0.017556538225309663,0.9864621555358025,0.013601709465421451,804.0,0.9573340663679868,0.05344618907339369,0.9573340663679868,0.03275932988341342,32.0,0.9788997729334883,0.026923599485164755,0.9788997729334883,0.030785654920533048,-1.6,0.9839584890190856,0.02079706304816432,0.9839584890190856,0.02851138718044514,4.34,0.9666843138532777,0.04237459425474595,0.9666843138532777,0.050162412832808714,2.0,0.7500871393764084,0.24095004987220542,0.7500871393764084,0.20604838368050704,20.4,0.9740308760439236,0.03399280207927724,0.9740308760439236,0.04174765757916134,58.8,0.9724682612851905,0.0339064625212829,0.9724682612851905,0.032016724654062384
39.6,0.9870198210817899,0.01697310002804876,0.9870198210817899,0.013114691693679783,783.0,0.956867215845384,0.05396644445630636,0.956867215845384,0.032989152161291974,34.0,0.9784980955130775,0.02742816240282829,0.9784980955130775,0.03163068174455461,-1.6,0.9839584890190856,0.02079706304816432,0.9839584890190856,0.02824498494752256,4.56,0.9660430826310219,0.04291412716347596,0.9660430826310219,0.048902341989392105,33.67243525896414,0.7520009165182904,0.23909564109696843,0.7520009165182904,0.20477533152924537,20.8,0.9738090254738455,0.0341864035618924,0.9738090254738455,0.040758713739447436,51.4,0.9722711173695383,0.0341124784973913,0.9722711173695383,0.03236532872956973
57.3,0.9862387527761458,0.0179614095633898,0.9862387527761458,0.014450026184384403,938.0,0.9575471813485952,0.05292899806130914,0.9575471813485952,0.03333034315929575,46.0,0.9774317950637055,0.028777987250208303,0.9774317950637055,0.03258578007845723,0.0,0.9839584890190856,0.02079706304816432,0.9839584890190856,0.028597581420418544,9.81,0.9652516013393005,0.04358650321818958,0.9652516013393005,0.05021799110024176,15.0,0.757099876738793,0.23567954711698763,0.757099876738793,0.19908090343662377,28.6,0.973152009159827,0.034804501499624725,0.973152009159827,0.041855809239079333,50.6,0.9713065575614721,0.03525500117161232,0.9713065575614721,0.03267901680526425
56.5,0.9855291637947478,0.01881301136675637,0.9855291637947478,0.014801207527027039,1911.0,0.9575471813485952,0.05292899806130879,0.9575471813485952,0.03290994706343748,49.0,0.9766336290145765,0.029701371960804877,0.9766336290145765,0.032462968617488194,-3.1,0.9851964000690627,0.019259638576449627,0.9851964000690627,0.025713626396511435,15.56,0.963625930738899,0.04523625110345373,0.963625930738899,0.050213426271442194,30.0,0.7621793116848539,0.2321946053292238,0.7621793116848539,0.19583802494361108,31.8,0.9717529076866275,0.03632071477981671,0.9717529076866275,0.041781417366591626,69.4,0.9709498460934981,0.035760882655636865,0.9709498460934981,0.032748184768233296
55.3,0.9857194815037849,0.018528049905817818,0.9857194815037849,0.014004202544768772,2687.0,0.9567665492287722,0.053613979132398876,0.9567665492287722,0.03331564692010643,42.0,0.9772483035612836,0.028963536288470842,0.9772483035612836,0.0313088828180578,-7.0,0.9854093971953588,0.01902020794545189,0.9854093971953588,0.024880083099720965,9.2,0.9634424392364771,0.04541589116930588,0.9634424392364771,0.05068802626678168,36.0,0.764509587340009,0.23162191871419952,0.764509587340009,0.19495097645191528,29.0,0.9718551371675884,0.03621191284204211,0.9718551371675884,0.039959675334079583,71.8,0.9717944483882553,0.03504129679391739,0.9717944483882553,0.03374991856892182
65.5,0.9860761929717589,0.018007843180079336,0.9860761929717589,0.013773210066136413,3084.0,0.9556965422979316,0.05459385711517872,0.9556965422979316,0.0344510003420888,56.0,0.9783146040106556,0.02761417880434665,0.9783146040106556,0.02959302540745414,3.1,0.9858110746157698,0.018508496919700447,0.9858110746157698,0.024728168887812277,8.71,0.9632452953208249,0.045617511334538736,0.9632452953208249,0.05001158575940007,41.0,0.764509587340009,0.23162191871419952,0.764509587340009,0.19495097645191528,26.3,0.9720215309265253,0.035983295325144,0.9720215309265253,0.0395692689183701,69.8,0.9726881591609381,0.03424781632956928,0.9726881591609381,0.03307774678474193
56.9,0.9856289859400088,0.018609137863324042,0.9856289859400088,0.01367249173744203,2264.0,0.9556965422979313,0.05459385711517907,0.9556965422979313,0.03424172559041164,21.0,0.9777355780830669,0.028475886484217318,0.9777355780830669,0.030897769779226456,-2.3,0.9860918878885826,0.018142237807322253,0.9860918878885826,0.023593885562712275,19.22,0.9637577403865708,0.04500737880323497,0.9637577403865708,0.051924774934325624,49.0,0.7625758003135722,0.23197787901080402,0.7625758003135722,0.19695117613415092,32.9,0.9723861519681672,0.03555429845009502,0.9723861519681672,0.04077232736272231,70.6,0.9742053731235288,0.03263886278603091,0.9742053731235288,0.03247674508589479
56.5,0.9854386682309719,0.01889405684344349,0.9854386682309719,0.01294312747636924,1645.0,0.9548051425327735,0.05539495649680389,0.9548051425327735,0.034572915150277043,28.0,0.9785954172834685,0.027253398222849484,0.9785954172834685,0.028777627244610006,-0.8,0.9874690798653004,0.016323392924217077,0.9874690798653004,0.02134980332978687,13.68,0.9641703725552223,0.044393700225600345,0.9641703725552223,0.05213997123176835,50.0,0.7598240305200745,0.23282097345168107,0.7598240305200745,0.19737852923268226,31.0,0.9725525457271041,0.03532543673648491,0.9725525457271041,0.04091914123146874,69.0,0.9738407520818873,0.033069803588947816,0.9738407520818873,0.0328294451203278
31.4,0.9854386682309719,0.018894056843443127,0.9854386682309719,0.013249020638185708,1638.0,0.9538499164047967,0.05634708299963516,0.9538499164047967,0.03487783509389913,31.0,0.9796984674355496,0.02605019632683744,0.9796984674355496,0.027937151191332874,4.7,0.9882501481709444,0.015332520361069801,0.9882501481709444,0.020871745251274387,7.57,0.9644845903382637,0.043979190851866475,0.9644845903382637,0.052857515831996826,49.0,0.7601289146230265,0.23269399371367563,0.7601289146230265,0.19453199335764668,26.3,0.9729542231475149,0.03482733728601339,0.9729542231475149,0.03923533777513221,74.1,0.9738407520818873,0.033069803588947816,0.9738407520818873,0.0328294451203278
40.0,0.9847598294062889,0.01976716178895659,0.9847598294062889,0.014452633239951855,1601.0,0.9528282790491367,0.057348098991646716,0.9528282790491367,0.0336559502913545,32.0,0.979850408298075,0.02591313593768146,0.979850408298075,0.027476623129095906,0.0,0.9883609158162795,0.015204450442841957,0.9883609158162795,0.02115897622419354,9.51,0.9641507290643698,0.04434709244595038,0.9641507290643698,0.05340795009458754,48.0,0.7605305920434372,0.2324162023205554,0.7605305920434372,0.19503199926514891,28.2,0.9723395486008081,0.03555806380611987,0.9723395486008081,0.04072984080549365,72.2,0.9745207175850986,0.031998028488581326,0.9745207175850986,0.03175409859198491
37.3,0.9846389652586911,0.019912598245946926,0.9846389652586911,0.01432181225368871,1621.0,0.9533809332036615,0.0569091771017234,0.9533809332036615,0.03361135092496742,79.0,0.9792927427520879,0.02648710588466058,0.9792927427520879,0.026697775528272245,-0.8,0.9884716834616147,0.015076351433295108,0.9884716834616147,0.02003477769616429,8.9,0.9641507290643698,0.04434709244595038,0.9641507290643698,0.05340795009458754,51.0,0.7608660566689449,0.23204024870334483,0.7608660566689449,0.19407778100053394,27.5,0.9719107728922227,0.03602877388948696,0.9719107728922227,0.042554860223482475,72.5,0.9748015308579115,0.03163997142260576,0.9748015308579115,0.03141111989591097
44.3,0.9850077197749483,0.019531495650711165,0.9850077197749483,0.014064250491134469,1766.0,0.9536617464764744,0.056566626799227644,0.9536617464764744,0.033467987977483654,30.0,0.9802734461000873,0.025116754461864954,0.9802734461000873,0.023809319314295186,-2.3,0.9882400516686817,0.015350994474486316,0.9882400516686817,0.020247488382433232,11.8,0.9641507290643698,0.04434709244595038,0.9641507290643698,0.05340795009458754,52.0,0.7611999179428389,0.23183958738815064,0.7611999179428389,0.19476698804284828,29.8,0.9711297045865789,0.036986214142001685,0.9711297045865789,0.04271361051115,71.0,0.9748015308579115,0.03163997142260576,0.9748015308579115,0.03141111989591097
34.1,0.9858837025152833,0.018445863224758947,0.9858837025152833,0.013682918898173213,1720.0,0.9536617464764744,0.056566626799227644,0.9536617464764744,0.03329039103661877,29.0,0.9807022218086724,0.02463695073997024,0.9807022218086724,0.023860480652897375,3.1,0.9888018166259753,0.014693246572084446,0.9888018166259753,0.019337138910431977,8.72,0.9639284146047551,0.044687441889073226,0.9639284146047551,0.05433333318219327,51.0,0.7622541863973231,0.23155083928641157,0.7622541863973231,0.19100813532667,27.1,0.9724183194955656,0.035308991960189114,0.9724183194955656,0.0393868947409827,73.3,0.9753696020372592,0.030908821435112813,0.9753696020372592,0.031667052953373125
50.6,0.9856520707223503,0.0187189768496883,0.9856520707223503,0.014378896535050527,1722.0,0.9538281402354113,0.05634607412064233,0.9538281402354113,0.033189579169110216,41.0,0.9807022218086723,0.024636950739970236,0.9807022218086723,0.02442875195812527,-3.1,0.9884875988429341,0.015128230339566779,0.9884875988429341,0.018979199978468142,12.81,0.9653894484136105,0.04269000443815963,0.9653894484136105,0.05190321611512928,52.0,0.7635304387984181,0.2301271713137999,0.7635304387984181,0.18640945444784418,30.2,0.9742148179299287,0.03267753868598681,0.9742148179299287,0.03577909142781119,70.2,0.9755359957961963,0.030678427882767347,0.9755359957961963,0.031148432797760715
42.4,0.9854297562627357,0.019073149704868345,0.9854297562627357,0.013452187237123861,1721.0,0.9559675766831285,0.053810702023878915,0.9559675766831285,0.0326811467404089,33.0,0.9807022218086723,0.024636950739970236,0.9807022218086723,0.02442875195812527,3.1,0.9882746017166378,0.0153692733434681,0.9882746017166378,0.019436254146125806,10.69,0.9665831488879063,0.04112648163561167,0.9665831488879063,0.04836536984812666,49.0,0.7679794597721954,0.22431022061305378,0.7679794597721954,0.18930173005237944,28.2,0.9758593432412062,0.030454452136659295,0.9758593432412062,0.032358503865034555,71.8,0.9758698570700906,0.030301145020424573,0.9758698570700906,0.030043504698255563
59.6,0.9850958949888416,0.01945813597723316,0.9850958949888416,0.013704540121367757,1621.0,0.9566051014239156,0.05297500253559983,0.9566051014239156,0.03150900540667055,47.0,0.9797215184606728,0.026008403952932507,0.9797215184606728,0.02639722983680218,-3.1,0.9891437582503579,0.014203127813127586,0.9891437582503579,0.01862363906751819,13.97,0.9667666403903282,0.040945385498126485,0.9667666403903282,0.04747289739239839,48.0,0.7661829613378323,0.22590634257707023,0.7661829613378323,0.1891708026868058,31.0,0.9756463461149097,0.030688986038564584,0.9756463461149097,0.03237161065297211,69.0,0.9765482597089523,0.0296921909496138,0.9765482597089523,0.030227904784924625
46.3,0.9850958949888416,0.01945813597723316,0.9850958949888416,0.013520345418056131,1596.0,0.9566654708952218,0.05293138551461402,0.9566654708952218,0.030967615727252942,23.0,0.9787273351744202,0.02751691501433435,0.9787273351744202,0.028850804072869954,1.6,0.9896482937424363,0.013480458522639155,0.9896482937424363,0.01752861459161887,10.59,0.9676426231306634,0.039899891865473366,0.9676426231306634,0.04648059420032154,45.0,0.7648621678480522,0.2263419283952948,0.7648621678480522,0.19216960112443765,28.2,0.9768400465892055,0.02909307362694238,0.9768400465892055,0.030175911005662553,70.6,0.9761465822885416,0.030194349368934805,0.9761465822885416,0.030944695188679656
36.9,0.9846486879570916,0.020058157974179574,0.9846486879570916,0.013712123788653944,1514.0,0.9566654708952218,0.05293138551461402,0.9566654708952218,0.030967615727252942,34.0,0.9789496496340347,0.027167127228167404,0.9789496496340347,0.028291915534613576,-2.3,0.9900770694510213,0.012990817561747334,0.9900770694510213,0.01695066583482753,8.15,0.9672138474220783,0.04036625134981596,0.9672138474220783,0.04761243830907487,46.0,0.7648621678480522,0.2263419283952948,0.7648621678480522,0.19216960112443765,26.7,0.9771208598620185,0.028733285721121153,0.9771208598620185,0.031087195798751025,71.8,0.9767841070293285,0.029324098559442742,0.9767841070293285,0.03114898736019925
27.1,0.9839687224538802,0.02114978668267995,0.9839687224538802,0.014466891254445852,1511.0,0.955372393709653,0.054215792034941486,0.955372393709653,0.03039133141444731,88.0,0.9790826388827435,0.027000873998208698,0.9790826388827435,0.028202567750155724,1.6,0.9905242764827713,0.0123841967475035,0.9905242764827713,0.01622035321987051,5.9,0.9669330341492655,0.040718844570101866,0.9669330341492655,0.04634366634875532,48.0,0.7647413037004543,0.2264210023462931,0.7647413037004543,0.1913150272270483,23.9,0.9769878706133098,0.028898955286011163,0.9769878706133098,0.030252538297417475,73.7,0.9753246360848227,0.030900168368119523,0.9753246360848227,0.03230431492474235
43.5,0.9845833970005873,0.020400791170400622,0.9845833970005873,0.014439141581435526,1612.0,0.955372393709653,0.054215792034941486,0.955372393709653,0.03132703973617758,30.0,0.9798941578250375,0.026116939557018937,0.9798941578250375,0.028503109298615905,3.1,0.9904293620480804,0.01248510030765287,0.9904293620480804,0.015949885202950043,3.78,0.9656849974667061,0.042493372249530766,0.9656849974667061,0.048050658213765446,46.0,0.7665337305275539,0.22612139969227285,0.7665337305275539,0.18948147655963327,21.2,0.9772957821742971,0.028565737901142176,0.9772957821742971,0.029128861210708564,65.1,0.9744782768226742,0.032203582783565436,0.9744782768226742,0.034187416641274615
37.6,0.9849172582744813,0.020016331626229122,0.9849172582744813,0.014583187992138844,790.0,0.9557850258783045,0.053611764493844895,0.9557850258783045,0.029900550861269914,31.0,0.9796718433654229,0.02646731506428097,0.9796718433654229,0.029152226092823193,-3.9,0.9902390443390433,0.012772618911237061,0.9902390443390433,0.015333291934935578,3.99,0.964618697017334,0.043808079052476835,0.964618697017334,0.05136508189281251,39.0,0.7691178595790154,0.2253443740465062,0.7691178595790154,0.1896321553118867,20.4,0.9770641503813641,0.02883399752012267,0.9770641503813641,0.02866302575503581,57.6,0.9741974635498615,0.03256135261847417,0.9741974635498615,0.033165428721621634
43.1,0.9846856264815484,0.020288799616817278,0.9846856264815484,0.01486899795815715,1787.0,0.9569787263526003,0.05207847294575772,0.9569787263526003,0.030186270977142812,19.0,0.9801614911595973,0.025666308067341253,0.9801614911595973,0.02866594830573254,7.8,0.9900260472127471,0.013014607324628046,0.9900260472127471,0.01574969148520717,7.94,0.9647850907762708,0.04358256651501951,0.9647850907762708,0.05200483317624402,33.0,0.7675481815984547,0.22591735311830255,0.7675481815984547,0.19307013283387314,24.3,0.9774287714230058,0.028399968307413256,0.9774287714230058,0.029079120437724815,70.2,0.9740071458408242,0.03284015688148008,0.9740071458408242,0.03229513381248941
18.0,0.9853644653062311,0.01941612208376284,0.9853644653062311,0.014155353098031995,1546.0,0.9569787263526003,0.05207847294575702,0.9569787263526003,0.030427562916614997,46.0,0.9805182026275713,0.025151707119919955,0.9805182026275713,0.028873838176330536,7.0,0.9904928977353498,0.012455227205278824,0.9904928977353498,0.014304881056771615,5.33,0.9644204697346292,0.044004965287376185,0.9644204697346292,0.05074974140839396,34.0,0.7675481815984547,0.22591735311830255,0.7675481815984547,0.19307013283387314,25.5,0.9773338569883148,0.02849795089493551,0.9773338569883148,0.02888052531751908,62.7,0.9740071458408242,0.03284015688148008,0.9740071458408242,0.032672580991219675
61.2,0.9845833970005873,0.0204007911703999,0.9845833970005873,0.015242030464458593,1776.0,0.956298760849389,0.05311586268704126,0.956298760849389,0.030534094005048883,37.0,0.9806660266516755,0.024956230668776152,0.9806660266516755,0.027991596648267284,-9.4,0.9899248265560019,0.013208858140217274,0.9899248265560019,0.01505381058554219,15.4,0.9639916940260442,0.04446782809173606,0.9639916940260442,0.050446021224094195,40.0,0.7675481815984547,0.22591735311830255,0.7675481815984547,0.19307013283387314,31.8,0.9766554543494528,0.029108257338102066,0.9766554543494528,0.027785300970006463,69.0,0.97451959090657,0.03221594970837939,0.97451959090657,0.031479290741493034
19.6,0.9844170032416502,0.02063515535685874,0.9844170032416502,0.01466436403076015,1996.0,0.9554524015872407,0.054373110318425934,0.9554524015872407,0.03291500520196045,20.0,0.9806660266516755,0.024956230668776152,0.9806660266516755,0.02819767351509919,0.0,0.9897118294297058,0.013450674143108136,0.9897118294297058,0.015825679863579294,6.0,0.9635020462318699,0.04524563751108249,0.9635020462318699,0.05240778896333931,36.0,0.7675481815984547,0.22591735311830255,0.7675481815984547,0.19307013283387314,23.9,0.9768457720584901,0.028827933092054697,0.9768457720584901,0.027636634723674197,76.1,0.974685984665507,0.03198598928270117,0.974685984665507,0.03150223846783712
32.9,0.9838023286949432,0.0213838735658519,0.9838023286949432,0.01435938323305273,834.0,0.9564646654999964,0.053433583633455926,0.9564646654999964,0.03278290020451124,33.0,0.9806660266516755,0.024956230668776152,0.9806660266516755,0.02819767351509919,4.7,0.9897118294297058,0.013450674143108136,0.9897118294297058,0.016494053704875025,3.93,0.9639037236522804,0.04475657985024771,0.9639037236522804,0.05326114465925673,25.0,0.7675481815984547,0.22591735311830255,0.7675481815984547,0.19307013283387314,20.0,0.9764811510168483,0.029261530938011503,0.9764811510168483,0.02774334689487019,57.6,0.9750876620859179,0.03148535748279622,0.9750876620859179,0.030785448064082087
35.3,0.9838023286949431,0.0213838735658519,0.9838023286949431,0.014753750750136935,814.0,0.9564042960286903,0.053477158398788575,0.9564042960286903,0.033384828827554565,32.0,0.9808138506757798,0.024760694142848413,0.9808138506757798,0.027983847718111247,-2.3,0.9895788401809971,0.013620632481766107,0.9895788401809971,0.016941062228803695,3.7,0.9639037236522804,0.04475657985024771,0.9639037236522804,0.05326114465925673,16.0,0.7675481815984547,0.22591735311830255,0.7675481815984547,0.19307013283387314,19.6,0.9764811510168483,0.029261530938011503,0.9764811510168483,0.02774334689487019,53.3,0.9753006592122143,0.03125113948559242,0.9753006592122143,0.02958180488744679
32.9,0.9838023286949431,0.0213838735658519,0.9838023286949431,0.013976022805843268,798.0,0.9559697543635567,0.053835883904417514,0.9559697543635567,0.032386268275106614,33.0,0.9809160801567409,0.024649601991423836,0.9809160801567409,0.028854608115389778,3.1,0.9895788401809971,0.013620632481766107,0.9895788401809971,0.017075445638431056,3.81,0.9629391638442146,0.04587802352365711,0.9629391638442146,0.054035822158744334,10.0,0.7665750239029078,0.22616353914264029,0.7665750239029078,0.19416485557985252,20.0,0.9767953687998895,0.028836494342810593,0.9767953687998895,0.026874064180933698,58.0,0.975581472485027,0.030892566138433854,0.975581472485027,0.028916493933612834
36.5,0.982736028245571,0.02274789800536213,0.982736028245571,0.014438012755793374,813.0,0.9551715883144276,0.054717011193288784,0.9551715883144276,0.03271259926511143,47.0,0.9811477119496739,0.02437924316889382,0.9811477119496739,0.028227359804112874,-1.6,0.9890107690016492,0.014372885344539572,0.9890107690016492,0.017150241355680246,6.57,0.9634516089099605,0.04526823885719137,0.9634516089099605,0.05246749733392056,9.0,0.7646825032145245,0.22691003631866713,0.7646825032145245,0.19629478625066688,27.5,0.9767953687998895,0.028836494342810593,0.9767953687998895,0.026874064180933698,51.8,0.9760939175507728,0.030266271757041795,0.9760939175507728,0.027157159279472518
63.5,0.982736028245571,0.02274789800536213,0.982736028245571,0.01437607047482742,1935.0,0.956256472004586,0.053663201251050306,0.956256472004586,0.03231403016418987,21.0,0.9820075511500754,0.02314872783370099,0.9820075511500754,0.025724822530945463,2.3,0.9890107690016492,0.014372885344539572,0.9890107690016492,0.01810862103106045,21.15,0.9634516089099605,0.04526823885719137,0.9634516089099605,0.05246749733392056,20.0,0.7682406985581965,0.2252287915517183,0.7682406985581965,0.19566194448419658,33.7,0.9767953687998895,0.028836494342810593,0.9767953687998895,0.026874064180933698,68.6,0.9766063626165189,0.02963930273380138,0.9766063626165189,0.02703884371455073
18.4,0.9823714072039293,0.02318649662463986,0.9823714072039293,0.015037341735155236,2348.0,0.956256472004586,0.053663201251050306,0.956256472004586,0.03231403016418987,35.0,0.9817852366904608,0.023500556688181663,0.9817852366904608,0.027807874842066597,7.0,0.9893249867846906,0.013937426361053702,0.9893249867846906,0.018057958022574844,6.49,0.9641127197022957,0.04474292702322273,0.9641127197022957,0.05369897680783427,17.0,0.7751003158301905,0.21860965276474242,0.7751003158301905,0.21714805896021785,24.3,0.9778076327126456,0.027846994630260805,0.9778076327126456,0.026847757868494044,59.6,0.9774527218786673,0.028330700100239463,0.9774527218786673,0.024619957929501182
40.4,0.9830982571556225,0.02212102222599832,0.9830982571556225,0.014394912670868005,823.0,0.956256472004586,0.053663201251050306,0.956256472004586,0.0334975692898342,48.0,0.9812807011983825,0.024212222260546375,0.9812807011983825,0.028492349484136852,-1.6,0.9890711333883841,0.01425405587336022,0.9890711333883841,0.01787368918780962,4.59,0.9624681943910184,0.04691359210466468,0.9624681943910184,0.05737809879458794,21.0,0.7789528035883775,0.2164422787972316,0.7789528035883775,0.2139854407667021,20.8,0.9768362466979644,0.029097514935618015,0.9768362466979644,0.028524382153405223,52.2,0.9783218784123874,0.027189135873423483,0.9783218784123874,0.022862780627164594
55.3,0.9830982571556225,0.02212102222599832,0.9830982571556225,0.014551289495850403,1912.0,0.956256472004586,0.053663201251050306,0.956256472004586,0.0334975692898342,44.0,0.9808138506757798,0.024760694142848413,0.9808138506757798,0.02812592856862544,0.8,0.9901374338377562,0.01287177382822053,0.9901374338377562,0.015962665408718702,15.51,0.9633145536531668,0.04563985672349964,0.9633145536531668,0.056269065122469986,28.0,0.7813215791613198,0.2156947727325684,0.7813215791613198,0.21511983949483768,31.4,0.9766698529390273,0.029328498854914606,0.9766698529390273,0.029396426263366873,69.4,0.9783218784123874,0.027189135873423483,0.9783218784123874,0.022645982609737682
51.0,0.9823886681742242,0.022966825484108607,0.9823886681742242,0.01486832497474288,2476.0,0.9558092649728361,0.05422912755654238,0.9558092649728361,0.03391149140089976,20.0,0.9806008535494833,0.02499772286065861,0.9806008535494833,0.028745456517545166,-10.2,0.9903912872340627,0.012554440775597513,0.9903912872340627,0.016027894657941407,19.27,0.9632037860078317,0.045761093683467584,0.9632037860078317,0.05739488299403828,34.0,0.7789528035883775,0.2164422787972316,0.7789528035883775,0.21670042005259177,32.9,0.9757052931309615,0.03048122598587732,0.9757052931309615,0.03004882184765426,72.5,0.978211110767052,0.027314513080104963,0.978211110767052,0.022883805296081697
20.0,0.983039010199249,0.022228685129604485,0.983039010199249,0.014648250816387048,1645.0,0.9565770489321898,0.053516831498209814,0.9565770489321898,0.03441460582629309,35.0,0.9800390885921898,0.025643970109714732,0.9800390885921898,0.030242148172171437,3.9,0.9893249867846906,0.013937426361053702,0.9893249867846906,0.018609461176262696,4.23,0.9654563011084086,0.04309510968681062,0.9654563011084086,0.054068970766889435,32.0,0.7755919979912856,0.21987683810613254,0.7755919979912856,0.22352186886839598,21.6,0.9765363234248132,0.029683710989321047,0.9765363234248132,0.030221612843509764,62.7,0.9791025105322103,0.0264657015059132,0.9791025105322103,0.023127925391266586
35.7,0.9831497778445842,0.022102085683243636,0.9831497778445842,0.014713132004023745,1593.0,0.9553740527526402,0.054654843794637316,0.9553740527526402,0.035354457633074786,21.0,0.9793122386404967,0.026703411760264306,0.9793122386404967,0.033117942180247606,0.0,0.9893249867846906,0.013937426361053702,0.9893249867846906,0.019241415492859525,8.19,0.9646099418462603,0.04437408848361953,0.9646099418462603,0.056526927430689766,30.0,0.7738433587663112,0.2221186297303558,0.7738433587663112,0.22702475723147503,26.7,0.9761236912561615,0.030311963679282704,0.9761236912561615,0.031078549382828544,72.5,0.9789546865081061,0.026660626349512936,0.9789546865081061,0.02352339238207774
64.7,0.9827930663766102,0.022619223789168558,0.9827930663766102,0.015244427611211519,1719.0,0.9565770489321898,0.053516831498209814,0.9565770489321898,0.03497424066407695,40.0,0.9790583852441902,0.0270134539943529,0.9790583852441902,0.03312956449428306,-3.1,0.9886461479600076,0.014817480536488035,0.9886461479600076,0.019417509395784287,15.23,0.9650064304749784,0.043965217465515016,0.9650064304749784,0.05630712344238296,38.0,0.7749348297596458,0.2212258841077319,0.7749348297596458,0.2279169828947013,31.4,0.9769047595618054,0.029343958190555103,0.9769047595618054,0.031095979059734026,68.2,0.9799353898561055,0.025290939642605665,0.9799353898561055,0.02297557661652806
47.8,0.9823965777478919,0.023044905687766723,0.9823965777478919,0.014826681531189547,1887.0,0.9562124278905482,0.05393156710926701,0.9562124278905482,0.036083287666441505,39.0,0.9793122386404967,0.026703411760264306,0.9793122386404967,0.03251877089577804,-5.5,0.9885353803146725,0.0149456317581257,0.9885353803146725,0.01952094283123807,13.37,0.9635453966661229,0.04595987922634977,0.9635453966661229,0.05689304472458398,43.0,0.7754924953056331,0.22091888456247585,0.7754924953056331,0.22786980281752872,33.3,0.9761844969132888,0.030017313543495586,0.9761844969132888,0.030432697072612494,63.8636053593179,0.9801017836150425,0.025058464615294797,0.9801017836150425,0.021745810396118163
18.4,0.9817590530071048,0.02392445436594826,0.9817590530071048,0.01590540177090817,1397.0,0.9565770489321898,0.053516831498209814,0.9565770489321898,0.03441460582629309,28.0,0.9789105612200859,0.027208286988832507,0.9789105612200859,0.033011692353487755,-2.3,0.9878085303629794,0.0160224596243755,0.9878085303629794,0.02184442353106421,3.42,0.9639100177077647,0.04553863354569352,0.9639100177077647,0.05597428010520673,39.0,0.7743894451535522,0.22157998894949352,0.7743894451535522,0.22665343836139673,20.0,0.9761844969132888,0.030017313543495225,0.9761844969132888,0.02970575969794413,67.1,0.9799353898561053,0.025290939642604943,0.9799353898561053,0.021806327988910905
34.1,0.9817590530071048,0.02392445436594826,0.9817590530071048,0.01590540177090817,809.0,0.9552262287285359,0.05484048616928359,0.9552262287285359,0.03581482155534797,32.0,0.9775333692433682,0.028995635528026274,0.9775333692433682,0.03569899390137326,-4.7,0.9883766015423274,0.01527208939129567,0.9883766015423274,0.021305100252796475,3.83,0.9643796383294154,0.04516341732027808,0.9643796383294154,0.057115276758407975,5.0,0.7767582207264946,0.2208602873319768,0.7767582207264946,0.22724588293266737,20.0,0.9768025300808445,0.029454083696685823,0.9768025300808445,0.029598219806477803,61.6,0.9798246222107704,0.02541674836317291,0.9798246222107704,0.02219956360801867
35.7,0.9811909818277571,0.024664673250857846,0.9811909818277571,0.016616240232630777,796.0,0.95376675778403,0.056340776400626756,0.95376675778403,0.03608419054395276,36.0,0.9775333692433682,0.028995635528026274,0.9775333692433682,0.03558151523156503,0.8,0.9883766015423274,0.01527208939129567,0.9883766015423274,0.021305100252796475,4.22,0.9626853693760135,0.04763728257274423,0.9626853693760135,0.06198246225520581,0.0,0.7773128546575553,0.2208303868799799,0.7773128546575553,0.22941029060169635,21.2,0.9772042075012553,0.028951266878589073,0.9772042075012553,0.02971932894837648,58.8,0.9794229447903594,0.02592242678059295,0.9794229447903594,0.02168630389145826
55.7,0.980036104310654,0.026109510154203677,0.980036104310654,0.0167334791630523,550.0,0.9529283826461221,0.05705984153660515,0.9529283826461221,0.036228151409814745,37.0,0.9769757036973808,0.029566419079998924,0.9769757036973808,0.03541921099908756,-3.9,0.9885244255664314,0.015073508368916085,0.9885244255664314,0.021362280535324588,9.22,0.9620441381537577,0.048170843561527836,0.9620441381537577,0.06164938421141777,5.0,0.7787726162776103,0.21984810166803984,0.7787726162776103,0.23124101249315665,29.4,0.9765861743336997,0.029515061816675025,0.9765861743336997,0.029826868839842813,62.0,0.9794229447903594,0.02592242678059295,0.9794229447903594,0.02168630389145826
42.7,0.978988510969714,0.02734871367314238,0.978988510969714,0.01607358725975509,1107.0,0.9541313788256719,0.05592812748216589,0.9541313788256719,0.036627850316352135,19.0,0.9783528956740986,0.027780939950380064,0.9783528956740986,0.030958897400259998,-2.3,0.9889261029868421,0.014558527772384151,0.9889261029868421,0.020436927931461485,6.99,0.9622157487543626,0.04801055510529721,0.9622157487543626,0.059246665393370694,6.0,0.7785409844846775,0.2200018603760789,0.7785409844846775,0.23189293848249432,25.5,0.9764754066883643,0.029639941810581095,0.9764754066883643,0.028078584192822983,59.2,0.9797796562583336,0.02540832080023107,0.9797796562583336,0.02156912875340318
51.4,0.978988510969714,0.02734871367314238,0.978988510969714,0.01568495447649659,1031.0,0.9541313788256719,0.05592812748216589,0.9541313788256719,0.03605592508025365,49.0,0.9790797456257916,0.026723374734188066,0.9790797456257916,0.030094229842629577,4.7,0.9897071712924863,0.013564762344476225,0.9897071712924863,0.019011405701222506,7.46,0.9625724602223368,0.0475140011405717,0.9625724602223368,0.05678504721250111,8.0,0.7779863505536166,0.22003289603887938,0.7779863505536166,0.22975899405316763,26.3,0.9757954411851532,0.030715599725594466,0.9757954411851532,0.028443679397220933,63.5,0.9809068287932949,0.02372896952634874,0.9809068287932949,0.01956713291447402
68.2,0.978261661018021,0.02840571228612618,0.978261661018021,0.017010831078538662,1749.0,0.9548897677140565,0.05495916425597295,0.9548897677140565,0.034634040181718874,42.0,0.9797582753193768,0.02600576729949021,0.9797582753193768,0.030077898085597736,5.5,0.9889487824041014,0.0146039321317802,0.9889487824041014,0.019664447705613028,20.82,0.9632820492037348,0.04670401823428207,0.9632820492037348,0.05758768807867605,23.0,0.7747577357802727,0.22150133454652537,0.7747577357802727,0.23014212354568347,33.7,0.9771542455130474,0.028781270564700003,0.9771542455130474,0.027670721081138293,68.2,0.9799354427786139,0.02498771057169657,0.9799354427786139,0.02125688589628464
89.0,0.9777821388564288,0.028905897427370663,0.9777821388564288,0.01643927065236649,2387.0,0.9543216965347089,0.055659881315283516,0.9543216965347089,0.037009068553492695,59.0,0.980237797480969,0.025503095123235328,0.980237797480969,0.03041141334847416,-6.2,0.9895863071448885,0.01371171131209001,0.9895863071448885,0.01823402893798986,32.6,0.9625854823467043,0.047276606931915266,0.9625854823467043,0.0574224915448829,42.0,0.7725995169754877,0.22206262731234938,0.7725995169754877,0.22893716737733963,37.3,0.9764758428741857,0.029391260797191822,0.9764758428741857,0.027633930788005332,66.7,0.9799354427786139,0.02498771057169657,0.9799354427786139,0.02125688589628464
20.4,0.9769129823227087,0.030045278581961224,0.9769129823227087,0.017082845453782008,2055.0,0.9533062664059898,0.05727117535380571,0.9533062664059898,0.039355653416483616,54.0,0.9792570941329696,0.026873008309242566,0.9792570941329696,0.03343393201717799,-0.8,0.9897527009038257,0.013474915983168474,0.9897527009038257,0.01791697076093442,6.12,0.9636009124754233,0.045637921217193324,0.9636009124754233,0.053942450853325656,47.0,0.7725995169754877,0.22206262731234938,0.7725995169754877,0.22893716737733963,24.3,0.9762535284145709,0.02973962687575212,0.9762535284145709,0.027806166670283527,63.1,0.9790890835164655,0.026302651740491963,0.9790890835164655,0.023282570405787177
47.1,0.976690667863094,0.030393657806050505,0.976690667863094,0.01665892935864842,2358.0,0.9548234803685806,0.055733023297409395,0.9548234803685806,0.03884323946784457,25.0,0.9786953291756755,0.027517254399213143,0.9786953291756755,0.03506367887227672,-4.7,0.9893510234834147,0.013990776855289856,0.9893510234834147,0.017548210938098625,16.28,0.9640677629980262,0.04510960221963139,0.9640677629980262,0.05336318148181501,49.0,0.7700559314285624,0.2228620111257061,0.7700559314285624,0.2306708370809743,31.8,0.9767659734803168,0.02911227374850371,0.9767659734803168,0.027175751088009844,72.9,0.9786418764847156,0.02689577895467291,0.9786418764847156,0.02436081758637087
18.8,0.976690667863094,0.030393657806051223,0.976690667863094,0.01662596535737901,1731.0,0.9551092013519638,0.055452392939465196,0.9551092013519638,0.03772961517921738,29.0,0.9786953291756755,0.027517254399213143,0.9786953291756755,0.03506367887227672,11.7,0.9895174172423518,0.01375408584821157,0.9895174172423518,0.017435779364269495,4.22,0.9628859391103701,0.04697421898393937,0.9628859391103701,0.05540412120167218,45.0,0.7716394327366294,0.22137509857992618,0.7716394327366294,0.2308603981829822,21.2,0.9766181494562126,0.02930631372359668,0.9766181494562126,0.027616371625844,74.5,0.9779322875033174,0.02773413822682189,0.9779322875033174,0.025898106924658923
41.6,0.9770473793310682,0.02988267123786227,0.9770473793310682,0.01712270270081104,763.0,0.9542708262140558,0.056173390243650374,0.9542708262140558,0.038458952565129864,31.0,0.9786953291756755,0.027517254399213143,0.9786953291756755,0.03506367887227672,-0.8,0.9900298623080976,0.01310951392100761,0.9900298623080976,0.016799960701832137,4.49,0.962248414369583,0.04781984448798935,0.962248414369583,0.05677413253304648,38.0,0.7670695476152543,0.22732863735461425,0.7670695476152543,0.23052199243789373,20.8,0.9752593451283184,0.031238805706567046,0.9752593451283184,0.02971514512768714,60.0,0.9784447325690635,0.027104602352010964,0.9784447325690635,0.02520105785095307
33.3,0.9771496088120292,0.0297725614285659,0.9771496088120292,0.016861077335657705,789.0,0.9548234803685806,0.055733023297409395,0.9548234803685806,0.03884323946784457,28.0,0.9793456712007003,0.026785025538115643,0.9793456712007003,0.03537665275795142,3.9,0.9900298623080978,0.01310951392100761,0.9900298623080978,0.016571367943459675,3.92,0.9617438788775047,0.04850410417385728,0.9617438788775047,0.05667082291690886,35.0,0.76587720725634,0.22764473281680994,0.76587720725634,0.2314513248845539,20.0,0.9742879591136371,0.03248254096810297,0.9742879591136371,0.02967535727188554,59.2,0.9784447325690635,0.027104602352010964,0.9784447325690635,0.02520105785095307
41.6,0.9768638878286461,0.030067935574918648,0.9768638878286461,0.01648899418425559,1034.0,0.955137698151622,0.0553265443955274,0.955137698151622,0.03786790161336221,23.0,0.9793456712007005,0.026785025538115646,0.9793456712007005,0.03474259498155663,7.0,0.9903865737760719,0.012585022424681302,0.9903865737760719,0.016501123395718836,6.94,0.9628353498708395,0.047060686723683985,0.9628353498708395,0.05498692544745225,34.0,0.7636048881303903,0.22863772865118395,0.7636048881303903,0.2340769741951964,26.3,0.9746525801552787,0.032051171196147095,0.9746525801552787,0.028717090659716164,63.9,0.9785777218177721,0.0269384301690107,0.9785777218177721,0.02511233345013926
18.8,0.9777330443623664,0.028928634473199488,0.9777330443623664,0.015273400989489148,1646.0,0.9527864128842013,0.05834504763557571,0.9527864128842013,0.03989913533760722,25.0,0.9781907936835973,0.028224532203573762,0.9781907936835973,0.036716504253162904,7.8,0.9902758061307365,0.012713654795442222,0.9902758061307365,0.016708021999943857,4.67,0.9644798751821169,0.044889385149668136,0.9644798751821169,0.051038066338782356,33.0,0.7614673485663939,0.22948951676268273,0.7614673485663939,0.23814095524567647,24.3,0.9746525801552789,0.03205117119614675,0.9746525801552789,0.029499344833795193,66.7,0.9769331965064947,0.02917391439693097,0.9769331965064947,0.028822218591271133
18.0,0.9784598943140593,0.027872618148396054,0.9784598943140593,0.014652422150685993,1573.0,0.9511534490151321,0.06100976461290289,0.9511534490151321,0.04395760023705701,19.0,0.9787698196111859,0.027362259085869253,0.9787698196111859,0.03514266704567129,12.5,0.9901735766497755,0.012827088062164918,0.9901735766497755,0.01649142770949406,4.34,0.965607047717078,0.04325991454042365,0.965607047717078,0.04746285445973413,30.0,0.7597006075738749,0.23005658494245795,0.7597006075738749,0.24178277046923535,22.0,0.9749333934280916,0.03169307851194244,0.9749333934280916,0.0278793919231532,65.1,0.9763651253271468,0.029907303666826195,0.9763651253271468,0.030412216748295796
26.3,0.9796978053640363,0.026353019171399455,0.9796978053640363,0.015056620713447147,1432.0,0.9526200191252643,0.05856498881145729,0.9526200191252643,0.039158746391612397,42.0,0.9795282084995709,0.02634389427426885,0.9795282084995709,0.03449171225437931,2.3,0.9908524154744583,0.011944279195229841,0.9908524154744583,0.01453212799149771,9.11,0.9661751188964258,0.042542842308822514,0.9661751188964258,0.04775294371875716,33.0,0.760665167381941,0.22942742457289805,0.760665167381941,0.24134025001250653,29.8,0.9746525801552787,0.032051171196147095,0.9746525801552787,0.02783417373061231,73.7,0.9780096506384244,0.027674409507855303,0.9780096506384244,0.02811067270850076
36.5,0.9795955758830753,0.02646378920103142,0.9795955758830753,0.01604425916793466,1627.0,0.9527864128842013,0.05834504763557605,0.9527864128842013,0.03957510106757432,31.0,0.9788493696748879,0.027206439317498967,0.9788493696748879,0.03568711661785868,-1.6,0.9910002394985625,0.011744692915893891,0.9910002394985625,0.013843347469235032,5.67,0.9681603006624432,0.04030164036201257,0.9681603006624432,0.045636505644379294,30.0,0.761941419783036,0.22800477348724768,0.761941419783036,0.23909628811077122,22.7,0.9763023688088217,0.030198078076422812,0.9763023688088217,0.02627379127330744,71.4,0.9795655988819708,0.025521970893957264,0.9795655988819708,0.025715771732545287
37.6,0.9783576648330982,0.027983082476624302,0.9783576648330982,0.01619561622189934,810.0,0.9527864128842013,0.05834504763557605,0.9527864128842013,0.039342050142896524,33.0,0.9785820363403281,0.02765602800931429,0.9785820363403281,0.037433657372069745,-4.7,0.99032140067388,0.012627772737910988,0.99032140067388,0.014925567052725018,4.19,0.9692303075932841,0.0392916187040551,0.9692303075932841,0.0464769206751887,11.0,0.7643520160812525,0.22733966530077493,0.7643520160812525,0.2398577585472735,27.23618212807402,0.9775350765230844,0.028896785113558202,0.9775350765230844,0.02494852246427216,56.9,0.9795655988819706,0.02552197089395726,0.9795655988819706,0.026180559607387494
34.5,0.9793383681810975,0.026615588442643574,0.9793383681810975,0.014624224535364074,1690.0,0.9535448017725863,0.057379498358895845,0.9535448017725863,0.0390893356304427,19.0,0.9787723540493655,0.027374846106000602,0.9787723540493655,0.03684339207874459,-1.6,0.9901735766497755,0.012827088062164918,0.9901735766497755,0.015520927321143952,8.86,0.971026806027647,0.03667658652170834,0.971026806027647,0.04460687808739383,10.0,0.7648240846042192,0.2273312143732683,0.7648240846042192,0.24207256151362805,28.2,0.977936753943495,0.02839334421160133,0.977936753943495,0.02650958235753705,71.0,0.9802159409069954,0.02478773417746247,0.9802159409069954,0.024806082114509055
41.2,0.9793383681810975,0.026615588442643574,0.9793383681810975,0.015049465067234796,780.0,0.9548806569112875,0.0559715242226035,0.9548806569112875,0.037887634639302906,32.0,0.9794098787901523,0.026500313503731585,0.9794098787901523,0.03634218932409581,0.6281970010971596,0.9901735766497755,0.012827088062164918,0.9901735766497755,0.01527441003071111,4.54,0.9718078743332911,0.03571900488121146,0.9718078743332911,0.04320308782900189,1.0,0.7652455718779999,0.2273239505343814,0.7652455718779999,0.24430815173908949,20.8,0.9786155927681779,0.0275324618736399,0.9786155927681779,0.025529773687920355,55.7,0.9801051732616605,0.024913637421219412,0.9801051732616605,0.025469623074139747
46.3,0.9786287791996995,0.027454775574389374,0.9786287791996995,0.016571513646670356,790.0,0.9550284809353918,0.05578613023320475,0.9550284809353918,0.03749474053620877,36.0,0.9794098787901523,0.026500313503731585,0.9794098787901523,0.036558987341522714,9.4,0.9901735766497755,0.012827088062164918,0.9901735766497755,0.01473198769250419,5.1,0.9713952421646393,0.03634152985862473,0.9713952421646393,0.043273093740098176,3.0,0.7670755797008487,0.22694812107255022,0.7670755797008487,0.24553870675887257,22.7,0.9772859448564175,0.029642262763965664,0.9772859448564175,0.028394835997300166,52.9,0.9797405522200188,0.025350210482776914,0.9797405522200188,0.024950294563728763
40.8,0.9793871680880845,0.026436635199198297,0.9793871680880845,0.01594145146280181,815.0,0.9533955170663225,0.0584619743637374,0.9533955170663225,0.04141125638097514,35.0,0.9787002898087543,0.0273396482914434,0.9787002898087543,0.0368349217211267,-0.8,0.9901735766497755,0.012827088062164918,0.9901735766497755,0.014876896867174817,4.58,0.9716268739575723,0.036076696041987766,0.9716268739575723,0.043702660107374856,0.0,0.7722769278463417,0.22065582715097462,0.7722769278463417,0.2461316287942287,21.2,0.9769213238147759,0.03007576193904394,0.9769213238147759,0.029724024226604827,52.5,0.979178787262725,0.02599566318515085,0.979178787262725,0.024833505684947438
44.3,0.9793871680880845,0.026436635199197936,0.9793871680880845,0.016593338792750396,831.0,0.9526277331069689,0.05916763073418152,0.9526277331069689,0.042647890291803645,38.0,0.9780627650679674,0.028212975121810986,0.9780627650679674,0.03709932267561579,3.9,0.9910334158501771,0.011574840075675533,0.9910334158501771,0.012756230055778557,5.04,0.9719076872303852,0.03572093554541571,0.9719076872303852,0.0426543919860559,0.0,0.7695475852733678,0.22369491784049209,0.7695475852733678,0.24827990277807913,22.4,0.9772859448564175,0.029642262763965664,0.9772859448564175,0.027853895659452385,53.7,0.9794104190556578,0.025726122134366036,0.9794104190556578,0.024768710863226844
46.3,0.9793871680880845,0.026436635199197936,0.9793871680880845,0.016593338792750396,757.0,0.9521231976148906,0.059838531407978054,0.9521231976148906,0.0409247760950885,38.0,0.9775582295758891,0.02891941831584094,0.9775582295758891,0.03775781445541272,-2.3,0.991545860915923,0.010928132486980572,0.991545860915923,0.012312819631541615,5.54,0.971593469447344,0.03614152584055727,0.971593469447344,0.04213583749040287,3.0,0.7684561142800332,0.2245735960811844,0.7684561142800332,0.2510277141980186,23.5,0.978266648204417,0.028277991659551534,0.978266648204417,0.026482407768218346,56.5,0.9787600770306331,0.026459104916816904,0.9787600770306331,0.026371781114477744
38.0,0.9798666902496767,0.02593437392979245,0.9798666902496767,0.016505319608060707,849.0,0.9508469452137956,0.062014057962341454,0.9508469452137956,0.044802866043526894,35.0,0.9772015181079149,0.029431035050532676,0.9772015181079149,0.03795420007645436,0.0,0.9923042498043079,0.009883365651884404,0.9923042498043079,0.010278470956575591,4.43,0.9718608027819037,0.0356975900841773,0.9718608027819037,0.040815131777276595,2.0,0.7700293816373607,0.22429144889449149,0.7700293816373607,0.2495073787821989,21.2,0.9778649707840062,0.028781657692954803,0.9778649707840062,0.027316856529148285,52.5,0.9776686060372984,0.027951148061376885,0.9776686060372984,0.028334815357291952
40.4,0.9810215677667797,0.024489590709565395,0.9810215677667797,0.015249803778917478,806.0,0.9523135153239279,0.05957167835831897,0.9523135153239279,0.04265554067268204,33.0,0.9758116661954122,0.031078389606126446,0.9758116661954122,0.038663952627461744,0.8,0.9924706435632451,0.009645265464100916,0.9924706435632451,0.01012962953896354,4.57,0.9715799895090909,0.03605333916365561,0.9715799895090909,0.0423215912988091,0.0,0.7729703720359138,0.22307160230938317,0.7729703720359138,0.2482844032314222,20.8,0.9773981202614035,0.029325957611798906,0.9773981202614035,0.027994884644547285,51.0,0.9766972200226174,0.029201379033126616,0.9766972200226174,0.030419436954455828
43.1,0.9805091227010339,0.025122226067315016,0.9805091227010339,0.016782413962859153,787.0,0.953495339211584,0.05774441569868575,0.953495339211584,0.03864425638623198,37.0,0.9755800344024791,0.03134562473290694,0.9755800344024791,0.03979538931757673,-4.7,0.9930853181099522,0.008882449891614531,0.9930853181099522,0.008948129119283428,4.51,0.971459125361493,0.036194737508074,0.971459125361493,0.04293879665855911,33.67243525896414,0.7761111729215667,0.22161738433177966,0.7761111729215667,0.24748966689943958,20.8,0.9766885312800055,0.030161436716867135,0.9766885312800055,0.027500489756490217,55.3,0.9762955426022066,0.02970381966016797,0.9762955426022066,0.03147220730976833
40.8,0.9799087363918436,0.025769222575333046,0.9799087363918436,0.016608045733547336,796.0,0.9530158170499916,0.05821646254897084,0.9530158170499916,0.03833425472167293,33.0,0.9766131748470077,0.030210073709522813,0.9766131748470077,0.039511238529627485,-3.1,0.9938663864155959,0.007879947440157792,0.9938663864155959,0.007483320440165756,4.52,0.9706127660993444,0.0374881557841356,0.9706127660993444,0.04481266639973504,0.0,0.7798318797571189,0.21946010638353716,0.7798318797571189,0.24551468206546392,20.8,0.9765221375210684,0.030392202946715872,0.9765221375210684,0.028561645570765692,55.3,0.9762955426022066,0.02970381966016797,0.9762955426022066,0.03147220730976833
54.1,0.9796230154084606,0.02606664738974478,0.9796230154084606,0.016267399988816416,820.0,0.9539072168151497,0.05741969605646418,0.9539072168151497,0.03842254954490976,47.0,0.977009663475726,0.02978991555263548,0.977009663475726,0.037847242427533456,2.3,0.994147199688409,0.007507607526625727,0.994147199688409,0.007607528252498497,5.13,0.9706127660993444,0.0374881557841356,0.9706127660993444,0.04520449603766931,1.0,0.7846751341923396,0.21567452100330645,0.7846751341923396,0.24185686870561623,22.7,0.9752894298068059,0.03169018244518867,0.9752894298068059,0.029279693723555426,60.0,0.9762955426022066,0.02970381966016797,0.9762955426022066,0.03147220730976833
43.1,0.9799038286812736,0.02570491964274965,0.9799038286812736,0.015514039186550328,807.0,0.9546405923730484,0.05665284057287291,0.9546405923730484,0.03680847326304286,44.0,0.9760382774610449,0.031037437387917356,0.9760382774610449,0.03886227888710341,1.6,0.9943788314813418,0.007229452851604822,0.9943788314813418,0.006889777816454758,4.84,0.9703997689730482,0.037719813275922824,0.9703997689730482,0.043663951222144594,0.0,0.791335221508581,0.20875285276735261,0.791335221508581,0.2470975558486295,21.6,0.975289429806806,0.03169018244518939,0.975289429806806,0.027188080794611692,52.5,0.9762955426022066,0.02970381966016797,0.9762955426022066,0.03147220730976833
47.8,0.9799038286812736,0.02570491964274965,0.9799038286812736,0.015514039186550328,643.0,0.9546405923730484,0.056652840572872565,0.9546405923730484,0.03619604499604299,36.0,0.9759052882123362,0.031202600756257692,0.9759052882123362,0.03943128055564183,1.6,0.994610463274275,0.006951167774280634,0.994610463274275,0.006655885051598143,5.9,0.9697850944263412,0.038446672202492774,0.9697850944263412,0.04530481634402044,1.0,0.7920151870117925,0.20804240438811,0.7920151870117925,0.24698668409264357,25.1,0.9748877523863951,0.032190838889897676,0.9748877523863951,0.028181273061658515,53.3,0.9764433666263109,0.029509906891244275,0.9764433666263109,0.03037782908119982
41.6,0.9805826675059564,0.024840365264170706,0.9805826675059564,0.01496291178861861,863.0,0.9547735816217571,0.056495008356880594,0.9547735816217571,0.03631660440019709,40.0,0.9756195672289532,0.031497157788354005,0.9756195672289532,0.04004279193524262,-2.3,0.9953200522556729,0.006083013362180499,0.9953200522556729,0.006259774001604104,5.12,0.9699329184504455,0.0382554452003198,0.9699329184504455,0.04493959764872565,2.0,0.7937308435180213,0.20742593859518166,0.7937308435180213,0.24589423635894292,25.5,0.974006552804392,0.03318710931246077,0.974006552804392,0.028842424918878312,49.8,0.9750845622984167,0.03144175461571999,0.9750845622984167,0.03298973291584272
38.8,0.9818205785559335,0.023313492941363017,0.9818205785559335,0.014497835474083811,826.0,0.9560062893360196,0.05525802592064159,0.9560062893360196,0.03509913220357922,35.0,0.9759762786969274,0.030987159219483498,0.9759762786969274,0.03947510932167029,-2.3,0.9950884204627398,0.006361701370805735,0.9950884204627398,0.006638359269370436,4.41,0.9701459155767418,0.03802402472430103,0.9701459155767418,0.047206612674125875,0.0,0.7967757981277339,0.2055494225495539,0.7967757981277339,0.24294580511295039,20.4,0.9745746239837398,0.032457487667955066,0.9745746239837398,0.02916691118212142,52.9,0.9743577123467235,0.032491321693015315,0.9743577123467235,0.03584782010106266
65.5,0.983465103867211,0.021056538072150573,0.983465103867211,0.013148379254615174,677.0,0.958145725783737,0.052713866192728956,0.958145725783737,0.032793707383822486,41.0,0.9767346675853121,0.02997463661006374,0.9767346675853121,0.039352480035258895,-0.8,0.9949220267038029,0.006600987267074088,0.9949220267038029,0.0072885766760804795,6.64,0.9709269838823859,0.03706844943588101,0.9709269838823859,0.04747196972507097,5.0,0.803112424241628,0.19841583081055936,0.803112424241628,0.23983448529417833,25.5,0.975822660666299,0.030652787888001957,0.975822660666299,0.027247323623858732,61.6,0.9754240127960958,0.031149998913796086,0.9754240127960958,0.0356281054465076
37.3,0.9843410866075459,0.01997401713427061,0.9843410866075459,0.011659251982622937,848.0,0.9593784334979996,0.051467141872509996,0.9593784334979996,0.03252748613461265,33.0,0.9772392030773905,0.029269358494815104,0.9772392030773905,0.038787182269293174,1.6,0.9942124377224049,0.007468421364172584,0.9942124377224049,0.007887692914691243,4.41,0.9711808372786925,0.03676372727778609,0.9711808372786925,0.04592973056683421,4.0,0.805273695635254,0.19557244396369836,0.805273695635254,0.22989018938401656,20.8,0.9768702540072393,0.02942132398513685,0.9768702540072393,0.02553829328146197,54.1,0.9756370099223921,0.030915622168554167,0.9756370099223921,0.03557648775992918
38.4,0.9853886799484862,0.018719878013285392,0.9853886799484862,0.011137311677566932,810.0,0.9605602573856556,0.04961526424452499,0.9605602573856556,0.03173615442251063,35.0,0.9783055035267626,0.02792034784445338,0.9783055035267626,0.038509766273284944,-1.6,0.993765230690655,0.008079554653415628,0.993765230690655,0.008561598991974664,4.14,0.9719614693985152,0.03605358302767682,0.9719614693985152,0.04711492703926727,0.0,0.805952534459937,0.19501208627332636,0.805952534459937,0.22791971484319812,20.4,0.9779551376973976,0.028312718455921267,0.9779551376973976,0.024046344282178455,59.2,0.9761494549881378,0.03028930241549015,0.9761494549881378,0.03569038124114147
73.3,0.9861868459976151,0.017778894243418945,0.9861868459976151,0.010711160264606388,722.0,0.9614200965860572,0.04843404192468018,0.9614200965860572,0.029450813935981233,33.0,0.9793718039761347,0.026568326876921268,0.9793718039761347,0.037887676965264676,3.9,0.9936544630453197,0.008209137675362403,0.9936544630453197,0.009025434886438335,7.24,0.9731941771127778,0.03476583461889113,0.9731941771127778,0.04764408794579812,4.0,0.8085866670348214,0.1937505658021236,0.8085866670348214,0.22861628298178902,26.3,0.9787229216567511,0.027561590227861952,0.9787229216567511,0.024417301068215897,50.2,0.9755347804414309,0.03102543208950073,0.9755347804414309,0.03636579006946506
44.3,0.9860152353970102,0.017948858807330888,0.9860152353970102,0.011082040966912341,830.0,0.9625895579658218,0.0472251206042785,0.9625895579658218,0.02857301404649211,35.0,0.979679715537122,0.0262335195398498,0.979679715537122,0.03674024608519754,3.1,0.9939352763181325,0.007836971114693853,0.9939352763181325,0.008228857419382932,4.91,0.9749426644201309,0.032668646943013205,0.9749426644201309,0.045460612461328126,5.0,0.810517372883204,0.19304718777552551,0.810517372883204,0.2294510988753324,22.0,0.9798259718088321,0.026358571080898282,0.9798259718088321,0.023442647820541215,47.8,0.9739788321978845,0.03315988709615193,0.9739788321978845,0.03799649842008679
40.8,0.98706282873795,0.01669036509640862,0.98706282873795,0.010114024216249098,1859.0,0.9624565687171129,0.0473856540774995,0.9624565687171129,0.02851280600189336,72.0,0.9804912344794158,0.02534838357756689,0.9804912344794158,0.03553013497967919,2.3,0.993533598897722,0.008357337422476373,0.993533598897722,0.008228857419382932,33.96,0.9750375788548219,0.03257132365317843,0.9750375788548219,0.04457198755855916,32.0,0.807227862706927,0.19505825867254192,0.807227862706927,0.2303100868728746,38.8,0.979825971808832,0.02635857108089864,0.979825971808832,0.023346602990692054,62.7,0.9739788321978845,0.03315988709615193,0.9739788321978845,0.03728658635519559
88.2,0.987789678689643,0.015614859165487542,0.987789678689643,0.009657547464494494,3012.0,0.9624565687171129,0.0473856540774995,0.9624565687171129,0.02861046222552903,20.0,0.9814719378274154,0.023975152928444207,0.9814719378274154,0.031563227449493886,-1.6,0.9934313694167608,0.00847160076296042,0.9934313694167608,0.00795483944618994,39.73,0.9750375788548219,0.03257132365317843,0.9750375788548219,0.045591878536963525,42.0,0.8051618013113905,0.19583108026589993,0.8051618013113905,0.23165743726383076,38.4,0.9802928223314348,0.025811436434613023,0.9802928223314348,0.02297079671596435,67.1,0.9734993100362923,0.033655418499820774,0.9734993100362923,0.039605959721459555
18.4,0.9872106527620544,0.016492266471939934,0.9872106527620544,0.010203209197053517,1582.0,0.9634782060727731,0.046362722849584724,0.9634782060727731,0.02931534718631769,29.0,0.982466121113668,0.022458671807591975,0.982466121113668,0.029108293694762664,-3.9,0.9927217804353627,0.009336384019619268,0.9927217804353627,0.008862377934550929,3.94,0.9758839381169706,0.03126744891781146,0.9758839381169706,0.041237383352203665,39.0,0.8048569172084384,0.195990296048704,0.8048569172084384,0.22899953567663894,21.2,0.9805466757277412,0.025500674468555834,0.9805466757277412,0.02313242850070209,63.9,0.9732676782433591,0.033921372035929064,0.9732676782433591,0.0401039980879139
32.9,0.9872106527620543,0.01649226647193993,0.9872106527620543,0.010660595306329679,799.0,0.9623087446930088,0.047573914306071,0.9623087446930088,0.03014695471783193,31.0,0.9829329716362708,0.02190814286841296,0.9829329716362708,0.029144539608397402,3.1,0.992869604459467,0.00913602619952009,0.992869604459467,0.008648552137562989,3.76,0.9756300847206639,0.03157516971595127,0.9756300847206639,0.04162692661944773,26.0,0.8049676848537736,0.19591156318768982,0.8049676848537736,0.22890952410114626,19.6,0.9795821159196751,0.026661976815130342,0.9795821159196751,0.02382688968475204,58.0,0.9736693556637698,0.03342230556092265,0.9736693556637698,0.03975042493722533
38.4,0.9865318139373717,0.01736864082252174,0.9865318139373717,0.012105304353431025,790.0,0.9609728895543074,0.04900572829192786,0.9609728895543074,0.030638321344946068,33.0,0.9825041959276857,0.02239027777172936,0.9825041959276857,0.028944456488503828,-2.3,0.9930025937081757,0.00896488991336907,0.9930025937081757,0.008000275434913091,3.98,0.9756300847206639,0.031575169715951985,0.9756300847206639,0.04283720253319921,12.0,0.8024425549728698,0.19731001420835728,0.8024425549728698,0.23392450710561513,20.4,0.9794491266709664,0.026828364620728115,0.9794491266709664,0.025152651423205344,58.4,0.9745505552457729,0.03242661337418411,0.9745505552457729,0.03760716142248352
32.9,0.9852939028873945,0.018910590310858438,0.9852939028873945,0.01248603769353567,747.0,0.9593834703720708,0.050751873223105017,0.9593834703720708,0.029270783994711197,35.0,0.9819868431513695,0.0229605779638023,0.9819868431513695,0.02820068107411932,1.6,0.9927217804353627,0.009336384019619632,0.9927217804353627,0.008578351620219244,3.68,0.9760427168893159,0.03094778180581359,0.9760427168893159,0.040354232366642824,0.0,0.7960757519243413,0.20444752202555463,0.7960757519243413,0.2149302617873168,19.6,0.9793282625233688,0.02697211906499944,0.9793282625233688,0.025552128697593945,60.8,0.9746613228911081,0.03230230952030356,0.9746613228911081,0.03743950754832025
33.3,0.9855069000136906,0.018671059709043397,0.9855069000136906,0.011573408371433709,1630.0,0.9593834703720708,0.050751873223105017,0.9593834703720708,0.030056748924291946,29.0,0.9823435546193436,0.022444001403655486,0.9823435546193436,0.02678776194645605,0.8,0.9924679270390563,0.009655302013418892,0.9924679270390563,0.008918468211421244,6.66,0.9768011057777006,0.029935156450607257,0.9768011057777006,0.03834802957340779,8.0,0.7944312266130639,0.20587986098936326,0.7944312266130639,0.21754425367605051,22.0,0.979613983506752,0.0266750524631249,0.979613983506752,0.02518713452905883,72.5,0.9733682457055393,0.03364094683617948,0.9733682457055393,0.03746324122136151
42.7,0.9857607534099971,0.018356735087914314,0.9857607534099971,0.01119034601240842,1344.0,0.9604051077277307,0.04973611092872379,0.9604051077277307,0.029102857777766916,43.0,0.9830223934440266,0.021574954025117412,0.9830223934440266,0.027163985959139467,6.2,0.9930359982184042,0.008897663246047901,0.9930359982184042,0.008269124020283965,8.92,0.9770141029039969,0.029700164793232398,0.9770141029039969,0.038352172276046516,17.0,0.7963865203632653,0.20523296174916006,0.7963865203632653,0.21889427521430002,27.5,0.9790966307304358,0.0272413417748831,0.9790966307304358,0.02568033753358788,70.2,0.9723968596908582,0.034879749905138896,0.9723968596908582,0.03900772964062835
20.0,0.9857607534099971,0.018356735087914314,0.9857607534099971,0.010782094913886722,1911.0,0.9609096432198092,0.0490535213396933,0.9609096432198092,0.02916691354300377,30.0,0.9836370679907337,0.020826969678023343,0.9836370679907337,0.025998186865183986,-1.6,0.9937455871998022,0.00803228874533155,0.9937455871998022,0.007821773295813189,5.54,0.9760427168893159,0.03094778180581359,0.9760427168893159,0.040354232366642824,44.0,0.7963865203632653,0.20523296174916006,0.7963865203632653,0.21889427521430002,23.1,0.9778485940478767,0.029056715534044483,0.9778485940478767,0.026614673914130884,77.3,0.9731237096425511,0.03383417638782595,0.9731237096425511,0.03692759080452976
35.7,0.9857607534099971,0.018356735087914314,0.9857607534099971,0.011718702458961137,790.0,0.960909643219809,0.04905352133969293,0.960909643219809,0.029047945240909534,32.0,0.9847919455078368,0.01937040250852714,0.9847919455078368,0.023261552392340904,3.9,0.9939119809587392,0.007793528014551496,0.9939119809587392,0.007176234994035631,3.95,0.9755302718235698,0.03157368384186069,0.9755302718235698,0.04115235589155698,37.0,0.7963865203632653,0.20523296174916006,0.7963865203632653,0.21889427521430002,20.0,0.9772110693070896,0.029928131382310822,0.9772110693070896,0.02885553837747019,62.0,0.9731237096425511,0.03383417638782595,0.9731237096425511,0.035869636799009556
43.9,0.9858816175575952,0.018210936626779826,0.9858816175575952,0.011584931096494675,1083.0,0.9615599852448338,0.04834983655632126,0.9615599852448338,0.027761964975429144,56.0,0.9841544207670496,0.020254548801165815,0.9841544207670496,0.023591905500456815,3.1,0.993801213313404,0.007923162316814098,0.993801213313404,0.007045237723474689,7.28,0.9749274738635024,0.0326225694692843,0.9749274738635024,0.04406888546775077,25.0,0.7963865203632653,0.20523296174916006,0.7963865203632653,0.21889427521430002,27.5,0.9769302560342767,0.030287610685597533,0.9769302560342767,0.030603307363345267,64.3,0.973590560165154,0.03329454124264618,0.973590560165154,0.03570544022339418
68.2,0.9853198526003011,0.018864687110861037,0.9853198526003011,0.011273073040176112,2277.0,0.9598657162914318,0.050810376452436114,0.9598657162914318,0.029326072393840462,71.0,0.9829165097170727,0.02178904250254638,0.9829165097170727,0.025035805601649495,-6.2,0.9939342025621125,0.0077517008759682045,0.9939342025621125,0.007256870953798289,32.92,0.9745628528218607,0.03305385401357294,0.9745628528218607,0.046151682658095654,40.0,0.7985851157108295,0.20421135072620095,0.7985851157108295,0.21527418222779252,37.6,0.9768472225014028,0.030366302785181525,0.9768472225014028,0.03153358414667604,68.6,0.9730781150994079,0.03391755299700925,0.9730781150994079,0.03694548982680146
21.6,0.9855169965159533,0.01865267157124118,0.9855169965159533,0.011537565685866287,3178.0,0.9581172289840787,0.05284019917108947,0.9581172289840787,0.03151374556358703,23.0,0.982503877548421,0.022424879218754166,0.982503877548421,0.02452004951991565,3.9,0.9939342025621125,0.0077517008759682045,0.9939342025621125,0.007676304901298216,8.79,0.9735914668071797,0.034294846550560934,0.9735914668071797,0.04549148825287773,39.0,0.8023864979928282,0.2012670182446037,0.8023864979928282,0.20666439260524913,27.1,0.9768472225014028,0.030366302785181525,0.9768472225014028,0.031286799769348735,67.8,0.9730781150994079,0.03391755299700925,0.9730781150994079,0.036528220299979076
26.3,0.9853691724918491,0.01885009775286651,0.9853691724918491,0.011707845142594733,1905.0,0.9590691234255284,0.0519399263059968,0.9590691234255284,0.03252931713710232,31.0,0.982503877548421,0.022424879218754166,0.982503877548421,0.024005712618918994,6.2,0.9936803491658062,0.008071419028525276,0.9936803491658062,0.00771818915484341,6.13,0.9723977663328839,0.03587883031337812,0.9723977663328839,0.04901772017057496,30.0,0.8031846640419573,0.2006885075357565,0.8031846640419573,0.20552690485120403,23.1,0.9745995840856265,0.033883775596291,0.9745995840856265,0.03593529972351891,71.0,0.9741444155487802,0.03257964608410426,0.9741444155487802,0.034837657170363884
41.6,0.9850353112179548,0.019235135127837363,0.9850353112179548,0.012079512547139432,1358.0,0.9590058770910302,0.051987418375999565,0.9590058770910302,0.03323040576184319,28.0,0.9833637167488227,0.021190895166094282,0.9833637167488227,0.023253347031173103,3.1,0.993801213313404,0.007923162316814098,0.993801213313404,0.007222111973260885,8.78,0.9709375408232923,0.037719035271096976,0.9709375408232923,0.050625239718554566,17.0,0.8015286906947734,0.20132954535560868,0.8015286906947734,0.20669340480893575,27.5,0.9740205581580378,0.03473835984556565,0.9740205581580378,0.036247113927618424,58.0,0.9743108093077171,0.03234984053346732,0.9743108093077171,0.0342072995425432
17.6,0.9849330817369939,0.019347277304198714,0.9849330817369939,0.011634436371451048,1359.0,0.9590058770910302,0.051987418375999565,0.9590058770910302,0.03323040576184319,27.0,0.9834845808964205,0.021045810496159736,0.9834845808964205,0.0241788163671374,10.9,0.9932887682476581,0.008572916812992958,0.9932887682476581,0.008233488359342903,3.57,0.9706567275504794,0.03807384204391823,0.9706567275504794,0.05126948890976851,15.0,0.8017732462613377,0.20130431342919228,0.8017732462613377,0.20904410859300143,20.4,0.9754871282681699,0.03219087547307559,0.9754871282681699,0.031334407416937486,64.7,0.9745424411006501,0.032083211112531075,0.9745424411006501,0.03324632481005741
36.1,0.9845763702690197,0.019866380545354882,0.9845763702690197,0.012663869289930841,813.0,0.9582474882026455,0.052963287423577,0.9582474882026455,0.03319369356669849,35.0,0.9837653941692334,0.020681164888553632,0.9837653941692334,0.023769958856828928,2.3,0.9932887682476581,0.008572916812992958,0.9932887682476581,0.008350967029151128,3.81,0.9709905888243734,0.03770109451901839,0.9709905888243734,0.051706139702423354,13.0,0.8019632437244425,0.20128478867475671,0.8019632437244425,0.2114186313857787,20.0,0.9751792167071826,0.032522298367926646,0.9751792167071826,0.032392042133851905,58.4,0.9766818775483673,0.029434211783015727,0.9766818775483673,0.03156763889582662
49.4,0.9838179813806349,0.020895196941464203,0.9838179813806349,0.013260020700201013,1483.0,0.9597736610503839,0.05127065653237366,0.9597736610503839,0.03409592327301089,31.0,0.9839370047698384,0.02051207897555465,0.9839370047698384,0.024118405368606835,4.7,0.9932887682476581,0.008572916812992229,0.9932887682476581,0.007656133106954887,9.93,0.9712035859506697,0.037469281831912726,0.9712035859506697,0.05099016760535985,21.0,0.8034230053444975,0.20020995977432496,0.8034230053444975,0.21261999461048822,27.5,0.9751792167071828,0.03252229836792665,0.9751792167071828,0.031952061607872236,65.5,0.9780809790215671,0.02789992523309902,0.9780809790215671,0.030315761432548913
33.7,0.984008299089672,0.02061114558659724,0.984008299089672,0.012320262250915558,1855.0,0.959492847777571,0.051617165209999906,0.959492847777571,0.035733126762628645,30.0,0.9843657804784233,0.020028394324541322,0.9843657804784233,0.02324720915016657,0.0,0.9934365922717624,0.008372329367775022,0.9934365922717624,0.007724692244572822,9.2,0.9705889114039626,0.03819694136317124,0.9705889114039626,0.050992983336811445,26.0,0.8028083307977906,0.20067827301784474,0.8028083307977906,0.21405903103509483,28.2,0.9749294627221825,0.03275856754339325,0.9749294627221825,0.033186340042082034,73.3,0.9783692408193285,0.02764948880743622,0.9783692408193285,0.03196868915521425
18.4,0.9837859846300573,0.020964286066099475,0.9837859846300573,0.01264833655782065,1185.0,0.9587344588891861,0.05259386459189687,0.9587344588891861,0.03765629093292217,32.0,0.9842327912297149,0.020196526249593044,0.9842327912297149,0.024515363546817683,-2.3,0.9937174055445752,0.008000291532559744,0.9937174055445752,0.007164090956691294,3.54,0.9693952109296669,0.03977097513223646,0.9693952109296669,0.05361715763387569,22.0,0.8039333822176843,0.20036201172651436,0.8039333822176843,0.21058257086520113,18.4,0.9749294627221825,0.032758567543394325,0.9749294627221825,0.03294465355994107,60.8,0.9783692408193285,0.02764948880743622,0.9783692408193285,0.03196868915521425
44.3,0.9847666879780569,0.019581905170027763,0.9847666879780569,0.011193442036320195,1047.0,0.9585444318556982,0.052736615473188746,0.9585444318556982,0.038527434757698244,22.0,0.9852803845706547,0.01894276646843985,0.9852803845706547,0.02352942845479974,3.9,0.9943320800912823,0.007235485777925867,0.9943320800912823,0.006909494115014236,7.24,0.9689483130290145,0.040207900434038824,0.9689483130290145,0.05331224632156546,24.0,0.8077649414343175,0.19736255639778705,0.8077649414343175,0.20595056784771754,26.3,0.9758888056885806,0.031689895058253204,0.9758888056885806,0.03151754402089014,63.9,0.9785822379456246,0.027413601438424116,0.9785822379456246,0.03203151672431967
27.8,0.985642670718392,0.01849659150167577,0.985642670718392,0.01039147179766325,1990.0,0.9591758948798162,0.052128907599858755,0.9591758948798162,0.040349645026737435,21.0,0.9859307265956795,0.018199709334966018,0.9859307265956795,0.02286617786381227,0.0,0.9943320800912823,0.007235485777925867,0.9943320800912823,0.0066802779729977346,7.79,0.9700513631810956,0.03903190222560536,0.9700513631810956,0.05265430054883254,25.0,0.8107797191093956,0.19539170741340947,0.8107797191093956,0.20156886916387595,26.7,0.9770883398920464,0.03032349116263281,0.9770883398920464,0.03147813453395078,76.1,0.9790867734377031,0.02670561100345876,0.9790867734377031,0.03208513390728793
20.0,0.9864237390240359,0.017509320123271627,0.9864237390240359,0.010273319761462351,2082.0,0.9597335604258035,0.05158225573177927,0.9597335604258035,0.04151900849665152,31.0,0.9855290491752688,0.01871161012841749,0.9855290491752688,0.023494945879138335,3.9,0.9946128933640952,0.006862787356541977,0.9946128933640952,0.006244858760359195,6.18,0.9703749146442262,0.03873487167137808,0.9703749146442262,0.05407239938417465,22.0,0.8137636179355406,0.19340569921862927,0.8137636179355406,0.1980996502137191,24.7,0.9776460054380337,0.02975307004503119,0.9776460054380337,0.03174057354374504,74.9,0.9783771844563048,0.027544507232523364,0.9783771844563048,0.03275965436447855
39.2,0.9873951250387171,0.01623456187107227,0.9873951250387171,0.009515159225491482,770.0,0.9598544245734013,0.05144461105389412,0.9598544245734013,0.04004152157791066,33.0,0.985676873199373,0.018514130229192686,0.985676873199373,0.022840579773156188,5.5,0.9950416690726803,0.006367779856195761,0.9950416690726803,0.005908639492774312,4.14,0.9689138808353707,0.040749261013288164,0.9689138808353707,0.05849627270947925,18.0,0.8154678658821425,0.19265572368194203,0.8154678658821425,0.19457912457069584,20.8,0.9768478393889048,0.030675871516637247,0.9768478393889048,0.03273082330856093,61.2,0.9782293604322007,0.0277391187319077,0.9782293604322007,0.033341671077200256
54.1,0.9871412716424107,0.016549969032812206,0.9871412716424107,0.010178609579353657,1030.0,0.9597214353246927,0.051604066569050824,0.9597214353246927,0.040517906619651295,81.0,0.9854933816969511,0.01870324622027448,0.9854933816969511,0.02198442010184883,3.1,0.9944735978933325,0.007128414591084866,0.9944735978933325,0.007073406527430984,8.71,0.9684242330411964,0.041533153319858275,0.9684242330411964,0.05986806525952073,28.0,0.8156342596410796,0.19249799652390553,0.8156342596410796,0.1963473819885486,29.0,0.9755998027063456,0.03248252259467411,0.9755998027063456,0.03502197841545494,63.9,0.9770475365445446,0.029653758826799402,0.9770475365445446,0.036314857785317685
100.0,0.9865265970957037,0.01730337554120772,0.9865265970957037,0.01003794532417029,2795.0,0.9587500493100114,0.052806354036882615,0.9587500493100114,0.041921543697080926,21.0,0.985136670228977,0.019222885957532507,0.985136670228977,0.021590608497223572,-7.8,0.9943257738692283,0.00732939895410888,0.9943257738692283,0.007011576532337563,43.91,0.9681926012482633,0.04179575209630727,0.9681926012482633,0.060809642607120525,41.0,0.8156342596410796,0.19249799652390553,0.8156342596410796,0.1963473819885486,39.6,0.9750421371603583,0.03305011781718754,0.9750421371603583,0.034769224635980166,65.9,0.9763686977198617,0.030511725676063025,0.9763686977198617,0.03800688968049742
42.7,0.9866929908546409,0.01706793230924945,0.9866929908546409,0.009959227242896515,1962.0,0.9575682254223553,0.05465057343651214,0.9575682254223553,0.041638325094488435,20.0,0.985136670228977,0.019222885957532507,0.985136670228977,0.021590608497223572,-1.6,0.9943257738692283,0.00732939895410888,0.9943257738692283,0.007011576532337563,13.12,0.9680976868135724,0.04189144311747493,0.9680976868135724,0.05881811996874598,39.0,0.8138857723337265,0.1938882192770422,0.8138857723337265,0.1985522367058586,30.6,0.9747882837640517,0.033357094945361966,0.9747882837640517,0.033082582899701105,71.0,0.9757116814058432,0.031134043284647143,0.9757116814058432,0.03793242886043827
23.9,0.9872610620339886,0.016319031717545184,0.9872610620339886,0.009850221875987074,1057.0,0.9575682254223553,0.05465057343651214,0.9575682254223553,0.04093308654525457,31.0,0.985136670228977,0.019222885957532507,0.985136670228977,0.021590608497223572,0.0,0.9943257738692283,0.00732939895410888,0.9943257738692283,0.007011576532337563,2.79,0.9684423552332636,0.041563562737097944,0.9684423552332636,0.05906693149462819,28.0,0.8142874497541372,0.19355482768946417,0.8142874497541372,0.19883145074712363,18.4,0.9749212730127604,0.033192424268184674,0.9749212730127604,0.03375573611532618,60.0,0.975563857381739,0.031327557964349065,0.975563857381739,0.037808221048105536
32.9,0.9866929908546407,0.017067932309249446,0.9866929908546407,0.010100030841648558,807.0,0.9573184714373555,0.054876499510387984,0.9573184714373555,0.040080123883895626,61.0,0.9849888462048726,0.01942014821473235,0.9849888462048726,0.02073033120883137,-4.7,0.9944280033501894,0.00721491374883131,0.9944280033501894,0.006773873458619467,3.71,0.9677638255396782,0.04226155725449618,0.9677638255396782,0.06027841539220464,29.0,0.8155628236459255,0.1930772455439384,0.8155628236459255,0.19721671824567238,19.6,0.9747882837640516,0.033357094945361966,0.9747882837640516,0.03388477743519869,55.3,0.9745924713670578,0.03257161301832557,0.9745924713670578,0.0386146115062762
78.4,0.9861805457888948,0.017708228938225302,0.9861805457888948,0.010086838690591222,2812.0,0.9573184714373555,0.054876499510387984,0.9573184714373555,0.04218438666662287,19.0,0.98399466291862,0.02094371072929131,0.98399466291862,0.022060557722691627,0.0,0.9938133288034824,0.007979806909115036,0.9938133288034824,0.007317276612976645,32.75,0.9660695565862762,0.04474975572985905,0.9660695565862762,0.0627865894536073,36.0,0.8181821942860017,0.19140019958932258,0.8181821942860017,0.19340956032923587,36.9,0.9739631713443697,0.034750423168684416,0.9739631713443697,0.035101471523550844,67.8,0.9743386179707514,0.03287856523663976,0.9743386179707514,0.038918399867416305
66.3,0.9858358773692038,0.01805099148682962,0.9858358773692038,0.010007451722712626,1733.0,0.9568139359452771,0.0555532749328985,0.9568139359452771,0.039855935480569184,56.0,0.9835820307499684,0.02158061972734931,0.9835820307499684,0.0228166781374258,-3.1,0.9936655047793781,0.008180529763772279,0.9936655047793781,0.007668151422858636,17.65,0.9652713905371473,0.04564865204869662,0.9652713905371473,0.06316531244608192,39.0,0.8177703933909979,0.19146332159211246,0.8177703933909979,0.1910932545294011,32.5,0.9737315395514367,0.0350162506708297,0.9737315395514367,0.03338649295460215,68.6,0.9732128812454162,0.034173571671574934,0.9732128812454162,0.041277223200265674
67.1,0.9863935429151911,0.01746821579342689,0.9863935429151911,0.009693457163140242,2089.0,0.9568139359452769,0.05555327493289779,0.9568139359452769,0.03957776061307213,54.0,0.9837723484590053,0.021296771048239897,0.9837723484590053,0.022624651052835797,-0.8,0.9937762724247133,0.00805094209265955,0.9937762724247133,0.007678250744638872,20.56,0.9659809795185454,0.04483483240186815,0.9659809795185454,0.0602749129009745,45.0,0.8172985978778408,0.19153611940281476,0.8172985978778408,0.18880441677702955,33.7,0.9735651457924995,0.035245457353876276,0.9735651457924995,0.03420874927279733,67.8,0.9715683559341388,0.03638405568152758,0.9715683559341388,0.042758056332792525
29.0,0.9869616140945389,0.016719778841916444,0.9869616140945389,0.009421578468652827,2402.0,0.9584637245988199,0.053776567185011975,0.9584637245988199,0.03840724241556026,39.0,0.9833706710385947,0.02180625369599519,0.9833706710385947,0.023989924635693386,5.5,0.9937762724247134,0.00805094209265955,0.9937762724247134,0.008427157997672633,6.36,0.9651211403181437,0.04602527726362305,0.9651211403181437,0.06078930727413659,52.0,0.8167663270983804,0.1916188689261247,0.8167663270983804,0.1865433104678828,24.7,0.9738189991888062,0.034939379506140206,0.9738189991888062,0.03312174932313183,67.8,0.9708883904309273,0.0374493763633893,0.9708883904309273,0.045584310597487646
18.4,0.9874740591602846,0.016078447568716767,0.9874740591602846,0.009298639757140596,1722.0,0.9584637245988199,0.05377656718501233,0.9584637245988199,0.03732755980410349,20.0,0.9827702847294045,0.02245725379120258,0.9827702847294045,0.02518294483344797,0.0,0.9940904902077545,0.007611342735172504,0.9940904902077545,0.007083961431624788,4.55,0.9649239964024915,0.046227156685176005,0.9649239964024915,0.05987990918117643,50.0,0.8153672256251808,0.1926048227714558,0.8153672256251808,0.18741456548694313,22.4,0.9738971425732013,0.03486877516323113,0.9738971425732013,0.03246499766533447,63.1,0.9707776227855922,0.03757258327809807,0.9707776227855922,0.04557868163521177
30.2,0.9885216525012248,0.014816053232501425,0.9885216525012248,0.00914984300021888,881.0,0.9575723248336618,0.0545810429794097,0.9575723248336618,0.037457264007808924,30.0,0.9826680552484436,0.0225687937148817,0.9826680552484436,0.025535633939562853,4.7,0.9935780451420086,0.008261449579273815,0.9935780451420086,0.007720118211498421,3.32,0.9657221624516206,0.04532908929562319,0.9657221624516206,0.059245478530161905,30.0,0.8136729566717789,0.19436260856922707,0.8136729566717789,0.1893831193884969,19.2,0.973589231012214,0.03519877787561354,0.973589231012214,0.031583760005996164,56.5,0.9717369657519904,0.03651348968879313,0.9717369657519904,0.04264258039785511
38.8,0.9878428136765419,0.01569477339682191,0.9878428136765419,0.010732847757022745,799.0,0.9565391843891332,0.055666877452919844,0.9565391843891332,0.03800582186185187,43.0,0.9835492548304463,0.021553618517375542,0.9835492548304463,0.024110557643478775,1.6,0.9936802746229698,0.008147147490151805,0.9936802746229698,0.007294567633441272,4.11,0.964689022007092,0.04643507176584314,0.964689022007092,0.06205489753418501,25.0,0.8122499337010376,0.19499294910547313,0.8122499337010376,0.19015631962693716,20.4,0.971554589722734,0.03846118346719784,0.971554589722734,0.03508698131938539,58.4,0.9727586031076504,0.035468310064977804,0.9727586031076504,0.04219017396169412
80.4,0.9867765132271695,0.017070737012679534,0.9867765132271695,0.011000699516981963,2273.0,0.955291147706574,0.057401665472952154,0.955291147706574,0.04145160011451423,78.0,0.9826680552484436,0.02256879371488206,0.9826680552484436,0.024781405171726292,5.5,0.9935324505988655,0.008347818255388436,0.9935324505988655,0.0075794324501725786,32.4,0.9643551607331978,0.04680220788559526,0.9643551607331978,0.06300239879715042,41.0,0.8143517954964616,0.1937919817313443,0.8143517954964616,0.18605127227892487,37.3,0.9718688075057754,0.03804136115040027,0.9718688075057754,0.03447856028473063,68.6,0.9731153145756244,0.03496133035276446,0.9731153145756244,0.042348638034832485
100.0,0.9851319879158921,0.019342183467743787,0.9851319879158921,0.012381862076131437,3751.0,0.9555041448328705,0.057178262172606915,0.9555041448328705,0.041853678869383286,74.0,0.9830968309570287,0.022086653072564223,0.9830968309570287,0.023254837080048243,1.6,0.9933994613501569,0.008519129749634657,0.9933994613501569,0.007794727212207524,13.5,0.9627106354219204,0.04896994644451802,0.9627106354219204,0.0635984131362639,47.0,0.8144403725641927,0.1937378710794276,0.8144403725641927,0.186143399319618,29.8,0.9700723090714123,0.040656260047046124,0.9700723090714123,0.03521421298849882,63.1,0.9726357924140322,0.03545550554223741,0.9726357924140322,0.04258807928455639
20.4,0.9843509196102481,0.02032667141353024,0.9843509196102481,0.014322226092063977,1556.0,0.9556063743138314,0.057073639742526355,0.9556063743138314,0.042039116377855554,31.0,0.9830968309570287,0.022086653072564223,0.9830968309570287,0.023254837080048243,1.6,0.9929326108275541,0.009082036312812732,0.9929326108275541,0.00787458026857579,3.73,0.9624027238609331,0.04929139257664806,0.9624027238609331,0.06385315841767318,31.0,0.815421075912192,0.19280919510441175,0.815421075912192,0.1844841490508524,20.4,0.9703865268544535,0.04023782702713644,0.9703865268544535,0.03423961240623419,63.5,0.9731482374797781,0.03483360336225023,0.9731482374797781,0.04119083877821222
38.8,0.9838463841181698,0.02104188757585217,0.9838463841181698,0.015454370604813814,777.0,0.9547679991759235,0.0577936410117684,0.9547679991759235,0.04184858859625779,70.0,0.9827889193960412,0.022423984831688677,0.9827889193960412,0.023429519285864054,4.7,0.9927662170686171,0.009320343238208156,0.9927662170686171,0.008143476123187226,10.96,0.9619143482555591,0.04973324331139713,0.9619143482555591,0.06393193569520093,44.0,0.8220570224291037,0.1852941786862082,0.8220570224291037,0.18371485952605915,31.4,0.9702201330955166,0.040465309655637965,0.9702201330955166,0.03540120451648251,57.3,0.9734147625150742,0.03457196032599664,0.9734147625150742,0.04120987561978415
19.2,0.9842480615385806,0.020531837878930138,0.9842480615385806,0.015531039040369387,2663.0,0.9524403340233604,0.061877400625735074,0.9524403340233604,0.047275175166229456,19.0,0.9832015515646929,0.02178795788714412,0.9832015515646929,0.022657676300283338,0.0,0.9925998233096801,0.009558569769997766,0.9925998233096801,0.00867385201223027,7.57,0.9619143482555591,0.04973324331139713,0.9619143482555591,0.06515614732249556,55.0,0.8240984959228214,0.18446057064248356,0.8240984959228214,0.18457542238781374,26.3,0.9709785219839014,0.039466447612518885,0.9709785219839014,0.03406708135038387,64.3,0.973248368756137,0.03480116448212333,0.973248368756137,0.04324213631859295
20.0,0.9838008545068306,0.02113084015900553,0.9838008545068306,0.01614659069929063,2386.0,0.9518028092825734,0.06270319221555662,0.9518028092825734,0.0470911478269696,32.0,0.9837696227440407,0.021044502543695758,0.9837696227440407,0.022025269831858974,8.6,0.991628437294999,0.010846755397713757,0.991628437294999,0.010052455067142608,6.53,0.9633769854160282,0.047524997605339285,0.9633769854160282,0.06047455400316807,36.0,0.8268733064258751,0.18291452826673368,0.8268733064258751,0.1841321877661742,24.7,0.9712927397669426,0.03904721420812177,0.9712927397669426,0.031330206570562735,63.9,0.9753113922257962,0.03190350152021194,0.9753113922257962,0.03766708464182009
34.1,0.9838008545068306,0.02113084015900553,0.9838008545068306,0.016734716146706453,794.0,0.9525611981709584,0.061742207357579265,0.9525611981709584,0.044760238217936656,33.0,0.9841983984526258,0.02056113523610094,0.9841983984526258,0.02145803449725006,6.2,0.9916284372949988,0.010846755397713391,0.9916284372949988,0.010052455067142608,3.9,0.9620473375042677,0.0495731322100878,0.9620473375042677,0.06353908063358457,28.0,0.8288641943357471,0.18207111218634622,0.8288641943357471,0.18326494231558596,20.0,0.9703281799588767,0.040183617336638076,0.9703281799588767,0.03274520964022641,59.6,0.9765594289083555,0.03009666747288956,0.9765594289083555,0.0334905585132452
60.8,0.9827532611658906,0.022380324728023916,0.9827532611658906,0.016747659059963015,2355.0,0.9522273368970642,0.06209895466416843,0.9522273368970642,0.04525668196242738,81.0,0.9832390554862277,0.021650292564136284,0.9832390554862277,0.022785278460076466,11.7,0.9919930583366405,0.010399326614948093,0.9919930583366405,0.009351620106867757,22.47,0.9623615552873092,0.04916129070595243,0.9623615552873092,0.06524211585487565,43.0,0.831230725236794,0.18087466337497002,0.831230725236794,0.1819157451956575,34.9,0.9707246685875948,0.03977039566865315,0.9707246685875948,0.034317820947016874,69.8,0.9771741034550624,0.029359139472686473,0.9771741034550624,0.03304582754123079
18.4,0.9821914962085968,0.023029550278525324,0.9821914962085968,0.01730080819346446,3325.0,0.9510336364227685,0.0636114153037557,0.9510336364227685,0.04687442474305819,85.0,0.982039521282762,0.023036357121477356,0.982039521282762,0.02326027505608305,3.9,0.9916788405535994,0.010837104898759085,0.9916788405535994,0.01071087056244524,9.03,0.9625518729963461,0.048889201322780976,0.9625518729963461,0.06245565930800436,54.0,0.8327725349021297,0.18030766206661916,0.8327725349021297,0.18289586471310942,27.5,0.9709785219839012,0.039466447612518885,0.9709785219839012,0.032304807152827374,62.7,0.9776213104868124,0.028768065679201923,0.9776213104868124,0.032947910664755324
100.0,0.9818772784255554,0.023458895618881884,0.9818772784255554,0.01847586394573031,2758.0,0.9521366865748494,0.062485987103300084,0.9521366865748494,0.04540669399190829,72.0,0.9816268891141104,0.02367108585774382,0.9816268891141104,0.02540471317223069,-0.8,0.9913980272807864,0.011207566714050248,0.9913980272807864,0.011650900252168254,42.14,0.9616758902560112,0.04992062757729503,0.9616758902560112,0.06328944465623923,63.0,0.8327725349021297,0.18030766206661916,0.8327725349021297,0.18289586471310942,39.2,0.9705116714612987,0.04000158100046097,0.9705116714612987,0.03319298309635095,65.5,0.978271652511837,0.028037512048181334,0.978271652511837,0.03113563529326857
20.0,0.9823244854573054,0.022862161934938587,0.9823244854573054,0.01774270369494187,2059.0,0.9533847232574084,0.060764080202258076,0.9533847232574084,0.04304059835070269,29.0,0.9817598783628191,0.023503884223332817,0.9817598783628191,0.02455372425645115,1.6,0.9917626483224281,0.010760376409659033,0.9917626483224281,0.012008727279404132,5.82,0.9629645051649979,0.0482780025828543,0.9629645051649979,0.059419637425227816,59.0,0.8327725349021297,0.18030766206661916,0.8327725349021297,0.18289586471310942,23.5,0.971841319373059,0.03792113823913682,0.971841319373059,0.029532090832717548,63.5,0.9789516180150484,0.026957156500935494,0.9789516180150484,0.03020499514969498
35.7,0.9826583467311995,0.022479452466255413,0.9826583467311995,0.017166271270190808,795.0,0.9536324933089811,0.06058406991733314,0.9536324933089811,0.041980045621675094,31.0,0.981331102654234,0.023984723708692226,0.981331102654234,0.02665716208540974,-2.3,0.9923307195017758,0.010003916566212594,0.9923307195017758,0.011188417221019816,4.03,0.9632693892679498,0.0480139863735675,0.9632693892679498,0.058583557283553404,31.0,0.8327725349021297,0.18030766206661916,0.8327725349021297,0.18289586471310942,20.0,0.9715915653880588,0.03815515391638961,0.9715915653880588,0.030526210544864787,60.4,0.9791832498079815,0.026687908323109934,0.9791832498079815,0.03066356652393953
38.8,0.9829248717664955,0.02221171688404425,0.9829248717664955,0.017739988086135642,798.0,0.9536324933089811,0.06058406991733314,0.9536324933089811,0.041980045621675094,49.0,0.9814519668018318,0.023840293767437484,0.9814519668018318,0.026819889461732915,2.3,0.9914547367614406,0.011104320517705336,0.9914547367614406,0.012076113021474873,4.18,0.9619999453569319,0.04939473781487699,0.9619999453569319,0.061040368197629515,26.0,0.8327725349021297,0.18030766206661916,0.8327725349021297,0.18289586471310942,20.4,0.9711898879676483,0.03865113936841521,0.9711898879676483,0.03147221709063632,52.5,0.9791832498079814,0.026687908323109574,0.9791832498079814,0.030264470060193713
54.9,0.9829248717664955,0.02221171688404425,0.9829248717664955,0.017739988086135642,2372.0,0.9536324933089811,0.06058406991733314,0.9536324933089811,0.041980045621675094,66.0,0.9801825228908138,0.02528077781997881,0.9801825228908138,0.027935777592813613,3.1,0.9914547367614406,0.011104320517705336,0.9914547367614406,0.012076113021474873,24.73,0.9622496993419319,0.04916614437039518,0.9622496993419319,0.062235425528054125,43.0,0.8333342998594235,0.17986760690237788,0.8333342998594235,0.1812986229796329,34.9,0.972071087549651,0.03766287895125529,0.972071087549651,0.030185397458696795,70.6,0.9786787143159031,0.027395980391525975,0.9786787143159031,0.03081248609645569
20.0,0.9829248717664955,0.02221171688404425,0.9829248717664955,0.018725807072942826,2271.0,0.9545178097294057,0.0596919651882696,0.9545178097294057,0.04097916588141341,69.0,0.9791608855351536,0.026345127571456833,0.9791608855351536,0.029185399508654272,0.0,0.9914547367614406,0.011104320517705336,0.9914547367614406,0.012076113021474873,6.44,0.9622496993419319,0.04916614437039518,0.9622496993419319,0.062333374735473346,51.0,0.8328547776978312,0.18020201391555465,0.8328547776978312,0.18144266621990404,24.3,0.9722426981502561,0.03749888691303936,0.9722426981502561,0.02994885100098543,63.9,0.9806281237301326,0.02487683400593203,0.9806281237301326,0.02853575449696525
78.8,0.9831565035594285,0.021940206217303016,0.9831565035594285,0.019451730689383655,2641.0,0.9551553344701926,0.05886156923142494,0.9551553344701926,0.03958329506074156,58.0,0.9793087095592579,0.026150112350174698,0.9793087095592579,0.030846190074413835,-1.6,0.9914547367614406,0.011104320517705336,0.9914547367614406,0.012076113021474873,31.32,0.9623327328748058,0.0490903280904998,0.9623327328748058,0.06276326746231096,60.0,0.8328547776978312,0.18020201391555465,0.8328547776978312,0.18144266621990404,36.5,0.9722426981502561,0.037498886913039715,0.9722426981502561,0.030502968973278574,68.2,0.9806281237301326,0.02487683400593167,0.9806281237301326,0.02826894670447083
66.3,0.9829661858503914,0.022223747456325195,0.9829661858503914,0.01851532060083915,2055.0,0.9566148054146986,0.05736269917828814,0.9566148054146986,0.03876774860975054,58.0,0.9793087095592579,0.026150112350174698,0.9793087095592579,0.03054740466673454,1.6,0.9914547367614408,0.011104320517704975,0.9914547367614408,0.012318672719188605,20.1,0.9631138011804499,0.04815191920734714,0.9631138011804499,0.060841817369473215,60.0,0.8296684427212181,0.18234867987206937,0.8296684427212181,0.18510389562556737,33.3,0.972409091909193,0.037270393557333616,0.972409091909193,0.029505983560828255,68.2,0.9803964919371996,0.025146925987253304,0.9803964919371996,0.02913211262902966
100.0,0.9827345540574585,0.022495136735152355,0.9827345540574585,0.01822630582932287,2006.0,0.9564247783812106,0.05750414093429794,0.9564247783812106,0.039704488983393314,69.0,0.9801068756083868,0.025221173354125388,0.9801068756083868,0.029324859583501072,-3.9,0.991321747512732,0.011274899287279132,0.991321747512732,0.012625441904717408,30.26,0.964216851332531,0.046992645053666605,0.964216851332531,0.05780238527806775,55.0,0.8302365139005657,0.18183548231631252,0.8302365139005657,0.18581236204675372,33.7,0.9726629453054996,0.036965229522816286,0.9726629453054996,0.02820997149291248,63.1,0.9811775602428436,0.02417035991317446,0.9811775602428436,0.027877079058532536
96.1,0.9823778425894842,0.02301190690815488,0.9823778425894842,0.018197094236671332,1520.0,0.9559364027758368,0.05793874029632276,0.9559364027758368,0.03902412016034254,75.0,0.9795837568755223,0.02569063150179879,0.9795837568755223,0.028841411168385123,0.0,0.992000586337415,0.010389984161491162,0.992000586337415,0.01152215525820927,21.26,0.964216851332531,0.046992645053666605,0.964216851332531,0.05780238527806775,59.0,0.8314255084668816,0.18130209879211073,0.8314255084668816,0.18412624730076307,34.9,0.9726629453054996,0.03696522952281557,0.9726629453054996,0.027292057194932925,60.8,0.981044570994135,0.024337368247978,0.981044570994135,0.027730774657803697
73.3,0.9828902876552302,0.022376915653806766,0.9828902876552302,0.01783030712844591,1626.0,0.9556025415019427,0.0582982335788261,0.9556025415019427,0.04026869494529678,18.0,0.9793029436027094,0.026052240343882115,0.9793029436027094,0.02945494368310944,-7.8,0.992710175318813,0.009526592053533164,0.992710175318813,0.010285288944045467,16.63,0.9644003428349529,0.04681314678093026,0.9644003428349529,0.05899864616559662,60.0,0.8328844759799545,0.18055156291482094,0.8328844759799545,0.18271551709599634,31.0,0.9733725342868975,0.036138336016405294,0.9733725342868975,0.026669026259271266,66.7,0.9799173984591737,0.026016264254473377,0.9799173984591737,0.029523074788947876
17.6,0.9837594441889503,0.021223462316504547,0.9837594441889503,0.016817282896855912,1607.0,0.95620533946201,0.05728712981836708,0.95620533946201,0.038242639596205386,35.0,0.9798819695302982,0.02518766509446593,0.9798819695302982,0.026947760391192725,0.0,0.992000586337415,0.010389984161491525,0.992000586337415,0.01129293911619277,4.17,0.9645333320836615,0.046652183773245225,0.9645333320836615,0.05700113794983382,56.0,0.8330323000040588,0.1804143383785591,0.8330323000040588,0.1838783763709015,22.0,0.973137559891498,0.03635070373131946,0.973137559891498,0.02638772291116917,63.1,0.9801397129187884,0.025665695605043084,0.9801397129187884,0.029888555330182986
19.6,0.9841559328176684,0.020796430226557503,0.9841559328176684,0.016545820522587736,1259.0,0.9571860428100095,0.055981907208544485,0.9571860428100095,0.03641911414522043,28.0,0.9798819695302982,0.02518766509446521,0.9798819695302982,0.027088563989944768,8.6,0.9914325151580671,0.011145967303630027,0.9914325151580671,0.013113024599190061,3.56,0.9650506848599775,0.046105155966387035,0.9650506848599775,0.05653986408663657,33.0,0.8335118221656509,0.18007993813698508,0.8335118221656509,0.1820856969592033,20.0,0.9732261369592288,0.036264163883519406,0.9732261369592288,0.025977664746917203,60.0,0.9804476244797755,0.02533032917974551,0.9804476244797755,0.02896484419147152
37.6,0.9842445098853995,0.020707436182649946,0.9842445098853995,0.016228319308038697,761.0,0.9561644054543493,0.056987239464682156,0.9561644054543493,0.036791189037537614,78.0,0.9793695244645523,0.025819170356179245,0.9793695244645523,0.0292141397952259,3.1,0.9918797221898171,0.010537668170603618,0.9918797221898171,0.012275186170578453,3.67,0.9646572236892946,0.04645511980611317,0.9646572236892946,0.05839953895235538,28.0,0.833991152946632,0.17998065745891498,0.833991152946632,0.18435762071276848,19.6,0.973137559891498,0.03635070373131946,0.973137559891498,0.025714896764473645,56.9,0.9810790875038936,0.024689523398189375,0.9810790875038936,0.028771419376119666
88.6,0.9837271571090833,0.02127967338281943,0.9837271571090833,0.01548020933773979,2748.0,0.9552952489206294,0.058074732147798985,0.9552952489206294,0.039230419446025684,20.0,0.9793695244645523,0.025819170356179245,0.9793695244645523,0.031157329030141862,1.6,0.99168940448078,0.010825988577184921,0.99168940448078,0.011895987663220775,37.07,0.9644737321868727,0.04663473874627551,0.9644737321868727,0.059970490381225774,38.0,0.8361562074333214,0.17891091567198716,0.8361562074333214,0.18329967762908045,37.6,0.9733505570177944,0.03611804649516153,0.9733505570177944,0.027333340897550355,67.8,0.9806318804721436,0.025284640811264972,0.9806318804721436,0.029870826050870634
27.5,0.9837271571090833,0.02127967338281943,0.9837271571090833,0.015922953098838236,1893.0,0.9552952489206294,0.058074732147798985,0.9552952489206294,0.039230419446025684,52.0,0.9795173484886565,0.025624032505895518,0.9795173484886565,0.03165171203372277,8.6,0.9923269292215672,0.009928815978501229,0.9923269292215672,0.010730822616851435,7.78,0.9641049776706154,0.04699722295438849,0.9641049776706154,0.05891014141950809,37.0,0.8396232480221619,0.1762750544343158,0.8396232480221619,0.17840635795362386,26.7,0.973483546266503,0.03595400932267987,0.973483546266503,0.026409800593559227,75.7,0.9799222914907455,0.026125951152820882,0.9799222914907455,0.03184730754489461
56.1,0.9837271571090833,0.02127967338281943,0.9837271571090833,0.016865390563093014,1833.0,0.9548826167519777,0.05867649855542095,0.9548826167519777,0.03948516387166187,29.0,0.9802269374700545,0.024782721605631046,0.9802269374700545,0.031768507870779714,3.9,0.9926077424943801,0.009557639340955172,0.9926077424943801,0.010064431782339182,10.16,0.9647553196956404,0.04628959233156791,0.9647553196956404,0.057358595130606815,29.0,0.8407081317123203,0.17552170894629707,0.8407081317123203,0.17775027496366733,24.3,0.9746830804699688,0.03459641545444935,0.9746830804699688,0.024420921969709405,68.6,0.9795535369744884,0.026502528172892576,0.9795535369744884,0.0315212343164305
84.3,0.9825722795919801,0.0227323731899746,0.9825722795919801,0.018087030902377906,2886.0,0.9541015484463337,0.059597601430646456,0.9541015484463337,0.04151347497413547,19.0,0.9806937879926574,0.024234602366296674,0.9806937879926574,0.031457815093349356,0.0,0.9927555665184843,0.009357337803171557,0.9927555665184843,0.009092128406579159,36.62,0.9652025267273903,0.04571421864413598,0.9652025267273903,0.05672735202331029,39.0,0.8408559557364245,0.1753817120413482,0.8408559557364245,0.17953006262366256,37.6,0.9749688014533519,0.03430306732019571,0.9749688014533519,0.026272255046683544,67.8,0.9802803869261814,0.02544266685209238,0.9802803869261814,0.029134034955630946
36.1,0.9828261329882868,0.022420062262974865,0.9828261329882868,0.018257213637987657,798.0,0.9555610193908395,0.05810170680757034,0.9555610193908395,0.04063286507125343,30.0,0.9799353991042726,0.025255859595613862,0.9799353991042726,0.03364019799797036,-0.8,0.9928764306660821,0.009209377435613088,0.9928764306660821,0.00854980538603655,3.83,0.9671519361416198,0.04326820035521397,0.9671519361416198,0.051125153479167046,19.0,0.8450442658224713,0.1709774286519856,0.8450442658224713,0.17297225765485807,20.0,0.9760959739883129,0.03264252333377561,0.9760959739883129,0.024374270986676688,57.3,0.9797679418604355,0.026074306425701275,0.9797679418604355,0.028320064125912432
41.6,0.9829469971358846,0.022275210904466717,0.9829469971358846,0.01850431753110617,771.0,0.955437403585035,0.058191818200989315,0.955437403585035,0.041532530711614966,33.0,0.9805500736509795,0.024512616405090927,0.9805500736509795,0.03187764434193596,-7.8,0.9928764306660821,0.009209377435613817,0.9928764306660821,0.008342061854745609,4.45,0.9676692889179357,0.04271774239922852,0.9676692889179357,0.0497639619569699,0.0,0.8463534109170565,0.17028700681611947,0.8463534109170565,0.17020957849532195,20.8,0.9759481499642088,0.032835889507153625,0.9759481499642088,0.02473343613862588,58.0,0.9794537240773941,0.026501579136868486,0.9794537240773941,0.030020982802408516
42.0,0.9822136215779858,0.0230930160954426,0.9822136215779858,0.019519989201715115,736.0,0.9548826167519777,0.05867649855542095,0.9548826167519777,0.03948516387166187,48.0,0.9780751725777546,0.02778912128822254,0.9780751725777546,0.03578405156398941,3.1,0.9934445018454298,0.00845116731798801,0.9934445018454298,0.007937937529065447,4.84,0.9680709663383466,0.042225358292888523,0.9680709663383466,0.04795813815573058,10.0,0.8463534109170565,0.17028700681611947,0.8463534109170565,0.17020957849532195,23.1,0.9759481499642088,0.032835889507153625,0.9759481499642088,0.02496202889699834,54.5,0.978482338062713,0.027755634169275116,0.978482338062713,0.03160093724784059
48.6,0.9814802460200872,0.02390957523023377,0.9814802460200872,0.01912988121322901,1768.0,0.9545487554780837,0.05903529281645564,0.9545487554780837,0.04178474679508085,46.0,0.9783559858505675,0.027428483085422038,0.9783559858505675,0.03326706560958032,0.0,0.9934445018454298,0.00845116731798801,0.9934445018454298,0.008038917250815415,12.99,0.9658233279225703,0.045682359702943855,0.9658233279225703,0.04971093530910803,18.0,0.8463534109170565,0.17028700681611947,0.8463534109170565,0.17020957849532195,30.6,0.9730058102649387,0.03780601642311935,0.9730058102649387,0.030032259853011577,69.8,0.9788840154831239,0.02725121416682498,0.9788840154831239,0.03166405400947274
18.8,0.980515686212021,0.025073595767985048,0.980515686212021,0.021105668696513775,2422.0,0.9533007187955245,0.06076175940121409,0.9533007187955245,0.04386244672527532,19.0,0.9780751725777546,0.02778912128822254,0.9780751725777546,0.035235405246856574,-2.3,0.9934445018454298,0.008451167317988374,0.9934445018454298,0.007057742860409989,8.97,0.9650118089802765,0.046536525217707125,0.9650118089802765,0.049176459814456744,12.0,0.8473776694573181,0.16994578243946395,0.8473776694573181,0.16963350671428554,29.0,0.9721298275246035,0.038859594544369436,0.9721298275246035,0.02940076417657173,79.6,0.9790451924003929,0.027100455887232724,0.9790451924003929,0.0332277827152987
29.8,0.9803948220644232,0.025217730281089742,0.9803948220644232,0.021491587637323423,1496.0,0.9528535117637746,0.06132245017503763,0.9528535117637746,0.04450386004692364,33.0,0.9776463968691694,0.02826619950682415,0.9776463968691694,0.036154022907581546,3.1,0.993592325869534,0.008250529911914092,0.993592325869534,0.007287634601605404,6.44,0.9663414568920368,0.04447748284466774,0.9663414568920368,0.046774333681423357,7.0,0.8490933259635468,0.16914830869825223,0.8490933259635468,0.17117250522648086,22.4,0.9722776515487077,0.03866793975432277,0.9722776515487077,0.030226304887367113,74.1,0.9789670490159976,0.02717208301414605,0.9789670490159976,0.034226252523196055
