ENGINE_LOAD,ENGINE_LOAD_entropy,ENGINE_LOAD_complexity,ENGINE_LOAD_fisher,ENGINE_LOAD_shannon,ENGINE_RPM,ENGINE_RPM_entropy,ENGINE_RPM_complexity,ENGINE_RPM_fisher,ENGINE_RPM_shannon,INTAKE_MANIFOLD_PRESSURE,INTAKE_MANIFOLD_PRESSURE_entropy,INTAKE_MANIFOLD_PRESSURE_complexity,INTAKE_MANIFOLD_PRESSURE_fisher,INTAKE_MANIFOLD_PRESSURE_shannon,Short Term Fuel Trim Bank 1,Short Term Fuel Trim Bank 1_entropy,Short Term Fuel Trim Bank 1_complexity,Short Term Fuel Trim Bank 1_fisher,Short Term Fuel Trim Bank 1_shannon,MAF,MAF_entropy,MAF_complexity,MAF_fisher,MAF_shannon,SPEED,SPEED_entropy,SPEED_complexity,SPEED_fisher,SPEED_shannon,THROTTLE_POS,THROTTLE_POS_entropy,THROTTLE_POS_complexity,THROTTLE_POS_fisher,THROTTLE_POS_shannon,TIMING_ADVANCE,TIMING_ADVANCE_entropy,TIMING_ADVANCE_complexity,TIMING_ADVANCE_fisher,TIMING_ADVANCE_shannon
85.1,0.956241853552291,0.05489628496232774,0.956241853552291,0.06991928942584841,1657.0,0.9578655045833914,0.05446392683177659,0.9578655045833914,0.048278743708218795,51.0,0.9643085225255822,0.04389729877234203,0.9643085225255822,0.055453474477293596,-0.8,0.9806884905404768,0.02447360207805547,0.9806884905404768,0.042491600279448205,20.71,0.9719223422807779,0.03541259286534804,0.9719223422807779,0.04184288325659707,51.0,0.8567443332179504,0.14411949052728001,0.8567443332179504,0.11426084513824318,34.1,0.9819216960931402,0.021653112868033505,0.9819216960931402,0.014766002367647864,65.9,0.9547925373904517,0.053994891305232225,0.9547925373904517,0.038111091040267886
60.8,0.958115226711321,0.05325942008861037,0.958115226711321,0.06874942712718342,1699.0,0.9592682143110908,0.053130880331910456,0.9592682143110908,0.047351989502622156,18.0,0.9656681662572569,0.04192596838501449,0.9656681662572569,0.052191461588937074,2.3,0.9797152507746506,0.025714168061043617,0.9797152507746506,0.04601357876631276,15.66,0.9737027182982197,0.0329256174852548,0.9737027182982197,0.04073927374761984,50.0,0.8591898842005529,0.14314651023440486,0.8591898842005529,0.11301500123267927,31.8,0.9821765282798172,0.02132100659239882,0.9821765282798172,0.014548383140618036,68.6,0.9554786926479757,0.05331535210973896,0.9554786926479757,0.039654441577530036
38.4,0.9578175514179388,0.053656587401121544,0.9578175514179388,0.06962004155291415,1652.0,0.9599437787835349,0.05234360263865866,0.9599437787835349,0.044419697165813135,21.0,0.9646149160208716,0.043715395996485364,0.9646149160208716,0.05482461368342617,-1.6,0.9790396863022067,0.02653753735658088,0.9790396863022067,0.04712963595305715,9.1,0.9730470882009354,0.03387041455229693,0.9730470882009354,0.04262721003109283,39.0,0.8614476108490893,0.14227497576310053,0.8614476108490893,0.11189235920103482,27.8,0.9824742035731994,0.020903104048604935,0.9824742035731994,0.01431173630242648,72.5,0.9563891549319368,0.05208688363297442,0.9563891549319368,0.03886641566007264
87.8,0.9575947529949554,0.053913154471422774,0.9575947529949554,0.0698711663100148,1348.0,0.9586522495490057,0.053596784197168186,0.9586522495490057,0.04609206215489309,67.0,0.9649909202336211,0.04331470106887198,0.9649909202336211,0.05478891596419001,0.8,0.9777265411413262,0.028125241490144483,0.9777265411413262,0.050556888692164625,19.18,0.9737027182982199,0.0329256174852548,0.9737027182982199,0.0414552972788589,48.0,0.8611374598043147,0.14249838910792653,0.8611374598043147,0.11612517152839645,34.1,0.9819216960931402,0.021653112868033505,0.9819216960931402,0.01588097886726268,65.5,0.9566119533549201,0.05183024565842307,0.9566119533549201,0.03794883244995116
25.5,0.9602338265726256,0.04941592809685698,0.9602338265726256,0.06136337281894092,1506.438032627222,0.9586522495490057,0.05359678419716854,0.9586522495490057,0.047200884574562084,21.0,0.9651180090529531,0.04320927457132323,0.9651180090529531,0.05389760752064347,4.7,0.9768729063189165,0.02913393122396707,0.9768729063189165,0.05184321736950352,3.3,0.9741803489078802,0.03233308415523315,0.9741803489078802,0.04214927266656506,50.0,0.8613922919909913,0.14224436437879956,0.8613922919909913,0.11501960366977944,20.4,0.9826970019961827,0.02063174335878428,0.9826970019961827,0.01641445841950653,70.6,0.9574190896065359,0.050600876621825705,0.9574190896065359,0.0364033098645201
23.1,0.9595781964753413,0.050335770176609715,0.9595781964753413,0.058842956267624556,1086.0,0.9601986109702114,0.05202732949996359,0.9601986109702114,0.04411057658776799,29.0,0.9658933149559958,0.04222327671378647,0.9658933149559958,0.052066965759768116,-2.3,0.978544006283699,0.027009351695441594,0.978544006283699,0.04707304366425317,3.69,0.9745563531206294,0.031923687900706946,0.9745563531206294,0.04112692344257157,30.0,0.8598098498363331,0.14403496349094044,0.8598098498363331,0.11385885701650825,19.2,0.9822193713865226,0.021235422752016994,0.9822193713865226,0.01580716815883291,56.5,0.9584345594740342,0.0494772586881136,0.9584345594740342,0.03601460840766097
31.4,0.9602338265726256,0.04941592809685698,0.9602338265726256,0.05830951113719315,801.0,0.9595058843714156,0.052629633480773194,0.9595058843714156,0.04408895927831216,33.0,0.966314047241763,0.04174377223791557,0.966314047241763,0.05054288545366509,0.8,0.9782041008886447,0.02736115774187631,0.9782041008886447,0.04708489437930022,3.62,0.9745563531206294,0.031923687900706946,0.9745563531206294,0.04112692344257157,0.0,0.8563171414362533,0.14849863680543898,0.8563171414362533,0.1205151179666273,19.6,0.9817417407768624,0.02183850528190106,0.9817417407768624,0.01672475136895438,62.0,0.9594077992398603,0.048288864313842265,0.9594077992398603,0.03427335625461972
71.8,0.959458520669583,0.050389938083245295,0.959458520669583,0.057692900925631264,795.0,0.9584904145039171,0.053751289660486964,0.9584904145039171,0.04334436159758152,44.0,0.9658364166321027,0.042326609997782434,0.9658364166321027,0.048526384646106833,3.1,0.9764237248712029,0.029870334786753026,0.9764237248712029,0.05024338040225239,5.59,0.9737027182982197,0.0329256174852548,0.9737027182982197,0.0421518046635181,12.0,0.855016472026765,0.14956138019954968,0.855016472026765,0.12110560224106735,18.8,0.9811892332968034,0.022587410666649897,0.9811892332968034,0.016750231747980102,60.0,0.9594077992398603,0.048288864313842265,0.9594077992398603,0.03629961946089752
35.7,0.959458520669583,0.050389938083245295,0.959458520669583,0.05727142730914278,2300.0,0.9576832782523015,0.05497947800579506,0.9576832782523015,0.04220584620571451,65.0,0.9656384827693191,0.042544176018625986,0.9656384827693191,0.04638364258667432,4.7,0.977396964637029,0.028638247026201883,0.977396964637029,0.04838250867194252,6.54,0.972241257137653,0.03463456023453522,0.972241257137653,0.043799717669904155,24.0,0.855839510826593,0.1489505512557937,0.855839510826593,0.12141644134643494,23.9,0.9817417407768624,0.02183850528190106,0.9817417407768624,0.015740682105922627,70.2,0.9584345594740342,0.0494772586881136,0.9584345594740342,0.038040871613938765
72.9,0.959816475473485,0.04986949620145327,0.959816475473485,0.056549083341281794,2296.0,0.9576832782523015,0.05497947800579506,0.9576832782523015,0.04220584620571451,24.0,0.9656384827693191,0.042544176018625986,0.9656384827693191,0.04461870425032404,-6.2,0.977396964637029,0.028638247026201883,0.977396964637029,0.0467565695336035,25.72,0.971883302333751,0.035167829370847094,0.971883302333751,0.04593864971716282,35.0,0.8528956289205325,0.15031471586407671,0.8528956289205325,0.120786416276979,35.3,0.9819396746396459,0.021612848800154388,0.9819396746396459,0.014734209874999996,68.2,0.9580766046701322,0.04999704386210154,0.9580766046701322,0.036289555698623084
71.8,0.9611296206343655,0.04834198138487626,0.9611296206343655,0.05368434671218929,1775.0,0.959392158585971,0.05229896540978378,0.959392158585971,0.03736659992485452,68.0,0.9662941128666033,0.041612805496391334,0.9662941128666033,0.04510092699398182,3.1,0.9751283672248465,0.03163200823419804,0.9751283672248465,0.0514020092190567,17.89,0.9709100625679247,0.03638609828646248,0.9709100625679247,0.048998714467835026,40.0,0.8528956289205325,0.15031471586407671,0.8528956289205325,0.120786416276979,32.5,0.9819396746396459,0.02161284880015367,0.9819396746396459,0.014609986996301099,69.0,0.9602048100158391,0.04802971653271205,0.9602048100158391,0.0354110716480278
67.5,0.9621576703426528,0.04754852356256859,0.9621576703426528,0.05421727472899083,2017.0,0.9598128908717383,0.05182735390327967,0.9598128908717383,0.03488646960086423,59.0,0.9680562874482203,0.039849616074782594,0.9680562874482203,0.04330757569740803,-0.8,0.9757839973221307,0.03068358918492805,0.9757839973221307,0.04850094133244482,19.13,0.9736724160272988,0.03300552529305835,0.9736724160272988,0.04374911798399491,43.0,0.8501101725428756,0.15150743227972446,0.8501101725428756,0.12528110451634403,32.9,0.9837018492212629,0.019782835779399734,0.9837018492212629,0.012849647449163087,67.8,0.9619934974049477,0.04642329298855015,0.9619934974049477,0.03405614302935874
59.6,0.9611296206343655,0.04834198138487626,0.9611296206343655,0.0532765690252952,2219.0,0.9598128908717383,0.05182735390327967,0.9598128908717383,0.03763278499958797,19.0,0.9690382648901525,0.03896214547679317,0.9690382648901525,0.04354025718779198,-3.1,0.9754863220287485,0.031095574914197458,0.9754863220287485,0.051099727045541346,17.55,0.9740931483130659,0.03251788259803978,0.9740931483130659,0.04268351516389263,41.0,0.8491369327770495,0.1524302521596941,0.8491369327770495,0.1214603140577856,32.2,0.9837018492212629,0.019782835779400095,0.9837018492212629,0.012299382748445827,69.0,0.9639519437723553,0.04380007227059657,0.9639519437723553,0.0336805753464565
17.6,0.959479045898319,0.04973628001499639,0.959479045898319,0.05277522356629214,1752.0,0.9584816963020101,0.053531404665483395,0.9584816963020101,0.04047405147352767,22.0,0.96731283136795,0.04087947300269087,0.96731283136795,0.04488687695070986,0.0,0.9754863220287485,0.031095574914198173,0.9754863220287485,0.05317710636760381,4.55,0.9738703498900826,0.03278406596730172,0.9738703498900826,0.041891251544338225,27.0,0.8505983939376162,0.15115423916536008,0.8505983939376162,0.12063297643347834,22.0,0.983026284748819,0.020613775236987573,0.983026284748819,0.011200854402447332,63.5,0.9639519437723553,0.04380007227059657,0.9639519437723553,0.0336805753464565
48.6,0.9578079459335364,0.051777995973146106,0.9578079459335364,0.05654125212327537,1394.0,0.9570789865743107,0.05486264287821054,0.9570789865743107,0.04221884893846696,23.0,0.9670900329449664,0.04114177332264969,0.9670900329449664,0.04379292245506499,6.2,0.9748306919314643,0.03204341495894308,0.9748306919314643,0.0557161603659948,9.87,0.9731947854176387,0.03359740312529958,0.9731947854176387,0.042922762563990385,31.0,0.8496894402571085,0.15187025422966188,0.8496894402571085,0.12039988200183038,29.0,0.9834022889615684,0.02019595476827142,0.9834022889615684,0.011242300503523983,68.2,0.9648624060563165,0.04255083607614108,0.9648624060563165,0.032973110483204386
18.0,0.9570326400304939,0.05274742935656985,0.9570326400304939,0.059035684115234494,1497.0,0.9574997188600779,0.054393405667013145,0.9574997188600779,0.03957123723812861,20.0,0.9670900329449664,0.04114177332264969,0.9670900329449664,0.045911880016212,15.6,0.9748306919314643,0.03204341495894308,0.9748306919314643,0.05400992151958595,3.9,0.9718351416859639,0.03559667320878085,0.9718351416859639,0.04683596652931763,30.0,0.8514698162745503,0.14995697089478816,0.8514698162745503,0.12538903679224994,21.6,0.983204355098785,0.02042224559141571,0.983204355098785,0.011172824539478102,66.7,0.9635027623246417,0.044519540092729605,0.9635027623246417,0.03512847096883264
38.8,0.9577932777113155,0.05194219468994586,0.9577932777113155,0.05888307677038352,1459.0,0.9592085991937475,0.05171239752601578,0.9592085991937475,0.03855810563498971,41.0,0.9667320781410644,0.04166967193772384,0.9667320781410644,0.04792279447905723,8.6,0.9732843305102584,0.033671061267597724,0.9732843305102584,0.054753473762287466,8.07,0.9714771868820619,0.03612935447992225,0.9714771868820619,0.050418475590082806,32.0,0.8514698162745503,0.14995697089478816,0.8514698162745503,0.12538903679224994,27.1,0.9838599851960692,0.019458151317847432,0.9838599851960692,0.010637348584566445,70.6,0.9646037235697632,0.04361915884733667,0.9646037235697632,0.03491171542017641
47.5,0.9605771131543065,0.04905939695866067,0.9605771131543065,0.05652429000514609,1670.0,0.9572448866734011,0.05470808214428925,0.9572448866734011,0.04044262177219822,53.0,0.9667320781410644,0.04166967193772384,0.9667320781410644,0.04880273496344906,-4.7,0.9723753768297508,0.034643862126575976,0.9723753768297508,0.056412979018270235,11.52,0.9725459176936077,0.03509956089094332,0.9725459176936077,0.051778539283471814,40.0,0.8514698162745503,0.14995697089478816,0.8514698162745503,0.12538903679224994,29.8,0.9858152024038278,0.017280133488402002,0.9858152024038278,0.009297641436796338,71.0,0.965164042314304,0.043192412332714834,0.965164042314304,0.03659819939474246
65.1,0.9616051628625937,0.04826722201215234,0.9616051628625937,0.05567550815450115,2086.0,0.9555737867086185,0.05673595194125725,0.9555737867086185,0.04432486322693423,19.0,0.9677053179068907,0.04046227374623561,0.9677053179068907,0.04461563620763717,0.0,0.9712240667139589,0.0360496188375472,0.9712240667139589,0.061000132619201355,20.37,0.9732214821660513,0.03428784019196301,0.9732214821660513,0.05003139085361856,46.0,0.8514698162745503,0.14995697089478816,0.8514698162745503,0.12538903679224994,33.3,0.986292833013488,0.016672253343038672,0.986292833013488,0.008068693575418518,68.2,0.9675818469932054,0.04050090143013656,0.9675818469932054,0.03571991782724722
20.0,0.9630821283204646,0.046974697031402154,0.9630821283204646,0.05466761259001117,980.0,0.9555737867086185,0.05673595194125725,0.9555737867086185,0.04432486322693423,23.0,0.9672561364591769,0.04118625227411618,0.9672561364591769,0.04355282218026538,-0.8,0.9715217420073411,0.03564103415556404,0.9715217420073411,0.05979012411476127,2.95,0.9741319444500125,0.03301691215218622,0.9741319444500125,0.04859010380620617,28.0,0.8514698162745503,0.14995697089478816,0.8514698162745503,0.12538903679224994,18.4,0.9872660727793141,0.015414102820101324,0.9872660727793141,0.007107060798976427,62.4,0.9665360097703938,0.04158110932088773,0.9665360097703938,0.036769116504651346
29.0,0.9650458408408109,0.04394365077663164,0.9650458408408109,0.04947023468217131,798.0,0.9555737867086185,0.05673595194125725,0.9555737867086185,0.04432486322693423,38.0,0.9668354041734096,0.04166650237410264,0.9668354041734096,0.04275535623126004,-3.9,0.973068103428547,0.034019660159896103,0.973068103428547,0.058097906284239935,3.38,0.9741319444500125,0.03301691215218622,0.9741319444500125,0.04859010380620617,16.0,0.8493495348620541,0.1521231110850814,0.8493495348620541,0.13039494121509737,19.6,0.9872660727793141,0.015414102820101324,0.9872660727793141,0.007107060798976427,65.1,0.9656255474864328,0.04283356713045581,0.9656255474864328,0.039504227762045256
41.6,0.9658211467438537,0.04295832176749668,0.9658211467438537,0.04870896984220164,782.0,0.9550855653138779,0.05720124335320029,0.9550855653138779,0.042876455916083814,32.0,0.9660832104170332,0.04237100849066429,0.9660832104170332,0.04482176130600043,-2.3,0.9732164194282331,0.03388052974854975,0.9732164194282331,0.0583583030351349,4.48,0.9750424067339735,0.03174354843267099,0.9750424067339735,0.046513687262318595,10.0,0.8480488654525657,0.15316795525218196,0.8480488654525657,0.12894881392614044,20.8,0.9872660727793141,0.015414102820101324,0.9872660727793141,0.007107060798976427,51.0,0.9656255474864328,0.04283356713045581,0.9656255474864328,0.039504227762045256
47.8,0.9658211467438537,0.04295832176749668,0.9658211467438537,0.04870896984220164,741.0,0.9511458223267195,0.06300026836806613,0.9511458223267195,0.04795498557207578,42.0,0.9672561364591769,0.04118625227411618,0.9672561364591769,0.0426209752502604,-3.9,0.9732164194282329,0.03388052974854938,0.9732164194282329,0.05745398104551092,4.86,0.9756412093697066,0.031066579087703414,0.9756412093697066,0.044926744309873125,16.0,0.8518075615960489,0.15106011391461963,0.8518075615960489,0.12885312731627582,22.4,0.9872660727793141,0.015414102820101324,0.9872660727793141,0.007107060798976427,64.3,0.9648184112348174,0.044080703455099096,0.9648184112348174,0.042962444630431
42.7,0.9658211467438537,0.04295832176749668,0.9658211467438537,0.04870896984220164,1541.0,0.9508481470333373,0.0633912555640204,0.9508481470333373,0.04942437460262192,28.0,0.9680314423622195,0.040196296661004695,0.9680314423622195,0.04134088016399548,3.1,0.9732164194282329,0.033880529748548674,0.9732164194282329,0.05428692165744519,9.68,0.9763273646272306,0.03035441120649672,0.9763273646272306,0.042019039499392265,24.0,0.8540652882445853,0.15022350678559523,0.8540652882445853,0.13018005985056347,28.2,0.9872660727793141,0.015414102820101324,0.9872660727793141,0.007107060798976427,65.5,0.9648184112348174,0.044080703455099096,0.9648184112348174,0.042962444630431
21.6,0.9658211467438537,0.04295832176749668,0.9658211467438537,0.04870896984220164,1893.0,0.950161991775813,0.06405985597705317,0.950161991775813,0.04883386614558945,34.0,0.9702334338807096,0.037650345631170985,0.9702334338807096,0.039674303080051126,8.6,0.9729187441348507,0.03429040391716579,0.9729187441348507,0.05392025769026194,4.86,0.9763273646272308,0.030354411206496727,0.9763273646272308,0.04013349514055331,27.0,0.8540652882445853,0.15022350678559523,0.8540652882445853,0.13018005985056347,22.0,0.9867135652992551,0.01617095800484095,0.9867135652992551,0.00795506181352377,72.2,0.9648184112348174,0.044080703455099096,0.9648184112348174,0.042962444630431
67.8,0.9665817844246752,0.04213722281901612,0.9665817844246752,0.04761336259374972,1403.0,0.951708353197019,0.06252284401744299,0.951708353197019,0.04941161047041002,47.0,0.9709856276370861,0.0369388728395051,0.9709856276370861,0.04012073982139745,-6.2,0.9729187441348507,0.03429040391716579,0.9729187441348507,0.05249824625009334,15.02,0.975951360414481,0.030765200818079815,0.975951360414481,0.04057282541881046,34.0,0.8540652882445853,0.15022350678559523,0.8540652882445853,0.13018005985056347,31.8,0.9867135652992551,0.01617095800484095,0.9867135652992551,0.00861188291648659,66.7,0.9648184112348174,0.044080703455099096,0.9648184112348174,0.042962444630431
50.2,0.9668794597180574,0.041732571145895916,0.9668794597180574,0.046444846048940266,1747.0,0.9548449917595088,0.05841479416615493,0.9548449917595088,0.04660115461109763,51.0,0.9696544330673578,0.03868486391410276,0.9696544330673578,0.03915779276033912,-3.1,0.9737258803864662,0.03302406731959573,0.9737258803864662,0.051949494914114984,12.74,0.9775338025691395,0.028482226953415644,0.9775338025691395,0.034893410475880245,38.0,0.8540652882445853,0.15022350678559523,0.8540652882445853,0.13018005985056347,30.2,0.9859382593962123,0.01720014332572245,0.9859382593962123,0.00990032979198404,70.2,0.9628546987144708,0.04711071279570695,0.9628546987144708,0.04796584063509675
80.4,0.9676547656211,0.040743464521079374,0.9676547656211,0.045149358289424235,2018.0,0.9559782524664533,0.05693680765902473,0.9559782524664533,0.045668782060177965,20.0,0.9693567577739756,0.039091686582318895,0.9693567577739756,0.03754910412632044,0.0,0.9719455043690246,0.03551092482684306,0.9719455043690246,0.05568905585561496,24.02,0.9773719675240506,0.02864428688986895,0.9773719675240506,0.036100396865106396,46.0,0.8508986079155413,0.15177770750737532,0.8508986079155413,0.12890444713263355,34.9,0.9853394567604794,0.01789308406446863,0.9853394567604794,0.011280319476184906,67.1,0.9628546987144708,0.0471107127957066,0.9628546987144708,0.04840154824846628
38.4,0.9687080158574853,0.03894486890318364,0.9687080158574853,0.04236631022142218,2281.0,0.953445682692635,0.06001200936345474,0.953445682692635,0.049240661370275184,44.0,0.9693567577739756,0.039091686582318895,0.9693567577739756,0.03754910412632044,0.0,0.9710350420850636,0.03677652260574625,0.9710350420850636,0.05780480744957093,14.26,0.9777299223279526,0.028105472192258604,0.9777299223279526,0.03547579395205018,47.0,0.8484530569329387,0.15270855157596622,0.8484530569329387,0.12877397495031448,31.0,0.9846838266631952,0.01885970940674629,0.9846838266631952,0.012097430988444824,73.7,0.9618392288469726,0.04824249669424048,0.9618392288469726,0.04926235119644691
53.3,0.9693068184932182,0.03827700032016967,0.9693068184932182,0.04150948314928722,2365.0,0.9531999906809175,0.06020414689141222,0.9531999906809175,0.05038146659254393,19.0,0.9706879523437039,0.03734682204695605,0.9706879523437039,0.036624828517032984,-3.1,0.9706770872811616,0.03730830863346013,0.9706770872811616,0.05982547733313985,18.61,0.9788631830348972,0.02655369138391537,0.9788631830348972,0.0315472856624069,48.0,0.8462540561716243,0.15345253932057357,0.8462540561716243,0.13008154021055252,32.5,0.9859753558977241,0.017523115505665637,0.9859753558977241,0.010849462446358794,71.8,0.960130348513303,0.050937540609410165,0.960130348513303,0.05279207558280155
16.5,0.9685315125901758,0.03926988120856796,0.9685315125901758,0.04317296763013759,1185.0,0.9526011880451846,0.06084634332096895,0.9526011880451846,0.052558219274287166,36.0,0.97166119210953,0.036129811480132286,0.97166119210953,0.03751505140043576,-2.3,0.9692156261205948,0.03900502666667762,0.9692156261205948,0.06365047218301158,3.7,0.9788631830348972,0.026553691383916084,0.9788631830348972,0.03009239837431459,46.0,0.8471630098521319,0.1527424312790964,0.8471630098521319,0.1310435027816541,18.4,0.9852997914252802,0.018357587778719354,0.9852997914252802,0.010899916813000905,58.4,0.9603851806999796,0.050620827428994285,0.9603851806999796,0.053532035128080344
47.1,0.9683087141671924,0.03953290604590842,0.9683087141671924,0.04459580937218555,1258.0,0.9516907257612234,0.06206117583621069,0.9516907257612234,0.05403243406085288,19.0,0.971108684629471,0.03686264263582734,0.971108684629471,0.038620390549992584,3.9,0.9679024809597141,0.040559167727395,0.9679024809597141,0.06657566864625353,8.32,0.9790611168976809,0.026329675717557753,0.9790611168976809,0.03110962605111694,44.0,0.8461475399846337,0.15359870317156407,0.8461475399846337,0.13184273231705898,27.1,0.9857774220349406,0.017750556353502187,0.9857774220349406,0.010123165379350093,62.4,0.9588027385453214,0.052825575156233,0.9588027385453214,0.05784619630873156
36.5,0.9684867845171582,0.03934783525177373,0.9684867845171582,0.04449323251756414,1199.0,0.9543418987274271,0.05890703170574632,0.9543418987274271,0.054751115085217635,21.0,0.9708110093360887,0.03727066979778335,0.9708110093360887,0.040212542800287826,4.7,0.9676796825367306,0.04082171318285177,0.9676796825367306,0.0645887492717446,6.44,0.9777014731660063,0.028351671521746304,0.9777014731660063,0.03630507750001985,40.0,0.8453245011848056,0.15419482247096433,0.8453245011848056,0.1355641906852216,23.1,0.9854797467415584,0.018170858868465697,0.9854797467415584,0.011283586862992105,67.5,0.9612082194998076,0.049816483578024824,0.9612082194998076,0.054961065275108315
18.8,0.9694941378487777,0.038499301443519617,0.9694941378487777,0.04507907293120767,1020.0,0.9554467102724253,0.05729205835512304,0.9554467102724253,0.05042209521665643,66.0,0.9688525629686808,0.039927029396579286,0.9688525629686808,0.04269344233814046,0.0,0.968695152404229,0.03967466052803016,0.968695152404229,0.06279937875580957,2.92,0.9794269066882089,0.026390123744416037,0.9794269066882089,0.03546943562397759,38.0,0.8435990676626031,0.15561270208789837,0.8435990676626031,0.1349922166340947,18.8,0.9872051802637611,0.016175115733298225,0.9872051802637611,0.009426953766538675,59.2,0.9612082194998076,0.049816483578024824,0.9612082194998076,0.054961065275108315
29.4,0.9688953352130444,0.039167171010649114,0.9688953352130444,0.04635661257095068,1169.0,0.9568494200001247,0.05596692818772413,0.9568494200001247,0.048427847516843134,88.0,0.9681769984962368,0.040730957284672235,0.9681769984962368,0.041142481372214754,8.6,0.9704205859264315,0.037752243883134064,0.9704205859264315,0.05897150171530017,2.41,0.9773435183621043,0.028890379798539374,0.9773435183621043,0.03666792294705838,41.0,0.8446145375301012,0.15476254178427656,0.8446145375301012,0.13509389918853495,20.4,0.9864298743607185,0.01720482363121155,0.9864298743607185,0.010344536976660147,60.8,0.9642177692429655,0.045727026767346114,0.9642177692429655,0.04856397275381291
100.0,0.9688953352130446,0.03916717101064912,0.9688953352130446,0.04681352491552927,1470.0,0.9575050500974089,0.055053754364850244,0.9575050500974089,0.046373844583882565,52.0,0.9697753431991075,0.03891810686790694,0.9697753431991075,0.03914848536675515,5.5,0.9725408673389279,0.03492683268152934,0.9725408673389279,0.05381628584376433,22.01,0.9790146183268867,0.02676431409335852,0.9790146183268867,0.03352826683712028,50.0,0.8430161928272307,0.15610401570738003,0.8430161928272307,0.13747212724413543,35.7,0.9869823818407774,0.01644877021151633,0.9869823818407774,0.009604806118046351,56.5,0.9642177692429655,0.045727026767345406,0.9642177692429655,0.04663039522609768
73.7,0.9694941378487777,0.038499301443519617,0.9694941378487777,0.04468712134516422,1700.0,0.9571224745433875,0.05536475746754646,0.9571224745433875,0.045017806582609884,23.0,0.9703278506791666,0.038187509993242635,0.9703278506791666,0.036979070740554246,-3.1,0.9708697673741453,0.0370241834825642,0.9708697673741453,0.05508035973633717,18.79,0.9801478790338314,0.02520885870806097,0.9801478790338314,0.031309015754669045,53.0,0.8430161928272307,0.15610401570738003,0.8430161928272307,0.13747212724413543,32.9,0.9869823818407774,0.01644877021151633,0.9869823818407774,0.009793339750273664,66.7,0.966486366655148,0.042801501409647315,0.966486366655148,0.041625278144424044
18.0,0.9719119425276789,0.0357830740247677,0.9719119425276789,0.04298754158311381,1719.0,0.9571224745433875,0.05536475746754646,0.9571224745433875,0.045017806582609884,47.0,0.9700821586674491,0.038389119500286915,0.9700821586674491,0.038184258159369475,3.1,0.9708697673741453,0.0370241834825642,0.9708697673741453,0.05508035973633717,4.54,0.9819282550512732,0.022681247320130073,0.9819282550512732,0.025384736208030608,51.0,0.8460382323883732,0.15477798036118826,0.8460382323883732,0.13232969967715025,22.4,0.9876579463132212,0.015611524417025279,0.9876579463132212,0.008475646165208977,63.5,0.9678890763828472,0.04143812047910376,0.9678890763828472,0.040766583518851186
51.8,0.9725540145745566,0.035234555328700214,0.9725540145745566,0.043709796060900905,1706.0,0.958191205354933,0.05437282472840772,0.958191205354933,0.04337643418782988,19.0,0.9715436198280157,0.03668985386479816,0.9715436198280157,0.03731691065704899,0.0,0.9714685700098783,0.03635353350528819,0.9714685700098783,0.05474614884916636,10.73,0.9819282550512732,0.022681247320130073,0.9819282550512732,0.026805148777711167,48.0,0.8465907398684323,0.1542222828216095,0.8465907398684323,0.1303262677175941,29.4,0.9876579463132215,0.015611524417025282,0.9876579463132215,0.01018078839610986,69.0,0.9682716519368686,0.041117620558253326,0.9682716519368686,0.04107324323532979
43.5,0.9732467411733525,0.03461065044203211,0.9732467411733525,0.044553233946231965,1495.0,0.959700470274627,0.05248968255035076,0.959700470274627,0.04010239627261925,19.0,0.9730899812492215,0.03507011022051823,0.9730899812492215,0.034263021597007004,6.2,0.9734248695166506,0.033992686155970786,0.9734248695166506,0.05025348330232315,9.33,0.9828783826704333,0.02172318090049261,0.9828783826704333,0.02718668152126102,45.0,0.8460598483147247,0.15454539043871557,0.8460598483147247,0.12918155318855168,27.8,0.9887037835360328,0.014478292267670737,0.9887037835360328,0.009851346513816585,70.2,0.9671078660696842,0.0423995510049914,0.9671078660696842,0.04394286991531336
19.6,0.9717374762536585,0.036550457138724395,0.9717374762536585,0.04641516734118129,1004.0,0.9599461622863446,0.05229404916968767,0.9599461622863446,0.03878535013682989,30.0,0.9732680515991874,0.03488323748052103,0.9732680515991874,0.0327873596972503,-6.2,0.9750959694814335,0.03188428616089141,0.9750959694814335,0.04569974213396177,2.81,0.9841790520799216,0.020269011934479372,0.9841790520799216,0.02677341998133276,21.0,0.8460598483147247,0.15454539043871557,0.8460598483147247,0.12918155318855168,18.0,0.9905231995005016,0.012157016407808374,0.9905231995005016,0.008824447341460533,60.8,0.9682716519368686,0.041117620558253326,0.9682716519368686,0.042057427394828935
37.6,0.9708285225731509,0.03751891702812084,0.9708285225731509,0.048364295533920146,764.0,0.958773236244201,0.05345551032799903,0.958773236244201,0.0392697208560387,32.0,0.9735782026439621,0.03458385640171286,0.9735782026439621,0.031729218533228715,3.9,0.973139669974661,0.034253659188802195,0.973139669974661,0.05006932685807055,3.85,0.9828478575101935,0.02206267500480883,0.9828478575101935,0.028222082549776158,5.0,0.8452559412227584,0.15504004430749893,0.8452559412227584,0.12817637404895668,20.0,0.9893718893847095,0.01361669542379791,0.9893718893847095,0.010453778940773251,57.6,0.9671078660696842,0.0423995510049914,0.9671078660696842,0.04450550913229208
80.4,0.9710833547598277,0.037194854006136376,0.9710833547598277,0.04927206506291939,1016.0,0.9583525039584339,0.053925847040729995,0.9583525039584339,0.037770643743568956,26.0,0.9738330348306388,0.034258051828978446,0.9738330348306388,0.031965102769976744,-3.9,0.9720064092677164,0.03578702836458572,0.9720064092677164,0.05374617326367196,10.94,0.9834466601459264,0.021374080800937473,0.9834466601459264,0.027300465945990525,5.0,0.843196091347759,0.1566282959478978,0.843196091347759,0.12701363050117198,27.1,0.9898495199943698,0.01300479433618337,0.9898495199943698,0.009933317467845442,53.7,0.9668101907763018,0.042804099073075426,0.9668101907763018,0.04382643677305464
35.7,0.9730418011272354,0.0345265094359884,0.9730418011272354,0.044020633900922854,802.0,0.9624193357649244,0.04793735361693356,0.9624193357649244,0.031949427234218036,33.0,0.9731774047333546,0.03520208430771083,0.9731774047333546,0.03290844180260673,-1.6,0.9720064092677164,0.03578702836458572,0.9720064092677164,0.05374617326367196,4.01,0.9834466601459264,0.021374080800937473,0.9834466601459264,0.027300465945990525,0.0,0.8463127955350894,0.15258381577934946,0.8463127955350894,0.1260509100713962,20.0,0.9898495199943698,0.01300479433618337,0.9898495199943698,0.009933317467845442,59.2,0.9677191444568096,0.04184490412511429,0.9677191444568096,0.04312158228848755
36.1,0.9755743709010539,0.031315460866675034,0.9755743709010539,0.04032262764078787,783.0,0.96322647201654,0.046696733710857516,0.96322647201654,0.02810494744266921,33.0,0.9731774047333546,0.03520208430771083,0.9731774047333546,0.03405637924199472,-1.6,0.9718283389177506,0.035973476685849014,0.9718283389177506,0.054118979415629695,4.3,0.9837443354393086,0.02095563736261608,0.9837443354393086,0.02491929945992382,2.0,0.84375028037901,0.1554579465323306,0.84375028037901,0.13339428816412588,20.4,0.9889390577104087,0.014315643420910412,0.9889390577104087,0.009840423545692173,57.3,0.9681683259045231,0.04112086662361584,0.9681683259045231,0.04121087971284323
55.3,0.9755743709010539,0.031315460866675034,0.9755743709010539,0.04021702222500856,946.0,0.9606639568604607,0.050370906141711434,0.9606639568604607,0.03101126386825975,50.0,0.9721619348658562,0.036359501210811454,0.9721619348658562,0.03304955781817899,0.6281970010971596,0.9723165603124911,0.03548835246683253,0.9723165603124911,0.05230255982338315,9.57,0.9829371991876931,0.022245476319568122,0.9829371991876931,0.025905841393532983,13.0,0.8423390753387228,0.15727370695338455,0.8423390753387228,0.13515628046590072,28.6,0.9882834276131244,0.015288260918945964,0.9882834276131244,0.009937652284768794,63.1,0.9665699812016528,0.0429268585398375,0.9665699812016528,0.041711995946390086
32.2,0.9746011311352276,0.032542471499585335,0.9746011311352276,0.04205056193621208,1517.0,0.958844540895992,0.052548336245447205,0.958844540895992,0.034355977862783056,68.0,0.9720136188661701,0.036498091455378,0.9720136188661701,0.03266496041376182,-1.6,0.9711527744453067,0.036782794638566554,0.9711527744453067,0.05340153921811942,9.27,0.9816060046179648,0.02403412704267698,0.9816060046179648,0.027404785921973818,24.0,0.8401400745774082,0.15799466960996447,0.8401400745774082,0.13357906279432685,28.2,0.9878057970034642,0.015898069957798983,0.9878057970034642,0.01022798467911503,62.4,0.9649875390469944,0.04515949618966668,0.9649875390469944,0.042599320845888654
80.0,0.9749590859391296,0.032006675069512054,0.9749590859391296,0.040226584458035584,2328.0,0.9578944132768319,0.053451367607365595,0.9578944132768319,0.03580118907440493,59.0,0.9712529811853484,0.03732859293871032,0.9712529811853484,0.03271498894031874,1.6,0.9719280803483493,0.03578507335021778,0.9719280803483493,0.04994698558153892,28.04,0.9816060046179648,0.02403412704267698,0.9816060046179648,0.027404785921973818,33.0,0.8401400745774082,0.15799466960996447,0.8401400745774082,0.13357906279432685,35.3,0.9878057970034642,0.015898069957798983,0.9878057970034642,0.01022798467911503,67.5,0.9624549692731763,0.04829749863346402,0.9624549692731763,0.04457715752570457
65.9,0.9746011311352276,0.0325424714995864,0.9746011311352276,0.041798359806842426,2081.0,0.9567611525698875,0.05493671410543385,0.9567611525698875,0.03605986056077386,68.0,0.9720136188661701,0.03649809145537729,0.9720136188661701,0.031438518023655715,1.6,0.9699643678280028,0.03885553562677629,0.9699643678280028,0.0538226215987527,17.47,0.9816060046179648,0.02403412704267698,0.9816060046179648,0.027404785921973818,49.0,0.8401400745774082,0.15799466960996447,0.8401400745774082,0.13357906279432685,32.2,0.9878057970034642,0.015898069957798983,0.9878057970034642,0.01022798467911503,68.2,0.9601863718609939,0.05119699690576818,0.9601863718609939,0.04897609072954862
37.3,0.9746011311352276,0.0325424714995864,0.9746011311352276,0.041798359806842426,1613.0,0.9574167826671715,0.05402292557189756,0.9574167826671715,0.03205454793833329,44.0,0.9735228837858642,0.03455762082666845,0.9735228837858642,0.02977490712871575,3.1,0.9684551029083087,0.040781821998631985,0.9684551029083087,0.053188527914510564,9.02,0.980501193072967,0.025734381828318595,0.980501193072967,0.031320400684337495,49.0,0.8368574097240252,0.15948890500312973,0.8368574097240252,0.13947585049709427,27.5,0.9884614271007484,0.014926336754708919,0.9884614271007484,0.010251221696397639,72.5,0.9598037963069724,0.05151053099702819,0.9598037963069724,0.04740957706993001
70.6,0.9765574306420004,0.030165905984186975,0.9765574306420004,0.04072333651846573,1664.0,0.9565063203832107,0.05525098073884047,0.9565063203832107,0.03152145827104221,33.0,0.9746958098280077,0.03335354945373143,0.9746958098280077,0.02760527676332316,-5.5,0.9684551029083087,0.04078182199863127,0.9684551029083087,0.050839105629992096,16.56,0.9808113441177415,0.025429717968092985,0.9808113441177415,0.03183965486660646,52.0,0.8329851986963607,0.16150973327584334,0.8329851986963607,0.14040088249429641,32.2,0.9897745722616291,0.013302865094970319,0.9897745722616291,0.009973967619968504,67.1,0.9610953255415016,0.05025286557205215,0.9610953255415016,0.04667692007651163
81.6,0.9774663843225079,0.029184479352222823,0.9774663843225079,0.03905705541685259,1782.0,0.9567611525698875,0.05493671410543385,0.9567611525698875,0.034077805449052624,67.0,0.9764761858454496,0.03085535984659331,0.9764761858454496,0.0269231249424866,3.1,0.9696188887754932,0.039496021912140716,0.9696188887754932,0.047971798797056465,21.34,0.981187348330491,0.02501472037282657,0.981187348330491,0.03186370828781897,58.0,0.8302280150880473,0.16249839874096672,0.8302280150880473,0.14064015201762894,34.1,0.9901505764743787,0.012879292268699816,0.9901505764743787,0.009291988182463646,65.9,0.9604702206044572,0.05084222574163707,0.9604702206044572,0.049569169856581
78.0,0.9772115521358312,0.029512889306012428,0.9772115521358312,0.03882381745946177,1991.0,0.9552147911486816,0.056495237422504285,0.9552147911486816,0.03611062196026489,49.0,0.9793488520463037,0.0267615138870831,0.9793488520463037,0.022439324404425497,-10.9,0.9699165640688756,0.03908920690707242,0.9699165640688756,0.04642959978974139,18.91,0.9808113441177415,0.025429717968092985,0.9808113441177415,0.030918402398644962,61.0,0.8262839644191962,0.16448324256295574,0.8262839644191962,0.14154820976984392,32.2,0.9894750120019347,0.013720570542898962,0.9894750120019347,0.009692881744056752,67.1,0.9599925899947968,0.051416762086267255,0.9599925899947968,0.05157499297735697
38.4,0.9781847919016573,0.028279404431651493,0.9781847919016573,0.03834408608824217,2034.0,0.9535572492343056,0.05812948170384727,0.9535572492343056,0.03801299850927932,20.0,0.9790940198596267,0.02709121623025044,0.9790940198596267,0.024686018072150546,0.0,0.9696525917072395,0.0393163958745674,0.9696525917072395,0.0468413039055066,9.44,0.9799008818337805,0.026716833564735105,0.9799008818337805,0.033869946192927845,56.0,0.8265067628421797,0.1642953763133253,0.8265067628421797,0.1442894033052164,25.5,0.9891170571980326,0.014271309887413363,0.9891170571980326,0.011527675987073823,70.2,0.9593064347372727,0.05210123193824265,0.9593064347372727,0.051893820888643714
42.7,0.9759161944894749,0.03127652382758254,0.9759161944894749,0.043191593770109796,803.0,0.9524059391185133,0.059478040485865406,0.9524059391185133,0.041220134569907585,33.0,0.9770106315335222,0.02958909064577368,0.9770106315335222,0.029042447096625366,1.6,0.9696525917072395,0.0393163958745674,0.9696525917072395,0.0468413039055066,4.37,0.978991928153273,0.027703130895328918,0.978991928153273,0.03542504327437063,14.0,0.8265067628421797,0.1642953763133253,0.8265067628421797,0.1442894033052164,20.4,0.9885792179401947,0.014860183633653797,0.9885792179401947,0.01246911116049143,65.1,0.9585311288342302,0.05307205308333835,0.9585311288342302,0.052975389877636
32.5,0.975240630017031,0.0320927098364001,0.975240630017031,0.04411161834908535,800.0,0.9505619024039252,0.06141275069409346,0.9505619024039252,0.04424576491168502,29.0,0.9770106315335222,0.02958909064577368,0.9770106315335222,0.029042447096625366,4.7,0.9688919540264179,0.040142528710490004,0.9688919540264179,0.048128309592240084,3.86,0.9783668232162286,0.028319077670152997,0.9783668232162286,0.03514981942352141,3.0,0.8265067628421797,0.1642953763133253,0.8265067628421797,0.1442894033052164,20.0,0.9880909965454541,0.015364204757118643,0.9880909965454541,0.011643244473660271,58.0,0.9585311288342302,0.05307205308333835,0.9585311288342302,0.052975389877636
39.2,0.9755805354120854,0.03174367601081523,0.9755805354120854,0.04499730257538167,807.0,0.9484416209914289,0.06411160584348544,0.9484416209914289,0.04510467916128381,79.0,0.9770106315335222,0.02958909064577368,0.9770106315335222,0.029042447096625366,3.1,0.9650890945815636,0.04598284103970759,0.9650890945815636,0.054701894400793344,4.19,0.9773935834504023,0.02955276332424687,0.9773935834504023,0.03638769026907864,13.0,0.8265067628421797,0.1642953763133253,0.8265067628421797,0.1442894033052164,20.4,0.9880909965454541,0.015364204757118643,0.9880909965454541,0.011924029550839682,55.7,0.9587539272572135,0.05281501516948026,0.9587539272572135,0.05087584894687334
29.0,0.9755805354120854,0.03174367601081523,0.9755805354120854,0.04647107893758486,2470.0,0.9473957837686174,0.06514263684009466,0.9473957837686174,0.04651108384446791,80.0,0.9770106315335222,0.02958909064577368,0.9770106315335222,0.029042447096625366,5.5,0.9639842830365656,0.04762840938196292,0.9639842830365656,0.054043278149239794,6.93,0.9771707850274189,0.029820575010608086,0.9771707850274189,0.038300514607663476,26.0,0.8265067628421797,0.1642953763133253,0.8265067628421797,0.1442894033052164,25.1,0.9874154320730104,0.01620199636253403,0.9874154320730104,0.013583858797809397,68.2,0.9593064347372727,0.05210123193824265,0.9593064347372727,0.05093863064118649
91.0,0.9765537751779118,0.030514571422411645,0.9765537751779118,0.0440770209583246,2633.0,0.9469342785964887,0.06548305626888075,0.9469342785964887,0.045414136132487896,85.0,0.9768623155338363,0.029729455208490324,0.9768623155338363,0.028810055618571445,3.9,0.9646399131338498,0.04670219020721124,0.9646399131338498,0.050552379822044614,25.71,0.9777695876631518,0.029140865472792644,0.9777695876631518,0.037539874044757816,36.0,0.8265067628421797,0.1642953763133253,0.8265067628421797,0.1442894033052164,27.1,0.9880909965454541,0.015364204757118643,0.9880909965454541,0.012719038853495148,66.3,0.956921989931159,0.05556529182543172,0.956921989931159,0.05498525842458121
98.8,0.9765537751779118,0.030514571422411645,0.9765537751779118,0.044203881442271296,1867.0,0.948067539303433,0.06402691204599036,0.948067539303433,0.046441600657932784,78.0,0.9768623155338363,0.029729455208490324,0.9768623155338363,0.027029098959097803,-3.1,0.9636244432663512,0.04783668896110926,0.9636244432663512,0.05398915981766072,27.83,0.9783074269209899,0.028566460344701214,0.9783074269209899,0.036325436572997576,46.0,0.8265067628421797,0.1642953763133253,0.8265067628421797,0.1442894033052164,36.9,0.9886897991811872,0.014667736993402075,0.9886897991811872,0.011880471391144658,62.0,0.9593064347372727,0.05210123193824265,0.9593064347372727,0.050756306797141
96.9,0.9765537751779115,0.030514571422411638,0.9765537751779115,0.04516405551503537,2403.0,0.9472604030518175,0.06523199511448687,0.9472604030518175,0.04624452124665039,33.0,0.9770602493966198,0.02950656280470977,0.9770602493966198,0.027164725580143757,3.1,0.9613558458541692,0.05074108039245524,0.9613558458541692,0.05851360815057365,33.98,0.9769762323512619,0.0303377891383951,0.9769762323512619,0.038820065977140085,49.0,0.8265067628421797,0.1642953763133253,0.8265067628421797,0.1442894033052164,37.3,0.9879144932781445,0.015700214888349058,0.9879144932781445,0.012511565792984541,65.9,0.960256562356433,0.05119537741566485,0.960256562356433,0.050493776973658984
48.04087253229344,0.977717561045096,0.029204980267230347,0.977717561045096,0.04504650790570683,1660.0,0.9475580783451997,0.06484321120320229,0.9475580783451997,0.04225365922471322,34.0,0.9759915185850743,0.03054761690749095,0.9759915185850743,0.029563769873236962,3.9,0.9609351135684021,0.05121399877595991,0.9609351135684021,0.057199308232930575,9.62,0.9759229821148764,0.03216175223941774,0.9759229821148764,0.041895703227232364,50.0,0.8265067628421797,0.1642953763133253,0.8265067628421797,0.1442894033052164,28.2,0.987139187375102,0.01673105417218554,0.987139187375102,0.014825785025114079,72.2,0.9617180235169995,0.04953396425753105,0.9617180235169995,0.04856962071724694
42.0,0.977717561045096,0.029204980267230347,0.977717561045096,0.04504650790570683,1696.0,0.9493202529268167,0.06316031789697038,0.9493202529268167,0.0400113691194246,18.0,0.97753788000628,0.028910204745484665,0.97753788000628,0.02709172960765357,1.6,0.9606802813817251,0.051530751435963994,0.9606802813817251,0.059764152450802896,10.58,0.9765480870519209,0.031549894855309304,0.9765480870519209,0.04180571465989474,48.0,0.8262839644191962,0.16448324256295513,0.8262839644191962,0.1475206666923489,29.0,0.9880481410556098,0.015726027213732195,0.9880481410556098,0.014084190909069875,71.8,0.962470217273376,0.048838540021381625,0.962470217273376,0.04675946855083796
17.6,0.977717561045096,0.029204980267230347,0.977717561045096,0.04504650790570683,1550.0,0.9486646228295325,0.06405943440718431,0.9486646228295325,0.03815237931454648,20.0,0.9781935101035644,0.027957513315402308,0.9781935101035644,0.025064699169591767,3.1,0.958836244667137,0.05349955191573651,0.958836244667137,0.06193623526042082,4.1,0.9772342423094449,0.03083736447459889,0.9772342423094449,0.041615671185126366,31.0,0.8235596142180283,0.1673377526563196,0.8235596142180283,0.1532367854791414,22.0,0.988388046450664,0.01536648898852713,0.988388046450664,0.014426786681160077,62.7,0.9637708866828643,0.047452374024102274,0.9637708866828643,0.046210126191039425
34.1,0.9774323615031061,0.029468588728270073,0.9774323615031061,0.046568982964674654,856.0,0.9486646228295325,0.06405943440718431,0.9486646228295325,0.03815237931454648,57.0,0.9778175058908148,0.028370054399562084,0.9778175058908148,0.026054354029846946,6.2,0.9582374420314039,0.054150181201857626,0.9582374420314039,0.06235611822687716,4.39,0.9773960773545335,0.03067569189252538,0.9773960773545335,0.041937523420086005,24.0,0.8205938145190012,0.16980154061473857,0.8205938145190012,0.15179134005852957,21.2,0.9887640506634136,0.014944308512115987,0.9887640506634136,0.01358745034576879,66.7,0.9642591080776047,0.04697738572507214,0.9642591080776047,0.04722366838334389
100.0,0.9767767314058219,0.03041949559304811,0.9767767314058219,0.04671387801404893,915.0,0.9496147504486928,0.06317674618022945,0.9496147504486928,0.03816549697934124,58.0,0.9754120249363286,0.03148830887573736,0.9754120249363286,0.026686225900132022,0.0,0.9531339131770611,0.06410379753464901,0.9531339131770611,0.062168251138858446,14.35,0.9775741477044994,0.030487135078014475,0.9775741477044994,0.04318579981753517,36.0,0.8196833522350402,0.17070955644289273,0.8196833522350402,0.1537346163976149,34.9,0.9900952452331417,0.013129921158195536,0.9900952452331417,0.012651810653872077,48.2,0.9644819065005883,0.046717256972146994,0.9644819065005883,0.04668420163344574
66.7,0.9765787975430381,0.030642134839615944,0.9765787975430381,0.04751033368327667,1299.0,0.9509154198581808,0.061830482456572126,0.9509154198581808,0.040280443516294895,46.0,0.9734483124159822,0.03457896796315955,0.9734483124159822,0.031781755014711664,-7.8,0.9565285616977344,0.056823935839992755,0.9565285616977344,0.06121873734605042,12.79,0.9773960773545336,0.030675691892525028,0.9773960773545336,0.042626918405113824,47.0,0.820243670979581,0.17044204687475875,0.820243670979581,0.1564154333766916,30.6,0.9903180436561252,0.012854633576783812,0.9903180436561252,0.011540471378279637,63.9,0.9660802512034588,0.04492174833182911,0.9660802512034588,0.046375354482190774
18.0,0.9765787975430381,0.030642134839615944,0.9765787975430381,0.04889215643805504,1560.0,0.9488555699831817,0.06390898967191999,0.9488555699831817,0.04142757586931022,20.0,0.9726730065129398,0.03557930094491027,0.9726730065129398,0.033029636159200335,0.0,0.9579397667380217,0.054547126699966496,0.9579397667380217,0.06188422237160744,3.29,0.9775940112173173,0.03045286276732258,0.9775940112173173,0.04177850839321758,42.0,0.820243670979581,0.17044204687475875,0.820243670979581,0.1492335362234219,21.2,0.9903180436561254,0.012854633576783816,0.9903180436561254,0.010474133290638767,70.6,0.9663350833901355,0.044601319143767644,0.9663350833901355,0.04544397939630023
27.1,0.9758266037866615,0.03136288791615462,0.9758266037866615,0.04998425288764046,797.0,0.9478401001156835,0.06500486719490386,0.9478401001156835,0.04328043239325485,62.0,0.9726730065129398,0.03557930094491027,0.9726730065129398,0.033029636159200335,-0.8,0.9597838034526098,0.05258237233324132,0.9597838034526098,0.05746079912201581,3.28,0.977594011217317,0.030452862767322935,0.977594011217317,0.04229622521778613,28.0,0.8221999704863535,0.16879263924231058,0.8221999704863535,0.14679048916170231,20.4,0.9901201097933416,0.01308404038710213,0.9901201097933416,0.010872137334493406,63.1,0.9684553648026318,0.04180350020466164,0.9684553648026318,0.04248291413497401
80.4,0.9762473360724288,0.030873395553904875,0.9762473360724288,0.049354991827539045,1500.0,0.9478401001156833,0.06500486719490385,0.9478401001156833,0.04449725078487973,50.0,0.9743818868466093,0.03281977882012733,0.9743818868466093,0.029138168867790627,0.0,0.9595289712659332,0.052898349501530904,0.9595289712659332,0.054799817378770634,17.95,0.9784011474689329,0.029177004910152085,0.9784011474689329,0.04281946706044844,36.0,0.8249927110394125,0.16784242060503937,0.8249927110394125,0.14719933633599014,32.9,0.9906726172734006,0.012322788725464773,0.9906726172734006,0.011345654822308638,63.9,0.9694708346701302,0.04065648988347844,0.9694708346701302,0.043658429379933104
32.9,0.9764254064223946,0.0306851095166099,0.9764254064223946,0.050011228610241175,1648.0,0.9484957302129675,0.06410726253246152,0.9484957302129675,0.04174915320989895,32.0,0.9746795621399915,0.032408807637147,0.9746795621399915,0.029046647690715247,4.7,0.9595289712659332,0.052898349501530904,0.9595289712659332,0.05772199976857743,7.99,0.9795344081758774,0.027625356462172193,0.9795344081758774,0.039729986242729186,33.0,0.8265751531940708,0.16619176499114519,0.8265751531940708,0.1458847995449108,26.7,0.9908705511361842,0.01209309891282065,0.9908705511361842,0.011109048957347325,73.7,0.9698915669558973,0.040174394252920465,0.9698915669558973,0.0452458321192405
20.0,0.9756501005193522,0.031691764336587595,0.9756501005193522,0.05181511617937841,1605.0,0.9469132880583093,0.0662600905095033,0.9469132880583093,0.04059790332148895,21.0,0.9750555663527412,0.03199921809831546,0.9750555663527412,0.027440206087811288,0.0,0.9579306265630624,0.05466736271269085,0.9579306265630624,0.058248363262494926,5.93,0.9809456132161649,0.025247819114346638,0.9809456132161649,0.03523528774080306,28.0,0.8231805046733977,0.1719707044694001,0.8231805046733977,0.18985920154702507,22.4,0.9908705511361842,0.01209309891282065,0.9908705511361842,0.009891803045201387,74.9,0.968876097088399,0.04132244460203436,0.968876097088399,0.045536991876151595
19.6,0.9744987904035601,0.03310602049557037,0.9744987904035601,0.05350399582811363,1313.0,0.945502083018022,0.06849133537173248,0.945502083018022,0.039687911274379165,95.0,0.9770140127201489,0.029308933144786005,0.9770140127201489,0.026839264143486426,8.6,0.9574529959534022,0.0552383380081649,0.9574529959534022,0.057679145650507545,3.56,0.979274513251382,0.027380849044619807,0.979274513251382,0.038424719500738246,27.0,0.8206638864220842,0.17388143224422217,0.8206638864220842,0.19287623749181404,20.4,0.9904945469234346,0.012517285298411356,0.9904945469234346,0.00968371430004618,59.6,0.9683984664787387,0.041907145438772796,0.9683984664787387,0.04473387683470759
100.0,0.9752740963066028,0.032101737251952096,0.9752740963066028,0.05195984166783145,1515.0,0.9459903044127626,0.06803712978364242,0.9459903044127626,0.037830724331644416,45.0,0.9783736564518235,0.0272897446936696,0.9783736564518235,0.02338232497429352,7.8,0.9595363842795069,0.05284872040910638,0.9595363842795069,0.05341639276906855,21.55,0.9782212630149967,0.029212441638882126,0.9782212630149967,0.043241054083527526,37.0,0.825983585186477,0.17022720434432023,0.825983585186477,0.1895463057167383,35.3,0.9904945469234349,0.012517285298411722,0.9904945469234349,0.01110351524993355,55.7,0.9679514318916602,0.04232245590532925,0.9679514318916602,0.04451040806579146
23.5,0.9769995298288052,0.030151933975019547,0.9769995298288052,0.04852262878680868,1803.0,0.9473034495736433,0.06655878623672862,0.9473034495736433,0.036599406750332214,20.0,0.9795465824939672,0.02607055425926233,0.9795465824939672,0.02196604978257905,0.0,0.9603900191019168,0.05187992506016926,0.9603900191019168,0.05306298761128808,4.42,0.9793545237219412,0.027661131613907416,0.9793545237219412,0.04164005682975442,31.0,0.8273432289181518,0.16876543413727849,0.8273432289181518,0.1910154725637849,21.6,0.9910470544034939,0.011755424251045754,0.9910470544034939,0.009722806317324664,75.7,0.9684290625013204,0.04173824886197657,0.9684290625013204,0.04584550857620961
18.0,0.9771776001787711,0.02996336272155246,0.9771776001787711,0.04822151175002647,1376.0,0.9484082611186411,0.06496564290805534,0.9484082611186411,0.03842095250086247,32.0,0.9785964548748071,0.027021010357388447,0.9785964548748071,0.023783662588954417,8.6,0.9607479739058188,0.05135949695785812,0.9607479739058188,0.05190631030842959,3.67,0.9815410346652711,0.024266838958103443,0.9815410346652711,0.03490952501441992,2.0,0.827640904211534,0.16846866875081837,0.827640904211534,0.19066201600605565,20.4,0.9913018865901707,0.011417583401872804,0.9913018865901707,0.007946008497918667,61.2,0.9680083302155533,0.04221888519997745,0.9680083302155533,0.046278866653918345
38.4,0.9780880624627323,0.028682983860793012,0.9780880624627323,0.047016423298305424,789.0,0.9464530439108827,0.06695988899296534,0.9464530439108827,0.03873184438830775,31.0,0.9794194936746351,0.02617994960399896,0.9794194936746351,0.024291421453699065,1.6,0.9620486433153069,0.04997945716406031,0.9620486433153069,0.04834119362189858,4.27,0.9804077739583266,0.02582567826144217,0.9804077739583266,0.03795167967714468,0.0,0.8268500940111871,0.16885940012723577,0.8268500940111871,0.1914283030386133,20.8,0.9910470544034938,0.011755424251045752,0.9910470544034938,0.009795621062635295,54.9,0.9684859608252135,0.04163459027464565,0.9684859608252135,0.04378252498575288
37.6,0.9787636269351762,0.02786193178662438,0.9787636269351762,0.044823370743826946,808.0,0.94736158367009,0.06622643633022805,0.94736158367009,0.03855456729217929,62.0,0.9789418630649748,0.026778841920288576,0.9789418630649748,0.026282394674867596,3.9,0.9625262739249671,0.04940286790816568,0.9625262739249671,0.04726745836153874,4.06,0.9804077739583266,0.02582567826144217,0.9804077739583266,0.03795167967714468,6.0,0.8301697975587927,0.16743191412360628,0.8301697975587927,0.19207920695834318,20.4,0.9910470544034938,0.011755424251045752,0.9910470544034938,0.009795621062635295,52.5,0.9680083302155533,0.04221888519997745,0.9680083302155533,0.043697212936031675
44.7,0.9797368667010025,0.026624754868404855,0.9797368667010025,0.04200135883562364,1292.0,0.9493168008778484,0.06422850091887387,0.9493168008778484,0.03880721416751978,32.0,0.9800751237719193,0.025223523414859766,0.9800751237719193,0.024080281922446312,1.6,0.9630641131828053,0.048849238357351346,0.9630641131828053,0.04660286760464738,1.97,0.9804077739583266,0.02582567826144217,0.9804077739583266,0.03795167967714468,0.0,0.8328088711364627,0.1639348731032736,0.8328088711364627,0.19256420086986467,19.2,0.9910470544034939,0.011755424251045754,0.9910470544034939,0.011694798705570178,54.9,0.9682631624022302,0.04189705789177407,0.9682631624022302,0.04389428144360357
52.5,0.9801128709137518,0.02621069172751732,0.9801128709137518,0.04182702882526719,1633.0,0.9465544474184744,0.06742866609729721,0.9465544474184744,0.03942175153419885,81.0,0.9808273175282957,0.024494712919980025,0.9808273175282957,0.02241175581813517,3.1,0.9639730668633129,0.04789977429253303,0.9639730668633129,0.04469741926777865,3.0,0.980747679353381,0.02547250482244717,0.980747679353381,0.03789014867442229,9.0,0.8325111958430803,0.1642358672569642,0.8325111958430803,0.19313527665462377,20.8,0.9916458570392268,0.011054638056335987,0.9916458570392268,0.012097347178881116,64.7,0.9678871581894807,0.04229977688911674,0.9678871581894807,0.04525628526825886
62.7,0.9811587081365631,0.025097670928950308,0.9811587081365631,0.039245318499978206,2349.0,0.9464498147512335,0.06749987537108657,0.9464498147512335,0.03891873080727809,72.0,0.9816026234313383,0.02347676514742274,0.9816026234313383,0.020394008307685188,5.5,0.9639730668633129,0.04789977429253303,0.9639730668633129,0.04469741926777865,6.77,0.980925749703347,0.025282318561596535,0.980925749703347,0.03913842507187145,24.0,0.8333020060434274,0.1638358684594249,0.8333020060434274,0.19236898962206614,24.7,0.9914677866892609,0.011249557810380896,0.9914677866892609,0.013070237905639935,61.6,0.9687101969893085,0.04148140474997694,0.9687101969893085,0.04275330086520031
86.3,0.9803834022335207,0.026113860373596764,0.9803834022335207,0.03917712849997564,2267.0,0.9469380361459739,0.06704463245595063,0.9469380361459739,0.03862475626217681,55.0,0.9822781879037822,0.022649039698561965,0.9822781879037822,0.01968673283808026,3.1,0.9635607785019908,0.048258504952643985,0.9635607785019908,0.04595318728953099,26.24,0.980747679353381,0.02547250482244717,0.980747679353381,0.038806548520715904,30.0,0.8315884584631743,0.1642514302562518,0.8315884584631743,0.19082585381888723,34.9,0.9912698528264775,0.011479557407174872,0.9912698528264775,0.013385085871746383,67.1,0.9677600693701486,0.04240565794842407,0.9677600693701486,0.04502988465227665
37.6,0.9803834022335207,0.026113860373596764,0.9803834022335207,0.03866429033917424,1704.0,0.9480893462617661,0.06571383370436376,0.9480893462617661,0.03738753144739718,21.0,0.9813049481379559,0.023893505128265616,0.9813049481379559,0.02108958755060519,-6.2,0.9639730668633129,0.04789977429253303,0.9639730668633129,0.04657229239199409,8.64,0.979238414433687,0.027442172501921925,0.979238414433687,0.03927144737884447,30.0,0.8282324722191279,0.16569940943622083,0.8282324722191279,0.19026464776029994,26.7,0.9910470544034938,0.011755424251045752,0.9910470544034938,0.012292815644475576,71.8,0.966999431689327,0.04322762846575517,0.966999431689327,0.047497946749182486
18.4,0.9808041345192878,0.02561970463079043,0.9808041345192878,0.03681654583585643,1330.0,0.9466278851011992,0.06732457550786197,0.9466278851011992,0.03727312584622056,28.0,0.9795795146157534,0.025863388887523178,0.9795795146157534,0.024640874797451667,10.2,0.9642707421566952,0.04749806401094501,0.9642707421566952,0.045095162206427675,3.42,0.979238414433687,0.02744217250192228,0.979238414433687,0.0382173132611535,14.0,0.8291414258996355,0.16502494051252276,0.8291414258996355,0.187516368944249,20.4,0.9916458570392268,0.011054638056335987,0.9916458570392268,0.012303082100057375,73.7,0.9658356458221425,0.04450520311685218,0.9658356458221425,0.04814297286333828
34.1,0.9797582972964762,0.02673174677696422,0.9797582972964762,0.038338116652063665,790.0,0.9470893902733282,0.0669851846111787,0.9470893902733282,0.036332892000760855,65.0,0.9795795146157534,0.025863388887523178,0.9795795146157534,0.024640874797451667,-0.8,0.9629110984250205,0.04945850977778925,0.9629110984250205,0.04291467982864003,3.75,0.979238414433687,0.027442172501921925,0.979238414433687,0.039092281197706115,16.0,0.8317367744628603,0.16415738885862072,0.8317367744628603,0.18778975142434925,22.0,0.9918437909020105,0.01082446468158593,0.9918437909020105,0.01319803043767855,57.3,0.9663734850799806,0.04394675435036961,0.9663734850799806,0.046590994285439474
73.3,0.9799562311592601,0.02650755245937223,0.9799562311592601,0.03902400797382688,1630.0,0.9467792392285534,0.0672651989106874,0.9467792392285534,0.03748198604567413,20.0,0.97983434680243,0.025533196697689144,0.97983434680243,0.02224856396162224,2.3,0.9607245874816907,0.05272895625396211,0.9607245874816907,0.04245970811831089,17.95,0.977729149513993,0.029405647792241984,0.977729149513993,0.04403937985482109,21.0,0.8322892819429193,0.16362075480838073,0.8322892819429193,0.18649264475065414,32.5,0.9910366546503949,0.012133458540746565,0.9910366546503949,0.015657352507352576,64.7,0.9679559272346386,0.04170871709869624,0.9679559272346386,0.045047813580732635
17.3,0.9805813360963044,0.025889391408502712,0.9805813360963044,0.03660664994464478,1322.0,0.9500344809834289,0.06310657559349295,0.9500344809834289,0.03455688971802859,52.0,0.97983434680243,0.025533196697689144,0.97983434680243,0.02224856396162224,-0.8,0.9574099494315768,0.0580016973346193,0.9574099494315768,0.04298151121009846,3.53,0.9770535850415493,0.030224724157221914,0.9770535850415493,0.04708044073298394,13.0,0.829172577755589,0.16753782584536123,0.829172577755589,0.1897009587253283,19.2,0.9926190968050531,0.009783974400057955,0.9926190968050531,0.012483779958090474,65.5,0.9690607387796367,0.04004917145682406,0.9690607387796367,0.04382077177766261
78.4,0.9814349709187139,0.02487385846140085,0.9814349709187139,0.033750595726361764,1210.0,0.9511982668506133,0.061874431799858035,0.9511982668506133,0.03253974578844287,78.0,0.9786830366866383,0.02696108193203931,0.9786830366866383,0.02375275697360859,3.9,0.9564367096657505,0.05917753675728315,0.9564367096657505,0.04323653986862172,14.21,0.9775312156512094,0.029628721432064617,0.9775312156512094,0.04758263651526216,30.0,0.8267081224789162,0.1719235829699667,0.8267081224789162,0.18372433623800635,31.8,0.9933944027080954,0.008741845507420192,0.9933944027080954,0.011020456706619329,60.8,0.9694186935835387,0.039519328898142234,0.9694186935835387,0.04462412776671074
20.4,0.9820906010159983,0.023914520888207544,0.9820906010159983,0.03360003245105311,1723.0,0.9511982668506133,0.061874431799858035,0.9511982668506133,0.03241806961624501,70.0,0.977531726570846,0.028385537087738878,0.977531726570846,0.023357672639394103,3.1,0.9569892171458094,0.05846930039275744,0.9569892171458094,0.04341402190993313,13.71,0.9763979549442648,0.031174739561454116,0.9763979549442648,0.05033849887152895,35.0,0.8265598064792302,0.1720153073256707,0.8265598064792302,0.18545517004546874,31.0,0.9933944027080954,0.008741845507420192,0.9933944027080954,0.011020456706619329,76.1,0.9700227623722104,0.038443394460716665,0.9700227623722104,0.04210364954659783
84.7,0.9825682316256587,0.023312226261255144,0.9825682316256587,0.03246915286266555,1880.0,0.9473954074057589,0.06751496653231763,0.9473954074057589,0.036452859187327206,64.0,0.9781305292065791,0.02770468408814113,0.9781305292065791,0.022701480641955096,1.6,0.9576647816182533,0.0576878382448353,0.9576647816182533,0.04463612343697629,23.63,0.9758601156864268,0.031746524814464355,0.9758601156864268,0.049526294041060744,45.0,0.822948988048507,0.1736442070539445,0.822948988048507,0.1851354576345434,34.9,0.9933944027080954,0.008741845507420192,0.9933944027080954,0.011020456706619329,65.1,0.9708298986238262,0.037184449259990114,0.9708298986238262,0.04216032394729921
18.8,0.9843486076431004,0.020774722281523775,0.9843486076431004,0.0291965883571632,1675.0,0.9482025436573744,0.06631164100921093,0.9482025436573744,0.037350398079669604,57.0,0.9781305292065791,0.027704684088141845,0.9781305292065791,0.02317034094152221,2.3,0.9562033204576865,0.059329158897891,0.9562033204576865,0.0476467778603935,9.88,0.9764589183221597,0.031068957236904237,0.9764589183221597,0.04912180677305922,47.0,0.8204663985402225,0.17437390071358191,0.8204663985402225,0.1843193543023611,28.2,0.9936492348947724,0.008402417306100493,0.9936492348947724,0.010349484550740464,62.7,0.9721895423555008,0.03518957096734169,0.9721895423555008,0.037606176348478765
65.1,0.9843486076431004,0.020774722281523775,0.9843486076431004,0.0291965883571632,1590.0,0.9466561822361687,0.06783605252172582,0.9466561822361687,0.03898230206384669,53.0,0.9773698915257576,0.028547612667406796,0.9773698915257576,0.023247458760333954,-7.0,0.957218790325185,0.0582163718548782,0.957218790325185,0.048126096682480295,15.28,0.9772195560029813,0.030228819196572096,0.9772195560029813,0.04905112402371557,51.0,0.8204663985402225,0.17437390071358191,0.8204663985402225,0.1843193543023611,31.8,0.9943247993672161,0.007553897853954211,0.9943247993672161,0.009695984237579091,67.5,0.9733624683976445,0.033988023205164045,0.9733624683976445,0.03699189676513554
16.1,0.9839726034303511,0.021192738746655313,0.9839726034303511,0.029528004968546784,1931.0,0.9479568516456568,0.0665009187786681,0.9479568516456568,0.03912139484198309,19.0,0.9773698915257576,0.028547612667406796,0.9773698915257576,0.023247458760333954,0.0,0.9594873877373673,0.055343197546751155,0.9594873877373673,0.04375849090419165,4.97,0.9769967575799977,0.030496426652619688,0.9769967575799977,0.050294919014622956,58.0,0.8204663985402225,0.17437390071358191,0.8204663985402225,0.1843193543023611,23.1,0.9936492348947724,0.008402417306100128,0.9936492348947724,0.010899585386879714,74.5,0.9733624683976445,0.033988023205164045,0.9733624683976445,0.03699189676513554
17.3,0.9850774149753488,0.01948116684117499,0.9850774149753488,0.025836057380033913,1496.0,0.9494183128062235,0.0648863579082048,0.9494183128062235,0.038999153604968154,27.0,0.9773698915257576,0.028547612667406796,0.9773698915257576,0.023247458760333954,6.2,0.9593093173874014,0.055523444645919386,0.9593093173874014,0.04339220851992283,3.74,0.9772515897666745,0.030168348787105528,0.9772515897666745,0.048204133232045164,26.0,0.8234372094432476,0.17332107509073574,0.8234372094432476,0.1828918821260389,20.8,0.9928739289917299,0.009445082085384365,0.9928739289917299,0.012327202036347403,63.1,0.9739149758777034,0.033251763313702436,0.9739149758777034,0.03946697142640319
88.6,0.9846566826895817,0.01998019388558619,0.9846566826895817,0.026196101773207373,1325.0,0.9487762407593457,0.06540064601705346,0.9487762407593457,0.041009917780088626,54.0,0.9758606266060635,0.030505466867615894,0.9758606266060635,0.025399627087881817,-5.5,0.9600846232904441,0.054553747521111286,0.9600846232904441,0.04311966236549618,15.77,0.978384850473619,0.0286197503334448,0.978384850473619,0.0463430264995887,32.0,0.8248484144835349,0.17158544464552994,0.8248484144835349,0.18398917649745095,32.2,0.9926190968050531,0.009783974400057955,0.9926190968050531,0.012298116441544889,59.2,0.9719586763709309,0.035615358844384784,0.9719586763709309,0.043514781831844866
62.4,0.9836834429237558,0.02123042216001604,0.9836834429237558,0.02677896944533985,1675.0,0.9487762407593457,0.06540064601705346,0.9487762407593457,0.041009917780088626,52.0,0.9752618239703303,0.031182941438136068,0.9752618239703303,0.025278787121289455,-8.6,0.9620680667708299,0.050967824840108304,0.9620680667708299,0.04254003767212246,15.53,0.9798941153933131,0.02665368714649151,0.9798941153933131,0.042648861329228904,39.0,0.8248484144835349,0.17158544464552994,0.8248484144835349,0.1837916446789784,31.8,0.9930967274147134,0.009168178660755236,0.9930967274147134,0.011151184049399453,68.2,0.9714810457612708,0.036204854856600924,0.9714810457612708,0.04354678059867622
39.6,0.9842822455594886,0.020540713431789995,0.9842822455594886,0.02600618422616711,1989.0,0.9487762407593457,0.06540064601705346,0.9487762407593457,0.041009917780088626,31.0,0.9760224616511519,0.030343980821479044,0.9760224616511519,0.02504946337611446,0.0,0.9643366641830123,0.048061644285957016,0.9643366641830123,0.03970123042982315,11.17,0.9809989269383111,0.024955556286232392,0.9809989269383111,0.04041278092560764,41.0,0.8200972275630681,0.17442376211349625,0.8200972275630681,0.18834967006490122,29.4,0.9930967274147134,0.009168178660755599,0.9930967274147134,0.010960940198710955,71.4,0.9717662453032605,0.03594493355791696,0.9717662453032605,0.04281796041277562
54.1,0.9818767646050024,0.02369968979253977,0.9818767646050024,0.031210682120983074,2282.0,0.9476896306501726,0.0663119612800224,0.9476896306501726,0.04236488434050911,49.0,0.9760224616511519,0.030343980821479044,0.9760224616511519,0.02504946337611446,-1.6,0.9654879742988044,0.04668079356156116,0.9654879742988044,0.03820524256404853,18.75,0.9821502370541032,0.023521792625745247,0.9821502370541032,0.039447251732373206,48.0,0.8161183172347316,0.17630981784854677,0.8161183172347316,0.18854656987512303,32.9,0.9928739289917299,0.009445082085384365,0.9928739289917299,0.011481401671638762,71.4,0.9711411403662163,0.03655076743899143,0.9711411403662163,0.0435602751833679
59.2,0.9828500043708285,0.022454280212693085,0.9828500043708285,0.029128317152035774,2388.0,0.9458286424961435,0.06804990225347315,0.9458286424961435,0.04246412562421678,37.0,0.9757996632281686,0.03061121719784716,0.9757996632281686,0.026238322467951998,-4.7,0.9660867769345373,0.0460201017789988,0.9660867769345373,0.039457084432335726,20.97,0.9821502370541032,0.023521792625745247,0.9821502370541032,0.040280081082936396,50.0,0.81069401266816,0.1798589572701645,0.81069401266816,0.19466176708033545,33.3,0.9926958586417639,0.009640536860314452,0.9926958586417639,0.011863335007614493,71.0,0.9708434650728339,0.036958904593674236,0.9708434650728339,0.04543849324989997
36.1,0.9818767646050024,0.02369968979253977,0.9818767646050024,0.029950573702742306,2444.0,0.9432184163313279,0.07072723975370562,0.9432184163313279,0.04551106465243303,53.0,0.9762878846229092,0.030121281279333,0.9762878846229092,0.026622827891815942,3.1,0.9676851216374079,0.04422019977372987,0.9676851216374079,0.03747523878199749,13.24,0.9806409721344092,0.02549739122183739,0.9806409721344092,0.04409301730365239,49.0,0.810336057864258,0.18023480282911666,0.810336057864258,0.18778806418714977,30.6,0.9917226188759378,0.010911440987422187,0.9917226188759378,0.013531273588086208,75.3,0.9726238410902758,0.034477664478512283,0.9726238410902758,0.042309242262450725
18.0,0.980743503898058,0.02525973666900556,0.980743503898058,0.03093015561761734,1738.0,0.9420671062155358,0.07204425101132779,0.9420671062155358,0.04594004237501437,51.0,0.976287884622909,0.030121281279332994,0.976287884622909,0.02765990499669059,3.9,0.9688364317532,0.04282959211136843,0.9688364317532,0.03516244809012359,8.01,0.98008846465435,0.026243367376687827,0.98008846465435,0.04547819435214886,48.0,0.8088017958315858,0.18238187085521015,0.8088017958315858,0.1894106802493345,27.23618212807402,0.9907493791101116,0.012179832127381765,0.9907493791101116,0.014094693552102883,63.1,0.9731763485703349,0.03374227040201931,0.9731763485703349,0.04259228946315092
44.3,0.9810411791914402,0.024843658023156027,0.9810411791914402,0.03187397491204485,1349.0,0.9400072563405366,0.07407853604060197,0.9400072563405366,0.048057117777712266,21.0,0.9755125787198665,0.03112823509751735,0.9755125787198665,0.029431522288584325,0.0,0.9637329028988572,0.0529598896200937,0.9637329028988572,0.03951452331191164,8.02,0.9779681832418536,0.02911071771779989,0.9779681832418536,0.04946398742069602,46.0,0.8062851775802724,0.1842081682140583,0.8062851775802724,0.19333597975001376,25.1,0.9905265806871281,0.012455393905386308,0.9905265806871281,0.013608489641232612,67.8,0.9738319786676191,0.032797255520172694,0.9738319786676191,0.03928703228581782
20.4,0.9819516414754011,0.023553249890584167,0.9819516414754011,0.03072808084167344,1138.0,0.9407539610546553,0.0735057417639053,0.9407539610546553,0.04582350460297045,30.0,0.9739662172986606,0.032758543606940374,0.9739662172986606,0.03246272465232259,3.9,0.9650460480597377,0.0514298060322296,0.9650460480597377,0.03559113729163123,3.57,0.9779681832418536,0.02911071771779989,0.9779681832418536,0.048660961297922294,23.0,0.8053460513802395,0.18465038795497687,0.8053460513802395,0.19529211162839466,18.8,0.9907046510370939,0.01226087977135174,0.9907046510370939,0.012498666051446571,58.8,0.97327947118756,0.03353370728241678,0.97327947118756,0.03772044596728227
100.0,0.9808468299304032,0.02525466413453762,0.9808468299304032,0.032409095484296664,1671.0,0.9407539610546553,0.0735057417639053,0.9407539610546553,0.04582350460297045,73.0,0.9732055796178393,0.03359374987326837,0.9732055796178393,0.03347598642234159,0.0,0.9654667803455048,0.05095476804237657,0.9654667803455048,0.03486518000740921,28.68,0.9799266296092616,0.026406245209495693,0.9799266296092616,0.0438620168326608,44.0,0.8016915079350709,0.18867597146738224,0.8016915079350709,0.20365605553997904,39.2,0.9907046510370939,0.01226087977135174,0.9907046510370939,0.012123058973588504,56.1,0.9730154988259241,0.033763264591192596,0.9730154988259241,0.03737150929901873
59.6,0.9810696283533867,0.02498475699311309,0.9810696283533867,0.03223085160472928,2219.0,0.9387976615478827,0.07570035536618504,0.9387976615478827,0.04919763174563714,78.0,0.9735881551718606,0.03326822707806012,0.9735881551718606,0.03136303960175972,-0.8,0.965288709995539,0.05113707565690551,0.965288709995539,0.03694451357901375,6.66,0.9804791370893203,0.0256604888824002,0.9804791370893203,0.04377071277902523,48.0,0.8032007728547649,0.1873834397911547,0.8032007728547649,0.20301300912333933,23.5,0.9916778908029202,0.010992626536268481,0.9916778908029202,0.011865720838579025,67.8,0.9730154988259241,0.033763264591192596,0.9730154988259241,0.036907293277504076
96.5,0.9826679730562572,0.023120374642972476,0.9826679730562572,0.030715765497368833,1631.0,0.9411108335595431,0.07324198138432975,0.9411108335595431,0.048294019553572376,65.0,0.9733333229851837,0.03359420427506393,0.9733333229851837,0.032645152104223224,-3.1,0.971556024717066,0.03969164370341022,0.971556024717066,0.030787538859570043,11.256157120272407,0.9813895993732815,0.02437160425765122,0.9813895993732815,0.04089099408123116,51.0,0.8014064006479555,0.18768130615735487,0.8014064006479555,0.2012652202632701,35.3,0.9926511305687463,0.009721860314037425,0.9926511305687463,0.010633555693645288,61.6,0.9737676925823006,0.03304658127422346,0.9737676925823006,0.035367231686294194
17.3,0.9816947332904311,0.02436488539032583,0.9816947332904311,0.03279813046631613,1577.0,0.9404687615126653,0.07374529419417239,0.9404687615126653,0.05030478372869285,24.0,0.9742422766656914,0.03261940196970851,0.9742422766656914,0.03263338199353059,3.9,0.971810856903743,0.03936789304278667,0.971810856903743,0.029987449329511272,4.14,0.981729504768336,0.02401755571570894,0.981729504768336,0.040716452309781596,35.0,0.8024137539795749,0.1871810450495635,0.8024137539795749,0.1985774941827317,20.8,0.9922303982829792,0.010228989677467009,0.9922303982829792,0.010432063921558536,71.4,0.9726039067151163,0.03434600267062659,0.9726039067151163,0.03862826898454132
74.9,0.981095930654698,0.025050381455556315,0.981095930654698,0.034800781636977654,1260.0,0.9401288561176108,0.07406577030376998,0.9401288561176108,0.04933104954107849,43.0,0.9735495500668954,0.03324541175436762,0.9735495500668954,0.035049307201959416,6.2,0.971810856903743,0.03936789304278667,0.971810856903743,0.0303964501896013,14.88,0.98323876968803,0.02203740549901681,0.98323876968803,0.03731522699139494,48.0,0.8092794574155348,0.17854897459406788,0.8092794574155348,0.19677652484620428,31.8,0.9916778908029202,0.010992626536268845,0.9916778908029202,0.010767666565632725,63.9,0.9729618615190183,0.03381201662661931,0.9729618615190183,0.04031499850189117
43.1,0.9808410984680214,0.025381141393286035,0.9808410984680214,0.036516501967212886,1682.0,0.9392183938336498,0.07525034595842156,0.9392183938336498,0.04990263526228378,19.0,0.9748807446366234,0.03148455339135915,0.9748807446366234,0.03324402913990386,0.0,0.9712583494236838,0.04009900251134772,0.9712583494236838,0.031758928258843445,5.29,0.9839143341604739,0.021207258581527635,0.9839143341604739,0.037423708732493996,54.0,0.8078682523752474,0.18022844819808745,0.8078682523752474,0.19807534658010087,21.6,0.9921555214125806,0.010378005480480705,0.9921555214125806,0.011305088708602301,71.4,0.9721388227191903,0.03464078009196174,0.9721388227191903,0.04181811767060264
36.9,0.9810390323308049,0.025156414871158456,0.9810390323308049,0.03832905173172354,831.0,0.9418286199984656,0.07259856295532373,0.9418286199984656,0.047851153815509646,46.0,0.9748807446366234,0.03148455339135844,0.9748807446366234,0.033074223882021137,7.0,0.9715131816103606,0.03977546427850045,0.9715131816103606,0.03126277177154674,4.2,0.9852455287302021,0.019410429747937982,0.9852455287302021,0.03508351911456691,27.0,0.8078682523752474,0.18022844819808745,0.8078682523752474,0.19636737493501039,20.4,0.9921555214125806,0.010378005480480705,0.9921555214125806,0.012298358682064527,65.9,0.9724364980125725,0.0342313585028365,0.9724364980125725,0.04243443181676257
89.8,0.9818926671532148,0.024139749513353622,0.9818926671532148,0.03619248741600338,1482.0,0.9434110621531238,0.07046911698382241,0.9434110621531238,0.0484482921233601,70.0,0.9758539844024495,0.030256116307538168,0.9758539844024495,0.03285695803421669,0.8,0.9715131816103606,0.03977546427850045,0.9715131816103606,0.03126277177154674,21.43,0.985921093202646,0.018576726699694544,0.985921093202646,0.03473275313556284,41.0,0.812722032194586,0.17749185105845652,0.812722032194586,0.19118603861382624,34.9,0.9913018865901707,0.011417583401872804,0.9913018865901707,0.013377050828850781,61.6,0.9727341733059547,0.033821679761283946,0.9727341733059547,0.044418591265904625
76.9,0.9820906010159983,0.023914520888207544,0.9820906010159983,0.035363089843796464,2146.0,0.9414276186727378,0.0739402358109899,0.9414276186727378,0.05297957642196064,53.0,0.9756560505396661,0.03047856667266889,0.9756560505396661,0.03147241184801014,3.1,0.9715131816103606,0.03977546427850045,0.9715131816103606,0.03126277177154674,23.69,0.985921093202646,0.018576726699694544,0.985921093202646,0.03473275313556284,45.0,0.8161826242408116,0.17613917492348374,0.8161826242408116,0.19140578111056106,34.1,0.9917226188759378,0.010911440987422187,0.9917226188759378,0.01260418467846389,67.5,0.9709537972885128,0.036304416825216776,0.9709537972885128,0.04937208739029697
60.0,0.9797061562098849,0.027535582648456607,0.9797061562098849,0.04142641869996369,1519.0,0.9409499880630776,0.07449064389340912,0.9409499880630776,0.053638016803174836,75.0,0.9738756745222243,0.0329752471809088,0.9738756745222243,0.032530170746704765,-8.6,0.9715131816103606,0.03977546427850045,0.9715131816103606,0.03126277177154674,18.77,0.985921093202646,0.018576726699694544,0.985921093202646,0.03473275313556284,48.0,0.8161826242408116,0.17613917492348374,0.8161826242408116,0.19140578111056106,32.9,0.9919454172989212,0.010635192927465476,0.9919454172989212,0.011527871063904557,67.8,0.9704655758937722,0.036788400433733284,0.9704655758937722,0.04975660854365828
80.8,0.9799609883965618,0.027205780998339455,0.9799609883965618,0.042932095402079554,1676.0,0.9452466035551236,0.06854031002192178,0.9452466035551236,0.04728534447790291,31.0,0.9735177197183223,0.03351006585351223,0.9735177197183223,0.03369162010825427,-15.6,0.9732220619440303,0.03702675689739246,0.9732220619440303,0.03188367102092338,17.68,0.985921093202646,0.018576726699694544,0.985921093202646,0.03473275313556284,33.67243525896414,0.8161826242408116,0.17613917492348374,0.8161826242408116,0.19140578111056106,30.6,0.9917474834361376,0.010865428101148726,0.9917474834361376,0.012083177055468516,65.5,0.9695551136098113,0.03805076943386329,0.9695551136098113,0.05294413251177109
17.6,0.9806166184938461,0.026249493333277515,0.9806166184938461,0.041153431280554,1630.0,0.9473668849676201,0.0658614264412836,0.9473668849676201,0.04930713256581557,20.0,0.9737156535811059,0.03328874642013434,0.9737156535811059,0.03325850957310747,0.0,0.9732220619440303,0.03702675689739246,0.9732220619440303,0.033901433861999175,4.3,0.9845614494709712,0.0206241124450598,0.9845614494709712,0.03796971301641343,45.0,0.8177168862734835,0.1739545357337395,0.8177168862734835,0.19373894016970666,21.6,0.990893848613728,0.011904151220971111,0.990893848613728,0.013403096121573609,64.3,0.9695551136098113,0.03805076943386329,0.9695551136098113,0.05294413251177109
19.6,0.982199060648504,0.023947861542714922,0.982199060648504,0.037162619448375456,1246.0,0.9483823548351185,0.06476708311053599,0.9483823548351185,0.04754775533578363,52.0,0.9737156535811057,0.03328874642013326,0.9737156535811057,0.03550106410311042,10.2,0.9729672297573535,0.0373516207882037,0.9729672297573535,0.03537915524976001,3.52,0.9843386510479878,0.020896007559403806,0.9843386510479878,0.03719576903239307,18.0,0.8200582845577714,0.17083922763532014,0.8200582845577714,0.1867738918382419,19.2,0.9901332109329063,0.012770775250020369,0.9901332109329063,0.013845822231328377,59.2,0.9701076210898705,0.03731985418924019,0.9701076210898705,0.05101165710900847
48.04087253229344,0.9831723004143303,0.022702274064753628,0.9831723004143303,0.03457138062987518,902.0,0.9486675543771085,0.06452244089793223,0.9486675543771085,0.04481157142094926,59.0,0.9737156535811057,0.03328874642013326,0.9737156535811057,0.035921238367881685,1.6,0.972657078712579,0.03764991781952034,0.972657078712579,0.03491852687229631,14.75,0.985921093202646,0.01857672669969382,0.985921093202646,0.03421938812315251,25.0,0.8248443311377237,0.1679779399718791,0.8248443311377237,0.1816107507048928,31.8,0.9893725732520847,0.013636053727666231,0.9893725732520847,0.015463575035895905,64.7,0.9691343813240442,0.03853360719162774,0.9691343813240442,0.05294036370609734
100.0,0.9836499310239906,0.02209870186129856,0.9836499310239906,0.033629604283660304,1414.0,0.9495130726636392,0.06387084019575437,0.9495130726636392,0.04520933609990803,82.0,0.9734055025363313,0.033588585413143954,0.9734055025363313,0.03601015525868961,0.0,0.972657078712579,0.03764991781952034,0.972657078712579,0.03278426166243547,24.99,0.9861438916256294,0.018303855276209584,0.9861438916256294,0.034513054292231025,43.0,0.8280130759035321,0.16673568087490737,0.8280130759035321,0.18227248020450137,40.8,0.9883993334862584,0.014898705239911686,0.9883993334862584,0.017979297820291455,54.1,0.9710906808308168,0.036183173523570485,0.9710906808308168,0.050609535249906086
98.0,0.9830511283882575,0.022787002742710196,0.9830511283882575,0.03457077111668374,2288.0,0.9486900338638111,0.0646521619436863,0.9486900338638111,0.04806791196045453,45.0,0.974081067008775,0.032775056058068665,0.974081067008775,0.03401396974517048,-7.0,0.9749984769968668,0.03344444264710638,0.9749984769968668,0.03370031274977785,33.33,0.9848126970559011,0.020103866305058074,0.9848126970559011,0.03753019806226969,52.0,0.8280130759035321,0.16673568087490737,0.8280130759035321,0.18227248020450137,37.6,0.987624027583216,0.015930691631905542,0.987624027583216,0.02029351705242099,65.1,0.9729100967952854,0.03394479651901579,0.9729100967952854,0.049142695462355536
69.4,0.983539349782998,0.022289315237831304,0.983539349782998,0.03484425530653625,1777.0,0.9482124032541507,0.06521207108253513,0.9482124032541507,0.04794480188861075,67.0,0.9759251037233633,0.030732536464460686,0.9759251037233633,0.03247521598581077,-3.9,0.973040030629459,0.0361206167666163,0.973040030629459,0.03837809438929444,17.28,0.9846346267059354,0.020295778975030397,0.9846346267059354,0.0385048199860646,57.0,0.8243667005280634,0.16839574967126758,0.8243667005280634,0.18180037340222513,32.5,0.9873691953965392,0.016266092405697572,0.9873691953965392,0.019523780546938364,67.5,0.9713117520924148,0.035772101318347814,0.9713117520924148,0.05406765473454394
80.0,0.9830511283882575,0.022787002742710196,0.9830511283882575,0.03532426609682957,1948.0,0.9509367534553188,0.06147722907655294,0.9509367534553188,0.046071897521669194,65.0,0.9759251037233633,0.030732536464460686,0.9759251037233633,0.03247521598581077,-5.5,0.9733799360245134,0.03577382781882373,0.9733799360245134,0.03763886704350397,23.57,0.9846346267059354,0.020295778975030397,0.9846346267059354,0.03788974779121527,61.0,0.8217009353606077,0.16923796149655843,0.8217009353606077,0.18256400226306613,34.5,0.9877899276823063,0.015764061644167892,0.9877899276823063,0.019574855439005293,66.7,0.9705046158407992,0.037032876212722506,0.9705046158407992,0.05532518599257436
54.1,0.9830511283882575,0.022787002742710196,0.9830511283882575,0.03514432898902344,1939.0,0.9526078534201012,0.05946847897006404,0.9526078534201012,0.0468256868579348,49.0,0.9761799359100398,0.030404897479266484,0.9761799359100398,0.03166395305107077,5.5,0.9738006683102806,0.035287536677437885,0.9738006683102806,0.035464742529751334,15.7,0.9846346267059354,0.020295778975030397,0.9846346267059354,0.0385048199860646,60.0,0.8221785659702677,0.1688226234924046,0.8221785659702677,0.1754873698064016,31.8,0.9873691953965392,0.016266092405697572,0.9873691953965392,0.020814565627318742,69.8,0.9693316897986555,0.038226970971316554,0.9693316897986555,0.05839208441177703
58.4,0.9839615906722184,0.021491954157738167,0.9839615906722184,0.03142240083158434,2012.0,0.9522498986161992,0.05998112324302274,0.9522498986161992,0.04765376336758777,48.0,0.974399559892598,0.03290311517449155,0.974399559892598,0.03209571148849889,0.8,0.9749339290172251,0.033750605209064054,0.9749339290172251,0.03275238530516318,17.31,0.9846346267059354,0.020295778975030397,0.9846346267059354,0.038504819986064594,64.0,0.8238496659350505,0.16733508768037833,0.8238496659350505,0.175054792428834,32.2,0.9880447598689831,0.015428384896589735,0.9880447598689831,0.019842185196846232,69.0,0.9697787243857342,0.03780912412374988,0.9697787243857342,0.057097444247959116
56.9,0.9837067584855418,0.021824639997722328,0.9837067584855418,0.0332004551066676,2128.0,0.9505244650939968,0.06182466169516458,0.9505244650939968,0.05196885774007394,40.0,0.9718370447365189,0.03665916476429936,0.9718370447365189,0.03644039746029446,0.0,0.9743814215371661,0.03448739260864689,0.9743814215371661,0.031091053265160373,16.85,0.9846346267059354,0.020295778975030397,0.9846346267059354,0.03869335361829191,65.0,0.8235097605399959,0.1675701175467213,0.8235097605399959,0.17728680274592423,31.8,0.9871342975850219,0.01673456478657118,0.9871342975850219,0.022307383856224886,69.8,0.9689079274369722,0.038613706809121795,0.9689079274369722,0.058392563202917816
19.2,0.9823755639158136,0.023615309668483714,0.9823755639158136,0.03543915736914466,1187.0,0.949211319933116,0.0633152058444272,0.949211319933116,0.05466296591945617,28.0,0.9701659447717361,0.038751929349525906,0.9701659447717361,0.038889406098693804,10.9,0.9737257914398817,0.0354318287120778,0.9737257914398817,0.033358695344709054,3.55,0.9826761803385277,0.023025931142510014,0.9826761803385277,0.0450132867183472,19.0,0.8241518325868739,0.16721591589535614,0.8241518325868739,0.17494351423864862,18.4,0.9861610578191958,0.017991241278100124,0.9861610578191958,0.0245302894228212,60.8,0.9689079274369722,0.038613706809121795,0.9689079274369722,0.058392563202917816
60.8,0.9820778886224312,0.024032347129396708,0.9820778886224312,0.033837769648700236,1403.0,0.9510553566477044,0.06138727356626835,0.9510553566477044,0.05103121022183347,57.0,0.9717483869263943,0.03649608688396057,0.9717483869263943,0.03630446978009767,-1.6,0.9750854351715563,0.03342825097103039,0.9750854351715563,0.031145222684396415,14.21,0.9819155426577061,0.02387660153552414,0.9819155426577061,0.04588563805661416,33.0,0.8256610975065677,0.16582832792130925,0.8256610975065677,0.17222379572075458,31.8,0.986161057819196,0.017991241278100128,0.986161057819196,0.023527163647426335,67.8,0.9703693885975389,0.036916973696193435,0.9703693885975389,0.055656935548616365
70.2,0.9824986209081984,0.023536407218948417,0.9824986209081984,0.03213072637413848,1655.0,0.951908991470114,0.060435531838122954,0.951908991470114,0.05123370799575617,38.0,0.973457267260064,0.033740914370097026,0.973457267260064,0.0328968555841464,-3.1,0.9764450789032312,0.03141894774254618,0.9764450789032312,0.031457541679588835,17.01,0.980406277738012,0.025851164663068152,0.980406277738012,0.04993798108991881,36.0,0.8256610975065677,0.16582832792130925,0.8256610975065677,0.17222379572075458,32.5,0.9846517928995018,0.01998367911871468,0.9846517928995018,0.025002793041701242,63.8636053593179,0.9711446945005816,0.035920211164879146,0.9711446945005816,0.05475598637431156
54.5,0.984207501241868,0.020726856299438354,0.984207501241868,0.02869710321224729,1797.0,0.9489431917710871,0.06379325825705247,0.9489431917710871,0.05568647974402432,21.0,0.9746301933022076,0.032535945608876314,0.9746301933022076,0.0312603148860449,0.0,0.9760871240993292,0.03195581236724905,0.9760871240993292,0.031190691194414474,10.69,0.9782859963255157,0.028720331868618693,0.9782859963255157,0.05647670286285631,25.0,0.826676567374066,0.16501683523266114,0.826676567374066,0.17319855059715167,28.2,0.9830693507448436,0.022297631267115873,0.9830693507448436,0.029162536108424075,67.5,0.9731031408679891,0.033249118425764675,0.9731031408679891,0.04963154129731324
20.8,0.984207501241868,0.020726856299438354,0.984207501241868,0.02785003825859597,1067.0,0.9474817306105202,0.06540859330677226,0.9474817306105202,0.0580905372328836,77.0,0.9763012932669902,0.030422297375025383,0.9763012932669902,0.029765163014012438,-1.6,0.9772384342151212,0.030537769825895105,0.9772384342151212,0.02783233274778374,2.95,0.9785087947484993,0.028451948525539873,0.9785087947484993,0.0554133838746358,23.0,0.825345372804338,0.166280358028601,0.825345372804338,0.17571918716472346,18.4,0.9825917201351834,0.02290073772587835,0.9825917201351834,0.028748907530109117,58.0,0.97255063338793,0.0339847342686642,0.97255063338793,0.05006209357100619
83.5,0.984207501241868,0.020726856299438354,0.984207501241868,0.02840860830491277,1289.0,0.9477365627971972,0.06510030198831523,0.9477365627971972,0.05658548070323073,50.0,0.9765561254536669,0.03009444496526027,0.9765561254536669,0.027746117109394057,-0.8,0.9778372368508543,0.029858450192496357,0.9778372368508543,0.02674613302958009,15.86,0.9800180596681933,0.02648536666009319,0.9800180596681933,0.051806303105084474,33.0,0.82424056125934,0.1675098023911338,0.82424056125934,0.17558815703023262,32.2,0.9822940448418012,0.02331808660522372,0.9822940448418012,0.02779350488487777,60.4,0.97255063338793,0.0339847342686642,0.97255063338793,0.05025233742169468
51.0,0.985716766161562,0.018736483381319922,0.985716766161562,0.02581249911814898,1741.0,0.9463769190655223,0.06699951389938455,0.9463769190655223,0.05926020324411585,24.0,0.9762584501602846,0.030506951188038107,0.9762584501602846,0.02752849788236423,-3.9,0.9796566528153228,0.027591845423873294,0.9796566528153228,0.026069054651232083,12.8,0.9813312048290741,0.024891572344371043,0.9813312048290741,0.04830906932062251,39.0,0.8224211452948713,0.16908949651730731,0.8224211452948713,0.17772208804600284,30.2,0.9825168432647846,0.023047325155423088,0.9825168432647846,0.027178842188949608,69.8,0.9717434971363145,0.03524867776211846,0.9717434971363145,0.05144406163512975
18.8,0.98456545604577,0.020181248863510994,0.98456545604577,0.027755732958882146,1891.0,0.9433175114529929,0.07037273555666801,0.9433175114529929,0.060035147228453406,20.0,0.975349496479777,0.031485865416278104,0.975349496479777,0.02662181619592051,0.0,0.980567115099284,0.026305875906667987,0.980567115099284,0.023688568938667946,5.28,0.980973250025172,0.025433620381745268,0.980973250025172,0.04820054053155905,38.0,0.823330098975379,0.16842606114200284,0.823330098975379,0.17094408632444055,23.1,0.9817415373617422,0.024066595156789165,0.9817415373617422,0.027162525848891086,63.1,0.9727589670038128,0.03409063039022681,0.9727589670038128,0.04819700352055799
20.4,0.9832647866362817,0.02163612649841136,0.9832647866362817,0.030372028242646183,879.0,0.9422716742301813,0.07139048212181813,0.9422716742301813,0.060104178171253395,32.0,0.9769319386344352,0.029205527897660392,0.9769319386344352,0.024855723559927705,12.5,0.980567115099284,0.026305875906669062,0.980567115099284,0.024202426892562145,3.83,0.9805525177394049,0.025927944966674728,0.9805525177394049,0.047838588712207114,12.0,0.8276669641076173,0.16607726137605278,0.8276669641076173,0.16857272325008987,20.4,0.9814313863169675,0.024371993933684607,0.9814313863169675,0.02702270674849593,67.8,0.9742682319235066,0.032144852039333226,0.9742682319235066,0.04422181222794686
60.8,0.983066852773498,0.02186209462710552,0.983066852773498,0.032374976082515765,1552.0,0.9439714381110359,0.06991450147790314,0.9439714381110359,0.058488426468843877,51.0,0.9769319386344352,0.029205527897660392,0.9769319386344352,0.024855723559927705,-3.9,0.980567115099284,0.02630587590666834,0.980567115099284,0.025078841245082438,14.29,0.9811513203751377,0.02524338120075924,0.9811513203751377,0.04688611456907881,18.0,0.8304597046606765,0.16510399724229324,0.8304597046606765,0.16788574075320645,31.8,0.9807452310594434,0.025092292564101844,0.9807452310594434,0.02786952024797891,52.5,0.9744661657862904,0.03192307416040786,0.9744661657862904,0.043946963898589916
20.4,0.9815575878538042,0.023842155395778473,0.9815575878538042,0.03589141792467504,1961.0,0.9447467440140785,0.06897356150757453,0.9447467440140785,0.05980942401990591,21.0,0.9773526709202023,0.028714521604842683,0.9773526709202023,0.02595981711613628,-1.6,0.9812227451965682,0.025348372953478544,0.9812227451965682,0.024743569887128513,11.16,0.98004650883014,0.026941460789953162,0.98004650883014,0.04873305703563985,15.0,0.8351753346363975,0.16215451081970458,0.8351753346363975,0.1681915235350287,29.0,0.979162788904785,0.027388551085109958,0.979162788904785,0.030923712386005893,63.1,0.9749437963959507,0.03132955976944125,0.9749437963959507,0.044140999227347405
20.4,0.9811996330499022,0.024384715414879413,0.9811996330499022,0.03814601817533127,1257.0,0.9447467440140788,0.06897356150757454,0.9447467440140788,0.06026633636448451,26.0,0.9779051784002615,0.02797210622906613,0.9779051784002615,0.024295312315446054,4.7,0.9800894844896237,0.026905438880143205,0.9800894844896237,0.02680399229231665,3.95,0.98004650883014,0.026941460789953162,0.98004650883014,0.04816032103940379,19.0,0.8394055004679639,0.15972417076995513,0.8394055004679639,0.16705764151589722,22.4,0.979162788904785,0.02738855108510924,0.979162788904785,0.031081014333715212,57.6,0.9751986285826274,0.03100242233915533,0.9751986285826274,0.044500998476455125
35.3,0.98090195775652,0.02480100295327924,0.98090195775652,0.03720661821191197,1733.0,0.9441426752254068,0.07000065708637054,0.9441426752254068,0.06277783496603034,33.0,0.9792058478097496,0.026533888278717884,0.9792058478097496,0.02261526969077557,0.0,0.9794033292320997,0.02762293166943457,0.9794033292320997,0.027913258495967236,10.53,0.9795582874353994,0.027434983716599814,0.9795582874353994,0.04899157616404692,25.0,0.8382417146007795,0.16065667213988816,0.8382417146007795,0.16765563787841326,29.4,0.979162788904785,0.02738855108510924,0.979162788904785,0.030403260870504947,74.1,0.9735410866682513,0.03271830918805429,0.9735410866682513,0.04686416166244981
19.6,0.9810998916193034,0.02457614478984376,0.9810998916193034,0.035383607479848526,1203.0,0.9458681087476096,0.06818592610760998,0.9458681087476096,0.06068087239901115,33.0,0.9779051784002615,0.02797210622906613,0.9779051784002615,0.02308161238378608,11.7,0.9791805308091159,0.02789176084794303,0.9791805308091159,0.028399659931921055,3.83,0.9789594847996663,0.0281170455134868,0.9789594847996663,0.051043699718392614,14.0,0.8345871711556112,0.16501930883484575,0.8345871711556112,0.1710190280703786,20.0,0.979162788904785,0.027388551085109958,0.979162788904785,0.029793835127442672,69.4,0.9731650824555018,0.033126946197787756,0.9731650824555018,0.04600726233038136
0.0,0.9813226900422871,0.024306010982649562,0.9813226900422871,0.036398678400131695,0.0,0.9451159149912332,0.06885263056408261,0.9451159149912332,0.06142152971336053,100.0,0.9769550507811011,0.02891903572508281,0.9769550507811011,0.024526823595407955,0.0,0.978628023329057,0.02863523154745263,0.978628023329057,0.030382525285501165,0.0,0.9793354890124158,0.027703900174941263,0.9793354890124158,0.048889883560890406,0.0,0.8348973222003857,0.16481436498904892,0.8348973222003857,0.16902620899188692,29.4,0.9807452310594432,0.025092292564101837,0.9807452310594432,0.02678921892821154,63.1,0.9742698940004997,0.03144822631018366,0.9742698940004997,0.04191349624345587
47.5,0.9810998916193034,0.02457614478984448,0.9810998916193034,0.03694307156825161,873.0,0.9458681087476096,0.06818592610760929,0.9458681087476096,0.05850043865712874,39.0,0.9764774201714409,0.029515016878253003,0.9764774201714409,0.023680607421636777,3.9,0.9772683795973823,0.030653096093894428,0.9772683795973823,0.03291908376307317,5.79,0.9801107949154584,0.026690098990747552,0.9801107949154584,0.0484199022940258,4.0,0.8374193493729472,0.1639399352814256,0.8374193493729472,0.16845767880042622,23.9,0.981520536962486,0.024074905560139543,0.981520536962486,0.02720393493351912,54.1,0.9725610136668302,0.034209823180258864,0.9725610136668302,0.044044615612325644
43.9,0.9819229304191315,0.0237307671909199,0.9819229304191315,0.035555072191299886,747.0,0.9464206162276688,0.06749153276038874,0.9464206162276688,0.062012652455484915,39.0,0.9760282387237273,0.0302509360198284,0.9760282387237273,0.023229134345650774,-4.7,0.9778208870774415,0.029911843501032126,0.9778208870774415,0.034278800203621014,4.54,0.981019748595966,0.025701677273625784,0.981019748595966,0.04612670707442197,11.0,0.8371965509499636,0.16413153925712304,0.8371965509499636,0.17470409875674817,21.6,0.9809217343267529,0.024760451547143143,0.9809217343267529,0.028309680908891025,58.0,0.9725610136668302,0.03420982318025958,0.9725610136668302,0.045480184160355375
76.5,0.9826982363221741,0.02271103682840174,0.9826982363221741,0.03359192122642159,993.0,0.9464206162276688,0.06749153276038874,0.9464206162276688,0.062012652455484915,98.0,0.9757305634303449,0.030663161541037008,0.9757305634303449,0.02328076716716085,0.0,0.9781310381222159,0.029609381799763686,0.9781310381222159,0.034533573129920024,11.63,0.9814404808817331,0.02520700960796052,0.9814404808817331,0.04508096088468388,20.0,0.828555525055561,0.17371634055176796,0.828555525055561,0.1663221016529346,30.6,0.9793233896238823,0.02661870914489315,0.9793233896238823,0.031464149528120926,56.1,0.9739637233945295,0.032824715900249934,0.9739637233945295,0.04390323752430059
61.2,0.9820226718497302,0.023539087181900273,0.9820226718497302,0.034665595804354216,1045.0,0.9464206162276688,0.06749153276038874,0.9464206162276688,0.062012652455484915,48.0,0.9755326295675614,0.030885499641495163,0.9755326295675614,0.022799265474024014,-2.3,0.9777103058364488,0.030100414071137255,0.9777103058364488,0.0360827283105014,9.18,0.9812176824587497,0.025476972635082164,0.9812176824587497,0.04600114177238555,22.0,0.8254586199309389,0.1749286032649219,0.8254586199309389,0.16556088747094388,27.8,0.9789026573381152,0.027111656124502392,0.9789026573381152,0.03330389743544853,60.0,0.9736068508896417,0.03311440342017473,0.9736068508896417,0.04473265340557894
83.1,0.9820226718497302,0.023539087181900273,0.9820226718497302,0.034049553474431865,1143.0,0.9464206162276688,0.06749153276038874,0.9464206162276688,0.062012652455484915,75.0,0.976994090728128,0.029164812047930838,0.976994090728128,0.021063583192528847,-5.5,0.9775484707913603,0.030262237127060894,0.9775484707913603,0.03601349606096847,13.93,0.9814156163215332,0.025252175248363953,0.9814156163215332,0.046342477059084994,23.0,0.8228632713677143,0.17574794535722188,0.8228632713677143,0.16642311998973225,32.2,0.9803641184986817,0.025379080131235368,0.9803641184986817,0.03213648014317375,58.4,0.9722937057287611,0.03468401841975682,0.9722937057287611,0.045465965279309614
45.5,0.9820226718497302,0.023539087181900273,0.9820226718497302,0.0324184043075917,1173.0,0.9457666895696256,0.06795288179955045,0.9457666895696256,0.06164627313752796,82.0,0.9779030444086356,0.028181990519486125,0.9779030444086356,0.019924878070957094,6.2,0.9779692030771274,0.029771360033991227,0.9779692030771274,0.03473391488633513,1.98,0.9829980584761916,0.022946994101998523,0.9829980584761916,0.04216962196405533,17.0,0.8227014363226257,0.17585376333222139,0.8227014363226257,0.16639501498029055,17.3,0.9816772636595625,0.023783216923183272,0.9816772636595625,0.029942357047306238,52.9,0.97284621320882,0.03394900436963893,0.97284621320882,0.04461796426476227
95.7,0.9831559325566748,0.021974946223759294,0.9831559325566748,0.029927328717149367,1608.0,0.9451509282226608,0.0683668945932486,0.9451509282226608,0.061448784078120176,84.0,0.9772103178098397,0.02881367165446514,0.9772103178098397,0.019604323296614944,-6.2,0.97964030304191,0.02764537776465163,0.97964030304191,0.03155090881425599,22.64,0.9843577022078662,0.02090615830692455,0.9843577022078662,0.039141235604259667,28.0,0.8263559797677943,0.17162179953893078,0.8263559797677943,0.16295781042727112,35.7,0.9836335631663349,0.021371031085009734,0.9836335631663349,0.026710309663518686,58.8,0.9733840524666582,0.033380309936442976,0.9733840524666582,0.04457324946656212
100.0,0.9838314970291187,0.02114482882987069,0.9838314970291187,0.02809067429229218,2645.0,0.9430227228769538,0.07025414846564015,0.9430227228769538,0.06255607135720688,66.0,0.9776310500956068,0.028322349631347013,0.9776310500956068,0.01976156094263429,3.1,0.9796403030419102,0.027645377764652354,0.9796403030419102,0.031057353751167388,40.81,0.9843577022078662,0.02090615830692455,0.9843577022078662,0.039141235604259667,31.0,0.8254470260872866,0.1722855256730276,0.8254470260872866,0.163569177671564,39.2,0.9836335631663349,0.021371031085009734,0.9836335631663349,0.026710309663518686,65.1,0.9725610136668302,0.034209823180260286,0.9725610136668302,0.045120336322546424
85.5,0.9856118730465605,0.018600037693500625,0.9856118730465605,0.024177788972554785,1570.0,0.9413138425432842,0.07285309728656962,0.9413138425432842,0.06903687046464076,70.0,0.9776310500956068,0.02832234963134666,0.9776310500956068,0.020069842419215358,-6.2,0.9794622326919443,0.027834873178386697,0.9794622326919443,0.030279086784123586,19.49,0.9843577022078662,0.02090615830692455,0.9843577022078662,0.039141235604259667,36.0,0.8254470260872866,0.1722855256730276,0.8254470260872866,0.163569177671564,33.7,0.9836335631663349,0.021371031085009734,0.9836335631663349,0.026710309663518686,63.1,0.9735764835343285,0.033049655966337244,0.9735764835343285,0.04322762070732543
88.6,0.9870733342071272,0.01684243112251823,0.9870733342071272,0.02109463645935986,1871.0,0.9413138425432842,0.0728530972865686,0.9413138425432842,0.07027497682088371,74.0,0.9781688893534449,0.027747580083102626,0.9781688893534449,0.020507093514354334,-0.8,0.9786869267889016,0.028847068852718604,0.9786869267889016,0.029570792174494084,24.66,0.9843577022078662,0.02090615830692455,0.9843577022078662,0.039141235604259667,45.0,0.8254470260872866,0.1722855256730276,0.8254470260872866,0.163569177671564,35.3,0.9839312384597174,0.0209525047645914,0.9839312384597174,0.026587013226471057,64.3,0.9755317007420868,0.030922465474101993,0.9755317007420868,0.03838945373895693
89.0,0.9870733342071272,0.01684243112251823,0.9870733342071272,0.020306207624288357,2404.0,0.9423596797660958,0.07183817023481243,0.9423596797660958,0.06893038534993491,32.0,0.9785448935661943,0.027334643692976477,0.9785448935661943,0.020066120278722267,3.1,0.979026832183956,0.028495595907482105,0.979026832183956,0.029119107771063253,6.83,0.9839369699220991,0.021404199366317402,0.9839369699220991,0.03967662966317119,49.0,0.8254470260872866,0.1722855256730276,0.8254470260872866,0.163569177671564,25.5,0.9837084400367337,0.021224145463872263,0.9837084400367337,0.02648380933599014,66.3,0.9768323701515751,0.029491847982636314,0.9768323701515751,0.03723207165487226
18.4,0.9874493384198767,0.016421389786409227,0.9874493384198767,0.01848544139311489,1609.0,0.9432686334466033,0.07093327616819672,0.9432686334466033,0.06892884769057676,20.0,0.9787428274289781,0.027110862311488584,0.9787428274289781,0.020408624786273387,0.0,0.9786869267889016,0.028847068852718604,0.9786869267889016,0.029086488106349465,4.32,0.984535772557832,0.02071441208421594,0.984535772557832,0.036748236786051915,40.0,0.8264624959547849,0.17148229251332334,0.8264624959547849,0.1634986474669564,22.0,0.9841291723225009,0.02072614727240955,0.9841291723225009,0.023798363251870326,63.1,0.9763547395419149,0.030087470625734906,0.9763547395419149,0.03856872844254658
22.7,0.988464808287375,0.01522410282797066,0.988464808287375,0.01663237225631067,943.0,0.9432686334466033,0.07093327616819672,0.9432686334466033,0.06892884769057676,43.0,0.9808631088414744,0.024236813482812918,0.9808631088414744,0.01772239846368084,12.5,0.979026832183956,0.028495595907482105,0.979026832183956,0.027999315144350417,3.16,0.9850736118156702,0.020131209958365304,0.9850736118156702,0.03482927058120988,25.0,0.8264624959547849,0.17148229251332334,0.8264624959547849,0.1634986474669564,21.6,0.9841291723225009,0.02072614727240955,0.9841291723225009,0.023798363251870326,59.6,0.9763547395419149,0.030087470625734906,0.9763547395419149,0.03856872844254658
96.5,0.988464808287375,0.01522410282797066,0.988464808287375,0.01663237225631067,1201.0,0.9432686334466033,0.07093327616819672,0.9432686334466033,0.06892884769057676,85.0,0.9810859072644578,0.023966670472449686,0.9810859072644578,0.017208029549730122,0.0,0.979026832183956,0.028495595907482105,0.979026832183956,0.028193087377131096,18.13,0.9837139680839956,0.022174643713925364,0.9837139680839956,0.038363052315915566,22.0,0.8256585888628185,0.17194211642772056,0.8256585888628185,0.16593543621803403,34.5,0.9828285029130127,0.02217963555357435,0.9828285029130127,0.026745203924648884,56.5,0.9763547395419149,0.030087470625734906,0.9763547395419149,0.03856872844254658
26.7,0.9863445268748787,0.018140616130895886,0.9863445268748787,0.02015003429612092,1194.0,0.9432686334466033,0.07093327616819672,0.9432686334466033,0.06892884769057676,65.0,0.9819567042132198,0.0231381172068473,0.9819567042132198,0.016041706105230244,-2.3,0.9780113623164577,0.02966737350921125,0.9780113623164577,0.03111982748475896,1.97,0.9848472287909401,0.020606146703858814,0.9848472287909401,0.03466001722411369,16.0,0.8227916027362036,0.17435765455906602,0.8227916027362036,0.16745455214911142,18.8,0.9828285029130127,0.02217963555357435,0.9828285029130127,0.026745203924648884,59.6,0.9755794336388723,0.031094523579309086,0.9755794336388723,0.04062745282113618
98.4,0.9865673252978623,0.017867525426336683,0.9865673252978623,0.01917628778732434,1615.0,0.9432686334466033,0.07093327616819743,0.9432686334466033,0.06959639065962432,21.0,0.9833844624420401,0.021576806923826228,0.9833844624420401,0.015406961669210278,4.7,0.9788649971388675,0.02865791559030109,0.9788649971388675,0.031127771285007287,23.83,0.9855028588882243,0.019640519530971685,0.9855028588882243,0.03321827388727447,25.0,0.823844852972589,0.173013504154175,0.823844852972589,0.16722148023372044,35.7,0.9828285029130127,0.02217963555357435,0.9828285029130127,0.028066617536302442,61.6,0.9739810889360017,0.032931825733158865,0.9739810889360017,0.04165483552960378
30.2,0.9874777875818233,0.016563158354794775,0.9874777875818233,0.016931354634332728,894.0,0.9454551443899332,0.06776871156345403,0.9454551443899332,0.06672257037679663,44.0,0.9830445570469857,0.021932324171155003,0.9830445570469857,0.016726512317636118,7.8,0.979204902533922,0.02830630939013258,0.979204902533922,0.03018253181848785,3.92,0.9835391463678778,0.02278813073619408,0.9835391463678778,0.03945754248309389,16.0,0.823844852972589,0.17301350415417527,0.823844852972589,0.170647089894024,19.2,0.9817236913680146,0.023884162267952067,0.9817236913680146,0.030305584190599276,63.5,0.97582512565059,0.030889824921362146,0.97582512565059,0.039296188939875513
49.8,0.9874777875818233,0.016563158354794775,0.9874777875818233,0.017318819264328697,1441.0,0.9469166055505,0.06616090619933522,0.9469166055505,0.06565095077162138,20.0,0.9833422323403681,0.02151422610277244,0.9833422323403681,0.01621887413679073,6.2,0.9786060998981889,0.028987580037411687,0.9786060998981889,0.03127139793176321,10.47,0.9821279413275905,0.02517568430564693,0.9821279413275905,0.04406388881630161,20.0,0.8278435702819338,0.1664159447562087,0.8278435702819338,0.18375885707350145,29.4,0.982021366661397,0.02346723549301216,0.982021366661397,0.030555478771997237,65.1,0.9771257950600782,0.029458709407150944,0.9771257950600782,0.03762593935748693
44.7,0.9874777875818233,0.016563158354794775,0.9874777875818233,0.018150438947071527,865.0,0.9479320754179983,0.06506747069729574,0.9479320754179983,0.0638828025424122,35.0,0.982984277536466,0.022058651955110368,0.982984277536466,0.01650351845591437,-0.8,0.9769349999334064,0.031108922382749423,0.9769349999334064,0.03514761881595193,4.74,0.9815754338475317,0.02592301676458973,0.9815754338475317,0.044943621705008686,16.0,0.8289483818269318,0.1651777160893153,0.8289483818269318,0.18361526035301196,21.2,0.9811109043774361,0.024757818187585743,0.9811109043774361,0.03355409050003479,64.3,0.9773485934830618,0.029190828163890577,0.9773485934830618,0.035211230831441946
40.0,0.9861465930120952,0.01836802087231379,0.9861465930120952,0.021681414411459914,797.0,0.941400788334835,0.07626195095618626,0.941400788334835,0.08431198177147521,32.0,0.9820738152525049,0.02335184861995294,0.9820738152525049,0.018721743633837787,-2.3,0.9794975150894856,0.027317653033020913,0.9794975150894856,0.03298841151024565,4.39,0.9819961661332988,0.025428151412799326,0.9819961661332988,0.04354351147939098,2.0,0.8304098429874985,0.1639670789495045,0.8304098429874985,0.18009426479490437,20.8,0.9783865541762681,0.028724494915814282,0.9783865541762681,0.03777979982360123,53.7,0.9773485934830618,0.029190828163890577,0.9773485934830618,0.034974583993250395
38.8,0.9871198327779213,0.017111735164147858,0.9871198327779213,0.020174035368750037,796.0,0.9386764381336671,0.07991289113158906,0.9386764381336671,0.09056250872748807,33.0,0.9817761399591227,0.023768833403935607,0.9817761399591227,0.017814370012201448,-4.7,0.9803046513411015,0.026036631674944983,0.9803046513411015,0.03437051437373766,4.13,0.9815754338475317,0.02592301676458973,0.9815754338475317,0.0435726483300078,0.0,0.8285488548334694,0.16523613356455286,0.8285488548334694,0.1810465568233026,20.4,0.9756622039751001,0.032668698095349835,0.9756622039751001,0.043064340895171,58.0,0.9773485934830618,0.029190828163890577,0.9773485934830618,0.034534052980476314
43.1,0.9871198327779213,0.017111735164147858,0.9871198327779213,0.020174035368750037,827.0,0.9379011322306245,0.08083801484220128,0.9379011322306245,0.09303378115375864,35.0,0.9817761399591227,0.023768833403935607,0.9817761399591227,0.017814370012201448,-8.6,0.981437912048046,0.02447820629118643,0.981437912048046,0.03418455154257879,4.55,0.9815754338475317,0.02592301676458973,0.9815754338475317,0.044113972846865364,13.0,0.8292244193059133,0.16465846717848548,0.8292244193059133,0.18220129719024675,21.2,0.9739367704528973,0.03461123090254565,0.9739367704528973,0.04612698962639518,52.9,0.9766730290106177,0.03000971816691502,0.9766730290106177,0.03463866832767627
37.3,0.9871198327779213,0.017111735164147858,0.9871198327779213,0.020386897149373837,821.0,0.9393123372709118,0.07864490673815519,0.9393123372709118,0.08898564631976615,29.0,0.9813554076733555,0.024264294032348914,0.9813554076733555,0.01765128264869961,-2.3,0.9818586443338131,0.023982793979595924,0.9818586443338131,0.032833523276592384,4.27,0.9815754338475317,0.02592301676458973,0.9815754338475317,0.044280285002361745,20.0,0.8263517531050593,0.16761892758807292,0.8263517531050593,0.18730841805036225,20.4,0.9730263081689363,0.035880401280325304,0.9730263081689363,0.04785204718160835,54.1,0.9760173989133335,0.030959491821548616,0.9760173989133335,0.037209700403235
40.4,0.9866422021682609,0.017719926148206114,0.9866422021682609,0.022320695137309488,1535.0,0.9379011322306245,0.08083801484220128,0.9379011322306245,0.09432599281804334,36.0,0.9813554076733555,0.024264294032348914,0.9813554076733555,0.01765128264869961,0.8,0.9814826401210636,0.02439848390394807,0.9814826401210636,0.032932273423282456,8.77,0.9815754338475317,0.02592301676458973,0.9815754338475317,0.044859395374874184,23.0,0.823869163596775,0.168374078718063,0.823869163596775,0.1856151466656343,27.5,0.9732811403556131,0.03555513117391794,0.9732811403556131,0.04774375895998057,72.9,0.9766162015490664,0.030281325970151176,0.9766162015490664,0.037937702416098965
39.2,0.9866422021682609,0.017719926148206114,0.9866422021682609,0.024494760443835417,1965.0,0.9364396710700579,0.08240566335237398,0.9364396710700579,0.09668750226612226,33.0,0.9827150514050303,0.022228795069083585,0.9827150514050303,0.014346354838323812,-7.0,0.9814826401210636,0.02439848390394807,0.9814826401210636,0.032932273423282456,11.46,0.9815754338475317,0.02592301676458973,0.9815754338475317,0.04424897725941443,27.0,0.823869163596775,0.168374078718063,0.823869163596775,0.1856151466656343,29.8,0.972307900589787,0.03677486805097268,0.972307900589787,0.04879898937007749,72.5,0.9750337593944084,0.03255915154685639,0.9750337593944084,0.04135883952508646
37.3,0.9853110075985329,0.019521660802702918,0.9853110075985329,0.02866333246975864,2336.0,0.9353944178926678,0.08310050020241003,0.9353944178926678,0.09520404005963343,20.0,0.9827150514050302,0.02222879506908358,0.9827150514050302,0.014272023146296995,-5.5,0.9830650822757218,0.022091763622089443,0.9830650822757218,0.029294733773194727,12.74,0.9802442392778034,0.027704115119180934,0.9802442392778034,0.04558555680791279,28.0,0.823869163596775,0.168374078718063,0.823869163596775,0.1856151466656343,30.6,0.9717553931097278,0.03750784803133726,0.9717553931097278,0.04887699057941879,74.5,0.9737422301598793,0.03386046414211905,0.9737422301598793,0.04250431473260044
27.1,0.9853110075985329,0.019521660802702918,0.9853110075985329,0.029799144144730998,2245.0,0.9359932205284006,0.0824855366813782,0.9359932205284006,0.09244824785080516,31.0,0.9820288961475062,0.022951577467390738,0.9820288961475062,0.014912932178441746,7.0,0.9830650822757218,0.022091763622089443,0.9830650822757218,0.029294733773194727,9.32,0.979588609180519,0.02865905315029183,0.979588609180519,0.04816845365185177,27.0,0.8233166561167158,0.1688998827345208,0.8233166561167158,0.1794748146306009,27.8,0.971755393109728,0.037507848031337276,0.971755393109728,0.04898117975980442,76.9,0.9731171252228348,0.03446896283272475,0.9731171252228348,0.043831602725730986
45.1,0.9855338060215164,0.019249177058058717,0.9855338060215164,0.028855286245486604,2377.0,0.9377186540506034,0.08071167211859931,0.9377186540506034,0.0914825814478692,39.0,0.9823390471922806,0.022645534838523544,0.9823390471922806,0.014780841745937606,-1.6,0.9830650822757218,0.022091763622089443,0.9830650822757218,0.029294733773194727,15.93,0.9804990714644802,0.02737416832827498,0.9804990714644802,0.0479412116940665,33.0,0.8244499168236603,0.16779793764665848,0.8244499168236603,0.17996487374618952,31.8,0.972307900589787,0.03677486805097197,0.972307900589787,0.04983057852681178,72.5,0.9734931294355843,0.034060865757841445,0.9734931294355843,0.04470147039464696
20.0,0.985788638208193,0.01891518655382734,0.985788638208193,0.027575547227915623,2323.0,0.9404430042517714,0.0770672399829362,0.9404430042517714,0.08512263338728718,53.0,0.981166121150137,0.023872472434601565,0.981166121150137,0.014322289660798744,-0.8,0.9836029215335599,0.02151021958114007,0.9836029215335599,0.027017216316354793,6.03,0.9811547015617644,0.026417448549017303,0.9811547015617644,0.04535831485012752,36.0,0.8251471191105051,0.16744596653743982,0.8251471191105051,0.17963933898468287,25.9,0.972307900589787,0.03677486805097197,0.972307900589787,0.04996206963422468,64.3,0.9726394946131746,0.03505976617864167,0.9726394946131746,0.04628068209037427
67.5,0.9861465930120952,0.01836802087231379,0.9861465930120952,0.026803850496164145,1903.0,0.9415762649587159,0.07563610252898652,0.9415762649587159,0.08350419137487361,57.0,0.9796197597289313,0.02552425048075235,0.9796197597289313,0.015196878815050066,-4.7,0.9839005968269421,0.021091748821058336,0.9839005968269421,0.027547993823143747,18.96,0.9814523768551466,0.02600154032106796,0.9814523768551466,0.04571437565875011,44.0,0.8214658840755509,0.16909433951023253,0.8214658840755509,0.1794868572363892,33.3,0.9729834650622309,0.03596452181471903,0.9729834650622309,0.050683417907386945,67.1,0.9712798508814998,0.037055796070096104,0.9712798508814998,0.04977135689676643
67.1,0.985725860726328,0.018868082750929147,0.985725860726328,0.02849429305177264,2264.0,0.9417381000038044,0.0754884077565915,0.9417381000038044,0.08132161419811024,55.0,0.9797978300788972,0.025334302955138336,0.9797978300788972,0.013710000596208038,3.1,0.9846759027299846,0.020067811368752082,0.9846759027299846,0.025520895722030208,22.5,0.9817072090418236,0.025670727170794067,0.9817072090418236,0.04577904820790377,51.0,0.8189142457098331,0.16983884086584727,0.8189142457098331,0.17774259413538226,34.1,0.9725627327764637,0.0364500863461281,0.9725627327764637,0.050257918900692485,68.2,0.9742894006246577,0.032880837171115604,0.9742894006246577,0.04444063849909366
63.9,0.985127058090595,0.019559856387902214,0.985127058090595,0.03007481271268657,2598.0,0.943947139048379,0.07357200223087433,0.943947139048379,0.08112666216376209,53.0,0.9804733945513411,0.02450943854074448,0.9804733945513411,0.013661936397547259,-2.3,0.9850519069427341,0.019649055108019797,0.9850519069427341,0.023832384264528952,24.48,0.9815291386918576,0.025861001829507586,0.9815291386918576,0.045318481395253574,58.0,0.8189142457098331,0.16983884086584727,0.8189142457098331,0.17774259413538226,34.5,0.9720851021668034,0.03703956071428034,0.9720851021668034,0.05051814963715639,69.4,0.9745121990476413,0.03261455496785877,0.9745121990476413,0.0451386353025344
61.2,0.9853498565135786,0.019287433788810295,0.9853498565135786,0.02904836539874921,2955.0,0.9419929321904812,0.07518492627976357,0.9419929321904812,0.08409493421370405,49.0,0.9795001547855149,0.025749685925436035,0.9795001547855149,0.01413027512409707,5.5,0.9846759027299847,0.02006781136875064,0.9846759027299847,0.022430358579843553,26.94,0.9809912994340195,0.026438885379590507,0.9809912994340195,0.044401730315243956,67.0,0.8189142457098331,0.16983884086584727,0.8189142457098331,0.17774259413538226,35.3,0.9720851021668034,0.03703956071428034,0.9720851021668034,0.05000049996305828,69.8,0.9755809298591868,0.0315774452734026,0.9755809298591868,0.0433595503605595
39.6,0.984574550610536,0.020312708276966754,0.984574550610536,0.029554900080602367,2383.0,0.9398064212471513,0.07831951007372921,0.9398064212471513,0.0900340825654893,38.0,0.9775417084181073,0.028454245815683437,0.9775417084181073,0.01712599309840026,0.8,0.9848539730799505,0.019875849121503364,0.9848539730799505,0.022233082895782644,14.23,0.982402504474307,0.024055991920401944,0.982402504474307,0.0395751184756492,72.0,0.8189142457098331,0.16983884086584727,0.8189142457098331,0.17774259413538226,31.0,0.9734963072070909,0.03469435251042563,0.9734963072070909,0.045441503515278474,74.5,0.9742497352894588,0.033339505084611885,0.9742497352894588,0.04378027553727989
42.4,0.9838139129297143,0.021167188235785405,0.9838139129297143,0.029517912281513244,2388.0,0.939583622824168,0.0785649306963355,0.939583622824168,0.0885956325005203,20.0,0.9762285632572265,0.030036833605345665,0.9762285632572265,0.018308450066768824,3.1,0.9848539730799505,0.019875849121503364,0.9848539730799505,0.02048288263198016,15.38,0.9826573366609835,0.02372434086579333,0.9826573366609835,0.03862868388330877,66.0,0.8229273452361175,0.16790685555827492,0.8229273452361175,0.17837594510378682,31.4,0.97404881468715,0.03395838701285488,0.97404881468715,0.04498459117069988,73.7,0.9734744293864162,0.03434169398800794,0.9734744293864162,0.045247983330986154
19.2,0.9829034506457534,0.02246233685287556,0.9829034506457534,0.030561937655123498,1316.0,0.9415378296820657,0.07696395145096298,0.9415378296820657,0.08734698728131947,27.0,0.9750647773900423,0.03134333026515296,0.9750647773900423,0.018196583460260516,10.9,0.9846311746569669,0.020147997085962845,0.9846311746569669,0.021388154655048695,3.57,0.9822813324482341,0.02414048289559137,0.9822813324482341,0.03910378543430846,17.0,0.8261309496614113,0.16666768267924845,0.8261309496614113,0.17683077803694977,19.6,0.9730755749213237,0.035180738428513256,0.9730755749213237,0.04619952164611018,74.1,0.9737721046797986,0.033931589494750086,0.9737721046797986,0.041657774890872384
45.9,0.9834559581258123,0.021712009108797968,0.9834559581258123,0.02921995166737512,1243.0,0.9407856359256891,0.07762009065375335,0.9407856359256891,0.08787847401285727,56.0,0.9744659747543093,0.0320197068933857,0.9744659747543093,0.01899445606024062,7.8,0.9844693396118784,0.020312671904946247,0.9844693396118784,0.02086342888486156,10.23,0.9822813324482341,0.02414048289559137,0.9822813324482341,0.03734292511030595,24.0,0.8289236902144707,0.1657002930085588,0.8289236902144707,0.17614379554006637,29.8,0.9733304071080005,0.03485526767576987,0.9733304071080005,0.0447740506599724,63.9,0.974524298436175,0.033214438786607466,0.974524298436175,0.040610212624728116
63.9,0.9834559581258123,0.021712009108797968,0.9834559581258123,0.027888271927251674,2173.0,0.9407856359256891,0.07762009065375335,0.9407856359256891,0.08892589909340376,50.0,0.9725075283869014,0.034697206367956576,0.9725075283869014,0.02091260907052855,-0.8,0.9848092450069329,0.019956058388107576,0.9848092450069329,0.02194757066956637,20.5,0.9824792663110178,0.023915161432079727,0.9824792663110178,0.03670212126189024,35.0,0.8289236902144707,0.1657002930085588,0.8289236902144707,0.18198204668641796,33.3,0.974463667814945,0.03331861390202211,0.974463667814945,0.04294006459947942,68.2,0.9738686683388906,0.034159876680723886,0.9738686683388906,0.041632033714543985
23.1,0.9850384002804705,0.019396177920087004,0.9850384002804705,0.025469712103053096,2900.0,0.9400249982448675,0.07838877560065588,0.9400249982448675,0.09166924510296388,44.0,0.9722526962002247,0.03502242786640552,0.9722526962002247,0.021869541155211614,6.2,0.9850071788697166,0.019729291156448055,0.9850071788697166,0.021725112121728146,7.76,0.9819267588309586,0.024663480377759957,0.9819267588309586,0.038296104630185394,38.0,0.8235684345053321,0.1694070436148039,0.8235684345053321,0.18872443591011115,25.9,0.9758914260437653,0.03178463147208613,0.9758914260437653,0.039762558766990815,72.5,0.9758271147062983,0.03147736143104085,0.9758271147062983,0.03921614131417322
55.7,0.9860538701479689,0.01820496044499113,0.9860538701479689,0.023837189024662087,1948.0,0.9396042659591004,0.07883782485403458,0.9396042659591004,0.09484176163433754,47.0,0.9706543514973541,0.036846648880723025,0.9706543514973541,0.023177995354855294,-8.6,0.9854848094793768,0.019123110343926095,0.9854848094793768,0.02139600528299696,16.47,0.982224434124341,0.024246700646902934,0.982224434124341,0.03643391671120933,43.0,0.821649374051995,0.16984729311589178,0.821649374051995,0.1868841239545018,31.8,0.9765470561410495,0.03083554003874004,0.9765470561410495,0.035745340803516344,69.0,0.9754063824205312,0.03196637114048673,0.9754063824205312,0.03814508413927639
54.1,0.9864746024337361,0.01770444393658938,0.9864746024337361,0.02409638961823903,2171.0,0.9393494337724234,0.07913944255966382,0.9393494337724234,0.09453757078683177,46.0,0.9703566762039719,0.03725447941645931,0.9703566762039719,0.025701189926907224,-7.8,0.986140439576661,0.01815585405452575,0.986140439576661,0.018792045468284908,17.4,0.9844109450676709,0.0208345216688993,0.9844109450676709,0.03049476835942406,47.0,0.819591491733469,0.17033205600150386,0.819591491733469,0.18511429695412704,32.5,0.9785107686613959,0.027727091864784788,0.9785107686613959,0.03164715755186435,70.2,0.975661214607208,0.03163923713603771,0.975661214607208,0.035997598379261586
55.3,0.987385064717697,0.016400051926276173,0.987385064717697,0.022915261254236624,2322.0,0.9405223598145671,0.07803622862391972,0.9405223598145671,0.09429758185524607,47.0,0.9709554788397048,0.036584349899765924,0.9709554788397048,0.02474402078683484,-1.6,0.9866929470567202,0.017400560839780338,0.9866929470567202,0.016620368231087215,19.31,0.9825915291032022,0.023125132488961683,0.9825915291032022,0.03310020066129401,50.0,0.816696158281538,0.1712658792182077,0.816696158281538,0.18590381089597546,32.9,0.9789578032484744,0.027300160912320667,0.9789578032484744,0.02995405535996064,71.0,0.97601916941111,0.031102500763835302,0.97601916941111,0.035945181567321294
19.2,0.9871302325310203,0.016735248400573655,0.9871302325310203,0.024339588583793603,2438.0,0.9391669555924025,0.07901328320633562,0.9391669555924025,0.0949794864075065,19.0,0.9729139252071124,0.033915144332434415,0.9729139252071124,0.023308250133898558,0.0,0.9869157454797035,0.017127203688424773,0.9869157454797035,0.015121299665512712,6.8,0.9830407105509157,0.022380822890792972,0.9830407105509157,0.03199335478067506,32.0,0.8150250583167552,0.17272650314940655,0.8150250583167552,0.18633411264930738,25.5,0.9797649395000901,0.02601985520893974,0.9797649395000901,0.02867020284447046,78.8,0.9751655345887001,0.03210673770609659,0.9751655345887001,0.0347626998395416
18.8,0.9871302325310203,0.016735248400573655,0.9871302325310203,0.024339588583793603,1210.0,0.9381937158265762,0.08014265098107905,0.9381937158265762,0.09663020712288406,45.0,0.9725559704032104,0.03444906488931538,0.9725559704032104,0.02342436598244083,10.9,0.985782484772759,0.018703093250834663,0.985782484772759,0.016854984139661907,3.37,0.9830407105509157,0.022380822890793694,0.9830407105509157,0.030793806660363177,20.0,0.8153649637118097,0.17249747663590387,0.8153649637118097,0.1860459755275594,18.0,0.9797649395000901,0.02601985520893974,0.9797649395000901,0.02867020284447046,60.4,0.9761387743545262,0.0308785447227014,0.9761387743545262,0.033351891927536154
60.8,0.9865777250509613,0.017491257555399153,0.9865777250509613,0.025681574571541983,1785.0,0.9390167546264042,0.07938480301036953,0.9390167546264042,0.09492668013793634,58.0,0.9719571677674774,0.035121688745323836,0.9719571677674774,0.023861355763040753,-2.3,0.9864381148700432,0.01773525795690887,0.9864381148700432,0.014731227058623784,17.32,0.9836963406482001,0.021418199761630397,0.9836963406482001,0.028924897988051916,28.0,0.8151868933618439,0.17262169989375767,0.8151868933618439,0.18637365987717117,32.5,0.9803174469801492,0.025274008883848502,0.9803174469801492,0.025927278367484815,68.6,0.9761387743545262,0.0308785447227014,0.9761387743545262,0.033351891927536154
67.1,0.9865777250509613,0.017491257555399153,0.9865777250509613,0.025681574571541983,2468.0,0.9396155572621373,0.07876467899331083,0.9396155572621373,0.09369209625337047,53.0,0.9726498943662736,0.03449811683062681,0.9726498943662736,0.02311174249954182,-7.8,0.9867960696739454,0.01718729469820395,0.9867960696739454,0.015705445454117475,24.5,0.9836963406482001,0.021418199761630397,0.9836963406482001,0.027947935520753104,33.0,0.816696158281538,0.1712658792182077,0.816696158281538,0.18590381089597546,34.5,0.9801393766301834,0.025464072997695045,0.9801393766301834,0.02476623135041867,69.4,0.9761387743545262,0.0308785447227014,0.9761387743545262,0.03285790695433512
21.2,0.9880869899706551,0.01549099604693565,0.9880869899706551,0.022692180975454997,3234.0,0.9366735711977582,0.08157238224852877,0.9366735711977582,0.09659348701957654,22.0,0.9738228204084172,0.03329512679288954,0.9738228204084172,0.02323705246714789,0.0,0.9872737002836055,0.016578748432440917,0.9872737002836055,0.016332164899197962,9.22,0.9834735422252167,0.021689667854772703,0.9834735422252167,0.029054052363101886,25.0,0.8169509904682147,0.1710384067534696,0.8169509904682147,0.18699421095555513,27.8,0.9798845444435066,0.025794390111894994,0.9798845444435066,0.0242963465548363,76.1,0.9764239738965163,0.030615719753208002,0.9764239738965163,0.03186437909698062
57.3,0.9880869899706551,0.01549099604693565,0.9880869899706551,0.02238067850899946,2041.0,0.9331808627976783,0.0867701636545935,0.9331808627976783,0.10813608739035832,55.0,0.9749560811153619,0.03175583992105338,0.9749560811153619,0.023671325042386015,6.2,0.9857644353639115,0.018575659150015127,0.9857644353639115,0.01966249918773612,18.94,0.9846373280924011,0.020359851986322765,0.9846373280924011,0.028140992377664275,32.0,0.822408839076225,0.16738303356577877,0.822408839076225,0.1857619077092218,32.9,0.9810358545592986,0.024363305373286345,0.9810358545592986,0.022632154411085795,67.1,0.9770995383689602,0.029797468288047975,0.9770995383689602,0.03194599919159303
58.4,0.9885077222564224,0.014988260364409433,0.9885077222564224,0.022416271808955713,2952.0,0.932525232700394,0.08763589950114448,0.932525232700394,0.11224596611099956,34.0,0.9754052625630754,0.031021452742437543,0.9754052625630754,0.022171818554386994,-3.9,0.984989129460869,0.01960193793975706,0.984989129460869,0.02017625687194355,27.06,0.9839617636199572,0.021191212135113057,0.9839617636199572,0.030577281555150614,44.0,0.8264219386025095,0.16542378943478553,0.8264219386025095,0.1852223233890392,35.3,0.9813335298526809,0.02394682616261434,0.9813335298526809,0.023083327032792485,70.6,0.9770995383689602,0.029797468288047975,0.9770995383689602,0.0348704434673068
24.7,0.9896590323722143,0.013531479954929766,0.9896590323722143,0.020164126846698844,3720.0,0.9327231665631777,0.08743597225064194,0.9327231665631777,0.11418464266753979,20.0,0.9738228204084172,0.03329512679288954,0.9738228204084172,0.0255019130719039,0.0,0.9859623692266952,0.01834838706604189,0.9859623692266952,0.01917755146687902,14.11,0.9826305690502292,0.02298321890846182,0.9826305690502292,0.033680305495108004,46.0,0.8264219386025095,0.16542378943478553,0.8264219386025095,0.1852223233890392,31.0,0.9802002691457363,0.025505693237013686,0.9802002691457363,0.024541369355146316,72.2,0.9775771689786203,0.029201227302269532,0.9775771689786203,0.03472312359645163
23.1,0.990434338275257,0.012495437793894148,0.990434338275257,0.018335611548874607,2431.0,0.931962528882356,0.08818897868869138,0.931962528882356,0.1162237040028374,21.0,0.972872692789257,0.034232678400795004,0.972872692789257,0.02626631775160882,6.2,0.985484738617035,0.018955246055026524,0.985484738617035,0.021639676197747745,8.52,0.9830065732629785,0.022566479585555764,0.9830065732629785,0.031760145771999426,50.0,0.8227065143696074,0.1670882634676987,0.8227065143696074,0.1919177117294904,27.5,0.9804230675687199,0.025236028597481985,0.9804230675687199,0.02277919401127823,78.0,0.9757577530141517,0.031459798596412604,0.9757577530141517,0.03588209594155218
18.4,0.990434338275257,0.012495437793894148,0.990434338275257,0.018335611548874607,2371.0,0.9313374239453118,0.08873300410507555,0.9313374239453118,0.11687313353742036,20.0,0.9740456188314007,0.03302907406798479,0.9740456188314007,0.02633056678248285,0.0,0.9844692687495367,0.020144980499444697,0.9844692687495367,0.02193267487050584,6.8,0.9826305690502292,0.02298321890846182,0.9826305690502292,0.03259948210739072,40.0,0.8213933692087269,0.16818531046711796,0.8213933692087269,0.19312411285259037,25.5,0.9795141138882123,0.026224251288161356,0.9795141138882123,0.02433429109272102,63.9,0.9743981092824769,0.033467566913754423,0.9743981092824769,0.03861337422944801
31.8,0.9909721775330951,0.011904145153401878,0.9909721775330951,0.018164575855071852,848.0,0.9317844585323901,0.08835718016688053,0.9317844585323901,0.11788014675855053,29.0,0.9735679882217405,0.0336211797397496,0.9735679882217405,0.026775043554605773,1.6,0.9844692687495367,0.020144980499443976,0.9844692687495367,0.020696463094136953,3.25,0.9824687340051403,0.023147078660085904,0.9824687340051403,0.03146914838388537,14.0,0.8213933692087269,0.16818531046711768,0.8213933692087269,0.1931698513637373,18.8,0.978213444478724,0.027663355969969595,0.978213444478724,0.02462626575776484,67.8,0.9741432770958003,0.033793777722415146,0.9741432770958003,0.03692476366338416
46.7,0.9909721775330951,0.011904145153401878,0.9909721775330951,0.016396864406075504,1389.0,0.9317844585323901,0.08835718016688053,0.9317844585323901,0.11788014675855053,45.0,0.9730154807416815,0.03435695407205974,0.9730154807416815,0.02694731158006073,2.3,0.9850217762295956,0.01939211737309054,0.9850217762295956,0.01966619984454096,9.58,0.982666667867924,0.022921512225252617,0.982666667867924,0.031163826826195243,25.0,0.8196129931912848,0.16996877936662672,0.8196129931912848,0.19244201599028649,28.2,0.9771676072559125,0.028770128125001942,0.9771676072559125,0.02589750453526405,66.7,0.9741432770958003,0.033793777722415146,0.9741432770958003,0.03692476366338416
20.4,0.9903165474358109,0.012880397993447562,0.9903165474358109,0.017468426784420097,2540.0,0.930811218766564,0.08946660848605266,0.930811218766564,0.11981627254332315,54.0,0.970482910967863,0.0375512142830062,0.970482910967863,0.029328489207427474,7.0,0.9857824139104172,0.018535178287909848,0.9857824139104172,0.018386229015958357,7.3,0.9819911033954801,0.023749390258684538,0.9819911033954801,0.03188140903868255,37.0,0.8187025309073238,0.17087507201283753,0.8187025309073238,0.19305506074673498,25.5,0.9761943674900864,0.03000178173123691,0.9761943674900864,0.028217623551982145,53.7,0.9753070629629847,0.03249151250795306,0.9753070629629847,0.03635265090557855
66.7,0.9905713796224876,0.01254310004477491,0.9905713796224876,0.016584349104369456,1919.0,0.9302587112865048,0.09013518761599527,0.9302587112865048,0.1173478220874202,57.0,0.9691913817333341,0.03883939781818454,0.9691913817333341,0.029773310773775097,-10.9,0.9869156746173617,0.0169590958058065,0.9869156746173617,0.01471893726074074,19.22,0.9824118356812472,0.023253374742157818,0.9824118356812472,0.03177647125681273,45.0,0.8159690325004815,0.17169949760658784,0.8159690325004815,0.19129571075042026,32.9,0.9761943674900864,0.03000178173123691,0.9761943674900864,0.028753997935858477,67.5,0.9757952843577253,0.03200278049946395,0.9757952843577253,0.03595312147773383
64.7,0.9892401850527593,0.014359166702669391,0.9892401850527593,0.01844045882192618,2305.0,0.9329830614876728,0.08655100262765017,0.9329830614876728,0.10961168804151278,54.0,0.9684307440525124,0.03966548239845474,0.9684307440525124,0.030721659703844762,-0.8,0.9874681820974208,0.01620252319772543,0.9874681820974208,0.013190777567055442,22.32,0.9831724733620689,0.022401773502938423,0.9831724733620689,0.030459443564677648,52.0,0.8159690325004815,0.17169949760658784,0.8159690325004815,0.19129571075042026,34.1,0.9761943674900864,0.030001781731237267,0.9761943674900864,0.027936535153637438,69.4,0.9751091291002011,0.03271337763016225,0.9751091291002011,0.03622482744291575
63.9,0.9883865502303495,0.015392199315502031,0.9883865502303495,0.020670893601029753,2650.0,0.9326070572749234,0.08691983786880601,0.9326070572749234,0.11150804954256166,50.0,0.9676554381494697,0.04065629820725119,0.9676554381494697,0.0334261330906757,4.7,0.9879458127070812,0.015593074996242639,0.9879458127070812,0.011797606893664736,9.28,0.9812140269946611,0.025123548224591986,0.9812140269946611,0.03531792175218828,57.0,0.8132026113098476,0.1725160340960942,0.8132026113098476,0.1920314663952566,27.5,0.9744139914726443,0.032500773267509504,0.9744139914726443,0.030640287134392215,69.8,0.9744840241631568,0.03332352741184466,0.9744840241631568,0.03580721549160521
58.4,0.9881637518073662,0.01566636655967708,0.9881637518073662,0.021202400219209723,1933.0,0.9326070572749233,0.08691983786880565,0.9326070572749233,0.11296301669995255,46.0,0.9661939769889032,0.04234231947856246,0.9661939769889032,0.03442849016637801,0.8,0.9866326675462004,0.017210433665240225,0.9866326675462004,0.01410784097184334,16.62,0.9812140269946611,0.025123548224591986,0.9812140269946611,0.03531792175218828,61.0,0.8100639606030227,0.1735506758045761,0.8100639606030227,0.19324166556653005,32.2,0.9744139914726443,0.032500773267509504,0.9744139914726443,0.030640287134392215,69.0,0.9740063935534966,0.033915769970564454,0.9740063935534966,0.03802633499064728
19.6,0.9874881873349223,0.016504014868269423,0.9874881873349223,0.02148566132525435,2034.0,0.9327851276248892,0.08675118368558372,0.9327851276248892,0.11048283693702858,19.0,0.9659087774469133,0.04259874018840685,0.9659087774469133,0.035261097829675694,0.0,0.9869303428395828,0.016789336981993135,0.9869303428395828,0.011872986339393007,5.92,0.9788295821885479,0.028738328232181774,0.9788295821885479,0.04067670678875059,51.0,0.8105948521567302,0.17326219420859634,0.8105948521567302,0.19089657566628584,24.3,0.9724502789522982,0.035586093321412375,0.9724502789522982,0.03401573598883031,77.3,0.9749168558374574,0.03264341838284655,0.9749168558374574,0.03666091746053197
42.4,0.985367905922426,0.019414827620447845,0.985367905922426,0.024852326710355643,1083.0,0.9337583673907155,0.08563617582062054,0.9337583673907155,0.10739342610061307,36.0,0.9649586498277531,0.04351898305328381,0.9649586498277531,0.03679261760411297,0.8,0.9871851750262595,0.016454224081715606,0.9871851750262595,0.012014987336715337,8.74,0.9794283848242807,0.02805674152106288,0.9794283848242807,0.040066110914883823,40.0,0.8096216123909039,0.1740994227958502,0.8096216123909039,0.19016591771353003,29.0,0.9734235187181243,0.03436497749860761,0.9734235187181243,0.03162122703146328,64.3,0.9757239920890733,0.03137300300638616,0.9757239920890733,0.033435092949892685
40.0,0.9857886382081932,0.01891518655382698,0.9857886382081932,0.024071270685389147,2001.0,0.9323987236590409,0.08747465615693864,0.9323987236590409,0.11184481127925176,20.0,0.963376207673095,0.04574668692143893,0.963376207673095,0.041361286032389685,-8.6,0.9886944399459535,0.014451114473703876,0.9886944399459535,0.010888651183842657,11.88,0.9818128296303942,0.02443801066707902,0.9818128296303942,0.03535112027362067,34.0,0.8089288857921081,0.17448988783525857,0.8089288857921081,0.19000187821213588,29.8,0.9756100296614542,0.03100700267589405,0.9756100296614542,0.02840665776622857,71.8,0.9760216673824555,0.030960996946034335,0.9760216673824555,0.034910579336744935
17.6,0.9857886382081932,0.01891518655382698,0.9857886382081932,0.024071270685389147,1466.0,0.9335500337748328,0.08619201350699696,0.9335500337748328,0.10896196461094919,36.0,0.9622429469661505,0.04725032925560342,0.9622429469661505,0.041185179163137034,4.7,0.9893700044183974,0.013611013363733432,0.9893700044183974,0.009730430438817791,3.54,0.98261996588201,0.023151490182874684,0.98261996588201,0.03330992646897543,1.0,0.8110855590570006,0.17402910782108355,0.8110855590570006,0.19155615214155183,20.8,0.9773904056788959,0.028502077847173332,0.9773904056788959,0.025702905785473795,63.1,0.977067504605267,0.029857941139955855,0.977067504605267,0.035006772821489875
44.3,0.9857886382081932,0.01891518655382698,0.9857886382081932,0.024071270685389147,787.0,0.9350114949353996,0.08463591665948644,0.9350114949353996,0.10644553561773026,35.0,0.9642013933335583,0.04462806400957913,0.9642013933335583,0.0375156571924931,11.7,0.9880388098486693,0.015423396699762911,0.9880388098486693,0.012278183163106408,4.8,0.9823971674590264,0.023422257536446923,0.9823971674590264,0.03244900828779889,33.67243525896414,0.8140138152927232,0.17311845016873662,0.8140138152927232,0.19055351779826468,22.0,0.976837898198837,0.029243785957508487,0.976837898198837,0.026790534466385012,50.6,0.977067504605267,0.02985794113995657,0.977067504605267,0.0366494775077248
37.3,0.9871198327779213,0.017111735164147858,0.9871198327779213,0.022218354929408882,809.0,0.9345907626496324,0.08507938350418755,0.9345907626496324,0.10526874899186989,33.0,0.9652701241451037,0.043615991823040136,0.9652701241451037,0.03798841883626695,-3.1,0.987065570082843,0.01668254758813645,0.987065570082843,0.013135379578676847,4.28,0.9830727319314703,0.022593798937733535,0.9830727319314703,0.03236054568582152,0.0,0.8194716639007334,0.16949828227435887,0.8194716639007334,0.18463063753714531,20.0,0.9770358320616205,0.029020801015291257,0.9770358320616205,0.02714923626408514,56.5,0.9767698293118845,0.030270745099929136,0.9767698293118845,0.038171267853087255
38.0,0.9877754628752057,0.016141497069913354,0.9877754628752057,0.020966855443258166,789.0,0.935444397472042,0.0841676670255557,0.935444397472042,0.10359370347102068,43.0,0.9659257542423879,0.042685726378925586,0.9659257542423879,0.03995961934642909,1.6,0.9873632453762254,0.016261102444279425,0.9873632453762254,0.01382454871717163,4.51,0.9837283620287545,0.021631285538888413,0.9837283620287545,0.029367225622209163,6.0,0.8242918996786335,0.16663034776373015,0.8242918996786335,0.1841287053537854,20.8,0.9767381567682382,0.02943384605293108,0.9767381567682382,0.02588607355655505,56.1,0.9767698293118845,0.030270745099929136,0.9767698293118845,0.038171267853087255
41.6,0.9874777875818233,0.016563158354794775,0.9874777875818233,0.022378987954380127,1564.0,0.9380284287325193,0.08186843104524699,0.9380284287325193,0.10256794778429676,35.0,0.965015291958427,0.04393630197089983,0.965015291958427,0.04211309376577196,-7.0,0.9876180775629022,0.015925702453849437,0.9876180775629022,0.01526578693821752,11.04,0.9827551222629284,0.02287866318842365,0.9827551222629284,0.030307407110174957,16.0,0.8274955041039272,0.16538200522105415,0.8274955041039272,0.18417254356240956,29.4,0.9767381567682382,0.02943384605293108,0.9767381567682382,0.025458930163662845,61.2,0.9767698293118845,0.030270745099929136,0.9767698293118845,0.038171267853087255
37.6,0.9872229553951465,0.016898345017852937,0.9872229553951465,0.022908374038812324,2564.0,0.939383832954684,0.0808969612029463,0.939383832954684,0.10446127780840905,49.0,0.9636840973886989,0.04566126490721756,0.9636840973886989,0.04332107891233674,3.1,0.9880388098486693,0.015423396699762186,0.9880388098486693,0.015293664165816862,14.44,0.9814239276932003,0.024666113281293416,0.9814239276932003,0.033122837146921075,22.0,0.8274955041039272,0.16538200522105415,0.8274955041039272,0.18417254356240956,31.4,0.97515571461358,0.0317133418258527,0.97515571461358,0.02818624196033802,75.7,0.9759467905120566,0.03110596238023661,0.9759467905120566,0.04053382084855714
58.8,0.9872229553951465,0.016898345017852937,0.9872229553951465,0.02229701986245653,1992.0,0.9391610345317006,0.08114164343444193,0.9391610345317006,0.1033320126129477,46.0,0.9621016552340406,0.047882314913195625,0.9621016552340406,0.04369822012012233,-7.0,0.9868874997328773,0.016875533192738993,0.9868874997328773,0.01621559705419326,17.35,0.9812458573432342,0.024856512614444885,0.9812458573432342,0.03277490031566208,31.0,0.8238142690689733,0.16704852795987882,0.8238142690689733,0.1830604039680469,32.5,0.9749577807507964,0.03193532841561381,0.9749577807507964,0.02784776912272898,68.6,0.9752712260396126,0.03192229341818398,0.9752712260396126,0.03940606915672509
20.0,0.9872229553951465,0.016898345017852937,0.9872229553951465,0.022517285368843572,1964.0,0.9404922291014287,0.07951405620358601,0.9404922291014287,0.0999381574235455,41.0,0.961903721371257,0.04809782926234256,0.961903721371257,0.04284007591749412,4.7,0.9865114955201277,0.01729615472588975,0.9865114955201277,0.015051452053497387,5.66,0.9823791180501789,0.02329517200999857,0.9823791180501789,0.030017816249534934,34.0,0.820774409308515,0.1681295183233473,0.820774409308515,0.18464869955237476,31.0,0.9745370484650292,0.03242368046599806,0.9745370484650292,0.028139891194481584,63.5,0.9763760375846107,0.030238417353240676,0.9763760375846107,0.03547274392571582
18.0,0.9874777875818233,0.016563158354794775,0.9874777875818233,0.02130410960144921,1647.0,0.9398166646289848,0.08026434425159644,0.9398166646289848,0.10161639473845305,21.0,0.9593711515974387,0.05121728120880771,0.9593711515974387,0.04608886941033197,0.0,0.9854960256526294,0.018488878502124204,0.9854960256526294,0.017472017271299316,11.256157120272407,0.9819014874405184,0.02389735458582642,0.9819014874405184,0.02998044463251361,23.0,0.8224319512228911,0.16697498398551128,0.8224319512228911,0.18405830145596447,23.1,0.9742822162783525,0.032750213263780484,0.9742822162783525,0.026317930075821103,65.5,0.9763760375846107,0.030238417353240676,0.9763760375846107,0.03413399109196406
18.8,0.9871676365370485,0.016872787435035976,0.9871676365370485,0.022165121482513324,960.0,0.9386653545131929,0.08156429233068219,0.9386653545131929,0.10387427108448344,93.0,0.9603443913632648,0.05002939378217234,0.9603443913632648,0.046104767398511146,3.9,0.9849581863947913,0.019073236587621202,0.9849581863947913,0.0179412608019855,2.69,0.9814807551547514,0.02439282603056424,0.9814807551547514,0.02992553677094861,33.67243525896414,0.8246339427413811,0.1651804424714199,0.8246339427413811,0.18243880366236773,18.8,0.9738699279170303,0.033119628809288836,0.9738699279170303,0.026792743949453336,68.6,0.976853668194271,0.029642854922899167,0.976853668194271,0.032387901380043126
100.0,0.9878537917945728,0.016141832967680195,0.9878537917945728,0.020764343691212384,1235.0,0.9386653545131929,0.08156429233068219,0.9386653545131929,0.10387427108448344,87.0,0.9610965851196412,0.04933546080677965,0.9610965851196412,0.04621425677716737,5.5,0.9847353879718077,0.019345595859522058,0.9847353879718077,0.018451121306321552,20.38,0.9824962250222499,0.02321122072879455,0.9824962250222499,0.029674949509197947,31.0,0.8250831241890948,0.16463683219769007,0.8250831241890948,0.18271062132618549,37.3,0.9721444943948278,0.03505757532332432,0.9721444943948278,0.028614026581846724,51.0,0.9766308697712874,0.029910490642104923,0.9766308697712874,0.03344316273872319
99.2,0.987655857931789,0.016369997369150114,0.987655857931789,0.022403254250517417,2132.0,0.9386653545131929,0.08156429233068219,0.9386653545131929,0.10387427108448344,77.0,0.9595873201999472,0.05122654022213421,0.9595873201999472,0.04869073045046099,0.8,0.9839600820687653,0.02037016574510062,0.9839600820687653,0.020149156922394697,31.72,0.9824962250222499,0.02321122072879455,0.9824962250222499,0.028567122448387976,48.0,0.8264143187588229,0.1633712288797905,0.8264143187588229,0.18032338325309835,37.6,0.9708313492339471,0.036622070438847555,0.9708313492339471,0.02905677725607786,63.9,0.9766308697712874,0.029910490642104923,0.9766308697712874,0.03277670428570238
89.4,0.9874777875818233,0.016563158354794775,0.9874777875818233,0.02130410960144921,2419.0,0.9386653545131929,0.08156429233068219,0.9386653545131929,0.10387427108448344,62.0,0.9582957909654181,0.05248070693810032,0.9582957909654181,0.050028569621128546,-7.0,0.9845125895488243,0.01961782993544685,0.9845125895488243,0.01863469745482654,32.56,0.9819583857644117,0.023791152436104128,0.9819583857644117,0.029852498103462764,53.0,0.8294541785192813,0.16225682258261612,0.8294541785192813,0.18188982302384774,37.3,0.9708313492339471,0.036622070438847555,0.9708313492339471,0.02905677725607786,67.1,0.975975239674003,0.030860288144543696,0.975975239674003,0.03387460087514171
74.5,0.9871017833690737,0.01698415820486671,0.9871017833690737,0.02092087725171296,2670.0,0.9386653545131929,0.08156429233068219,0.9386653545131929,0.10387427108448344,53.0,0.9580660072798624,0.05265470281346267,0.9580660072798624,0.048664878316513054,-1.6,0.9845125895488243,0.01961782993544685,0.9845125895488243,0.01863469745482654,29.21,0.9811977480835903,0.024640582168932192,0.9811977480835903,0.03250082534196709,59.0,0.8254410789929968,0.1642445114308575,0.8254410789929968,0.18958432421937116,35.7,0.9714301518696801,0.03595120076932879,0.9714301518696801,0.030463192284744013,68.2,0.9749294024511916,0.03196096389188517,0.9749294024511916,0.03521030576772209
18.4,0.9871017833690737,0.016984158204867435,0.9871017833690737,0.020136939226868947,2887.0,0.9369339460782785,0.08290635653810056,0.9369339460782785,0.10628587171326184,25.0,0.9551990211532474,0.055994517429674776,0.9551990211532474,0.05068051954038303,3.9,0.9838370250763805,0.020449590319961495,0.9838370250763805,0.021113612561232443,8.46,0.9813956819463737,0.024415620834711025,0.9813956819463737,0.031021124426407344,33.67243525896414,0.8236216630285281,0.16583478628865847,0.8236216630285281,0.1922657390359315,27.1,0.9692281603511901,0.03850436164482861,0.9692281603511901,0.031804750290894156,80.4,0.9745171140898696,0.03233097710883619,0.9745171140898696,0.03453709518017588
18.8,0.9860863135015755,0.01817793866699848,0.9860863135015755,0.021507197866406577,2828.0,0.935800685371334,0.08432073535036978,0.935800685371334,0.10510145527415705,20.0,0.9533380329992183,0.05776841552727269,0.9533380329992183,0.052871643360309965,0.0,0.9835268740316057,0.02075681383943775,0.9835268740316057,0.022670480883086326,8.08,0.9800825367854932,0.026010161230113998,0.9800825367854932,0.03158302282196011,50.0,0.8257050513546327,0.16409451473995929,0.8257050513546327,0.187400727832067,26.7,0.9672729431434316,0.04060168012451905,0.9672729431434316,0.03240506588071044,64.3,0.975142219026914,0.03172016849840719,0.975142219026914,0.033438063252773785
69.8,0.9866851161373085,0.01748462952529499,0.9866851161373085,0.021213177841582515,1858.0,0.937309950291028,0.08253387572757537,0.937309950291028,0.10228346234157308,49.0,0.9529800781953165,0.058282125474597934,0.9529800781953165,0.05417515710033162,6.2,0.9820176091119116,0.022739530123093755,0.9820176091119116,0.023562987588499413,19.45,0.9803802120788755,0.02559460117172946,0.9803802120788755,0.029252311741857658,43.0,0.8276613508614052,0.1624137232941115,0.8276613508614052,0.18593528864045952,33.3,0.9675277753301085,0.04027968807270458,0.9675277753301085,0.029548851629601632,67.5,0.9753401528896977,0.031498093797126335,0.9753401528896977,0.03247955232656143
19.2,0.9870250215323629,0.017126207876084137,0.9870250215323629,0.021624812619615512,2062.0,0.9371318799410622,0.08270430968993969,0.9371318799410622,0.10053623517816986,44.0,0.9534271127823948,0.05788133146014097,0.9534271127823948,0.054627176254439136,5.5,0.9820176091119116,0.022739530123093755,0.9820176091119116,0.02231736086261112,5.91,0.98151347278582,0.024035540207173006,0.98151347278582,0.02684332110293121,38.0,0.8305340170622592,0.15942867882087,0.8305340170622592,0.1779033171870399,24.3,0.9667206390784927,0.04153155473267103,0.9667206390784927,0.0299811481651304,72.2,0.9757608851754648,0.031008917148245857,0.9757608851754648,0.03235626077459082
18.4,0.9868022231093794,0.017399596382757967,0.9868022231093794,0.022891370084863336,1755.0,0.9376095105507226,0.08216062756251671,0.9376095105507226,0.09936158285835088,28.0,0.9513068313698985,0.06059701860429093,0.9513068313698985,0.05862245418285154,0.0,0.9817199338185294,0.02315667583438308,0.9817199338185294,0.02285158300589824,4.5,0.98151347278582,0.024035540207173006,0.98151347278582,0.024949255362370172,27.0,0.8305340170622592,0.15942867882087,0.8305340170622592,0.1779033171870399,22.0,0.9645341281351629,0.04483378637553407,0.9645341281351629,0.03127333410115935,67.1,0.9749855792724224,0.03201459585505429,0.9749855792724224,0.03469225474735881
80.0,0.9863814908236123,0.017900414180300892,0.9863814908236123,0.024362666260927368,1393.0,0.9347368443498685,0.0859028998949592,0.9347368443498685,0.1039992539031359,58.0,0.9495979510362289,0.06323841630179712,0.9495979510362289,0.06217507585821178,-5.5,0.9830330789794102,0.021555541968119186,0.9830330789794102,0.022336223358863115,16.7,0.9808578426885356,0.02499421403254042,0.9808578426885356,0.026373624308743158,35.0,0.8278096668610914,0.162320073920044,0.8278096668610914,0.18201451926028472,32.5,0.963981620655104,0.04555595079212612,0.963981620655104,0.031054742563924397,63.9,0.9749855792724224,0.03201459585505429,0.9749855792724224,0.034554943568472246
29.4,0.9857059263511684,0.018734981901814794,0.9857059263511684,0.025500764130399374,1774.0,0.933603583642924,0.0873098538786992,0.933603583642924,0.10845586862416688,59.0,0.9495979510362289,0.06323841630179712,0.9495979510362289,0.06217507585821178,3.9,0.9824805714993511,0.022305624341360963,0.9824805714993511,0.025067501646758954,11.21,0.9792754005338774,0.027290904178878094,0.9792754005338774,0.029509809490662484,41.0,0.8288251367285897,0.16150110914311822,0.8288251367285897,0.18244648076248204,29.8,0.9615971758489902,0.0490543856361815,0.9615971758489902,0.03552245511779419,74.9,0.9749855792724224,0.032014595855055006,0.9749855792724224,0.03397212434235782
71.0,0.9862584338312272,0.01798035487417578,0.9862584338312272,0.024395424980842552,2052.0,0.9330657443850859,0.08782268559636322,0.9330657443850859,0.11054321940696145,58.0,0.9497462670359149,0.06310745800266429,0.9497462670359149,0.062129302268943934,-3.1,0.9810191103387842,0.024046681410864756,0.9810191103387842,0.02866592541095028,21.56,0.9775665202002078,0.030074534798729465,0.9775665202002078,0.03477398619815968,47.0,0.8250761684542488,0.16319459460119778,0.8250761684542488,0.18319331773463104,33.7,0.9612392210450884,0.049576165811869424,0.9612392210450884,0.037224791258640914,67.8,0.9755843819081552,0.03133783468078401,0.9755843819081552,0.032227815700367465
68.6,0.985960758537845,0.018400798410481336,0.985960758537845,0.026396212902142745,2384.0,0.9317948582854894,0.08867094059142636,0.9317948582854894,0.10846969730292842,54.0,0.9500861724309695,0.0627792377539673,0.9500861724309695,0.06400672650913385,-3.9,0.9819280640192919,0.023054849456254717,0.9819280640192919,0.02674348145731104,24.43,0.975786144182766,0.032577066725472545,0.975786144182766,0.038847154812830464,53.0,0.8250761684542488,0.16319459460119778,0.8250761684542488,0.18319331773463104,34.5,0.9594198050806197,0.05175652087379421,0.9594198050806197,0.03965503068936355,69.4,0.9761368893882143,0.03059830622006202,0.9761368893882143,0.031249271125025502
52.9,0.9853619559021122,0.019093026255936403,0.9853619559021122,0.026660995834831776,2622.0,0.9317948582854894,0.08867094059142636,0.9317948582854894,0.10846969730292842,30.0,0.9491470462309366,0.06349123307674508,0.9491470462309366,0.06501302630238726,2.3,0.9823040682320414,0.022638447961861,0.9823040682320414,0.02771738260731842,20.8,0.9746223583155816,0.033879908455577694,0.9746223583155816,0.039189705055864,54.0,0.8250761684542488,0.16319459460119778,0.8250761684542488,0.18319331773463104,33.3,0.9582684949648277,0.053121889222168164,0.9582684949648277,0.03978101486456574,71.8,0.976334823250998,0.030375764432870725,0.976334823250998,0.03215069703900288
19.2,0.9848737345073716,0.019593261145693614,0.9848737345073716,0.02674063562946339,2109.0,0.9311087030279653,0.08930566563173092,0.9311087030279653,0.11261037908355671,18.0,0.9477790911275952,0.06458221595650221,0.9477790911275952,0.06528854185471406,9.4,0.9823040682320414,0.022638447961861,0.9823040682320414,0.02771738260731842,5.61,0.9742463541028321,0.0342885794175778,0.9742463541028321,0.03938471675978015,51.0,0.8285703045419128,0.1617363612904909,0.8285703045419128,0.18406211165984662,23.9,0.9582684949648277,0.053121889222168164,0.9582684949648277,0.038546988173171766,63.8636053593179,0.9768230446457383,0.02988542542221859,0.9768230446457383,0.031191918218087422
72.5,0.9848737345073716,0.01959326114569325,0.9848737345073716,0.027614434393523794,1282.0,0.928703222073479,0.09211033087243564,0.928703222073479,0.118748064000677,55.0,0.9458153786072486,0.0675129262651998,0.9458153786072486,0.06976161278573519,-5.5,0.9823040682320414,0.022638447961861,0.9823040682320414,0.02865140665346796,12.78,0.9734710481997897,0.03529000938182963,0.9734710481997897,0.03970157502068005,40.0,0.8316101643023712,0.16060993463893997,0.8316101643023712,0.18328619938262772,31.0,0.9593733065098257,0.051493049291643986,0.9593733065098257,0.036447770788624295,63.8636053593179,0.9773971680521492,0.02935154817992358,0.9773971680521492,0.03210601059342699
80.0,0.9837404738004271,0.021162967188178224,0.9837404738004271,0.029331469984499835,1394.0,0.928703222073479,0.09211033087243564,0.928703222073479,0.118748064000677,65.0,0.9452628711271897,0.06820681236565897,0.9452628711271897,0.07037745471679917,-0.8,0.9816484381347572,0.023598852841345254,0.9816484381347572,0.02935650435447736,16.22,0.9756575591431196,0.03193394114875651,0.9756575591431196,0.03537473782462161,46.0,0.8342759294698271,0.15971679958700882,0.8342759294698271,0.1821240107663069,32.2,0.961337019030172,0.048483638678659256,0.961337019030172,0.03556887237766952,63.1,0.9778179003379163,0.028860359045397903,0.9778179003379163,0.03129033283407302
77.6,0.9833644695876775,0.021580567097949668,0.9833644695876775,0.03165842429274794,1593.0,0.928703222073479,0.09211033087243564,0.928703222073479,0.118748064000677,48.0,0.9460700073788054,0.06700704303677406,0.9460700073788054,0.06833331118624697,-4.7,0.9819461134281394,0.023181872608753075,0.9819461134281394,0.027014305897518454,18.24,0.9749714038855951,0.032644479972045407,0.9749714038855951,0.035586355412081765,53.0,0.8379223048452958,0.157981169638437,0.8379223048452958,0.18140245623920953,32.9,0.9616471700749465,0.048192588477886364,0.9616471700749465,0.03592456628440806,65.5,0.9793271652576103,0.02689585591163292,0.9793271652576103,0.02945745232781405
50.6,0.9835425399376435,0.021389144074256676,0.9835425399376435,0.031008974802782342,1817.0,0.928703222073479,0.09211033087243564,0.928703222073479,0.118748064000677,40.0,0.9472213174945974,0.06567756638316433,0.9472213174945974,0.06580179855875921,-7.8,0.9805864696964648,0.02521440881082494,0.9805864696964648,0.031173054125614313,13.54,0.9719618541424374,0.036823242355669215,0.9719618541424374,0.0430929765100223,58.0,0.8379223048452958,0.157981169638437,0.8379223048452958,0.18140245623920953,30.6,0.9611979886272329,0.04890818581218434,0.9611979886272329,0.03839607757525579,70.2,0.9786410100000859,0.02761276763042997,0.9786410100000859,0.030591488663174526
18.0,0.982917435000599,0.022012132826250915,0.982917435000599,0.030445463056958597,1593.0,0.9305119474309137,0.09076159287060227,0.9305119474309137,0.11619804079468173,20.0,0.9457686766213346,0.06681146727606077,0.9457686766213346,0.06502688104006635,0.0,0.9796760074125036,0.026501418112514528,0.9796760074125036,0.03280833199029082,4.17,0.9702907541776548,0.03891601027415154,0.9702907541776548,0.043536426875418296,54.0,0.838474812325355,0.1574348594781859,0.838474812325355,0.17299982490809984,22.0,0.9600466785114409,0.0502797296122581,0.9600466785114409,0.037983935595483215,63.1,0.9791292313948265,0.027119820924883523,0.9791292313948265,0.03022474945700609
56.1,0.9844266999202931,0.02002642167795044,0.9844266999202931,0.026840985043292753,1453.0,0.9308096227242959,0.09038857920310353,0.9308096227242959,0.11731300364747217,49.0,0.9465917154211624,0.06603477433205782,0.9465917154211624,0.0646019160508056,3.9,0.9781667424928095,0.02846725930220023,0.9781667424928095,0.037232266267299086,11.67,0.9708285934354929,0.03835166080751655,0.9708285934354929,0.04417206229349684,54.0,0.8417894503754689,0.15326128963649757,0.8417894503754689,0.1660479933498649,29.8,0.9623598505231011,0.04769625961615188,0.9623598505231011,0.03660457945867468,67.5,0.9796068620044868,0.0265209753709654,0.9796068620044868,0.03046671450282041
52.5,0.9837511354478492,0.02085782670275203,0.9837511354478492,0.027471850196357322,1503.0,0.9310948222662857,0.09015704754116934,0.9310948222662857,0.11711383874590374,20.0,0.9475021777051233,0.06483090404120348,0.9475021777051233,0.06192949302605556,-5.5,0.9763863664753679,0.030974323305533683,0.9763863664753679,0.03966728651520646,9.87,0.9719799035512849,0.036949240620135,0.9719799035512849,0.0441313145681456,53.0,0.8445138005766369,0.1502740446770698,0.8445138005766369,0.1595691472954477,24.7,0.9642038872376893,0.04570836376946313,0.9642038872376893,0.03641709602733653,68.2,0.9796068620044868,0.0265209753709654,0.9796068620044868,0.0310962903821124
18.4,0.9822418705281551,0.022840855337333533,0.9822418705281551,0.030650394465601565,1411.0,0.9310948222662857,0.09015704754116864,0.9310948222662857,0.11648886941273247,49.0,0.9475021777051233,0.06483090404120348,0.9475021777051233,0.06192949302605556,14.8,0.9774018363428663,0.029805952288626387,0.9774018363428663,0.03881155875754031,3.9,0.9731131642582295,0.03541727054182371,0.9731131642582295,0.04324227020612977,50.0,0.8445138005766367,0.15027404467706948,0.8445138005766367,0.16193679127662003,20.8,0.9645015625310716,0.04530587370117389,0.9645015625310716,0.03799549764906873,63.9,0.9780975970847927,0.02848664169834495,0.9780975970847927,0.0340422675567124
65.5,0.9809287253672746,0.02443893406649563,0.9809287253672746,0.03326459494793321,1393.0,0.9306477876792074,0.09053166625563756,0.9306477876792074,0.11438943241087224,55.0,0.9475021777051233,0.06483090404120348,0.9475021777051233,0.06192949302605556,1.6,0.9767767314058219,0.030419495593048827,0.9767767314058219,0.041471589690121644,13.16,0.9728903658352459,0.03568250725496736,0.9728903658352459,0.043009975626145135,53.0,0.8451694306739209,0.14955081999670453,0.8451694306739209,0.16150363699810613,30.6,0.9639706709773641,0.04575926333198934,0.9639706709773641,0.039473535354280775,65.9,0.9763172210673509,0.030993485544330793,0.9763172210673509,0.03731043039960388
63.5,0.9800750905448647,0.025454298873422293,0.9800750905448647,0.03364232775276879,1470.0,0.932601994537105,0.08897412935008235,0.932601994537105,0.11411720675444599,54.0,0.9473403426600349,0.06498148161319664,0.9473403426600349,0.06251208271842626,0.8,0.9775997702056497,0.029582945646382624,0.9775997702056497,0.03861282598547993,13.69,0.9732005168800205,0.035383505746533005,0.9732005168800205,0.042191423627994634,56.0,0.8479266142822344,0.14848296166157213,0.8479266142822344,0.1629296012610052,31.0,0.9638088359322755,0.045916042023971995,0.9638088359322755,0.03867434851098979,66.7,0.9754635862449411,0.031998141358905254,0.9754635862449411,0.04026765143761245
47.1,0.9793144528640432,0.02630073666919459,0.9793144528640432,0.03607939136559567,1565.0,0.9329121455818797,0.08870619112210922,0.9329121455818797,0.11450314909977599,38.0,0.9463671028942086,0.06613652343014532,0.9463671028942086,0.06713021416833055,3.9,0.9771790379198826,0.030073708636282153,0.9771790379198826,0.037445699149695436,10.81,0.9727882285186985,0.03575136460371541,0.9727882285186985,0.042946478217279864,58.0,0.8479266142822344,0.14848296166157213,0.8479266142822344,0.1629296012610052,29.4,0.9634689305372213,0.0462555960811936,0.9634689305372213,0.039274047709861516,70.2,0.9729310164711228,0.03520703342434623,0.9729310164711228,0.045361442492593364
46.7,0.9785622591076667,0.027026976966407722,0.9785622591076667,0.03512523762018547,1554.0,0.9327142117190961,0.08890589690782827,0.9327142117190961,0.11405670892877479,47.0,0.944768758191338,0.06785643607435071,0.944768758191338,0.07161687751649044,3.9,0.9755079379551002,0.03218995020716033,0.9755079379551002,0.039101290517041976,10.99,0.9729662988686643,0.03556467848696312,0.9729662988686643,0.04198570384957522,56.0,0.8515011500165167,0.14665658112853222,0.8515011500165167,0.1565865007616319,29.4,0.9629310912793831,0.04681092926678454,0.9629310912793831,0.03819421832749322,70.2,0.9713846550499171,0.036826276196777426,0.9713846550499171,0.04690993508830335
48.2,0.9793375650107093,0.02601347390406994,0.9793375650107093,0.03253668114258412,1534.0,0.9340738554507707,0.08706879552212413,0.9340738554507707,0.10944102493899471,18.0,0.9471742391458244,0.06493345212047041,0.9471742391458244,0.06934831677585167,3.1,0.9753298676051343,0.03237777407737833,0.9753298676051343,0.0376724762545703,10.73,0.9714570339489702,0.0375024145096816,0.9714570339489702,0.04376966033342763,55.0,0.8556942771538607,0.1440750994828854,0.8556942771538607,0.15337694541793742,29.4,0.9650513726918792,0.044028499554702775,0.9650513726918792,0.035594644318963996,69.8,0.9703691851824188,0.037979725292441736,0.9703691851824188,0.049819462535192836
17.6,0.9807653232395297,0.02446069351096322,0.9807653232395297,0.0317089414704237,1438.0,0.9336531231650036,0.08751064518070396,0.9336531231650036,0.11250489726552435,45.0,0.9471742391458242,0.06493345212047041,0.9471742391458242,0.06819184802725727,0.0,0.9761835024275438,0.03137359580174712,0.9761835024275438,0.03763977687859112,3.84,0.9709688125542298,0.03798606593819751,0.9709688125542298,0.04361089376277324,48.0,0.8545304912866764,0.14505552341351288,0.8545304912866764,0.15446814201959866,20.8,0.9653490479852617,0.04362511287280135,0.9653490479852617,0.03514037825374261,61.2,0.9717003797521471,0.036231403424286976,0.9717003797521471,0.04941121218874814
16.1,0.9818111604623413,0.023345029262688322,0.9818111604623413,0.030539339053412128,823.0,0.9327994883425936,0.08841726318732172,0.9327994883425936,0.11531147621888543,48.0,0.9453938631283825,0.06728905225994589,0.9453938631283825,0.0723022142503653,3.9,0.9746010602728856,0.033648596381258854,0.9746010602728856,0.0411825321523375,4.42,0.9713448167669794,0.03758029030017974,0.9713448167669794,0.043858197667130054,40.0,0.8537074524868483,0.14566872994376986,0.8537074524868483,0.1574671336539144,20.4,0.9640575187507326,0.044897816147581864,0.9640575187507326,0.03593287270310081,67.8,0.9714027044587646,0.03663988641716931,0.9714027044587646,0.04859056995319577
66.3,0.9813229390676007,0.02384127794339947,0.9813229390676007,0.03127935335109382,1366.0,0.9329363718848976,0.08830884128736122,0.9329363718848976,0.11567352881846871,65.0,0.9452157927784165,0.06746409720735326,0.9452157927784165,0.0711894921987206,-3.1,0.976183502427544,0.03137359580174713,0.976183502427544,0.0374851191254164,13.55,0.9715676151899629,0.037315936126926186,0.9715676151899629,0.04462412291201528,45.0,0.8539926520288383,0.14547963314146276,0.8539926520288383,0.15477483285198343,31.0,0.9634154467038549,0.04543469547651834,0.9634154467038549,0.03792632730220962,65.5,0.9717003797521471,0.036231403424286976,0.9717003797521471,0.050448548485595573
75.3,0.9810681068809239,0.02417243142692647,0.9810681068809239,0.030892407423819993,1570.0,0.9332465229296724,0.08804056464070287,0.9332465229296724,0.11656623426541032,61.0,0.9449056417336418,0.06774331334598266,0.9449056417336418,0.07211052079253967,-8.6,0.9750786908825462,0.03305584118084823,0.9750786908825462,0.038650693751694956,17.17,0.9709688125542298,0.03798606593819716,0.9709688125542298,0.04527276252918356,52.0,0.853337021931554,0.14621595006476218,0.853337021931554,0.15520798713049733,32.5,0.9639092027510465,0.04503384439510867,0.9639092027510465,0.03654554061147491,65.9,0.9719552119388237,0.03590669411850526,0.9719552119388237,0.04844134141153146
71.4,0.9810681068809239,0.02417243142692647,0.9810681068809239,0.030892407423819993,1774.0,0.9310374838850978,0.08989701648890788,0.9310374838850978,0.11710367969185426,51.0,0.9426370443214596,0.07053893555367653,0.9426370443214596,0.07633214108046062,-3.1,0.9742250560601363,0.034057347078851385,0.9742250560601363,0.03959483550633818,18.92,0.9673142691090614,0.043711352174596554,0.9673142691090614,0.05510850273845051,57.0,0.8506531597139041,0.14729521463566234,0.8506531597139041,0.1536810863907633,32.9,0.9639092027510465,0.04503384439510867,0.9639092027510465,0.03747541412884069,67.1,0.9709397420713252,0.03706182740484588,0.9709397420713252,0.049357210862491493
60.8,0.9810681068809239,0.02417243142692647,0.9810681068809239,0.030892407423819993,1912.0,0.9310374838850978,0.08989701648890788,0.9310374838850978,0.11710367969185426,20.0,0.9397723751796008,0.07334268863810461,0.9397723751796008,0.080881899081284,-7.0,0.9737780214730578,0.03447899162952975,0.9737780214730578,0.041096546051020054,17.2,0.9692977125894473,0.040074561179772886,0.9692977125894473,0.04691929515210487,52.0,0.8506531597139041,0.14729521463566234,0.8506531597139041,0.1536810863907633,32.2,0.9635692973559921,0.04537374828872671,0.9635692973559921,0.040143890598584954,68.6,0.968984524863567,0.039166036327264564,0.968984524863567,0.051576263008927065
17.3,0.9802450680810959,0.025016667272346544,0.9802450680810959,0.030434488741129844,1563.0,0.9310374838850978,0.08989701648890788,0.9310374838850978,0.11710367969185426,54.0,0.9405476810826433,0.07240927083772793,0.9405476810826433,0.07948918219890892,0.0,0.9744031264101021,0.03387005632212028,0.9744031264101021,0.038436515118438735,3.99,0.9706289071591754,0.038331159157512625,0.9706289071591754,0.04740008851142358,46.0,0.8506531597139041,0.14729521463566234,0.8506531597139041,0.1536810863907633,21.6,0.9641001889096996,0.04492035591443352,0.9641001889096996,0.03991736118560927,63.1,0.9695223641214049,0.03860264306202,0.9695223641214049,0.0506819677871468
68.6,0.9799473927877137,0.025432343389672527,0.9799473927877137,0.030909793750164147,1712.0,0.930782651698421,0.09019246474091502,0.930782651698421,0.11524595595496875,56.0,0.9407456149454271,0.07220410096830762,0.9407456149454271,0.07842980418364283,-6.2,0.9737780214730578,0.03447899162952975,0.9737780214730578,0.041096546051020054,17.37,0.9708517055821589,0.038067184840364074,0.9708517055821589,0.046500849555579954,55.0,0.8523242596786865,0.14569062909721994,0.8523242596786865,0.15367989361444667,32.5,0.9656465503309055,0.04332710094780827,0.9656465503309055,0.03656324810687492,67.5,0.9695223641214049,0.03860264306202,0.9695223641214049,0.0506819677871468
66.7,0.9794095535298756,0.02600948470777015,0.9794095535298756,0.030743371594284342,1849.0,0.9316362865208309,0.08928978334557029,0.9316362865208309,0.11317945594279946,57.0,0.9410557659902016,0.07192778055003904,0.9410557659902016,0.07624246230379583,0.0,0.9741179268681122,0.034131347603516285,0.9741179268681122,0.03955555860852878,18.85,0.9700910679013373,0.03889539509733641,0.9700910679013373,0.04824552696102348,58.0,0.8508149947589927,0.14717805719169644,0.8508149947589927,0.15506981942897208,32.9,0.9646007131080939,0.04440190965120444,0.9646007131080939,0.038007188129514737,67.8,0.9677029481569365,0.04082402706866406,0.9677029481569365,0.055586556671744336
57.6,0.9785005998493679,0.026995918637988718,0.9785005998493679,0.03140704182295322,1933.0,0.9300254950261797,0.09044483712398668,0.9300254950261797,0.11524900337482959,19.0,0.9435624803281584,0.06961919337024815,0.9435624803281584,0.07209799636255246,-3.9,0.9735438034617018,0.03466049956817592,0.9735438034617018,0.0405221803245032,16.21,0.9685447064801316,0.04050369703736407,0.9685447064801316,0.053380343417090456,52.0,0.849106114425323,0.14934165088464824,0.849106114425323,0.16228775397938877,31.8,0.9639145578505697,0.04509500943617549,0.9639145578505697,0.041601497204456696,69.0,0.9677029481569365,0.04082402706866406,0.9677029481569365,0.055586556671744336
80.0,0.9785005998493679,0.02699591863798908,0.9785005998493679,0.032834449009454245,1756.0,0.928564033865613,0.09198207898553196,0.928564033865613,0.11730852002346992,70.0,0.9455261928485047,0.06670050081184685,0.9455261928485047,0.06834783455835688,6.2,0.9735438034617018,0.03466049956817592,0.9735438034617018,0.0405221803245032,20.09,0.9687675049031151,0.040240826993859544,0.9687675049031151,0.05464412723331136,54.0,0.8505675755858897,0.14806038712258343,0.8505675755858897,0.15785280801024132,33.7,0.9656399913727725,0.04319246440620971,0.9656399913727725,0.040852859509125816,66.7,0.9677029481569365,0.04082402706866406,0.9677029481569365,0.055586556671744336
80.8,0.9793236386491959,0.026154923543746603,0.9793236386491959,0.029553965798014486,1820.0,0.9291018731234512,0.09147461877922591,0.9291018731234512,0.11574945898070468,47.0,0.9463014987515473,0.06575518803747962,0.9463014987515473,0.06856214419478535,3.1,0.9735438034617018,0.03466049956817592,0.9735438034617018,0.0405221803245032,21.67,0.9678585512226073,0.041202652234698545,0.9678585512226073,0.05601942464558658,56.0,0.8472529375357756,0.15231046459296133,0.8472529375357756,0.164596185215382,34.1,0.9656399913727725,0.04319246440620971,0.9656399913727725,0.040717322353775384,66.3,0.9677029481569365,0.04082402706866406,0.9677029481569365,0.055586556671744336
40.0,0.9806367838100767,0.02456186424294511,0.9806367838100767,0.02731605537100455,1795.0,0.929777437595895,0.09074235243218687,0.929777437595895,0.11480780656415845,35.0,0.9458132773568068,0.0662107435358068,0.9458132773568068,0.06832285466127402,0.0,0.9735438034617018,0.03466049956817592,0.9735438034617018,0.0405221803245032,8.74,0.9678585512226073,0.041202652234698545,0.9678585512226073,0.05461298308092656,52.0,0.8418945764947562,0.16068336421771073,0.8418945764947562,0.1457867303429286,25.1,0.9649843612754883,0.04412209324450331,0.9649843612754883,0.04145623273812041,72.2,0.9677029481569365,0.04082402706866406,0.9677029481569365,0.055586556671744336
18.4,0.9801591532004162,0.0251623210982035,0.9801591532004162,0.027303267736151392,1684.0,0.9312388987564617,0.08920077846743324,0.9312388987564617,0.11274828991551812,46.0,0.9458132773568068,0.0662107435358068,0.9458132773568068,0.06832285466127402,3.1,0.9731677992489521,0.03506838767223855,0.9731677992489521,0.04049285984962856,4.38,0.9662602065197368,0.04300788680377152,0.9662602065197368,0.05917693023845315,53.0,0.8412389463974719,0.16139421370381754,0.8412389463974719,0.14674863281544903,22.0,0.9640754075949804,0.045076207418206435,0.9640754075949804,0.04407007797250311,63.1,0.9680609029608382,0.040295254717175114,0.9680609029608382,0.05566405388315483
52.5,0.9801591532004162,0.0251623210982035,0.9801591532004162,0.027303267736151392,1798.0,0.9319250540139857,0.08856586906018349,0.9319250540139857,0.11276932595626903,45.0,0.9458132773568068,0.0662107435358068,0.9458132773568068,0.06832285466127402,-0.8,0.9752511875750568,0.032592544178740475,0.9752511875750568,0.03673681006160336,13.88,0.9662602065197368,0.04300788680377152,0.9662602065197368,0.05877980850125948,56.0,0.8419995840782936,0.16079540490786481,0.8419995840782936,0.1424186253271593,31.0,0.9631649453110194,0.04632197320876522,0.9631649453110194,0.04447601249759574,70.2,0.967405272863554,0.04122932484577676,0.967405272863554,0.058247549711489745
18.4,0.9813104633162082,0.023730076361913665,0.9813104633162082,0.02548886228516134,1872.0,0.9317632189688971,0.08870948178175228,0.9317632189688971,0.11502177018471606,18.0,0.9456153434940232,0.066418436361896,0.9456153434940232,0.06995446485563041,6.2,0.9758499902107897,0.031915942903631235,0.9758499902107897,0.03793630520807152,5.47,0.9666181613236389,0.042480756575907844,0.9666181613236389,0.05930944502349364,52.0,0.840866323371349,0.16193998754317854,0.840866323371349,0.14453932456010649,26.3,0.9626124378309604,0.04704218524092398,0.9626124378309604,0.04377977489312225,69.4,0.9667496427662698,0.042162091907457296,0.9667496427662698,0.06067362155677144
18.0,0.981012788022826,0.024146611188503357,0.981012788022826,0.026203112764749417,1694.0,0.9305994331017127,0.08987977427801204,0.9305994331017127,0.11693387841878133,45.0,0.9458701756806999,0.0661110936718242,0.9458701756806999,0.07129266018139822,5.5,0.9755523149174075,0.032327581850791924,0.9755523149174075,0.039044562318134454,4.47,0.9662602065197368,0.04300788680377152,0.9662602065197368,0.05610344451975348,50.0,0.8377496191840186,0.16591639483167045,0.8377496191840186,0.1517261586336532,22.0,0.9620599303509012,0.04776154001473579,0.9620599303509012,0.042205130503838326,63.1,0.9681092864979445,0.04018302502233569,0.9681092864979445,0.05545997901903494
51.0,0.9812355864458095,0.023876404798039923,0.9812355864458095,0.026514221944572106,1644.0,0.9317220032016233,0.08915855913872182,0.9317220032016233,0.11689901369926889,49.0,0.9454494433949328,0.06656883271825469,0.9454494433949328,0.07107008417507185,-3.1,0.9759730472031746,0.03183865066805607,0.9759730472031746,0.040747696279389053,12.6,0.9658394742339697,0.043486812100262354,0.9658394742339697,0.056311489128689565,48.0,0.8360785192192359,0.1674432793114209,0.8360785192192359,0.1546413971762835,30.2,0.9628829691507294,0.04695319751140589,0.9628829691507294,0.04054517763510713,69.4,0.968869924178766,0.03935764174268033,0.968869924178766,0.0539382073784415
13.7,0.9792718739254632,0.027001542367612947,0.9792718739254632,0.029379697508308433,1605.0,0.9329155723786994,0.08834970195199252,0.9329155723786994,0.11850642633640147,20.0,0.9465542549399308,0.06497911947203437,0.9465542549399308,0.06982269496661322,0.0,0.9768835094871355,0.030561666892821134,0.9768835094871355,0.039703670905778796,3.76,0.9661371495273519,0.043082906978455376,0.9661371495273519,0.054941160870568426,35.0,0.8357683681744614,0.16764771114797078,0.8357683681744614,0.15594360301522614,21.6,0.9643107273795497,0.045458802265343885,0.9643107273795497,0.039329235838778454,74.9,0.968332084920928,0.039920207707328764,0.968332084920928,0.0573134043165202
21.2,0.9772884304450773,0.0307039922270278,0.9772884304450773,0.030747898572703537,1120.0,0.9322294171211754,0.08898558427013341,0.9322294171211754,0.12254603149413883,53.0,0.9488228523521133,0.06215717623378852,0.9488228523521133,0.06691522100901404,-5.5,0.9773042417729028,0.030071270250008775,0.9773042417729028,0.03935509521501665,3.58,0.9657248611660298,0.04344459076458273,0.9657248611660298,0.054499514950688825,36.0,0.8382903953470229,0.16677988510880498,0.8382903953470229,0.1546443000569852,18.8,0.9634876885797217,0.04626973884983496,0.9634876885797217,0.03892136904742314,57.3,0.9681341510581444,0.04013887268175209,0.9681341510581444,0.05854034075427388
58.0,0.9772884304450773,0.0307039922270278,0.9772884304450773,0.03034535071614643,1257.0,0.9302709707537679,0.09142141290120692,0.9302709707537679,0.12849628392364676,34.0,0.9509510576978198,0.06023823715865775,0.9509510576978198,0.06580729836257457,3.1,0.9770814433499194,0.030338938013595697,0.9770814433499194,0.039604009218094455,10.12,0.96223215276595,0.048960701832993614,0.96223215276595,0.06321973591183876,40.0,0.8409364306954158,0.1657960879843698,0.8409364306954158,0.15522674052283814,24.7,0.9611032437736083,0.049764494559260165,0.9611032437736083,0.04246423505273772,64.7,0.968295986103233,0.039980355766114965,0.968295986103233,0.05746740591255103
38.0,0.9772884304450773,0.0307039922270278,0.9772884304450773,0.032871011303449195,1582.0,0.9314347566209521,0.0902535408812706,0.9314347566209521,0.12648308350965115,31.0,0.9509510576978198,0.06023823715865775,0.9509510576978198,0.06502354168995958,-2.3,0.9759085173077757,0.03154977519196383,0.9759085173077757,0.04167160939603046,8.99,0.9608725090342753,0.05091464671708661,0.9608725090342753,0.06406370123588097,52.0,0.8386005463917974,0.16657414068726814,0.8386005463917974,0.15567248411130466,27.5,0.9590198554475036,0.052165083281030325,0.9590198554475036,0.04532447522364705,72.2,0.9686528586081208,0.03969491112157739,0.9686528586081208,0.059389667879084784
40.8,0.9775432626317541,0.030375865818106727,0.9775432626317541,0.032293748927543525,1910.0,0.9302411874438758,0.09105831353384493,0.9302411874438758,0.1249778544072018,20.0,0.9493004829617734,0.06159532673004155,0.9493004829617734,0.06529321185293396,0.8,0.9766607110641522,0.03082910164882536,0.9766607110641522,0.03901608200835169,11.42,0.9608725090342753,0.05091464671708661,0.9608725090342753,0.06664996776244798,58.0,0.8360785192192359,0.1674432793114209,0.8360785192192359,0.1568539308730967,29.8,0.9574374132928454,0.05436390583282723,0.9574374132928454,0.04884213080839918,72.2,0.9676708811661885,0.0405812541228748,0.9676708811661885,0.05867699835194477
19.2,0.9775432626317541,0.030375865818106727,0.9775432626317541,0.03247603127771359,1861.0,0.9302411874438758,0.09105831353384458,0.9302411874438758,0.12254164514810607,19.0,0.9467937686238168,0.06394142374543538,0.9467937686238168,0.06926712165742273,0.0,0.9776339508299783,0.029597656113314247,0.9776339508299783,0.036685673073711206,5.32,0.9605748337408931,0.05131377888113465,0.9605748337408931,0.06672192635051659,47.0,0.8362565895692019,0.16731286185026753,0.8362565895692019,0.15759922016165112,23.1,0.9560777695611706,0.056299735872754934,0.9560777695611706,0.05229985810113677,63.1,0.9678489515161545,0.04039650771046814,0.9678489515161545,0.05920004093650279
17.6,0.9764100019248095,0.03192103770915247,0.9764100019248095,0.03366401729274436,1584.0,0.9287069254112037,0.09376534188226672,0.9287069254112037,0.12422246078999089,35.0,0.9454341248921421,0.06584022180174243,0.9454341248921421,0.07178184904655938,4.7,0.9764826407141863,0.03101740951223793,0.9764826407141863,0.03958247329573926,4.39,0.9605748337408931,0.05131377888113465,0.9605748337408931,0.06542365523619258,49.0,0.8370172272500235,0.16672471279007017,0.8370172272500235,0.15654193306008518,22.0,0.954904843519027,0.0574510802932682,0.954904843519027,0.051412416532980516,62.7,0.969805251022927,0.038053157029163155,0.969805251022927,0.05524383184119203
42.4,0.9748116572219389,0.033758640439778415,0.9748116572219389,0.035655982017291865,1637.0,0.9265866439987075,0.09632176456994694,0.9265866439987075,0.13038423671572769,50.0,0.9448353222564089,0.06647299420916962,0.9448353222564089,0.07109391658836561,-1.6,0.9776339508299783,0.02959765611331497,0.9776339508299783,0.03821396457186993,10.3,0.9592616885800124,0.052836271882195925,0.9592616885800124,0.06746317145789643,50.0,0.8335245188499436,0.17094339030906186,0.8335245188499436,0.1631166792046053,28.6,0.9540512086966172,0.0584088287297848,0.9540512086966172,0.05284627891669987,71.8,0.9701812552356766,0.037647928746289645,0.9701812552356766,0.05455074921282566
57.3,0.9740363513188964,0.034761105094026,0.9740363513188964,0.03547601569471622,1688.0,0.924622931478361,0.09911348368270738,0.924622931478361,0.13573347571471914,48.0,0.9448353222564089,0.06647299420916962,0.9448353222564089,0.07109391658836561,-3.9,0.9776339508299783,0.02959765611331497,0.9776339508299783,0.03875528908872749,14.29,0.95730538907324,0.05512226622307086,0.95730538907324,0.07015926397308386,51.0,0.8306255475881053,0.17202746422811074,0.8306255475881053,0.16310837076399576,31.0,0.9518492171781273,0.06086143077590994,0.9518492171781273,0.05472123567784115,69.0,0.9698233004317746,0.0381789016602817,0.9698233004317746,0.05519747731358157
18.0,0.9731258890349352,0.036030271887549266,0.9731258890349352,0.03655409087497503,1692.0,0.9233520453787645,0.09993635759975023,0.9233520453787645,0.13343669770050115,20.0,0.9451454733011837,0.0661933851578392,0.9451454733011837,0.07215959054669202,0.0,0.9770961115721403,0.030171076655890985,0.9770961115721403,0.04062664455136141,4.63,0.9557590276520341,0.05668147885379677,0.9557590276520341,0.07018791531610222,34.0,0.8331846134548891,0.1711813223887382,0.8331846134548891,0.16257660497296753,22.0,0.9498929176713548,0.06311155726335713,0.9498929176713548,0.05523113254357671,76.5,0.9676367894884447,0.041499917137411205,0.9676367894884447,0.06111655222376831
19.2,0.9733807212216121,0.03570500582479024,0.9733807212216121,0.03574282794023501,956.0,0.9245158312459492,0.09878959956159376,0.9245158312459492,0.12964791398703127,36.0,0.9461907264785736,0.06547069017488259,0.9461907264785736,0.07300446327379069,3.1,0.9754250116073576,0.03228696306589279,0.9754250116073576,0.04206782235334804,2.88,0.954101485737658,0.058316444652049056,0.954101485737658,0.071448249329237,9.0,0.836046546022505,0.170090575044734,0.836046546022505,0.16159226630439052,19.6,0.9483465562501486,0.06464428587384334,0.9483465562501486,0.05579878880883022,63.1,0.9668296532368291,0.04275091471006441,0.9668296532368291,0.06532283602932111
40.4,0.972470258937651,0.03697239087016567,0.972470258937651,0.039099881399664436,792.0,0.9245158312459492,0.09878959956159376,0.9245158312459492,0.12964791398703127,32.0,0.9480640996376036,0.06387420391608363,0.9480640996376036,0.07225312840839011,2.3,0.9750042793215905,0.0327754107884201,0.9750042793215905,0.04283921858823867,4.52,0.9534458556403738,0.05922385967808069,0.9534458556403738,0.07313363057496855,0.0,0.8382455467838195,0.16940896564941008,0.8382455467838195,0.1630814944799998,20.4,0.9491536925017646,0.06343719466658801,0.9491536925017646,0.055386426195029224,52.9,0.9666317193740452,0.0429686354826228,0.9666317193740452,0.06559133205267233
43.9,0.9748116572219389,0.0327661250184132,0.9748116572219389,0.03606194650723011,920.0,0.9207129718010946,0.10410532285137745,0.9207129718010946,0.1374874345654036,45.0,0.9498527870267124,0.06232022229444295,0.9498527870267124,0.07081713222921436,2.3,0.9743287148491466,0.03358975455989467,0.9743287148491466,0.04309943956703083,6.63,0.9544190954062001,0.058052117753332556,0.9544190954062001,0.07366063705387814,6.0,0.8406910977664217,0.16854865117979737,0.8406910977664217,0.16177142067896993,26.3,0.9502585040467625,0.06183700700518714,0.9502585040467625,0.05522831219923963,54.1,0.9674853541964551,0.041983265111135704,0.9674853541964551,0.06222490062812799
18.4,0.975467287319223,0.03181879038412043,0.975467287319223,0.03507446923561228,2464.0,0.9183285269949811,0.10728434382734069,0.9183285269949811,0.14277449641870357,47.0,0.9500011030263985,0.06218908018382331,0.9500011030263985,0.06906103831822884,-1.6,0.9740738826624696,0.033915908925838074,0.9740738826624696,0.042774504705760504,6.49,0.9587157108982463,0.051933345576044024,0.9587157108982463,0.0642205767473031,23.0,0.84122893702426,0.1681487775549275,0.84122893702426,0.16020117705924047,24.7,0.9535137458016378,0.05764286498409259,0.9535137458016378,0.05069267697638648,64.7,0.9688165487661834,0.04024595048045029,0.9688165487661834,0.05816285654697621
62.0,0.9751093325153213,0.03235494739826832,0.9751093325153213,0.037462656334471454,2054.0,0.9188167483897215,0.10686587164877345,0.9188167483897215,0.14064524528830086,50.0,0.9489856331589002,0.06328828572403479,0.9489856331589002,0.06816571956837171,-6.2,0.9744946149482369,0.03342844671824478,0.9744946149482369,0.04271146957416484,19.02,0.958715710898246,0.05193334557604402,0.958715710898246,0.06679064664992,32.0,0.8380227483608359,0.16959939112443462,0.8380227483608359,0.16190761837538015,32.9,0.9553331617661065,0.05548834931402924,0.9553331617661065,0.050933887368574064,68.2,0.9677299386570101,0.04120788326839013,0.9677299386570101,0.057903613615923624
59.2,0.9747333283025715,0.032764423722365967,0.9747333283025715,0.03641209580730649,2787.0,0.9190715805763983,0.10657948384844443,0.9190715805763983,0.13934657112990492,46.0,0.9508050491233686,0.0611558517541396,0.9508050491233686,0.06626419900136983,-2.3,0.9751502450455213,0.03248187991824521,0.9751502450455213,0.043406923054333094,24.92,0.9575427848561026,0.05309359344967177,0.9575427848561026,0.06939988630852427,39.0,0.835376713012443,0.1705641329380927,0.835376713012443,0.1614747924909586,34.5,0.9539304520384071,0.05681181882142641,0.9539304520384071,0.05331893099007918,71.0,0.9661237826896577,0.042715528482136965,0.9661237826896577,0.05827224316016636
63.1,0.9765527442670404,0.03051077754243598,0.9765527442670404,0.03376888001757061,2144.0,0.9225642889764781,0.10154515569493165,0.9225642889764781,0.1289183522073638,50.0,0.9524761490881514,0.05914684443114302,0.9524761490881514,0.06493120527441544,-4.7,0.9764633902064018,0.03090441963326645,0.9764633902064018,0.03952338379840699,19.98,0.9589539898963898,0.050808698475226656,0.9589539898963898,0.06818633155653447,47.0,0.835376713012443,0.1705641329380927,0.835376713012443,0.1614747924909586,33.3,0.955290095770082,0.05488142008195827,0.955290095770082,0.05350933662067835,68.6,0.9663217165524414,0.04249787948518625,0.9663217165524414,0.054972713024374446
59.6,0.9768504195604226,0.030098142566999983,0.9768504195604226,0.03236371663456959,2378.0,0.925955456488571,0.09818800115436932,0.925955456488571,0.124336727005543,51.0,0.9523278330884652,0.05927885251479292,0.9523278330884652,0.06362945734597773,0.0,0.9753120800906098,0.03232084677819455,0.9753120800906098,0.0411387066422999,21.59,0.9597611261480056,0.04957524855821264,0.9597611261480056,0.06471421017513719,51.0,0.835376713012443,0.1705641329380927,0.835376713012443,0.1614747924909586,33.7,0.95801444597125,0.05108653593408646,0.95801444597125,0.047401708010946786,70.6,0.9679278725197935,0.040989535074159165,0.9679278725197935,0.05357565024004997
74.1,0.9774029270404818,0.029356907755582373,0.9774029270404818,0.030355272193800405,2586.0,0.9276868649234852,0.09689381645405097,0.9276868649234852,0.12460877308625774,20.0,0.9528803405685244,0.05857401004537789,0.9528803405685244,0.0606696295250988,1.6,0.9744031264101021,0.03329706557529128,0.9744031264101021,0.04390878202153345,28.96,0.9611888843768259,0.04809004370725351,0.9611888843768259,0.063482093183176,56.0,0.835376713012443,0.1705641329380927,0.835376713012443,0.1614747924909586,35.7,0.9603276179829103,0.04851098238265417,0.9603276179829103,0.04488589233176423,69.0,0.9681506709427773,0.04072695610604073,0.9681506709427773,0.054472599792533515
46.7,0.9764924647565209,0.030635723691122607,0.9764924647565209,0.032112520440527606,1866.0,0.9295602380825151,0.09539706112344351,0.9295602380825151,0.12311109332986298,46.0,0.9542399843001991,0.05664842599453461,0.9542399843001991,0.057006338623886585,0.0,0.9735494915876922,0.03429762553354268,0.9735494915876922,0.04510433230858353,16.17,0.963032921091414,0.04610553984276875,0.963032921091414,0.06124329614091515,58.0,0.8318392159723832,0.17222679477546035,0.8318392159723832,0.16746528704069158,31.8,0.9613734552057217,0.04744583202415631,0.9613734552057217,0.044123984804788366,74.1,0.9663702949253352,0.04318468940263854,0.9663702949253352,0.057415979311367625
59.2,0.9769700953661808,0.03004028108542044,0.9769700953661808,0.03192275303763933,1683.0,0.9286512844020076,0.09626286800079722,0.9286512844020076,0.12475230577488641,66.0,0.9539423090068168,0.05704279505650281,0.9539423090068168,0.05961029454686317,7.0,0.9736978075873783,0.03415846352124429,0.9736978075873783,0.043607404165440185,16.07,0.963032921091414,0.04610553984276875,0.963032921091414,0.06124329614091515,53.0,0.8283465075723033,0.17638751054064508,0.8283465075723033,0.17978094832283634,32.5,0.9628012134345423,0.045954726002313276,0.9628012134345423,0.04282234196560142,69.4,0.9677814999656225,0.04086285596621953,0.9677814999656225,0.05146426448370125
60.4,0.9769700953661808,0.03004028108542044,0.9769700953661808,0.03392281474364911,1860.0,0.9285144008597036,0.09636950009741936,0.9285144008597036,0.1250189367677822,53.0,0.953632157962042,0.057328385025263946,0.953632157962042,0.058096819382967145,-3.1,0.9741754381970387,0.03356653809226239,0.9741754381970387,0.04316745718966253,17.03,0.9618691352242296,0.04737396195761385,0.9618691352242296,0.06304827427506013,58.0,0.8322862505594617,0.17194561462398172,0.8322862505594617,0.17229941446855987,32.2,0.9647575129413146,0.043635718955445955,0.9647575129413146,0.04259002779770918,68.6,0.9691126945353508,0.0391234338067225,0.9691126945353508,0.049115768030395204
81.2,0.9783813004064683,0.02767265570749751,0.9783813004064683,0.032619590674048196,2123.0,0.9285144008597037,0.09636950009742005,0.9285144008597037,0.1245516238989949,65.0,0.9555906043294498,0.05475196207253729,0.9555906043294498,0.05458657326223078,-3.1,0.9746530688066989,0.032974015799931485,0.9746530688066989,0.04094833769062046,25.65,0.9609190076050697,0.048285284043311,0.9609190076050697,0.06567792341199628,68.0,0.8327744719542022,0.17161549829620312,0.8327744719542022,0.17115925887655162,35.3,0.9662189741018813,0.041954350288821975,0.9662189741018813,0.04390502946402373,67.5,0.969410369828733,0.03871672933262369,0.969410369828733,0.048479460782045077
79.6,0.9776059945034258,0.028683813309880124,0.9776059945034258,0.03537375607486237,2285.0,0.9263861955139968,0.09815380205917103,0.9263861955139968,0.12423538686579584,62.0,0.955335772142773,0.05506585755264207,0.955335772142773,0.05424525706915595,-3.9,0.9754761076065269,0.03214155178526096,0.9754761076065269,0.03924056609125299,27.13,0.960158369924248,0.049096312277065825,0.960158369924248,0.06553818274117383,73.0,0.8302154060874182,0.17245936958167074,0.8302154060874182,0.17230867607762798,35.7,0.965415067009915,0.04265213683479006,0.965415067009915,0.0450667721350631,68.2,0.9696331682517165,0.038453197053490144,0.9696331682517165,0.04686834728173349
71.4,0.9772958434586512,0.0289863961616702,0.9772958434586512,0.03507605332855469,2461.0,0.9248527209418663,0.09924790859213808,0.9248527209418663,0.12203197951326268,58.0,0.955335772142773,0.05506585755264207,0.955335772142773,0.05520701862102504,2.3,0.9749984769968667,0.032735009566350434,0.9749984769968667,0.040041443911673295,26.53,0.9606075513719616,0.04838162602655877,0.9606075513719616,0.06126636086897265,77.0,0.8270822182663554,0.1736840444691368,0.8270822182663554,0.17463094876014454,34.9,0.9630095860554287,0.04569337244335885,0.9630095860554287,0.048113130164457105,69.8,0.9682219632114293,0.04078321435025857,0.9682219632114293,0.04906924600142932
20.0,0.9759951740491628,0.030418403315137694,0.9759951740491628,0.03569186990622439,2317.0,0.9250145559869549,0.09910743424271605,0.9250145559869549,0.11865234136914715,20.0,0.9526366224697033,0.05786392922699966,0.9526366224697033,0.058421820526258834,0.0,0.9755509844769258,0.03199673805366393,0.9755509844769258,0.038466447678768244,6.84,0.9606075513719616,0.04838162602655877,0.9606075513719616,0.06371840657628713,63.0,0.8296775668295802,0.17284837755393004,0.8296775668295802,0.1740094851079737,25.5,0.9598729474929389,0.04988137308051543,0.9598729474929389,0.05484289903159685,63.5,0.9670706530956371,0.04217530771644314,0.9670706530956371,0.05122376258855144
40.0,0.9753395439518786,0.031367214822447316,0.9753395439518786,0.038085201564607395,2114.0,0.9260300258544535,0.09807875022063113,0.9260300258544535,0.11882629936223241,80.0,0.9510541803150451,0.06003747515270047,0.9510541803150451,0.0637375661481204,6.2,0.9740895233163591,0.03371050868496224,0.9740895233163591,0.039376383879552244,16.74,0.9608623835586384,0.0480640640027678,0.9608623835586384,0.06452243790348383,67.0,0.8304382045104017,0.17227232921316465,0.8304382045104017,0.17295219800640776,32.5,0.9602309022968408,0.04936050059639559,0.9602309022968408,0.05516535742591479,72.9,0.9688510291130791,0.03971382305794005,0.9688510291130791,0.04828038306971733
100.0,0.9748903625041649,0.03210139133614082,0.9748903625041649,0.03946768354886727,2261.0,0.925277832098077,0.09870487939325068,0.925277832098077,0.11767816604577452,81.0,0.9504290753780009,0.060613555938871674,0.9504290753780009,0.06343375183931209,2.3,0.9751049931838572,0.03254788736091605,0.9751049931838572,0.037228153884965504,35.29,0.9606075513719615,0.04838162602655983,0.9606075513719615,0.06443954360386377,71.0,0.8289289395907077,0.17365974942407172,0.8289289395907077,0.17283362045322842,38.4,0.9598729474929387,0.04988137308051612,0.9598729474929387,0.05704814914986395,67.1,0.9688510291130791,0.03971382305794005,0.9688510291130791,0.04828038306971733
91.0,0.9742147980317211,0.03291610165876204,0.9742147980317211,0.04102507267171857,2383.0,0.9191588333762357,0.10905810658646839,0.9191588333762357,0.1081249015623674,21.0,0.9493758251416154,0.06235254906521198,0.9493758251416154,0.061795902024968014,-3.9,0.9753598253705342,0.03222101154420284,0.9753598253705342,0.038368222296138337,10.03,0.9579563784057579,0.051587729871458314,0.9579563784057579,0.06724170648561001,61.0,0.8281683019098861,0.17423290241978573,0.8281683019098861,0.17509045567510623,26.3,0.9577895591668342,0.05227835182473619,0.9577895591668342,0.05961283298198007,65.5,0.9704334712677373,0.03746277546715,0.9704334712677373,0.04510681052045523
19.6,0.9751237517122285,0.031939727923442046,0.9751237517122285,0.04069960478028493,2018.0,0.9162649276118889,0.1134628839819369,0.9162649276118889,0.11332096252492288,66.0,0.9493758251416154,0.062352549065211635,0.9493758251416154,0.060348454050076696,-0.8,0.9761351312735767,0.03121509166232637,0.9761351312735767,0.037379562235991974,6.12,0.9556432063940975,0.05414890064665247,0.9556432063940975,0.0739346844197655,68.0,0.8298394018746689,0.1727404921107244,0.8298394018746689,0.17630040160572086,29.8,0.9564299154351595,0.05421791227339183,0.9564299154351595,0.0618719905688796,63.1,0.9687245909340676,0.040202451827183114,0.9687245909340676,0.05069916321593317
77.6,0.9761695889350399,0.03083879655811064,0.9761695889350399,0.03927123880028825,2326.0,0.9162649276118889,0.1134628839819369,0.9162649276118889,0.11332096252492288,20.0,0.9523853748847733,0.058356873744139934,0.9523853748847733,0.05908194510691923,1.6,0.9779545472380454,0.028955147050261084,0.9779545472380454,0.03304831512365929,27.08,0.9536869068873249,0.05642275186577389,0.9536869068873249,0.07769803307896017,72.0,0.8298394018746689,0.1727404921107244,0.8298394018746689,0.175100853485409,35.3,0.9577611100048878,0.05251877817313107,0.9577611100048878,0.06116940079722484,68.2,0.9697778411704528,0.03840118369868017,0.9697778411704528,0.04860298431774948
19.2,0.9775007835047682,0.029069679739373,0.9775007835047682,0.03652714116290117,2226.0,0.9170255652927105,0.11274597616420853,0.9170255652927105,0.11266617243472918,21.0,0.9546539722969556,0.055499902973986416,0.9546539722969556,0.05627759545792207,0.0,0.977614641842991,0.029306053496810498,0.977614641842991,0.03433234986710011,6.49,0.9562194766611433,0.05333716216835655,0.9562194766611433,0.07549525199542845,33.67243525896414,0.8296775668295802,0.17284837755393004,0.8296775668295802,0.1740094851079737,24.7,0.9572834793952273,0.05309071421563613,0.9572834793952273,0.06461079246603055,63.5,0.9714867215041225,0.035655205784239516,0.9714867215041225,0.042296553483336045
18.8,0.9780386227626063,0.0284954020819772,0.9780386227626063,0.03558896261830708,1367.0,0.9176243679284436,0.11216454890259908,0.9176243679284436,0.11520417195112133,20.0,0.9541763416872954,0.05606832086977093,0.9541763416872954,0.05783300925499792,3.9,0.9767916030431629,0.030142850049459685,0.9767916030431629,0.03449096334361422,3.87,0.9584214681796334,0.050854709998669874,0.9584214681796334,0.07163954818972618,29.0,0.8323984677414528,0.17189834965161155,0.8323984677414528,0.17329679717885504,20.8,0.9557371179740215,0.054653168720447114,0.9557371179740215,0.06938654666953925,60.4,0.9726199822110672,0.0341225463046343,0.9726199822110672,0.03899701343409846
18.4,0.976610864533786,0.03003777082039085,0.976610864533786,0.037469824602111165,938.0,0.9158439919110019,0.11434713754478644,0.9158439919110019,0.12118948127717105,28.0,0.9515372681096254,0.06051697842221262,0.9515372681096254,0.06322794754770734,13.3,0.9757761331756647,0.03131010190627986,0.9757761331756647,0.03615196243867297,2.11,0.9596013794843491,0.04977363429174653,0.9596013794843491,0.06874469316186149,22.0,0.8322501517417666,0.17199113316222903,0.8322501517417666,0.1750761389450439,18.0,0.9557371179740215,0.054653168720447114,0.9557371179740215,0.06938654666953925,67.8,0.9728748143977439,0.0337969592725324,0.9728748143977439,0.03873326846875679
41.6,0.9755650273109744,0.03114008807962525,0.9755650273109744,0.03948127963090193,779.0,0.9152451892752688,0.11492572456030849,0.9152451892752688,0.12228492549635309,36.0,0.9485277183664675,0.06450192313975818,0.9485277183664675,0.07018385475076729,0.0,0.9763749358113976,0.030632328137664738,0.9763749358113976,0.03441105946047315,3.77,0.9598241779073325,0.049515516098703555,0.9598241779073325,0.06999974255562122,10.0,0.8302938522349941,0.17366300278787963,0.8302938522349941,0.17574566216556664,20.0,0.9570502631349023,0.05313929056325707,0.9570502631349023,0.06851645680140651,58.4,0.9734273218778028,0.03306097886049168,0.9734273218778028,0.03834217979878805
47.1,0.9748894628385305,0.031956059084301894,0.9748894628385305,0.039542325679149275,696.0,0.9144845515944471,0.11563906420351466,0.9144845515944471,0.12347269807859976,20.0,0.9488253936598497,0.06411233532520631,0.9488253936598497,0.06940125983834737,3.9,0.9784952172238939,0.02777314890029425,0.9784952172238939,0.031153130829517952,6.92,0.9596013794843491,0.049773634291747235,0.9596013794843491,0.07270929712025531,8.0,0.8271572136725042,0.1767441509347901,0.8271572136725042,0.18283189066518182,27.5,0.9579038979573118,0.052173506107263186,0.9579038979573118,0.06963393484825547,55.3,0.9731724896911261,0.033386953570736934,0.9731724896911261,0.03904463312001314
14.9,0.9757999251224915,0.030680667380454305,0.9757999251224915,0.03661322360449124,900.0,0.9155000214619454,0.11464292462590113,0.9155000214619454,0.12019360141093852,50.0,0.9507816931666221,0.061867087842027796,0.9507816931666221,0.0671158814742919,0.0,0.9795106870913921,0.02659879592430662,0.9795106870913921,0.028736540690203566,4.26,0.9615576789911218,0.04747072525971044,0.9615576789911218,0.06827335258117584,13.0,0.8278128437697886,0.1760616034114292,0.8278128437697886,0.18412643898345238,22.0,0.9590371586642565,0.05068296332056479,0.9590371586642565,0.06751946354849436,62.4,0.9731724896911261,0.033386953570736934,0.9731724896911261,0.03904463312001314
56.5,0.9740910447888219,0.03344812625431428,0.9740910447888219,0.040479968880240774,1557.0,0.9148244569895015,0.11534426023117333,0.9148244569895015,0.1237313109631345,60.0,0.9503346585795438,0.062264744421940146,0.9503346585795438,0.06857828953028967,-3.1,0.9792558549047156,0.026928597398838763,0.9792558549047156,0.031032128045402077,13.0,0.9626035162139331,0.04640294544631553,0.9626035162139331,0.06775039109651174,22.0,0.8276347734198226,0.17618809861393558,0.8276347734198226,0.18429797263370237,29.8,0.9606947005786325,0.049025316492201994,0.9606947005786325,0.06687924860371804,74.1,0.9723971837880836,0.03438793692335127,0.9723971837880836,0.04058816779419263
72.5,0.9739129744388562,0.033635430180411326,0.9739129744388562,0.03831842220446029,2053.0,0.9132136654948505,0.11642693078091373,0.9132136654948505,0.1215684200918737,63.0,0.9491833484637517,0.06360325492033665,0.9491833484637517,0.0701629789846783,1.6,0.9784022200823057,0.02793998618340696,0.9784022200823057,0.032487146751371265,11.256157120272407,0.9633641538947548,0.04558752744504062,0.9633641538947548,0.06562097726181264,28.0,0.8276347734198226,0.17618809861393558,0.8276347734198226,0.18429797263370237,34.1,0.9583815285669721,0.051600707921237846,0.9583815285669721,0.07100178622524954,67.8,0.9706168077706419,0.036868732596207085,0.9706168077706419,0.04239226582638412
80.8,0.9764754895949356,0.02986301055147269,0.9764754895949356,0.03546508543812604,1458.0,0.912873760099796,0.11672066141949608,0.912873760099796,0.12559930457409765,67.0,0.9470630670512555,0.06629289610558249,0.9470630670512555,0.07237837717203191,-10.9,0.9778497126022465,0.028682813325558977,0.9778497126022465,0.03169088298276094,17.63,0.964314281513915,0.044670985473278246,0.964314281513915,0.06454353999433002,36.0,0.8276347734198226,0.17618809861393558,0.8276347734198226,0.18429797263370237,32.9,0.9587394833708741,0.05108134445986639,0.9587394833708741,0.07311341520977009,63.5,0.9717500684775863,0.035338935283404066,0.9717500684775863,0.0391974417069232
82.7,0.9778351333266102,0.02784574995727327,0.9778351333266102,0.032934523244970246,1915.0,0.9111648797661264,0.11914110308971369,0.9111648797661264,0.13092099283746228,65.0,0.9463769117937315,0.06695636575370248,0.9463769117937315,0.0722278187017151,-7.8,0.9778497126022465,0.028682813325558616,0.9778497126022465,0.032511229695424027,23.5,0.9632684442911034,0.04574272255504736,0.9632684442911034,0.0674709625919319,45.0,0.8276347734198226,0.17618809861393558,0.8276347734198226,0.18429797263370237,34.5,0.9581869758908151,0.05179525785777731,0.9581869758908151,0.0763738392511583,66.3,0.9719480023403699,0.03511841490679454,0.9719480023403699,0.03955741267992151
79.6,0.9767018726196658,0.029394337046471243,0.9767018726196658,0.03502465897881092,2292.0,0.910149409898628,0.12012629951013586,0.910149409898628,0.13208996331259737,58.0,0.9465387468388198,0.06680630159380588,0.9465387468388198,0.07456438884301606,-0.8,0.9794480573051173,0.02683085208393606,0.9794480573051173,0.030238021390606173,27.21,0.9622529744236051,0.046876478140479017,0.9622529744236051,0.06993434545189992,48.0,0.8237625623921582,0.17809202897743157,0.8237625623921582,0.19133147792491925,35.7,0.9557691712119137,0.05443009310034611,0.9557691712119137,0.08181129444449743,68.2,0.9722028345270467,0.03479332622292436,0.9722028345270467,0.03909542009013253
82.4,0.9775090088712812,0.028118813696418873,0.9775090088712812,0.031498864277925157,1678.0,0.9089856240314436,0.12122403463584162,0.9089856240314436,0.13447020314341995,67.0,0.9479067019421612,0.06572020265608398,0.9479067019421612,0.07443791856991308,2.3,0.9805528688501151,0.025133720551442928,0.9805528688501151,0.028785929565697987,20.32,0.9597204046497867,0.050000372262023536,0.9597204046497867,0.07390113658382566,53.0,0.819046932416437,0.18088447999337362,0.819046932416437,0.1931347408199012,33.7,0.9544776419773848,0.055674383731810405,0.9544776419773848,0.0849225719749855,65.9,0.9712923722430857,0.036059949039838946,0.9712923722430857,0.04116953007954244
81.6,0.9775090088712812,0.028118813696418873,0.9775090088712812,0.031498864277925157,2143.0,0.9092084224544271,0.12099829403836979,0.9092084224544271,0.13206241076296113,43.0,0.9525003715873628,0.059483516181466904,0.9525003715873628,0.06635267231389866,-3.1,0.9797775629470725,0.026149229017490155,0.9797775629470725,0.031119944195952272,26.39,0.9597204046497867,0.05000037226202319,0.9597204046497867,0.07390113658382566,70.0,0.816254191863378,0.1817751236033178,0.816254191863378,0.1927594618255809,35.3,0.954028460529671,0.056380785502287985,0.954028460529671,0.08421349430976031,67.5,0.971037540056409,0.0363843837921182,0.971037540056409,0.044057036672172825
41.2,0.9775090088712812,0.028118813696418873,0.9775090088712812,0.031498864277925157,1506.438032627222,0.9094632546411038,0.12071948434685506,0.9094632546411038,0.134003809670611,42.0,0.9560702400750615,0.05504907036506449,0.9560702400750615,0.05937772608453495,6.2,0.9786443022401281,0.027702986324249605,0.9786443022401281,0.03389775839257825,14.74,0.9590647745525026,0.05091928681659568,0.9590647745525026,0.07328365188008046,73.0,0.8134265916508333,0.18265702450664845,0.8134265916508333,0.19369059010098622,31.0,0.9529752102932857,0.05813155278567838,0.9529752102932857,0.08539729548537846,73.3,0.9701270777724478,0.0376479169977027,0.9701270777724478,0.04452094341853674
18.4,0.9772633168595637,0.028324588972659315,0.9772633168595637,0.029942665322139767,2219.0,0.915044414105107,0.11105585354489404,0.915044414105107,0.14945607661602964,20.0,0.9548848163934762,0.0560465123829412,0.9548848163934762,0.05924894308729829,0.0,0.9777353485596205,0.028687038140891827,0.9777353485596205,0.0358209870294465,6.1,0.9576620648248032,0.05225525184569058,0.9576620648248032,0.07486197710415293,62.0,0.8121134464899528,0.18371048845388965,0.8121134464899528,0.19837434683582617,24.3,0.9521713032013194,0.05880515628802555,0.9521713032013194,0.08641626166997483,76.9,0.9687437202280791,0.03890236463075175,0.9687437202280791,0.04519824859448677
71.0,0.9781169516819735,0.027314769171760588,0.9781169516819735,0.02883896202481215,1855.0,0.9172309250484368,0.10809161270470415,0.9172309250484368,0.14470730827621014,47.0,0.9542092519210326,0.05682662897613189,0.9542092519210326,0.060769079038851224,7.0,0.97613700385675,0.03053256789069404,0.97613700385675,0.03732771639706105,19.89,0.9568390260249752,0.05305421432163867,0.9568390260249752,0.07571022098164859,58.0,0.8115756072321146,0.18407862978813141,0.8115756072321146,0.19768008264043546,33.7,0.9530798429605267,0.05805872146291131,0.9530798429605267,0.08480702267881308,67.5,0.9685209218050956,0.03916553559332535,0.9685209218050956,0.043864223706463326
18.4,0.978892257585016,0.026301974556379212,0.978892257585016,0.028134960489916223,1907.0,0.9212261613492014,0.10380587511623453,0.9212261613492014,0.1384074570331241,18.0,0.956771767077112,0.053196223654874635,0.956771767077112,0.055163489224077975,0.0,0.9756899692696713,0.030956715823831863,0.9756899692696713,0.037611769138630215,5.11,0.9582667842537955,0.05157916523112807,0.9582667842537955,0.07332791993534066,51.0,0.8110447156784073,0.1843606596086114,0.8110447156784073,0.19720574340299477,23.1,0.9546262043817324,0.056506621574400555,0.9546262043817324,0.08337898068396196,63.5,0.9682981233821121,0.039428581359921444,0.9682981233821121,0.0447396925017424
81.6,0.9796675634880586,0.025287541329887333,0.9796675634880586,0.02738014427931936,1754.0,0.9209713291625244,0.1040938401376956,0.9209713291625244,0.1411805312766849,28.0,0.9585521430945538,0.05078307361807245,0.9585521430945538,0.05107066679653446,7.0,0.9739645357474687,0.032902334810939814,0.9739645357474687,0.03987774389294624,21.43,0.9599243261681715,0.0499245385101713,0.9599243261681715,0.0728700419486476,57.0,0.8110447156784073,0.1843606596086117,0.8110447156784073,0.19721896459594035,33.7,0.9562837462961086,0.05486750441784539,0.9562837462961086,0.08273365583165122,66.3,0.9673248836162858,0.0406378087692732,0.9673248836162858,0.04513463137191776
18.4,0.9808313493552432,0.023967338658452218,0.9808313493552432,0.025443081821185157,1720.0,0.9202106914817031,0.1048217844755435,0.9202106914817031,0.1425856734882638,19.0,0.9574188823876091,0.05227268271340364,0.9574188823876091,0.05478601691541323,3.1,0.9730144081283085,0.03384041562648803,0.9730144081283085,0.042905169503643655,4.52,0.9609701633909831,0.04886141940411502,0.9609701633909831,0.07164771846927487,25.0,0.8120979659147926,0.1830550802742355,0.8120979659147926,0.19198795129308188,21.6,0.9568825489318414,0.054218788085838646,0.9568825489318414,0.08373990205332278,63.5,0.9673248836162858,0.0406378087692732,0.9673248836162858,0.04755372084641071
51.0,0.9808313493552432,0.023967338658452218,0.9808313493552432,0.025240526783443722,799.0,0.9194500538008814,0.10554838326198514,0.9194500538008814,0.1450621518210751,88.0,0.9580176850233422,0.05162149243689022,0.9580176850233422,0.05439950364780555,4.7,0.9727916097053252,0.0341059848341745,0.9727916097053252,0.041281286998020306,3.91,0.9595674536632837,0.050203342171823,0.9595674536632837,0.07474818057856364,23.0,0.8117580605197381,0.18327819229974335,0.8117580605197381,0.19072198261137327,20.4,0.9549273317240831,0.05625523468763962,0.9549273317240831,0.08814699063723196,60.4,0.967877391096345,0.039910151345679594,0.967877391096345,0.046928382949643695
100.0,0.9813838568353023,0.023219492877694866,0.9813838568353023,0.023471397402803136,1282.0,0.9201127314242501,0.10517061553953441,0.9201127314242501,0.14601733160379562,81.0,0.9605343032746555,0.04890536007934728,0.9605343032746555,0.05010477836895265,0.0,0.9730144081283085,0.03384041562648767,0.9730144081283085,0.04055598438670177,21.5,0.95911827221557,0.05091635244470233,0.95911827221557,0.07860048000178338,38.0,0.8117580605197381,0.18327819229974365,0.8117580605197381,0.19833362161312806,37.3,0.9537940710171386,0.05773225478432415,0.9537940710171386,0.09357869046106547,52.2,0.9683550217060052,0.03932480173161721,0.9683550217060052,0.04737668870056943
91.8,0.9807082923628582,0.024046043116394054,0.9807082923628582,0.02435080775135597,1650.0,0.919560223944191,0.10582084751619687,0.919560223944191,0.14866782089537894,74.0,0.9593829931588636,0.05027587813595004,0.9593829931588636,0.05101949632877793,-6.2,0.9741657182441006,0.0324292992994603,0.9741657182441006,0.03809179803400847,22.46,0.9576905139867495,0.05239383746415802,0.9576905139867495,0.08274900041327599,33.67243525896414,0.815756777829083,0.17685228780118478,0.815756777829083,0.22075331432451356,34.9,0.954767310782965,0.05655851921292784,0.954767310782965,0.09202200423041508,63.1,0.9681001895193284,0.03964733858666546,0.9681001895193284,0.048901021124827616
78.0,0.9795569822470662,0.025477002807379898,0.9795569822470662,0.0259342999536678,2109.0,0.9173511848996164,0.10760113114329861,0.9173511848996164,0.15120759310478932,38.0,0.9588226744143227,0.050695628670542295,0.9588226744143227,0.05132678566782001,-3.9,0.9749410241471431,0.031424838455959773,0.9749410241471431,0.037888684936290544,22.2,0.9573325591828478,0.052912100138166995,0.9573325591828478,0.08243098445110791,68.0,0.8178770592415793,0.1748665032021619,0.8178770592415793,0.22008266521093006,32.9,0.9559005714899094,0.0550784607736605,0.9559005714899094,0.08659030440658158,67.5,0.966966928812384,0.04116602951472408,0.966966928812384,0.051463425219905115
49.0,0.9785750048051339,0.026388487937501214,0.9785750048051339,0.025221630426527787,2299.0,0.9160802988000198,0.10840361319003372,0.9160802988000198,0.14982431846923736,39.0,0.9578494346484965,0.05188079477764279,0.9578494346484965,0.05363726978858194,-1.6,0.9749410241471431,0.031424838455959773,0.9749410241471431,0.03710063853782423,17.05,0.957988189280132,0.05199633473976166,0.957988189280132,0.0828224091313178,70.0,0.8160966832241375,0.1766246456071554,0.8160966832241375,0.22190374574232768,32.2,0.9549273317240831,0.05625523468763962,0.9549273317240831,0.08814699063723196,72.2,0.9652671649315294,0.042734631523300336,0.9652671649315294,0.05040424412660268
19.2,0.976812830223517,0.02819668034426382,0.976812830223517,0.02633889614048731,2212.0,0.9165685201947604,0.10798704101057856,0.9165685201947604,0.14585541228054186,19.0,0.9582986160962101,0.05116924271106404,0.9582986160962101,0.05559305117984537,0.0,0.9755966542444273,0.030476470348066085,0.9755966542444273,0.03686283954052172,6.29,0.9562793089464624,0.054673184438196416,0.9562793089464624,0.08909929759150284,57.0,0.813976401811641,0.17859955012724604,0.813976401811641,0.2250607808626665,24.7,0.9534180668043891,0.058122220897409184,0.9534180668043891,0.09239123374861656,63.5,0.9648464326457623,0.0432131449905432,0.9648464326457623,0.049683601402250296
18.8,0.9749518420694878,0.03006864237384999,0.9749518420694878,0.026851703488045848,1271.0,0.9165685201947604,0.10798704101057824,0.9165685201947604,0.1460756777869289,32.0,0.9578494346484966,0.05188079477764279,0.9578494346484966,0.055809441351399064,11.7,0.9767479643602195,0.029057431595956012,0.9767479643602195,0.0355521935486012,3.44,0.9560244767597856,0.05498734824086474,0.9560244767597856,0.08766883615051477,20.0,0.8134881804169005,0.17891342547272918,0.8134881804169005,0.22231365476455023,20.0,0.9530781614093348,0.058453410176022576,0.9530781614093348,0.09114984585030704,61.2,0.963873192879936,0.04441395686186634,0.963873192879936,0.05178823802599802
41.6,0.9740413797855269,0.03134344631716578,0.9740413797855269,0.027764359601026443,797.0,0.9156595665142528,0.10882562275399214,0.9156595665142528,0.14791458964063417,36.0,0.9599697160609929,0.049125328626309035,0.9599697160609929,0.05422219647457001,3.9,0.9773220877666301,0.028523111376637003,0.9773220877666301,0.03472553385371043,4.55,0.9560244767597856,0.0549873482408644,0.9560244767597856,0.08972713400105721,4.0,0.8125062029749683,0.17947546309048637,0.8125062029749683,0.22443469215165646,20.8,0.9536306688893937,0.0577474800189436,0.9536306688893937,0.08810968731530587,54.9,0.9625135491482614,0.04637788841651903,0.9625135491482614,0.05424644627350257
43.5,0.9734425771497935,0.03201907209524156,0.9734425771497935,0.028818959204251357,1503.0,0.9166750363817512,0.10782031894246887,0.9166750363817512,0.14747347244410852,40.0,0.9599697160609929,0.049125328626309035,0.9599697160609929,0.05422219647457001,0.0,0.9790475212888329,0.026562664889678102,0.9790475212888329,0.031136925891556803,8.58,0.9572043880645014,0.053914386756003865,0.9572043880645014,0.08934466124806797,16.0,0.8126545189746545,0.1793877183717984,0.8126545189746545,0.2247511396599331,25.9,0.953375836702717,0.05805987108632903,0.953375836702717,0.08789408359445969,61.2,0.9613802884413168,0.04787934307300147,0.9613802884413168,0.0582216119641349
48.6,0.9751136771145764,0.02990724360537981,0.9751136771145764,0.026016005354258104,1825.0,0.9177437671932969,0.10693675208597306,0.9177437671932969,0.14818758572313825,47.0,0.9601180320606788,0.048990545128476365,0.9601180320606788,0.05342186200651495,-1.6,0.9795251518984931,0.0259635996838539,0.9795251518984931,0.03196465239943348,13.02,0.9572043880645015,0.05391438675600387,0.9572043880645015,0.08827494629225424,25.0,0.8131923582324924,0.17901565933936497,0.8131923582324924,0.22540280310724303,30.6,0.9509913918966035,0.06148595112602582,0.9509913918966035,0.0901446602266052,63.8636053593179,0.9609595561555497,0.04835352700753223,0.9609595561555497,0.060888522540273965
54.1,0.9758889830176188,0.028899750645985853,0.9758889830176188,0.024956266188900962,2323.0,0.9150856424557481,0.10913866763608651,0.9150856424557481,0.1468521291705,33.0,0.9593108958090631,0.050224976667820956,0.9593108958090631,0.05346270726990178,-3.9,0.9795251518984931,0.0259635996838539,0.9795251518984931,0.031870385583319824,18.66,0.9556060433616308,0.05567698274948187,0.9556060433616308,0.09185378083986488,33.0,0.809731766186267,0.18034562344796978,0.809731766186267,0.22592646738984934,32.5,0.9490329455291957,0.0640349967493666,0.9490329455291957,0.0974746879519032,71.0,0.9595916010522081,0.04948192149605155,0.9595916010522081,0.06176530043089599
60.8,0.9755913077242366,0.029312326853228297,0.9755913077242366,0.025375786053049357,1688.0,0.9136241812951814,0.11061671394422432,0.9136241812951814,0.14998523778442333,55.0,0.9585037595574474,0.05145726167467746,0.9585037595574474,0.05485010145338879,-3.1,0.9784203403534952,0.027657954995879256,0.9784203403534952,0.034543252490347245,14.97,0.956083673971291,0.055107433963315564,0.956083673971291,0.08862205115196625,40.0,0.809731766186267,0.18034562344796978,0.809731766186267,0.22592646738984934,31.4,0.9495854530092549,0.06333559874838691,0.9495854530092549,0.09546912383214555,68.6,0.9591139704425479,0.050056562797318786,0.9591139704425479,0.05899680164817678
19.2,0.9765017700081978,0.028033507646759277,0.9765017700081978,0.02431092401370551,1740.0,0.9141018119048416,0.11010339664026082,0.9141018119048416,0.1454054000745221,49.0,0.959816904718328,0.049934195002614805,0.959816904718328,0.0527920484332315,3.9,0.9781226650601128,0.028072025195148016,0.9781226650601128,0.03726982948500183,4.91,0.9557257191673892,0.05562374501237685,0.9557257191673892,0.09142470054768281,44.0,0.809731766186267,0.18034562344796978,0.809731766186267,0.22592646738984934,27.8,0.95063870324564,0.06159728190707435,0.95063870324564,0.09460248108148284,60.8,0.9584583403452636,0.05097481469888961,0.9584583403452636,0.06036968810391513
59.2,0.9765017700081976,0.028033507646759274,0.9765017700081976,0.023626878559634187,1495.0,0.9162074291623312,0.10855307857651231,0.9162074291623312,0.14558004397325594,50.0,0.959816904718328,0.049934195002614805,0.959816904718328,0.0527920484332315,2.3,0.9773620273792911,0.028914660982409773,0.9773620273792911,0.03662953481681496,13.04,0.9557257191673892,0.05562374501237685,0.9557257191673892,0.09068425568182331,48.0,0.809731766186267,0.18034562344796978,0.809731766186267,0.22592646738984934,30.6,0.9508935354323168,0.061286824951815484,0.9508935354323168,0.09232994514169375,67.8,0.9560738955391501,0.05443837740882943,0.9560738955391501,0.06533266824770995
57.3,0.9765017700081976,0.028033507646758916,0.9765017700081976,0.023128474255424948,1621.0,0.9182389529427493,0.10702780957804259,0.9182389529427493,0.14351997244238002,20.0,0.9587636544819428,0.05170342417506277,0.9587636544819428,0.05696896753958029,0.8,0.9762572158342933,0.030601804916282224,0.9762572158342933,0.03739612376723619,13.98,0.9570853628990639,0.053687724025885786,0.9570853628990639,0.08817114326136954,49.0,0.8064604285215866,0.18148243349211837,0.8064604285215866,0.22722306123403907,31.0,0.9511912107256992,0.06089515841604191,0.9511912107256992,0.09161422396076936,69.0,0.9558190633524734,0.054752530034443116,0.9558190633524734,0.0660471286605733
20.8,0.9754863001406993,0.029202587705593367,0.9754863001406993,0.023421472928183047,1001.0,0.9199703613776636,0.10576412808452426,0.9199703613776636,0.14404391700305022,31.0,0.9600767996428233,0.05018024404550239,0.9600767996428233,0.05604806831627543,0.0,0.9757795852246332,0.03119651665488857,0.9757795852246332,0.03806421758141842,3.14,0.9570853628990639,0.053687724025885786,0.9570853628990639,0.08645705231627998,33.67243525896414,0.8033437243342563,0.18516974769698427,0.8033437243342563,0.23106289327585194,18.0,0.9502179709598731,0.06205962317771178,0.9502179709598731,0.09238520379959149,63.5,0.9554430591397238,0.055144593141161664,0.9554430591397238,0.0664106660853812
38.4,0.976339934963109,0.028195460863296908,0.976339934963109,0.02379056811986775,779.0,0.921083096855872,0.10502975245257162,0.921083096855872,0.14329168253954414,35.0,0.9614880046831108,0.04788461569391797,0.9614880046831108,0.05487699270687235,-7.0,0.9733951404185195,0.03477570840120886,0.9733951404185195,0.041182818026152195,4.26,0.9582582889412076,0.052528819960141256,0.9582582889412076,0.08249593403445107,0.0,0.802657569076732,0.18561503894914763,0.802657569076732,0.22832241791922148,20.4,0.9516206806875726,0.06074969457181964,0.9516206806875726,0.08915409778213375,52.5,0.9552649887897579,0.055324030577328105,0.9552649887897579,0.06548971809550348
41.2,0.976594767149786,0.027867013630780913,0.976594767149786,0.024698337648866992,807.0,0.9207005213018505,0.10530645615693923,0.9207005213018505,0.14242569822180734,38.0,0.96017485952223,0.04941337478986755,0.96017485952223,0.05579789193017722,-2.3,0.9724846781345585,0.03604398244412515,0.9724846781345585,0.04562982503270071,4.82,0.9602145884479799,0.05023503631088321,0.9602145884479799,0.07824670194997033,3.0,0.8053910674835744,0.184870299431587,0.8053910674835744,0.227556994181774,21.2,0.9530484389163927,0.05929508910579402,0.9530484389163927,0.08678414790702317,53.7,0.9548889845770083,0.05571561638791745,0.9548889845770083,0.06667116328312817
45.9,0.9756843048658248,0.029146114939241366,0.9756843048658248,0.026078285619319058,1819.0,0.9196850514343522,0.10631999948417566,0.9196850514343522,0.1432783343438714,21.0,0.9587636544819428,0.05170342417506277,0.9587636544819428,0.05696896753958029,-3.9,0.9733951404185195,0.03477570840120886,0.9733951404185195,0.04364795481496943,10.72,0.9576820186741616,0.05334291332006305,0.9576820186741616,0.08019461920398945,17.0,0.8088516595297996,0.18357514420175358,0.8088516595297996,0.2270333298991677,29.0,0.9522878012355711,0.06009005322637643,0.9522878012355711,0.08774516059058289,61.6,0.9532906398741379,0.05747049024456588,0.9532906398741379,0.06957497419287291
46.3,0.9752066742561646,0.02974117253179439,0.9752066742561646,0.025540863476349485,1703.0,0.9190862487986193,0.10690686712985603,0.9190862487986193,0.14269513258805297,37.0,0.9591216092858447,0.051183876696553596,0.9591216092858447,0.05732686437073308,3.1,0.9719673821896992,0.03630113558946945,0.9719673821896992,0.044310172944488434,11.38,0.9558379819595737,0.05530144906632008,0.9558379819595737,0.08348441297880885,27.0,0.8088516595297996,0.18357514420175358,0.8088516595297996,0.2270333298991677,29.4,0.9504683852711026,0.06222822038529685,0.9504683852711026,0.09172877529936026,71.4,0.9514172667151078,0.05908976865555736,0.9514172667151078,0.07034805417178182
42.4,0.9742962119722036,0.031016630406701825,0.9742962119722036,0.02649501154896072,2343.0,0.9203993939594999,0.10553149156737655,0.9203993939594999,0.13949387523478618,21.0,0.9567371644797313,0.05464949815746843,0.9567371644797313,0.0646778880442371,-5.5,0.9729828520571975,0.03514390428805503,0.9729828520571975,0.0437107359543864,15.68,0.9557268014664032,0.0553830382779933,0.9557268014664032,0.08245372569439562,31.0,0.8061517051643959,0.18433186463357296,0.8061517051643959,0.2254402557399598,31.8,0.9508252577759904,0.06195693019618004,0.9508252577759904,0.09082070255464936,73.7,0.9500618624929432,0.06010774149173667,0.9500618624929432,0.06953259728350664
62.4,0.9731914004272056,0.03269588703269728,0.9731914004272056,0.029368956076979192,1537.0,0.9240539374046683,0.10034469781511851,0.9240539374046683,0.13135801176399167,67.0,0.9556039037727868,0.05613147588644147,0.9556039037727868,0.06676744843372961,-6.2,0.9744106102860178,0.033615076329921945,0.9744106102860178,0.041694475431810936,14.54,0.9557268014664032,0.0553830382779933,0.9557268014664032,0.08228984962400553,37.0,0.8035665227572397,0.1849953304524017,0.8035665227572397,0.2265221269856839,31.4,0.9518407276434888,0.06085391206688874,0.9518407276434888,0.0898958689435606,69.0,0.9500618624929432,0.06010774149173667,0.9500618624929432,0.06988984839549069
81.6,0.9716821355075116,0.03463854664123282,0.9716821355075116,0.03083666785907884,1902.0,0.925600298825874,0.09891637708946945,0.925600298825874,0.13094984425643608,78.0,0.9556039037727868,0.05613147588644147,0.9556039037727868,0.06676744843372961,3.9,0.9768160912405041,0.030505424942439466,0.9768160912405041,0.03836942409496308,23.42,0.9543671577347286,0.05731367858159781,0.9543671577347286,0.08544926108361361,40.0,0.8014421736134838,0.18541320610316545,0.8014421736134838,0.2253412901441157,34.5,0.951585895456812,0.061164826964486135,0.951585895456812,0.09151158378038689,66.7,0.9492082276705335,0.06105771865026525,0.9492082276705335,0.07234107777589042
94.9,0.971484201644728,0.03485910052111725,0.971484201644728,0.030265333624663365,1669.0,0.925600298825874,0.09891637708946945,0.925600298825874,0.13094984425643608,77.0,0.9556039037727868,0.05613147588644147,0.9556039037727868,0.06676744843372961,2.3,0.9771137665338865,0.03009267207986374,0.9771137665338865,0.03645711338270881,23.98,0.9529393995059082,0.05877350986445027,0.9529393995059082,0.08811152116647454,55.0,0.7991743198554208,0.18587452905138438,0.7991743198554208,0.22424392304043123,35.7,0.9496306782490535,0.06317447497241443,0.9496306782490535,0.09341590254861278,62.0,0.9494630598572102,0.06074763359880113,0.9494630598572102,0.07035685507194826
82.7,0.9699017594900698,0.03711696282664129,0.9699017594900698,0.03351098082650992,2129.0,0.925600298825874,0.09891637708946945,0.925600298825874,0.13094984425643608,63.0,0.9556039037727868,0.05613147588644147,0.9556039037727868,0.06676744843372961,0.0,0.9775344988196536,0.029601951751626568,0.9775344988196536,0.03435370046345196,25.0,0.950879549630909,0.06086362873104678,0.950879549630909,0.08755343343491713,64.0,0.7902248289790457,0.1946298752272784,0.7902248289790457,0.21933371230062598,34.9,0.9487202159650925,0.06438292009794143,0.9487202159650925,0.09192748583658604,67.5,0.9496858582801937,0.06049506241973809,0.9496858582801937,0.06914819898984943
42.0,0.9693492520100107,0.037847829432456966,0.9693492520100107,0.03506251292270052,764.0,0.925600298825874,0.09891637708946945,0.925600298825874,0.13094984425643608,79.0,0.9556039037727868,0.05613147588644147,0.9556039037727868,0.06698388097061858,3.9,0.9788656933893818,0.027828562906767846,0.9788656933893818,0.03330530233861767,4.58,0.9495199058992341,0.06277582486826054,0.9495199058992341,0.08811335696943776,21.0,0.784445735652259,0.20230978436880945,0.784445735652259,0.21265732241200236,23.5,0.9471859539324203,0.06719286455561393,0.9471859539324203,0.09400015621424927,67.1,0.9536037776584377,0.05586788580689355,0.9536037776584377,0.06382765102985329
79.2,0.9687967445299516,0.03857783877992499,0.9687967445299516,0.03670968711974517,2114.0,0.925600298825874,0.09891637708946945,0.925600298825874,0.13094984425643608,46.0,0.9560530852205004,0.05542370337472308,0.9560530852205004,0.06336526027199998,-5.5,0.9794644960251147,0.02714639323721706,0.9794644960251147,0.0334454632798449,25.0,0.9481087008589469,0.06501894270448744,0.9481087008589469,0.09548987272394754,50.0,0.7821043373679712,0.2051520971364256,0.7821043373679712,0.2175990718346404,35.3,0.9438713158823062,0.07233525564803378,0.9438713158823062,0.10470396590010672,67.5,0.9563876131014288,0.05301044312690767,0.9563876131014288,0.0616211688194639
18.8,0.969452374627236,0.03764055135671408,0.969452374627236,0.0353271462111822,2485.0,0.92491414356835,0.09953841295645775,0.92491414356835,0.1326221225273661,45.0,0.9571063354568857,0.053663890528977826,0.9571063354568857,0.059431156646693115,4.7,0.9786891901220721,0.028159136328118724,0.9786891901220721,0.03540600537910322,7.17,0.947504632070275,0.06605252865257939,0.947504632070275,0.09747269384509544,52.0,0.7799178264246414,0.20732468303717733,0.7799178264246414,0.2201948764554394,25.9,0.9448015091263069,0.07057175917033927,0.9448015091263069,0.10058995020661006,63.9,0.9572980753853898,0.051780420323261626,0.9572980753853898,0.06272410235949688
52.9,0.9707655197881165,0.036079795737605475,0.9707655197881165,0.03325794797227469,1781.0,0.9247523085232614,0.09967879287978171,0.9247523085232614,0.13534636769591848,19.0,0.9558273038617984,0.0547246005524228,0.9558273038617984,0.05998970281045874,0.0,0.9780640851850277,0.028774590305820892,0.9780640851850277,0.03705353809956054,14.04,0.9465744388262746,0.06782590941696924,0.9465744388262746,0.1034204480631806,51.0,0.778864576188256,0.20852646935469404,0.778864576188256,0.21660416459445977,27.5,0.9457317023703073,0.06880464986351585,0.9457317023703073,0.09933738805614216,70.2,0.9581052116370056,0.05055006558230251,0.9581052116370056,0.06170602194690674
40.8,0.9726265079421457,0.034227873425445525,0.9726265079421457,0.03240753511752258,660.0,0.9250624595680361,0.09941719949196912,0.9250624595680361,0.13238630751663952,44.0,0.9534428590556848,0.058168579401247866,0.9534428590556848,0.06529190429573654,-0.8,0.9780640851850277,0.028774590305820892,0.9780640851850277,0.03679330736309663,3.67,0.9468721141196568,0.06743825237729519,0.9468721141196568,0.1029162922317985,8.0,0.782001214750746,0.20583306375286498,0.782001214750746,0.21038567075781636,20.4,0.9472409672900012,0.06697122746723935,0.9472409672900012,0.0973331652637608,52.9,0.9592565217527974,0.049181860904603664,0.9592565217527974,0.061797584290022065
42.7,0.9731790154222046,0.033492335330733466,0.9731790154222046,0.0321192055808821,732.0,0.9235160981468304,0.10084365941727319,0.9235160981468304,0.13482187601284462,33.0,0.9524696192898585,0.05933888147182592,0.9524696192898585,0.06545915543577675,5.5,0.9786165926650866,0.028031645148389798,0.9786165926650866,0.03702621992088388,4.58,0.9474099533774951,0.06690477131384313,0.9474099533774951,0.1007594593464308,0.0,0.7799178264246414,0.20732468303717733,0.7799178264246414,0.21374982655613198,21.2,0.9466884598099424,0.0676665948404404,0.9466884598099424,0.09784806942983275,50.2,0.9571362403403011,0.05193498897958168,0.9571362403403011,0.06687894799984304
49.8,0.9728813401288223,0.033902311685601205,0.9728813401288223,0.03352878829489132,895.0,0.9181577371058108,0.11044044088406615,0.9181577371058108,0.10804723516198576,58.0,0.9511384247201304,0.06101827371024863,0.9511384247201304,0.06955698371002433,0.8,0.9783189173717044,0.02844568813432039,0.9783189173717044,0.03630624165855304,9.96,0.9466028171258796,0.06810649037926678,0.9466028171258796,0.10057961388876492,10.0,0.7808282887086023,0.20652226955580602,0.7808282887086023,0.20987959821081173,29.4,0.9435717556226119,0.07259857455405955,0.9435717556226119,0.10284585249866181,52.9,0.956658609730641,0.05250680881695577,0.956658609730641,0.06677355843833578
19.6,0.9732392949327244,0.03336800292165991,0.9732392949327244,0.033173413668675406,1715.0,0.9157318564667217,0.11252630489356719,0.9157318564667217,0.10928922513892804,60.0,0.94954008001726,0.06275659778074959,0.94954008001726,0.07134759944246977,-1.6,0.9790942232747472,0.027433571861330674,0.9790942232747472,0.036279984791641746,4.2,0.945556979903068,0.06913083202705418,0.945556979903068,0.10318549075737068,33.67243525896414,0.7844194185439579,0.20541365927329555,0.7844194185439579,0.21148067650510227,20.8,0.9423988295804683,0.07371275965970481,0.9423988295804683,0.10512597641862349,62.7,0.9561809791209808,0.05307803179098192,0.9561809791209808,0.06922530909872361
79.6,0.9729844627460477,0.033693830914954315,0.9729844627460477,0.033750676044581075,1906.0,0.913777649608824,0.11399853226313979,0.913777649608824,0.10999784812844106,29.0,0.949898034821162,0.06224658656611434,0.949898034821162,0.0684306381569404,-5.5,0.9790942232747472,0.027433571861330674,0.9790942232747472,0.03655132626647112,26.56,0.9469847381318882,0.06769930101504844,0.9469847381318882,0.10192270600498474,33.0,0.788531309016609,0.20381711488054063,0.788531309016609,0.20412271642139998,36.1,0.9447120015921286,0.07123867352990051,0.9447120015921286,0.10263215899583046,67.5,0.954052773775274,0.05502496524581156,0.954052773775274,0.07246872473688201
62.7,0.9735832653817807,0.03301957213143851,0.9735832653817807,0.03362215835152033,1696.0,0.9148229027862139,0.11335941904249121,0.9148229027862139,0.11202964777638472,52.0,0.9508712745869878,0.06108274782189307,0.9508712745869878,0.06608982905291064,-10.9,0.9783189173717044,0.02844568813432039,0.9783189173717044,0.03818959771360687,15.29,0.9494025428107896,0.06512503932957027,0.9494025428107896,0.09766624716892347,36.0,0.793418011619739,0.20134326557045906,0.793418011619739,0.20266290926720087,31.8,0.946668301098901,0.06901904431297244,0.946668301098901,0.0982959464228037,68.6,0.9511881046334152,0.05791452820632014,0.9511881046334152,0.07443423492383712
21.2,0.9744918051409879,0.03222981033654323,0.9744918051409879,0.03287520308451426,1928.0,0.9183156111862938,0.10837790694063375,0.9183156111862938,0.106645281272232,45.0,0.9506932042370221,0.06126011584775605,0.9506932042370221,0.06648587421093904,0.0,0.9783189173717046,0.028445688134320395,0.9783189173717046,0.039010762060708803,5.63,0.953342285797948,0.05934637168887496,0.953342285797948,0.08257322647872786,33.0,0.7982238651806994,0.19433019999049173,0.7982238651806994,0.21296569983306515,23.9,0.9498049396613911,0.06495638729293765,0.9498049396613911,0.08649288907129608,73.7,0.9493793792759805,0.059363516598332965,0.9493793792759805,0.07379953894710618
53.7,0.9748678093537374,0.031820235419254335,0.9748678093537374,0.03328578640642764,1825.0,0.9187647926340076,0.10772539523416541,0.9187647926340076,0.10550611093257205,46.0,0.9517464544734076,0.059517310303859705,0.9517464544734076,0.06194520369577732,5.5,0.9785168512344883,0.028222185761052107,0.9785168512344883,0.039214304911191225,14.72,0.9528646551882877,0.05991200471029336,0.9528646551882877,0.08041215743620098,42.0,0.7982238651806994,0.19433019999049173,0.7982238651806994,0.21296569983306515,31.4,0.94889447737743,0.06616336852192829,0.94889447737743,0.0851785258470706,69.8,0.9502330140983903,0.058411825170115325,0.9502330140983903,0.06984372201052812
49.8,0.974212179256453,0.03276696019856799,0.974212179256453,0.03442476586701787,2384.0,0.9183156111862938,0.10837790694063375,0.9183156111862938,0.106645281272232,20.0,0.9534175544381901,0.05750322777962429,0.9534175544381901,0.0625559811364938,-0.8,0.9782620190478113,0.028551215697835967,0.9782620190478113,0.040672569743844776,18.22,0.9518914154224614,0.061079743560387534,0.9518914154224614,0.08202338628628726,48.0,0.7982238651806994,0.19433019999049173,0.7982238651806994,0.21296569983306515,32.5,0.9475632828077021,0.06782625005303179,0.9475632828077021,0.08635247945434128,72.5,0.9515461592592709,0.05691271447126797,0.9515461592592709,0.06726678384592584
43.5,0.9734515415756316,0.03360238390322995,0.9734515415756316,0.03434305720161173,2382.0,0.9236739722273134,0.0987672290653257,0.9236739722273134,0.12898939188298952,37.0,0.9542711892606,0.05654537347454432,0.9542711892606,0.06272888326582386,6.2,0.9775864545753674,0.02937135097299356,0.9775864545753674,0.043395799673890616,15.65,0.9511161095194189,0.06203508795605914,0.9511161095194189,0.07925575379517412,53.0,0.7982238651806994,0.19433019999049173,0.7982238651806994,0.21296569983306515,31.8,0.9459808406530437,0.06997053676721246,0.9459808406530437,0.08581878471932936,73.3,0.9507939655028944,0.05759298510942965,0.9507939655028944,0.06963071389167348
42.7,0.9719441991806912,0.035062607289907365,0.9719441991806912,0.03521853016167855,2657.0,0.9255180089419015,0.09696854533414895,0.9255180089419015,0.126722267586803,20.0,0.9541093542155114,0.05669858977822592,0.9541093542155114,0.06451781294246052,-3.9,0.9777843884381511,0.029148211941897557,0.9777843884381511,0.04199369318292084,17.39,0.9535215904739052,0.059075482411929045,0.9535215904739052,0.07259922354588415,56.0,0.7982238651806994,0.19433019999049173,0.7982238651806994,0.21296569983306515,32.2,0.9492360824079192,0.06582510727853526,0.9492360824079192,0.0771965292700092,74.5,0.9498612742875484,0.05819272208955082,0.9498612742875484,0.06839833912431605
19.2,0.9710986808941604,0.03575733342236905,0.9710986808941604,0.03577594434367255,2728.0,0.9264269626224093,0.09610698645608191,0.9264269626224093,0.1269620987285373,18.0,0.9542874245654771,0.05651965088258198,0.9542874245654771,0.06584677088211562,0.0,0.980793938181309,0.024919510902061574,0.980793938181309,0.035811106929006485,7.99,0.9551791323882811,0.05744295115685639,0.9551791323882811,0.07073676525972916,55.0,0.8022705087484225,0.19261184863446063,0.8022705087484225,0.20546444951928663,26.7,0.9506975435684859,0.06420705417800306,0.9506975435684859,0.07518420378570623,64.3,0.9512062538642164,0.05724360386347036,0.9512062538642164,0.06837052262059287
18.4,0.9710986808941604,0.03575733342236905,0.9710986808941604,0.03577594434367255,925.0,0.9288528432614982,0.09394691713923962,0.9288528432614982,0.12385351324849715,34.0,0.9568976507302928,0.053767558200442815,0.9568976507302928,0.06203345226429035,6.2,0.9823922828841795,0.023055568143086524,0.9823922828841795,0.03385784996435736,3.92,0.9551791323882811,0.05744295115685639,0.9551791323882811,0.07205806182725126,4.0,0.8070907445263226,0.1899848154069034,0.8070907445263226,0.20183507893763952,20.4,0.9500554715216081,0.06472261269054623,0.9500554715216081,0.07660561812121991,65.5,0.9532377776446347,0.055532585162068465,0.9532377776446347,0.06654481061085617
45.5,0.9721060342257799,0.034902568707702544,0.9721060342257799,0.03608156941185006,775.0,0.9290011592611841,0.09382415910103516,0.9290011592611841,0.12137890216593782,47.0,0.9573308806555015,0.053453720569716194,0.9573308806555015,0.061832291070002786,7.0,0.983556068751364,0.021728887125604612,0.983556068751364,0.03145099032101699,4.63,0.9547584001025142,0.057909591363942664,0.9547584001025142,0.07250614465358078,9.0,0.8096081936940923,0.1893311172389227,0.8096081936940923,0.2011395052378794,21.2,0.950253405384392,0.06451346130237924,0.950253405384392,0.0753827133534083,55.3,0.9565516282342069,0.05191909170574615,0.9565516282342069,0.062216438643843866
51.0,0.9715681949679416,0.03546962535105243,0.9715681949679416,0.034960152766128426,1947.0,0.9292559914478609,0.09353036697754684,0.9292559914478609,0.1220367796395372,50.0,0.9582394204147089,0.05269755999255801,0.9582394204147089,0.060244451059297516,0.0,0.9827807628483213,0.022750313828638395,0.9827807628483213,0.03413338461505093,15.45,0.9543823958897646,0.0582999280739898,0.9543823958897646,0.07470050360541132,18.0,0.8097862640440583,0.18921193691126828,0.8097862640440583,0.19921624885200667,31.8,0.9496546027486589,0.06515072151280044,0.9496546027486589,0.07748556244053625,70.2,0.9572072583314912,0.05100345132465512,0.9572072583314912,0.06310106751676485
69.0,0.9700589300482476,0.03740456149238062,0.9700589300482476,0.0357153602543146,1832.0,0.9321498972122076,0.08899118504689389,0.9321498972122076,0.11234581607323597,56.0,0.9577015811568705,0.05324598037540717,0.9577015811568705,0.05951690927063476,-7.0,0.9822282553682624,0.023499525661101323,0.9822282553682624,0.03465284996727769,19.43,0.9528360344685587,0.05984867847095487,0.9528360344685587,0.07663751219182859,32.0,0.8071204988766024,0.189951211619264,0.8071204988766024,0.20009730304226536,33.3,0.9483414575877783,0.06663514406954853,0.9483414575877783,0.07954416999584078,67.8,0.9580143945831069,0.04977256633146606,0.9580143945831069,0.061335693780849826
20.4,0.9703566053416299,0.03699690912594289,0.9703566053416299,0.03430755059195637,1932.0,0.9342701786247042,0.08640013854403995,0.9342701786247042,0.10848434534284569,67.0,0.9554329837446881,0.056118274187123465,0.9554329837446881,0.06001393231878179,3.1,0.9820303215054788,0.023724870840691404,0.9820303215054788,0.03641665005440132,15.11,0.9517901972457473,0.06088982477972693,0.9517901972457473,0.08069877459723447,38.0,0.8045688605108848,0.1905981976740472,0.8045688605108848,0.20080210431631065,32.2,0.9476658931153342,0.06740182266079839,0.9476658931153342,0.08077538830619736,63.1,0.9575652131353932,0.05048454788314824,0.9575652131353932,0.06207474559015348
78.0,0.9713720752091284,0.03584244748921309,0.9713720752091284,0.03386234599283502,2005.0,0.9331063927575197,0.08757705617401712,0.9331063927575197,0.11096117313439934,53.0,0.9564062235105144,0.05494067759859592,0.9564062235105144,0.060317385553996745,0.0,0.9814778140254197,0.024472942412480145,0.9814778140254197,0.03671845603451483,23.77,0.9529415073615394,0.059543937477333345,0.9529415073615394,0.08099098415412753,45.0,0.8014954567089878,0.1915362679107938,0.8014954567089878,0.2006985175411724,34.5,0.9482646957510674,0.06676749071068423,0.9482646957510674,0.0799811474136134,67.1,0.9571444808496261,0.05095553793806307,0.9571444808496261,0.062665492738473
73.7,0.9713720752091284,0.03584244748921238,0.9713720752091284,0.0343262494081144,1521.0,0.9333612249441964,0.08728003312887037,0.9333612249441964,0.10698020882247829,63.0,0.9577374180802427,0.053242595261943755,0.9577374180802427,0.058914106473939125,-4.7,0.9810570817396524,0.024967944399426786,0.9810570817396524,0.03531288183585598,16.92,0.9553469883160256,0.0565717769139632,0.9553469883160256,0.0777673635368745,50.0,0.8014954567089878,0.1915362679107938,0.8014954567089878,0.2006985175411724,32.5,0.9522044387382257,0.061003190813796335,0.9522044387382257,0.07314381908978666,65.9,0.9584451502591146,0.04958064055263284,0.9584451502591146,0.061480995606884206
73.3,0.9697009752443457,0.037935553733671454,0.9697009752443457,0.03731050800562673,1681.0,0.9341218626250181,0.08652494095749019,0.9341218626250181,0.10356454829714105,61.0,0.956828464399735,0.05418025455245252,0.956828464399735,0.060378559575733445,-0.8,0.9805045742595934,0.02571454763214831,0.9805045742595934,0.03824527662648455,18.46,0.9542937380796402,0.05832492800707111,0.9542937380796402,0.07693864585810245,54.0,0.8014954567089878,0.1915362679107938,0.8014954567089878,0.2006985175411724,32.9,0.9526536201859391,0.060300421085001006,0.9526536201859391,0.0686961719689645,67.1,0.9588031050630164,0.04906048562456138,0.9588031050630164,0.06358355070259311
52.9,0.9678399870903166,0.03977438454050098,0.9678399870903166,0.03816092086037883,1919.0,0.9338990642020347,0.08676669435720374,0.9338990642020347,0.10491582049863653,46.0,0.9571386154445098,0.05389256247098202,0.9571386154445098,0.06025854362185323,-3.9,0.9801466194556915,0.026255823154348323,0.9801466194556915,0.03844094659653649,15.33,0.9539960627862578,0.058718798326980244,0.9539960627862578,0.07624848727020714,60.0,0.8014954567089878,0.1915362679107938,0.8014954567089878,0.2006985175411724,31.4,0.9529512954793216,0.05990765064000543,0.9529512954793216,0.06638761452786925,69.8,0.957669844356072,0.050552552652872444,0.957669844356072,0.06667723530066604
48.6,0.9655877157294028,0.04207242720674294,0.9655877157294028,0.038922058062026726,2171.0,0.932248489465988,0.08804873331562786,0.932248489465988,0.1053382358000195,20.0,0.9560520053353365,0.05482629925217264,0.9560520053353365,0.060602415559952015,0.0,0.978548274752821,0.02811010760756086,0.978548274752821,0.04141965576467434,7.06,0.9538848822930875,0.05879980721544648,0.9538848822930875,0.07768236932541071,64.0,0.8014954567089878,0.1915362679107938,0.8014954567089878,0.2006985175411724,24.3,0.9522045907652029,0.06050003626752644,0.9522045907652029,0.06805744337960473,71.4,0.9566245911786818,0.05130205282737592,0.9566245911786818,0.06586232387369192
50.2,0.9640052735747447,0.04430404948918383,0.9640052735747447,0.0419016421118645,1830.0,0.9333612249441964,0.08728003312887037,0.9333612249441964,0.10698020882247829,69.0,0.9540935589679288,0.05740392493878629,0.9540935589679288,0.06510850704302862,2.3,0.9778727102803771,0.028930799104615587,0.9778727102803771,0.04188832236364001,13.89,0.9530312474706778,0.059755214935604324,0.9530312474706778,0.07946168252914682,59.0,0.801317386359022,0.19165285489362766,0.801317386359022,0.20396409587254402,31.0,0.9520066569024194,0.06071050660326236,0.9520066569024194,0.0680652195177017,70.6,0.9591313055166386,0.04889504721175805,0.9591313055166386,0.061667151142821244
79.6,0.964660903672029,0.043375547817679605,0.964660903672029,0.041479976530608295,2026.0,0.9331063927575197,0.08757705617401712,0.9331063927575197,0.11022072826853983,51.0,0.954093558967929,0.0574039249387863,0.954093558967929,0.06430659018624377,-3.1,0.9768994705145511,0.03016322378037561,0.9768994705145511,0.04317429417763879,24.68,0.9538351545626443,0.05908171538676771,0.9538351545626443,0.07910570223053857,64.0,0.8048100947591019,0.18774312442956584,0.8048100947591019,0.20086187764577856,34.9,0.9529151966616267,0.05996603847893002,0.9529151966616267,0.06776917756399159,67.1,0.9604444506775194,0.04736738459053425,0.9604444506775194,0.05921244227972713
48.2,0.9655145384944388,0.04239269959487988,0.9655145384944388,0.03906846316512126,2155.0,0.9326287621478594,0.08811495017812288,0.9326287621478594,0.11205728616410844,20.0,0.9517091141618154,0.060834448824358664,0.9517091141618154,0.06580044279418804,2.3,0.9745150257084373,0.033749230552934766,0.9745150257084373,0.0484348283877804,13.25,0.9533881199755658,0.059482141656182125,0.9533881199755658,0.08011629865968621,62.0,0.8084646382042704,0.18369105313482287,0.8084646382042704,0.19507230882771914,30.2,0.9522900917245823,0.06054344847410615,0.9522900917245823,0.06919520254027432,70.6,0.9597688862050753,0.04815861182652023,0.9597688862050753,0.06221158160944369
18.8,0.9663681733168487,0.041408045580944325,0.9663681733168487,0.03767631812946008,1890.0,0.9326287621478594,0.08811495017812253,0.9326287621478594,0.11260243695481051,18.0,0.9503257566174464,0.06202928424668177,0.9503257566174464,0.06824094120123103,9.4,0.9739162230727044,0.034423725546159495,0.9739162230727044,0.04861479950039466,4.45,0.9528943639283739,0.05987062599322683,0.9528943639283739,0.07948962208512932,58.0,0.8095978989112148,0.18263815136779574,0.8095978989112148,0.19263844350255646,21.6,0.9519556753717855,0.060786697806522336,0.9519556753717855,0.06834951917841282,63.5,0.9607843560725738,0.04702939213440349,0.9607843560725738,0.061059065320292094
63.9,0.9661133411301717,0.04172932861907708,0.9661133411301717,0.03894552032410497,1590.0,0.9336568118561466,0.08739195017507286,0.9336568118561466,0.1123096652769291,38.0,0.9514770667332385,0.060687072379323845,0.9514770667332385,0.06474858755280119,0.8,0.9737381527227386,0.03461081527711456,0.9737381527227386,0.047986740898532255,14.95,0.9533413985154526,0.05947061814642444,0.9533413985154526,0.07847902565598167,59.0,0.8094360638661263,0.18273976211438778,0.8094360638661263,0.18984195093998227,31.4,0.9525807803088299,0.06020967808655892,0.9525807803088299,0.06692349420213009,67.8,0.9629125614182804,0.04504931725357767,0.9629125614182804,0.060976375585092786
18.0,0.9650600908937865,0.0435198386113127,0.9650600908937865,0.04332918370963978,1507.0,0.9336568118561466,0.08739195017507251,0.9336568118561466,0.11252379704107639,55.0,0.9496330300186504,0.06261732386700074,0.9496330300186504,0.06753332166258788,1.6,0.9752474176424325,0.03266378124962149,0.9752474176424325,0.0454372668194671,3.83,0.9510000002311648,0.06351492180329507,0.9510000002311648,0.08212092095153135,54.0,0.8094360638661261,0.18273976211438742,0.8094360638661261,0.18719566640143942,21.6,0.9531848490975016,0.05916640330419911,0.9531848490975016,0.06599256431040812,62.4,0.9648710077856881,0.042420620656392447,0.9648710077856881,0.05684386898947996
78.8,0.9648052587071098,0.04384009942234046,0.9648052587071098,0.0436958179292164,1254.0,0.932610974633335,0.08837859092015549,0.932610974633335,0.11384763740873054,90.0,0.9476767305118778,0.06485799960606999,0.9476767305118778,0.06903980629811739,10.2,0.9763987277582246,0.031247857803141165,0.9763987277582246,0.04403808982478514,16.12,0.9518536350535746,0.06256515164885487,0.9518536350535746,0.08334376846872217,49.0,0.8088372612303932,0.1831819659138475,0.8088372612303932,0.18620258803761522,32.9,0.9535608533102511,0.058776955657275455,0.9535608533102511,0.06507446016598842,63.5,0.9648710077856881,0.042420620656392447,0.9648710077856881,0.05684386898947996
100.0,0.9636539485913177,0.04522328357932648,0.9636539485913177,0.04508173038263427,1378.0,0.9320800830796276,0.08879078425418178,0.9320800830796276,0.11401002282587651,91.0,0.9469245367555014,0.065528828609431,0.9469245367555014,0.0677544454273048,6.2,0.9742122168148949,0.03460812643749391,0.9742122168148949,0.04832065007228536,22.59,0.9518536350535746,0.06256515164885487,0.9518536350535746,0.08334376846872217,52.0,0.8114224436375497,0.1825005969315282,0.8114224436375497,0.18561850344329323,37.3,0.9532968809486151,0.05899450045139422,0.9532968809486151,0.06511276701602077,53.7,0.9663802727053822,0.04050448642159947,0.9663802727053822,0.05253812162423813
63.5,0.9639516238846999,0.044820889259003474,0.9639516238846999,0.04508796296487759,1554.0,0.9320800830796276,0.08879078425418178,0.9320800830796276,0.11344164318145104,21.0,0.9472222120488838,0.06514029035382576,0.9472222120488838,0.06637905099599017,0.0,0.9742122168148947,0.034608126437493905,0.9742122168148947,0.04910474179076486,5.0,0.9523473911007663,0.06217855690402839,0.9523473911007663,0.08397044504327908,55.0,0.8148830356837752,0.18117384999644232,0.8148830356837752,0.1852700826113436,21.2,0.954581424920572,0.057856955427796265,0.954581424920572,0.06389862091789097,58.0,0.9684237922811675,0.038549910735015736,0.9684237922811675,0.0498785389370441
21.6,0.9659062199522311,0.04293758970756807,0.9659062199522311,0.04272611860101301,1140.0,0.9330955529471262,0.08774135695686527,0.9330955529471262,0.11139468938838117,44.0,0.9482376819163819,0.06404536241934981,0.9482376819163819,0.06471310155208096,1.6,0.9742122168148947,0.034608126437493905,0.9742122168148947,0.05136082218027998,3.76,0.9503921738930077,0.06418793644862317,0.9503921738930077,0.08822303059956424,22.0,0.8148830356837752,0.18117384999644232,0.8148830356837752,0.1852700826113436,19.2,0.9534948148113989,0.05878335444849358,0.9534948148113989,0.06682338273707888,57.6,0.9688445245669346,0.03806745846845869,0.9688445245669346,0.050928172585137335
60.8,0.9659062199522314,0.042937589707568086,0.9659062199522314,0.043430662420617924,1248.0,0.9343962223566143,0.08645575686964709,0.9343962223566143,0.1067937059497142,58.0,0.9504241928597118,0.06084655732413038,0.9504241928597118,0.0630028760052115,3.9,0.9738542620109929,0.035142538403450066,0.9738542620109929,0.05369561159523021,12.73,0.9487210739282252,0.06618322154746677,0.9487210739282252,0.0928993517864345,41.0,0.8157366705061848,0.18050082914848087,0.8157366705061848,0.18391410955616688,31.0,0.9531188105986493,0.05917276937947774,0.9531188105986493,0.06967490631847177,68.6,0.969142199860317,0.03766054870646956,0.969142199860317,0.05257590812376292
25.5,0.966759854774641,0.0419529877660455,0.966759854774641,0.043302233049432086,872.0,0.9356877515911435,0.08528335781742664,0.9356877515911435,0.10570839075828332,23.0,0.9519705542809177,0.05930383631534214,0.9519705542809177,0.06174382416506413,-2.3,0.9752654670512799,0.032790123826910246,0.9752654670512799,0.050783122608261407,4.45,0.9476678236918399,0.06791266098800242,0.9476678236918399,0.09604705336387415,28.0,0.8186093367070387,0.17763867245018533,0.8186093367070387,0.18334693509102631,21.6,0.9527608557947473,0.05968582375359448,0.9527608557947473,0.06792548718990914,67.5,0.970052662144278,0.03639838065260767,0.970052662144278,0.04940319233767809
21.2,0.9659845488715986,0.04294014848097377,0.9659845488715986,0.04544320754133547,1264.0,0.9384121017923113,0.08166112217204038,0.9384121017923113,0.10062008683663957,64.0,0.9536959878031203,0.05745258839367939,0.9536959878031203,0.0599719620930472,2.3,0.9763187172876655,0.030968113651122498,0.9763187172876655,0.04730330553939568,3.94,0.9487210739282252,0.06618322154746677,0.9487210739282252,0.09212451505476717,22.0,0.8217260408943692,0.17382589187369976,0.8217260408943692,0.17344010396827403,20.4,0.9535679920463628,0.05846840726112432,0.9535679920463628,0.06530126025781385,58.8,0.970052662144278,0.03639838065260731,0.970052662144278,0.04878037897473395
78.0,0.9655638165858313,0.043418955903311705,0.9655638165858313,0.045811120223898945,1147.0,0.9401924778097531,0.07935202937316699,0.9401924778097531,0.09903943732653775,67.0,0.953450295791403,0.05764544385584298,0.953450295791403,0.06080388193494776,-3.1,0.974907512247378,0.033325808527102714,0.974907512247378,0.050281410603861605,13.04,0.9504299542618949,0.0635497729894656,0.9504299542618949,0.0899142390845003,29.0,0.8257049512227055,0.17190316822528112,0.8257049512227055,0.1719505434705321,31.4,0.9547012527533077,0.056992644226672697,0.9547012527533077,0.063571747170577,59.2,0.9698745917943122,0.03658431553197779,0.9698745917943122,0.04786205984268954
79.6,0.9649650139500983,0.04408087204298241,0.9649650139500983,0.04605467342656246,2068.0,0.9390876662647554,0.0809131326938804,0.9390876662647554,0.10252139224144764,46.0,0.9534502957914027,0.05764544385584227,0.9534502957914027,0.062392903427599226,-7.8,0.9739970499634171,0.03459751004313766,0.9739970499634171,0.0526594777907898,24.38,0.9504299542618949,0.0635497729894656,0.9504299542618949,0.0899142390845003,47.0,0.8288736959885142,0.17067333818108577,0.8288736959885142,0.17340892791388823,34.9,0.9547012527533077,0.056992644226672697,0.9547012527533077,0.063571747170577,67.5,0.9703522224039726,0.03599603961434145,0.9703522224039726,0.04641814362383507
24.7,0.966278159110979,0.04253656791150814,0.966278159110979,0.043985905097767376,2270.0,0.9396864689004882,0.08029392876241813,0.9396864689004882,0.10312350970782243,26.0,0.9550327379460611,0.05546195856327193,0.9550327379460611,0.056462524188116404,0.0,0.9726658553936888,0.03635243745547622,0.9726658553936888,0.056182498823206105,8.61,0.9504299542618949,0.0635497729894656,0.9504299542618949,0.0899142390845003,43.0,0.8324845144192372,0.1690089135667642,0.8324845144192372,0.16723788701939002,25.9,0.9547012527533077,0.056992644226672697,0.9547012527533077,0.063571747170577,77.3,0.9703522224039726,0.03599603961434145,0.9703522224039726,0.04641814362383507
18.8,0.9678843150783313,0.04102836204816088,0.9678843150783313,0.04238228252183676,2105.0,0.939864539250454,0.08012248797126667,0.939864539250454,0.09961842525637349,32.0,0.95689372610009,0.05368001866338471,0.95689372610009,0.054951318045985194,9.4,0.9720670527579559,0.03702397037541186,0.9720670527579559,0.05688427195123256,6.15,0.9486677796802779,0.06523418927069431,0.9486677796802779,0.09429540196438681,40.0,0.8377679304871891,0.16524239695359091,0.8377679304871891,0.16007040138091172,26.7,0.9547012527533077,0.056992644226672697,0.9547012527533077,0.063571747170577,67.8,0.9710277868764162,0.03518688278875096,0.9710277868764162,0.042822684131735
41.2,0.9691688590502882,0.039847176702175593,0.9691688590502882,0.04268112123756633,1992.0,0.9396097070637774,0.08042385277431839,0.9396097070637774,0.10243877043766376,40.0,0.9597607122267051,0.05032676681487536,0.9597607122267051,0.053958291809702665,-1.6,0.97188898240799,0.03721020455736212,0.97188898240799,0.05846418991278665,13.69,0.9475039938130935,0.06645852597674984,0.9475039938130935,0.0983741054831933,42.0,0.8370817752296651,0.16573638863194945,0.8370817752296651,0.16122110085058702,31.0,0.9544035774599251,0.05738711373739375,0.9544035774599251,0.0656720116604777,71.8,0.9710277868764162,0.035186882788751324,0.9710277868764162,0.04261197396199598
44.7,0.9688289536552337,0.040190927891654224,0.9688289536552337,0.041435524087462726,2102.0,0.9383181778292483,0.08160883777474792,0.9383181778292483,0.1036649245424912,20.0,0.9597607122267051,0.05032676681487536,0.9597607122267051,0.05375573677196122,0.0,0.973669358425432,0.0347266118263829,0.973669358425432,0.05404828166798377,14.06,0.9459056491102227,0.06818023353847626,0.9459056491102227,0.1038508744828556,33.0,0.8384129697993932,0.16444649464429184,0.8384129697993932,0.15962215180047745,26.7,0.9518410623038459,0.06099654958242422,0.9518410623038459,0.06743893152098433,71.4,0.9707729546897397,0.03551145310788707,0.9707729546897397,0.04371905304743211
19.6,0.9688289536552337,0.040190927891654224,0.9688289536552337,0.04069164453286374,1173.0,0.9380633456425718,0.08190923138398104,0.9380633456425718,0.10341896951855685,35.0,0.9609120223424972,0.04895572339267771,0.9609120223424972,0.05068314711154615,-0.8,0.9741469890350921,0.03413498336596102,0.9741469890350921,0.05144957210611381,3.47,0.9452500190129385,0.06907231989104931,0.9452500190129385,0.10465714485215004,9.0,0.8391651635557698,0.16395391993396782,0.8391651635557698,0.15636749978384984,18.4,0.9524966924011301,0.06009201901647578,0.9524966924011301,0.06619728572021331,60.4,0.9710706299831219,0.035102903389401814,0.9710706299831219,0.041286388773990726
74.5,0.9690517520782173,0.039927903325267126,0.9690517520782173,0.040831608445731825,986.0,0.9363922456777891,0.083844067951633,0.9363922456777891,0.10303566432583362,70.0,0.9628757348628435,0.04593597317801738,0.9628757348628435,0.046858998894511894,-3.1,0.974822553507536,0.033321178173799225,0.974822553507536,0.05100456836360072,10.91,0.9455476943063207,0.06868565731540052,0.9455476943063207,0.10270417109844625,23.0,0.8391651635557698,0.16395391993396782,0.8391651635557698,0.1545897380646004,30.2,0.951958853143292,0.060632619805943005,0.951958853143292,0.06752609084872634,57.3,0.9701601676991607,0.03636768351691285,0.9701601676991607,0.042728919076902766
78.8,0.9685635306834767,0.04040904118933225,0.9685635306834767,0.04065088656188312,2279.0,0.9417506067188084,0.07388033062561265,0.9417506067188084,0.076723110095368,63.0,0.9615160911311686,0.047895590487078386,0.9615160911311686,0.04822208558142346,-5.5,0.9750006238575019,0.03313363046334737,0.9750006238575019,0.05066903426443785,27.99,0.9443963841905286,0.0700088368864261,0.9443963841905286,0.1075626711821836,39.0,0.8399882023555978,0.16337390626705578,0.8399882023555978,0.15508812727376775,35.7,0.9501148164287037,0.06256407526348666,0.9501148164287037,0.07247616080710574,67.8,0.9703382380491267,0.036181650182928224,0.9703382380491267,0.04310566062272997
20.4,0.9676530683995157,0.041665394775494406,0.9676530683995157,0.041453991135209284,2463.0,0.942819337530354,0.07292732400508167,0.942819337530354,0.07732970243811817,47.0,0.9615160911311686,0.047895590487078386,0.9615160911311686,0.04822208558142346,-3.1,0.9751786942074678,0.03294601202359046,0.9751786942074678,0.050949728425641494,13.58,0.9410817461404147,0.07512475688651252,0.9410817461404147,0.11319046563991805,41.0,0.8357580365240312,0.16578868193814084,0.8357580365240312,0.15838993596812012,32.2,0.9484437164639213,0.06456156721263895,0.9484437164639213,0.07568200722916359,63.9,0.9714895481649188,0.03477740870697681,0.9714895481649188,0.041257097218974
19.2,0.966519807692571,0.04318097712863648,0.966519807692571,0.041860752590640836,1999.0,0.9408608911629462,0.07542846583205792,0.9408608911629462,0.07995866208234002,33.0,0.9606075513719615,0.048659217866552064,0.9606075513719615,0.0481324373579662,0.0,0.9732202478400601,0.03562370765137361,0.9732202478400601,0.055195922337334745,5.93,0.9404261160431305,0.07600696915026106,0.9404261160431305,0.11583408083788503,37.0,0.8331955213679518,0.16857475786187417,0.8331955213679518,0.16294555525112192,23.9,0.9461023181796334,0.06857096822779495,0.9461023181796334,0.0791461720731035,76.5,0.9717443803515954,0.03445239256015471,0.9717443803515954,0.03969575206831649
34.5,0.9655465679267451,0.04438405725673458,0.9655465679267451,0.04292143539986686,1755.0,0.9396971052957618,0.07662878162535307,0.9396971052957618,0.08024388536768702,20.0,0.9587465632179324,0.050458623577676866,0.9587465632179324,0.050349752432087266,4.7,0.9735782026439619,0.03508983727669923,0.9735782026439619,0.055663259393306866,9.08,0.9402642809980419,0.07615433271488259,0.9402642809980419,0.11541813363916356,31.0,0.8325967187322187,0.16904795754026908,0.8325967187322187,0.16261317842505862,27.5,0.9459242478296677,0.06874592208917635,0.9459242478296677,0.07902566957905556,73.3,0.9717443803515954,0.03445239256015471,0.9717443803515954,0.03903893096535367
20.0,0.9664570302107061,0.04313317042914125,0.9664570302107061,0.042159337236771996,1259.0,0.9388740664959339,0.07738969387554746,0.9388740664959339,0.07769629249213626,33.0,0.9590442385113148,0.050060045918469465,0.9590442385113148,0.04840334991938288,10.9,0.9743535085470045,0.03408813157699011,0.9743535085470045,0.054151530550624744,3.59,0.9416920392268623,0.07474263845762413,0.9416920392268623,0.11316887451148129,12.0,0.8348705850570128,0.1683631492354061,0.8348705850570128,0.16396088178516777,19.2,0.9474335127493616,0.06691198864027328,0.9474335127493616,0.07654536778078772,59.6,0.9719992125382724,0.03412720116296698,0.9719992125382724,0.03825504340695499
54.9,0.9678166739423807,0.041156103741406394,0.9678166739423807,0.03918232140103886,1321.0,0.9380032695471718,0.07812970226371645,0.9380032695471718,0.08038581087558921,67.0,0.9570890213035562,0.05211008145771993,0.9570890213035562,0.05156028599294172,-1.6,0.9770778587481725,0.030153417547067858,0.9770778587481725,0.04788435884618985,11.13,0.9427378764496737,0.07372933760582975,0.9427378764496737,0.11636126822811775,19.0,0.8371074126875843,0.16767551219449495,0.8371074126875843,0.16366074897777405,29.8,0.9492138887668036,0.06455006169636192,0.9492138887668036,0.07889146795195111,62.4,0.9711455777158625,0.03512441729534968,0.9711455777158625,0.04117784573306563
80.8,0.9658603744356081,0.04348805210104264,0.9658603744356081,0.04067987494105227,1987.0,0.9354407543910924,0.08161493205679476,0.9354407543910924,0.08757115085805275,40.0,0.95728695516634,0.051896574703988306,0.95728695516634,0.05206422764284274,1.6,0.9794833397026588,0.02702629966339553,0.9794833397026588,0.04212807535739689,24.83,0.9410124429274711,0.07552708084671153,0.9410124429274711,0.12095934983361786,30.0,0.8403522506717103,0.1662163937629123,0.8403522506717103,0.16302588258240586,35.3,0.9485718167199257,0.06506444757045117,0.9485718167199257,0.07927804140167072,66.3,0.9699942676000705,0.03652772039605235,0.9699942676000705,0.044167817584029885
85.1,0.9653225351777701,0.04404643362625516,0.9653225351777701,0.04103103624023641,1564.0,0.9360658593281369,0.08106323126007468,0.9360658593281369,0.08682263300740038,77.0,0.959147943320369,0.050102996693619964,0.959147943320369,0.05095573498839069,2.3,0.9809926046223528,0.025055478144041333,0.9809926046223528,0.038979385221217626,20.26,0.939503178007777,0.07733329688628415,0.939503178007777,0.12510816596457128,40.0,0.8377062153233172,0.16719745568269137,0.8377062153233172,0.1614873825789183,34.1,0.9491702054343583,0.06460895206065059,0.9491702054343583,0.07804050296376161,64.7,0.9708479024224803,0.03553299362234815,0.9708479024224803,0.04124501525791925
92.2,0.9646363799202461,0.04474035237851215,0.9646363799202461,0.0397442049734933,2143.0,0.9372296451953211,0.07987379573717993,0.9372296451953211,0.08710192917938188,73.0,0.9601211830861952,0.04891427887401313,0.9601211830861952,0.04838724406268187,-6.2,0.9809926046223528,0.025055478144041694,0.9809926046223528,0.04067802812148864,30.15,0.939503178007777,0.07733329688628415,0.939503178007777,0.12663335745608217,53.0,0.8315296447055873,0.17237183434553904,0.8315296447055873,0.1666198835810379,36.9,0.9489474070113748,0.06486040499841986,0.9489474070113748,0.07968700649676086,65.9,0.9711455777158625,0.03512441729534968,0.9711455777158625,0.04128538567345484
84.7,0.9637259176362849,0.04598721027818446,0.9637259176362849,0.04076806060260584,2703.0,0.938298376006867,0.07893299979342215,0.938298376006867,0.08801661333016024,34.0,0.9593458771831528,0.049888570229150525,0.9593458771831528,0.0512036605892067,3.1,0.9798593439154082,0.026612503061745757,0.9798593439154082,0.04292932871861457,12.19,0.939758010194454,0.07703113290013212,0.939758010194454,0.12304777342988558,54.0,0.8262462286376354,0.1760491997009463,0.8262462286376354,0.1678008049818152,27.1,0.9489474070113748,0.06486040499841986,0.9489474070113748,0.07939164663887041,67.8,0.9716232083255227,0.034534605655256664,0.9716232083255227,0.040304114180819625
38.0,0.9637259176362849,0.04598721027818446,0.9637259176362849,0.04052610876877173,2692.0,0.938298376006867,0.0789329997934218,0.938298376006867,0.0856589620469578,19.0,0.9579625196387838,0.05111020550850536,0.9579625196387838,0.0538035360047896,-4.7,0.9796812735654422,0.026802230805044323,0.9796812735654422,0.04301074869357849,15.49,0.9418413985205584,0.07473837581992585,0.9418413985205584,0.1163878666132108,48.0,0.8242877822702278,0.17795587764866733,0.8242877822702278,0.17093748248425067,31.4,0.9509026242191333,0.06285586073852455,0.9509026242191333,0.07416186810307954,76.5,0.9692820134563551,0.03691209340025438,0.9692820134563551,0.04345440612610667
19.6,0.9628173778770776,0.046754601326163076,0.9628173778770776,0.04140446190399461,2228.0,0.9419618524080678,0.07458780577523713,0.9419618524080678,0.07926295107005622,20.0,0.959823507792813,0.04931369436409556,0.959823507792813,0.052074710635628574,0.0,0.9810409172971171,0.024773836453401022,0.9810409172971171,0.038582472151615754,6.51,0.9430051843877427,0.07353255618275802,0.9430051843877427,0.11422520465572289,44.0,0.8237499430123897,0.17833691829335394,0.8237499430123897,0.16880180119614055,25.1,0.9523640853796999,0.06123005247703901,0.9523640853796999,0.07128905401176064,63.1,0.9696580176691046,0.036506656944274844,0.9696580176691046,0.0416419821904336
46.7,0.9637259176362849,0.04598721027818446,0.9637259176362849,0.04240606636229949,2516.0,0.9422764791408911,0.07437657842440583,0.9422764791408911,0.08060986941132361,21.0,0.9622413124717143,0.046653657971669114,0.9622413124717143,0.05163011549926656,-4.7,0.9812637157201006,0.02450376444786096,0.9812637157201006,0.03594064688447284,17.63,0.9439141380682504,0.07262858122522756,0.9439141380682504,0.11514354189689613,48.0,0.8273244787466719,0.17672808461500966,0.8273244787466719,0.16865736914955987,32.5,0.9527220401836018,0.060717810770176885,0.9527220401836018,0.07417580526638455,73.3,0.97170153724489,0.03453646105750775,0.97170153724489,0.04197948468977557
16.9,0.9660390896479453,0.04338263457820853,0.9660390896479453,0.041235072435400845,1450.0,0.9435610231128481,0.07327498290560326,0.9435610231128481,0.0808087251286528,29.0,0.9625981849766021,0.046372657320534444,0.9625981849766021,0.05071425627500365,4.7,0.9788582347656144,0.027643005526559135,0.9788582347656144,0.04003506624976141,3.6,0.9454214804631909,0.07127357410719613,0.9454214804631909,0.11281981659516502,12.0,0.8326828397876913,0.16863868790496586,0.8326828397876913,0.1761604980895804,21.2,0.9530197154769843,0.06032513983130142,0.9530197154769843,0.07592273846567063,64.3,0.9734013011257444,0.032942081464588574,0.9734013011257444,0.04264525617878529
36.1,0.9669495519319062,0.04213012380270036,0.9669495519319062,0.03789539047666716,809.0,0.9431139885257696,0.07366376970066371,0.9431139885257696,0.081740645517775,35.0,0.9627167881689876,0.046279550851084025,0.9627167881689876,0.04992360898282704,-3.1,0.977842764898116,0.028815455421293684,0.977842764898116,0.04268019951700898,4.01,0.9446143442115752,0.07246879938889272,0.9446143442115752,0.11336199186544432,0.0,0.8315190539205071,0.1695476875601234,0.8315190539205071,0.17865455097784783,20.0,0.9509598656019849,0.062412102995235474,0.9509598656019849,0.08055478395044889,56.1,0.973624099548728,0.032676069662123414,0.973624099548728,0.042828038505520326
63.5,0.9669495519319062,0.04213012380270036,0.9669495519319062,0.037348988691525836,1088.0,0.9414564466113934,0.07524459919938473,0.9414564466113934,0.08269862425010048,24.0,0.9619414822659451,0.047258813437580496,0.9619414822659451,0.05231045587423701,0.0,0.9797990644048885,0.026423111261968554,0.9797990644048885,0.03729174537200217,10.61,0.9464337601760437,0.07036497107875615,0.9464337601760437,0.10950380516464511,16.0,0.8286251481561603,0.17325160137482346,0.8286251481561603,0.18171350312307133,29.0,0.9509598656019849,0.062412102995235474,0.9509598656019849,0.08055478395044889,51.4,0.9724908388417834,0.03421207902068317,0.9724908388417834,0.04537303236174323
58.8,0.9669495519319062,0.04213012380270036,0.9669495519319062,0.037348988691525836,1350.0,0.9424384240533257,0.07442065953234361,0.9424384240533257,0.08150953101719143,66.0,0.9612858521686609,0.048181882623119954,0.9612858521686609,0.05389712630244857,-3.9,0.9803515718849477,0.025677465347703272,0.9803515718849477,0.03590170072577764,13.84,0.9455248064955362,0.07127390840313699,0.9455248064955362,0.10948964752097519,26.0,0.8264386372128304,0.1757043653312484,0.8264386372128304,0.19040792577791799,31.0,0.9490046483942265,0.06441769613294672,0.9490046483942265,0.08325826531469156,69.0,0.9742712148592255,0.03172137799813117,0.9742712148592255,0.04059429118679167
54.9,0.9663507492961734,0.04279386587646958,0.9663507492961734,0.03665812214545636,1868.0,0.9411538800813687,0.07551914341693969,0.9411538800813687,0.08154684485102931,50.0,0.9621963144526217,0.046940477488349217,0.9621963144526217,0.05343952279381838,0.0,0.9801536380221638,0.025901922044431924,0.9801536380221638,0.03759783417822636,16.92,0.945881679000424,0.07100768650346223,0.945881679000424,0.10715924732750193,43.0,0.8241647708880364,0.17635271726384075,0.8241647708880364,0.18928239564008334,32.2,0.9500912585033996,0.06350273810147454,0.9500912585033996,0.08042178014843945,69.8,0.9744940132822089,0.03145483589714244,0.9744940132822089,0.040097818302337496
56.1,0.9665735477191567,0.042532161419194726,0.9665735477191567,0.037850405065275615,2553.0,0.9405935613368279,0.07591475802836373,0.9405935613368279,0.08148362863634134,46.0,0.9624191128756053,0.04668094302693182,0.9624191128756053,0.05062989281719098,2.3,0.9798137326271096,0.026254721874912033,0.9798137326271096,0.03828727981744428,21.49,0.945469390639102,0.0713488330985326,0.945469390639102,0.10535767326191046,56.0,0.8218546218668017,0.1769972460246419,0.8218546218668017,0.18931327524239108,33.7,0.9502530935484883,0.06335140709756397,0.9502530935484883,0.07828348905349361,71.4,0.9732149816871213,0.03256657525431963,0.9732149816871213,0.04016443598207456
54.1,0.9676783592641548,0.04087606035134487,0.9676783592641548,0.03655208624415929,2757.0,0.9383412899759143,0.07805612390390279,0.9383412899759143,0.08079498071877637,43.0,0.9625302933687756,0.04659768737513807,0.9625302933687756,0.04989223479693336,-0.8,0.9798137326271096,0.026254721874912033,0.9798137326271096,0.03772342879640113,22.79,0.9428182176728983,0.0744356223511772,0.9428182176728983,0.11060421132783504,57.0,0.8186858771009932,0.1781811201734971,0.8186858771009932,0.18914772470945831,34.1,0.9485819935837055,0.06534783773501722,0.9485819935837055,0.08207254233955572,72.2,0.970066650566338,0.036213834559507885,0.970066650566338,0.044481162454817674
20.4,0.9658979832467128,0.043332244947262566,0.9658979832467128,0.03836060142934569,1911.0,0.9378034507180761,0.07857737297146414,0.9378034507180761,0.08095847742688721,28.0,0.9613503820640595,0.04768633329642392,0.9613503820640595,0.05199521105077232,-0.8,0.9805743703079312,0.0254077963406221,0.9805743703079312,0.03631894113477727,8.86,0.9431158929662805,0.07405175961062332,0.9431158929662805,0.10913231032324186,56.0,0.8220774202897853,0.17681425573127948,0.8220774202897853,0.1839389102296881,27.1,0.9485819935837055,0.06534783773501722,0.9485819935837055,0.08198666754411064,77.3,0.9679384452206313,0.038229512883229275,0.9679384452206313,0.04611422941445495
17.3,0.9639427660389547,0.04541203461225592,0.9639427660389547,0.039222704935719284,1448.0,0.9384573773761192,0.07812810845637441,0.9384573773761192,0.08096771615315279,23.0,0.9600658380921029,0.0488466464116249,0.9600658380921029,0.052063244800958294,7.0,0.9819340140396059,0.023375554192395474,0.9819340140396059,0.03576752695350006,3.86,0.9427590204613927,0.0743158939747139,0.9427590204613927,0.10875125569823754,32.0,0.8259859140138907,0.17490900045583405,0.8259859140138907,0.18350347207254142,20.8,0.9484773609164647,0.06541946098152679,0.9484773609164647,0.08160437416675023,62.0,0.9671631393175886,0.03922094249621772,0.9671631393175886,0.0466711779463337
68.6,0.964318770251704,0.045012304339878774,0.964318770251704,0.039569497172201616,1585.0,0.9386608236157723,0.07799626117111579,0.9386608236157723,0.08232584072651306,67.0,0.9613503820640595,0.047686333296423564,0.9613503820640595,0.051696891765741416,-2.3,0.9830672747465503,0.021811370450427723,0.9830672747465503,0.0327795807205443,15.73,0.9427590204613925,0.07431589397471319,0.9427590204613925,0.10837673976582002,41.0,0.8282597803386846,0.1742531004459025,0.8282597803386846,0.18355758780661974,32.5,0.9483155258713761,0.06557011591714272,0.9483155258713761,0.0813851193734212,69.8,0.9682964000245333,0.03769964507016725,0.9682964000245333,0.042479579718812416
83.9,0.9645485539372598,0.04483518779828999,0.9645485539372598,0.040430081530516096,2570.0,0.9388226586608608,0.07784951117333339,0.9388226586608608,0.08122135722594007,65.0,0.9633055992718181,0.04561724673239429,0.9633055992718181,0.04900122424704028,0.8,0.984738374711333,0.01966026491049668,0.984738374711333,0.029703961647239752,33.29,0.9431158929662804,0.07405175961062332,0.9431158929662804,0.10875779439082436,53.0,0.8286357845514339,0.17397349766897782,0.8286357845514339,0.18155027070861418,36.9,0.948420158538617,0.06549852397547894,0.948420158538617,0.08176741275078162,67.8,0.9682964000245333,0.03769964507016725,0.9682964000245333,0.04466897947642062
84.7,0.9637255151374317,0.04564687582092137,0.9637255151374317,0.040812710041867276,1785.0,0.9392696932479393,0.07746480409369945,0.9392696932479393,0.08005326728565082,71.0,0.9635283976948017,0.04535708204351973,0.9635283976948017,0.04883639708983125,-10.2,0.9840827446140488,0.02062510908588554,0.9840827446140488,0.030732521790008488,22.95,0.9431158929662804,0.07405175961062332,0.9431158929662804,0.10746590552344125,54.0,0.8262250346843362,0.1747094825104285,0.8262250346843362,0.18205779270238687,34.5,0.9481100074938423,0.06577947963400703,0.9481100074938423,0.08149078591424225,65.1,0.9690717059275757,0.03670576299669192,0.9690717059275757,0.04269479052948022
85.9,0.9637255151374317,0.045646875820921015,0.9637255151374317,0.04005296333263087,1802.0,0.9420320467073134,0.07432174801684588,0.9420320467073134,0.07457100161480676,20.0,0.9661795706610052,0.042113583580475206,0.9661795706610052,0.04495705226944045,-2.3,0.9832756083624332,0.021915675041747528,0.9832756083624332,0.03252956259427035,22.98,0.9431158929662804,0.07405175961062332,0.9431158929662804,0.10697540575315294,50.0,0.8266720692714147,0.17443279557835703,0.8266720692714147,0.18387059784936524,34.9,0.9484679622977443,0.06527144881853357,0.9484679622977443,0.07920665639101591,65.5,0.967113259560168,0.03935822557001557,0.967113259560168,0.0462683683684362
18.4,0.9637255151374317,0.045646875820921015,0.9637255151374317,0.04046455661798072,1544.0,0.942229980570097,0.07411660820097728,0.942229980570097,0.0745795549743909,38.0,0.9664023690839888,0.041851772094725286,0.9664023690839888,0.044339334758671065,3.9,0.984186070646394,0.020619514568585597,0.984186070646394,0.0327052550854697,3.97,0.9444074222008095,0.0728492301310897,0.9444074222008095,0.10542727336489305,40.0,0.8257631155909071,0.17509382955893074,0.8257631155909071,0.18351918502942585,21.2,0.9494834321652426,0.06417503937668843,0.9494834321652426,0.07798447486205437,62.7,0.967113259560168,0.03935822557001557,0.967113259560168,0.046825209849191085
52.9,0.9654343954711013,0.04293169985920502,0.9654343954711013,0.035045570058881134,1378.0,0.9426914857422258,0.07378242565891006,0.9426914857422258,0.07467361833226753,45.0,0.9655952328323733,0.04310079014739141,0.9655952328323733,0.049602807621342906,3.1,0.984186070646394,0.020619514568585597,0.984186070646394,0.03134515810007834,10.6,0.9452610570232193,0.07191526810732288,0.9452610570232193,0.10136892166030143,49.0,0.8280369819157011,0.17443887437831143,0.8280369819157011,0.18357330076350414,29.4,0.9499610627749028,0.06361377043374082,0.9499610627749028,0.07586982002628916,67.8,0.9684729032918428,0.03737442889604397,0.9684729032918428,0.04333453504279891
51.8,0.9672784321856894,0.040927782162566234,0.9672784321856894,0.03425334088598691,1748.0,0.9438427958580179,0.07246654881802857,0.9438427958580179,0.07641688077628835,33.0,0.9666639636439189,0.0420854233038706,0.9666639636439189,0.04924995443714684,-4.7,0.9838883953530118,0.02103825331678023,0.9838883953530118,0.03235525784613422,13.48,0.9474630485417093,0.06950730594330146,0.9474630485417093,0.09744169064407793,60.0,0.8280369819157011,0.17443887437831143,0.8280369819157011,0.18838299397438651,30.6,0.9519162799826614,0.06160423845303953,0.9519162799826614,0.07355940635910863,69.8,0.9684729032918428,0.03737442889604397,0.9684729032918428,0.043114269536411884
34.5,0.9672784321856897,0.04092778216256624,0.9672784321856897,0.03250092840968602,2094.0,0.9430674899549755,0.07340361006583335,0.9430674899549755,0.07826248103627739,21.0,0.9680236073755936,0.040106434235900476,0.9680236073755936,0.04483765330944721,1.6,0.9842643995657613,0.020620214959235217,0.9842643995657613,0.03335192200689602,10.99,0.9471528974969348,0.0697866224486865,0.9471528974969348,0.09683222264076163,61.0,0.819358917327076,0.1837749854396,0.819358917327076,0.18055336998431576,29.4,0.9512911750456169,0.06217988444980151,0.9512911750456169,0.07385295295766978,73.3,0.9662638642472683,0.039432152534163094,0.9662638642472683,0.0428518641688453
19.6,0.9654343954711013,0.04293169985920502,0.9654343954711013,0.034614571194233806,1697.0,0.9435983815086828,0.07297671343366202,0.9435983815086828,0.07880931417695342,22.0,0.966059894855247,0.04315518785628443,0.966059894855247,0.04926493405539981,3.9,0.9852376393315876,0.019368620874847614,0.9852376393315876,0.031941321561433776,4.63,0.9417945364559154,0.07983582546763227,0.9417945364559154,0.09292918578479378,30.0,0.8179992735954011,0.18519233512866537,0.8179992735954011,0.18113574798118784,22.0,0.9489497767613291,0.06620817120554041,0.9489497767613291,0.07703247348248604,62.4,0.9660410658242848,0.039694481631328125,0.9660410658242848,0.041413414103876306
93.3,0.9658103996838509,0.04253033049972954,0.9658103996838509,0.03511097801214757,1405.0,0.9426482538895227,0.07384313202073942,0.9426482538895227,0.07913832677104815,76.0,0.9674195385869219,0.041179013273945596,0.9674195385869219,0.04655539405635175,-3.9,0.9852376393315876,0.019368620874847614,0.9852376393315876,0.03213699153148571,19.55,0.94315418018759,0.07796526159859381,0.94315418018759,0.09142989133682146,48.0,0.8191630594625854,0.18432812722786676,0.8191630594625854,0.17673206952486492,34.5,0.9493077315652311,0.06569980832327549,0.9493077315652311,0.077185253399725,59.2,0.9655634352146245,0.04027815620883567,0.9655634352146245,0.041762174161428654
88.6,0.9665857055868934,0.041543031049479436,0.9665857055868934,0.033136023114102395,1869.0,0.944076012118343,0.07242377814277458,0.944076012118343,0.07998222568256627,72.0,0.968369666206082,0.04025390954906801,0.968369666206082,0.04415250958332124,2.3,0.986091274153997,0.018342406647438275,0.986091274153997,0.03058815472012618,25.1,0.9406216104137717,0.08093855551703741,0.9406216104137717,0.09561760859401704,62.0,0.818940261039602,0.18450808456366974,0.818940261039602,0.17661737509669684,35.7,0.9468899268863298,0.06827231521999422,0.9468899268863298,0.08043774601911832,65.1,0.9640541702949305,0.04219291499535473,0.9640541702949305,0.047148784704101936
78.4,0.9654343954711013,0.04293169985920502,0.9654343954711013,0.034614571194233806,2098.0,0.9434004476458991,0.07318243554228254,0.9434004476458991,0.08092252989987672,21.0,0.968369666206082,0.04025390954906801,0.968369666206082,0.04596806403536254,-5.5,0.9858364419673205,0.018676650736602806,0.9858364419673205,0.031762712307400805,24.85,0.9407486992331038,0.08084116629423671,0.9407486992331038,0.09332607888881186,47.0,0.8184024217817639,0.1848808364687976,0.8184024217817639,0.17633608969086742,34.9,0.9472243432391264,0.06803323141899455,0.9472243432391264,0.07857975397102376,67.5,0.9635765396852702,0.04277406985584633,0.9635765396852702,0.04725422150229766
20.4,0.964630488379135,0.04362804876001368,0.964630488379135,0.03531954023212954,1186.0,0.9438211799316663,0.07272876608435072,0.9438211799316663,0.07750214853741602,43.0,0.968369666206082,0.04025390954906801,0.968369666206082,0.04516503791258881,-0.8,0.9858364419673205,0.018676650736602806,0.9858364419673205,0.03045410411285684,3.82,0.9411694315188709,0.08039238037995415,0.9411694315188709,0.09170551237070791,28.0,0.8206762881065581,0.18426751822428306,0.8206762881065581,0.17623850945132158,18.4,0.9481975830049525,0.0668789701162036,0.9481975830049525,0.07635684840442747,60.4,0.9657855787298448,0.04073021904540728,0.9657855787298448,0.046459357027737486
48.6,0.9658103996838509,0.04253033049972954,0.9658103996838509,0.035923155251072675,945.0,0.9430689861752898,0.07339017106515493,0.9430689861752898,0.07903922137171726,72.0,0.9695029269130265,0.03873181087511895,0.9695029269130265,0.04393751449402298,-1.6,0.9862571742530876,0.018176449278522962,0.9862571742530876,0.02876565614963131,6.3,0.9403157966964611,0.08131404363634107,0.9403157966964611,0.09478099352413603,33.0,0.8192485298777377,0.18527568239993678,0.8192485298777377,0.18177960156425876,25.5,0.9490683799537145,0.06611902699799109,0.9490683799537145,0.0748412296617493,60.0,0.9672382196031076,0.039528831994058704,0.9672382196031076,0.04631206715297376
80.4,0.9667836394496769,0.04132502954635017,0.9667836394496769,0.03499657097133922,1492.0,0.9413601058416201,0.0759835775166752,0.9413601058416201,0.08682187664477783,69.0,0.968369666206082,0.04025390954906801,0.968369666206082,0.042953525012861066,-4.7,0.9869327387255313,0.017341018216343866,0.9869327387255313,0.026408548430664813,17.97,0.9408683041765202,0.08063190666590007,0.9408683041765202,0.09499958506137099,50.0,0.8182752901119115,0.18611200900756547,0.8182752901119115,0.18272852266340353,32.9,0.9490683799537145,0.06611902699799109,0.9490683799537145,0.0748412296617493,64.3,0.9662227497356093,0.04067418548840607,0.9662227497356093,0.04839796491246038
85.1,0.9645816479311871,0.04385292845648409,0.9645816479311871,0.036207461175780574,1754.0,0.9417000112366747,0.07566330424054245,0.9417000112366747,0.09028054755197004,68.0,0.9675943603030395,0.04124418769837702,0.9675943603030395,0.042798927774395513,-2.3,0.9867348048627477,0.01756872330305825,0.9867348048627477,0.028553480077878276,22.17,0.9407497009841347,0.08071830769314545,0.9407497009841347,0.09273781253330951,57.0,0.8157162242451275,0.18687725183274062,0.8157162242451275,0.18202763170193326,34.5,0.9483077422728929,0.06690480324559729,0.9483077422728929,0.07458111039729985,64.7,0.9660248158728256,0.04089218399635116,0.9660248158728256,0.049796643682942766
87.5,0.9635996704892548,0.044730970258849034,0.9635996704892548,0.03704338824150331,1961.0,0.9407914714774672,0.07638250314163657,0.9407914714774672,0.09163183953075175,73.0,0.9666838980190784,0.042498421034590825,0.9666838980190784,0.0447172390992335,-1.6,0.9860791747654637,0.018536967630392212,0.9860791747654637,0.030441416361351267,25.52,0.9399457938921684,0.08136269421867541,0.9399457938921684,0.09158258287792252,62.0,0.8129590406368141,0.1877371712281625,0.8129590406368141,0.18148206223066266,35.7,0.9464883263084242,0.06901997957110982,0.9464883263084242,0.0766514785705165,66.3,0.9647502453495286,0.04190603385115442,0.9647502453495286,0.049719907287046644
86.7,0.9635996704892548,0.04473097025884939,0.9635996704892548,0.03612790618423696,2095.0,0.9403582415522586,0.07667951430663626,0.9403582415522586,0.09075247640744244,71.0,0.9681116562478987,0.04099100775839139,0.9681116562478987,0.04340148313899405,-8.6,0.9869896370494247,0.017233879781236694,0.9869896370494247,0.02834486465231651,27.38,0.9388591837829953,0.08224566368288747,0.9388591837829953,0.09006456802235359,65.0,0.8107404234901656,0.188264639972237,0.8107404234901656,0.18174507989363303,36.1,0.9440828453539382,0.07193021634655442,0.9440828453539382,0.07760636964557942,66.7,0.9630188369146144,0.043364891979296015,0.9630188369146144,0.04893694001692931
87.8,0.9655559699960273,0.0424074048253341,0.9655559699960273,0.03419663516918621,2322.0,0.9392572803071371,0.07751599533306346,0.9392572803071371,0.0898576185600311,70.0,0.9679137223851151,0.04120940030159303,0.9679137223851151,0.04341213675100988,-6.2,0.9883492807810993,0.015176641122494875,0.9883492807810993,0.025390705219806884,31.2,0.9388591837829953,0.08224566368288747,0.9388591837829953,0.09006456802235359,75.0,0.8077347529276553,0.1892281132252596,0.8077347529276553,0.18162329793065973,36.5,0.9443126290394939,0.07176382222666575,0.9443126290394939,0.07468998121993015,67.5,0.9600768508502353,0.04636304728846097,0.9600768508502353,0.05110410568136101
19.2,0.9664664322799881,0.04115464114738078,0.9664664322799881,0.03482536493080849,2631.0,0.9392572803071371,0.07751599533306346,0.9392572803071371,0.0898576185600311,21.0,0.9670429254363531,0.04200924441617249,0.9670429254363531,0.045332967704667396,4.7,0.9880944485944225,0.01551248871563523,0.9880944485944225,0.024787631560714365,7.93,0.9406213583646122,0.08061307672229669,0.9406213583646122,0.08877368739889446,75.0,0.8077347529276553,0.1892281132252596,0.8077347529276553,0.18162329793065973,26.3,0.9454855550816376,0.07064458449517108,0.9454855550816376,0.07459669917069008,78.8,0.9574187261126867,0.04886251971169862,0.9574187261126867,0.05204785199612305
30.2,0.967273568531604,0.03990280685603567,0.967273568531604,0.031848971317269936,844.0,0.9407342457650081,0.07630294017914206,0.9407342457650081,0.088807310685176,46.0,0.9681116562478987,0.04099100775839139,0.9681116562478987,0.04428671218885219,-2.3,0.9885151808801897,0.015009758291851444,0.9885151808801897,0.023181670375646186,3.42,0.9404942695452803,0.08071048062114639,0.9404942695452803,0.09057962713543344,23.0,0.8069594470246128,0.18989923770282474,0.8069594470246128,0.18661226995746416,19.2,0.9444168242700918,0.07160333665318158,0.9444168242700918,0.07536905271185561,52.9,0.9591036110844092,0.04755429179343344,0.9591036110844092,0.050890324330878874
91.0,0.9688199299528097,0.03829582140652694,0.9688199299528097,0.03212960757019067,1252.0,0.9412118763746683,0.07575359570871709,0.9412118763746683,0.08751924673000055,76.0,0.968111656247899,0.040991007758391394,0.968111656247899,0.045035745472654556,3.1,0.9899766420407564,0.013241511879713517,0.9899766420407564,0.019434727631367492,17.42,0.9395853158647725,0.08160285844181434,0.9395853158647725,0.09269913028011192,33.0,0.8048760586985081,0.19151423719036423,0.8048760586985081,0.187758248501819,34.1,0.9447993998241131,0.07130362991588964,0.9447993998241131,0.0752043587187921,58.4,0.9604348056541373,0.04584074452558704,0.9604348056541373,0.04754502264493203
38.8,0.9690427283757932,0.0380323636460531,0.9690427283757932,0.03006982055245892,1687.0,0.9405363119022244,0.07650724479078225,0.9405363119022244,0.08986885412243278,28.0,0.9687367611849431,0.04039007657559871,0.9687367611849431,0.04503865577503814,0.0,0.9899766420407564,0.013241511879713517,0.9899766420407564,0.018694219079961733,9.9,0.9418539132769549,0.07884407828618847,0.9418539132769549,0.08583503896968414,36.0,0.8042004942260642,0.19204438652689676,0.8042004942260642,0.18775368704129985,30.2,0.9466188157885821,0.06919709182733787,0.9466188157885821,0.06936686030160365,72.2,0.9604348056541373,0.04584074452558634,0.9604348056541373,0.04676639335260735
16.9,0.9686847735718912,0.038562538589801194,0.9686847735718912,0.03230066164483516,1647.0,0.9405363119022244,0.07650724479078225,0.9405363119022244,0.08817972466602846,31.0,0.9695597999847713,0.03956930111250343,0.9695597999847713,0.04519177351969206,3.1,0.9899766420407564,0.013241511879713517,0.9899766420407564,0.018694219079961733,4.2,0.9442593942314411,0.07595921820234892,0.9442593942314411,0.07870511124542662,30.0,0.8032915405455566,0.1926569474884075,0.8032915405455566,0.18773097743950798,21.6,0.948820807307072,0.066778875652434,0.948820807307072,0.06346890981271107,63.1,0.9598822981740783,0.046559039847351165,0.9598822981740783,0.04446091685891903
18.0,0.9686847735718912,0.038562538589801555,0.9686847735718912,0.033772667883607214,1366.0,0.9441061803899232,0.07219853105571561,0.9441061803899232,0.08118272326832089,26.0,0.9702154300820555,0.03863190529574358,0.9702154300820555,0.046319594638999706,13.3,0.9895559097549892,0.013745756247954056,0.9895559097549892,0.019246819723961583,3.67,0.9458418363860993,0.07382928922123734,0.9458418363860993,0.07694822764517106,15.0,0.8030275681839206,0.19279059706008725,0.8030275681839206,0.18661394718310492,20.4,0.9497312695910332,0.06557258851775602,0.9497312695910332,0.06009412862087339,62.0,0.9621686541411731,0.044488641669455486,0.9621686541411731,0.04271160738415462
52.9,0.9684299413852144,0.038885392883110326,0.9684299413852144,0.03526002662142603,1540.0,0.9436938920286012,0.07253840064428572,0.9436938920286012,0.08037630240158793,67.0,0.9702154300820555,0.03863190529574358,0.9702154300820555,0.046319594638999706,5.5,0.9900937490128273,0.013155679353707636,0.9900937490128273,0.01805507719060056,16.16,0.9472014801177739,0.07194107616065597,0.9472014801177739,0.07353014249382706,29.0,0.801481206762715,0.19380154060200735,0.801481206762715,0.1897138484930314,31.8,0.9501804510387466,0.06487395400862027,0.9501804510387466,0.056003640102754444,61.6,0.9621686541411733,0.04448864166945549,0.9621686541411733,0.042628451306406426
79.2,0.9678315526707818,0.03936766828585262,0.9678315526707818,0.03452077290008012,2758.0,0.9425425819128092,0.07385395406456835,0.9425425819128092,0.08438714230319293,43.0,0.9673215243177085,0.043529393489184054,0.9673215243177085,0.05342325349172582,0.0,0.9898389168261507,0.013492653843511922,0.9898389168261507,0.01965934162796367,33.52,0.9472014801177739,0.07194107616065597,0.9472014801177739,0.07353014249382706,39.0,0.801481206762715,0.19380154060200735,0.801481206762715,0.19009360898857897,36.9,0.9501804510387466,0.06487395400862027,0.9501804510387466,0.056003640102754444,67.8,0.9639490301586151,0.042044680113100114,0.9639490301586151,0.038583436966147806
49.4,0.9676087542477985,0.039630467416517566,0.9676087542477985,0.03572553342903123,2012.0,0.9399800667567297,0.07736978452652143,0.9399800667567297,0.08508195140537071,26.0,0.9673215243177085,0.043529393489184054,0.9673215243177085,0.05342325349172582,-7.0,0.9893612862164903,0.014104312830227268,0.9893612862164903,0.021102726476123393,15.06,0.9467238495081137,0.07249632860495168,0.9467238495081137,0.07586403239127243,46.0,0.798781252397311,0.19450565523022928,0.798781252397311,0.18901844503209475,31.4,0.9501804510387466,0.06487395400862027,0.9501804510387466,0.057179815820561045,70.2,0.9619905837912072,0.044671458761627404,0.9619905837912072,0.04276942569380418
18.4,0.9676087542477985,0.039630467416517566,0.9676087542477985,0.03572553342903123,2287.0,0.9399800667567297,0.07736978452652143,0.9399800667567297,0.08278831038227055,20.0,0.966252793506163,0.04454391975347856,0.966252793506163,0.054445577312348906,0.0,0.9893612862164903,0.014104312830227268,0.9893612862164903,0.021102726476123393,6.54,0.9467238495081137,0.07249632860495168,0.9467238495081137,0.07586403239127243,40.0,0.798781252397311,0.19450565523022928,0.798781252397311,0.18592844639448305,25.1,0.9501804510387466,0.06487395400862027,0.9501804510387466,0.057179815820561045,63.5,0.961692908497825,0.04507302406523778,0.961692908497825,0.04344009802346839
19.2,0.9670099516120654,0.04029624474490903,0.9670099516120654,0.036266526518327506,1527.0,0.9395024361470695,0.07791748773290019,0.9395024361470695,0.08125145275905671,35.0,0.9675839880758911,0.0428124903537122,0.9675839880758911,0.05001461114834674,4.7,0.9885076513940806,0.015137694940793554,0.9885076513940806,0.023103176544499067,3.75,0.9483949494728965,0.07051687097755129,0.9483949494728965,0.07440589269487564,9.0,0.8001124469670391,0.19334730933778768,0.8001124469670391,0.1842608686016828,20.4,0.9514935961996274,0.06338386567777558,0.9514935961996274,0.053555870676061136,62.7,0.9603617139280969,0.04679004823459326,0.9603617139280969,0.04383348438068503
43.1,0.9670099516120654,0.04029624474490903,0.9670099516120654,0.03576113114341749,775.0,0.9386316391983076,0.07865759874913139,0.9386316391983076,0.07971391904205075,40.0,0.9665381508530796,0.043890202292808336,0.9665381508530796,0.05012494791799757,-0.8,0.9883097175312969,0.015366215738541017,0.9883097175312969,0.02426139728952393,4.75,0.9468856845532024,0.0723471480622608,0.9468856845532024,0.07692950753111003,11.0,0.7993085398750728,0.19375967311530734,0.7993085398750728,0.18336271861390602,21.2,0.9499843312799334,0.06523217938075747,0.9499843312799334,0.05810820420050288,51.8,0.9599409816423297,0.04726416233916047,0.9599409816423297,0.04196110245118702
47.1,0.964851288164654,0.042528774803788374,0.964851288164654,0.036964851394388966,1014.0,0.9379389125995116,0.07922500493150302,0.9379389125995116,0.07953986551482105,66.0,0.9645818513463071,0.046213309764388776,0.9645818513463071,0.05289861337715551,-3.9,0.9877572100512377,0.016123916451465145,0.9877572100512377,0.025655607232925808,7.95,0.9451053085357607,0.07468801521727945,0.9451053085357607,0.08284984281597382,14.0,0.8000607336314493,0.19333173020958852,0.8000607336314493,0.1829470357518876,25.9,0.9486531367102051,0.06689849160119139,0.9486531367102051,0.06296659760090893,63.1,0.9587771957751452,0.04852674387533947,0.9587771957751452,0.04540119414647621
71.8,0.9628966920971226,0.04441065139381123,0.9628966920971226,0.03726418020927666,1295.0,0.9388097095482734,0.07848607411316254,0.9388097095482734,0.07908756301291882,44.0,0.9654048901461353,0.04540131521368954,0.9654048901461353,0.05118888724886906,-7.0,0.9873364777654708,0.016625776853625835,0.9873364777654708,0.02507338990718684,14.06,0.9441967687765533,0.07541128214222781,0.9441967687765533,0.08147004721786827,19.0,0.7969873298295524,0.19424582571836155,0.7969873298295524,0.18260659454287298,31.4,0.9480790133037945,0.06739290585972534,0.9480790133037945,0.06131933844054084,62.7,0.9599409816423297,0.04726416233916047,0.9599409816423297,0.04196110245118702
16.9,0.9619862298131616,0.045655417729851974,0.9619862298131616,0.03718314817824909,1338.0,0.9376242858666881,0.07943340403217464,0.9376242858666881,0.08045995657203163,20.0,0.9658256224319022,0.04492345672356464,0.9658256224319022,0.05093516958570138,2.3,0.9886676723351989,0.014816330753021727,0.9886676723351989,0.021917864705905378,3.5,0.9441967687765533,0.07541128214222781,0.9441967687765533,0.08072616766326927,16.0,0.7974649604392128,0.19386396671170866,0.7974649604392128,0.17616484207396518,19.6,0.9471685510198335,0.06859512528236014,0.9471685510198335,0.06216393497349764,62.0,0.9607946164647393,0.046289953117633675,0.9607946164647393,0.03996417002042109
17.3,0.9619862298131616,0.045655417729851974,0.9619862298131616,0.03628839255443876,1398.0,0.9361473204088172,0.08063671748164222,0.9361473204088172,0.08209235323377492,21.0,0.965347991822242,0.04550440642081399,0.965347991822242,0.051458640145343966,9.4,0.9879070346543773,0.015678724674038597,0.9879070346543773,0.02346100924487704,3.82,0.9456245270053737,0.07399160455971784,0.9456245270053737,0.07716430351733414,17.0,0.8042260312079317,0.18540467955604628,0.8042260312079317,0.18309979422911274,20.8,0.9483414770619771,0.06746804482302073,0.9483414770619771,0.05925771261772505,63.1,0.9621542601964141,0.04432963356195481,0.9621542601964141,0.03787521666433502
18.0,0.9625387372932208,0.04493491260258719,0.9625387372932208,0.035058577405994246,1426.0,0.9356501622542376,0.0809515005930595,0.9356501622542376,0.0808323986668646,22.0,0.9602444629678992,0.055582262174153685,0.9602444629678992,0.08012181303540865,15.6,0.988161866841054,0.015342985163813013,0.988161866841054,0.023325009033875216,3.9,0.9463000914778176,0.07323149125934045,0.9463000914778176,0.07569958568114767,12.0,0.8060064072253735,0.18370277180103706,0.8060064072253735,0.17996874892297876,21.2,0.949017041534421,0.06670079877740417,0.949017041534421,0.05825758422978646,62.7,0.9612437979124532,0.045573451079004415,0.9612437979124532,0.04071866036750879
35.7,0.9607500499041121,0.04654511210298778,0.9607500499041121,0.03750620749033616,781.0,0.9358480961170211,0.0807493650113147,0.9358480961170211,0.08001389466655685,36.0,0.9592943353487391,0.05648376332846741,0.9592943353487391,0.08147410425951825,-5.5,0.9884595421344364,0.014920657378313187,0.9884595421344364,0.022323385879828794,3.87,0.9438946105233313,0.07613037231272311,0.9438946105233313,0.08079898934567678,0.0,0.8083276172708939,0.1831680567514435,0.8083276172708939,0.18023295223514513,20.4,0.9499671691535811,0.06582037978926938,0.9499671691535811,0.0571192196821236,57.3,0.9601105372055088,0.04707372681896889,0.9601105372055088,0.041825276865992383
29.0,0.9587863373837656,0.04955652260777231,0.9587863373837656,0.0398712704313286,2187.0,0.9389964272378046,0.07738859849894184,0.9389964272378046,0.07905915454773908,50.0,0.959294335348739,0.0564837633284674,0.959294335348739,0.0779316372889387,7.8,0.9888174969383383,0.01437052602335223,0.9888174969383383,0.022867390264602706,6.45,0.9438946105233313,0.07613037231272311,0.9438946105233313,0.08079898934567678,15.0,0.8120430415037959,0.18163300455132617,0.8120430415037959,0.18050109053791316,23.1,0.9520505574796858,0.06347449732709057,0.9520505574796858,0.06015022137032124,71.8,0.9629752063473671,0.044121542610346044,0.9629752063473671,0.03904709261565359
76.5,0.9579792011321502,0.05078864970407023,0.9579792011321502,0.042324796404478254,1402.0,0.9405056921574985,0.07558357796950839,0.9405056921574985,0.07937876474316385,20.0,0.9607220935775593,0.05500963368643265,0.9607220935775593,0.07295285576775419,-0.8,0.9888174969383383,0.01437052602335223,0.9888174969383383,0.022867390264602706,16.45,0.9422962658204608,0.07782827587935481,0.9422962658204608,0.08451557934905288,10.0,0.8144274863099095,0.17910789535464408,0.8144274863099095,0.17553173430777497,32.5,0.9508776314375421,0.06461156331093816,0.9508776314375421,0.0631334181295782,62.0,0.9640800178923653,0.0424737857213082,0.9640800178923653,0.03884705287404101
33.3,0.9591124618390946,0.04929634193843499,0.9591124618390946,0.04122411644226691,820.0,0.9405056921574985,0.07558357796950839,0.9405056921574985,0.07937876474316385,43.0,0.9612746010576184,0.05429552333774036,0.9612746010576184,0.07118105816517657,2.3,0.9899688070541303,0.012912559445061127,0.9899688070541303,0.019807358087724353,3.37,0.9433421030432724,0.0768176438371595,0.9433421030432724,0.08211593829640763,1.0,0.8154807365462948,0.17778809286536565,0.8154807365462948,0.1742572655348956,25.9,0.9506319394258248,0.06480191131258142,0.9506319394258248,0.0623367135885515,51.8,0.9640800178923653,0.0424737857213082,0.9640800178923653,0.040275333529766755
21.2,0.9591124618390946,0.04929634193843499,0.9591124618390946,0.04076720409768832,1605.0,0.9419334503863188,0.07417059603639242,0.9419334503863188,0.07967546459895307,49.0,0.962183554738126,0.05335314311819538,0.962183554738126,0.07029776513593235,3.1,0.9899688070541305,0.01291255944506113,0.9899688070541305,0.019823739419528866,11.04,0.9464588072306027,0.07190091646482219,0.9464588072306027,0.07574730388792157,3.0,0.814300825241579,0.1785013621018417,0.814300825241579,0.1753666634716945,29.8,0.9514072453288672,0.06384936085461387,0.9514072453288672,0.059989334599609555,58.0,0.964241852937454,0.04231638075365183,0.964241852937454,0.03992480179128491
83.9,0.9604256069999753,0.0477692613409388,0.9604256069999753,0.03956814290218921,1375.0,0.9427087562893615,0.07323543714633295,0.9427087562893615,0.0799422419925905,21.0,0.9619856208753425,0.053567552072528335,0.9619856208753425,0.07255859548935331,-1.6,0.990223639240807,0.01257539051152938,0.990223639240807,0.019557877339132872,18.93,0.9469058418176812,0.07150967165581588,0.9469058418176812,0.07459354234261756,18.0,0.8173064958040893,0.17747911173358247,0.8173064958040893,0.1757230036113485,33.7,0.9519813687352778,0.06335078772027061,0.9519813687352778,0.058905975590053034,51.8,0.964241852937454,0.04231638075365254,0.964241852937454,0.04179080836461761
81.2,0.9615588677069197,0.04626927811197477,0.9615588677069197,0.03589488440233281,1688.0,0.944408520170216,0.07176198032059906,0.944408520170216,0.07921873741487966,60.0,0.9622404530620191,0.05325087157087334,0.9622404530620191,0.07131080451567524,-0.8,0.9902236392408073,0.012575390511529382,0.9902236392408073,0.018636748973039633,18.53,0.9459557141985211,0.07238111675978469,0.9459557141985211,0.07347473499765705,38.0,0.8141028913787953,0.17864871022405873,0.8141028913787953,0.17802086405585282,32.9,0.9508014574305619,0.06440546389691777,0.9508014574305619,0.058649463637680484,63.5,0.964241852937454,0.04231638075365254,0.964241852937454,0.04179080836461761
82.7,0.9626121179433049,0.04448861367347047,0.9626121179433049,0.03410774563579203,1987.0,0.9442105863074324,0.07196815995868473,0.9442105863074324,0.0818997783546862,46.0,0.9678216125260223,0.04255517824837056,0.9678216125260223,0.05224590075804642,-1.6,0.9905635446358615,0.01221395563736679,0.9905635446358615,0.017869333033545275,24.16,0.9471195000657053,0.07116633148449311,0.9471195000657053,0.070602190854375,43.0,0.8118152253747136,0.1792063199118184,0.8118152253747136,0.1777469746140031,35.3,0.9514876126880861,0.06373660102328986,0.9514876126880861,0.05635026042361634,66.3,0.96273258801776,0.044225151778353705,0.96273258801776,0.0440615439715417
56.9,0.9634192541949208,0.04324483765116454,0.9634192541949208,0.032684657170095055,1491.0,0.9447847097138432,0.07147887741227722,0.9447847097138432,0.08276393675823891,28.0,0.9678216125260223,0.04255517824836949,0.9678216125260223,0.049356663979024766,6.2,0.990187540423112,0.012637961825067287,0.990187540423112,0.01889684098994664,12.58,0.9482708101814976,0.06984025709991441,0.9482708101814976,0.06899542193393758,47.0,0.8083210892870497,0.18053182035255289,0.8083210892870497,0.17776193787208977,30.2,0.9529968776077802,0.061882667352798786,0.9529968776077802,0.0543282292442001,67.5,0.9611991134456291,0.0454606751204068,0.9611991134456291,0.04413627558743413
17.3,0.9649851431610457,0.04188508187001426,0.9649851431610457,0.031581414893912314,1543.0,0.9463830544167137,0.06976506018976461,0.9463830544167137,0.07912068648014546,32.0,0.9673439819163621,0.04313858966274401,0.9673439819163621,0.04894078129937284,0.0,0.990187540423112,0.012637961825067287,0.990187540423112,0.01929938884650375,4.03,0.9479606591367227,0.07011974170309583,0.9479606591367227,0.06891163387402935,45.0,0.8097237990147491,0.17965254788910856,0.8097237990147491,0.17174846417563608,21.2,0.9526867265630055,0.06216636227474285,0.9526867265630055,0.05430754148193093,63.1,0.9620527482680389,0.0444834784845825,0.9620527482680389,0.04100350059728341
67.5,0.9652399753477225,0.04156424076755256,0.9652399753477225,0.032598735962565996,1564.0,0.9467590586294632,0.06938293563300382,0.9467590586294632,0.07738064323659485,61.0,0.9686571270772428,0.04158890913576772,0.9686571270772428,0.04697616042906447,5.5,0.9904852157164944,0.012213936427947329,0.9904852157164944,0.01690037591741018,16.04,0.9489107867558828,0.06924387719275889,0.9489107867558828,0.06951920324104552,52.0,0.811504175032191,0.17792079752837917,0.811504175032191,0.16946283841050513,32.2,0.9538666378677214,0.061106507864274844,0.9538666378677214,0.05431606592008085,66.7,0.9627083783653231,0.043557100570854344,0.9627083783653231,0.040505096293074166
71.8,0.964224505480224,0.04270491248922436,0.964224505480224,0.03316972554055723,1954.0,0.9454800270343757,0.07040936709919493,0.9454800270343757,0.07922601850694554,41.0,0.9697258578887882,0.0405683561611141,0.9697258578887882,0.04570210654368867,1.6,0.9903071453665284,0.012408414933557887,0.9903071453665284,0.017707779860203915,20.57,0.9476101173463947,0.0705767802433806,0.9476101173463947,0.07348367982143546,58.0,0.8149983111198549,0.17657273656830827,0.8149983111198549,0.1705604079277956,33.7,0.9529165102485613,0.06199577947112957,0.9529165102485613,0.05759998491078911,67.5,0.9649174174098977,0.04151706034207299,0.9649174174098977,0.0398631661612887
52.9,0.9630912447732796,0.04421355021697473,0.9630912447732796,0.03673158463777788,1593.0,0.9450592947486085,0.07086498028272341,0.9450592947486085,0.07810414781430569,38.0,0.9697258578887882,0.04056835616111481,0.9697258578887882,0.04424933276803734,4.7,0.9907847759761887,0.011795340513658374,0.9907847759761887,0.015462839758722731,10.21,0.9484331561462228,0.06980162061183344,0.9484331561462228,0.07230098971248651,57.0,0.8182361047430967,0.17539036557703686,0.8182361047430967,0.16555931684690545,28.6,0.9538666378677214,0.0611065078642752,0.9538666378677214,0.05625474247662108,66.7,0.9665679921459444,0.04009984629357451,0.9665679921459444,0.03759483892106302
43.1,0.9621180050074536,0.045411005680818226,0.9621180050074536,0.03684599850907856,1550.0,0.9454172495525105,0.0703606697847403,0.9454172495525105,0.07776820230330554,46.0,0.9703814879860726,0.03963146620158139,0.9703814879860726,0.04257176863363298,6.2,0.9911607801889383,0.011370753119796259,0.9911607801889383,0.01515721172552749,9.58,0.9484331561462228,0.06980162061183276,0.9484331561462228,0.07369304852439955,56.0,0.8230221513230489,0.17256644249068387,0.8230221513230489,0.1607418028691427,28.2,0.954112329879439,0.06091444672421865,0.954112329879439,0.05705144701764778,71.0,0.9670456227556046,0.03951543523260792,0.9670456227556046,0.039057420877507236
55.7,0.9612075427234925,0.046653749808300955,0.9612075427234925,0.038503037917298207,1551.0,0.943460950045738,0.07257420585143247,0.943460950045738,0.0816618143185523,64.0,0.9703814879860726,0.03963146620158139,0.9703814879860726,0.04257176863363298,5.5,0.9915367844016878,0.0109458401888915,0.9915367844016878,0.014300847327489064,15.22,0.9471019615764946,0.07145849568155725,0.9471019615764946,0.07670179637468731,60.0,0.8317720555528605,0.16304731985079096,0.8317720555528605,0.1393354856376858,31.8,0.9531390901136129,0.06208285385768049,0.9531390901136129,0.05965239249613122,68.6,0.9656859790239297,0.041493139105946465,0.9656859790239297,0.04091432454159799
42.0,0.9612075427234925,0.0466537498083013,0.9612075427234925,0.038651064795429034,1637.0,0.9430849458329884,0.07295353452305524,0.9430849458329884,0.08319497967559772,32.0,0.9703814879860726,0.03963146620158139,0.9703814879860726,0.04257176863363298,4.7,0.9923904192240977,0.009905605351577853,0.9923904192240977,0.011560035342124143,8.91,0.9477775260489385,0.07069522378840266,0.9477775260489385,0.07484812903744287,61.0,0.8349052433739234,0.16176823298682214,0.8349052433739234,0.1404568687440982,27.5,0.954112329879439,0.060914446724218294,0.954112329879439,0.05776802137877053,70.6,0.9670456227556046,0.03951543523260792,0.9670456227556046,0.03703211776408225
45.5,0.9612075427234925,0.0466537498083013,0.9612075427234925,0.038051572510198944,1718.0,0.9412962584438799,0.07447457545737798,0.9412962584438799,0.08456641878534546,19.0,0.9715147486930169,0.0381052866692979,0.9715147486930169,0.039674693498778446,0.0,0.9921924853613138,0.010136091254146221,0.9921924853613138,0.011939435895824057,13.56,0.9497412385692849,0.0677644592148493,0.9497412385692849,0.07250007039130063,64.0,0.8349052433739234,0.16176823298682214,0.8349052433739234,0.1404568687440982,30.6,0.9567514034571091,0.05645397690017503,0.9567514034571091,0.05407727258735247,74.9,0.9667907905689277,0.039837457597616394,0.9667907905689277,0.03740272695063526
52.5,0.9604004064718767,0.047891639007099425,0.9604004064718767,0.04175246094084173,1754.0,0.9404687225076613,0.07502771444927678,0.9404687225076613,0.08429672569495426,18.0,0.9697893151708143,0.040029399131349085,0.9697893151708143,0.042011654218404824,-3.1,0.992014415011348,0.010331285514897703,0.992014415011348,0.011826287567328043,13.59,0.9507870757920963,0.06673341020072718,0.9507870757920963,0.07109366570811652,61.0,0.8347073095111397,0.16192544629484276,0.8347073095111397,0.1351134771296689,30.6,0.9567514034571091,0.05645397690017503,0.9567514034571091,0.055720843534592536,69.8,0.9654311468372531,0.041814157399634705,0.9654311468372531,0.03964091288919178
17.3,0.9598478989918178,0.04860872684145129,0.9598478989918178,0.04140316592249504,1628.0,0.9415145597304728,0.07401626118123877,0.9415145597304728,0.0821858268010152,20.0,0.970564621073857,0.039035755489873064,0.970564621073857,0.041539654564992166,0.0,0.991656460207446,0.010884687222638467,0.991656460207446,0.012972181637699457,4.17,0.9512078080778634,0.06627282744446038,0.9512078080778634,0.06935872352889312,54.0,0.8323659112268519,0.1651388659580306,0.8323659112268519,0.1351776435111607,22.4,0.9516478746027661,0.06637888790543679,0.9516478746027661,0.06698503092175336,63.1,0.9654311468372531,0.041814157399634705,0.9654311468372531,0.03931612956513442
20.0,0.9629073066043472,0.045099297452510366,0.9629073066043472,0.036734922626657576,1214.0,0.9410675251433943,0.07440370159852071,0.9410675251433943,0.08140365088841013,24.0,0.9678402708726889,0.0429181085028855,0.9678402708726889,0.046333782743982095,9.4,0.9908028253850363,0.011923296629531696,0.9908028253850363,0.014922638399798491,3.3,0.9510709245355596,0.06638704686072879,0.9510709245355596,0.06837313345721167,28.0,0.8325887096498354,0.1649491423342717,0.8325887096498354,0.13139915943271285,18.0,0.9519027067894429,0.066069346850041,0.9519027067894429,0.06914114603294479,73.7,0.9648933075794149,0.04237320163058753,0.9648933075794149,0.04167680309972255
34.5,0.9634598140844061,0.04437773358469214,0.9634598140844061,0.037696010721320485,831.0,0.9427180998794408,0.07308269042874273,0.9427180998794408,0.07970338711405095,76.0,0.9665487416381598,0.04419534508629114,0.9665487416381598,0.04503932509803753,-0.8,0.9896515152692442,0.013383667757477243,0.9896515152692442,0.015673427729811954,4.21,0.9521575346447327,0.06547202831230783,0.9521575346447327,0.0693736314288281,20.0,0.8356856147744574,0.1636780599426457,0.8356856147744574,0.12905494703106624,20.0,0.9523497413765216,0.06567272462085144,0.9523497413765216,0.06760270649134634,54.5,0.966224502149143,0.04064138284567221,0.966224502149143,0.039267547534664875
100.0,0.9619828486265349,0.045674803855408966,0.9619828486265349,0.039444414837216224,2174.0,0.9474006930328964,0.06686604584830531,0.9474006930328964,0.07257752934226881,83.0,0.9655667641962278,0.04507501343564531,0.9655667641962278,0.04617369794825988,2.3,0.989173884659584,0.013995261019081901,0.989173884659584,0.017774165051629237,33.67,0.9521575346447327,0.06547202831230783,0.9521575346447327,0.07185778614930993,34.0,0.8389682796278404,0.1622041139239203,0.8389682796278404,0.13007975759876708,38.4,0.952151807513738,0.06588215580287568,0.952151807513738,0.06728207658497845,65.9,0.9667770096292022,0.039914607563450354,0.9667770096292022,0.03914307153577718
20.0,0.9627350423829116,0.044976149391649144,0.9627350423829116,0.0404343891853012,2097.0,0.9497851378390096,0.06346757515335688,0.9497851378390096,0.06774642680427465,58.0,0.9663189579526043,0.04437302537452097,0.9663189579526043,0.04661056531615931,-3.1,0.989173884659584,0.013995261019081901,0.989173884659584,0.020025505491602945,5.72,0.9509937487775482,0.06670117172686037,0.9509937487775482,0.07267518424277,54.0,0.8387454812048568,0.16239669458646508,0.8387454812048568,0.13382804664301914,27.8,0.9519061155020202,0.06607247579218058,0.9519061155020202,0.06676737921593509,60.8,0.9665221774425254,0.04023642945386018,0.9665221774425254,0.04194428052851595
20.8,0.9642443073026057,0.04306855048257629,0.9642443073026057,0.03665495589518056,1802.0,0.9502343192867234,0.0627679019966315,0.9502343192867234,0.06359690661675317,50.0,0.9666166332459866,0.043969179495439485,0.9666166332459866,0.04483488563928436,3.1,0.9896515152692442,0.013383667757477243,0.9896515152692442,0.018498964565695036,4.32,0.9527741247949902,0.06432904884575971,0.9527741247949902,0.06769430705680743,53.0,0.8367870348374492,0.16437670922878722,0.8367870348374492,0.13644288653087866,22.0,0.9534153804217143,0.06422134270519686,0.9534153804217143,0.06280055422095081,68.6,0.9654173658975275,0.041891169049743895,0.9654173658975275,0.04458031941291084
47.1,0.9642443073026055,0.043068550482576275,0.9642443073026055,0.03665495589518056,1772.0,0.9507225406814642,0.06230813059380424,0.9507225406814642,0.06155946109282508,19.0,0.9662043448846646,0.04433068308674727,0.9662043448846646,0.04504887623385758,-7.8,0.9896515152692442,0.013383667757477243,0.9896515152692442,0.020127945291279738,10.2,0.9523981205822407,0.0647159457017054,0.9523981205822407,0.06806377558196809,49.0,0.8376974971214102,0.16343504930179625,0.8376974971214102,0.13355320420495528,29.0,0.9532373100717483,0.06439866031425866,0.9532373100717483,0.06317618966542504,70.6,0.9626930156963596,0.04574364983930617,0.9626930156963596,0.04868958224880072
18.0,0.9637666766929454,0.043649394526951435,0.9637666766929454,0.0383917043928005,1424.0,0.9505444703314982,0.06248523777744262,0.9505444703314982,0.059652961704768526,29.0,0.9662043448846646,0.04433068308674727,0.9662043448846646,0.04407707612356301,8.6,0.9893966830825675,0.013720429963855989,0.9893966830825675,0.019181134127081393,3.58,0.9526209190052242,0.06446343427437486,0.9526209190052242,0.066682499850893,20.0,0.8370219326489663,0.1640223384574817,0.8370219326489663,0.13444924694877505,20.4,0.9534921422584253,0.06408801370532054,0.9534921422584253,0.06214201494494077,62.7,0.9622153850866992,0.04632216300917807,0.9622153850866992,0.05135381846554557
38.4,0.9637666766929452,0.04364939452695143,0.9637666766929452,0.03851351216975114,803.0,0.9497838326506767,0.06327530970486607,0.9497838326506767,0.059349862596064396,68.0,0.9667568523647234,0.04360603359057609,0.9667568523647234,0.04304791429671866,6.2,0.9903071453665284,0.012408414933558251,0.9903071453665284,0.016015170661156534,6.44,0.9550263999597105,0.06150479442136527,0.9550263999597105,0.0634035175200954,27.0,0.8302608618802473,0.1731274049546195,0.8302608618802473,0.16543924036404792,27.5,0.9552010225920948,0.06143639543701561,0.9552010225920948,0.061719299573480206,54.1,0.9616165824509662,0.04697978844577666,0.9616165824509662,0.05339118152900882
78.0,0.9644422411653891,0.042851431353325226,0.9644422411653891,0.03816274619074707,2462.0,0.9511950376909638,0.06102530244895573,0.9511950376909638,0.05470039079558539,23.0,0.9654256577949953,0.04533478734503607,0.9654256577949953,0.04493522387920144,-1.6,0.9897546378864694,0.01316933275767197,0.9897546378864694,0.015740060244710377,30.07,0.95540240417246,0.061115425230230294,0.95540240417246,0.06303404899493473,36.0,0.8304836603032307,0.17294052854650158,0.8304836603032307,0.1642664890523929,36.1,0.9547802903063277,0.06190128853190273,0.9547802903063277,0.06234376047275463,68.2,0.9597971664864975,0.049165987269339635,0.9597971664864975,0.058081638649459054
100.0,0.9612939100446058,0.046430221887896674,0.9612939100446058,0.041624368337237705,1808.0,0.9496607756582919,0.06384854749751738,0.9496607756582919,0.05528490765906739,98.0,0.9651279825016131,0.04573768103098708,0.9651279825016131,0.045429208852402474,9.4,0.9903071453665286,0.012408414933557526,0.9903071453665286,0.014818931878617136,27.6,0.9529969232179738,0.06407633532812655,0.9529969232179738,0.06626699416042921,42.0,0.8266484879697887,0.17486900017837992,0.8266484879697887,0.16800727053075198,36.9,0.9533525320775074,0.06335496676122085,0.9533525320775074,0.06277353693377091,60.8,0.9597971664864975,0.049165987269339635,0.9597971664864975,0.058081638649459054
17.3,0.9612939100446058,0.046430221887896674,0.9612939100446058,0.04184224233922185,1516.0,0.949211594210578,0.06454725117209009,0.949211594210578,0.05279000885241639,30.0,0.9677670560792833,0.04118049236128293,0.9677670560792833,0.03712037338497404,4.7,0.9905619775532054,0.012070998795587495,0.9905619775532054,0.01429430908834532,3.59,0.9529969232179738,0.06407633532812655,0.9529969232179738,0.06626699416042921,21.0,0.8282468326726593,0.1736014009271085,0.8282468326726593,0.16405180517374762,20.4,0.9545163179446916,0.062118289401411536,0.9545163179446916,0.060779791042142504,73.7,0.960019964909481,0.048907670656597506,0.960019964909481,0.0576402700416699
36.9,0.9628922547474764,0.044640673279107784,0.9628922547474764,0.03994622611402942,790.0,0.949211594210578,0.06454725117209009,0.949211594210578,0.05279000885241639,67.0,0.9691782611195706,0.0388522033438897,0.9691782611195706,0.032542274847217015,2.3,0.9909379817659549,0.011646613492029067,0.9909379817659549,0.01243039023497,5.97,0.9516657286482455,0.06575013295807794,0.9516657286482455,0.06605692822519192,29.0,0.8300272086901013,0.1717992646382016,0.8300272086901013,0.15683396810019348,28.6,0.9545163179446916,0.06211828940141224,0.9545163179446916,0.05743691228502964,54.5,0.9614814260700477,0.04724322197277493,0.9614814260700477,0.055014886995338894
20.4,0.9625945794540942,0.045042650506826105,0.9625945794540942,0.041376500124856566,2437.0,0.9513318756230743,0.061846950656454465,0.9513318756230743,0.05134214565953142,52.0,0.9700318959419802,0.03786041409432721,0.9700318959419802,0.03312298629908388,3.9,0.9915367844016878,0.010945840188891137,0.9915367844016878,0.012094956377325345,6.73,0.951863662511029,0.06554079519613021,0.951863662511029,0.06648882260375615,40.0,0.8300272086901013,0.1717992646382016,0.8300272086901013,0.1559083211387672,24.7,0.9602954112714784,0.05135041323042617,0.9602954112714784,0.04480164237222014,70.6,0.9611837507766655,0.04764376381397143,0.9611837507766655,0.05669869092814198
43.1,0.9642656794188768,0.04297815616685891,0.9642656794188768,0.0398225638564701,2068.0,0.9528411405427684,0.059990355140194344,0.9528411405427684,0.04921105896892994,20.0,0.9704526282277474,0.03737680642686792,0.9704526282277474,0.03266671359817475,-7.0,0.992014415011348,0.010331285514897703,0.992014415011348,0.012015591777646138,12.43,0.9505791185390723,0.06666428355456791,0.9505791185390723,0.06572403343457917,46.0,0.8267075051424958,0.1732088067278383,0.8267075051424958,0.15545930456634027,29.4,0.9607161435572453,0.05087789915995156,0.9607161435572453,0.04262493536950941,71.0,0.9626930156963593,0.04574364983930616,0.9626930156963593,0.05533502248764923
17.3,0.9655968739886048,0.04124837349495354,0.9655968739886048,0.03933076207003599,1754.0,0.9531388158361508,0.059597403123444075,0.9531388158361508,0.04633266934678887,18.0,0.9689062668065415,0.03898817478009544,0.9689062668065415,0.033497151558697466,0.0,0.9926899794837918,0.009485493527880563,0.9926899794837918,0.011182171586840138,4.69,0.9514021573389002,0.06588292643949832,0.9514021573389002,0.06558762227840723,51.0,0.8233515188984494,0.1746040705952626,0.8233515188984494,0.15439897786812248,22.4,0.9620076727917745,0.049618057766113374,0.9620076727917745,0.04217529372146181,76.1,0.961580280218151,0.046590990380359576,0.961580280218151,0.05411970912337545
36.5,0.9652991986952226,0.04165260337793729,0.9652991986952226,0.04051565994664996,909.0,0.9529607454861848,0.059775526195000095,0.9529607454861848,0.04454084597752209,33.0,0.9695818312789853,0.03818238383507198,0.9695818312789853,0.03319106972969027,-1.6,0.9917167397179657,0.010756542014270759,0.9917167397179657,0.012049683578096259,4.02,0.9498038126360296,0.0676136176687454,0.9498038126360296,0.06877424094244092,22.0,0.8238291495081099,0.17419061697740526,0.8238291495081099,0.1502479813299017,20.4,0.961098719111267,0.05056377622234748,0.961098719111267,0.04440837736572065,52.2,0.9625957500856493,0.045457794214291164,0.9625957500856493,0.05205459145654977
40.4,0.9658980013309555,0.04098893288534677,0.9658980013309555,0.03993140835970453,778.0,0.9538998716862179,0.05905650754599639,0.9538998716862179,0.043342559443916746,32.0,0.9707617425837013,0.03707186491110683,0.9707617425837013,0.03270073451426871,3.1,0.9911642322379067,0.011519483521143731,0.9911642322379067,0.012732202183524607,4.37,0.947419367829916,0.07100175315130977,0.947419367829916,0.07515152149453046,13.0,0.8261392985293446,0.1735342894216322,0.8261392985293446,0.15083210631050756,20.8,0.9615869405060073,0.050091818203938626,0.9615869405060073,0.042942262745620186,55.3,0.9635062123696103,0.0442119982990122,0.9635062123696103,0.05138994684072279
57.3,0.9658980013309555,0.04098893288534677,0.9658980013309555,0.03993140835970453,931.0,0.9547535065086277,0.0580995070718413,0.9547535065086277,0.04228889920450704,56.0,0.9726057792982892,0.035044877660417695,0.9726057792982892,0.032056396085064304,-3.9,0.9911642322379067,0.011519483521143731,0.9911642322379067,0.012732202183524607,11.43,0.9462861071229715,0.07244845291091531,0.9462861071229715,0.0783488765198945,23.0,0.82945900207695,0.1721279746651562,0.82945900207695,0.15190609221610576,30.2,0.9623391342623838,0.049396935615272836,0.9623391342623838,0.043519536365251556,59.6,0.9635062123696103,0.0442119982990122,0.9635062123696103,0.054110965728365976
62.7,0.9658980013309555,0.04098893288534677,0.9658980013309555,0.03993140835970453,2237.0,0.9534223119388996,0.05978505745499719,0.9534223119388996,0.0433279419534774,54.0,0.9721850470125222,0.035530639370969314,0.9721850470125222,0.03358539309885491,-1.6,0.9906866016282464,0.012132930140933126,0.9906866016282464,0.013231741047975077,22.58,0.9455889048361269,0.07296103257271794,0.9455889048361269,0.07588426772868288,33.0,0.8325188685073495,0.17089624146505705,0.8325188685073495,0.15295352214227273,35.3,0.9607927728411781,0.05097449483989669,0.9607927728411781,0.044637869437803034,69.0,0.9617748039346964,0.04566463381964087,0.9617748039346964,0.05444251305802606
70.6,0.9644453604576927,0.042186292133595725,0.9644453604576927,0.03979530980236772,1744.0,0.9532243780761159,0.05999597758608021,0.9532243780761159,0.041815126884471726,65.0,0.9724398791991989,0.03520557498674064,0.9724398791991989,0.03352591338971585,-4.7,0.9897761393442853,0.013445710280194274,0.9897761393442853,0.01592576943421808,18.36,0.9461492235806677,0.07256108897159504,0.9461492235806677,0.0762769996862776,43.0,0.8325188685073495,0.17089624146505705,0.8325188685073495,0.15295352214227273,34.1,0.9603804844798561,0.051330586655536,0.9603804844798561,0.04338214303416756,67.1,0.9615199717480194,0.04598315743013206,0.9615199717480194,0.052426041811851495
17.6,0.9637697959852486,0.04298472399378773,0.9637697959852486,0.039953567182168095,1664.0,0.9538999425485598,0.05921899483883356,0.9538999425485598,0.03906164952081013,55.0,0.9738510842394863,0.03285681141034459,0.9738510842394863,0.029582346703905964,3.1,0.989298508734625,0.014057352282819716,0.989298508734625,0.015710964944527298,4.05,0.9464040557673445,0.07225520704306881,0.9464040557673445,0.07394257599480746,45.0,0.8325188685073495,0.17089624146505705,0.8325188685073495,0.15295352214227273,21.6,0.9603804844798561,0.0513305866555353,0.9603804844798561,0.042271055865983356,62.7,0.9622952776510619,0.04500332836881149,0.9622952776510619,0.049122688903327105
58.8,0.9637697959852486,0.04298472399378773,0.9637697959852486,0.03818792365953627,1534.0,0.9516313451363775,0.062064650123076576,0.9516313451363775,0.039301991912381706,41.0,0.9724914405078117,0.034858528948952264,0.9724914405078117,0.03209707409304262,-5.5,0.9902717485004513,0.012792698867912783,0.9902717485004513,0.014780489394593458,12.48,0.9444456093999368,0.0747684201286632,0.9444456093999368,0.07605229237572925,48.0,0.8325188685073495,0.17089624146505705,0.8325188685073495,0.15295352214227273,30.2,0.9578179693237767,0.05498077391723992,0.9578179693237767,0.04526343966444589,67.5,0.9612798077835637,0.04613662005661904,0.9612798077835637,0.04973136850510958
55.3,0.9631141658879644,0.04391257873642213,0.9631141658879644,0.04069074395286033,1648.0,0.9509451898788532,0.06273483352657809,0.9509451898788532,0.04022790991710315,52.0,0.9713401303920195,0.03626420930959072,0.9713401303920195,0.034717426339356726,0.0,0.9900738146376675,0.01302210709099491,0.9900738146376675,0.015914905758669846,14.36,0.943770044927493,0.07552573820451998,0.943770044927493,0.07899889665325577,33.67243525896414,0.8357637064914755,0.16946477457936857,0.8357637064914755,0.15036897997547966,31.0,0.9575631371371,0.05529540836417425,0.9575631371371,0.04734630551667789,69.0,0.9599666626226829,0.047667407152953645,0.9599666626226829,0.051697763498322155
17.6,0.9638003211454889,0.043219264970547594,0.9638003211454889,0.03993972296252866,1713.0,0.9493627477241948,0.0648960663895015,0.9493627477241948,0.03945458122313533,21.0,0.9735421219105096,0.03370003892156062,0.9735421219105096,0.0338545568257109,0.0,0.990729444734952,0.012046191397899716,0.990729444734952,0.014370875744568563,4.63,0.9448158821503045,0.07451070586161883,0.9448158821503045,0.07829211411922943,44.0,0.8366741687754367,0.1685302452743706,0.8366741687754367,0.1444374380207723,22.4,0.9587269230042844,0.05404279919713481,0.9587269230042844,0.04630252341544989,63.5,0.9616980710575973,0.0462214190254466,0.9616980710575973,0.05189408585000177
39.2,0.9633795888597216,0.043696782733607026,0.9633795888597216,0.039653152110230246,790.0,0.9484522854402341,0.0661024849871058,0.9484522854402341,0.039051859441878486,32.0,0.9726316596265486,0.034969520451047495,0.9726316596265486,0.03421195400180264,3.1,0.9909842769216286,0.011708535519431662,0.9909842769216286,0.014073532498826336,4.21,0.9441907772132601,0.07507291017229624,0.9441907772132601,0.07912996104736505,7.0,0.8386304682822092,0.16682729998847526,0.8386304682822092,0.14186733615744884,20.4,0.9584167719595098,0.054330978156967934,0.9584167719595098,0.046438678207805,56.1,0.9613220668448478,0.04661949425596532,0.9613220668448478,0.05215596927461329
65.9,0.962019945128047,0.04566065506719414,0.962019945128047,0.04295690825307798,1343.0,0.9473474738952359,0.0676943851255135,0.9473474738952359,0.040667023594607075,55.0,0.9709227792928792,0.03772009292138675,0.9709227792928792,0.03666359273291619,-3.1,0.9904317694415695,0.012470373591624527,0.9904317694415695,0.015355813244090515,13.46,0.943770044927493,0.07552573820452102,0.943770044927493,0.08012925852155595,17.0,0.8389281435755913,0.16652415405073653,0.8389281435755913,0.13748328393617015,30.6,0.9578179693237767,0.054980773917240634,0.9578179693237767,0.04764612975012209,62.0,0.9616980710575973,0.04622141902544695,0.9616980710575973,0.05147501227244891
17.3,0.960510680208353,0.04755946829703581,0.960510680208353,0.04403230417669047,1655.0,0.9471246754722525,0.0679445711287363,0.9471246754722525,0.041141535146040444,62.0,0.9687207877743889,0.04026782028484035,0.9687207877743889,0.03787448293735754,-0.8,0.9904317694415695,0.012470373591624527,0.9904317694415695,0.015607524271570463,23.53,0.9426062590603085,0.07673022647622985,0.9426062590603085,0.08124186115994132,30.0,0.8399101210175237,0.16591482510505168,0.8399101210175237,0.13697298772051808,34.9,0.9561468693589941,0.05700949853774438,0.9561468693589941,0.04733650634920738,63.5,0.9624733769606397,0.0452415869736773,0.9624733769606397,0.04984317858273937
19.2,0.9585469676880064,0.05056800571899511,0.9585469676880064,0.04786796166562814,2498.0,0.9464707488142095,0.0684060201986904,0.9464707488142095,0.04110059511233152,52.0,0.9680452233019452,0.04107139351667404,0.9680452233019452,0.038172616120375896,6.2,0.9891005748718414,0.014286276943795908,0.9891005748718414,0.01870723488059264,6.7,0.9421286284506483,0.07728000417616798,0.9421286284506483,0.08301422556098516,34.0,0.8357548207494366,0.16830943518053865,0.8357548207494366,0.13891667659888082,25.1,0.9558920371723174,0.05732299210814971,0.9558920371723174,0.04837068106969165,68.2,0.9605191701027421,0.046949681946250404,0.9605191701027421,0.04858095032854523
56.5,0.9563604567446765,0.05382004374596836,0.9563604567446765,0.05273386090077535,1753.0,0.946780899858984,0.06812648530439223,0.946780899858984,0.04059990884505164,27.0,0.9683428985953274,0.040665762372106985,0.9683428985953274,0.03566069403967692,1.6,0.9888457426851647,0.014622615238744287,0.9888457426851647,0.01949112243899132,13.47,0.9445341094051345,0.07439019403674962,0.9445341094051345,0.07969990670728132,29.0,0.8366637744299442,0.16762839921500267,0.8366637744299442,0.13913265095946276,30.6,0.9587647033731713,0.05339859504812728,0.9587647033731713,0.04510294097588049,69.0,0.9584876463223241,0.04869375453470904,0.9584876463223241,0.04914616963071779
55.7,0.9566152889313533,0.0535054482254654,0.9566152889313533,0.05047571162919552,1975.0,0.9490494972711664,0.06531133496434009,0.9490494972711664,0.036427853341345,26.0,0.9674721016465654,0.04146648321975355,0.9674721016465654,0.036254215633035936,-3.1,0.9893982501652238,0.013863221289306633,0.9893982501652238,0.01818322825169306,18.35,0.9425756630377267,0.07689341225523673,0.9425756630377267,0.08338832291123564,21.0,0.8357548207494366,0.16830943518053865,0.8357548207494366,0.13913694210526786,32.9,0.9571822612185132,0.05559474986706459,0.9571822612185132,0.048001554205622125,69.0,0.9561271968781577,0.05078514405624413,0.9561271968781577,0.051038284940017165
83.9,0.9572709190286377,0.05259082944563231,0.9572709190286377,0.05274110634428101,2042.0,0.9490494972711664,0.06531133496434009,0.9490494972711664,0.036427853341345,66.0,0.9686053623535099,0.03994730138334083,0.9686053623535099,0.036031427951100314,-3.9,0.988085105004343,0.015485317723172442,0.988085105004343,0.020684542531520012,25.63,0.9418784607508821,0.07740027316418698,0.9418784607508821,0.08083431604550882,34.0,0.833290365472764,0.1727357228498486,0.833290365472764,0.11559471675173777,35.3,0.9544199077591392,0.058849512152556675,0.9544199077591392,0.052514248769006094,66.7,0.9568878345589794,0.0499791888678916,0.9568878345589794,0.04891806943088656
19.6,0.9580462249316801,0.051621006791802065,0.9580462249316801,0.05421443303800284,2380.0,0.9490494972711664,0.06531133496434009,0.9490494972711664,0.036427853341345,79.0,0.9694761593022719,0.03914419032075923,0.9694761593022719,0.035270424981393246,2.3,0.98833993719102,0.01514946637316074,0.98833993719102,0.02034845337347551,6.97,0.9425035656879263,0.07684123305822306,0.9425035656879263,0.08025761867057087,40.0,0.8315099894553222,0.17454585335330616,0.8315099894553222,0.11748613885047901,27.1,0.953509445475178,0.060068793079954295,0.953509445475178,0.05475313366833425,63.1,0.9579033044264775,0.048855593545992664,0.9579033044264775,0.04698437930751109
98.0,0.9593593700925606,0.05009895785838338,0.9593593700925606,0.05339519650744059,2043.0,0.9499886234711994,0.06460122672283192,0.9499886234711994,0.035538255042645954,64.0,0.9694761593022717,0.03914419032075922,0.9694761593022717,0.036067187978935614,-0.8,0.987981982387118,0.015699044798288937,0.987981982387118,0.019607496793981608,30.06,0.9425035656879263,0.07684123305822375,0.9425035656879263,0.08234189057415504,45.0,0.8286480568877063,0.17560898045787013,0.8286480568877063,0.11794510964583904,37.3,0.95386740027908,0.059555444300023394,0.95386740027908,0.058111127867511,63.9,0.9597861232609837,0.04733154387045542,0.9597861232609837,0.046514318159368434
91.4,0.9608686350122546,0.04820659130386059,0.9608686350122546,0.05108983909536098,2247.0,0.9516597234359818,0.06260018661710315,0.9516597234359818,0.033844709758975286,45.0,0.9688205292049875,0.040080485134823644,0.9688205292049875,0.034708180650631706,-2.3,0.9873064179146741,0.01653651263206622,0.9873064179146741,0.019918861445237957,29.75,0.943107634476598,0.0758204593125109,0.943107634476598,0.07619258154877985,46.0,0.8253283533401008,0.1769986188576598,0.8253283533401008,0.11711476164913318,36.5,0.9543165817267936,0.0588506656550133,0.9543165817267936,0.05552485943010262,68.2,0.9600409554476603,0.047013996476344154,0.9600409554476603,0.045254215998637444
49.8,0.9610665688750384,0.047991352532054325,0.9610665688750384,0.050691835051506345,1522.0,0.9496960109156357,0.06554810596809107,0.9496960109156357,0.036282447623988634,47.0,0.9682217265692546,0.04074688002323037,0.9682217265692546,0.03608817033483257,3.1,0.9867539104346151,0.017292771355797366,0.9867539104346151,0.020582707366386007,10.82,0.9420543842402126,0.07752801925275646,0.9420543842402126,0.0740457515497229,44.0,0.8262373070206083,0.17634023320605088,0.8262373070206083,0.11733073600971511,28.2,0.95386740027908,0.059555444300023394,0.95386740027908,0.05520134924531057,69.0,0.9583560704759378,0.04832461677174022,0.9583560704759378,0.0450743995540262
42.0,0.9603910044025945,0.048782697194714286,0.9603910044025945,0.050732133191705164,1466.0,0.9494108113736457,0.0657927475065546,0.9494108113736457,0.037386154594232404,19.0,0.9691321888532155,0.03948887905115138,0.9691321888532155,0.035191508570797406,4.7,0.986155107798882,0.017986246773657743,0.986155107798882,0.020524955248771036,6.76,0.944616899396292,0.07400395306817559,0.944616899396292,0.07263600080931198,43.0,0.8247758458600417,0.17751998092525276,0.8247758458600417,0.1181223987514527,21.6,0.9558258466464878,0.05698290159675901,0.9558258466464878,0.05190598484657361,70.2,0.9559244929090629,0.05045349416778627,0.9559244929090629,0.046818553377298684
18.0,0.9602129340526285,0.04896434982688452,0.9602129340526285,0.0500917686115367,1385.0,0.9483953415061473,0.06688733222855664,0.9483953415061473,0.03659505113282054,20.0,0.9704237180877447,0.038201645945829955,0.9704237180877447,0.033761410110323645,16.4,0.9871283475647081,0.01672957314189127,0.9871283475647081,0.02030114833256883,4.21,0.9461993415509501,0.07186984723195308,0.9461993415509501,0.07207165751004665,41.0,0.8266198825746299,0.17613428875148374,0.8266198825746299,0.1175624000027505,20.8,0.9571570412162159,0.05528878528890776,0.9571570412162159,0.049045108229074014,62.7,0.9563004971218122,0.050059366522388384,0.9563004971218122,0.0450398367117445
20.4,0.9614875045759257,0.04796515265110961,0.9614875045759257,0.04905042400593245,1345.0,0.947907120111407,0.06734346342447685,0.947907120111407,0.035255808449751444,50.0,0.9715966441298883,0.037006072861393124,0.9715966441298883,0.03272250397899738,14.1,0.9878889852455298,0.01586868722142126,0.9878889852455298,0.01993303048840992,3.63,0.9487159598022635,0.06924435098547305,0.9487159598022635,0.07245595077192679,41.0,0.8268747147613067,0.1759042632595064,0.8268747147613067,0.11992436575338097,20.8,0.9591122584239745,0.05324508248243658,0.9591122584239745,0.047561895551209085,61.2,0.9564785674717782,0.04987873194777825,0.9564785674717782,0.04556287929630252
58.4,0.9632761919650342,0.04635622837950115,0.9632761919650342,0.047999678423653123,1369.0,0.9486043223982515,0.06682523287024887,0.9486043223982515,0.035884420512011544,63.0,0.9701688859010678,0.03852521113162119,0.9701688859010678,0.03474838927097819,10.2,0.9880670555954955,0.01567531814818491,0.9880670555954955,0.01891655356236322,11.17,0.9515829459288787,0.06596946256626582,0.9515829459288787,0.06990093192058502,45.0,0.830194418308912,0.17450497806237122,0.830194418308912,0.11773467005073962,29.0,0.9599830553727363,0.052462615924870996,0.9599830553727363,0.04858192427430384,67.1,0.9580565102162436,0.048717852108038605,0.9580565102162436,0.04627612529924478
16.1,0.9642153181650673,0.04561508356352442,0.9642153181650673,0.04796179116620253,1451.0,0.9484063885354678,0.06703349216298266,0.9484063885354678,0.035816007585103386,30.0,0.9688557407401872,0.04008163623457991,0.9688557407401872,0.036313661308081516,7.0,0.9872134207730857,0.0167059581407144,0.9872134207730857,0.020211695763687094,3.56,0.9527467317960632,0.06473856262357508,0.9527467317960632,0.0693621173108085,18.0,0.8332542847393116,0.17327979436708404,0.8332542847393116,0.11579032936009001,20.8,0.9599830553727363,0.052462615924870996,0.9599830553727363,0.04858192427430384,75.3,0.9574577075805105,0.049370886235269446,0.9574577075805105,0.04975314774552324
39.2,0.9652307880325657,0.04447748842186335,0.9652307880325657,0.04719616425199322,795.0,0.9479287579258077,0.06759201506960484,0.9479287579258077,0.037664122612921395,35.0,0.9688557407401874,0.04008163623458027,0.9688557407401874,0.03634112138536581,-3.9,0.9868735153780314,0.017064595174515373,0.9868735153780314,0.019603134063590405,4.07,0.9531046865999652,0.06422741487264982,0.9531046865999652,0.07016916070000391,0.0,0.835453285500626,0.17261186141155743,0.835453285500626,0.11641674234505071,20.4,0.9599830553727363,0.052462615924870996,0.9599830553727363,0.04858192427430384,56.5,0.9567821431080666,0.05015802997076252,0.9567821431080666,0.05056280010892299
100.0,0.9647531574229055,0.04505827344666291,0.9647531574229055,0.04731609458268121,1303.0,0.9481835901124844,0.06728414871308432,0.9481835901124844,0.036271360322657466,59.0,0.9668920282198409,0.043133206174202354,0.9668920282198409,0.04225338448905248,0.8,0.9871283475647081,0.01672957314189127,0.9871283475647081,0.018589316091108962,24.26,0.9533026204627488,0.06401740310283875,0.9533026204627488,0.0706002203784346,17.0,0.8373679449295209,0.17207374844822743,0.8373679449295209,0.11671997593325224,36.9,0.9617634313901781,0.05003935818769939,0.9617634313901781,0.045957903475417096,59.2,0.9575574490111093,0.04918677422901821,0.9575574490111093,0.048386087426378024
65.9,0.9647531574229055,0.04505827344666291,0.9647531574229055,0.04428760825136261,1682.0,0.9473299552900747,0.06822557141925761,0.9473299552900747,0.0384193816811785,70.0,0.9646900367013509,0.04565729234310671,0.9646900367013509,0.04294475860257711,-7.0,0.9875490798504752,0.016227865713155598,0.9875490798504752,0.019544734294700272,15.84,0.9529924694179741,0.0643005074697124,0.9529924694179741,0.06983336869008518,29.0,0.8403118268355814,0.1708298652230077,0.8403118268355814,0.11497599720454933,31.8,0.9628966920971228,0.04853980608319023,0.9628966920971228,0.041864446153260106,67.8,0.9575574490111093,0.049186774229018564,0.9575574490111093,0.04995419913053728
19.6,0.9658864181298499,0.043547848444337595,0.9658864181298499,0.04241327071267725,2402.0,0.9454689671360456,0.06995899333477176,0.9454689671360456,0.03913302181115307,76.0,0.963510125396635,0.04674979039325259,0.963510125396635,0.044059307420022745,-3.1,0.9877109148955638,0.01606198556535146,0.9877109148955638,0.01929981331178373,6.45,0.9539657091838004,0.06313456415273767,0.9539657091838004,0.06683967875899671,40.0,0.8373679449295209,0.17207374844822743,0.8373679449295209,0.11699838159891245,24.3,0.9634491995771818,0.04782022488966343,0.9634491995771818,0.04010387905060584,75.3,0.9551258714442339,0.05131147904915379,0.9551258714442339,0.05058291566760845
100.0,0.9670377282456419,0.04215921675539146,0.9670377282456419,0.04186480900674226,2173.0,0.9457541666780357,0.06971678838998396,0.9457541666780357,0.037952821294519046,78.0,0.9620027830016948,0.0481734408267232,0.9620027830016948,0.0441543863543534,0.0,0.9892201798152581,0.014057184676203845,0.9892201798152581,0.017405975954333103,39.14,0.9546213392810846,0.062229298030844066,0.9546213392810846,0.0664726829467991,50.0,0.8352075934889086,0.1727430031327387,0.8352075934889086,0.11635695136131423,42.7,0.964104829674466,0.04689468597667736,0.964104829674466,0.04037438780849214,63.5,0.955801435916678,0.050526635482408516,0.955801435916678,0.04972861594688173
75.7,0.9678130341486846,0.04117027945908855,0.9678130341486846,0.03890903906990828,2106.0,0.9466631203585432,0.06880610104081313,0.9466631203585432,0.03629245861412958,43.0,0.9637649575833118,0.04643076004862922,0.9637649575833118,0.04195225369705155,2.3,0.9892201798152581,0.01405718467620421,0.9892201798152581,0.01771734060558945,20.72,0.9564017152985265,0.05983885349477478,0.9564017152985265,0.06102553789189113,63.0,0.8332542847393116,0.17327979436708404,0.8332542847393116,0.11594561292125127,32.2,0.9646573371545251,0.046173189839052144,0.9646573371545251,0.037435754322027864,65.9,0.9560562681033546,0.050211362495162254,0.9560562681033546,0.04890911816257523
18.0,0.9699716975960958,0.038927298967491274,0.9699716975960958,0.03651907348719831,1651.0,0.9462160857714647,0.06919850488447922,0.9462160857714647,0.03526101512576352,20.0,0.963510125396635,0.0467497903932533,0.963510125396635,0.04270471423107196,0.0,0.9896409121010252,0.013553247733247445,0.9896409121010252,0.01688552450774659,4.19,0.9583569325062851,0.05780624021585509,0.9583569325062851,0.059550608142197,49.0,0.8334522186020952,0.17312568559431582,0.8334522186020952,0.11714722108754363,22.0,0.9658302631966685,0.04499495506336949,0.9658302631966685,0.03787556194007888,63.1,0.9567118982006391,0.04929506171582649,0.9567118982006391,0.04620984410915295
38.0,0.9708802373553034,0.038146226609053285,0.9708802373553034,0.03577211822019224,795.0,0.9458037974101425,0.0695405823290107,0.9458037974101425,0.035597292514030175,32.0,0.9613898439841385,0.04952146862147708,0.9613898439841385,0.04507722720562485,-1.6,0.9893432368076428,0.013976502461836866,0.9893432368076428,0.017397219949593236,4.04,0.960200969220873,0.05584681160256198,0.960200969220873,0.06061536486568694,14.0,0.8356512193634096,0.17245697084659475,0.8356512193634096,0.11777363407250437,20.4,0.9671309326061569,0.043598320595907354,0.9671309326061569,0.03701266186520537,57.3,0.9584679112950703,0.0479514893825103,0.9584679112950703,0.04621899475591953
17.3,0.9724626795099616,0.03588764576262193,0.9724626795099616,0.03163503169825674,2444.0,0.946459427507427,0.06864824220606373,0.946459427507427,0.036177249408093165,63.0,0.9606145380810961,0.05049666309484964,0.9606145380810961,0.04455554574844446,3.1,0.9885679309046002,0.015010220165603801,0.9885679309046002,0.01861539713414151,6.34,0.9607750926272834,0.05533813934857057,0.9607750926272834,0.06202948968537951,31.0,0.8375658787923047,0.17191818859211028,0.8375658787923047,0.11819998976520481,23.9,0.967279248605843,0.04346157137616071,0.967279248605843,0.03902859974005521,78.8,0.9614839908365208,0.044923209737111225,0.9614839908365208,0.0428635154487843
18.4,0.9721650042165791,0.036296571945413754,0.9721650042165791,0.0323466358984876,2629.0,0.9431447894573127,0.07378121660864562,0.9431447894573127,0.04057580248636879,59.0,0.9600620306010369,0.051212424884866985,0.9600620306010369,0.04288784890090542,3.9,0.9868968309398175,0.017177825140361657,0.9868968309398175,0.022064776334273825,7.31,0.9607750926272834,0.05533813934857057,0.9607750926272834,0.0630621262634984,41.0,0.8403118268355814,0.17082986522300736,0.8403118268355814,0.11809088992586485,25.9,0.9675432209674789,0.04323612200861344,0.9675432209674789,0.03950119338185139,68.2,0.9610063602268606,0.04550134651459817,0.9610063602268606,0.0422078938978087
87.8,0.9719670703537955,0.03651690488588069,0.9719670703537955,0.032623807494457695,2175.0,0.9409582785139828,0.0769233235251797,0.9409582785139828,0.04279210732735567,42.0,0.9602599644638208,0.05099800314215333,0.9602599644638208,0.04180828150813251,-1.6,0.986698897077034,0.017405554417979228,0.986698897077034,0.022450996780666557,28.77,0.9582425228534652,0.058434538549459986,0.9582425228534652,0.0659388220090054,49.0,0.8403118268355814,0.17082986522300736,0.8403118268355814,0.11809088992586485,36.1,0.9660817598069121,0.04491803641659978,0.9660817598069121,0.040893964755898085,67.5,0.9616819246993045,0.04470714451124403,0.9616819246993045,0.0401101236281329
60.8,0.9733697800814949,0.03513603201399209,0.9733697800814949,0.03085277968888601,1680.0,0.9345540802501517,0.08785028947392928,0.9345540802501517,0.08181709018852401,68.0,0.9608124719438796,0.05028195834981017,0.9608124719438796,0.043092738887069895,2.3,0.9861463895969748,0.01816084951125892,0.9861463895969748,0.025409425642638928,15.35,0.9582425228534652,0.05843453854946174,0.9582425228534652,0.06501536797269548,54.0,0.8403118268355814,0.17082986522300736,0.8403118268355814,0.11809088992586485,31.4,0.9658177874452762,0.04514264991911177,0.9658177874452762,0.04047477114650838,68.6,0.9603687795384237,0.04624057748842588,0.9603687795384237,0.04248475689373423
82.4,0.9753334926018412,0.032046756847447906,0.9753334926018412,0.02819455155531622,1850.0,0.933092619089585,0.08940046765335415,0.933092619089585,0.08415741233272728,73.0,0.9603917396581128,0.050754785245488786,0.9603917396581128,0.04173670289174775,-0.8,0.9859484557341913,0.018388203038375746,0.9859484557341913,0.027405815974216235,22.42,0.96032591117957,0.05604970589156869,0.96032591117957,0.06420416354878512,60.0,0.8403118268355814,0.17082986522300736,0.8403118268355814,0.11809088992586485,34.5,0.9675432209674789,0.04323612200861344,0.9675432209674789,0.038702357406678545,66.3,0.9616819246993045,0.04470714451124403,0.9616819246993045,0.0409025829267214
21.6,0.9756914474057433,0.03151035805830769,0.9756914474057433,0.027879095738954425,1985.0,0.9273135257627987,0.0996079911513256,0.9273135257627987,0.08168215442417867,76.0,0.9583318897831133,0.05288046509632988,0.9583318897831133,0.042403698431487884,-6.2,0.9859484557341913,0.018388203038376467,0.9859484557341913,0.027909668549372282,11.256157120272407,0.9608035417892302,0.05547725665803374,0.9608035417892302,0.06255497809342753,62.0,0.8371451465065376,0.17226317114062634,0.8371451465065376,0.12051784091630018,23.5,0.9677980531541556,0.042914727893586184,0.9677980531541556,0.03740386357241052,67.8,0.9621595553089647,0.04412817529352059,0.9621595553089647,0.04209195938778838
92.5,0.9768427575215353,0.030092394585502575,0.9768427575215353,0.02709398719482788,1723.0,0.9239988877126845,0.10451625743931783,0.9239988877126845,0.08632505952449618,80.0,0.9538318280514142,0.0591309526613396,0.9538318280514142,0.04871297959593177,-2.3,0.9852928256369069,0.019355111687059372,0.9852928256369069,0.029181866601033356,23.55,0.9608035417892302,0.05547725665803374,0.9608035417892302,0.06255497809342753,67.0,0.8333864503630544,0.17421616967442716,0.8333864503630544,0.12431727413282449,35.3,0.9691111983150363,0.041363962263034196,0.9691111983150363,0.03801364927143044,63.5,0.9627120627890239,0.04340665397971863,0.9627120627890239,0.040315838936447024
61.6,0.9778960077579207,0.02826441773178257,0.9778960077579207,0.02488456044023346,1524.0,0.923246693956308,0.10513542160760339,0.923246693956308,0.0865833988152134,60.0,0.9540866602380909,0.058818683537624435,0.9540866602380909,0.047999548489952526,6.2,0.9848720933511398,0.019854305368716255,0.9848720933511398,0.031768369528609224,15.02,0.9608035417892302,0.05547725665803374,0.9608035417892302,0.06255497809342753,59.0,0.8338071826488215,0.17387450024150464,0.8338071826488215,0.12199942298172912,32.2,0.9691111983150363,0.041363962263034196,0.9691111983150363,0.03801364927143044,72.2,0.9635191990406393,0.04216183407269948,0.9635191990406393,0.03821242083220971
53.3,0.9774183771482604,0.028861320148106374,0.9774183771482604,0.024833253368700015,1617.0,0.9226215890192636,0.10566176985580303,0.9226215890192636,0.08703619857573884,20.0,0.9552595862802346,0.057670126601342485,0.9552595862802346,0.04686166088734257,0.8,0.9832896511964816,0.022168998313076456,0.9832896511964816,0.03520845191430843,11.68,0.9601479116919458,0.05639354878943245,0.9601479116919458,0.06169865573778733,56.0,0.833233059242411,0.17422488346074042,0.833233059242411,0.1259771771746571,29.4,0.9688135230216541,0.041769720711999615,0.9688135230216541,0.03714298218693851,68.6,0.9619367568859811,0.044388225034675585,0.9619367568859811,0.04063357905171997
38.0,0.9761052319873796,0.030443151453056563,0.9761052319873796,0.024550774789678223,882.0,0.924049347248084,0.10432656437605355,0.924049347248084,0.08601024109589617,32.0,0.9552595862802346,0.057670126601342485,0.9552595862802346,0.04686166088734257,-2.3,0.9832896511964816,0.022168998313076456,0.9832896511964816,0.03520845191430843,4.23,0.9601479116919458,0.05639354878943245,0.9601479116919458,0.0646323241083644,31.0,0.8326805517623518,0.17475534123274325,0.8326805517623518,0.12659621271747298,20.0,0.9685586908349773,0.04209177702232951,0.9685586908349773,0.03730006203360482,64.3,0.9610262946020202,0.04563168667695586,0.9610262946020202,0.04121641811865909
69.4,0.9743963516537101,0.033211927192819894,0.9743963516537101,0.028212943008828918,1715.0,0.9264548282025702,0.10157011272816376,0.9264548282025702,0.08565917488245166,62.0,0.9539283917105064,0.059357255955040905,0.9539283917105064,0.04713515754362794,-6.2,0.982436016374072,0.023188881978294645,0.982436016374072,0.036796508018433156,17.23,0.9601479116919458,0.05639354878943245,0.9601479116919458,0.06555345247445764,41.0,0.8312778420346524,0.17568525412773944,0.8312778420346524,0.1270709728651801,32.5,0.9685586908349773,0.042091777022329156,0.9685586908349773,0.038828920536081085,67.5,0.9612490930250037,0.04537219075802417,0.9612490930250037,0.03976403502278536
85.5,0.9741735532307267,0.033478039369980714,0.9741735532307267,0.02798181764969595,1500.0,0.9277860227722983,0.09999699873417912,0.9277860227722983,0.08357470264145136,65.0,0.9513181655456906,0.062084577596701634,0.9513181655456906,0.0480325062716742,-3.9,0.981525554090111,0.024480286454943493,0.981525554090111,0.03979597412444336,22.23,0.9594617564344218,0.057074584773723104,0.9594617564344218,0.06642775540096306,49.0,0.8306022775622085,0.1762560547230208,0.8306022775622085,0.12678003414672798,35.3,0.9680704694402367,0.04257155873141827,0.9680704694402367,0.03942848934887899,64.3,0.9618478956607368,0.04471383739836328,0.9618478956607368,0.040773912951853036
59.2,0.974549557443476,0.03306908806553175,0.974549557443476,0.028410404339249552,1668.0,0.9299446862197098,0.0979911996563363,0.9299446862197098,0.08226450006760304,68.0,0.9499502104423492,0.06318050080609394,0.9499502104423492,0.04890045785067317,-3.1,0.98207806157017,0.023732181310876666,0.98207806157017,0.03887778560666986,14.6,0.9594617564344218,0.057074584773723104,0.9594617564344218,0.06642775540096306,54.0,0.8275802380010661,0.17745926697867317,0.8275802380010661,0.127720680693465,31.0,0.9680704694402367,0.04257155873141827,0.9680704694402367,0.03942848934887899,68.6,0.9624466982964697,0.0440546291250763,0.9624466982964697,0.04106167904958004
47.8,0.97357631767765,0.034292991498929414,0.97357631767765,0.02905050815265737,1897.0,0.9310312963288829,0.09713681773191096,0.9310312963288829,0.08252865875925107,19.0,0.9499502104423492,0.06318050080609394,0.9499502104423492,0.04890045785067317,0.0,0.9826768642059031,0.02304516511244566,0.9826768642059031,0.0375256207441232,6.53,0.9581610870249335,0.05844092625520482,0.9581610870249335,0.06690965240581317,53.0,0.8275802380010661,0.17745926697867317,0.8275802380010661,0.127720680693465,23.9,0.9666090082796701,0.044255465539021904,0.9666090082796701,0.03850487103279494,70.2,0.9638794194411548,0.042954535787020284,0.9638794194411548,0.040345875977023195
28.2,0.9721148565170833,0.035999646626986556,0.9721148565170833,0.0311288193137391,1743.0,0.9304934570710448,0.09764228118767994,0.9304934570710448,0.08234626690097462,23.0,0.9499502104423492,0.06318050080609394,0.9499502104423492,0.04890045785067317,-0.8,0.9826768642059031,0.02304516511244566,0.9826768642059031,0.03754088009559249,11.81,0.9563807110074914,0.06083878373950257,0.9563807110074914,0.07226613666963382,48.0,0.8261690329607788,0.17919258232006163,0.8261690329607788,0.13057863091959906,29.8,0.9656357685138438,0.04545758298217084,0.9656357685138438,0.04199390042469535,63.1,0.9652348236633196,0.04189518332372442,0.9652348236633196,0.0401440261046494
34.9,0.9717388523043339,0.03640637850789583,0.9717388523043339,0.03172084846726251,824.0,0.9310975258597165,0.09664927330636024,0.9310975258597165,0.07710712428772061,32.0,0.9485905667106744,0.06508733898051997,0.9485905667106744,0.04985627021598955,3.9,0.9826768642059031,0.02304516511244566,0.9826768642059031,0.03746964951420414,3.98,0.9563807110074914,0.06083878373950432,0.9563807110074914,0.0725080180503893,37.0,0.8242053204404325,0.1814371536772495,0.8242053204404325,0.134055616688549,20.0,0.9656357685138438,0.04545758298217084,0.9656357685138438,0.04241407468946662,58.4,0.966885398399366,0.04047810380801086,0.966885398399366,0.04003896047059335
81.2,0.9717388523043339,0.03640637850789583,0.9717388523043339,0.032687816230356645,2079.0,0.9307395710558145,0.09713502253586263,0.9307395710558145,0.07925904221617995,31.0,0.9456966609463274,0.0697894302717255,0.9456966609463274,0.055849646622644994,5.5,0.9826768642059031,0.02304516511244566,0.9826768642059031,0.03746964951420414,9.23,0.9573539507733178,0.05966471067075008,0.9573539507733178,0.07124420768445719,41.0,0.8198040722811453,0.1859920933866768,0.8198040722811453,0.14037588292404418,25.9,0.9674161445312857,0.04300602583697198,0.9674161445312857,0.039796666804008174,67.1,0.9660317635769564,0.0414641454796939,0.9660317635769564,0.04399941379630599
37.3,0.9708283900203728,0.037670853806072734,0.9708283900203728,0.031544126875026376,792.0,0.9351874698128732,0.08847939182051563,0.9351874698128732,0.0883030146904568,33.0,0.945247479498614,0.07048214153086926,0.945247479498614,0.05653922237413075,-2.3,0.9828747980686867,0.02281952839917653,0.9828747980686867,0.03700223406754555,4.23,0.9629351102373207,0.049063546773603486,0.9629351102373207,0.05623604072483049,34.0,0.8207145345651062,0.18510086072049836,0.8207145345651062,0.1392806719373357,20.4,0.970532848718616,0.03784253555797104,0.970532848718616,0.03524265072449184,61.2,0.9666358323656279,0.04039335620524584,0.9666358323656279,0.042511814953510564
51.0,0.9727921025407191,0.034595125739896475,0.9727921025407191,0.02833416902453605,955.0,0.937170913293259,0.08506413858209619,0.937170913293259,0.0869525863033865,90.0,0.9448267472128468,0.07093759479327112,0.9448267472128468,0.05750136270465724,3.1,0.9823971674590264,0.02342225753644656,0.9823971674590264,0.03927697739681618,10.68,0.9652037076495031,0.04615005064706342,0.9652037076495031,0.052338597502666444,42.0,0.8268532783135791,0.18012537553315142,0.8268532783135791,0.13776582899468928,30.2,0.9721311934214867,0.03602019779485898,0.9721311934214867,0.03269096364648782,54.9,0.9663381570722457,0.04079831182003047,0.9663381570722457,0.041658609566737795
38.0,0.9746115185051878,0.03234962701569004,0.9746115185051878,0.02839381492746246,1918.0,0.9353905372758172,0.0873539766145232,0.9353905372758172,0.0911719065796066,65.0,0.9426402362695169,0.0740925091412761,0.9426402362695169,0.058017304190767116,-1.6,0.9804387210916187,0.026139776798669596,0.9804387210916187,0.04391761529168551,13.95,0.9627982266950169,0.049181854672959,0.9627982266950169,0.05669234178832927,59.0,0.8300594669770031,0.17875221851558007,0.8300594669770031,0.1365110503260387,31.0,0.970174893914714,0.03837363925982591,0.970174893914714,0.03612720161091519,74.5,0.9686793519414134,0.038437984538590944,0.9686793519414134,0.038822565371087844
84.3,0.9759246636660684,0.030772907153182694,0.9759246636660684,0.028354591297808155,2025.0,0.9343039271666441,0.08822478771835628,0.9343039271666441,0.0904344165032449,22.0,0.9426402362695169,0.0740925091412761,0.9426402362695169,0.058017304190767116,-4.7,0.9810375237273515,0.02545542548077462,0.9810375237273515,0.04311971221708664,24.69,0.9613704684661967,0.05066817004717655,0.9613704684661967,0.05837977896408695,57.0,0.8300594669770031,0.17875221851558007,0.8300594669770031,0.1365110503260387,27.8,0.9696972633050537,0.0389606306156978,0.9696972633050537,0.038528106117513075,66.7,0.9688574222913792,0.03825263607718048,0.9688574222913792,0.03830963970441243
100.0,0.9761027340160343,0.030584668724899094,0.9761027340160343,0.029461248191528074,1960.0,0.9336177719091199,0.08886190211845069,0.9336177719091199,0.09083368008442563,19.0,0.9412124780406963,0.07550683998118686,0.9412124780406963,0.058506951669835675,-5.5,0.9810375237273515,0.02545542548077462,0.9810375237273515,0.042540601844574207,33.61,0.9611247764544791,0.05086454898032218,0.9611247764544791,0.05698709450348672,56.0,0.8300594669770031,0.17875221851557888,0.8300594669770031,0.13409950495560494,65.1,0.9711587244656206,0.037262945386803345,0.9711587244656206,0.0386291912169819,59.6,0.968379791681719,0.038838838217530876,0.968379791681719,0.03953409550404616
51.8,0.9754271695435902,0.0314014979644481,0.9754271695435902,0.030879677074712866,1793.0,0.9360232528636061,0.08603154860723349,0.9360232528636061,0.09005071775959828,26.0,0.9418880425131404,0.07475185247082813,0.9418880425131404,0.05843751667902003,3.9,0.9815900312074107,0.024708254985879762,0.9815900312074107,0.04211996449461593,12.91,0.9611247764544791,0.05086454898032218,0.9611247764544791,0.05678021661698155,48.0,0.8313440109489598,0.17796892562667582,0.8313440109489598,0.13376552667878414,30.6,0.9727411666202788,0.03500224285815755,0.9727411666202788,0.03721519948066634,71.8,0.9670666465208385,0.04039177130321747,0.9670666465208385,0.0414811174656943
100.0,0.9764004093094165,0.03017225494620259,0.9764004093094165,0.029705723467442186,1618.0,0.9341792161490182,0.08787660181188373,0.9341792161490182,0.09337040019920087,47.0,0.9432559976164818,0.07368357243140741,0.9432559976164818,0.05779059975022373,5.5,0.9809038759498865,0.025428440587018212,0.9809038759498865,0.04337741079748186,23.26,0.9616772839345382,0.05014773015716119,0.9616772839345382,0.054077398479035706,50.0,0.8302574008397867,0.1786003216259129,0.8302574008397867,0.13439232619778857,35.3,0.9736516289042397,0.033732641793749005,0.9736516289042397,0.034985483598182446,67.1,0.9645041313647591,0.04409832761138592,0.9645041313647591,0.04628289465907647
54.1,0.9790515822756204,0.026841006118637645,0.9790515822756204,0.027170004896345773,1647.0,0.9317737351945318,0.09069574087587311,0.9317737351945318,0.09864057297842031,21.0,0.9440468078168288,0.07311544675672497,0.9440468078168288,0.059338127394697064,0.0,0.9793214337952283,0.027724541967310074,0.9793214337952283,0.04733027597769952,5.65,0.963223645355744,0.04856724066730509,0.963223645355744,0.05245654054750199,41.0,0.8339765886488898,0.17668417312144435,0.8339765886488898,0.13268060735173917,22.0,0.9748154147714243,0.032431000709126474,0.9748154147714243,0.03413459822599168,68.6,0.9664625777321668,0.041463061602196205,0.9664625777321668,0.04332114137176866
74.1,0.9808319582930621,0.02431928715025727,0.9808319582930621,0.02362402950159323,2120.0,0.9306224250787397,0.09196996998053553,0.9306224250787397,0.09987153172227756,56.0,0.9462054712642404,0.07100503149509736,0.9462054712642404,0.06033978543640847,1.6,0.9779902392255001,0.02949893424271236,0.9779902392255001,0.05017154245163922,23.75,0.9637012759654042,0.04798918671002985,0.9637012759654042,0.052684996301880685,48.0,0.8424612236149513,0.16706181271445822,0.8424612236149513,0.1321795253479489,34.5,0.976634830735893,0.03017653249526408,0.976634830735893,0.03232659432720898,67.8,0.9664625777321666,0.04146306160219549,0.9664625777321666,0.04586066241828733
19.6,0.9811899130969642,0.02377691315379052,0.9811899130969642,0.021789235258576154,1799.0,0.9301753904916612,0.0923434837368929,0.9301753904916612,0.09954516747125627,19.0,0.9500083307090947,0.06538625962509134,0.9500083307090947,0.05329150086229145,-5.5,0.9764077970708419,0.031781373811178834,0.9764077970708419,0.056813385703291176,4.78,0.9634464437787273,0.04830778225035784,0.9634464437787273,0.051251239020941364,47.0,0.8484400570489888,0.16177205487988314,0.8484400570489888,0.12975560978950093,22.0,0.9780460357761802,0.02780994508219112,0.9780460357761802,0.031209795991063796,63.8636053593179,0.9664625777321666,0.0414630616021962,0.9664625777321666,0.04632456583356671
18.0,0.9796806481772702,0.02575011388182628,0.9796806481772702,0.025506374704635643,1532.0,0.9310858527756222,0.09118844411530126,0.9310858527756222,0.10060853920311882,27.0,0.9500083307090947,0.06538625962509134,0.9500083307090947,0.05329150086229145,0.0,0.9758089944351089,0.03245846699370856,0.9758089944351089,0.05935875875198417,4.11,0.9604368940355695,0.052385667073768905,0.9604368940355695,0.05405695024058951,45.0,0.8517374860314288,0.1600352476965047,0.8517374860314288,0.12750447166795292,21.6,0.9766863920445055,0.029827707857388506,0.9766863920445055,0.03257844704697094,62.4,0.9672378836352094,0.040474193749313984,0.9672378836352094,0.04293218350819605
18.4,0.9788270133548603,0.026762989011399736,0.9788270133548603,0.02725675480385258,1477.0,0.9291306355678637,0.09308618149356457,0.9291306355678637,0.10530861295543542,20.0,0.9500083307090947,0.06538625962509134,0.9500083307090947,0.05329150086229145,2.3,0.9753882621493417,0.03294704409864067,0.9753882621493417,0.0618849082960117,3.95,0.9584731815152232,0.055384090290218166,0.9584731815152232,0.05604081277342128,44.0,0.8543159870047885,0.158895809250911,0.8543159870047885,0.12818220079802606,21.2,0.975553131337561,0.03137209798422124,0.975553131337561,0.0333791368956672,62.7,0.9672378836352094,0.04047419374931328,0.9672378836352094,0.041732635387884166
19.2,0.9792477456406274,0.026269932039435055,0.9792477456406274,0.027635259611860377,1475.0,0.9280440254586906,0.09394309076030997,0.9280440254586906,0.10760653694623641,51.0,0.950306006002477,0.06499627783221221,0.950306006002477,0.05297019019616023,12.5,0.9759870647850748,0.032270559791953056,0.9759870647850748,0.059442745239791865,3.88,0.957995550905563,0.05595506284975807,0.957995550905563,0.056874079292680596,48.0,0.8592344849360252,0.15496622793425924,0.8592344849360252,0.12623421223695933,21.6,0.9745376614700626,0.0325365092454351,0.9745376614700626,0.03603224163667956,63.1,0.9683891937510012,0.03907981774045398,0.9683891937510012,0.04191464852624015
97.3,0.9781790148290821,0.02731699629137046,0.9781790148290821,0.028820488439758127,1683.0,0.9298062000403077,0.0923550601336293,0.9298062000403077,0.10891077008839395,52.0,0.9508801294088877,0.06449906356551824,0.9508801294088877,0.05281112186642124,0.8,0.9750138250192485,0.03349716402962705,0.9750138250192485,0.06153782721315579,24.59,0.9592962203150512,0.054585609444763435,0.9592962203150512,0.05467092774663351,57.0,0.8619208841405331,0.1536424604923384,0.8619208841405331,0.12502613982513025,35.7,0.9741253731087406,0.03290611936591661,0.9741253731087406,0.03709629859064898,62.4,0.9703437898185328,0.03717544415398811,0.9703437898185328,0.040952717555826655
18.4,0.9781790148290821,0.02731699629137046,0.9781790148290821,0.03002294622288578,1856.0,0.9293854677545406,0.09279213885786558,0.9293854677545406,0.10995651627813206,18.0,0.9499696671249267,0.06570799126553392,0.9499696671249267,0.05254665169100551,3.9,0.9751621410189346,0.03335765526413837,0.9751621410189346,0.06095450904056231,6.57,0.9606558640467259,0.05264030481698155,0.9606558640467259,0.05062566769352099,54.0,0.8615448799277838,0.15394838982797696,0.8615448799277838,0.12231261041309485,27.8,0.9732164194282329,0.03388052974854938,0.9732164194282329,0.03757936784547673,63.1,0.97175499485882,0.034834821167672864,0.97175499485882,0.039568802464201434
39.2,0.9790326496514917,0.026305305485769,0.9790326496514917,0.02903796861591361,1747.0,0.9253186359480501,0.09836375316355937,0.9253186359480501,0.11585714325385155,46.0,0.9499696671249267,0.06570799126553323,0.9499696671249267,0.052927535431933334,-0.8,0.9751621410189346,0.03335765526413837,0.9751621410189346,0.062449975094360184,10.16,0.9623647443803955,0.0499467182880456,0.9623647443803955,0.04730917449508752,52.0,0.8586509741634368,0.15788086150416542,0.8586509741634368,0.12194700212215182,28.6,0.9738720495255171,0.03293556725191164,0.9738720495255171,0.03600900362028071,72.5,0.9711561922230869,0.035506618056613544,0.9711561922230869,0.03967261704427141
88.2,0.9790326496514917,0.026305305485769,0.9790326496514917,0.029266798342777962,1777.0,0.9260939418510926,0.09746751915905369,0.9260939418510926,0.11558250237697859,18.0,0.9521561780682566,0.0625066453368226,0.9521561780682566,0.05199159981894768,-2.3,0.9759692772705504,0.032087498098810806,0.9759692772705504,0.06086553482206018,22.27,0.962141945957412,0.05020548079919551,0.962141945957412,0.04787956792607541,49.0,0.8551582657633571,0.16228059197828157,0.8551582657633571,0.1288997889017956,32.2,0.9740948479485007,0.032669418051863464,0.9740948479485007,0.03623526513304043,64.7,0.9724693373839677,0.033940058787730557,0.9724693373839677,0.03530844256220718
66.3,0.9794086538642414,0.025891431856625104,0.9794086538642414,0.027431390352883177,1558.0,0.9258391096644158,0.09775905304012021,0.9258391096644158,0.11668153861981768,48.0,0.953456847477745,0.06115540596689323,0.953456847477745,0.05255611927627618,5.5,0.9769847471380487,0.03092081140627069,0.9769847471380487,0.05845441167937993,15.02,0.9621419459574119,0.050205480799195505,0.9621419459574119,0.04754113274893026,47.0,0.8534871657985744,0.16386000245551116,0.8534871657985744,0.13077884970411513,31.4,0.9736478133614221,0.033091638996649624,0.9736478133614221,0.03660410799022156,69.8,0.9720201559362538,0.034670800230742545,0.9720201559362538,0.035641353375905675
15.7,0.9794086538642414,0.025891431856625104,0.9794086538642414,0.027431390352883177,1532.0,0.9258391096644158,0.09775905304012021,0.9258391096644158,0.11668153861981768,20.0,0.9545616590227426,0.059544660362223834,0.9545616590227426,0.051006166173289846,0.0,0.9785671892927067,0.028635570674524147,0.9785671892927067,0.05358542003114291,3.98,0.9629955807798218,0.049231457062200994,0.9629955807798218,0.04552158238822903,43.0,0.8540855545130072,0.16352808792229656,0.8540855545130072,0.13110400538067699,21.2,0.9741856526192603,0.032521971718902046,0.9741856526192603,0.03556911373712476,75.7,0.9720201559362538,0.0346708002307429,0.9720201559362538,0.03405548577653072
28.6,0.9782573437484492,0.027318248810111433,0.9782573437484492,0.02814823092183572,1453.0,0.9258391096644158,0.09775905304012021,0.9258391096644158,0.11668153861981768,47.0,0.9580543674228226,0.05411392825915041,0.9580543674228226,0.04148153219340914,-1.6,0.9789879215784739,0.028143455743497654,0.9789879215784739,0.0515026476795999,9.83,0.9629955807798218,0.04923145706220065,0.9629955807798218,0.04515597409728599,47.0,0.8537878792196247,0.1638398737117823,0.8537878792196247,0.1325797765222568,28.2,0.9722219400989139,0.03560649385355968,0.9722219400989139,0.0387199579857019,61.2,0.9705108910165597,0.03660792951437807,0.9705108910165597,0.03559312380969436
17.6,0.9778993889445472,0.027857653423156496,0.9778993889445472,0.029836107446340254,1524.0,0.9261735260172125,0.09753701736733203,0.9261735260172125,0.11549442105828256,20.0,0.9609213535494376,0.05075753045460668,0.9609213535494376,0.03959660564649139,0.0,0.9803191161482022,0.02636533085005442,0.9803191161482022,0.04805220525548834,4.1,0.9653369790641095,0.04509762134855288,0.9653369790641095,0.04077292364494833,43.0,0.8578547110261152,0.15907845641409588,0.8578547110261152,0.1265838958911514,21.2,0.9726711215466276,0.03487602643915347,0.9726711215466276,0.04084353627035281,67.1,0.9702132157231775,0.037015769634289854,0.9702132157231775,0.03382133985394109
18.4,0.9790326496514917,0.026305305485769,0.9790326496514917,0.026458800964484185,1549.0,0.9267476494236231,0.0970746132666046,0.9267476494236231,0.11513969179679949,22.0,0.9642877757974834,0.04639078291655311,0.9642877757974834,0.033536594653482556,0.0,0.9799792107531476,0.026718032619798812,0.9799792107531476,0.04867239347060772,4.31,0.9677424600185958,0.04204701916069663,0.9677424600185958,0.03716149671934465,36.0,0.8601678830377756,0.15708998974911279,0.8601678830377756,0.12500027323383728,22.4,0.9743965550688302,0.03293664257850711,0.9743965550688302,0.038498021708723205,74.9,0.9691084041781798,0.03868085400847159,0.9691084041781798,0.036130689475423736
34.5,0.9790326496514917,0.026305305485769,0.9790326496514917,0.026184601735762213,916.0,0.9273464520593561,0.0964753477516589,0.9273464520593561,0.11294709765132055,76.0,0.9636889731617503,0.04704990707650582,0.9636889731617503,0.03486623522630525,-2.3,0.9795584784673805,0.02721128252411828,0.9795584784673805,0.048704814755135106,4.21,0.9694513403522653,0.03931351646289037,0.9694513403522653,0.03554041426820606,22.0,0.8593448442379475,0.15769756873969806,0.8593448442379475,0.1279391139951644,19.2,0.9743965550688302,0.03293664257850711,0.9743965550688302,0.038738258865688345,52.2,0.9680929343106812,0.03982947336312861,0.9680929343106812,0.03838336219871822
100.0,0.9780506722095597,0.027215444073930995,0.9780506722095597,0.02591645223448376,1303.0,0.9278989595394153,0.09581297346867698,0.9278989595394153,0.11190873124036718,72.0,0.9632682408759832,0.04752569288580745,0.9632682408759832,0.03487647895663394,0.8,0.979856153760763,0.026796318056392123,0.979856153760763,0.04754777924890383,22.5,0.9711224403170482,0.03722335703995485,0.9711224403170482,0.03260472100029377,38.0,0.8593448442379475,0.1576975687396984,0.8593448442379475,0.1302797889336722,46.7,0.9750721195412743,0.03212178609064716,0.9750721195412743,0.03921736602976372,51.0,0.9676722020249141,0.04031075976610165,0.9676722020249141,0.03812481397730977
32.5,0.9780506722095594,0.027215444073930988,0.9780506722095594,0.02676343998501532,838.0,0.9271236536363726,0.09671265611346981,0.9271236536363726,0.1146521720604936,58.0,0.9630454424529998,0.047785280060559106,0.9630454424529998,0.03394038751500346,-6.2,0.9806632900123786,0.025514382130798922,0.9806632900123786,0.044461146278867644,3.72,0.9715431726028153,0.03673889302467756,0.9715431726028153,0.032017526033043774,39.0,0.8580136496682194,0.15904306105572782,0.8580136496682194,0.13420064717843133,20.0,0.9776346346973535,0.028340700175109753,0.9776346346973535,0.03463289377831397,59.6,0.9666567321574159,0.04145584440118382,0.9666567321574159,0.03923842396177641
20.4,0.9770774324437334,0.028449810662649243,0.9770774324437334,0.026943285442681195,1833.0,0.9287060957910308,0.0946613964764861,0.9287060957910308,0.11457499746821588,61.0,0.9628971264533137,0.047920706280500255,0.9628971264533137,0.033654435985588114,7.0,0.9813388544848224,0.024688882831177195,0.9813388544848224,0.04178510225408375,5.59,0.9689040990251452,0.041326852830302276,0.9689040990251452,0.03767835152848723,42.0,0.852210546276381,0.16441092922418704,0.852210546276381,0.1355155235798601,23.5,0.9769790046000693,0.029292568533642226,0.9769790046000693,0.037536266102850574,68.6,0.9663168267623614,0.041798066049558893,0.9663168267623614,0.03984860767335483
22.4,0.9759261223279413,0.029870067725320228,0.9759261223279413,0.028117038356212327,1880.0,0.9267476494236231,0.09707461326660426,0.9267476494236231,0.11513969179679949,48.0,0.9637042627049295,0.046679417142874956,0.9637042627049295,0.03173177341829777,-0.8,0.9834591358973188,0.021801683586153343,0.9834591358973188,0.038021778248218535,5.05,0.9697112352767607,0.04007183410952745,0.9697112352767607,0.04008047436325757,47.0,0.8492557608654906,0.16587734724477213,0.8492557608654906,0.13738272744943902,22.7,0.9773369594039711,0.02875421635251486,0.9773369594039711,0.03961954374392163,56.5,0.9663168267623614,0.041798066049558893,0.9663168267623614,0.041116020351229916
61.2,0.9746129771670605,0.031448004875774455,0.9746129771670605,0.029837390709026627,1818.0,0.9256428378786251,0.0985895508862692,0.9256428378786251,0.11619124059557659,21.0,0.963902196567713,0.04646317112620344,0.963902196567713,0.03147425230495372,-3.9,0.9836570697601025,0.021575609634833945,0.9836570697601025,0.03558948102875184,16.21,0.9700089105701429,0.03966515482098655,0.9700089105701429,0.039581589379304484,53.0,0.8462565276063638,0.16733617109253512,0.8462565276063638,0.13693737038605736,31.8,0.9776949142078734,0.028215461961089993,0.9776949142078734,0.03760972342097085,68.6,0.967676470494036,0.03981942482433623,0.967676470494036,0.03982896146492019
17.6,0.9743901787440772,0.03171458284054632,0.9743901787440772,0.029047123452805704,1676.0,0.9226332881354674,0.10233134280525064,0.9226332881354674,0.12219898827429657,75.0,0.9654114614874071,0.044555420830857076,0.9654114614874071,0.030023690957453508,1.6,0.9828499335084867,0.0228648223114148,0.9828499335084867,0.03811067374863916,4.32,0.9706950658276672,0.03896343061909281,0.9706950658276672,0.03802783355340771,49.0,0.8459166222113094,0.16758130193874662,0.8459166222113094,0.13578792186572788,22.0,0.9789955836173614,0.026777892574969105,0.9789955836173614,0.03460695920190719,63.1,0.968781282039034,0.038158228202269266,0.968781282039034,0.038078623341133155
78.0,0.9758994436637712,0.029761689241435425,0.9758994436637712,0.026622045382073828,1669.0,0.92172474837626,0.10300671724397965,0.92172474837626,0.12364891728722335,51.0,0.9656342599103904,0.04429439641064577,0.9656342599103904,0.02893818799934324,3.1,0.98138847234792,0.024605728359061378,0.98138847234792,0.040922413350487956,18.18,0.9706950658276672,0.03896343061909281,0.9706950658276672,0.037533848580206676,53.0,0.8495711656564778,0.16315132513040898,0.8495711656564778,0.13185450222824066,32.5,0.9789955836173614,0.026777892574969105,0.9789955836173614,0.03502977974603566,65.9,0.9709399454864454,0.03590611374286319,0.9709399454864454,0.036148403407409754
40.4,0.9772306382334991,0.02799161535616975,0.9772306382334991,0.024281855764146737,882.0,0.9212915184510513,0.10328375148057739,0.9212915184510513,0.12529973757614837,34.0,0.966122481305131,0.04381680072390859,0.966122481305131,0.027517178103950886,-2.3,0.9820746276054443,0.023884594434390616,0.9820746276054443,0.039635767462328164,4.45,0.9741877742277468,0.03335990184801256,0.9741877742277468,0.03058495191871917,23.0,0.8522102392341481,0.1595349642590914,0.8522102392341481,0.12785154676371768,20.4,0.9780851213334004,0.028061281819920455,0.9780851213334004,0.037192894705247045,64.3,0.9703874380063863,0.03663849739635877,0.9703874380063863,0.040089324509839507
38.0,0.9765750081362149,0.028943308588438237,0.9765750081362149,0.02459638820102096,796.0,0.9186812922862357,0.10578172744432321,0.9186812922862357,0.1277683875088535,31.0,0.9648218118956428,0.04521156036503758,0.9648218118956428,0.028412561732460456,0.0,0.9818766937426606,0.024109825270295985,0.9818766937426606,0.040622339668000766,4.05,0.9744105726507306,0.03309375854526106,0.9744105726507306,0.029141319794755628,9.0,0.8523288424265334,0.15946967783519952,0.8523288424265334,0.12675017539191466,20.0,0.9776643890476333,0.028552955764017028,0.9776643890476333,0.0363323693370326,56.9,0.9698349305263273,0.03737002379150634,0.9698349305263273,0.04109051639150923
38.4,0.9755595382687168,0.030111534758783916,0.9755595382687168,0.02489144194295343,787.0,0.9179384421199386,0.10624695125145181,0.9179384421199386,0.12918769694774435,34.0,0.9648218118956428,0.04521156036503758,0.9648218118956428,0.029556613734951276,-1.6,0.9818766937426605,0.024109825270296342,0.9818766937426605,0.0411854462311495,4.23,0.9749484119085685,0.03252361778272538,0.9749484119085685,0.02738842279502923,0.0,0.8502454541004288,0.1613038257851817,0.8502454541004288,0.1309282241322603,20.8,0.9781114236347118,0.028126793466205814,0.9781114236347118,0.03702165171814503,57.3,0.9698349305263273,0.03737002379150634,0.9698349305263273,0.03911556238946243
68.6,0.9750713168739761,0.030601087372887574,0.9750713168739761,0.025371452733246744,1449.0,0.9179384421199386,0.10624695125145281,0.9179384421199386,0.13074156570712034,46.0,0.9624373670895292,0.048714099657623994,0.9624373670895292,0.032094770892141244,1.6,0.9830280038584527,0.02267373619829268,0.9830280038584527,0.038665777652770426,13.23,0.9754260425182287,0.03193008854506218,0.9754260425182287,0.027494028210808534,18.0,0.8514183801425724,0.16043819384758115,0.8514183801425724,0.13143398545827045,30.2,0.9772883848348838,0.028965032976975277,0.9772883848348838,0.038880367156848346,58.0,0.9698349305263273,0.03737002379150634,0.9698349305263273,0.03988616811037035
93.3,0.9726535121950747,0.03333959425983352,0.9726535121950747,0.0270315432500037,1921.0,0.9183854767070171,0.10588629504680475,0.9183854767070171,0.13232305044684964,81.0,0.9616334599975629,0.04940323273156107,0.9616334599975629,0.03167294689291552,-7.0,0.9836836339557369,0.021711321247771916,0.9836836339557369,0.03694181053086301,26.56,0.9735820058036406,0.03396923824637826,0.9735820058036406,0.029109554469011357,32.0,0.852170573898949,0.1599299039135009,0.852170573898949,0.13004200663560941,36.1,0.9769782337901093,0.029267422330487545,0.9769782337901093,0.03686805604046996,64.3,0.967676267078916,0.03961612904639859,0.967676267078916,0.04223044786316996
100.0,0.9704948487476633,0.035601670084380886,0.9704948487476633,0.027837925603737344,1730.0,0.9172125506648735,0.10692330219271695,0.9172125506648735,0.13155444929355278,90.0,0.9605468498883898,0.05034700584485162,0.9605468498883898,0.03302791345333601,-3.1,0.9835055636057711,0.02190271452629094,0.9835055636057711,0.037268764004838806,32.07,0.9719244638892646,0.03567704970094387,0.9719244638892646,0.02932110359864138,47.0,0.8491279771031858,0.16142519297967614,0.8491279771031858,0.13212265300337114,41.2,0.9769782337901091,0.029267422330487895,0.9769782337901091,0.034528040088097456,58.4,0.9689894122397967,0.03806109671536465,0.9689894122397967,0.03810292021929728
19.6,0.9702969148848798,0.03582174073129257,0.9702969148848798,0.02734401367013472,1863.0,0.9180661854872832,0.10605176889834968,0.9180661854872832,0.1310294866263536,67.0,0.9603687795384237,0.050528400897018697,0.9603687795384237,0.034699978859789656,5.5,0.9821743690360428,0.02369289969404381,0.9821743690360428,0.04133716438705594,13.01,0.9726106191467887,0.034971014554063116,0.9726106191467887,0.028923879769952577,51.0,0.8491279771031858,0.16142519297967614,0.8491279771031858,0.13212265300337114,34.1,0.9778871874706166,0.028284713084895902,0.9778871874706166,0.034266779701176614,62.7,0.9697647181428392,0.037066749915708,0.9697647181428392,0.037471222690864996
70.2,0.9702969148848798,0.03582174073129293,0.9702969148848798,0.026956659780942683,1979.0,0.9172125506648735,0.10692330219271695,0.9172125506648735,0.13312256099771205,54.0,0.961191818338252,0.049723993041908304,0.961191818338252,0.034266112573681035,-3.9,0.982712208293881,0.02311278096628307,0.982712208293881,0.0402207773818374,20.64,0.9731631266268479,0.03423591125689015,0.9731631266268479,0.02808852200893948,62.0,0.8460430494334951,0.1629115602060448,0.8460430494334951,0.13142073455603998,33.3,0.9772883848348838,0.028965032976975277,0.9772883848348838,0.034790747191048584,67.8,0.969467042849457,0.037474118260542734,0.969467042849457,0.03710583152336178
63.5,0.969489778633264,0.03708109379250397,0.969489778633264,0.029775479444598574,2083.0,0.9166141619504408,0.1073330546427727,0.9166141619504408,0.13345864629288082,19.0,0.961191818338252,0.049723993041908304,0.961191818338252,0.034266112573681035,2.3,0.9821134056581479,0.02379978169942041,0.9821134056581479,0.04152755250580388,19.9,0.9742963873337924,0.03269881396557328,0.9742963873337924,0.028217832737346037,64.0,0.8439626127312645,0.16361065486851764,0.8439626127312645,0.1316914243637911,32.9,0.9768676525491167,0.02945589748544925,0.9768676525491167,0.033517301137916,68.6,0.9677672789686023,0.03905363012189906,0.9677672789686023,0.03901967026176237
74.5,0.9688341485359798,0.03801879770859235,0.9688341485359798,0.031237689100488297,2111.0,0.9167966933721972,0.10723378287442328,0.9167966933721972,0.13025134793456852,77.0,0.9614894936316342,0.04932409182662194,0.9614894936316342,0.035020435340474144,5.5,0.9812597708357381,0.02481698074454666,0.9812597708357381,0.04398495233201862,23.3,0.97399871204041,0.03310952714427127,0.97399871204041,0.029589420444484957,66.0,0.8419688584443642,0.16423710900322416,0.8419688584443642,0.13013722673243464,34.5,0.9771653278424989,0.02904280204459183,0.9771653278424989,0.03382189475615055,68.2,0.9677672789686023,0.03905363012189906,0.9677672789686023,0.037343073648009824
98.8,0.969131823829362,0.03761187760256349,0.969131823829362,0.03144183863165877,2229.0,0.9160058831718502,0.10775247607595999,0.9160058831718502,0.12885002940681062,54.0,0.9616874274944177,0.04910893123164554,0.9616874274944177,0.03439073940826125,-6.2,0.9812597708357381,0.02481698074454666,0.9812597708357381,0.04398495233201862,32.75,0.9726855668795293,0.034679817285314336,0.9726855668795293,0.031946282791807126,65.0,0.8422540579863541,0.16405824846740474,0.8422540579863541,0.12694201093221807,37.6,0.9761194906196875,0.030146847233046184,0.9761194906196875,0.03518006613927019,65.1,0.968022111155279,0.03873105499457899,0.968022111155279,0.03768468432359749
64.3,0.9683565179263196,0.03860510013529452,0.9683565179263196,0.03231142436084815,2143.0,0.9153131565730541,0.10828135767013208,0.9153131565730541,0.12860275405304677,62.0,0.9632698696490759,0.04689092206992797,0.9632698696490759,0.03204185443457555,-3.9,0.9812597708357381,0.02481698074454666,0.9812597708357381,0.04398495233201862,20.72,0.97399871204041,0.03310952714427127,0.97399871204041,0.030368049736809632,64.0,0.8427316885960144,0.16362473063092892,0.8427316885960144,0.12443741755508313,33.3,0.9769425294195155,0.02931066429974113,0.9769425294195155,0.03370530324578776,69.0,0.9682769433419558,0.038408304616892236,0.9682769433419558,0.03632245952194193
77.3,0.969962673893672,0.03708683119760408,0.969962673893672,0.03273485715555902,2173.0,0.9166046858075833,0.10716859436773178,0.9166046858075833,0.12883924712455275,21.0,0.9639254997463601,0.04596493491347075,0.9639254997463601,0.03150840930414414,4.7,0.9812597708357381,0.02481698074454666,0.9812597708357381,0.04398495233201862,24.8,0.9747593497212316,0.032273219829984524,0.9747593497212316,0.031172069281008068,68.0,0.8472580126567331,0.16061748845862536,0.8472580126567331,0.12293360701686416,34.9,0.9782556745803961,0.027725885529030936,0.9782556745803961,0.032542255877920256,67.8,0.9689325734392402,0.037471432968931746,0.9689325734392402,0.03670329738749557
43.9,0.9720225237686712,0.03489912901092703,0.9720225237686712,0.03147910404547123,1432.0,0.9137107800432362,0.11156514480251416,0.9137107800432362,0.13991456751548734,18.0,0.9637275658835768,0.04618128892906857,0.9637275658835768,0.032126010390595504,8.6,0.9817374014453983,0.024215654356488155,0.9817374014453983,0.042582394655768976,15.5,0.975057025014614,0.03186191481513002,0.975057025014614,0.029636955964168873,66.0,0.8557426476227946,0.15062601994934546,0.8557426476227946,0.10214936123753539,32.5,0.9776000444831119,0.028678795163603766,0.9776000444831119,0.03368060921874942,66.7,0.968380065959181,0.03820132441466876,0.968380065959181,0.03631561759832756
96.9,0.9731557844756158,0.03336469787774173,0.9731557844756158,0.02917198885608601,1842.0,0.9146840198090626,0.11050308286846242,0.9146840198090626,0.13722260949983883,18.0,0.962129221180706,0.04796996605787311,0.962129221180706,0.03152823109517099,0.8,0.9810618369729547,0.025041828594070083,0.9810618369729547,0.04477012974679523,25.47,0.9758323309176565,0.030856037339893862,0.9758323309176565,0.028469338295973975,68.0,0.8607912878128318,0.14661666980839042,0.8607912878128318,0.09845914261001007,35.7,0.9776000444831119,0.028678795163603766,0.9776000444831119,0.03430598480061933,63.1,0.9686777412525632,0.0377946620278431,0.9686777412525632,0.03554510755671694
17.6,0.9737082919556748,0.032628248534969415,0.9737082919556748,0.028969433818344575,1822.0,0.9212153068922256,0.0998989753219337,0.9212153068922256,0.08216346763149414,75.0,0.9625762557677847,0.047560012323897734,0.9625762557677847,0.032182321453018595,3.9,0.9789415555604584,0.02791474242501804,0.9789415555604584,0.04923502090447851,4.87,0.9750570250146138,0.03186191481513073,0.9750570250146138,0.03035120644375695,67.0,0.8625001681465014,0.14440974337742138,0.8625001681465014,0.09562696260498979,22.4,0.976240400751437,0.030694392867782642,0.976240400751437,0.03763721149758359,63.5,0.9703775051334177,0.03621132875601694,0.9703775051334177,0.03383382385605779
94.5,0.9734854935326914,0.03289429558103717,0.9734854935326914,0.03018987194954606,1869.0,0.9241092126565724,0.09542400937977376,0.9241092126565724,0.07241246120382971,58.0,0.9631140950256226,0.04700532147917753,0.9631140950256226,0.029940750338274463,7.0,0.9789415555604584,0.02791474242501804,0.9789415555604584,0.049913981622249866,26.19,0.9747593497212316,0.032273219829984524,0.9747593497212316,0.03216588681143602,72.0,0.8647687655586838,0.14207568591906206,0.8647687655586838,0.09345748839234663,36.1,0.9757627701417767,0.03128904854303255,0.9757627701417767,0.03990909237776381,64.3,0.9711381428142394,0.03538075222065426,0.9711381428142394,0.03355911416623079
60.4,0.9717766131990219,0.035651037737415125,0.9717766131990219,0.03489518311912575,1988.0,0.9244491180516269,0.09511776848643974,0.9244491180516269,0.07264415887405659,52.0,0.9621408552597965,0.04819998638123345,0.9621408552597965,0.03056016478441356,3.1,0.9787634852104924,0.02810404648346404,0.9787634852104924,0.04918177004382658,16.67,0.9764682300549012,0.029501725398070625,0.9764682300549012,0.028379154210836834,76.0,0.8641699629229508,0.1425941966447287,0.8641699629229508,0.09440659575103594,31.8,0.9773452122964351,0.029007383934612555,0.9773452122964351,0.037060702966866255,67.8,0.968527916649424,0.0382276728290875,0.968527916649424,0.03536329618825341
61.2,0.9717766131990219,0.03565103773741584,0.9717766131990219,0.03418093263953767,2101.0,0.9226604306625183,0.09656028222154055,0.9226604306625183,0.0720919313379091,54.0,0.9628875599739152,0.04759089350182416,0.9628875599739152,0.031165674458892123,3.9,0.9774503400496116,0.02968918031574473,0.9774503400496116,0.0512499107148981,19.3,0.9776014907618457,0.027953649267834956,0.9776014907618457,0.02657743439636164,77.0,0.8581911294889133,0.14815744058463873,0.8581911294889133,0.09999387114571018,32.9,0.9773452122964351,0.029007383934612555,0.9773452122964351,0.03715899809120261,69.0,0.9664843970736384,0.04018315652229689,0.9664843970736384,0.03570711728651487
65.5,0.971578679336238,0.035871408211857005,0.971578679336238,0.03337664721235716,2115.0,0.92154769518431,0.09730656568335018,0.92154769518431,0.07291804906590857,42.0,0.9648427771816737,0.045518001838288594,0.9648427771816737,0.030558861133096908,-2.3,0.9750658952434982,0.03327845368728694,0.9750658952434982,0.057397446171721496,20.83,0.9762702961921174,0.02972447645365664,0.9762702961921174,0.03028834696855615,74.0,0.8592065993564114,0.1472773496521208,0.8592065993564114,0.1007353430695295,33.3,0.9779440149321682,0.02832704839188987,0.9779440149321682,0.03746038811770992,68.6,0.9664843970736384,0.04018315652229689,0.9664843970736384,0.03374453700337614
17.3,0.9718888303810127,0.03557290069058207,0.9718888303810127,0.03253143593177866,1950.0,0.9221464978200429,0.09671151681074602,0.9221464978200429,0.07203337427636555,29.0,0.9648427771816735,0.045518001838288594,0.9648427771816735,0.029780355696624655,0.0,0.9732464792790296,0.03552332446368707,0.9732464792790296,0.0612473565595381,5.23,0.9762702961921174,0.02972447645365664,0.9762702961921174,0.029103226903599972,65.0,0.8581911294889132,0.1481574405846384,0.8581911294889132,0.10038667003414009,22.7,0.9786195794046121,0.027505877107705457,0.9786195794046121,0.03542678367265934,65.5,0.9661867217802562,0.04058810951900493,0.9661867217802562,0.034784299093526656
56.5,0.971690896518229,0.035793314208222286,0.971690896518229,0.034429952952490815,1819.0,0.9213858601392212,0.09744669948423211,0.9213858601392212,0.07115400716964818,17.0,0.962886477674901,0.04783341342207989,0.962886477674901,0.028958737547089684,3.9,0.9729065738839752,0.035870149909520845,0.9729065738839752,0.06117809335357095,15.32,0.978583468203778,0.027044694853570996,0.978583468203778,0.026690193163865433,69.0,0.8577440949018348,0.1484654323549764,0.8577440949018348,0.09999342770180267,31.4,0.9808881768167943,0.02449133190685255,0.9808881768167943,0.030265291424464293,69.0,0.9661867217802562,0.04058810951900493,0.9661867217802562,0.034784299093526656
17.6,0.9714360643315524,0.03611795980176616,0.9714360643315524,0.035673673781417295,1868.0,0.9226604306625183,0.09656028222154055,0.9226604306625183,0.0716560933472367,19.0,0.9619775239943934,0.04878176695872059,0.9619775239943934,0.0314060508632054,0.0,0.9719333341181489,0.037089074390796506,0.9719333341181489,0.06449656660871679,4.85,0.980427504918366,0.024981382176865578,0.980427504918366,0.024671660916794035,64.0,0.8617394848554865,0.14589302905430582,0.8617394848554865,0.09836550466744295,23.1,0.9824865215196649,0.022626504834741133,0.9824865215196649,0.02981852002550345,63.5,0.9683070031927525,0.037781942283287184,0.9683070031927525,0.03271811780366403
22.0,0.9724515341990507,0.03496121040551239,0.9724515341990507,0.03521963830004798,956.0,0.9244491180516269,0.09511776848643974,0.9244491180516269,0.07220832088338416,36.0,0.9616376185993392,0.04911960142716985,0.9616376185993392,0.03298822483021824,10.2,0.9730846442339409,0.035683461234580945,0.9730846442339409,0.06263212163594259,3.66,0.9810016283247767,0.024442535007961317,0.9810016283247767,0.025205253176071345,56.0,0.8638731279707419,0.14504425839067125,0.8638731279707419,0.0979323074105208,21.2,0.9833954752001726,0.021631810209965064,0.9833954752001726,0.029832677669173368,61.2,0.9694968879461282,0.03681132584637692,0.9694968879461282,0.0337335321543214
31.8,0.9713002240832587,0.036366708059351514,0.9713002240832587,0.036341209413116506,800.0,0.9252399282519739,0.09458178381448334,0.9252399282519739,0.07159268208429452,34.0,0.9622627235363833,0.04852832524822009,0.9622627235363833,0.03245039883106931,4.7,0.974593909153635,0.03373946756597055,0.974593909153635,0.05815449280694294,3.87,0.9818246671246047,0.023597134040529804,0.9818246671246047,0.025347644250765522,45.0,0.8656994351877251,0.14436568755207727,0.8656994351877251,0.09679483979512697,20.0,0.9835573102452612,0.021467539365200055,0.9835573102452612,0.02983853536055496,62.7,0.9709738534039991,0.03548954634679939,0.9709738534039991,0.03266171363474552
34.9,0.9695380495016417,0.03814262129429515,0.9695380495016417,0.03701927325114304,863.0,0.9239267830910931,0.09598152405686788,0.9239267830910931,0.07379572391569865,32.0,0.9627509449311238,0.048054701037098684,0.9627509449311238,0.032276022842511916,3.1,0.9722094643475216,0.037307892365797714,0.9722094643475216,0.06313013931646254,3.92,0.9818246671246049,0.02359713404052981,0.9818246671246049,0.02669006626343102,29.0,0.8651685436340176,0.14470645631027196,0.8651685436340176,0.09831864729954112,19.6,0.9825418403777627,0.02265227418228562,0.9825418403777627,0.030448751046784944,54.5,0.9739396531030262,0.03195851925729831,0.9739396531030262,0.02917586682860968
40.8,0.9676770613476123,0.03998072060562396,0.9676770613476123,0.03787753705040805,788.0,0.9246129383486175,0.09535766788703814,0.9246129383486175,0.07530274887776604,31.0,0.9627509449311238,0.048054701037098684,0.9627509449311238,0.032276022842511916,-8.6,0.9725493697425759,0.0369618359694203,0.9725493697425759,0.06291271506245964,4.51,0.9813776325375262,0.024027074776146903,0.9813776325375262,0.026066903550960568,19.0,0.8628553716223573,0.14674452800938442,0.8628553716223573,0.09784848624308731,20.8,0.9825418403777627,0.02265227418228562,0.9825418403777627,0.03179107299228381,55.7,0.9747932879254361,0.030955484404408228,0.9747932879254361,0.027095046630937522
38.0,0.9665438006406679,0.04149831594933473,0.9665438006406679,0.03693638893463672,794.0,0.9256284082161157,0.0943254062111172,0.9256284082161157,0.0735433716477341,33.0,0.9624532696377416,0.04845555961113641,0.9624532696377416,0.031521700075718806,-0.8,0.9728042019292527,0.036637017831539595,0.9728042019292527,0.06103720440879608,4.13,0.9806169948567045,0.024875797076704523,0.9806169948567045,0.025744233204504724,4.0,0.8623938664502284,0.1470049678661955,0.8623938664502284,0.0961610588510097,20.4,0.983873034947491,0.020859986242716587,0.983873034947491,0.027983407640743856,58.0,0.9743156573157757,0.03154908567530261,0.9743156573157757,0.029557171361806245
36.5,0.9658881705433837,0.04243001955400569,0.9658881705433837,0.03751688252022817,779.0,0.9256284082161157,0.0943254062111172,0.9256284082161157,0.0734642502897317,36.0,0.9617777051652977,0.0492478183680668,0.9617777051652977,0.033544243787341325,0.0,0.9738196717967512,0.03547907661717613,0.9738196717967512,0.05985908832657224,4.41,0.9817683049724968,0.02344252012260064,0.9817683049724968,0.023531103745225348,0.0,0.860787710482876,0.1481353838148259,0.860787710482876,0.09548616314160314,21.2,0.9855441349122737,0.01870544394431769,0.9855441349122737,0.02351383946791392,59.6,0.9721569938683644,0.03381925565564523,0.9721569938683644,0.03010224860061679
40.4,0.9694580390310824,0.03786423783075646,0.9694580390310824,0.033042366468366696,794.0,0.9280338891706019,0.09153733968874375,0.9280338891706019,0.07487587463138441,34.0,0.9606263950495056,0.05061985448616573,0.9606263950495056,0.034330815624278414,-2.3,0.9734436675840017,0.035886771871107136,0.9734436675840017,0.058895848536777554,4.45,0.9819301400175853,0.0232788313106143,0.9819301400175853,0.025043205082626373,4.0,0.8639973280804432,0.14631883345159083,0.8639973280804432,0.09536647677476362,20.8,0.9866954450280655,0.017257473115248886,0.9866954450280655,0.02140326235514576,55.3,0.9715581912326313,0.034491973929087164,0.9715581912326313,0.031521157335613545
63.5,0.9718758437099838,0.035146534606409624,0.9718758437099838,0.03169712391771618,1226.0,0.9274350865348691,0.09214032826766269,0.9274350865348691,0.07482568794734751,31.0,0.9582849967652178,0.054718938012360364,0.9582849967652178,0.04113660864569898,-13.3,0.9760061827400811,0.03212217700007657,0.9760061827400811,0.052395428715665215,10.92,0.9802047064953825,0.025251105956513267,0.9802047064953825,0.025664617044334877,11.0,0.8631436932580335,0.14708722268691327,0.8631436932580335,0.09622980794784364,29.4,0.9872479525081246,0.016501240556551167,0.9872479525081246,0.019804071295396256,52.2,0.9710203519747933,0.035058916344500084,0.9710203519747933,0.03358097086448068
37.6,0.9722518479227333,0.0347392540228756,0.9722518479227333,0.03140991416764214,826.0,0.9268099815978246,0.09267846947360191,0.9268099815978246,0.07447917987685972,22.0,0.9571212108980333,0.05597008742247797,0.9571212108980333,0.04259285158020977,0.8,0.976604985375814,0.031444732708220555,0.976604985375814,0.0513246463725011,4.13,0.9792314667295563,0.026490263387350204,0.9792314667295563,0.0277118909304139,17.0,0.8610978615276507,0.14791413393619907,0.8610978615276507,0.0971845765616791,23.9,0.9869502772147424,0.01692256292241055,0.9869502772147424,0.02021796694508206,61.6,0.9696607082431186,0.03705145658259687,0.9696607082431186,0.03636561976572259
56.9,0.972449781785517,0.034518490284140176,0.972449781785517,0.031932472926456346,1612.0,0.9295343317989928,0.08911696721954968,0.9295343317989928,0.06923517140524857,72.0,0.9567632560941315,0.05648668111840204,0.9567632560941315,0.04498502416134697,3.1,0.976426915025848,0.0316329169320444,0.976426915025848,0.05128862738538573,13.71,0.978575836632272,0.027444988526369785,0.978575836632272,0.029626101903009808,33.67243525896414,0.8590075819490315,0.14874336004404962,0.8590075819490315,0.09660014902901229,31.0,0.9858454656697443,0.018640339779247988,0.9858454656697443,0.02232464282049815,68.6,0.9675404268306222,0.03986338418800137,0.9675404268306222,0.03836944456015927
24.7,0.973002289265576,0.03378325794212183,0.973002289265576,0.030654660297079743,2608.0,0.9278632318342099,0.09101855470632837,0.9278632318342099,0.0726449452242279,81.0,0.9565851857441655,0.056666145140351745,0.9565851857441655,0.04482435831902481,6.2,0.9758744075457889,0.03237209010512065,0.9758744075457889,0.051253932748747906,7.29,0.9805342829996799,0.024735432961116265,0.9805342829996799,0.025100262522389657,39.0,0.8557101529665917,0.15054894762802123,0.8557101529665917,0.09636340434688899,25.5,0.9867559279537055,0.01733766406601366,0.9867559279537055,0.02012120162713718,67.5,0.9683010645114437,0.039038271333258635,0.9683010645114437,0.035971891207248634
100.0,0.9732999645589583,0.03337319163302879,0.9732999645589583,0.02965303714303332,2075.0,0.9274509434728879,0.09134311729024042,0.9274509434728879,0.0717733324335837,36.0,0.9567632560941315,0.05648668111840204,0.9567632560941315,0.04537156659303342,0.8,0.9748589376782906,0.03353586618862587,0.9748589376782906,0.05388429507342154,32.03,0.9813879178220896,0.02371894624927149,0.9813879178220896,0.0246277641946862,50.0,0.8557101529665917,0.15054894762802123,0.8557101529665917,0.09636340434688899,38.0,0.9871766602394726,0.016836410496230098,0.9871766602394726,0.019760852633858187,62.7,0.9699072204787961,0.03752081504052621,0.9699072204787961,0.03431243158708536
82.0,0.9736579193628602,0.03283844771682424,0.9736579193628602,0.027829008430087523,1695.0,0.9265404811889268,0.09249279352134439,0.9265404811889268,0.07334358984783758,99.0,0.9585826720586001,0.054321890661364974,0.9585826720586001,0.04473299311143333,3.9,0.9746808673283248,0.03372331140732713,0.9746808673283248,0.05394372968717974,20.0,0.982043547919374,0.02275888467639633,0.982043547919374,0.023785880212676448,56.0,0.8523703931102242,0.1523427958168599,0.8523703931102242,0.09816010062660122,33.3,0.9871766602394726,0.016836410496230098,0.9871766602394726,0.019068466426474827,68.2,0.9697453854337076,0.03768002838157129,0.9697453854337076,0.03468843899166504
100.0,0.9725531078178622,0.03451448961419958,0.9725531078178622,0.028732427560001342,1955.0,0.9263786461438382,0.09263471215765957,0.9263786461438382,0.07529832593267387,69.0,0.9602537720233826,0.0522828149561719,0.9602537720233826,0.04310544909543425,1.6,0.9750207727233793,0.03337505933794106,0.9750207727233793,0.054898289973734075,30.63,0.9820435479193738,0.022758884676396324,0.9820435479193738,0.024242792557255047,61.0,0.8478844754535075,0.15541707658101772,0.8478844754535075,0.103164017736095,37.6,0.9866241527594134,0.01759239949083144,0.9866241527594134,0.019623986501625047,60.0,0.9714164853984901,0.03558638012912303,0.9714164853984901,0.03215593428398733
91.8,0.9725531078178622,0.03451448961419958,0.9725531078178622,0.028382718180252446,2102.0,0.9245982701263964,0.09487983395573503,0.9245982701263964,0.07929513028213529,55.0,0.9602537720233826,0.0522828149561719,0.9602537720233826,0.04289369314050922,3.1,0.9765300376430733,0.03142341063371296,0.9765300376430733,0.05162425205852344,28.64,0.9830167876851998,0.021512323411649638,0.9830167876851998,0.02274122935305839,61.0,0.8441652876444045,0.15748473328816254,0.8441652876444045,0.10333061219544325,36.5,0.9874777875818233,0.016563158354794775,0.9874777875818233,0.018424690081046285,65.9,0.9730875853632728,0.03348530519053945,0.9730875853632728,0.03047111857310836
62.0,0.9725531078178624,0.03451448961419959,0.9725531078178624,0.02818704821020051,1692.0,0.924974274339146,0.0945180062600939,0.924974274339146,0.07797538483776183,17.0,0.9586554273205122,0.05405432439901815,0.9586554273205122,0.041796466445728854,8.6,0.9761093053573062,0.031912815539952795,0.9761093053573062,0.05124385158583739,16.39,0.983692352157644,0.020682009764530426,0.983692352157644,0.02207512704369301,65.0,0.8404065915009215,0.15953293226329907,0.8404065915009215,0.1035127273563169,32.2,0.9877005860048068,0.016289388632035842,0.9877005860048068,0.019122695280155772,69.0,0.9739412201856823,0.03248453546609095,0.9739412201856823,0.028984563348603783
18.0,0.9725531078178624,0.03451448961419959,0.9725531078178624,0.02818704821020051,1770.0,0.9251970727621295,0.0942808271740248,0.9251970727621295,0.07790917157762975,51.0,0.9586554273205122,0.05405432439901815,0.9586554273205122,0.041796466445728854,10.2,0.9763072392200896,0.03169054694485027,0.9763072392200896,0.05015422327716657,5.0,0.9830167876851998,0.02151232341165036,0.9830167876851998,0.02299364736405139,67.0,0.8379223911976169,0.16042320000690097,0.8379223911976169,0.1048088546877268,25.5,0.9867916323242992,0.017293533107062966,0.9867916323242992,0.019159013497312992,63.5,0.9739412201856823,0.03248453546609095,0.9739412201856823,0.028984563348603783
58.0,0.9725531078178624,0.03451448961419959,0.9725531078178624,0.02818704821020051,1837.0,0.9256178050478967,0.0938467736799512,0.9256178050478967,0.0797085235774514,67.0,0.9586554273205122,0.05405432439901815,0.9586554273205122,0.041796466445728854,6.2,0.9759673338250353,0.03203987582493202,0.9759673338250353,0.0490029705852198,15.69,0.9830167876851998,0.02151232341165036,0.9830167876851998,0.02299364736405139,69.0,0.8354003640250556,0.16130933534075007,0.8354003640250556,0.10410864982171894,31.4,0.9867916323242992,0.017293533107062966,0.9867916323242992,0.019159013497312992,68.6,0.9750925303014744,0.03107039761191166,0.9750925303014744,0.026945933381744665
91.0,0.9725531078178624,0.03451448961419959,0.9725531078178624,0.02818704821020051,1900.0,0.9219543286466958,0.09802987987878625,0.9219543286466958,0.08423582716046617,73.0,0.95767344987858,0.05491596605273922,0.95767344987858,0.04260244183096412,-3.1,0.9777477098424772,0.029535878055458653,0.9777477098424772,0.04642728551667141,25.49,0.983692352157644,0.020682009764531148,0.983692352157644,0.021267172061847237,72.0,0.831170198193489,0.16371227472645095,0.831170198193489,0.10480086559649038,35.7,0.9867916323242992,0.017293533107062966,0.9867916323242992,0.018502192394350175,65.5,0.9762438404172666,0.029652829679082508,0.9762438404172666,0.026763720985729395
82.0,0.9735350852597945,0.033617139400230256,0.9735350852597945,0.027005465747107178,2010.0,0.920586373543354,0.09903299009892402,0.920586373543354,0.0831755583158082,65.0,0.95767344987858,0.05491596605273922,0.95767344987858,0.04375056193223217,-3.9,0.9765963997266851,0.03095587771434852,0.9765963997266851,0.049396041296126215,24.43,0.9844445459140204,0.019946896153575446,0.9844445459140204,0.020461771724423705,76.0,0.831170198193489,0.16371227472645095,0.831170198193489,0.10480086559649038,34.9,0.9871676365370485,0.016872787435035976,0.9871676365370485,0.017986470162164585,67.1,0.9772170801830927,0.0284207628071548,0.9772170801830927,0.02567594348808623
22.0,0.9750814466810004,0.03198896122411082,0.9750814466810004,0.026113794254360008,961.0,0.9221522625094792,0.09783487404906846,0.9221522625094792,0.08312041508881331,33.0,0.956522139762788,0.0562748214324383,0.956522139762788,0.04324716689418057,11.7,0.9767943335894688,0.030733297820351047,0.9767943335894688,0.049025113811629266,3.05,0.9857452153235086,0.01848797476515658,0.9857452153235086,0.019075671153856232,37.0,0.8347447339277713,0.16201226716874748,0.8347447339277713,0.10307585896946606,20.0,0.9875883688228155,0.016371120516880333,0.9875883688228155,0.01830316889148439,60.4,0.9800840663097078,0.024915647514343057,0.9800840663097078,0.022238733636290406
85.5,0.9768618226984421,0.029487245292876677,0.9768618226984421,0.024926764960628373,1430.0,0.9236292279673501,0.09668089647301731,0.9236292279673501,0.08369430490889694,23.0,0.9547967062405852,0.0581343054488627,0.9547967062405852,0.045959714365402735,10.9,0.977092008882851,0.030320624006335156,0.977092008882851,0.04636750478736626,18.56,0.9862334367182491,0.01798673284905204,0.9862334367182491,0.019694771498807852,29.0,0.8372667611003327,0.16112971249685779,0.8372667611003327,0.10176519119143365,34.1,0.9878111672457992,0.016097275983063767,0.9878111672457992,0.01972041354280227,59.2,0.9808879734016743,0.024191648250112906,0.9808879734016743,0.02333687123573454
92.5,0.9771594979918244,0.02907416197619512,0.9771594979918244,0.026079165530221254,1582.0,0.9250125855117193,0.09557661939799138,0.9250125855117193,0.08431878108591895,82.0,0.9557699460064115,0.056959623389041404,0.9557699460064115,0.04714583499248189,6.2,0.9775802302775916,0.029829853811701158,0.9775802302775916,0.04353603564166463,26.92,0.9869940743990708,0.017127619755803385,0.9869940743990708,0.019750475962761898,44.0,0.8405115990844587,0.159644702112465,0.8405115990844587,0.10211228060062259,36.9,0.9878111672457992,0.016097275983063767,0.9878111672457992,0.020194310055373074,62.0,0.9815807000004703,0.02355417393542183,0.9815807000004703,0.02358899568213348
100.0,0.9749575064733342,0.031658871891471284,0.9749575064733342,0.027897093717102552,2398.0,0.9250125855117193,0.09557661939799138,0.9250125855117193,0.08431878108591895,53.0,0.9574953795286143,0.05509591289016122,0.9574953795286143,0.04443328752125973,3.1,0.9770423910197534,0.030403113288559915,0.9770423910197534,0.04398378427530985,10.67,0.9876696388715145,0.01629082843260296,0.9876696388715145,0.01987995870392591,53.0,0.8429571500670613,0.1587509938927171,0.8429571500670613,0.10328846404590553,25.9,0.986837927479973,0.017355465535376775,0.986837927479973,0.022371945110462373,62.4,0.9823328937568467,0.02282290606621085,0.9823328937568467,0.023493566517937933
65.1,0.9745815022605849,0.03206854899869387,0.9745815022605849,0.02785140423448735,1863.0,0.9239438547001736,0.09648228371653277,0.9239438547001736,0.08532785624800862,19.0,0.9588085246894946,0.05357958483490317,0.9588085246894946,0.04435582847591223,-3.1,0.9763562357622292,0.031115800146186295,0.9763562357622292,0.04484302327634367,18.12,0.9890008334412428,0.014480306021924143,0.9890008334412428,0.01708301659297572,62.0,0.8394961292169604,0.16048301589040215,0.8394961292169604,0.10496982462331791,32.5,0.9884203696346312,0.015024457713636828,0.9884203696346312,0.01921116019605343,68.2,0.9815807000004703,0.02355417393542147,0.9815807000004703,0.023588995682133483
55.7,0.975596972128083,0.030903594767402634,0.975596972128083,0.027085777320278042,1889.0,0.9241666531231572,0.096245893192738,0.9241666531231572,0.08620486835776073,50.0,0.9586466896444062,0.053734121342214954,0.9586466896444062,0.044154020754951485,3.9,0.9763562357622294,0.031115800146186298,0.9763562357622294,0.0441087981745693,14.9,0.9890008334412428,0.014480306021924143,0.9890008334412428,0.01689050799377202,67.0,0.8368500938685673,0.1614800777948811,0.8368500938685673,0.10441738699793562,31.4,0.9886431680576147,0.014750072760677874,0.9886431680576147,0.018090446066002415,68.6,0.9797366632858822,0.025622709869517476,0.9797366632858822,0.026143970137487205
64.3,0.9750591328702451,0.031475031987275075,0.9750591328702451,0.0282174426000936,1844.0,0.9239687192603734,0.09644175706895934,0.9239687192603734,0.08728183653274794,19.0,0.9601559545641002,0.05184899850920856,0.9601559545641002,0.042549543698082906,-7.0,0.9771315416652717,0.03010792354065468,0.9771315416652717,0.04176079144531501,16.02,0.9883452033439586,0.015452876344100397,0.9883452033439586,0.018796645847780315,66.0,0.8358346240010691,0.16231082296517024,0.8358346240010691,0.10117701593896944,31.8,0.9884203696346312,0.015024457713636103,0.9884203696346312,0.01846623378558417,67.5,0.9797366632858823,0.025622709869517837,0.9797366632858823,0.025760017592266326
36.1,0.9750591328702451,0.031475031987275075,0.9750591328702451,0.028961322154692593,774.0,0.9248395162091354,0.09573225472272921,0.9248395162091354,0.08456991869586221,35.0,0.9605139093680022,0.051328695092500425,0.9605139093680022,0.04271677002917241,0.0,0.9761583018994456,0.03133819705989625,0.9761583018994456,0.04278222975398328,4.2,0.9879872485400566,0.016002347869301655,0.9879872485400566,0.01929872430925426,41.0,0.8358346240010691,0.16231082296517085,0.8358346240010691,0.10143877340498711,20.4,0.9880624148307291,0.015574127045257348,0.9880624148307291,0.020300788349484955,64.7,0.9789760256050607,0.02646871075697294,0.9789760256050607,0.02866655395994801
34.5,0.9758197705510668,0.030636483562387903,0.9758197705510668,0.029043030820098726,798.0,0.9239305625286276,0.09659238056650318,0.9239305625286276,0.08520957381621411,32.0,0.9605139093680022,0.051328695092500425,0.9605139093680022,0.042529258914598196,-0.8,0.9765343061121952,0.030927536063747495,0.9765343061121952,0.04413743254856377,3.75,0.9879872485400566,0.016002347869301655,0.9879872485400566,0.019877834681766692,9.0,0.8348954978010361,0.162809329634847,0.8348954978010361,0.10198702256696082,20.0,0.9887485700882533,0.014841587401893258,0.9887485700882533,0.019653715941000665,56.9,0.9795285330851198,0.025723741608798735,0.9795285330851198,0.02802465793666815
41.6,0.9773290354707609,0.028678917790779884,0.9773290354707609,0.027596832948677735,807.0,0.9246167177861521,0.09596897491507117,0.9246167177861521,0.08498599248547659,57.0,0.9601559545641002,0.05184899850920856,0.9601559545641002,0.04136883944570366,2.3,0.9770868135922542,0.03018702125788301,0.9770868135922542,0.04393968414408309,4.62,0.9873316184427723,0.01697289106216078,0.9873316184427723,0.022220037030461066,1.0,0.8335275426976945,0.16358251500992263,0.8335275426976945,0.1009264770134636,20.8,0.9876153093813089,0.016423099646875307,0.9876153093813089,0.02281561232130826,53.3,0.9795285330851198,0.025723741608798735,0.9795285330851198,0.02802465793666815
80.0,0.9788753968919666,0.02703617606273585,0.9788753968919666,0.027754347097099535,1565.0,0.9234312941045668,0.09687652921997053,0.9234312941045668,0.0839557091062168,44.0,0.9601559545641002,0.05184899850920856,0.9601559545641002,0.04136883944570366,-4.7,0.9764311834949698,0.031137095671607055,0.9764311834949698,0.045322225052646055,18.83,0.9873316184427723,0.01697289106216078,0.9873316184427723,0.022220037030461066,18.0,0.8319451005430363,0.1652573697469312,0.8319451005430363,0.10253082335939748,33.3,0.9876153093813089,0.016423099646875307,0.9876153093813089,0.02281561232130826,60.4,0.9787678954042982,0.026569475725942183,0.9787678954042982,0.029908129441095586
54.9,0.9788753968919666,0.02703617606273657,0.9788753968919666,0.026357866222611097,1773.0,0.9229044562658557,0.09721069135540804,0.9229044562658557,0.08325630639177685,32.0,0.9601559545641002,0.05184899850920856,0.9601559545641002,0.04136883944570366,-7.0,0.9782505994594388,0.02887628632947044,0.9782505994594388,0.04159656797661617,13.16,0.9864779836203625,0.01800162122445879,0.9864779836203625,0.022172052837269616,26.0,0.8342809848466546,0.16448916160096508,0.8342809848466546,0.10387722810826956,30.6,0.9876153093813089,0.01642309964687567,0.9876153093813089,0.022380874654270546,69.4,0.9787678954042982,0.026569475725942183,0.9787678954042982,0.029908129441095586
21.6,0.9791302290786433,0.02670653614015993,0.9791302290786433,0.025501036795865552,2182.0,0.9211157688767472,0.09864611767720476,0.9211157688767472,0.08194855356224566,79.0,0.9614566239735884,0.050470556715141855,0.9614566239735884,0.04224227351158576,7.0,0.9769194048897105,0.030647085963438774,0.9769194048897105,0.04548495811676913,5.59,0.9878091781900908,0.01619564192235471,0.9878091781900908,0.019900190817980144,34.0,0.8317967845433502,0.16535125326642275,0.8317967845433502,0.1069958715924618,22.7,0.9887485700882533,0.01484158740189362,0.9887485700882533,0.019894408260634898,74.1,0.9775879840995821,0.02770256590823725,0.9775879840995821,0.030182131064499892
96.9,0.981088675446051,0.02399390939673521,0.981088675446051,0.022933076015417272,1878.0,0.9203635751203707,0.09926760993172604,0.9203635751203707,0.08107945918798087,33.0,0.9617542992669706,0.050070768022481595,0.9617542992669706,0.04229027099251785,3.9,0.9775949693621545,0.02982841981791771,0.9775949693621545,0.044167264531704435,27.26,0.9889424388970354,0.014613551238773516,0.9889424388970354,0.018332057450446897,48.0,0.8276036574060062,0.1677129335107371,0.8276036574060062,0.10741224155086362,36.5,0.9904196700530361,0.012665864698956572,0.9904196700530361,0.017807840065726305,63.9,0.9781258233574204,0.02712748205167503,0.9781258233574204,0.02895044440601066
62.4,0.9825979403657451,0.02201506155615108,0.9825979403657451,0.019894259656279147,1663.0,0.9216947696900986,0.09770341777720112,0.9216947696900986,0.08282404501223613,41.0,0.9629056093827627,0.04869632327477968,0.9629056093827627,0.04027580657039634,-1.6,0.9777568044072429,0.029666516773465365,0.9777568044072429,0.042960278142478284,13.72,0.9902736334667632,0.01279838450188522,0.9902736334667632,0.015359130086195468,51.0,0.8245067522813841,0.1689447676260386,0.8245067522813841,0.10729538273096882,31.0,0.9904196700530361,0.012665864698956572,0.9904196700530361,0.01599693776905863,69.0,0.9781258233574204,0.02712748205167503,0.9781258233574204,0.02818703946690225
42.0,0.9843233738879477,0.020032080873102955,0.9843233738879477,0.01834436730064882,1724.0,0.9216947696900986,0.09770341777720112,0.9216947696900986,0.08282404501223613,20.0,0.9648608265905212,0.046625633832278475,0.9648608265905212,0.039982333090335845,-3.9,0.9759373884427744,0.03192465804362062,0.9759373884427744,0.046685935218508175,9.91,0.9908261409468224,0.012036853229199973,0.9908261409468224,0.01419225583468946,49.0,0.8231936071205036,0.17004242907540712,0.8231936071205036,0.10397348023821484,28.2,0.9909721775330951,0.01190414515340224,0.9909721775330951,0.014013794164088248,71.8,0.9786636626152583,0.026551748994499167,0.9786636626152583,0.027700272237035972
18.4,0.9859217185908182,0.018153213813740694,0.9859217185908182,0.01746107588043193,1220.0,0.9214968358273151,0.09789833422739845,0.9214968358273151,0.08374371123951402,28.0,0.9656361324935637,0.0456426621919892,0.9656361324935637,0.039103623442410376,8.6,0.9762475394875488,0.03162345501413228,0.9762475394875488,0.046607497809338184,3.7,0.991202145159572,0.01161233939255829,0.991202145159572,0.01417639647049203,39.0,0.82742377295207,0.16771099153221158,0.82742377295207,0.10360284317030063,18.8,0.9899567076655967,0.013107953625063227,0.9899567076655967,0.015163546262619709,74.5,0.9769014880336413,0.028359820168118024,0.9769014880336413,0.029528706298233443
38.4,0.9859217185908182,0.018153213813740694,0.9859217185908182,0.017301779340339652,805.0,0.9228647909306565,0.09689225829084235,0.9228647909306565,0.08198572533772307,35.0,0.9659940872974657,0.04511686956995174,0.9659940872974657,0.03577841219505278,-3.9,0.9788100546436282,0.027836311875871076,0.9788100546436282,0.04097107237604051,4.18,0.9910042112967885,0.011842203705986196,0.9910042112967885,0.015005794042698946,28.0,0.8263110374738617,0.16825902764859527,0.8263110374738617,0.10619627837300805,20.4,0.9890462453816358,0.014418852504329184,0.9890462453816358,0.018336286246170078,53.7,0.9762259235611973,0.029178891498280873,0.9762259235611973,0.03134272556299383
34.1,0.9859217185908182,0.018153213813740694,0.9859217185908182,0.018196720585464444,812.0,0.9236556011310035,0.09635899099888302,0.9236556011310035,0.08276767419336672,32.0,0.9665319265553038,0.044558661674136926,0.9665319265553038,0.03360851637649886,-2.3,0.9799433153505728,0.026282435218641178,0.9799433153505728,0.039060264552283785,3.77,0.9900937490128273,0.013155679353707636,0.9900937490128273,0.01795733783698183,21.0,0.8189984695749444,0.17738701082217725,0.8189984695749444,0.1663678911725401,19.6,0.9874638032269776,0.016752338131708358,0.9874638032269776,0.022250367346837937,57.6,0.9762259235611974,0.02917889149828088,0.9762259235611974,0.030922551298222564
31.4,0.9865972830632621,0.01731805925912911,0.9865972830632621,0.017076155918777747,793.0,0.9246629544626228,0.09561575120248404,0.9246629544626228,0.08450683057240975,33.0,0.9658762964580194,0.04548827720087904,0.9658762964580194,0.034870574623279874,0.8,0.9801661137735566,0.02601302089250721,0.9801661137735566,0.039743033719420826,3.87,0.9903165474358109,0.012880397993447562,0.9903165474358109,0.017202013569964748,24.0,0.8178652088679998,0.17846532856573277,0.8178652088679998,0.16807172139101667,20.0,0.9864905634611513,0.018009428017125163,0.9864905634611513,0.022793096014036687,59.6,0.9752526837953713,0.03040889419755544,0.9752526837953713,0.03344995007982998
85.9,0.9884166990277308,0.015007070403221454,0.9884166990277308,0.015315031644647318,1578.0,0.925573416746584,0.09447184590631282,0.925573416746584,0.08786833676028363,100.0,0.9665690230568157,0.04487635277593774,0.9665690230568157,0.035968224277418755,5.5,0.9793908078705137,0.027027417291536238,0.9793908078705137,0.03946128200175161,23.03,0.990915350071544,0.012180818736548145,0.990915350071544,0.01703982057597391,43.0,0.8198236552354075,0.17658129836811418,0.8198236552354075,0.16909892642849983,35.3,0.9867133618841348,0.01773626604639487,0.9867133618841348,0.02300589999647027,66.3,0.9733916956413422,0.03227346738758488,0.9733916956413422,0.03487309893081815
100.0,0.9886394974507141,0.014732682574878884,0.9886394974507141,0.016008938772158907,2345.0,0.9242422221768557,0.09604846375159912,0.9242422221768557,0.08652210213038287,21.0,0.967996781285636,0.043372645814808757,0.967996781285636,0.03486199652316062,-3.9,0.9807039530313945,0.025435413885927075,0.9807039530313945,0.037883048946754115,43.45,0.9900617152491341,0.013217520691755328,0.9900617152491341,0.018100027550531993,52.0,0.8167267501107857,0.17775613095173468,0.8167267501107857,0.1685463599952355,83.5,0.9869681940708116,0.0174014732666402,0.9869681940708116,0.02229887400769358,59.6,0.9728391881612831,0.03300986647427133,0.9728391881612831,0.035019276297961296
81.2,0.9878641915476717,0.015765055796884465,0.9878641915476717,0.017480297562866346,2037.0,0.9209869804219804,0.0999658490991906,0.9209869804219804,0.08910928523582828,81.0,0.9697056616193055,0.040640727269940544,0.9697056616193055,0.03267661455836205,0.8,0.9803279488186449,0.025850036204251848,0.9803279488186449,0.037022045513822946,24.55,0.9896857110363846,0.01364092616000387,0.9896857110363846,0.01761376415910275,65.0,0.8114070513463928,0.18129530876751987,0.8114070513463928,0.17020081007775228,34.9,0.9871661279335954,0.01717367912405476,0.9871661279335954,0.021698088308517785,67.1,0.9724812333573811,0.033544077179695125,0.9724812333573811,0.03613982006139029
43.9,0.9869537292637108,0.01707068126712159,0.9869537292637108,0.019995143313873212,1754.0,0.9209869804219804,0.0999658490991906,0.9209869804219804,0.08910928523582828,65.0,0.9679967812856358,0.04337264581480839,0.9679967812856358,0.036085252770807125,0.8,0.9791946881117004,0.027405047196385573,0.9791946881117004,0.04029176689512986,11.62,0.9896857110363846,0.01364092616000387,0.9896857110363846,0.017958320194166516,60.0,0.8103915814788945,0.18206385828210497,0.8103915814788945,0.16885833553608615,29.8,0.9873640617963788,0.016945792233295093,0.9873640617963788,0.02098467020429742,74.5,0.9713299232415891,0.03495129806755782,0.9713299232415891,0.0385631085820101
69.8,0.9859382593962123,0.018264188223938875,0.9859382593962123,0.020879928842502487,1549.0,0.9163043872685248,0.10582128323992418,0.9163043872685248,0.09712192833472474,46.0,0.9662164052681941,0.04582509784463261,0.9662164052681941,0.039015714316739995,3.1,0.9789967542489167,0.027628877508373124,0.9789967542489167,0.039461868472711006,15.85,0.9890869084006515,0.014338735062360074,0.9890869084006515,0.01894550623009656,58.0,0.8108692120885549,0.18166451874949952,0.8108692120885549,0.16669610192484247,31.8,0.9875619956591626,0.01671781259436121,0.9875619956591626,0.02271068618518912,66.7,0.970909190955822,0.03543642301056765,0.970909190955822,0.04006588536209873
17.3,0.9850277971122513,0.01956490135535044,0.9850277971122513,0.022880104682527762,1568.0,0.9123646442813664,0.1111552100436076,0.9123646442813664,0.10187174357829482,19.0,0.9655913003311496,0.04642081249338787,0.9655913003311496,0.03896543436618851,0.0,0.9789967542489167,0.027628877508373124,0.9789967542489167,0.039461868472711006,4.11,0.9893417405873283,0.014002239782693686,0.9893417405873283,0.01770971253276689,57.0,0.8074780445764619,0.1841578751206771,0.8074780445764619,0.1697521431931855,21.2,0.9878168278458391,0.016382461268391182,0.9878168278458391,0.021677447525600885,74.5,0.9717163272074376,0.034173770146683574,0.9717163272074376,0.037472718493394834
32.9,0.9841173348282903,0.02086317880702321,0.9841173348282903,0.024987056343064033,858.0,0.9096402940801984,0.11457517248873164,0.9096402940801984,0.11033743733976864,33.0,0.9634710189186533,0.04919965754893962,0.9634710189186533,0.041029718942070616,3.9,0.980148064364709,0.026201300118152835,0.980148064364709,0.035746258914096204,3.38,0.9895198109372942,0.013808242053530638,0.9895198109372942,0.01756171206874141,38.0,0.8087284135630186,0.1839742332074533,0.8087284135630186,0.1721630539607294,19.2,0.9876188939830557,0.016610568672608073,0.9876188939830557,0.02138212491004957,55.3,0.9717163272074376,0.034173770146683574,0.9717163272074376,0.03872895142711603
38.4,0.9834417703558465,0.021693739327119887,0.9834417703558465,0.026060031332106815,793.0,0.9094622237302327,0.11473336194892933,0.9094622237302327,0.1073342618264243,31.0,0.9629185114385944,0.04991846524786352,0.9629185114385944,0.04221298972383589,-3.9,0.980148064364709,0.026201300118152835,0.980148064364709,0.03526716242577464,4.33,0.988967303457235,0.014567761957670525,0.988967303457235,0.02041323537884179,17.0,0.8098713717304257,0.183809295419769,0.8098713717304257,0.17462398113705185,20.4,0.9871981616972886,0.017112149527992823,0.9871981616972886,0.02397582092595425,57.3,0.9723151298431705,0.03350073944054682,0.9723151298431705,0.03666127053247588
31.8,0.9830210380700793,0.022190963187483478,0.9830210380700793,0.02637185651630474,803.0,0.9069296539564142,0.117482513752193,0.9069296539564142,0.11128314385554175,34.0,0.9635940759110383,0.04912565594518692,0.9635940759110383,0.04160257160837614,0.0,0.9788349192038283,0.0277913351887258,0.9788349192038283,0.03619314439114528,3.68,0.989877765741196,0.013257106820004841,0.989877765741196,0.018518308024668022,0.0,0.8109089001552005,0.1836619435230682,0.8109089001552005,0.177133329144771,20.0,0.9865225972248445,0.017947968429130594,0.9865225972248445,0.02556994879799619,60.0,0.97332248317479,0.03264247437902966,0.97332248317479,0.037292737331981796
46.7,0.9832758702567561,0.021858612042684394,0.9832758702567561,0.0251677946931348,867.0,0.906508921670647,0.11789509430251163,0.906508921670647,0.11213123713079433,28.0,0.9672486193562067,0.043444110396374816,0.9672486193562067,0.03471931954160808,-3.1,0.9785800870171513,0.028120589051539746,0.9785800870171513,0.03814996226722766,15.97,0.9908510055070223,0.011990910672492111,0.9908510055070223,0.016471034138588993,6.0,0.8114467394130386,0.18329402849255705,0.8114467394130386,0.18045855449291842,33.3,0.9869433295106116,0.01744709711489408,0.9869433295106116,0.02515627630839239,51.0,0.97332248317479,0.03264247437902966,0.97332248317479,0.037292737331981796
36.5,0.9832758702567561,0.021858612042684394,0.9832758702567561,0.02361764476924137,803.0,0.9051062119429478,0.11904570099237223,0.9051062119429478,0.11249257541852496,36.0,0.9692070657236145,0.04079952797730216,0.9692070657236145,0.03194302935979145,0.8,0.9777729507655357,0.029397560585196575,0.9777729507655357,0.041277201175390486,4.06,0.9914035129870814,0.01122847706539198,0.9914035129870814,0.014022058685045722,0.0,0.8129810014457107,0.1811394201466367,0.8129810014457107,0.1828573416061106,20.0,0.9877186354136543,0.01641702990852769,0.9877186354136543,0.02249354802422214,56.5,0.9725471772717476,0.03364421335583657,0.9725471772717476,0.03662091300742365
58.0,0.9838283777368152,0.021107651361376854,0.9838283777368152,0.022048402204405168,1708.0,0.9085772668582345,0.11514471137327832,0.9085772668582345,0.10594715645048233,41.0,0.9688310615108648,0.04120309721325992,0.9688310615108648,0.03338253768141384,2.3,0.9775501523425524,0.029665516838249587,0.9775501523425524,0.04000351458208428,16.09,0.9916583451737582,0.010890377112052362,0.9916583451737582,0.012215239209941182,18.0,0.8152495988578929,0.1790863969795848,0.8152495988578929,0.17772234141147217,32.2,0.9875207015508707,0.01664510705343821,0.9875207015508707,0.022265999188328743,61.6,0.9725471772717476,0.03364421335583657,0.9725471772717476,0.03662091300742365
62.7,0.9842491100225824,0.020609540446508305,0.9842491100225824,0.021925110652434552,1857.0,0.9095592443001667,0.11439821843843065,0.9095592443001667,0.10600581866124326,40.0,0.9688310615108648,0.04120309721325992,0.9688310615108648,0.03331392413040492,3.1,0.974987637186473,0.033442789469025375,0.974987637186473,0.04522567185126373,20.0,0.9911058376936992,0.011653198397296576,0.9911058376936992,0.013743398903626478,31.0,0.8149394478131183,0.17927816952989084,0.8149394478131183,0.18253112439969463,33.3,0.987743499973854,0.016371343599835695,0.987743499973854,0.022478803170762326,68.6,0.9709410213043952,0.03517254705882514,0.9709410213043952,0.03874471494282673
55.7,0.9835735455501383,0.021440390184318567,0.9835735455501383,0.02290339428965329,1780.0,0.9072460722885063,0.11665700737852842,0.9072460722885063,0.10679588895883381,73.0,0.9682785540308058,0.041930779565253005,0.9682785540308058,0.03363083444489024,4.7,0.9742269995056514,0.03427839215668569,0.9742269995056514,0.04564352922866604,13.26,0.9918811435967417,0.01061414253699974,0.9918811435967417,0.01285207376532269,39.0,0.8114019507730587,0.18082629712486736,0.8114019507730587,0.18462567452894088,31.0,0.987743499973854,0.016371343599835695,0.987743499973854,0.022961616534301517,73.7,0.9683307951395793,0.03801940930867006,0.9683307951395793,0.041022829513037484
74.9,0.9822139018184637,0.023478813411708824,0.9822139018184637,0.024197521302598793,2024.0,0.9097786420623246,0.11390436614271951,0.9097786420623246,0.10047499578838213,21.0,0.9708410691868852,0.03820310639543035,0.9708410691868852,0.029819459099400168,1.6,0.9742269995056514,0.03427839215668569,0.9742269995056514,0.04750360476239592,23.39,0.991626311410065,0.010952390698842476,0.991626311410065,0.011899403395892065,43.0,0.8067226034937784,0.18352800678382364,0.8067226034937784,0.1863137120169925,34.9,0.987743499973854,0.016371343599835695,0.987743499973854,0.021265261457022455,67.5,0.9668215302198853,0.03994354568673947,0.9668215302198853,0.04449710198793523
49.4,0.9822139018184637,0.023478813411708824,0.9822139018184637,0.024197521302598793,2114.0,0.9096005717123589,0.11406271778594831,0.9096005717123589,0.100671144324847,35.0,0.970543393893503,0.03861060384281684,0.970543393893503,0.030357794137749555,0.0,0.9757362644253454,0.03232981337460273,0.9757362644253454,0.04486299620730997,15.29,0.991626311410065,0.01095239069884284,0.991626311410065,0.011696848358150633,40.0,0.8070327545385532,0.18334118361968224,0.8070327545385532,0.18122221473299438,31.4,0.9874458246804718,0.016792921652805496,0.9874458246804718,0.021880069616757584,71.0,0.9668215302198853,0.03994354568673947,0.9668215302198853,0.045800007877701526
61.6,0.9822139018184637,0.023478813411708824,0.9822139018184637,0.024197521302598793,1986.0,0.9123629251717328,0.11114440154171025,0.9123629251717328,0.09835319880610506,56.0,0.9725018402609105,0.035946680174203466,0.9725018402609105,0.027584367233430298,2.3,0.977407364390128,0.030213291074252125,0.977407364390128,0.04111578277376047,18.13,0.9911486808004047,0.01156640176836526,0.9911486808004047,0.012373461881316815,43.0,0.8112629203701196,0.18115955432225284,0.8112629203701196,0.17830152594740817,32.5,0.9862945145646798,0.018242567223429543,0.9862945145646798,0.0229042079488573,69.4,0.9671192055132677,0.0395381118285924,0.9671192055132677,0.04687210990134805
33.7,0.9826346341042308,0.022982564887599043,0.9826346341042308,0.024554678023672918,809.0,0.9128938167254403,0.11075609217401307,0.9128938167254403,0.09743232117931697,46.0,0.973126945197955,0.03533954382698106,0.973126945197955,0.026817290247949255,-1.6,0.9777833686028773,0.029801641198921584,0.9777833686028773,0.04138722777419369,4.81,0.9911486808004047,0.01156640176836526,0.9911486808004047,0.012387483286830937,39.0,0.8147556287701995,0.17713576841005135,0.8147556287701995,0.1763797302059442,21.6,0.9853840522807187,0.01954378293466527,0.9853840522807187,0.024978317938267214,67.8,0.9679728403356774,0.038549178735935864,0.9679728403356774,0.043945190362362
57.6,0.9826346341042308,0.022982564887599043,0.9826346341042308,0.02554958148501761,1325.0,0.91146605849662,0.11206117894227584,0.91146605849662,0.10001836221503119,55.0,0.972216482913994,0.03660692263860205,0.972216482913994,0.027859333493395328,4.7,0.9771277385055931,0.030752680652767737,0.9771277385055931,0.04304765526454501,10.45,0.991804310897689,0.010588445646248746,0.991804310897689,0.011510887412019452,44.0,0.8167390722505855,0.17442707320808365,0.8167390722505855,0.17588310096813342,29.0,0.9853840522807188,0.01954378293466527,0.9853840522807188,0.02525485938884734,65.1,0.9691241504514695,0.03715138170648097,0.9691241504514695,0.04100126976945166
62.0,0.9820358314684977,0.023669588484082654,0.9820358314684977,0.0265522691736981,1510.0,0.9122266961774416,0.11134784183628134,0.9122266961774416,0.10259460608516918,52.0,0.9724144167767776,0.03638654768207086,0.9724144167767776,0.028592065906704132,-3.9,0.9769298046428095,0.030975336859094014,0.9769298046428095,0.044228024847009766,13.73,0.991804310897689,0.010588445646248746,0.991804310897689,0.012065029335189792,50.0,0.8180752549986859,0.17387936400575965,0.8180752549986859,0.17486181326272307,31.0,0.9870551522455014,0.01738359654980346,0.9870551522455014,0.02313536345478542,67.1,0.9697229530872024,0.03648209756743633,0.9697229530872024,0.0392073318038474
62.7,0.9813496762109735,0.024390842808164413,0.9813496762109735,0.02684950876425795,1727.0,0.912723854332021,0.11105968150152862,0.912723854332021,0.1017052507155647,19.0,0.9740127614796483,0.03455804836713056,0.9740127614796483,0.029063943868536463,-2.3,0.9769298046428097,0.030975336859094375,0.9769298046428097,0.04452487993695969,16.37,0.9904911657368084,0.012218917236410729,0.9904911657368084,0.011997732621639032,54.0,0.8169322968312789,0.17406508124044187,0.8169322968312789,0.17252331538014226,31.8,0.9874758845312686,0.016882206141450536,0.9874758845312686,0.020813008913710112,68.2,0.9694252777938202,0.036889626852863795,0.9694252777938202,0.038419874099324534
18.0,0.981837897605714,0.023894853375677573,0.981837897605714,0.026512990613396365,1775.0,0.911066312417645,0.11251307969778948,0.911066312417645,0.09823036732027357,18.0,0.9738758779373443,0.03467991558857364,0.9738758779373443,0.029159411584243837,0.0,0.9774676439006476,0.030402462292031286,0.9774676439006476,0.04512057244619811,4.83,0.9907459979234851,0.011881388475291074,0.9907459979234851,0.010019769588171553,49.0,0.8178427591152401,0.17316512347536797,0.8178427591152401,0.16984928965548302,22.4,0.9888355282629433,0.014823447778136104,0.9888355282629433,0.017216615820319532,63.1,0.968273967678028,0.038288197029310925,0.968273967678028,0.039111279866220296
21.6,0.9822586298914813,0.02339898071982721,0.9822586298914813,0.025821648378259274,927.0,0.9093574320839755,0.11493574524384038,0.9093574320839755,0.10306097579645808,33.0,0.9750091386442887,0.03314215215232282,0.9750091386442887,0.02758544789235836,10.2,0.9763038580334633,0.03171027477753235,0.9763038580334633,0.04632400910656307,3.99,0.9911667302092521,0.011375732163667966,0.9911667302092521,0.009606097098567747,28.0,0.8181529101600147,0.17296986452145743,0.8181529101600147,0.1665018277408297,20.8,0.98861272983996,0.015097870891305714,0.98861272983996,0.017098232923406103,60.4,0.9671226575622361,0.03968333712710891,0.9671226575622361,0.04005433686361231
36.9,0.9820358314684977,0.023669588484081933,0.9820358314684977,0.025801986842946267,791.0,0.908341962216477,0.1159231536622242,0.908341962216477,0.1023436763713547,32.0,0.9756847031167326,0.03232689743549275,0.9756847031167326,0.02642876197242925,1.6,0.9763038580334633,0.03171027477753235,0.9763038580334633,0.046221260169268336,4.21,0.9898535850483716,0.01300409313983411,0.9898535850483716,0.011682256038781608,17.0,0.8163968970655834,0.17382010317957977,0.8163968970655834,0.17311423975797094,20.0,0.9872995846790791,0.016717008574748216,0.9872995846790791,0.018801525191439163,58.0,0.9660178460172382,0.04133979495512472,0.9660178460172382,0.040942210045586
79.2,0.9813496762109735,0.024390842808164413,0.9813496762109735,0.026099226433506116,1408.0,0.9129356318616786,0.11022651342971702,0.9129356318616786,0.09546088860990974,72.0,0.9765077419165605,0.031492948266058,0.9765077419165605,0.02575348451019934,3.1,0.9786883028395766,0.028112419258989104,0.9786883028395766,0.04022365617134995,15.77,0.9889431227644105,0.014314948356081892,0.9889431227644105,0.01241992454901653,32.0,0.8158443895855244,0.17433539113521712,0.8158443895855244,0.17641216447918204,32.2,0.9875972599724614,0.016295471549582812,0.9875972599724614,0.01784885482200854,62.0,0.9658397756672723,0.04152398974266558,0.9658397756672723,0.040635597541023805
57.3,0.9815476100737573,0.024165794737723918,0.9815476100737573,0.025651559605680888,1872.0,0.9137811501482093,0.10964617751885504,0.9137811501482093,0.097341813573169,66.0,0.9771065445522937,0.030814749964233678,0.9771065445522937,0.02365063542307139,-1.6,0.9783906275461944,0.02852646927573421,0.9783906275461944,0.041607056849069436,16.86,0.9874816616038438,0.01607971882654223,0.9874816616038438,0.01401849426030917,40.0,0.8171121812852151,0.1738066198046549,0.8171121812852151,0.17568148570687026,31.0,0.9864639992655169,0.017873432168102693,0.9864639992655169,0.020087168990394404,62.7,0.9658397756672723,0.04152398974266558,0.9658397756672723,0.040852030077912785
74.5,0.9822231745462012,0.02333859169151572,0.9822231745462012,0.024035855949439355,1483.0,0.9137811501482093,0.10964617751885437,0.9137811501482093,0.0983709423419499,51.0,0.9773044784150774,0.030592018683872003,0.9773044784150774,0.02242773065525979,-10.2,0.9783906275461944,0.02852646927573421,0.9783906275461944,0.04120450899251234,15.38,0.9871839863104613,0.016501270384237664,0.9871839863104613,0.014319254554649392,48.0,0.8139789934641524,0.1749859781947951,0.8139789934641524,0.17570541508324244,31.4,0.9847928993007342,0.020031457521626203,0.9847928993007342,0.02227015901579986,65.5,0.9646498909138965,0.042484792785171255,0.9646498909138965,0.040427523273633116
63.9,0.9825991787589505,0.02292216841339457,0.9825991787589505,0.023337120828651563,1611.0,0.9132286426681502,0.11028835384276614,0.9132286426681502,0.09715366813588416,19.0,0.9762586411922658,0.03169457226196244,0.9762586411922658,0.0233113144607234,0.8,0.9797218221159227,0.026749995573264726,0.9797218221159227,0.038055899711957934,14.45,0.9869611878874779,0.016774845219248494,0.9869611878874779,0.013896434010520917,47.0,0.8126477988944242,0.17620552530902034,0.8126477988944242,0.17136864699128915,25.5,0.984315268691074,0.02063675895114735,0.984315268691074,0.023229337188811965,67.8,0.9633753203905997,0.04349493966985447,0.9633753203905997,0.04055664232890166
55.3,0.983762964626135,0.021595038827696814,0.983762964626135,0.023015319357304904,1555.0,0.9132286426681502,0.11028835384276614,0.9132286426681502,0.10526032277107401,62.0,0.9754515049406501,0.03296544692338602,0.9754515049406501,0.023613366034960077,3.9,0.9799197559787062,0.026525813689347845,0.9799197559787062,0.038071214695445964,12.74,0.9867632540246942,0.017002670616892767,0.9867632540246942,0.014380733323216675,50.0,0.8165562926185295,0.17433844459551434,0.8165562926185295,0.1689540238173808,30.2,0.985225730975035,0.019338003428983824,0.985225730975035,0.021516708666570208,68.2,0.9600614698010274,0.04716583935389209,0.9600614698010274,0.044561928478654596
18.0,0.9842405952357954,0.02099055336725496,0.9842405952357954,0.023396925772664116,1625.0,0.9135865974720522,0.10981831453254377,0.9135865974720522,0.10241798116248399,20.0,0.9754515049406501,0.03296544692338602,0.9754515049406501,0.023613366034960077,0.0,0.9773572408226266,0.030320854026481072,0.9773572408226266,0.04408280555263136,10.15,0.9861644513889614,0.01769632884739287,0.9861644513889614,0.013978184849905737,45.0,0.8179674976588168,0.17262403205996496,0.8179674976588168,0.16759324675366555,29.0,0.9832672846076274,0.02207175023412045,0.9832672846076274,0.02556641832487713,71.4,0.9560662335002628,0.051906009597652555,0.9560662335002628,0.04896147728009378
19.2,0.9830768093686107,0.022319067627080715,0.9830768093686107,0.024940685520503273,1462.0,0.9178832129640984,0.10422641455137019,0.9178832129640984,0.09486513032270935,98.0,0.9750307726548829,0.03345361603089739,0.9750307726548829,0.02411522401773316,9.4,0.9781325467256694,0.029311263696145597,0.9781325467256694,0.043016481509310624,6.51,0.9861644513889614,0.01769632884739287,0.9861644513889614,0.012721262440254129,46.0,0.8179674976588168,0.17262403205996496,0.8179674976588168,0.16759324675366555,22.0,0.9821340239006827,0.023635962720661596,0.9821340239006827,0.02921687784090413,61.6,0.95439513353548,0.053936040292396764,0.95439513353548,0.050391445320743355
100.0,0.9827008051558614,0.022735932600573956,0.9827008051558614,0.02563942064129107,1631.0,0.9178832129640986,0.10422641455137022,0.9178832129640986,0.09486513032270935,69.0,0.9750307726548831,0.0334536160308974,0.9750307726548831,0.022145643779202237,6.2,0.9777745919217675,0.029849867562252743,0.9777745919217675,0.04416111346522525,25.89,0.9867169588690206,0.01694075930375115,0.9867169588690206,0.013074711262159935,55.0,0.8179674976588168,0.17262403205996496,0.8179674976588168,0.16822029867192484,37.3,0.9829876587230926,0.022616793256624124,0.9829876587230926,0.029056764263098375,55.3,0.952885868615786,0.055805552676201985,0.952885868615786,0.051989985533029186
19.2,0.9817275653900354,0.023980867241386688,0.9817275653900354,0.02722086712209471,1664.0,0.9116158982425713,0.11456559506948029,0.9116158982425713,0.11368522485865323,38.0,0.9740575328890568,0.03467777321071944,0.9740575328890568,0.021754138713164995,0.0,0.9772969613121073,0.030445917929320745,0.9772969613121073,0.04408068366901806,4.4,0.988178420029587,0.015178665608686996,0.988178420029587,0.011559294487051813,46.0,0.8206883985706892,0.1717027122009992,0.8206883985706892,0.16415036264257687,22.0,0.9829876587230926,0.022616793256624124,0.9829876587230926,0.029791087273682383,62.7,0.952885868615786,0.055805552676201985,0.952885868615786,0.05124156252594718
19.6,0.9803679216583605,0.026011829574955958,0.9803679216583605,0.030103910697334396,1515.0,0.9116158982425713,0.11456559506948029,0.9116158982425713,0.11472168885032662,59.0,0.9745045674761353,0.034256089833168905,0.9745045674761353,0.02262884795976557,10.2,0.9774750316620731,0.0302573394995692,0.9774750316620731,0.04268377375716951,3.56,0.9875028555571431,0.016016660092771584,0.9875028555571431,0.012401376090993366,47.0,0.8293294244650918,0.16222116903270514,0.8293294244650918,0.10218586794832074,21.6,0.9812072827056507,0.025147342150710097,0.9812072827056507,0.03569814292281615,65.5,0.9543185897604711,0.054735348019882654,0.9543185897604711,0.05155707367815505
64.7,0.9803679216583605,0.026011829574955597,0.9803679216583605,0.029401852285832922,1594.0,0.9129074274771002,0.11346745939019978,0.9129074274771002,0.11175081652367409,18.0,0.9742068921827531,0.03466641937577634,0.9742068921827531,0.0237621932588373,2.3,0.9791839119957426,0.027474298362083673,0.9791839119957426,0.03718233682200098,15.35,0.9888340501268714,0.014206080826289517,0.9888340501268714,0.011921300983450548,48.0,0.8297786059128056,0.16167184086169892,0.8297786059128056,0.10345706150209871,31.4,0.9816849133153108,0.0245462100171374,0.9816849133153108,0.03681273084308179,67.5,0.9530477036608747,0.0556524058214777,0.9530477036608747,0.05141013469758344
18.0,0.9803679216583605,0.026011829574955597,0.9803679216583605,0.028724663047017464,1558.0,0.9160440660395902,0.10971851479358397,0.9160440660395902,0.1085100455459803,20.0,0.9744296906057365,0.03440056934882192,0.9744296906057365,0.023847473383306114,0.0,0.9782106722299163,0.028709902070580412,0.9782106722299163,0.036669744534315436,4.02,0.9894328527626045,0.013508374316593453,0.9894328527626045,0.010357472663966447,43.0,0.8312878708324996,0.16026054930096242,0.8312878708324996,0.10312142808664779,21.6,0.9816849133153108,0.0245462100171374,0.9816849133153108,0.03519752748138295,62.7,0.9528497697980909,0.05586409159714342,0.9528497697980909,0.05289100483399486
69.4,0.9809057609161986,0.025434097180102158,0.9809057609161986,0.028700933781055128,1546.0,0.9140606225592044,0.11299501245309584,0.9140606225592044,0.11201841140829107,49.0,0.9757608851754648,0.03263961724123854,0.9757608851754648,0.022188972672244282,-3.9,0.977834668017167,0.029122161569718915,0.977834668017167,0.0360219481295726,15.06,0.9887572882901606,0.014348600090244188,0.9887572882901606,0.010919172355187504,49.0,0.833251583352846,0.15793932235594796,0.833251583352846,0.1023614314382979,31.4,0.9811324058352519,0.025293546666132975,0.9811324058352519,0.035205259210947415,68.2,0.9541809643678192,0.05417417436070594,0.9541809643678192,0.05125495672378024
44.3,0.9820570710319906,0.02400103675906187,0.9820570710319906,0.027462474243337694,1642.0,0.9158800385236731,0.1110489403239694,0.9158800385236731,0.11353538362220543,41.0,0.9751620825397319,0.03331570901731932,0.9751620825397319,0.022744562212107557,0.0,0.9789859781329591,0.027698112089815992,0.9789859781329591,0.03328953249580947,10.48,0.9892951275479988,0.013759339139472982,0.9892951275479988,0.010617278021903397,47.0,0.8361242495536999,0.15491118405793147,0.8361242495536999,0.09881666580572845,28.6,0.980456841362808,0.026118448682999708,0.980456841362808,0.03601445922637777,71.4,0.9554518504674155,0.05325388240198216,0.9554518504674155,0.05175079403610754
42.0,0.9824778033177578,0.023505094379223795,0.9824778033177578,0.02717125589304361,1617.0,0.9227457419596329,0.10021292057746842,0.9227457419596329,0.10047519965623743,34.0,0.9747860783269822,0.0337248383995974,0.9747860783269822,0.023600926610145984,4.7,0.978012738367133,0.028933232236206797,0.978012738367133,0.03450850340726103,10.19,0.9898476350280578,0.012999110723317076,0.9898476350280578,0.01039049878566685,50.0,0.8396239197245027,0.15316362696921748,0.8396239197245027,0.09822911039534757,28.6,0.9792930554956236,0.027435571601016052,0.9792930554956236,0.03720894060857367,71.8,0.9531654945003208,0.05528733512318555,0.9531654945003208,0.054384315573314926
37.3,0.9827006017407413,0.023234322719104816,0.9827006017407413,0.02787798711894552,1682.0,0.9223877871557309,0.10069225890729974,0.9223877871557309,0.09969564664003293,19.0,0.9728297788202096,0.03608972240015963,0.9728297788202096,0.02522378978480668,0.0,0.9774602308870738,0.02967518982622366,0.9774602308870738,0.035246078295647715,9.1,0.9886838491608734,0.014344880116247934,0.9886838491608734,0.01060028644576299,44.0,0.8441897521196013,0.1501122001407697,0.8441897521196013,0.09638759360095493,26.7,0.9792930554956236,0.027435571601016413,0.9792930554956236,0.036203757651423606,72.5,0.9508050450561545,0.057349417576925535,0.9508050450561545,0.05750891938508408
20.4,0.9819252958376988,0.02425364277573901,0.9819252958376988,0.0291146789882514,950.0,0.925397336898889,0.09694628879447618,0.925397336898889,0.09537242853378274,34.0,0.9724718240163076,0.0366227944621816,0.9724718240163076,0.02391552397024786,11.7,0.978012738367133,0.028933232236206797,0.978012738367133,0.03411908345807553,3.44,0.988058744223829,0.014975723114613718,0.988058744223829,0.009764371245206772,19.0,0.8467576298129125,0.14907235427455942,0.8467576298129125,0.09451282269687498,20.8,0.9783841018151159,0.02842055868747072,0.9783841018151159,0.034970285119903036,60.4,0.9506432100110659,0.057501870616412154,0.9506432100110659,0.057705499204704774
35.7,0.9808794586148875,0.025368474888803616,0.9808794586148875,0.030844516495581623,786.0,0.9256613092605249,0.09674690531056017,0.9256613092605249,0.09378430274391207,30.0,0.9739810889360017,0.03468155068001398,0.9739810889360017,0.021577248089078866,-6.2,0.9784334706529001,0.02844153801890043,0.9784334706529001,0.03469650568553669,3.91,0.9873831797513851,0.01581375228510554,0.9873831797513851,0.01132081699802501,4.0,0.843670422148753,0.1513543442472794,0.843670422148753,0.09627229417898342,20.0,0.9764278023083436,0.03080529448795461,0.9764278023083436,0.03717034342191629,54.5,0.9506432100110659,0.057501870616412154,0.9506432100110659,0.057541973595004514
36.1,0.9806566601919037,0.02563824034136751,0.9806566601919037,0.03127052676678811,796.0,0.9247111816413648,0.09756961675262266,0.9247111816413648,0.0934337519772425,32.0,0.9737262567493251,0.035007296720379104,0.9737262567493251,0.021174534601399727,1.6,0.9782355367901162,0.028664975996131634,0.9782355367901162,0.03399074974161125,4.18,0.9873831797513851,0.01581375228510554,0.9873831797513851,0.011690997956519636,0.0,0.8394615731997983,0.15504102709641754,0.8394615731997983,0.10145729067289265,20.4,0.9766506007313269,0.03053792141586257,0.9766506007313269,0.03898112304561851,59.2,0.9508411438738495,0.05729106975577065,0.9508411438738495,0.0557382114193677
40.0,0.9812817651289482,0.025019059453025072,0.9812817651289482,0.02944081893978323,798.0,0.9242335510317043,0.09809669695913466,0.9242335510317043,0.09623480662427587,53.0,0.973305524463558,0.035493669443289994,0.973305524463558,0.022490489205992736,2.3,0.9789216920476405,0.02794911518382754,0.9789216920476405,0.03483237663012363,4.34,0.986845340493547,0.01640072577656773,0.986845340493547,0.013030327266025137,8.0,0.8381019294681236,0.15655454523216647,0.8381019294681236,0.10625864047627367,20.4,0.9775610630152881,0.029258798157528625,0.9775610630152881,0.03890657737203638,56.1,0.9521542890347301,0.05578934996331439,0.9521542890347301,0.05482441331835493
56.5,0.9812817651289482,0.025019059453025072,0.9812817651289482,0.028218486562571858,1821.0,0.9227262086367642,0.09937238642121086,0.9227262086367642,0.09565469652986583,38.0,0.9729656190685035,0.03584052779971328,0.9729656190685035,0.021723303065333377,-0.8,0.9779062221801421,0.029121327346543255,0.9779062221801421,0.035189700083580536,15.87,0.9850259245290782,0.018705376486814498,0.9850259245290782,0.014340324498951403,17.0,0.8342990700232691,0.16102921576354995,0.8342990700232691,0.11691064631976333,32.9,0.9775610630152881,0.029258798157528625,0.9775610630152881,0.03851698268134206,63.1,0.95434079997806,0.052557187885933034,0.95434079997806,0.05251019010083263
59.6,0.9805211274481265,0.025866926206532373,0.9805211274481265,0.02921057197591756,1681.0,0.9214416646648074,0.1004088355989463,0.9214416646648074,0.09484627860318275,57.0,0.9735034583263414,0.03527280460131574,0.9735034583263414,0.021334870626942535,-3.9,0.978581786652586,0.028300737996367255,0.978581786652586,0.03311214411520732,15.01,0.9847710923424013,0.0190391552215611,0.9847710923424013,0.013084014441843036,28.0,0.8297727459625504,0.16396145793046588,0.8297727459625504,0.11833101094526054,31.4,0.9778158952019647,0.028930199034320484,0.9778158952019647,0.03785106253115803,68.2,0.9533253301105618,0.05367227519793373,0.9533253301105618,0.05434697666715885
55.7,0.9791899328783984,0.0276461094285943,0.9791899328783984,0.03131057231790999,1618.0,0.9238594693437086,0.09799910234648049,0.9238594693437086,0.09293394418693617,64.0,0.9728278938538977,0.03608409092435276,0.9728278938538977,0.022682198780876073,-3.1,0.9792374167498702,0.027346580167620427,0.9792374167498702,0.031886581297509146,11.68,0.9844734170490191,0.01945862807463349,0.9844734170490191,0.014655078843209601,34.0,0.8297727459625504,0.16396145793046588,0.8297727459625504,0.11833101094526054,29.8,0.9783684026820237,0.028187538471251092,0.9783684026820237,0.037499654167523946,69.0,0.9533253301105618,0.05367227519793373,0.9533253301105618,0.05434697666715885
85.5,0.9789919990156147,0.02786988987115209,0.9789919990156147,0.031731420909279676,1809.0,0.9282607175029959,0.0922113785984034,0.9282607175029959,0.08594829352710084,25.0,0.9736031997569402,0.03508399204786219,0.9736031997569402,0.022458981283821566,1.6,0.979492248936547,0.02701689393896782,0.979492248936547,0.03194728587285707,22.92,0.9838177869517349,0.020423339709176022,0.9838177869517349,0.01725903865792166,33.67243525896414,0.8281016459977678,0.16547137249538954,0.8281016459977678,0.11485327311488282,34.5,0.9770087589503491,0.03020546798809979,0.9770087589503491,0.04147104043092055,65.5,0.9550102150822841,0.052378867585081125,0.9550102150822841,0.054274023958031645
71.0,0.980323193585343,0.026091385279360325,0.980323193585343,0.028967560014833738,1490.0,0.9296203612346705,0.09038911748309714,0.9296203612346705,0.08251234128962648,63.0,0.9766127495000979,0.030892434356508496,0.9766127495000979,0.019597612084240046,-3.1,0.9781326052048723,0.029038859655271854,0.9781326052048723,0.033833972027006304,14.23,0.9833401563420746,0.021027831988961045,0.9833401563420746,0.017828912205067302,49.0,0.8287004486335008,0.1649994553490655,0.8287004486335008,0.1162875380360288,31.8,0.9756775643806208,0.03197210568297199,0.9756775643806208,0.04419514396208466,68.2,0.9579522011466632,0.04941651959434697,0.9579522011466632,0.05256177415875723
55.3,0.979412731301382,0.02737722165361604,0.979412731301382,0.032222850631700106,1769.0,0.9325142669990175,0.08583815449874549,0.9325142669990175,0.07599788747491765,51.0,0.9761351188904377,0.03148723155129002,0.9761351188904377,0.020387748564135694,0.8,0.98009105157228,0.026333769905988104,0.98009105157228,0.030013757865022046,14.04,0.9842491100225824,0.02003075983986475,0.9842491100225824,0.018078301961836032,55.0,0.8256908988903429,0.16803573651248863,0.8256908988903429,0.12067379850162192,31.0,0.9756775643806208,0.03197210568297199,0.9756775643806208,0.04408633434856975,69.0,0.9589676710141616,0.04829096148058351,0.9589676710141616,0.05123741153388696
58.8,0.9764031815582238,0.031592181352138794,0.9764031815582238,0.03880840897108204,1849.0,0.9336941783037332,0.08483395975073289,0.9336941783037332,0.07815644941067844,19.0,0.977466313460166,0.02971906438254115,0.977466313460166,0.020277198407227963,3.1,0.9805117838580472,0.02583986254317011,0.9805117838580472,0.02953451781218427,16.23,0.9846070648264844,0.019484875550186114,0.9846070648264844,0.018333850546733442,56.0,0.8235305474497303,0.1686937145109745,0.8235305474497303,0.11888661464091682,31.8,0.9739686840469511,0.03473694150489501,0.9739686840469511,0.049198518197826835,68.6,0.9589676710141618,0.048290961480583525,0.9589676710141618,0.050501555934682536
29.8,0.9766011154210076,0.03136977695872764,0.9766011154210076,0.04008202582257504,1525.0,0.9356493955114917,0.08290772275663999,0.9356493955114917,0.07675578262728919,20.0,0.9763150033443739,0.03113841908316095,0.9763150033443739,0.02324359384907291,1.6,0.9797364779550045,0.026854768402449207,0.9797364779550045,0.031025675541752253,4.13,0.984861897013161,0.019151269397409628,0.984861897013161,0.01764191171468691,55.0,0.8258277824326468,0.16795613421367564,0.8258277824326468,0.11554100417760016,20.8,0.9753283277786259,0.03273186996207053,0.9753283277786259,0.04492110640511754,70.6,0.9603273147458365,0.04633745044386553,0.9603273147458365,0.0494533797919783
38.8,0.9766011154210076,0.03136977695872764,0.9766011154210076,0.040771553164442614,1472.0,0.9343487261020035,0.08420030446395074,0.9343487261020035,0.0767515929864121,24.0,0.9768675108244331,0.030398197681509722,0.9768675108244331,0.02317929257213469,7.0,0.9804120424274486,0.026031006207052957,0.9804120424274486,0.031556779964226025,8.31,0.9845039422092591,0.019697419940536923,0.9845039422092591,0.017666588117904936,52.0,0.8299049250456517,0.16561614684914835,0.8299049250456517,0.11455783948095438,26.7,0.9766595223483542,0.030966931951352673,0.9766595223483542,0.042095863352565425,71.0,0.959163528878652,0.04760170991840049,0.959163528878652,0.051441679388957495
17.3,0.9759255509485637,0.032186502064827816,0.9759255509485637,0.04387184912067257,1395.0,0.9340635265600135,0.08443465644906377,0.9340635265600135,0.07583350803512179,28.0,0.9767056757793443,0.030559823294312644,0.9767056757793443,0.021911276342465487,14.8,0.9800360382146991,0.026445270837070833,0.9800360382146991,0.0324305370421286,3.57,0.9842811437862756,0.019969508340275877,0.9842811437862756,0.017196065718019807,41.0,0.8262342880202896,0.1683486106240748,0.8262342880202896,0.1149283366317835,20.8,0.9758058875259443,0.03197198252684585,0.9758058875259443,0.04289849611771456,67.1,0.9603570980557282,0.04671072031553761,0.9603570980557282,0.051774722816188765
32.2,0.9759255509485637,0.032186502064827816,0.9759255509485637,0.0442244006562939,796.0,0.9339364377406815,0.08453070879625486,0.9339364377406815,0.07576103831263883,30.0,0.9752442146187779,0.032277889009010775,0.9752442146187779,0.021596712836382526,7.0,0.9802141085646647,0.026255406015421714,0.9802141085646647,0.03139482760119191,3.63,0.9855818131957637,0.01851086741447038,0.9855818131957637,0.01621006818185549,28.0,0.8242805231975645,0.16927570209909198,0.8242805231975645,0.11695533810987971,20.0,0.9764309924629887,0.03136008188344276,0.9764309924629887,0.04462760535062505,65.5,0.9614698335339366,0.04586473229223043,0.9614698335339366,0.05250422210342828
70.6,0.9753267483128306,0.032862992787383374,0.9753267483128306,0.045366822474632355,1589.0,0.935661871262884,0.0827651818216788,0.935661871262884,0.0778506121578261,22.0,0.9752442146187779,0.032277889009010775,0.9752442146187779,0.02183335967457408,3.1,0.982334389977161,0.023375019482788254,0.982334389977161,0.028864596561806104,17.65,0.9867455990629482,0.017174340769341122,0.9867455990629482,0.016361572255766066,18.0,0.8242805231975645,0.16927570209909198,0.8242805231975645,0.11695533810987971,32.5,0.977117147720513,0.030647508809575338,0.977117147720513,0.045323246748769745,61.6,0.9624853034014348,0.044730910396927726,0.9624853034014348,0.04990583335860128
20.4,0.9757737828999093,0.032439886969112375,0.9757737828999093,0.04451831466455093,1883.0,0.9357987548051878,0.08265552089010539,0.9357987548051878,0.08086189377941985,76.0,0.976826656773436,0.029999093403718414,0.976826656773436,0.0196088171055842,-0.8,0.9821563196271953,0.023565837821120955,0.9821563196271953,0.029199039051811378,12.8,0.9872834383207862,0.016587850047494808,0.9872834383207862,0.015620568965141282,35.0,0.8264322218830733,0.1681953149736724,0.8264322218830733,0.11902750191012193,33.3,0.9778777854013344,0.0298064441921439,0.9778777854013344,0.04472831471265173,63.1,0.9632459410822564,0.043914280072864124,0.9632459410822564,0.04743458077881266
83.9,0.9759518532498751,0.03225198358339107,0.9759518532498751,0.043552634197712624,1837.0,0.9355689711196321,0.08281742365259642,0.9355689711196321,0.08015663361129208,79.0,0.9773148781681764,0.02950830394834604,0.9773148781681764,0.019735571648038984,0.0,0.9829316255302378,0.022545726177854095,0.9829316255302378,0.02905139624948384,22.66,0.9870286061341096,0.016922962667992685,0.9870286061341096,0.01395773426970387,44.0,0.8240267409285871,0.17039900909308023,0.8240267409285871,0.12067497184919945,34.5,0.9772221553040502,0.030757576182004344,0.9772221553040502,0.04563837452003483,65.5,0.9639215055547002,0.04311696658315181,0.9639215055547002,0.046533713963669336
22.4,0.9759518532498751,0.03225198358339107,0.9759518532498751,0.04461688191663618,2036.0,0.9360466017292923,0.0822748462214105,0.9360466017292923,0.07640275881026495,48.0,0.9773148781681764,0.02950830394834604,0.9773148781681764,0.019735571648038984,6.2,0.9833076297429874,0.022128686481334325,0.9833076297429874,0.02910787582082467,4.97,0.9870286061341096,0.016922962667992685,0.9870286061341096,0.01395773426970387,45.0,0.8195004168678685,0.17322177735712993,0.8195004168678685,0.1239900883126194,22.7,0.9789310356377198,0.027976155890211435,0.9789310356377198,0.040950813724814926,68.2,0.9629570860761778,0.04383253555001167,0.9629570860761778,0.04565270164577685
18.0,0.9759518532498751,0.03225198358339107,0.9759518532498751,0.045875639746129335,1464.0,0.9364045565331943,0.0817802209096312,0.9364045565331943,0.07623501753203478,22.0,0.9767623706881174,0.030249383368217583,0.9767623706881174,0.020473146536425662,10.2,0.9829677243479329,0.022483984005271747,0.9829677243479329,0.02903395411347958,3.38,0.9854461639794514,0.01924757141096669,0.9854461639794514,0.015548153752413712,39.0,0.8210828590225266,0.1715967740697542,0.8210828590225266,0.12589940726860116,21.2,0.979351767923487,0.027483565501954542,0.979351767923487,0.03768578375740615,64.3,0.962957086076178,0.043832535550011674,0.962957086076178,0.04598314174423207
30.2,0.9777322292673168,0.029748414248618755,0.9777322292673168,0.04388973501416854,824.0,0.9351038871237063,0.08307559950791381,0.9351038871237063,0.07662907884398208,29.0,0.9756110605723255,0.031667039131822776,0.9756110605723255,0.022322743642125425,-4.7,0.9826700490545507,0.022901624154493202,0.9826700490545507,0.030907752849003444,3.46,0.9845925291570415,0.02027230881438567,0.9845925291570415,0.016224814982295808,34.0,0.8208600605995431,0.1717808426325676,0.8208600605995431,0.12191086686103088,19.6,0.9788139286656489,0.028059212367566713,0.9788139286656489,0.036747843900345765,60.0,0.9621964483953565,0.044648964552742566,0.9621964483953565,0.048127616407580356
34.9,0.9777322292673168,0.029748414248618755,0.9777322292673168,0.04487323713962914,810.0,0.9340580499008947,0.08406890202999787,0.9340580499008947,0.07468968986353872,31.0,0.976924205733206,0.030087696351991926,0.976924205733206,0.021927270319715995,-7.8,0.9817595867705895,0.024193612942522248,0.9817595867705895,0.03304842608858998,3.93,0.9850701597667018,0.0196666545314311,0.9850701597667018,0.01628188755442589,5.0,0.8165218509707044,0.17525200675339733,0.8165218509707044,0.12240443153558815,20.0,0.9788139286656489,0.028059212367567067,0.9788139286656489,0.03758177370511019,56.5,0.9624192468183399,0.04438889944798801,0.9624192468183399,0.04597114474410653
36.1,0.9770460740097928,0.030462094257044135,0.9770460740097928,0.04353327459240006,812.0,0.9341766530932802,0.08398368623185327,0.9341766530932802,0.07699685210479432,34.0,0.976924205733206,0.030087696351991926,0.976924205733206,0.021927270319715995,0.0,0.9824351512430336,0.023366243336450876,0.9824351512430336,0.031228980704466152,3.92,0.9845925291570415,0.02027230881438531,0.9845925291570415,0.015377750028644494,0.0,0.8172527210472808,0.17514279386068493,0.8172527210472808,0.1223709256313022,20.4,0.9791718834695509,0.027519358133503993,0.9791718834695509,0.03729736906510283,59.6,0.9640698215543864,0.04298064147801931,0.9640698215543864,0.04477802476024691
65.9,0.9746405930553066,0.03357262168494594,0.9746405930553066,0.04584291827440841,1965.0,0.9355793628209796,0.08273187630855576,0.9355793628209796,0.0777680516584074,54.0,0.976924205733206,0.030087696351991926,0.976924205733206,0.021927270319715995,3.1,0.9820591470302841,0.023782424184837957,0.9820591470302841,0.031399609393866254,20.16,0.983817223253999,0.02129599579444234,0.983817223253999,0.014189067654046303,12.0,0.8199582626865556,0.17412314738217508,0.8199582626865556,0.12452667547921373,31.4,0.9791718834695509,0.027519358133503993,0.9791718834695509,0.036462657383129676,52.9,0.9655790864740804,0.04106708270815177,0.9655790864740804,0.041576346626418716
20.4,0.9735357815103087,0.035249600055319893,0.9735357815103087,0.04779180224883074,2240.0,0.9333773713024893,0.08507435763566162,0.9333773713024893,0.08014847353233702,51.0,0.9757604198660216,0.03139511556087842,0.9757604198660216,0.0230362859118068,5.5,0.9820591470302841,0.023782424184837957,0.9820591470302841,0.031399609393866254,5.98,0.983817223253999,0.02129599579444234,0.983817223253999,0.014189067654046303,21.0,0.8218702643141027,0.17356595213024423,0.8218702643141027,0.126512880067015,23.9,0.9794267156562276,0.02718973988099519,0.9794267156562276,0.03517346962759616,72.9,0.9658767617674628,0.04066254770047303,0.9658767617674628,0.042579563630308404
51.8,0.9733129830873252,0.03551499740038076,0.9733129830873252,0.04723769704616229,1915.0,0.9346780407119778,0.0837845795028245,0.9346780407119778,0.0809168272148075,30.0,0.9763129273460806,0.030655479764286078,0.9763129273460806,0.024023239495948315,3.1,0.9820591470302841,0.023782424184837957,0.9820591470302841,0.031399609393866254,15.18,0.9826659131382071,0.022734894120941103,0.9826659131382071,0.015509488131835324,17.0,0.8194647833596166,0.17573629950019476,0.8194647833596166,0.12425337254883452,31.0,0.9786036768563996,0.028029958611816286,0.9786036768563996,0.03458165916507014,69.8,0.9658767617674628,0.04066254770047303,0.9658767617674628,0.04171831387906064
42.0,0.9742219367678329,0.03454201053988552,0.9742219367678329,0.0451447324243273,760.0,0.9344140683503417,0.08399010150851888,0.9344140683503417,0.0817008428394348,58.0,0.9771665621684903,0.029648727285418737,0.9771665621684903,0.023472542779603114,3.9,0.9816099655825703,0.024525328740287098,0.9816099655825703,0.03153780751810131,5.93,0.9828439834881729,0.022543821785429293,0.9828439834881729,0.01577424563414572,26.0,0.8194647833596166,0.17573629950019476,0.8194647833596166,0.1266453300976951,28.6,0.9786036768563997,0.02802995861181629,0.9786036768563997,0.03492390651289211,61.2,0.966892231634961,0.03951762227543361,0.966892231634961,0.038393893045453466
20.0,0.9746426690536001,0.03405474021197915,0.9746426690536001,0.04449690951569257,1733.0,0.9325700316357536,0.08583542138327663,0.9325700316357536,0.08174888830359527,35.0,0.9777190696485495,0.028906987598998943,0.9777190696485495,0.022160325743541123,-1.6,0.9825204278665313,0.02323385117918927,0.9825204278665313,0.02981995482264326,4.64,0.9815127889184448,0.02433189284720924,0.9815127889184448,0.016486715504095615,36.0,0.8179184219384107,0.17681521864335661,0.8179184219384107,0.1273524603246477,22.4,0.9781260462467393,0.028627427608094932,0.9781260462467393,0.03671935748459945,62.0,0.9655610370652329,0.041252264104616895,0.9655610370652329,0.040232330864321424
38.0,0.9739565137960758,0.034762999583569834,0.9739565137960758,0.04533986051854434,1887.0,0.9334789853162614,0.08495500800786122,0.9334789853162614,0.08019514785639179,20.0,0.9788828555157337,0.027593835403456092,0.9788828555157337,0.022571674470996658,0.0,0.9826984982164972,0.023042898777131074,0.9826984982164972,0.029760520208885054,10.83,0.9818707437223467,0.023789134789268453,0.9818707437223467,0.015340821433724202,42.0,0.8128697817483737,0.1803491406298798,0.8128697817483737,0.1285559801731996,29.4,0.978380878433416,0.02829846531563899,0.978380878433416,0.03634465014643522,72.5,0.9646505747812719,0.042503688314217664,0.9646505747812719,0.0433978888829341
35.7,0.9739565137960758,0.03476299958357019,0.9739565137960758,0.04413056154242556,853.0,0.9334789853162614,0.08495500800786122,0.9334789853162614,0.08019514785639179,31.0,0.9788828555157337,0.027593835403456092,0.9788828555157337,0.02319323814037738,3.1,0.9832363374743354,0.02246210105251592,0.9832363374743354,0.029393311699864262,4.09,0.9826313814031681,0.022938437105398012,0.9826313814031681,0.015093834385427697,35.0,0.817314353149739,0.17761193415804974,0.817314353149739,0.12810329760587208,20.0,0.9792913407173772,0.027014893286328744,0.9792913407173772,0.03368136398553011,56.1,0.9637969399588622,0.04348549093246556,0.9637969399588622,0.04603791392060263
39.2,0.9748669760800368,0.03349150833591705,0.9748669760800368,0.04275532822714355,768.0,0.9334789853162614,0.08495500800786122,0.9334789853162614,0.08019514785639179,33.0,0.9788828555157337,0.027593835403456092,0.9788828555157337,0.022180106537238484,-4.7,0.9836570697601025,0.021964880200114167,0.9836570697601025,0.02977371217255031,4.32,0.9828541798261519,0.022667492980620128,0.9828541798261519,0.015486031039037248,24.0,0.8201341515225187,0.17645938680013382,0.8201341515225187,0.12558068702438513,20.4,0.9795890160107594,0.02659998676386027,0.9795890160107594,0.03294376304601657,58.4,0.9642745705685224,0.04290454607383767,0.9642745705685224,0.04370834687192098
45.1,0.9744462437942697,0.033979140700380085,0.9744462437942697,0.04465234547619187,924.0,0.9367342270711366,0.08092282553548742,0.9367342270711366,0.07514373036917021,62.0,0.9785429501206793,0.027945566857797994,0.9785429501206793,0.02179388419101195,-3.9,0.9826838299942762,0.02321183419550814,0.9826838299942762,0.030082597508428503,8.03,0.9834529824618847,0.0219792626616506,0.9834529824618847,0.014427737778465503,29.0,0.8233882169683223,0.17488701854638275,0.8233882169683223,0.1270370790746984,27.5,0.9811873607136299,0.024741171870570042,0.9811873607136299,0.030928659816631628,60.4,0.9626921284138642,0.04513157511022642,0.9626921284138642,0.04570041852319535
48.04087253229344,0.9734961161751096,0.034916667753846685,0.9734961161751096,0.043609694944244846,838.0,0.9396281328354836,0.07630361642934504,0.9396281328354836,0.0688500356189446,27.0,0.9795584199881776,0.026771332767892835,0.9795584199881776,0.020893824431552292,3.1,0.9802993851881628,0.026836863822987514,0.9802993851881628,0.0354400105664029,3.98,0.984426222227711,0.02073007790741904,0.984426222227711,0.013224868075999355,5.0,0.8277026461108874,0.17207588287533593,0.8277026461108874,0.12397453827891879,20.0,0.9816080929993971,0.024246004095366713,0.9816080929993971,0.029542964137950493,56.5,0.9611828634941701,0.04703264678148406,0.9611828634941701,0.04754889116180309
49.0,0.9726253192263478,0.03572718458084968,0.9726253192263478,0.04422985900055536,1618.0,0.939373300648807,0.07660593017572064,0.939373300648807,0.06712742572276739,21.0,0.9801572226239107,0.02608801027162863,0.9801572226239107,0.0207105000966341,4.7,0.9784799692236942,0.02910642694162247,0.9784799692236942,0.03820760707145596,12.75,0.984426222227711,0.02073007790741904,0.984426222227711,0.013224868075999355,19.0,0.8335057495027257,0.1669802074712378,0.8335057495027257,0.11491099777730127,30.6,0.9816080929993971,0.024246004095366713,0.9816080929993971,0.029542964137950493,62.7,0.9600780519491722,0.04866991308369711,0.9600780519491722,0.050258070338864334
67.5,0.9709677773119714,0.03743020530600148,0.9709677773119714,0.046027539100777164,1818.0,0.9396372730104429,0.07639699153322221,0.9396372730104429,0.06976096481812664,24.0,0.9791417527564124,0.02726370479266154,0.9791417527564124,0.02341769845497602,-4.7,0.9786779030864777,0.028883019547051553,0.9786779030864777,0.03969862640616973,18.61,0.9852015281307535,0.019705291283940295,0.9852015281307535,0.013509512395122995,31.0,0.8335057495027257,0.1669802074712378,0.8335057495027257,0.11934205430974182,32.9,0.9820288252851642,0.023750402752799823,0.9820288252851642,0.029926317007839376,67.8,0.9589142660819879,0.049930987475251896,0.9589142660819879,0.05163595182038376
61.6,0.9704152698319124,0.03816174388659678,0.9704152698319124,0.047276531110933245,1550.0,0.9410650312392632,0.07498676009959493,0.9410650312392632,0.06830374181319109,53.0,0.9791417527564124,0.02726370479266154,0.9791417527564124,0.023985455534961838,3.9,0.978479969223694,0.029106426941622455,0.978479969223694,0.04128248938548724,13.75,0.984426222227711,0.02073007790741904,0.984426222227711,0.013036283710485876,36.0,0.8308193502982179,0.16818504847696095,0.8308193502982179,0.12206166667741798,31.0,0.9813731951878798,0.024709787501852067,0.9813731951878798,0.031401070097241884,69.0,0.9556812491912828,0.05351482049991745,0.9556812491912828,0.05693912313929274
87.5,0.9707129451252946,0.0377541656559593,0.9707129451252946,0.0462168241796387,1343.0,0.9404909078328524,0.07547163225355262,0.9404909078328524,0.06859995163873987,23.0,0.9804548979172929,0.025672440994776873,0.9804548979172929,0.02066604527752496,-4.7,0.9790324767037532,0.0283633396117339,0.9790324767037532,0.04318449989932686,16.72,0.9842481518777451,0.020921799122823888,0.9842481518777451,0.014194447290732277,42.0,0.830300375139795,0.16828124176324954,0.830300375139795,0.12185099397571875,32.5,0.9809261606008015,0.025139013727332075,0.9809261606008015,0.032342466569005246,60.8,0.9543681040304025,0.055025805274708565,0.9543681040304025,0.06078777942092334
34.1,0.9707129451252946,0.0377541656559593,0.9707129451252946,0.044729225336843266,813.0,0.938671491868384,0.0775506399482599,0.938671491868384,0.06687622332078308,32.0,0.9818145416489675,0.023640821685200916,0.9818145416489675,0.01939142586388908,-2.3,0.9798077826067956,0.02735038764114685,0.9798077826067956,0.0415617910936208,4.97,0.982916957308017,0.02271470925612604,0.982916957308017,0.013994380741662406,19.0,0.8320092554734647,0.16621790169484332,0.8320092554734647,0.11657340519183063,22.0,0.9802505961283576,0.02596384132244456,0.9802505961283576,0.03255342642381881,68.2,0.9556992986001304,0.053331781334333264,0.9556992986001304,0.06045507090313891
36.5,0.9716861848911209,0.0365375302622591,0.9716861848911209,0.04160826704935774,794.0,0.9347317488812253,0.08315598287472602,0.9347317488812253,0.07131807817108338,46.0,0.9822352739347348,0.02314485244817772,0.9822352739347348,0.020133623599903352,1.6,0.9780274065893538,0.029863868633260498,0.9780274065893538,0.046552023803950175,3.82,0.9817656471922249,0.024150581915912576,0.9817656471922249,0.013728500704124898,9.0,0.8288925512861344,0.17012350781678412,0.8288925512861344,0.11752133688813168,20.0,0.9800277977053741,0.026233291072436948,0.9800277977053741,0.03121751828765566,57.6,0.9565064348517461,0.05210493575861132,0.9565064348517461,0.057854185120933724
67.1,0.9720621891038703,0.03613087269465678,0.9720621891038703,0.04074921295313717,2092.0,0.9347317488812253,0.08315598287472602,0.9347317488812253,0.07412501336524015,61.0,0.9822352739347348,0.02314485244817772,0.9822352739347348,0.020133623599903352,-0.8,0.9782253404521372,0.02964072328602032,0.9782253404521372,0.0448308496457461,25.12,0.9817656471922249,0.024150581915911858,0.9817656471922249,0.015841874575962193,23.0,0.8312485340612916,0.16920715963988858,0.8312485340612916,0.11956154384663405,35.3,0.9802826298920508,0.02590303784483941,0.9802826298920508,0.032289086793764146,63.1,0.9556992986001306,0.05333178133433292,0.9556992986001306,0.059879391790144954
80.0,0.9700023392288711,0.03831606025830158,0.9700023392288711,0.04237817410894333,2161.0,0.9336859116584137,0.08414872570844964,0.9336859116584137,0.07558078880761095,52.0,0.9807738127741682,0.024884208913033955,0.9807738127741682,0.022527990102113142,-5.5,0.9810980066529913,0.025535674214501647,0.9810980066529913,0.03958710817583085,26.67,0.982916957308017,0.02271470925612604,0.982916957308017,0.0161077546134997,32.0,0.8308916615564038,0.16939200377025296,0.8308916615564038,0.12441986335917027,35.7,0.9805054283150343,0.02563343988634426,0.9805054283150343,0.03362499492992729,67.1,0.9561875199948711,0.052864176799235794,0.9561875199948711,0.05886936561035115
89.4,0.9678436757814596,0.04056047750708854,0.9678436757814596,0.043216578454218516,1721.0,0.9349774408929429,0.08297420706773895,0.9349774408929429,0.07610901931298625,71.0,0.9794426182044399,0.026665203205643324,0.9794426182044399,0.024319538325334435,-3.9,0.9826804488076495,0.02323172148002893,0.9826804488076495,0.036180937053503025,19.26,0.984426222227711,0.02073007790741904,0.984426222227711,0.013304468571033842,41.0,0.8270264138615525,0.17169339917145107,0.8270264138615525,0.1249518954635877,32.9,0.9807282267380178,0.025363716731872682,0.9807282267380178,0.0317525486033985,63.9,0.9569481576756926,0.052059819556834676,0.9569481576756926,0.05660365585681995
35.3,0.9687526294619673,0.03959806512340452,0.9687526294619673,0.04079413387045527,2075.0,0.933872629347945,0.08452132306152119,0.933872629347945,0.07680973492342572,34.0,0.9808022619361146,0.02463713018982491,0.9808022619361146,0.022187887305278098,-1.6,0.9820048843352058,0.024059398313843374,0.9820048843352058,0.03769475687740171,6.41,0.9842481518777448,0.02092179912282424,0.9842481518777448,0.01356477802941422,38.0,0.8283550737472332,0.17117398489805094,0.8283550737472332,0.12219402874421148,22.7,0.9809261606008015,0.025139013727331714,0.9809261606008015,0.030422462269270173,67.1,0.9589066040431004,0.04946285722420159,0.9589066040431004,0.053147308383958675
29.8,0.9693051369420265,0.03886867286622009,0.9693051369420265,0.03957129628099144,843.0,0.932721319232153,0.08580654266667438,0.932721319232153,0.07527621377032864,32.0,0.9817112156166223,0.023646074312641534,0.9817112156166223,0.02108353437654084,1.6,0.9815166629404652,0.02455539437981607,0.9815166629404652,0.03708532272745952,3.36,0.9818637070716316,0.024558340670410145,0.9818637070716316,0.016465398840632417,31.0,0.8287130285511352,0.17078236864679194,0.8287130285511352,0.12101020733071996,19.2,0.9783636454447221,0.02894172728584596,0.9783636454447221,0.03448345224555682,60.0,0.9602662477747751,0.04751114076818628,0.9602662477747751,0.051529316334561356
38.8,0.9702155992259874,0.03760741570292709,0.9702155992259874,0.04144491954781241,802.0,0.9305193277136629,0.08813339956724557,0.9305193277136629,0.07694463893299378,31.0,0.9810861106795781,0.024266414553817475,0.9810861106795781,0.02185285993234793,-3.9,0.9809788236826273,0.02513398565081517,0.9809788236826273,0.03645757535754838,4.03,0.9814877028588821,0.02497381242841255,0.9814877028588821,0.01716929269382808,8.0,0.8249788877109682,0.1735012078401776,0.8249788877109682,0.12416704013941854,20.4,0.9789014847025601,0.028366844422140037,0.9789014847025601,0.03513417846958124,56.5,0.9577037326186957,0.051171052421079374,0.9577037326186957,0.057012601284105874
52.9,0.9695400347535436,0.038414168853483546,0.9695400347535436,0.04402931073212115,1922.0,0.9289850656809907,0.09084615118567124,0.9289850656809907,0.0794675613705603,58.0,0.9815637412892382,0.023664930772881464,0.9815637412892382,0.022549110752580606,3.1,0.9819520634484532,0.023891179833822173,0.9819520634484532,0.033950390877243546,5.27,0.9814877028588821,0.024973812428412907,0.9814877028588821,0.01817615204336579,13.0,0.8235676826706808,0.17523392914145483,0.8235676826706808,0.12470854122471636,30.2,0.9798119469865211,0.027082625620024336,0.9798119469865211,0.034930798982230046,66.7,0.9567932703347347,0.05240221800311863,0.9567932703347347,0.05930875077830565
20.4,0.9695400347535436,0.038414168853483546,0.9695400347535436,0.043212120762156934,2390.0,0.9275573074521704,0.09221093641658118,0.9275573074521704,0.0812841884415949,77.0,0.9821015805470763,0.023085173321130345,0.9821015805470763,0.021918380348864563,-1.6,0.982759199700069,0.022604021879642573,0.982759199700069,0.03082016156528278,6.4,0.9801745576980014,0.026567761855253343,0.9801745576980014,0.01795942114659389,28.0,0.827864298162727,0.1706388229112974,0.827864298162727,0.11885261073026882,25.1,0.9798119469865211,0.027082625620023976,0.9798119469865211,0.034264340529209236,74.1,0.9545246729225523,0.05527354213392665,0.9545246729225523,0.06412753330989311
19.6,0.9692423594601611,0.038821023818642504,0.9692423594601611,0.04374019753580808,2147.0,0.9275573074521704,0.09221093641658118,0.9275573074521704,0.08207934466260373,79.0,0.9814260160746324,0.02391244423809757,0.9814260160746324,0.020749811049290908,3.9,0.9810503193663993,0.025406061025748373,0.9810503193663993,0.03512584930230245,5.87,0.9805144630930559,0.02621493399853342,0.9805144630930559,0.0176499625474479,37.0,0.8259109021264117,0.17127121837942738,0.8259109021264117,0.12159749606980516,23.5,0.9807224092704823,0.02579597113816878,0.9807224092704823,0.03313274512281956,62.0,0.9518003227213845,0.05904155101331429,0.9518003227213845,0.07195477376036559
90.2,0.9716268042662747,0.03526774407358144,0.9716268042662747,0.038283993355614526,2015.0,0.9297592989706602,0.08990247712552578,0.9297592989706602,0.07795054419614708,19.0,0.9830243607775029,0.022045609819598293,0.9830243607775029,0.018796996781404788,1.6,0.9819607816503603,0.02411616238968071,0.9819607816503603,0.03366996619452267,26.93,0.9808904673058055,0.025800368983734914,0.9808904673058055,0.0169521352015507,43.0,0.8219578430466875,0.17355110552697897,0.8219578430466875,0.12519386745473893,36.1,0.9804675770838055,0.026126406425769483,0.9804675770838055,0.03418825002461846,65.1,0.9508898604374233,0.06025698976118547,0.9508898604374233,0.07536836693558017
56.1,0.9734071802837164,0.03278129754381624,0.9734071802837164,0.03403307154185575,1621.0,0.9266226604081704,0.09378578227457196,0.9266226604081704,0.07976453481025272,45.0,0.983382315581405,0.021501156371157567,0.983382315581405,0.0169929939254146,3.9,0.9817059494636837,0.02444746788349705,0.9817059494636837,0.03466287645552999,11.6,0.9812484221097073,0.025258502075344677,0.9812484221097073,0.01739821067107744,46.0,0.821247412485489,0.1736697330267355,0.821247412485489,0.12521900085043408,30.2,0.9806903755067891,0.025856806151126954,0.9806903755067891,0.03473920222071078,70.6,0.9502910578016904,0.06089741193920999,0.9502910578016904,0.0763754268372247
38.0,0.9741824861867591,0.03177793876050379,0.9741824861867591,0.032281840789182364,1553.0,0.9266226604081704,0.09378578227457196,0.9266226604081704,0.07976453481025272,20.0,0.9831843817186213,0.02172717972294674,0.9831843817186213,0.018543544466373983,4.7,0.9817059494636837,0.02444746788349705,0.9817059494636837,0.03466287645552999,8.65,0.9818009295897665,0.024511054005727336,0.9818009295897665,0.017736580837114487,45.0,0.8196490677826185,0.17492077429018504,0.8196490677826185,0.12166338223040339,27.1,0.9822887202096594,0.023994596075044325,0.9822887202096594,0.03242781247081207,71.0,0.9454429451794457,0.06725777366372922,0.9454429451794457,0.08692277321323413
19.6,0.9741824861867593,0.03177793876050344,0.9741824861867593,0.03329456559415791,944.0,0.9263769683964529,0.09396267519673443,0.9263769683964529,0.077823172235756,33.0,0.9824090758155788,0.022748208516398444,0.9824090758155788,0.020691451543007142,9.4,0.9814207499216938,0.024713603489719835,0.9814207499216938,0.03390843439366205,3.75,0.9814249253770169,0.024926516096197452,0.9814249253770169,0.017976200652704468,39.0,0.8182378627423312,0.17663598736418543,0.8182378627423312,0.12614183056091335,22.0,0.9817508809518215,0.02457397093665687,0.9817508809518215,0.032178867632263915,60.0,0.9437718452146634,0.0692360442523687,0.9437718452146634,0.09004432854220094
33.3,0.9727210250261924,0.0334894952783064,0.9727210250261924,0.03525311021468811,806.0,0.924719426482077,0.09547444004482562,0.924719426482077,0.07604113700535278,31.0,0.9804506294481711,0.02546710564483435,0.9804506294481711,0.024859922426848098,-2.3,0.9814207499216938,0.024713603489719835,0.9814207499216938,0.03510221107460332,3.37,0.9804094555095185,0.026105004489103058,0.9804094555095185,0.017092257273227083,42.0,0.8134320091813706,0.18398801467484838,0.8134320091813706,0.20612457535676054,19.6,0.9779480215069669,0.030556568626126292,0.9779480215069669,0.03930788326294009,53.7,0.9421007452498806,0.07120688815487285,0.9421007452498806,0.09117435975043221
70.2,0.9727210250261924,0.0334894952783064,0.9727210250261924,0.034610960473164955,2018.0,0.9264448600042795,0.09374981979877374,0.9264448600042795,0.07739596109464857,35.0,0.9786702534307291,0.027985723776463606,0.9786702534307291,0.026161867715541767,-1.6,0.9802874892147493,0.026271728784590203,0.9802874892147493,0.03814355136576292,17.21,0.9809619629895777,0.025358696495318734,0.9809619629895777,0.01791774446909275,9.0,0.8125018159373701,0.18535547718030493,0.8125018159373701,0.20450897731643453,30.2,0.9783240257197164,0.030144810264262457,0.9783240257197164,0.040376353810788274,54.9,0.9403203692324388,0.0735366790726634,0.9403203692324388,0.09367698559612207
25.1,0.9720454605537485,0.03430132824379388,0.9720454605537485,0.03596485118824176,1445.0,0.9264448600042793,0.09374981979877338,0.9264448600042793,0.07251337751394778,20.0,0.9786702534307291,0.027985723776463606,0.9786702534307291,0.025695975823292402,5.5,0.9801094188647835,0.026461605571579266,0.9801094188647835,0.03806910426033551,11.83,0.9821132731053697,0.023925462148672947,0.9821132731053697,0.017755223297456792,19.0,0.8131058847260418,0.18457075643892457,0.8131058847260418,0.20323784282994076,31.0,0.9785468241427,0.02987674038539329,0.9785468241427,0.03877564076549516,68.2,0.9400975708094552,0.07378338748195717,0.9400975708094552,0.09589275878565813
69.8,0.9727316158112728,0.03359422788941065,0.9727316158112728,0.03589916848592049,1928.0,0.9284000772120379,0.09186009006131343,0.9284000772120379,0.07129940396927627,63.0,0.980628699798137,0.025276978798524575,0.980628699798137,0.02193313640682145,1.6,0.9801094188647835,0.026461605571579266,0.9801094188647835,0.037082907499205106,21.46,0.982453178500424,0.02357098577264211,0.982453178500424,0.017274893005206106,33.0,0.8173805905400756,0.18118586788938085,0.8173805905400756,0.19863349302109332,33.7,0.9794557778232076,0.028892933472188163,0.9794557778232076,0.03825396706225554,67.5,0.9402955046722389,0.07357861968003082,0.9402955046722389,0.09507443384924798
20.8,0.9729544142342561,0.03332855880461982,0.9729544142342561,0.03649274850808441,2071.0,0.9299464386332436,0.09040935597789576,0.9299464386332436,0.07271053473270161,52.0,0.9810494320839042,0.024782334803519056,0.9810494320839042,0.02207464539631554,2.3,0.9814100882742717,0.025017978167585702,0.9814100882742717,0.03540087816531426,10.15,0.9830519811361571,0.022883598022787756,0.9830519811361571,0.017630416835783824,36.0,0.8113604108506868,0.18605666051125289,0.8113604108506868,0.20527709984529569,31.4,0.9789781472135473,0.02949052594857438,0.9789781472135473,0.03899015276489756,63.5,0.9418047695919329,0.07176464691384239,0.9418047695919329,0.08949478715927632
57.6,0.9741398379158416,0.03228197906814104,0.9741398379158416,0.03687425554900732,1862.0,0.9291711327302011,0.09131588361223363,0.9291711327302011,0.07178596233503795,19.0,0.9813042642705807,0.02445134628618433,0.9813042642705807,0.023323758594845683,-1.6,0.9829193531939657,0.023040033741138017,0.9829193531939657,0.03247051716200339,16.04,0.9844631861764442,0.020490442976997533,0.9844631861764442,0.013618014417707372,40.0,0.8094852597561717,0.18651745277224527,0.8094852597561717,0.20282830011381642,31.8,0.9779323099907359,0.030596258522332807,0.9779323099907359,0.04036835566566225,68.6,0.9439250510044291,0.0691038752052103,0.9439250510044291,0.08531092348279876
52.5,0.9743377717786251,0.032060259994115416,0.9743377717786251,0.036260873385336276,1345.0,0.9289413490446453,0.09147420919735774,0.9289413490446453,0.06949384661655615,25.0,0.9799911191097002,0.026045684052926107,0.9799911191097002,0.02678683442654172,3.9,0.9833969838036258,0.022436786549354583,0.9833969838036258,0.031603659788148705,10.93,0.9836878802734018,0.0215138193866031,0.9836878802734018,0.014151645082607961,45.0,0.8073249083155591,0.18709570571997358,0.8073249083155591,0.2059586990328964,29.4,0.9779323099907359,0.03059625852233316,0.9779323099907359,0.040599165247359535,67.8,0.9462664492887171,0.06510578111674455,0.9462664492887171,0.07521775416227353
18.4,0.9745357056414086,0.03183844817191735,0.9745357056414086,0.035855066183098486,1480.0,0.9289413490446453,0.09147420919735774,0.9289413490446453,0.0708930414188662,51.0,0.9790806568257392,0.027331110490011867,0.9790806568257392,0.029130620876961007,13.3,0.9820657892338976,0.024226044303687886,0.9820657892338976,0.03467254074959317,3.99,0.9848391903891939,0.02007194187414771,0.9848391903891939,0.012752468087925992,47.0,0.8021163578110869,0.19050066664642956,0.8021163578110869,0.21218625372497377,21.2,0.9785574149277804,0.02998205679654347,0.9785574149277804,0.03874168818345682,65.1,0.9477279104492835,0.06349230587747687,0.9477279104492835,0.06995886424445494
82.4,0.9758953493730832,0.029828110651598617,0.9758953493730832,0.03315540842944724,1593.0,0.9286436737512631,0.09184600987125291,0.9286436737512631,0.07387830885341626,24.0,0.9800538965915653,0.0260929876473753,0.9800538965915653,0.025779709057766283,-4.7,0.9816450569481305,0.024721461302789877,0.9816450569481305,0.03633703686650859,20.67,0.9856144962922363,0.019046193888182735,0.9856144962922363,0.013083905694417891,48.0,0.801078829386312,0.1906324458971142,0.801078829386312,0.20952987475528165,34.1,0.9775841751619541,0.031214340057106594,0.9775841751619541,0.041685746718805594,65.9,0.9475299765865002,0.06370104302549497,0.9475299765865002,0.07077718918086509
38.0,0.9761930246664656,0.02941555766026054,0.9761930246664656,0.033531653128871575,1594.0,0.9279509471524671,0.09239629333634441,0.9279509471524671,0.0738055332774788,26.0,0.9816363387462235,0.023792470397285548,0.9816363387462235,0.024869743889095006,3.1,0.9806718171823042,0.025963040183624195,0.9806718171823042,0.03867832032844787,14.18,0.9865877360580626,0.01779127458406509,0.9865877360580626,0.013232685575715768,47.0,0.8022097375436992,0.19022085636025088,0.8022097375436992,0.2035737697090141,31.0,0.9773613767389705,0.031481827920742965,0.9773613767389705,0.04260332992892707,75.3,0.9457496005690583,0.0660599369460296,0.9457496005690583,0.07462986167611854
62.0,0.9769683305695083,0.028406507303390848,0.9769683305695083,0.03180510336615902,1588.0,0.9289329245943992,0.09160457827104512,0.9289329245943992,0.07459848496584724,52.0,0.9810838312661643,0.024540192916387562,0.9810838312661643,0.026059250967539534,-0.8,0.9803138623784025,0.02650432056451947,0.9803138623784025,0.04078186310818341,14.39,0.9854364259422705,0.019238459841127098,0.9854364259422705,0.014631862570397737,51.0,0.8038946225154215,0.1894517831342768,0.8038946225154215,0.20093872155791323,31.4,0.9763155395161591,0.03258349742070692,0.9763155395161591,0.04262973378747646,67.8,0.9459475344318418,0.06585213566159978,0.9459475344318418,0.07223823417995986
17.3,0.9775061698273462,0.027832194623924163,0.9775061698273462,0.032292303980483175,1677.0,0.9310163129205039,0.0893748108990775,0.9310163129205039,0.07674737835095713,20.0,0.981859137169207,0.023522004950954054,0.981859137169207,0.023808244047655996,0.0,0.9800590301917257,0.026834428442882904,0.9800590301917257,0.041611864660394265,4.56,0.9858124301550201,0.01881905199507229,0.9858124301550201,0.013081875861567253,45.0,0.8054038874351154,0.18815521495241688,0.8054038874351154,0.19774412484106815,22.0,0.9761176056533754,0.0328055869823133,0.9761176056533754,0.04173373399286252,76.1,0.9476186343966245,0.06386277054436298,0.9476186343966245,0.07000498196693582
56.5,0.9773082359645628,0.028055533270062032,0.9773082359645628,0.032981578083394185,2114.0,0.9308892241011718,0.08946980040801054,0.9308892241011718,0.07779296430608879,75.0,0.9829923978761514,0.021958113492978944,0.9829923978761514,0.021474669679442844,5.5,0.9795813995820655,0.027433409724061962,0.9795813995820655,0.04244406341207176,17.36,0.9862900607646804,0.018211919218422305,0.9862900607646804,0.013141202535034301,35.0,0.8030194426290018,0.19061377729725743,0.8030194426290018,0.19657056225314143,34.1,0.9767931701258192,0.03198912096131022,0.9767931701258192,0.042137359567440136,62.0,0.9485290966805855,0.06265537097196676,0.9485290966805855,0.07102175446488522
100.0,0.9765329300615201,0.029065229093106316,0.9765329300615201,0.034791781251463774,2515.0,0.9292316821867956,0.09099857739655555,0.9292316821867956,0.07696218141211014,20.0,0.9835449053562106,0.02120743219484874,0.9835449053562106,0.02010095181753474,0.8,0.9795813995820655,0.027433409724061962,0.9795813995820655,0.04062463868914552,40.75,0.9874413708804723,0.01676224460268109,0.9874413708804723,0.011941599749921449,56.0,0.8053608409132896,0.18762092058299792,0.8053608409132896,0.1906453542503472,40.4,0.9778390073486306,0.030886242568108516,0.9778390073486306,0.040582082007959736,63.9,0.9489498289663526,0.06219421307675626,0.9489498289663526,0.06907453316646232
57.6,0.9770105606711804,0.028468992440718866,0.9770105606711804,0.03211134841076882,1836.0,0.9277224172671017,0.09275396101860052,0.9277224172671017,0.07920490358391795,19.0,0.9835449053562106,0.02120743219484874,0.9835449053562106,0.021347032572751612,3.9,0.9797793334448492,0.027209399604978226,0.9797793334448492,0.03794784853927266,15.25,0.9879938783605315,0.01600514896566652,0.9879938783605315,0.010824801413776267,49.0,0.8102862704580549,0.1830110719592355,0.8102862704580549,0.17937135048011008,31.4,0.9782597396343977,0.03039548039443461,0.9782597396343977,0.03928220265189876,69.0,0.9491278993163186,0.062017387647614386,0.9491278993163186,0.06929542189415978
17.6,0.9782951046431373,0.027259150324581812,0.9782951046431373,0.032136029104466016,1527.0,0.9260648753527255,0.09427057348445995,0.9260648753527255,0.08061869477729032,54.0,0.9846962154720027,0.01976541267581102,0.9846962154720027,0.020969313055656663,0.0,0.9804349635421334,0.0262532982559088,0.9804349635421334,0.03649911413173266,4.12,0.9878158080105656,0.016198443849898346,0.9878158080105656,0.011100903830371876,36.0,0.8126707152641683,0.18049777161526323,0.8126707152641683,0.1717098565387883,21.6,0.9774061048119881,0.03140276645711628,0.9774061048119881,0.03808068140665499,62.7,0.9491278993163186,0.062017387647614386,0.9491278993163186,0.06968220341404502
76.5,0.9790704105461798,0.026246119424697786,0.9790704105461798,0.03131284636277969,1818.0,0.925439770415681,0.09480629744753356,0.925439770415681,0.08281101402974986,21.0,0.9848941493347863,0.019538634064621467,0.9848941493347863,0.02051149089136573,-3.1,0.9804349635421334,0.0262532982559088,0.9804349635421334,0.03522808497737207,22.71,0.9883683154906245,0.015440738827154799,0.9883683154906245,0.01036117297175808,33.0,0.8118121175258936,0.1808308236705591,0.8118121175258936,0.1722014028115986,34.5,0.9776609369986649,0.03107478080790397,0.9776609369986649,0.03726219952500617,67.1,0.9491278993163186,0.062017387647614386,0.9491278993163186,0.07033902451700784
63.9,0.9794283653500818,0.025705455527493187,0.9794283653500818,0.030110217647834808,1601.0,0.9258889518633948,0.09414131971670217,0.9258889518633948,0.08191328595786332,27.0,0.9856547870156079,0.018681922959939312,0.9856547870156079,0.018771653947001633,3.1,0.9801372882487512,0.026668682406647746,0.9801372882487512,0.03560624629891564,15.48,0.986659435156955,0.018271631562583254,0.986659435156955,0.014078551408750787,27.0,0.8129891651217871,0.18064238060567825,0.8129891651217871,0.17475505931362062,31.4,0.9781491583934054,0.030584083972002574,0.9781491583934054,0.03699364735090413,67.5,0.9492897343614072,0.06186597874099051,0.9492897343614072,0.06970899909305657
35.7,0.9802820001724916,0.024691008304866608,0.9802820001724916,0.02839957840865727,792.0,0.9299557836698852,0.08854720839709357,0.9299557836698852,0.07526087056765841,52.0,0.9845215263086634,0.020253958869638797,0.9845215263086634,0.0202723989646516,3.9,0.9788060936790229,0.028446051753397213,0.9788060936790229,0.03921721924506317,3.89,0.9869571104503374,0.01785084334017013,0.9869571104503374,0.014262078835330493,29.0,0.81648883529259,0.17909005798418132,0.81648883529259,0.17528887615084757,20.0,0.9783719568163888,0.030316164507361954,0.9783719568163888,0.03783729610724455,62.7,0.9492897343614072,0.06186597874099051,0.9492897343614072,0.06970899909305657
19.6,0.9805368323591681,0.024360264970938232,0.9805368323591681,0.02813368068400795,2206.0,0.9311070937856775,0.08726981644212391,0.9311070937856775,0.07554333415302684,68.0,0.9839227236729303,0.02094401585514111,0.9839227236729303,0.02047528121706853,3.1,0.9776547835632308,0.029868947527624062,0.9776547835632308,0.04123265234868463,6.46,0.9865811062375878,0.018271123893564743,0.9865811062375878,0.015978377699657355,46.0,0.8210546676876886,0.17631366275463706,0.8210546676876886,0.17491777608178544,23.9,0.9778943262067287,0.030912369379882128,0.9778943262067287,0.04055871069510303,63.1,0.9481564736544624,0.06332677942532464,0.9481564736544624,0.07046541743989279
19.2,0.9807596307821519,0.024090243514661398,0.9807596307821519,0.028974382147455784,1945.0,0.9344735160337232,0.08318128397803848,0.9344735160337232,0.0691148528086117,22.0,0.9839227236729303,0.02094401585514075,0.9839227236729303,0.018595203866459204,3.1,0.9769792190907869,0.030687638316252687,0.9769792190907869,0.04172604345443845,5.6,0.9865811062375878,0.018271123893564743,0.9865811062375878,0.015951002323316026,49.0,0.8188943162470762,0.17694119805330616,0.8188943162470762,0.17817296020582588,23.9,0.9775363714028267,0.03145025071739241,0.9775363714028267,0.04244582093794959,63.1,0.9445019302092942,0.06881256121798955,0.9445019302092942,0.07957451797709506
37.3,0.9816700930661129,0.02279951918932359,0.9816700930661129,0.027672677571729788,789.0,0.9374830657768809,0.0793214560463816,0.9374830657768809,0.06783279328576806,65.0,0.9850559843798751,0.019373758129617016,0.9850559843798751,0.017475250108301314,-9.4,0.9779524588566131,0.02945563063609132,0.9779524588566131,0.039009152914641104,3.94,0.9865811062375878,0.018271123893564743,0.9865811062375878,0.015020684110957866,28.0,0.8206746922645181,0.1751750955483474,0.8206746922645181,0.17500515539679923,20.0,0.976761065499784,0.032457500390946574,0.976761065499784,0.04132976332703186,56.9,0.9419394150532148,0.07235023307880542,0.9419394150532148,0.08554231824424081
100.0,0.9806968533002868,0.024043036454904396,0.9806968533002868,0.0297975284967801,1610.0,0.937219093415245,0.07952899354963888,0.937219093415245,0.07055293527359027,85.0,0.9852787828028583,0.019101313727333025,0.9852787828028583,0.01639893649374198,2.3,0.9792836534263414,0.02768125096845592,0.9792836534263414,0.03573974316793421,26.0,0.9868359384242645,0.01793651535741164,0.9868359384242645,0.01638624077737568,45.0,0.8211238737122319,0.1746404300633308,0.8211238737122319,0.17175075580133808,37.3,0.9759539292481685,0.03372842617774635,0.9759539292481685,0.04553684053605589,59.6,0.939980968685807,0.07484995243915268,0.939980968685807,0.08457562145573133
74.9,0.9804420211136098,0.02437391827699913,0.9804420211136098,0.029877064677041498,2032.0,0.9382345632827435,0.07846268828125738,0.9382345632827435,0.07185639849223843,27.0,0.9864425686700429,0.01776590838570401,0.9864425686700429,0.015065702243533107,-3.9,0.9799592178987852,0.026858456514362944,0.9799592178987852,0.035338522822288033,20.42,0.9862834309442055,0.01869162084610215,0.9862834309442055,0.01697988448508586,52.0,0.8224550682819601,0.17339966115464342,0.8224550682819601,0.1737266269126097,27.1,0.9759539292481685,0.03372842617774671,0.9759539292481685,0.046757322166880236,67.1,0.9375965238796935,0.07818106967844585,0.9375965238796935,0.09007398868840524
31.0,0.9804420211136098,0.02437391827699913,0.9804420211136098,0.030534829150037374,854.0,0.9382345632827435,0.07846268828125738,0.9382345632827435,0.07426954634697122,33.0,0.9868005234739446,0.017217953717978043,0.9868005234739446,0.013025052549351364,0.8,0.9791055830763753,0.02787066719860102,0.9791055830763753,0.03495307844037853,3.26,0.9874347410599974,0.017242516215471928,0.9874347410599974,0.015587199723964698,17.0,0.8254711478234106,0.17130610455975354,0.8254711478234106,0.1689278717562824,19.2,0.9754762986385083,0.034321413600675345,0.9754762986385083,0.04962188938187024,58.4,0.9372863728349189,0.07845413085108317,0.9372863728349189,0.09249451630842695
43.1,0.9797664566411659,0.02519884857682361,0.9797664566411659,0.03110898457271651,858.0,0.937936887989361,0.07884292154268657,0.937936887989361,0.07137476879800445,30.0,0.9863228928642844,0.017825891101188384,0.9863228928642844,0.014755608912674028,2.3,0.9786848507906082,0.028362961428778713,0.9786848507906082,0.036924631172228245,9.94,0.9862834309442055,0.01869162084610215,0.9862834309442055,0.018151047309252533,20.0,0.8266044085303551,0.17020336891245014,0.8266044085303551,0.16493639269307386,29.0,0.975731130825185,0.03399487018493655,0.975731130825185,0.04935045092304879,55.3,0.9372863728349189,0.07845413085108317,0.9372863728349189,0.09209168490221166
41.2,0.9809463679458819,0.024060072507474637,0.9809463679458819,0.03116891405801222,1745.0,0.9389827252121726,0.07783889187099534,0.9389827252121726,0.07066343902298852,72.0,0.986698897077034,0.017405554417979953,0.986698897077034,0.01453101025141395,-2.3,0.9780092863181643,0.029183598428157716,0.9780092863181643,0.03611795591823178,15.76,0.9864813648069892,0.018464248475489033,0.9864813648069892,0.018994240578725067,34.0,0.8290098894848412,0.1679891294302619,0.8290098894848412,0.16182981539245625,31.8,0.975731130825185,0.03399487018493726,0.975731130825185,0.048954886569520524,72.5,0.9401510419767775,0.07567457697348275,0.9401510419767775,0.08990763993052878
78.0,0.98279040466047,0.02198593086125002,0.98279040466047,0.0299168454924248,2291.0,0.9383843364977399,0.07828018498963918,0.9383843364977399,0.0710544579307416,67.0,0.9868968309398177,0.017177825140362382,0.9868968309398177,0.015139030856963477,-0.8,0.9780092863181643,0.029183598428157716,0.9780092863181643,0.03611795591823178,27.91,0.9864813648069892,0.018464248475489033,0.9864813648069892,0.018994240578725067,55.0,0.8290098894848412,0.1679891294302619,0.8290098894848412,0.16182981539245625,35.7,0.975731130825185,0.03399487018493726,0.975731130825185,0.048954886569520524,68.2,0.9423375529201076,0.07253256163683505,0.9423375529201076,0.08498764119292776
75.7,0.9833429121405288,0.021235424442290596,0.9833429121405288,0.029677692858634457,2739.0,0.9358677182464266,0.08084875240316601,0.9358677182464266,0.07415004868433941,65.0,0.9864192003301575,0.017785842932484364,0.9864192003301575,0.016662709333780973,3.9,0.9780092863181643,0.029183598428157716,0.9780092863181643,0.03611795591823178,8.49,0.9864813648069892,0.018464248475489033,0.9864813648069892,0.018994240578725067,59.0,0.8290098894848412,0.1679891294302619,0.8290098894848412,0.16182981539245625,25.1,0.9773135729798432,0.03171767103372392,0.9773135729798432,0.04560413356255918,67.8,0.9396984793424372,0.07687588336515572,0.9396984793424372,0.09098267390591992
84.3,0.9830452368471466,0.021653607206998122,0.9830452368471466,0.03082858299522976,1995.0,0.9348522483789282,0.08190934658683946,0.9348522483789282,0.07567730685510239,75.0,0.9864192003301575,0.017785842932484364,0.9864192003301575,0.01776262309728394,-6.2,0.9780092863181643,0.029183598428157,0.9780092863181643,0.037862130171085,25.17,0.9881902451406588,0.01563421085470062,0.9881902451406588,0.016238360923361183,63.0,0.8290098894848412,0.1679891294302619,0.8290098894848412,0.16182981539245625,35.3,0.9806282110299573,0.026238298825570678,0.9806282110299573,0.038397970387471156,66.3,0.9401192116282044,0.07642590360637704,0.9401192116282044,0.08921137267292169
95.7,0.9826692326343971,0.022070712770331184,0.9826692326343971,0.03128872055097127,2134.0,0.9364584043462806,0.08052242843499309,0.9364584043462806,0.0747161678852465,74.0,0.9867591057252117,0.017427624886318174,0.9867591057252117,0.017789487333310622,-7.0,0.9777864878951807,0.029451671443651694,0.9777864878951807,0.037538660774217046,30.51,0.988487920434041,0.01521195840562926,0.988487920434041,0.014860320212689347,66.0,0.8290098894848412,0.1679891294302619,0.8290098894848412,0.16182981539245625,36.9,0.9819413561908379,0.024643138563043978,0.9819413561908379,0.03676981294034363,64.7,0.941769786364251,0.07511003459566225,0.941769786364251,0.08757675058436422
88.2,0.982191602024737,0.022673675112143535,0.982191602024737,0.03077573108615418,2217.0,0.9377429483182372,0.07943731086689099,0.9377429483182372,0.07653674825974106,78.0,0.9860835412527679,0.018262845396864617,0.9860835412527679,0.017255876377607,-1.6,0.9784620523676248,0.02863141566035815,0.9784620523676248,0.03660719477466836,28.95,0.9880671881482739,0.01571458854432011,0.9880671881482739,0.016044047744051382,67.0,0.8290098894848412,0.1679891294302619,0.8290098894848412,0.16182981539245625,36.1,0.9823620884766049,0.024147532138652627,0.9823620884766049,0.035233453022895864,67.1,0.9420246185509276,0.07480643915258967,0.9420246185509276,0.08880817639328246
18.0,0.9821916020247369,0.02267367511214317,0.9821916020247369,0.03123020696697067,1583.0,0.9400561203298978,0.07699132895405261,0.9400561203298978,0.07429539978536517,56.0,0.9874147358224962,0.01645795930586178,0.9874147358224962,0.01565503442270265,3.1,0.9784620523676248,0.02863141566035815,0.9784620523676248,0.0360701323314115,17.89,0.9877695128548917,0.016136505886458038,0.9877695128548917,0.017449211127052392,64.0,0.83082930544931,0.16638842948411825,0.83082930544931,0.16600358683168093,32.9,0.9819413561908377,0.024643138563043974,0.9819413561908377,0.03776283828527213,64.7,0.9420246185509276,0.07480643915258967,0.9420246185509276,0.08998767214161178
67.8,0.981592799389004,0.0233605644494106,0.981592799389004,0.0318089825139946,1765.0,0.9405939595877357,0.0764677049191178,0.9405939595877357,0.0742919540881263,46.0,0.9876695680091727,0.01612259219621618,0.9876695680091727,0.01555156016963522,-5.5,0.9782641185048412,0.02885482209159394,0.9782641185048412,0.035711430533711376,17.09,0.9866182027390996,0.017587405148202253,0.9866182027390996,0.018735359587838375,65.0,0.8294181004090226,0.1681497392318156,0.8294181004090226,0.16989271307799536,32.5,0.9811807185100163,0.025491892942861083,0.9811807185100163,0.0385415933064112,67.5,0.9416666637470256,0.07530705834653682,0.9416666637470256,0.09264909384414986
18.0,0.9817907332517873,0.023135250447870716,0.9817907332517873,0.0315526121168454,1759.0,0.9401447781400223,0.07715312874900832,0.9401447781400223,0.07981666630113288,51.0,0.9855492865966764,0.01903477260401985,0.9855492865966764,0.018874296486735644,1.6,0.9788629211405743,0.02817372050711289,0.9788629211405743,0.03545597616343351,4.64,0.9838938525379315,0.021596980536422533,0.9838938525379315,0.022296557819970413,64.0,0.8294181004090226,0.1681497392318156,0.8294181004090226,0.17320224097419257,22.4,0.9773778590651617,0.03146733417127307,0.9773778590651617,0.04607212199847424,67.1,0.9401324017143536,0.07807672354758233,0.9401324017143536,0.09490161019000405
58.4,0.9825660391548301,0.022115192036912864,0.9825660391548301,0.029255359060609828,1762.0,0.9417272202946803,0.0750355858883069,0.9417272202946803,0.07610683159673359,19.0,0.9866540981416746,0.01731796595408294,0.9866540981416746,0.017379209387037804,3.9,0.9793511425353147,0.027680935617479543,0.9793511425353147,0.03619842311368051,15.34,0.9833560132800936,0.022178656212575587,0.9833560132800936,0.02398185541642004,65.0,0.8261034623589086,0.17218432492611674,0.8261034623589086,0.1827799469399493,31.4,0.977179925202378,0.03168990584454281,0.977179925202378,0.046579685718811235,68.6,0.9401324017143536,0.07807672354758233,0.9401324017143536,0.09853458341443465
18.4,0.9818904746823862,0.022943536392012076,0.9818904746823862,0.03161246677957632,1715.0,0.9417272202946803,0.0750355858883069,0.9417272202946803,0.07598370949223465,20.0,0.9878054082574665,0.015866698070327933,0.9878054082574665,0.015466957722324409,0.0,0.9793511425353147,0.027680935617479543,0.9793511425353147,0.03619842311368051,4.72,0.9830583379867114,0.02259655919262317,0.9830583379867114,0.02322753264962693,49.0,0.8274346569286368,0.1709286651189463,0.8274346569286368,0.18158038868451631,22.4,0.9764046192993354,0.03269657959914134,0.9764046192993354,0.04646376426917078,63.1,0.9409077076173962,0.07714680616864755,0.9409077076173962,0.1011000104112165
19.2,0.9801815943487165,0.025742433847704662,0.9801815943487165,0.03699736153822579,1212.0,0.9394140482830201,0.07749140434821546,0.9394140482830201,0.07569892353694996,31.0,0.9873846759716994,0.01636869319794941,0.9873846759716994,0.01698792430920189,11.7,0.9799036500153736,0.026936353620766407,0.9799036500153736,0.03487281845773665,3.54,0.9825058305066522,0.023346076390746786,0.9825058305066522,0.025212604687890824,19.0,0.8241200188785226,0.17493920754570713,0.8241200188785226,0.18349081513591442,18.8,0.9738421041432562,0.036461276792012144,0.9738421041432562,0.05424396223764844,60.0,0.9404194862226555,0.07759346485813347,0.9404194862226555,0.10303259636847711
41.6,0.9804043927717003,0.025472828377445213,0.9804043927717003,0.036703443691513044,906.0,0.938815245647287,0.07811218536290941,0.938815245647287,0.07476575539483635,84.0,0.9873846759716994,0.01636869319794941,0.9873846759716994,0.01706231424985083,3.1,0.9812348445851019,0.02515485640645254,0.9812348445851019,0.03233763381280414,10.45,0.981850200409368,0.02430621267139114,0.981850200409368,0.02497773291609774,28.0,0.8243428173015062,0.17475489247845089,0.8243428173015062,0.1829822314095278,29.8,0.9729316418592953,0.03772858775754269,0.9729316418592953,0.05395459465056772,53.7,0.940795490435405,0.07721722764290961,0.940795490435405,0.1002008094845318
20.8,0.9804043927717003,0.025472828377445213,0.9804043927717003,0.03520268213260042,2053.0,0.9402767068078537,0.07653323135292019,0.9402767068078537,0.07431956193964961,86.0,0.9870086717589499,0.016789726200116317,0.9870086717589499,0.01637017077859088,5.5,0.9808949391900474,0.025508324142571558,0.9808949391900474,0.032724416372887755,6.11,0.9813725697997078,0.024907566838656216,0.9813725697997078,0.026695978092367467,39.0,0.8261622332659748,0.17318227539274825,0.8261622332659748,0.18059555155558688,31.0,0.9726768096726183,0.038053165067156905,0.9726768096726183,0.05404609600158305,61.6,0.9425841778245136,0.07570235930589694,0.9425841778245136,0.09951615987083075
23.9,0.9804043927717003,0.025472828377445213,0.9804043927717003,0.03520268213260042,1932.0,0.9429278797740573,0.07346178242917077,0.9429278797740573,0.07057224303588629,20.0,0.9877693094397715,0.015928994051563606,0.9877693094397715,0.014273434131219773,-2.3,0.9811497713767242,0.025177578371032093,0.9811497713767242,0.0315177082703606,26.52,0.9817933020854749,0.024412372968242075,0.9817933020854749,0.02481186015909,47.0,0.8261622332659748,0.17318227539274825,0.8261622332659748,0.18059555155558688,34.9,0.97343744735344,0.037221928048464595,0.97343744735344,0.052547478745481636,62.7,0.9435233040245466,0.07500831987437706,0.9435233040245466,0.10032633135309693
100.0,0.980659224958377,0.025142245372022372,0.980659224958377,0.0343887729185032,1943.0,0.9450112681001619,0.07115227353568242,0.9450112681001619,0.06770906964359538,71.0,0.9866644978947736,0.01764934076692099,0.9866644978947736,0.015209655693000094,3.9,0.9808949391900474,0.025508324142571558,0.9808949391900474,0.032724416372887755,34.28,0.9825686079885173,0.023393320317357642,0.9825686079885173,0.0227531357805004,34.0,0.8261622332659748,0.17318227539274825,0.8261622332659748,0.18059555155558688,41.2,0.9726621414503974,0.03822014422396498,0.9726621414503974,0.0528879729582393,61.6,0.9435233040245466,0.07500831987437706,0.9435233040245466,0.10032633135309693
33.3,0.9798055901359672,0.02615670707015114,0.9798055901359672,0.03623056042438997,828.0,0.9436800735304338,0.07280055096916568,0.9436800735304338,0.06957079745495212,30.0,0.9856912581289475,0.018904500541870154,0.9856912581289475,0.016815276472829595,-3.9,0.9808949391900474,0.0255083241425712,0.9808949391900474,0.03209497064626627,4.91,0.9825686079885173,0.023393320317357642,0.9825686079885173,0.0227531357805004,35.0,0.8268377977384188,0.1726135462427543,0.8268377977384188,0.18040258541960313,22.0,0.9726621414503974,0.03822014422396498,0.9726621414503974,0.0528879729582393,67.5,0.9381649429835273,0.08498609930739004,0.9381649429835273,0.1086657976879734
35.3,0.9788951278520063,0.02744177759499867,0.9788951278520063,0.03866229878854047,811.0,0.9436800735304338,0.07280055096916568,0.9436800735304338,0.06957079745495212,33.0,0.9861119904147146,0.018404472319631705,0.9861119904147146,0.01589849513294289,-9.4,0.9808949391900474,0.0255083241425712,0.9808949391900474,0.0318277143555766,3.65,0.9812554628276365,0.024991213338697537,0.9812554628276365,0.024877279502094667,29.0,0.8281974414700936,0.17115361207253527,0.8281974414700936,0.1775143940337246,19.6,0.9716889016845711,0.039436392725436566,0.9716889016845711,0.05421258216800263,54.9,0.9370601314385294,0.08653679443761131,0.9370601314385294,0.11105762012741056
37.3,0.9791179262749896,0.02717292803726584,0.9791179262749896,0.038165825904086285,801.0,0.944092361891756,0.07246080181499776,0.944092361891756,0.06689303078152586,32.0,0.9861119904147146,0.018404472319631705,0.9861119904147146,0.016586186343382173,-7.0,0.9820462493058395,0.02407536729411095,0.9820462493058395,0.030584768277755123,4.1,0.9803465091471292,0.025980542331229078,0.9803465091471292,0.02718632473763559,10.0,0.8264170654526516,0.1729515267870172,0.8264170654526516,0.17936146807671838,20.4,0.9713128974718216,0.03984160422934552,0.9713128974718216,0.05483171670459821,57.6,0.9363845669660854,0.08727886177532733,0.9363845669660854,0.1116091772068075
35.7,0.9783572885941679,0.02801716478506917,0.9783572885941679,0.03815655499718974,784.0,0.9436041404970155,0.07291166695642716,0.9436041404970155,0.06638699328805847,35.0,0.9852583555923048,0.01943065506476568,0.9852583555923048,0.018336566442599112,0.0,0.9813706848333956,0.024901908611456986,0.9813706848333956,0.03334813148542256,4.0,0.9811071468279509,0.025132921753096372,0.9811071468279509,0.027684898467650577,0.0,0.8247321804809292,0.17379780204789155,0.8247321804809292,0.18372873664832684,20.0,0.9716889016845711,0.03943639272543621,0.9716889016845711,0.05349591058378603,62.0,0.9366947180108601,0.08700903615599341,0.9366947180108601,0.11211685958467808
41.2,0.9786121207808449,0.027687962261243062,0.9786121207808449,0.03642017642950486,799.0,0.9438339241825712,0.07274561394427354,0.9438339241825712,0.06739875994118624,47.0,0.9857359862019651,0.018824170101970968,0.9857359862019651,0.01830373850317578,1.6,0.9791020874212132,0.02791704679594083,0.9791020874212132,0.037570483969502425,4.38,0.9817933020854749,0.024412372968241353,0.9817933020854749,0.02528547708629477,6.0,0.8268377977384188,0.1726135462427543,0.8268377977384188,0.18040258541960313,20.8,0.9728526875517555,0.03814436638220322,0.9728526875517555,0.05203413417056298,52.9,0.936156878753022,0.0875240721681878,0.936156878753022,0.11399953473064901
16.5,0.9817487593433347,0.023341040259226002,0.9817487593433347,0.030780628948725543,902.0,0.9452616824113915,0.07132253628370819,0.9452616824113915,0.06543712142878427,39.0,0.9855131877789816,0.01909680760529413,0.9855131877789816,0.017132504619429174,7.0,0.9771457879144406,0.03030462564001951,0.9771457879144406,0.04053269362385403,4.0,0.9820481342721518,0.024081027764046668,0.9820481342721518,0.024271659113813328,0.0,0.8308330340391833,0.16915777318785793,0.8308330340391833,0.17781567524323,22.4,0.9733905268095937,0.037577987312414816,0.9733905268095937,0.05190449472936773,60.4,0.9347972350213472,0.08936518015354056,0.9347972350213472,0.11910002405691379
42.4,0.983049428752823,0.02189074985489146,0.983049428752823,0.029996800211291516,816.0,0.9447238431535535,0.07185212084915715,0.9447238431535535,0.06593114684222176,51.0,0.9849753485211434,0.019680844449816975,0.9849753485211434,0.017268610191913312,-0.8,0.9764702234419967,0.03112256718275323,0.9764702234419967,0.043321624928827636,4.73,0.981850200409368,0.02430621267139078,0.981850200409368,0.024512117139270838,13.0,0.8325644424740974,0.16818403334361762,0.8325644424740974,0.1752751585253402,20.8,0.9731677283866103,0.03784280970022949,0.9731677283866103,0.051835823502670686,52.9,0.936577611038789,0.08708083300689347,0.936577611038789,0.11974484605820084
58.4,0.9832112637979116,0.021726581939477567,0.9832112637979116,0.030933403780628824,2314.0,0.9447238431535535,0.07185212084915715,0.9447238431535535,0.06597396501483037,49.0,0.9836441539514154,0.021476800018079247,0.9836441539514154,0.01939278789950346,-1.6,0.9753189133262048,0.03253874755422786,0.9753189133262048,0.04564500047247286,20.08,0.9825257648818119,0.023478841156544392,0.9825257648818119,0.023744397076101757,18.0,0.8335288619526199,0.16772212057319974,0.8335288619526199,0.17517363596178148,33.3,0.9737665310223433,0.03717096910713429,0.9737665310223433,0.050068696550595274,69.8,0.9369536152515385,0.08671019501993447,0.9369536152515385,0.11969895049802222
20.8,0.9826587563178526,0.02247670862761861,0.9826587563178526,0.033084310684942476,1504.0,0.9456343054375146,0.07065648098713963,0.9456343054375146,0.06401754839889724,34.0,0.9831665233417549,0.022080670527370234,0.9831665233417549,0.020923651674175106,3.1,0.9755417117491882,0.03227209001390247,0.9755417117491882,0.046042015238370024,2.9,0.9833010707848545,0.022458263457999002,0.9833010707848545,0.021389860866531715,10.0,0.8358700568217876,0.1660712037991304,0.8358700568217876,0.1741345031912505,20.4,0.9757302435426897,0.03408448323935285,0.9757302435426897,0.04583042235670318,68.2,0.9394702335028519,0.08415389530038207,0.9394702335028519,0.11564032360373003
42.4,0.98188345041481,0.023496581431825033,0.98188345041481,0.03345991144093083,791.0,0.9456343054375146,0.07065648098713963,0.9456343054375146,0.06250371115352367,35.0,0.9827905191290054,0.022497666289190803,0.9827905191290054,0.022722888928417055,-3.1,0.9760193423588486,0.031678057232778355,0.9760193423588486,0.04683679801554429,4.58,0.9835987460782367,0.022040212077876514,0.9835987460782367,0.019672484611548777,13.0,0.8412284178628073,0.15780702283983297,0.8412284178628073,0.1157502692207956,20.8,0.9790448815928036,0.028622346574691013,0.9790448815928036,0.039125691468030646,52.9,0.9404857033703502,0.08308961742108859,0.9404857033703502,0.11219890697985285
30.2,0.9822594546275595,0.023080368808985213,0.9822594546275595,0.0328136663315682,836.0,0.9452220170761926,0.0709976752523318,0.9452220170761926,0.06278296913331721,32.0,0.9843729612836638,0.020184711834784902,0.9843729612836638,0.020862011916082904,-11.7,0.9760193423588486,0.031678057232778355,0.9760193423588486,0.04683679801554429,3.53,0.9833759476552533,0.02231151137507713,0.9833759476552533,0.021090239023363967,15.0,0.842689879023374,0.1565571203332852,0.842689879023374,0.1137776271192002,19.2,0.9785672509831433,0.0292198084096926,0.9785672509831433,0.041385446722008855,59.6,0.9410235426281883,0.08256920145321567,0.9410235426281883,0.11001871687040804
35.3,0.9822594546275595,0.023080368808985934,0.9822594546275595,0.03239084578743972,828.0,0.946893117040975,0.06901910862490324,0.946893117040975,0.06461339565162943,43.0,0.9849254687637227,0.019431946829165013,0.9849254687637227,0.019299356801083946,-2.3,0.974886081651904,0.0332191955910884,0.974886081651904,0.05006838215739238,3.46,0.9828234401751943,0.023061439226516846,0.9828234401751943,0.02363923496108974,17.0,0.842689879023374,0.1565571203332852,0.842689879023374,0.1137776271192002,19.6,0.9793425568861859,0.028208037314329127,0.9793425568861859,0.03947857548464678,55.7,0.939970292391803,0.08426505533035912,0.939970292391803,0.11617552499828004
55.7,0.982482253050543,0.022809563344268487,0.982482253050543,0.031864351247286996,1464.0,0.946893117040975,0.06901910862490324,0.946893117040975,0.06461339565162943,62.0,0.9846277934703405,0.019851368550872838,0.9846277934703405,0.01796701912368494,-1.6,0.974886081651904,0.0332191955910884,0.974886081651904,0.05006838215739238,11.91,0.9814637964435197,0.025096017910350526,0.9814637964435197,0.02613148113330691,45.0,0.842689879023374,0.1565571203332852,0.842689879023374,0.1137776271192002,28.6,0.9790448815928036,0.028622346574691013,0.9790448815928036,0.041479363405946976,68.2,0.9403101977868574,0.0839483304786183,0.9403101977868574,0.11690056011423125
45.9,0.9817216153697214,0.02366022620462585,0.9817216153697214,0.030751114363855934,1500.0,0.946893117040975,0.06901910862490324,0.946893117040975,0.06461339565162943,20.0,0.9841501628606802,0.020456652549276148,0.9841501628606802,0.01845045781781009,5.5,0.974886081651904,0.0332191955910884,0.974886081651904,0.05006838215739238,5.65,0.9807882319710756,0.025921346471612667,0.9807882319710756,0.027502563658955582,44.0,0.8449871140062903,0.15574772664773898,0.8449871140062903,0.11029490408568102,22.7,0.9780716418269774,0.029856625670225123,0.9780716418269774,0.04299232392024405,69.8,0.9392947279193591,0.0850114486813033,0.9392947279193591,0.12104375604641067
51.8,0.9812439847600611,0.02426181276866852,0.9812439847600611,0.03208454898998493,2350.0,0.9463189936345646,0.0695111688559209,0.9463189936345646,0.06517150040712473,28.0,0.9835976553806213,0.02120823221815498,0.9835976553806213,0.01956396101345449,0.8,0.974287279016171,0.033894288919086246,0.974287279016171,0.05030890993463238,16.75,0.9807882319710756,0.025921346471612667,0.9807882319710756,0.027502563658955582,48.0,0.8477330620495672,0.15458731479086416,0.8477330620495672,0.11042413388186784,32.2,0.9780716418269774,0.029856625670225123,0.9780716418269774,0.04299232392024405,72.2,0.93743373976533,0.0866945960372221,0.93743373976533,0.12444899761079865
19.2,0.9806914772800019,0.02500896127742987,0.9806914772800019,0.03521261375066545,2170.0,0.9448097287148706,0.07133854499859106,0.9448097287148706,0.06837132466773065,29.0,0.9824463452648292,0.022646900632080226,0.9824463452648292,0.021987249534074292,7.8,0.9745421112028477,0.0335680535775639,0.9745421112028477,0.047382458865714724,6.19,0.9814637964435197,0.025096017910350526,0.9814637964435197,0.02613148113330691,23.0,0.8514118434546682,0.15249812811842095,0.8514118434546682,0.11000864086020391,23.9,0.9786241493070365,0.029114285760885154,0.9786241493070365,0.042505608347876,63.5,0.9366731020845084,0.08745272878279166,0.9366731020845084,0.124464232697359
47.8,0.9802138466703417,0.025609235221586785,0.9802138466703417,0.03783826409123444,1583.0,0.946893117040975,0.06901910862490324,0.946893117040975,0.06277468839479675,21.0,0.9824463452648292,0.022646900632080226,0.9824463452648292,0.023384825860817793,-1.6,0.9739896037227888,0.03430463281513173,0.9739896037227888,0.04884202165230263,21.2,0.9808649938077866,0.025780899551183598,0.9808649938077866,0.026779739151855594,30.0,0.854496771124359,0.1509571303188985,0.854496771124359,0.10874614336855382,33.7,0.9797754594228285,0.027689023309791234,0.9797754594228285,0.03913666504947396,61.2,0.9353599569236277,0.08888308416321339,0.9353599569236277,0.12678685526756558
93.7,0.9790805859633972,0.027164336451804823,0.9790805859633972,0.0406359664735017,1951.0,0.9454653588121549,0.07044849110867972,0.9454653588121549,0.06513362152856683,43.0,0.9827440205582114,0.02222928150821538,0.9827440205582114,0.02212163887903114,-10.2,0.9739896037227885,0.03430463281513172,0.9739896037227885,0.0490055472620029,27.62,0.98108779223077,0.02551110673182102,0.98108779223077,0.025007984515071694,47.0,0.8577942001067989,0.1491573115826341,0.8577942001067989,0.1095638515806221,36.5,0.9795775255600448,0.02791293560609583,0.9795775255600448,0.038778291899018394,65.1,0.9353599569236277,0.08888308416321339,0.9353599569236277,0.12575478852360175
23.1,0.9796793885991303,0.026481603405393888,0.9796793885991303,0.038878372153872055,2256.0,0.9443605472671567,0.07202980758111624,0.9443605472671567,0.06821849289515168,34.0,0.9818903857358017,0.02324852500713994,0.9818903857358017,0.023153903193187646,7.0,0.9739896037227885,0.03430463281513172,0.9739896037227885,0.0491073037801021,6.04,0.981640299710829,0.024763927861973803,0.981640299710829,0.022256433539604492,52.0,0.8577942001067989,0.1491573115826341,0.8577942001067989,0.1095638515806221,23.5,0.9809087201297729,0.026133381960948297,0.9809087201297729,0.033775329378100606,74.5,0.9346738016661037,0.08952058274378334,0.9346738016661037,0.12724314521679722
33.7,0.9805898508830913,0.025194571081264053,0.9805898508830913,0.03660527941857183,1758.0,0.9431967613999724,0.07323947521355612,0.9431967613999724,0.07115667826379492,36.0,0.9822663899485512,0.02283221432801328,0.9822663899485512,0.022504124254510732,3.9,0.9763950846772748,0.031198096330391424,0.9763950846772748,0.045153832482424106,9.1,0.9826557695783273,0.023582506373708522,0.9826557695783273,0.02106997012610623,52.0,0.8577942001067989,0.1491573115826341,0.8577942001067989,0.1095638515806221,27.8,0.9817623549521828,0.02511770754787721,0.9817623549521828,0.03274653388292102,73.7,0.935837587533288,0.0883437441340381,0.935837587533288,0.12166015785436843
32.5,0.9807679212330571,0.025004366438022233,0.9807679212330571,0.0366117743510535,1667.0,0.9420168500952564,0.07427057986928516,0.9420168500952564,0.07034278854096893,19.0,0.9826243447524532,0.022288479567371587,0.9826243447524532,0.02453774993292742,3.1,0.9770507147745592,0.030248099523639327,0.9770507147745592,0.043564513489796786,8.07,0.9831936088361655,0.023002030330026613,0.9831936088361655,0.021071766031959357,47.0,0.8610482655526024,0.14734669373108192,0.8610482655526024,0.11131225225480308,26.7,0.9821383591649323,0.024702169329428123,0.9821383591649323,0.03269050590947418,74.1,0.9384766611109583,0.08405233241781926,0.9384766611109583,0.10993893041334699
34.1,0.9812455518427174,0.024403444680008605,0.9812455518427174,0.034176367861173,891.0,0.9421439389145886,0.07417211420487722,0.9421439389145886,0.06963306571300996,35.0,0.9837756548682453,0.02084912123975914,0.9837756548682453,0.02417932964845115,-2.3,0.9780661846420576,0.02907813577465587,0.9780661846420576,0.041307473881695124,3.89,0.9826411013561064,0.0237514263618091,0.9826411013561064,0.022806803612149824,37.0,0.8622143635743842,0.1469986982540485,0.8622143635743842,0.1110610024453035,19.6,0.9814627946924884,0.025528360186149648,0.9814627946924884,0.03446551425935531,61.2,0.9389258425586718,0.08337155721715987,0.9389258425586718,0.10531095354007974
39.2,0.9814073868878062,0.024240005610977135,0.9814073868878062,0.03548518653775256,816.0,0.9420168500952564,0.07427057986928585,0.9420168500952564,0.06912426402238657,32.0,0.9824625097073645,0.02245245265424514,0.9824625097073645,0.026846157591257483,-4.7,0.9780661846420576,0.02907813577465587,0.9780661846420576,0.041307473881695124,4.2,0.9821032620982683,0.024331151702791563,0.9821032620982683,0.024340995922562596,0.0,0.8632501880428456,0.14669339036743054,0.8632501880428456,0.11087472861987846,20.0,0.9812847243425226,0.02571861097491431,0.9812847243425226,0.03520469870731511,52.9,0.9351229831138175,0.08884551936339667,0.9351229831138175,0.11682218440803811
21.6,0.98208295136025,0.023412976492045153,0.98208295136025,0.032486047208035995,2812.0,0.9403079697615869,0.0768591934448826,0.9403079697615869,0.07634385805060712,50.0,0.9806430937428959,0.024735372333702432,0.9806430937428959,0.028437576220942028,-1.6,0.9761077382746498,0.03177191252510131,0.9761077382746498,0.04645350715147448,6.92,0.9823580942849451,0.023999676842670785,0.9823580942849451,0.02376373354665693,30.0,0.8621169273359011,0.14789620898802694,0.8621169273359011,0.11294895455828868,25.1,0.9822579641083488,0.0244759822862798,0.9822579641083488,0.03293570538423294,77.6,0.935727051902489,0.08784126262257994,0.935727051902489,0.11618793923161923
19.6,0.981724996556348,0.023955992750031303,0.981724996556348,0.03184999785636282,2433.0,0.9403079697615869,0.0768591934448826,0.9403079697615869,0.07623607070811553,65.0,0.9803454184495135,0.025151308842868075,0.9803454184495135,0.027280383279714653,5.5,0.9741492919072421,0.03445464613399252,0.9741492919072421,0.05232192283431012,6.66,0.982895933542783,0.02341961276525441,0.982895933542783,0.022229541236244155,45.0,0.8628922332389436,0.14711735023332378,0.8628922332389436,0.11477854989499678,29.8,0.9824360344583145,0.02428530831641681,0.9824360344583145,0.03161741056376071,64.3,0.9371885130630556,0.08628349044031532,0.9371885130630556,0.11221164517178338
18.0,0.9823237991920811,0.023269370305677013,0.9823237991920811,0.030396883837112677,2367.0,0.9408604772416459,0.07617444535704324,0.9408604772416459,0.07165215857060077,31.0,0.9790142238797854,0.026931131931412163,0.9790142238797854,0.027722329546547613,-1.6,0.9724781919424597,0.03655648010746424,0.9724781919424597,0.05480368972501754,6.62,0.9817626728358386,0.024981660523183832,0.9817626728358386,0.024850168959795704,48.0,0.8597282034247755,0.14891874671220376,0.8597282034247755,0.11455721308172699,25.1,0.9814627946924884,0.025528360186149648,0.9814627946924884,0.03261611596882524,76.5,0.9400824188274026,0.08167835899048848,0.9400824188274026,0.10158845345650377
18.8,0.9826339502368556,0.02296333178642364,0.9826339502368556,0.03161519260967644,2193.0,0.9404779016876245,0.07647068021028511,0.9404779016876245,0.07134386687696241,22.0,0.9805234887994795,0.02496114602632425,0.9805234887994795,0.026014796819320004,0.0,0.9714627220749613,0.03771159745536788,0.9714627220749613,0.05706072933311921,6.25,0.980091572871056,0.027116994873009007,0.980091572871056,0.026791727154110656,38.0,0.860488841105597,0.14828940842663732,0.860488841105597,0.1140771120852164,24.7,0.9807872302200445,0.026353390277570842,0.9807872302200445,0.03520050715313399,65.9,0.9419018347918713,0.07960376995910727,0.9419018347918713,0.1015023238049737
41.6,0.9821563196271953,0.023565837821120955,0.9821563196271953,0.033887073489856666,778.0,0.9396739945956584,0.07711847133312211,0.9396739945956584,0.07113853498482162,36.0,0.9814339510834407,0.023671551625841374,0.9814339510834407,0.025146492616221632,-1.6,0.9714627220749612,0.03771159745536788,0.9714627220749612,0.05823496615538078,4.53,0.9789277870038717,0.02843241769764202,0.9789277870038717,0.02792760192429688,25.0,0.863175240310105,0.14694145846655385,0.863175240310105,0.11231795204179024,20.4,0.9799335953976348,0.027366936095926633,0.9799335953976348,0.03605815908995064,60.4,0.9488663518002431,0.06812204970949709,0.9488663518002431,0.0921994285175515
18.0,0.9813810137241529,0.02458431085327767,0.9813810137241529,0.035632432709932715,1847.0,0.937472003077168,0.07948608579842392,0.937472003077168,0.07710017183012928,48.0,0.9818546833692078,0.023175795591592115,0.9818546833692078,0.024847189671189984,6.2,0.9720615247106942,0.037040933974770845,0.9720615247106942,0.05473097531507246,4.97,0.9783899477460336,0.029007280827198015,0.9783899477460336,0.028089331628144018,25.0,0.864083443344288,0.1466769648836923,0.864083443344288,0.11219451295118962,22.7,0.9795575911848852,0.027780476135304273,0.9795575911848852,0.03628533062176042,63.5,0.9499529619094165,0.06721148844934788,0.9499529619094165,0.09088463055422331
20.0,0.9815590840741186,0.02439383466626143,0.9815590840741186,0.03542249510552542,2320.0,0.9372171708904913,0.07978674546728354,0.9372171708904913,0.07863097978165996,69.0,0.9820165184142962,0.023012047737240984,0.9820165184142962,0.023459910378953158,-1.6,0.9726140321907534,0.03630744439674933,0.9726140321907534,0.052557162048896496,6.28,0.9790455778433178,0.0280537908187473,0.9790455778433178,0.026454687706387987,37.0,0.8649923970247956,0.14593791473863477,0.8649923970247956,0.11602258893477516,23.9,0.980233155657329,0.026957509430776634,0.980233155657329,0.03558137594195693,63.1,0.951266107070297,0.06572503051968652,0.951266107070297,0.09048655936493165
81.6,0.9811383517883514,0.024888913304963112,0.9811383517883514,0.035042094632839374,2087.0,0.9380210779824576,0.07914328061685706,0.9380210779824576,0.07771510244910791,62.0,0.9820165184142962,0.023012047737240984,0.9820165184142962,0.02241248529840666,0.0,0.9714502463235689,0.03760132898060557,0.9714502463235689,0.052975897405406557,25.53,0.9787907456566409,0.028383050360650957,0.9787907456566409,0.026690578947966056,41.0,0.861219524848754,0.14848492727297838,0.861219524848754,0.11753407507109007,34.9,0.9798571514445797,0.027371339406439456,0.9798571514445797,0.03474321507158822,67.5,0.9514279421153856,0.06557386375419655,0.9514279421153856,0.09088895428546172
76.9,0.9794672518235691,0.02702299126552165,0.9794672518235691,0.03725235747109538,1572.0,0.9402230695009479,0.07677325958383355,0.9402230695009479,0.07578097847268828,57.0,0.9828701532367059,0.021992462668890135,0.9828701532367059,0.020882748779372677,-6.2,0.9708977388435099,0.03833315510759151,0.9708977388435099,0.05272938296525999,17.78,0.9789688160066068,0.02819379150476967,0.9789688160066068,0.026336757241385494,49.0,0.86026453407916,0.14875468937092504,0.86026453407916,0.11774365779282203,32.5,0.9796790810946138,0.027560928799460895,0.9796790810946138,0.035348985782753715,66.3,0.9519055727250458,0.06501201609976551,0.9519055727250458,0.08995144746328011
18.4,0.9776868758061272,0.02953615763657278,0.9776868758061272,0.040188711150044513,1647.0,0.938676708079742,0.07826578635100045,0.938676708079742,0.07740655228601197,49.0,0.9843316143972727,0.02024493591754434,0.9843316143972727,0.02001949150242296,-1.6,0.9711525710301867,0.03800928129680779,0.9711525710301867,0.05538915069403247,4.5,0.9787139838199301,0.028522987636093476,0.9787139838199301,0.027353221493224156,33.67243525896414,0.8630483695221511,0.1465103174279901,0.8630483695221511,0.11572772732448203,22.0,0.9788254462722042,0.028572224397845226,0.9788254462722042,0.03793123242984718,75.7,0.9511449350442243,0.06580134433427001,0.9511449350442243,0.09281651189261486
72.9,0.9775088054561611,0.029724910684764922,0.9775088054561611,0.040202978784399865,1490.0,0.9396921779472404,0.07719619027413133,0.9396921779472404,0.07634189625995311,72.0,0.9856628089670008,0.018446020328962875,0.9856628089670008,0.018413526986270242,5.5,0.9704770065577428,0.038816585121163004,0.9704770065577428,0.05591233502625249,17.26,0.9778050301394223,0.029506351696492045,0.9778050301394223,0.029630599447523834,45.0,0.865389767806439,0.1430946499354083,0.865389767806439,0.1146942226647201,32.5,0.9795010107446479,0.027750447463175832,0.9795010107446479,0.03656014990419851,67.1,0.9537840086218943,0.06136931635296077,0.9537840086218943,0.0849309161044511
21.6,0.9776706405012499,0.02956300564144414,0.9776706405012499,0.041413689162074066,1130.0,0.9388882708552738,0.07784270974894389,0.9388882708552738,0.07735108920001962,35.0,0.9859604842603832,0.01802572082391831,0.9859604842603832,0.018142788347628568,3.1,0.9701668555129679,0.039113589226692475,0.9701668555129679,0.05533293196081129,3.6,0.9784805946118664,0.028686117376071726,0.9784805946118664,0.0292787173312641,44.0,0.8673482141738468,0.14097311532647788,0.8673482141738468,0.11314473317667906,18.8,0.9814594571120556,0.025038842361201234,0.9814594571120556,0.03228569528510709,61.2,0.957438552067063,0.055796113501220504,0.957438552067063,0.07583680547747357
41.2,0.9776706405012499,0.02956300564144414,0.9776706405012499,0.04007126714940856,773.0,0.9378016607461009,0.0787285465627582,0.9378016607461009,0.07760735149436661,28.0,0.9856025294564812,0.018572904960507623,0.9856025294564812,0.018742280632858654,-1.6,0.9691136052765825,0.04091484075405135,0.9691136052765825,0.05807198807586106,4.45,0.9789582252215266,0.028088450435239054,0.9789582252215266,0.027068056675354713,38.0,0.8722211243216845,0.13686411826472314,0.8722211243216845,0.10678926449364444,20.8,0.9811617818186732,0.025455045689206816,0.9811617818186732,0.032245324869571504,56.9,0.9588412617947621,0.05446568312087156,0.9588412617947621,0.07425397913918326
54.5,0.9767601782172887,0.030841995230285846,0.9767601782172887,0.041271103028373404,2033.0,0.9384004633818338,0.07810893650383294,0.9384004633818338,0.07959364278907828,23.0,0.9849468993591968,0.019539342687648755,0.9849468993591968,0.021842397579218655,3.1,0.9665510901205033,0.04462833357698512,0.9665510901205033,0.06633687502344131,16.69,0.9789582252215266,0.028088450435238693,0.9789582252215266,0.026017293027381167,41.0,0.8746628019279983,0.13563463015230598,0.8746628019279983,0.10656889490737581,30.6,0.9813845802416568,0.02518509371856707,0.9813845802416568,0.031344995929799654,69.8,0.9607997081621699,0.05186808709471394,0.9607997081621699,0.07020693914003544
39.2,0.9754289836475606,0.032607294363931866,0.9754289836475606,0.04454051277508029,791.0,0.9403839068622196,0.07465876910569241,0.9403839068622196,0.07318214524895737,34.0,0.9854994068392559,0.018785763804758937,0.9854994068392559,0.021903367511154515,-2.3,0.965895460023219,0.04555792148704138,0.965895460023219,0.06932290711926961,4.17,0.9800914859284712,0.026534620956192616,0.9800914859284712,0.023710177837995953,27.0,0.8788368029789695,0.13237677107388,0.8788368029789695,0.10276387478951428,20.4,0.9813845802416568,0.02518509371856707,0.9813845802416568,0.031344995929799654,53.3,0.9615750140652124,0.0508937957422932,0.9615750140652124,0.0718529604547177
35.3,0.9754289836475606,0.03260729436393115,0.9754289836475606,0.04545824267459031,821.0,0.9425858983807098,0.07227135750193367,0.9425858983807098,0.0672205084036497,33.0,0.9841682122695278,0.020583913582275737,0.9841682122695278,0.023793976346430875,0.0,0.9649849977392579,0.0468057479368334,0.9649849977392579,0.07237775088443915,3.63,0.9794926832927381,0.027217622593194095,0.9794926832927381,0.023297294768073015,0.0,0.879176708374024,0.1321033465776637,0.879176708374024,0.10436285013096772,19.6,0.9800533856719287,0.026966832563591427,0.9800533856719287,0.03324090806016067,56.9,0.9622505785376564,0.050102874809009906,0.9622505785376564,0.07130742107909754
40.4,0.9767886273792352,0.0305961070480829,0.9767886273792352,0.04417815535019898,817.0,0.942883573674092,0.07188691741035791,0.942883573674092,0.07021626556158879,76.0,0.9832592585890202,0.021580389782264384,0.9832592585890202,0.024906407802227297,3.1,0.9614922893391782,0.05230521084919168,0.9614922893391782,0.08305867986890407,10.17,0.9806564691599226,0.025899959259917803,0.9806564691599226,0.022905299552485787,8.0,0.8772182620066162,0.13428227082490346,0.8772182620066162,0.10703969263018435,29.8,0.9806521883076618,0.026283267918063815,0.9806521883076618,0.033173611346609906,54.1,0.9637969399588622,0.04852127651874267,0.9637969399588622,0.07224513616440688
65.9,0.9769666977292012,0.03040765983983324,0.9769666977292012,0.04459675278962156,1509.0,0.9440634849788079,0.07085171137200111,0.9440634849788079,0.06963789957638844,19.0,0.98411289341143,0.02055822205582589,0.98411289341143,0.02344902078216664,4.7,0.9598939446363077,0.054079196259859554,0.9598939446363077,0.08356792236471407,20.99,0.9815654228404301,0.02491022784316004,0.9815654228404301,0.02132744710246914,23.0,0.8787841509727413,0.1332196735427321,0.8787841509727413,0.10849394262527279,34.1,0.9808302586576276,0.02609324829330283,0.9808302586576276,0.03335124983745452,66.7,0.963648623959176,0.04865670665408542,0.963648623959176,0.07281375617491835
75.3,0.9766565466844267,0.03070948559184827,0.9766565466844267,0.043001445007530184,2361.0,0.9444757733401299,0.07051094731477628,0.9444757733401299,0.06826440119345561,49.0,0.98459052402109,0.019953011015865402,0.98459052402109,0.025225257028805362,-3.9,0.9602040956810822,0.05379043778458214,0.9602040956810822,0.08445667737201924,30.5,0.9813426244174466,0.02518029406700252,0.9813426244174466,0.020112757488892696,37.0,0.8776695575342994,0.13361065400956176,0.8776695575342994,0.10896622856844293,36.1,0.980069620976806,0.026939873729250174,0.980069620976806,0.03248374413592368,68.6,0.9628879862783544,0.04946996429343173,0.9628879862783544,0.07436010761222843
56.5,0.9746981003170188,0.03339593274955913,0.9746981003170188,0.04830785143341895,1785.0,0.9433244632243378,0.07183021017301965,0.9433244632243378,0.07026693119672234,46.0,0.9837368891986804,0.020976217301025005,0.9837368891986804,0.027822541680186143,2.3,0.9604589278677591,0.053474455348665365,0.9604589278677591,0.08403047668663938,7.31,0.9810449491240644,0.025596403119602873,0.9810449491240644,0.019830745814578995,35.0,0.8775077224892108,0.13373575211789737,0.8775077224892108,0.10567956818766674,24.7,0.9808449268798485,0.025924675921409963,0.9808449268798485,0.029610672721405357,66.7,0.9631107847013379,0.04921081297740829,0.9631107847013379,0.07075431475459013
18.4,0.9738909640654032,0.03466328149573689,0.9738909640654032,0.04974235030082491,1602.0,0.9416155828906683,0.0744272185088164,0.9416155828906683,0.06862215805357313,21.0,0.9830812591013962,0.021939175881369028,0.9830812591013962,0.030642085362316676,0.0,0.9620572725706295,0.05169831526327019,0.9620572725706295,0.08397814653540797,4.4,0.9793738491592818,0.02772906436508823,0.9793738491592818,0.022284646561727336,27.0,0.8783148587408264,0.13269084901881867,0.8783148587408264,0.10143370689909292,22.0,0.9793356619601544,0.02789385121308811,0.9793356619601544,0.03142592169869614,63.1,0.966247423263828,0.04500545152538659,0.966247423263828,0.0653235799927191
38.4,0.9737128937154371,0.03485032224560211,0.9737128937154371,0.049078090895347364,801.0,0.9407700646041375,0.07506296520942575,0.9407700646041375,0.06741536114078565,42.0,0.9830812591013962,0.021939175881369028,0.9830812591013962,0.030642085362316676,3.1,0.9626560752063625,0.051043298738561005,0.9626560752063625,0.07986490295245256,4.24,0.9786876939017576,0.028445428328853523,0.9786876939017576,0.022424322431584022,23.0,0.8794294521792686,0.13229816494548263,0.8794294521792686,0.1010303788947891,20.0,0.9794974970052432,0.02773132267912567,0.9794974970052432,0.03116858356368666,52.9,0.9660246248408444,0.04526649075096672,0.9660246248408444,0.06686659959296469
21.2,0.9737128937154373,0.034850322245602125,0.9737128937154373,0.049465998130334456,2107.0,0.941146068816887,0.07468555328854783,0.941146068816887,0.0697394524140099,19.0,0.9837368891986804,0.020976217301025366,0.9837368891986804,0.028780167760706195,-1.6,0.9626560752063625,0.051043298738561005,0.9626560752063625,0.07904631823985976,6.08,0.9789104923247411,0.028176866857337713,0.9789104923247411,0.022919772592952074,29.0,0.8827469292733174,0.13006799367279379,0.8827469292733174,0.10088144377436645,26.7,0.9790198663955829,0.028329508256662722,0.9790198663955829,0.032409897792372216,73.3,0.967844040805313,0.04305758532255279,0.967844040805313,0.06331551146770177
19.2,0.974520029967053,0.03358337058007834,0.974520029967053,0.046517662017554924,1506.438032627222,0.9428549491505567,0.07209044122660412,0.9428549491505567,0.06861786476787833,35.0,0.98459052402109,0.019953011015865402,0.98459052402109,0.027726507521296493,0.0,0.9624012430196858,0.05136071262624517,0.9624012430196858,0.0816431648232206,3.59,0.9794629998048001,0.02743291365064385,0.9794629998048001,0.021577786605203694,25.0,0.8864014727184861,0.1252290736720741,0.8864014727184861,0.09674460489361471,20.4,0.9798735012179925,0.02731779043939405,0.9798735012179925,0.03169859995667545,65.5,0.9686046784861347,0.042234704446074384,0.9686046784861347,0.061218774820330675
36.1,0.9760292948867471,0.03163309829194183,0.9760292948867471,0.04531120219485002,799.0,0.94537156740187,0.06947614100520315,0.94537156740187,0.06951643276371891,30.0,0.9837368891986804,0.020976217301025366,0.9837368891986804,0.02946209949149514,-9.4,0.9630873982772098,0.050673268255219055,0.9630873982772098,0.08154238266761976,4.04,0.9802236374856217,0.02658722060188884,0.9802236374856217,0.019644575567532865,0.0,0.8864014727184861,0.12522907367207345,0.8864014727184861,0.09872038513074403,20.0,0.9812046957877206,0.025536868408548,0.9812046957877206,0.02888552207643963,56.5,0.9692802429585786,0.041431445391555646,0.9692802429585786,0.05775709145504928
58.0,0.975353730414303,0.032449137169896815,0.975353730414303,0.046043849512426245,1103.0,0.94537156740187,0.06947614100520315,0.94537156740187,0.06951643276371891,50.0,0.9824362197891922,0.022428772949074388,0.9824362197891922,0.030944494733027544,3.1,0.9637629627496539,0.04988083718105214,0.9637629627496539,0.07903677196460375,9.42,0.9808792675829059,0.02563025332290514,0.9808792675829059,0.018657053377658363,13.0,0.8875024339636075,0.12450939724394432,0.8875024339636075,0.09915200426499736,29.4,0.9807839635019535,0.026031270547818883,0.9807839635019535,0.03032358686955104,62.7,0.9673217965911709,0.04407496354857523,0.9673217965911709,0.06056826780531387
52.9,0.9736826304495204,0.034557156600401547,0.9736826304495204,0.04803511663284535,3190.0,0.9442383066949254,0.0709211711137539,0.9442383066949254,0.0727699687459262,49.0,0.9822581494392262,0.022619783460762523,0.9822581494392262,0.03191017519986585,1.6,0.9654718430833235,0.0471730569959873,0.9654718430833235,0.07297778025980735,20.95,0.9814171068407442,0.025051995650582408,0.9814171068407442,0.01813556664918061,44.0,0.8896610974110191,0.12267074610270197,0.8896610974110191,0.09923083943990092,29.8,0.9806058931519878,0.026221292007413854,0.9806058931519878,0.03170414085447187,72.2,0.9665464906881284,0.045061036883298385,0.9665464906881284,0.05926178155303475
20.0,0.9732618981637533,0.03504370067439174,0.9732618981637533,0.049529199432909045,2333.0,0.9449310332937216,0.07034308188480523,0.9449310332937216,0.07201763286900643,25.0,0.9828569520749592,0.021931957914967312,0.9828569520749592,0.029963416770501367,3.1,0.96524904466034,0.04743336976589336,0.96524904466034,0.07068065811734353,6.92,0.9819696143208032,0.024304298015997493,0.9819696143208032,0.017898919810989053,41.0,0.8904078021251377,0.12217586931817202,0.8904078021251377,0.0966271994660084,25.5,0.9810835237616481,0.02562106623582322,0.9810835237616481,0.031027527331305677,63.5,0.9662916585014515,0.04538142013166659,0.9662916585014515,0.058218554390866914
37.3,0.9730838278137875,0.035230542793234974,0.9730838278137875,0.050382060264753406,798.0,0.9465293779965921,0.06862704107035546,0.9465293779965921,0.0707077918522971,30.0,0.9834820570120035,0.02130895820410345,0.9834820570120035,0.0288457751208093,-3.1,0.96524904466034,0.04743336976589336,0.96524904466034,0.06968499874603501,4.14,0.9809541444533048,0.025484113225437685,0.9809541444533048,0.018923736881986255,38.0,0.8931701555845117,0.11935886700773778,0.8931701555845117,0.09258250828250927,20.0,0.980407959289204,0.02644569986322139,0.980407959289204,0.03071239736165972,51.4,0.9676513022331261,0.04340787547414249,0.9676513022331261,0.05436844428525067
16.1,0.9727861525204053,0.03563994529751024,0.9727861525204053,0.05379420479698588,1860.0,0.9457063391967641,0.06940142119311554,0.9457063391967641,0.07264963575381943,55.0,0.9841376871092877,0.02034517523806255,0.9841376871092877,0.02582037598751409,3.1,0.9649513693669576,0.04783553742242369,0.9649513693669576,0.06992164558422656,6.52,0.9807923094082163,0.02564726785854481,0.9807923094082163,0.018778967564881597,29.0,0.8923662484925454,0.11992869019622666,0.8923662484925454,0.09197457672966244,26.7,0.9796326533861615,0.027460014746301005,0.9796326533861615,0.032305880753389894,76.1,0.9688026123489183,0.04201635352706025,0.9688026123489183,0.05286093263788311
22.0,0.9708277061529976,0.038305309231875424,0.9708277061529976,0.05936000205477998,2993.0,0.9460823434095136,0.0690194648343014,0.9460823434095136,0.07313297352203453,56.0,0.9828245419484074,0.021949790384639296,0.9828245419484074,0.027642027650631316,3.9,0.9644135301091197,0.048390924349261615,0.9644135301091197,0.0736649770557535,8.2,0.9807923094082163,0.02564726785854481,0.9807923094082163,0.018558702058494556,40.0,0.8912614369475474,0.12135030593894716,0.8912614369475474,0.09201130922894063,27.1,0.9786171835186633,0.02863362824778774,0.9786171835186633,0.03425413536784443,72.9,0.9680273064458756,0.043005693160198005,0.9680273064458756,0.053690609843012285
38.8,0.9699740713305878,0.039297576336694694,0.9699740713305878,0.06265630265463097,2087.0,0.9457063391967641,0.06940142119311554,0.9457063391967641,0.07328330506135558,39.0,0.9833770494284663,0.02119923673620263,0.9833770494284663,0.027685987053036445,0.8,0.9654289999766178,0.047255998656433,0.9654289999766178,0.07071581237095548,15.26,0.9807923094082163,0.02564726785854481,0.9807923094082163,0.017783921715930184,43.0,0.8910833665975816,0.12150302921172361,0.8910833665975816,0.0934880469368354,31.8,0.9778565458378417,0.02947627595228221,0.9778565458378417,0.03383282261294736,74.9,0.9702138173892058,0.03968666596486562,0.9702138173892058,0.047555725862144085
48.6,0.9693489663935433,0.039900046172590756,0.9693489663935433,0.06083497633064562,2054.0,0.9465599740191739,0.06846288271601883,0.9465599740191739,0.07005098135330316,48.0,0.9833770494284663,0.02119923673620263,0.9833770494284663,0.029190622181347707,-0.8,0.9655908350217066,0.047099155184047274,0.9655908350217066,0.07218473668033568,17.29,0.9801935067724832,0.02633132311952404,0.9801935067724832,0.018142342000406455,46.0,0.8889171996193246,0.12263181256364777,0.8889171996193246,0.09163682225691298,32.5,0.9755879484256593,0.03246956649686607,0.9755879484256593,0.03647073482472722,73.7,0.9712596546120171,0.03859996849228081,0.9712596546120171,0.04930838017421311
48.04087253229344,0.9686628111360193,0.04060005712653969,0.9686628111360193,0.06089131058210325,2251.0,0.948069238938868,0.06662712013445118,0.948069238938868,0.06815003797877758,23.0,0.984838510589033,0.01944959750849425,0.984838510589033,0.027355431596321575,-6.2,0.9671000999414006,0.04518880756176492,0.9671000999414006,0.0709054010064665,15.9,0.9794182008694406,0.027345497272931202,0.9794182008694406,0.017905760153960892,48.0,0.8889171996193246,0.12263181256364777,0.8889171996193246,0.09163682225691298,31.8,0.9747343136032495,0.03347213913380345,0.9747343136032495,0.03678981020495258,72.2,0.9730790705764858,0.03636570643185665,0.9730790705764858,0.04719371079299119
33.3,0.9671535462163253,0.042520874048362696,0.9671535462163253,0.06609181357115541,2271.0,0.9474704363031347,0.0672613925233766,0.9474704363031347,0.0692783506772129,33.0,0.9840632046859905,0.02047419608947346,0.9840632046859905,0.02827969863760454,-3.1,0.9678754058444431,0.04420223093996856,0.9678754058444431,0.06784314379762414,11.6,0.9774544883490943,0.03045770224412369,0.9774544883490943,0.01993757227570973,46.0,0.8907732155528071,0.1217448276143874,0.8907732155528071,0.08897880927468858,30.6,0.9726140321907532,0.03630744439675003,0.9726140321907532,0.03893150264135237,74.9,0.9735567011861459,0.03577526166776419,0.9735567011861459,0.04578756444715031
45.5,0.9644291960151571,0.04637895424787896,0.9644291960151571,0.07309107106115079,2305.0,0.9476485066531007,0.06708583146391874,0.9476485066531007,0.06799738352906393,46.0,0.983687200473241,0.020892201534078673,0.983687200473241,0.030025473400179543,-4.7,0.9690267159602352,0.042811308104638686,0.9690267159602352,0.06652272331983511,16.53,0.9765440260651331,0.03173556324203774,0.9765440260651331,0.021588861720991163,50.0,0.8912614369475474,0.12135030593894716,0.8912614369475474,0.09201130922894063,32.2,0.9716407924249271,0.03752554282586711,0.9716407924249271,0.03997053644499782,74.1,0.9728811367137022,0.03658624640889704,0.9728811367137022,0.04500784502925647
62.4,0.9642673609700685,0.0465357108467757,0.9642673609700685,0.07247463422372785,1769.0,0.9505211728539547,0.06322775109326786,0.9505211728539547,0.06078130743799772,39.0,0.9842860031089739,0.020202284188170452,0.9842860031089739,0.026569031440643747,-3.1,0.9694027201729845,0.042408274965174075,0.9694027201729845,0.06284899777605792,17.35,0.9756335637811722,0.03301098856021337,0.9756335637811722,0.022922579107995625,55.0,0.8910833665975816,0.12150302921172361,0.8910833665975816,0.0934880469368354,32.5,0.9704770065577426,0.03881658512116264,0.9704770065577426,0.04142152152117195,68.6,0.9734336441937613,0.035851845027252825,0.9734336441937613,0.04174582213793192
36.9,0.9637897303604083,0.04711485241676555,0.9637897303604083,0.0715181548941829,1873.0,0.9522466063761574,0.06138676674953386,0.9522466063761574,0.05820528527987233,19.0,0.9840632046859905,0.02047419608947346,0.9840632046859905,0.02864387847181903,-1.6,0.9686420824921629,0.043231752813162515,0.9686420824921629,0.06429520710512106,12.13,0.9756335637811722,0.03301098856021337,0.9756335637811722,0.024451306005719098,54.0,0.889621905437015,0.12291269208191227,0.889621905437015,0.09118584696153882,30.2,0.9704770065577426,0.038816585121163,0.9704770065577426,0.040168273784128246,76.9,0.9731788120070844,0.03617709135543536,0.9731788120070844,0.04350351966501236
30.2,0.9647629701262346,0.0459168795606737,0.9647629701262346,0.0687960821960202,1792.0,0.9535472757856456,0.06003385338070324,0.9535472757856456,0.05793207874947997,23.0,0.9829118945701986,0.021914428538698474,0.9829118945701986,0.030691833876131534,0.0,0.9677884476697532,0.044217290645663786,0.9677884476697532,0.06397596138698536,4.44,0.9747246101006647,0.03398690632971302,0.9747246101006647,0.026277281986432262,51.0,0.8876384619566292,0.1260511383006933,0.8876384619566292,0.09035293959211489,22.4,0.9696233717353328,0.03980801939720969,0.9696233717353328,0.04178274771451629,63.1,0.9739541179101269,0.03517668536700935,0.9739541179101269,0.0445013224082843
46.7,0.9660761152871151,0.0443754224424012,0.9660761152871151,0.06816692841413106,1650.0,0.9532496004922634,0.06042685354874169,0.9532496004922634,0.05949967475152886,48.0,0.9838851343360246,0.020665890129429123,0.9838851343360246,0.02676347456321181,4.7,0.9667729778022548,0.04535842415187735,0.9667729778022548,0.06304152761740922,11.78,0.9738156564201571,0.03496094660731523,0.9738156564201571,0.02664074475883506,50.0,0.8867299221974219,0.126668794104973,0.8867299221974219,0.08821437886230567,29.8,0.9694005733123494,0.040071237525826996,0.9694005733123494,0.040939098958175865,71.4,0.9748077527325367,0.03417645540235307,0.9748077527325367,0.04415201509654857
51.0,0.9667012202241596,0.043778055242710605,0.9667012202241596,0.07009702402180634,1679.0,0.952624495555219,0.061004191733975956,0.952624495555219,0.06200834026509704,43.0,0.9841079327590081,0.020394072506824255,0.9841079327590081,0.024688627532036527,1.6,0.9654723083927665,0.04675212956545124,0.9654723083927665,0.06429333856308721,5.49,0.97441445905589,0.034286855928689415,0.97441445905589,0.028557960295398924,49.0,0.8878379366826327,0.1262397961273994,0.8878379366826327,0.08787139625768091,22.7,0.9705643591795338,0.0387832350064253,0.9705643591795338,0.042014501410948916,70.2,0.9748077527325367,0.03417645540235307,0.9748077527325367,0.04689913382180117
67.8,0.965102875521289,0.04557670647279732,0.965102875521289,0.07267565134458595,1728.0,0.9533998014582614,0.060046334271351996,0.9533998014582614,0.0621927381958538,32.0,0.9838102574656259,0.02081284520164134,0.9838102574656259,0.02481729659954127,-4.7,0.9668835134330539,0.04443778211751405,0.9668835134330539,0.06151111785712151,17.94,0.9737388945834463,0.03509963134531081,0.9737388945834463,0.031107985099196024,53.0,0.8907318424469796,0.12203544938277812,0.8907318424469796,0.08171014675249723,32.5,0.970862034472916,0.03837578119415162,0.970862034472916,0.042229418800941644,67.5,0.9754833172049806,0.033362095237997484,0.9754833172049806,0.04523035957056742
37.3,0.9642957392696734,0.04682083425308781,0.9642957392696734,0.07345185151045346,1858.0,0.9512132905149315,0.06325788872169773,0.9512132905149315,0.06777237273797018,33.0,0.9824971123047451,0.02241628346447887,0.9824971123047451,0.02578302267113793,-2.3,0.9678989833005524,0.043295540484204656,0.9678989833005524,0.0616012619765827,12.63,0.9744250498409703,0.034391778267339565,0.9744250498409703,0.030660231917130056,52.0,0.8940464804970937,0.11739591200815748,0.8940464804970937,0.07440753135486548,30.2,0.9717156692953257,0.037381732760756764,0.9717156692953257,0.04133911978874642,76.1,0.9758593214177301,0.03295251490885499,0.9758593214177301,0.044268164787596535
39.6,0.9654005508146712,0.04517377434758417,0.9654005508146712,0.07009772135152767,1688.0,0.9513501740572353,0.06314319905141409,0.9513501740572353,0.06867141154072498,48.0,0.983350747127155,0.021395662658638383,0.983350747127155,0.023213354244135946,-1.6,0.9694973280034228,0.04148748340357695,0.9694973280034228,0.0597632153337994,10.07,0.9753340035214779,0.03341655728864136,0.9753340035214779,0.02928493450485484,51.0,0.896205143944505,0.115522116659036,0.896205143944505,0.07219970634586302,29.0,0.9728669794111178,0.03597680043643766,0.9728669794111178,0.0396205375216497,73.3,0.975260518781997,0.03362848697544294,0.975260518781997,0.045157407749791746
33.7,0.9667012202241596,0.043778055242710605,0.9667012202241596,0.07141094786671408,866.0,0.949393874550463,0.06538731997150661,0.949393874550463,0.07113914303086952,32.0,0.9843662169946533,0.020208617311759162,0.9843662169946533,0.022020033041677926,-3.1,0.9702579656842445,0.040661850652786116,0.9702579656842445,0.05898015723915921,3.51,0.9737356588186074,0.03524956553949109,0.9737356588186074,0.030603809144060974,20.0,0.8943441557904759,0.11704870125697155,0.8943441557904759,0.0721087037788822,19.6,0.972688909061152,0.03616339073047768,0.972688909061152,0.038233948853139195,61.2,0.9749628434886148,0.03403934271136165,0.9749628434886148,0.04542839909244558
31.8,0.9678650060913438,0.04249836560442374,0.9678650060913438,0.07038250092947226,816.0,0.9482084508688777,0.06636392241017379,0.9482084508688777,0.07052809914555729,35.0,0.9847869492804204,0.019709840081380905,0.9847869492804204,0.022499499141641913,4.7,0.9707355962939047,0.040075335333311965,0.9707355962939047,0.05877014067746432,4.17,0.973247437423867,0.03573556986994966,0.973247437423867,0.03210727165342868,0.0,0.8930651241953883,0.1179393719014906,0.8930651241953883,0.07090690546006229,20.4,0.9720133445887081,0.03697333822851137,0.9720133445887081,0.039660904940978556,54.5,0.9755616461243477,0.033363841784540056,0.9755616461243477,0.04453915613025037
39.6,0.9696453821087859,0.04003532967062369,0.9696453821087859,0.06712907758952875,818.0,0.9474562571125013,0.06703399125756913,0.9474562571125013,0.0728375611180781,57.0,0.9845321170937438,0.020043275545221024,0.9845321170937438,0.02200695404266495,2.3,0.9725159723113466,0.0376001011327662,0.9725159723113466,0.05314846977734237,4.51,0.9726949299438078,0.03646988890996722,0.9726949299438078,0.033557352308260235,2.0,0.8951281983329127,0.1168203858962896,0.8951281983329127,0.071075213819061,20.8,0.9714608371086491,0.037705970549481264,0.9714608371086491,0.04147259715594475,52.5,0.976099485382186,0.03279313366591155,0.976099485382186,0.04383049161601237
64.3,0.9696453821087859,0.04003532967062369,0.9696453821087859,0.06689542115513512,2565.0,0.9461250625427732,0.06869284382802845,0.9461250625427732,0.0766835353000578,55.0,0.983398856386799,0.021611902837713946,0.983398856386799,0.02152592219964469,0.0,0.9738471668810746,0.03584716692134126,0.9738471668810746,0.04791858611208799,25.21,0.9730348353388623,0.036123353914463495,0.9730348353388623,0.032962679854242706,22.0,0.8962919842000969,0.1157384047153841,0.8962919842000969,0.07316885754546698,34.9,0.9699993759480823,0.039403553122690255,0.9699993759480823,0.04222178902651422,69.8,0.9762775557321518,0.03260522806350716,0.9762775557321518,0.044646024938806775
17.3,0.9704990169311954,0.03904407143288311,0.9704990169311954,0.06291716086386927,1684.0,0.9454494980703293,0.06945603783195432,0.9454494980703293,0.07499602946288615,65.0,0.9817277564220165,0.023756669956377936,0.9817277564220165,0.023602975002908654,-1.6,0.9751603120419552,0.03427646642240692,0.9751603120419552,0.04500591130436887,6.25,0.9736599402759065,0.035515973218504415,0.9736599402759065,0.03253939659943895,36.0,0.8938529058498232,0.11719984198980156,0.8938529058498232,0.07298048248864554,26.3,0.9686862307872017,0.04095849861640833,0.9686862307872017,0.04480269037002104,75.7,0.976099485382186,0.03279313366591155,0.976099485382186,0.04486475316146631
43.1,0.9698234524587518,0.03985007566079057,0.9698234524587518,0.06500839623629086,1920.0,0.9461051281676135,0.06856400923102629,0.9461051281676135,0.07264436518397582,53.0,0.9809206201704009,0.025041489213846878,0.9809206201704009,0.0265676924474927,3.1,0.9780542178063022,0.02930985117829199,0.9780542178063022,0.03752453224596911,15.07,0.9754793562403752,0.0332700804445325,0.9754793562403752,0.030814870686988124,42.0,0.890228273113299,0.11995645201127221,0.890228273113299,0.07382443873047671,31.4,0.9689839060805842,0.04055254754894361,0.9689839060805842,0.04329557379368112,73.7,0.976099485382186,0.03279313366591155,0.976099485382186,0.04433172562315811
20.4,0.9699852875038402,0.03969121060963255,0.9699852875038402,0.0656248330737138,2085.0,0.9450003166226156,0.07014870902217148,0.9450003166226156,0.07425033541715724,26.0,0.9819360900378993,0.02386125787156145,0.9819360900378993,0.02599670286950146,1.6,0.9787098479035865,0.02835690429978202,0.9787098479035865,0.03432736946195936,6.15,0.9767925014012558,0.03169312002525858,0.9767925014012558,0.029450525775052652,31.0,0.890228273113299,0.11995645201127221,0.890228273113299,0.07621535013484472,24.7,0.9702970512414647,0.038996540638865054,0.9702970512414647,0.04077836592956353,76.5,0.9754133301246618,0.033503410928711425,0.9754133301246618,0.04618004907386301
40.8,0.9701633578538061,0.03950582334486813,0.9701633578538061,0.0645086496162264,780.0,0.944070123378615,0.07191302261823791,0.944070123378615,0.0706171646211011,62.0,0.9830693507448438,0.02229763126711696,0.9830693507448438,0.02486327636125571,2.3,0.9770387479388039,0.030479559278782195,0.9770387479388039,0.03847019621847407,4.42,0.9757770315337576,0.03285876135946526,0.9757770315337576,0.029350520420419274,25.0,0.8895527086408551,0.12062964266549492,0.8895527086408551,0.0751761263914066,20.8,0.9699210470287154,0.03940129818326093,0.9699210470287154,0.040186380206996594,54.1,0.9760888945971057,0.03268804965754854,0.9760888945971057,0.04566429666381483
20.4,0.9701633578538061,0.03950582334486813,0.9701633578538061,0.06644417063470848,2153.0,0.9471868275659453,0.06697593047662971,0.9471868275659453,0.06748371672840191,34.0,0.9838764869964594,0.021007656951003803,0.9838764869964594,0.021914940248476174,-1.6,0.9759054872318593,0.03202377612109128,0.9759054872318593,0.04113992188807771,5.97,0.9741786868308869,0.03469356704925692,0.9741786868308869,0.03179644634618791,39.0,0.8905681785083536,0.11967342392324506,0.8905681785083536,0.07796029045823226,27.5,0.9684117821090213,0.04132664373925034,0.9684117821090213,0.042809300407289225,63.9,0.9757309397932037,0.033224244559233534,0.9757309397932037,0.0466396307056962
19.2,0.9699852875038402,0.03969121060963255,0.9699852875038402,0.06790002666688487,1982.0,0.9494554249781277,0.06415668057913723,0.9494554249781277,0.06367165997428371,27.0,0.9851896321573399,0.019400006495141717,0.9851896321573399,0.02039085039094188,0.0,0.9732664136541891,0.036646038553879705,0.9732664136541891,0.048091914862045275,5.69,0.974716526088725,0.03412445383041217,0.974716526088725,0.03329125891710183,35.0,0.8871735299876803,0.12618103178553636,0.8871735299876803,0.11143375623181136,23.9,0.9699210470287154,0.03940129818326093,0.9699210470287154,0.039650084657376704,63.1,0.9761069440059532,0.03281450065154179,0.9761069440059532,0.04878913362146055
39.6,0.969687612210458,0.04009787140194328,0.969687612210458,0.06936618456708586,798.0,0.9489029174980685,0.06485549485476644,0.9489029174980685,0.06425883322600337,46.0,0.9851896321573399,0.019400006495140995,0.9851896321573399,0.020712567338687957,-2.3,0.9719352190844612,0.038396774807659836,0.9719352190844612,0.049629551779560376,4.38,0.9744937276657415,0.034390449875832264,0.9744937276657415,0.034007997307943044,21.0,0.8883067906946248,0.1249044279477482,0.8883067906946248,0.1095292742272538,20.4,0.9699210470287154,0.03940129818326093,0.9699210470287154,0.040186380206996594,53.3,0.9761069440059532,0.03281450065154179,0.9761069440059532,0.04906047509628992
100.0,0.9686721423429597,0.04124574251334259,0.9686721423429597,0.07338847081783673,1262.0,0.9470588807834807,0.06677177552414915,0.9470588807834807,0.06552804404863183,60.0,0.9851896321573399,0.019400006495141717,0.9851896321573399,0.021216419913844,-3.1,0.9701548430670194,0.04086898652680924,0.9701548430670194,0.05351062171055445,20.31,0.9733889161207434,0.03606623658915417,0.9733889161207434,0.03832950729659313,33.0,0.8866356907298422,0.12663964415183082,0.8866356907298422,0.11306414597471716,35.7,0.9687877863217706,0.040923310897872746,0.9687877863217706,0.042789461578208,63.8636053593179,0.9770174062899144,0.03153824392344886,0.9770174062899144,0.0460941473174446
58.0,0.9665518609304633,0.04404545094861086,0.9665518609304633,0.07837465585886834,1756.0,0.9470588807834807,0.06677177552414915,0.9470588807834807,0.06669453860033549,26.0,0.9851896321573399,0.019400006495141717,0.9851896321573399,0.02000930810424763,3.1,0.9724962413513071,0.03668253962757892,0.9724962413513071,0.046936339889767566,15.25,0.9720577215510154,0.03781799906077488,0.9720577215510154,0.0408861294514092,35.0,0.8815321618754995,0.13538331097045211,0.8815321618754995,0.11194396561341698,27.1,0.9684901110283884,0.041329060809629864,0.9684901110283884,0.04400145565218489,69.4,0.974454891133835,0.035308455931520245,0.974454891133835,0.051032872760492023
51.0,0.965498610694078,0.04583429197859307,0.965498610694078,0.07998911238900389,1502.0,0.9466828765707311,0.06715507528527788,0.9466828765707311,0.06485050200699786,51.0,0.9851896321573399,0.019400006495141717,0.9851896321573399,0.02247594292362425,6.2,0.971958402093469,0.037248855106257285,0.971958402093469,0.047762265560606504,5.43,0.9720577215510154,0.03781799906077559,0.9720577215510154,0.03902671497603281,29.0,0.8784154576881692,0.13970345861251596,0.8784154576881692,0.11750026187418258,22.7,0.9673852994833906,0.042986114257314086,0.9673852994833906,0.045277397551188425,68.6,0.9746329614838006,0.035121346687112864,0.9746329614838006,0.05050083255486183
21.6,0.9648429805967936,0.04676198206970274,0.9648429805967936,0.08285186997683751,1312.0,0.9461303690906719,0.06784987937123689,0.9461303690906719,0.06557962055397504,31.0,0.9842163923915136,0.020651506662998552,0.9842163923915136,0.025192833463421598,7.0,0.971958402093469,0.037248855106258,0.971958402093469,0.045042806517280425,3.67,0.9715198822931773,0.03838341247959776,0.9715198822931773,0.03834764544679622,17.0,0.8778166550524361,0.1402348565548852,0.8778166550524361,0.11837562324404204,19.6,0.9660721543225098,0.0445317124848018,0.9660721543225098,0.04533883657335759,71.4,0.9733322920743126,0.03654104890271069,0.9733322920743126,0.05306854757016471
80.4,0.965498610694078,0.04583429197859236,0.965498610694078,0.08086412788131768,1259.0,0.9438780977297585,0.07002521557133984,0.9438780977297585,0.06705629508623795,71.0,0.9820961109790175,0.02354348407611429,0.9820961109790175,0.027803179623694566,6.2,0.971958402093469,0.037248855106258,0.971958402093469,0.045042806517280425,15.26,0.972280519973999,0.03755349274982289,0.972280519973999,0.039745769211214955,28.0,0.8755480576402537,0.14262015945228307,0.8755480576402537,0.12107568566632543,32.5,0.9650989145566835,0.04573283376852407,0.9650989145566835,0.04755364539105204,59.2,0.9727797845942534,0.03727497831425685,0.9727797845942534,0.05499967674240608
85.9,0.9640371495335112,0.047508437463201096,0.9640371495335112,0.08368255880789001,2099.0,0.9416915867864286,0.07317873823303911,0.9416915867864286,0.07249061244675792,52.0,0.9813208050759751,0.02456190998917955,0.9813208050759751,0.027921494298258864,3.1,0.9735408442481271,0.034986171273154155,0.9735408442481271,0.04390578454617226,26.75,0.9726565241867483,0.03714696215486875,0.9726565241867483,0.03965576397705639,45.0,0.8761468602759868,0.14209226016835752,0.8761468602759868,0.12201278506616602,35.7,0.9648137150146937,0.045987933477759514,0.9648137150146937,0.049072964307389,67.1,0.9730346167809302,0.036950160684876505,0.9730346167809302,0.05519667725165266
38.0,0.9642152198834774,0.04732572039746956,0.9642152198834774,0.08297847785734352,2011.0,0.9432899314892992,0.07147420000226072,0.9432899314892992,0.07024400491125626,21.0,0.9797383629213168,0.026860421124061142,0.9797383629213168,0.03181047878412588,0.0,0.9735408442481271,0.034986171273154155,0.9735408442481271,0.04349247115954388,7.51,0.9742548688896191,0.035319228154105084,0.9742548688896191,0.037751820505420884,37.0,0.8770859864760197,0.1415292833588503,0.8770859864760197,0.11690213652125392,25.9,0.9656673498371033,0.04500722889724427,0.9656673498371033,0.04937690785913132,73.7,0.9732574152039137,0.036685172489324215,0.9732574152039137,0.05363006514486783
82.0,0.9627059549637831,0.049226593946660326,0.9627059549637831,0.08562195401685962,1342.0,0.9443586623008448,0.07051663761468376,0.9443586623008448,0.06699197056895001,39.0,0.978067262956534,0.02898796488043828,0.978067262956534,0.03512003218632019,-3.9,0.9735408442481271,0.034986171273154155,0.9735408442481271,0.0414453688833751,16.86,0.9762185814099654,0.03222739008153855,0.9762185814099654,0.0342287137229244,39.0,0.8840505034843916,0.13140728867156048,0.8840505034843916,0.13192554617786786,32.5,0.968051794643217,0.04148300317578192,0.968051794643217,0.044884034786603084,63.5,0.9736781474896808,0.03619934039160867,0.9736781474896808,0.05396325215128347
21.6,0.9636149086442909,0.048277873217742885,0.9636149086442909,0.08702499701133903,909.0,0.942569974911736,0.07204472627029293,0.942569974911736,0.06724523117211609,32.0,0.9774684603208011,0.029667985956490853,0.9774684603208011,0.037852162894642466,-2.3,0.9729883367680682,0.03572114935046525,0.9729883367680682,0.042206292319008284,4.41,0.9768941458824093,0.03141043483820739,0.9768941458824093,0.0337958709471659,21.0,0.8847061335816758,0.13062556488943725,0.8847061335816758,0.12989967527747207,18.8,0.968604302123276,0.04075524678107779,0.968604302123276,0.042048577911540694,56.9,0.9736781474896808,0.03619934039160938,0.9736781474896808,0.052117996848101915
28.2,0.9652860086090734,0.04621663933111938,0.9652860086090734,0.08498988432447344,1948.0,0.9437032356186805,0.07060389799015257,0.9437032356186805,0.06630158639200055,20.0,0.977047728035034,0.03015864297426378,0.977047728035034,0.039857533961771864,0.0,0.9719728669005698,0.036877785147651866,0.9719728669005698,0.044438400616329095,8.53,0.9784765880370673,0.02912620809541593,0.9784765880370673,0.0332633789958492,44.0,0.890287293045679,0.12132665673192801,0.890287293045679,0.07916896515349187,27.5,0.9708728995354582,0.037803823443963325,0.9708728995354582,0.04023255890800366,74.5,0.9741251820767594,0.03577853215822492,0.9741251820767594,0.051624512203671175
32.5,0.9667952735287675,0.04430556044509761,0.9667952735287675,0.08473175503646117,852.0,0.9462657507747599,0.06705414225491518,0.9462657507747599,0.062375583489765664,32.0,0.9783608731959146,0.028574824979955293,0.9783608731959146,0.03812666507029869,6.2,0.9714846455058292,0.037362027285110004,0.9714846455058292,0.044057097500163234,3.88,0.9788973203228344,0.028634351954731567,0.9788973203228344,0.03302504501711231,21.0,0.8958953692625891,0.11539425014372559,0.8958953692625891,0.07298749534968921,19.6,0.9718883694029566,0.036649551011438054,0.9718883694029566,0.0411408803575517,52.2,0.9743231159395429,0.035557527086144035,0.9743231159395429,0.05267030955623306
77.6,0.9666172031788015,0.04448936950387735,0.9666172031788015,0.08347025310351859,1577.0,0.9493824549620903,0.06208850085333655,0.9493824549620903,0.05814507571447149,19.0,0.9786157053825913,0.02824576644972335,0.9786157053825913,0.03754483002684141,3.1,0.9704388082830179,0.03845032871253943,0.9704388082830179,0.04475933602951446,18.22,0.9808610328431809,0.025513724177199503,0.9808610328431809,0.02997892070612094,38.0,0.9014511518001933,0.10939370958292927,0.9014511518001933,0.0642909663765995,32.9,0.972186044696339,0.03624085559254792,0.972186044696339,0.0415280970564227,65.5,0.9734126536555818,0.036826342799479654,0.9734126536555818,0.05483021207627781
23.9,0.9649083228451321,0.047205310332492145,0.9649083228451321,0.08846238782366639,1799.0,0.9484719926781293,0.06329763957205733,0.9484719926781293,0.059800695519433,31.0,0.9786157053825913,0.02824576644972335,0.9786157053825913,0.039736322255553604,2.3,0.9725590896955142,0.035626386700960674,0.9725590896955142,0.0395598790931531,5.36,0.9822206765748557,0.02348101499631047,0.9822206765748557,0.02648663093104589,41.0,0.9019889910580314,0.10891460357212818,0.9019889910580314,0.06716924208302014,25.9,0.9739664207137808,0.03375468832277656,0.9739664207137808,0.0382505178783715,71.0,0.9734126536555818,0.0368263427994793,0.9734126536555818,0.05496970769481014
33.3,0.9627880414326356,0.04998031728746299,0.9627880414326356,0.09566635599740979,1960.0,0.9462854817347994,0.06648363229117962,0.9462854817347994,0.0622528521751815,36.0,0.9790364376683585,0.02775345832330054,0.9790364376683585,0.03742764608387714,-3.1,0.9736049269183256,0.03453249254650901,0.9736049269183256,0.03858629908897251,11.55,0.9817714951271421,0.02422418321793317,0.9817714951271421,0.02728913437785574,40.0,0.900973521190533,0.10989869120200538,0.900973521190533,0.06558759759666413,31.0,0.974264096007163,0.03334418660919793,0.974264096007163,0.038176185755659404,74.1,0.9743231159395429,0.03555752708614332,0.9743231159395429,0.05280980517476539
19.6,0.9631640456453852,0.049582892211909126,0.9631640456453852,0.09527123780594109,2022.0,0.9429708436846853,0.07162315364823023,0.9429708436846853,0.06685884147038676,45.0,0.978726286623584,0.028056805402586187,0.978726286623584,0.03594870327290979,-2.3,0.9743655645991471,0.03369765569349007,0.9743655645991471,0.03733415457534801,11.13,0.9812938645174819,0.0248255271681461,0.9812938645174819,0.02997376448503962,39.0,0.9012283533772097,0.10961988366373115,0.9012283533772097,0.0636430909076347,30.6,0.9737115885271039,0.03408067169045395,0.9737115885271039,0.04202622316755462,72.9,0.9737243133038099,0.03623076965074653,0.9737243133038099,0.054057913600565666
61.6,0.9655484904514987,0.04607968375675322,0.9655484904514987,0.0873060919451829,1976.0,0.9427927733347196,0.0717968663677915,0.9427927733347196,0.06699030385961943,60.0,0.9781011816865396,0.02867234944538604,0.9781011816865396,0.03626551903680761,-3.9,0.9743655645991471,0.03369765569349007,0.9743655645991471,0.036462136890675574,22.02,0.980440229695072,0.02584094979875297,0.980440229695072,0.031275157351666916,45.0,0.9058000638563702,0.10520985069381315,0.9058000638563702,0.0612464919534102,33.7,0.9743871529995479,0.03326721345783575,0.9743871529995479,0.04043317332974231,69.0,0.9741003175165595,0.03582308174778936,0.9741003175165595,0.05367926604086446
48.04087253229344,0.9671309326061569,0.043847172488109036,0.9671309326061569,0.08099617979236085,2160.0,0.9441059184956001,0.07032938857567936,0.9441059184956001,0.06451476806421302,64.0,0.9776888933252176,0.029045040985524854,0.9776888933252176,0.036181686536913206,3.9,0.9755293504663316,0.03239496045223729,0.9755293504663316,0.03617175645248541,9.78,0.980440229695072,0.02584094979875297,0.980440229695072,0.031275157351666916,43.0,0.9079203452688663,0.10274144298987298,0.9079203452688663,0.05971370201824043,29.4,0.9743871529995479,0.03326721345783575,0.9743871529995479,0.04043317332974231,75.3,0.9742486335162454,0.03568406736546895,0.9742486335162454,0.05352302813943918
60.8,0.9657997380364287,0.04557631067290017,0.9657997380364287,0.083529799277668,2093.0,0.9452697043627846,0.0691147951242657,0.9452697043627846,0.0633125468665103,55.0,0.9779116917482009,0.02877690339626544,0.9779116917482009,0.03623042747916464,4.7,0.97476871278551,0.03323187377845174,0.97476871278551,0.039837109075911106,6.8,0.9794247598275735,0.02701725563893905,0.9794247598275735,0.03299765298082968,40.0,0.9070098829849054,0.10385163581455016,0.9070098829849054,0.058864410896639074,24.7,0.9727160530347652,0.03537162688834633,0.9727160530347652,0.043759739583947514,68.2,0.9740506996534619,0.03590502872611684,0.9740506996534619,0.05496413479602146
22.0,0.9657997380364287,0.04557631067290017,0.9657997380364287,0.083529799277668,1322.0,0.9470583917518932,0.06757601249268637,0.9470583917518932,0.06505168854855156,52.0,0.9790846177903445,0.027560102556452387,0.9790846177903445,0.036922950086510815,3.9,0.9746203967858239,0.0333713412940649,0.9746203967858239,0.03817418631697574,4.71,0.9788259571918406,0.02769947522177973,0.9788259571918406,0.03303499182538019,43.0,0.9087720575665225,0.10232695249665615,0.9087720575665225,0.05897067499361504,26.3,0.9722953207489983,0.03585730580642889,0.9722953207489983,0.04353207084706422,64.7,0.973375135181018,0.03671636045384784,0.973375135181018,0.05727861658606841
28.2,0.9674708380012114,0.04350535804020399,0.9674708380012114,0.07930620868620664,829.0,0.9470583917518932,0.06757601249268637,0.9470583917518932,0.06505168854855156,23.0,0.9814900987448307,0.024419902176736143,0.9814900987448307,0.03467565154705424,3.1,0.9764398127502926,0.031119102881836717,0.9764398127502926,0.03641531350124795,3.66,0.9775128120309602,0.02928525793447383,0.9775128120309602,0.03462483835675698,40.0,0.9121384798145682,0.09840721407083591,0.9121384798145682,0.05549763644518346,20.0,0.9731489555714078,0.034859480519381515,0.9731489555714078,0.04135338621632543,55.7,0.973375135181018,0.03671636045384784,0.973375135181018,0.05604174174056009
61.2,0.9674708380012114,0.04350535804020399,0.9674708380012114,0.07930620868620664,1430.0,0.9481916524588376,0.06612216156884836,0.9481916524588376,0.06120509820909749,64.0,0.9826233594517753,0.022857654982359192,0.9826233594517753,0.03353051852556325,6.2,0.977493062986678,0.029293013483114264,0.977493062986678,0.03369241270066553,16.33,0.9766023497469991,0.030564290662065216,0.9766023497469991,0.03777893718878128,47.0,0.9136848412357741,0.09699835109302442,0.9136848412357741,0.055346111995269794,32.2,0.9747313977260662,0.032589995896641966,0.9747313977260662,0.039167166240243294,65.9,0.9743483749468441,0.03549514687288155,0.9743483749468441,0.05424997554492821
44.3,0.9667846827436871,0.044201345182732256,0.9667846827436871,0.0797022080020201,1529.0,0.9481916524588376,0.06612216156884836,0.9481916524588376,0.06120509820909749,48.0,0.9830725408994889,0.022113198328506077,0.9830725408994889,0.032680303355037625,-1.6,0.9780455704667369,0.028550813841744654,0.9780455704667369,0.033202830739861716,11.57,0.9762263455342496,0.030975121797389527,0.9762263455342496,0.03937548280868416,45.0,0.9143404713330583,0.09615932659965976,0.9143404713330583,0.052899310173879284,29.8,0.9760320671355543,0.031162843247635207,0.9760320671355543,0.036851724912265175,72.9,0.9743483749468441,0.03549514687288048,0.9743483749468441,0.05340942835088688
30.2,0.9657314325073018,0.045990470872146944,0.9657314325073018,0.0832971861541856,872.0,0.9480298174137491,0.06627264445354804,0.9480298174137491,0.06187890915326482,36.0,0.9833702161928713,0.021695142752750113,0.9833702161928713,0.032122204925687924,4.7,0.9783004026534139,0.02822185987302613,0.9783004026534139,0.03399834311597078,3.64,0.9764044158842152,0.030786858605447744,0.9764044158842152,0.03949598530273209,20.0,0.9149961014303425,0.09531899903937197,0.9149961014303425,0.053537434836314804,19.2,0.9761939021806431,0.031001436057899453,0.9761939021806431,0.03855996966074478,57.6,0.9740935427601674,0.03582080983782127,0.9740935427601674,0.05570501570608539
100.0,0.9633900342230138,0.050123924634386245,0.9633900342230138,0.08944739361321752,1323.0,0.9480298174137491,0.06627264445354875,0.9480298174137491,0.06102195964981062,71.0,0.9839227236729303,0.02094401585514075,0.9839227236729303,0.030143529436605126,7.0,0.9783004026534139,0.02822185987302613,0.9783004026534139,0.03399834311597078,19.8,0.9752711551772708,0.0323296691043857,0.9752711551772708,0.042929193799441163,36.0,0.9165026990988444,0.09451153576915126,0.9165026990988444,0.054459257331299096,34.5,0.9754185962776004,0.03200758922670834,0.9754185962776004,0.041525361874420526,54.5,0.9727623481904393,0.03757424896239534,0.9727623481904393,0.05840900643308285
80.4,0.9647212287927421,0.048405692229369246,0.9647212287927421,0.08414329141620053,2053.0,0.9447151793636351,0.07142327000796617,0.9447151793636351,0.06730254231699949,25.0,0.9839227236729303,0.02094401585514075,0.9839227236729303,0.029111462692641286,0.8,0.9794641885205981,0.026907071922473973,0.9794641885205981,0.033696348073472535,16.26,0.9752711551772708,0.0323296691043857,0.9752711551772708,0.04385392592108934,41.0,0.9163047652360607,0.09470580624060533,0.9163047652360607,0.05439066057001231,27.1,0.9770896962423831,0.02989123880904484,0.9770896962423831,0.039307256501428973,66.7,0.973017180377116,0.037249515902833034,0.973017180377116,0.056152448505925504
62.4,0.9650189040861243,0.04800380342628475,0.9650189040861243,0.0815808274528546,1766.0,0.9448770144087237,0.07127427474618422,0.9448770144087237,0.06798768866316529,21.0,0.9845215263086634,0.020253958869638437,0.9845215263086634,0.029513138212973068,-0.8,0.979043456234831,0.02739996922583648,0.979043456234831,0.033024630322787685,16.1,0.9764349410444555,0.031024057415113007,0.9764349410444555,0.04155587589126388,27.0,0.9165026990988444,0.0945115357691516,0.9165026990988444,0.05587902493894954,32.2,0.977765260714827,0.029071900074936635,0.977765260714827,0.03930553620454217,69.8,0.973017180377116,0.03724951590283232,0.973017180377116,0.05502445805433153
40.8,0.9664803652466911,0.04632855930450744,0.9664803652466911,0.07931026040576276,788.0,0.9463539798665946,0.07004276333041769,0.9463539798665946,0.07028610034111038,59.0,0.98477635849534,0.019920581636275542,0.98477635849534,0.028846679759952257,3.1,0.9792413900976147,0.02717608142700105,0.9792413900976147,0.03424750233406528,5.11,0.9752711551772708,0.032329669104384985,0.9752711551772708,0.04021871597247314,25.0,0.9172548928552209,0.09388942692076252,0.9172548928552209,0.05544923167938408,27.5,0.9781859930005941,0.028580396190408804,0.9781859930005941,0.038817355611901055,55.7,0.9732399788000996,0.03698460130328674,0.9732399788000996,0.05623914766790798
20.0,0.9673340000691009,0.04534632258534049,0.9673340000691009,0.07952069651038354,2605.0,0.9473041074857548,0.06916854284868533,0.9473041074857548,0.07025176891324905,28.0,0.9852645798900805,0.01942056037656087,0.9852645798900805,0.028946977073126764,1.6,0.9803746508045591,0.025620728353364538,0.9803746508045591,0.02985004865537932,8.65,0.9743622014967632,0.03330583614878896,0.9743622014967632,0.042657056781159754,33.0,0.9185555622647091,0.09263852495740184,0.9185555622647091,0.055851553745932994,25.9,0.9771705231330957,0.029751027513995526,0.9771705231330957,0.03968779267970122,69.0,0.9732399788000996,0.03698460130328674,0.9732399788000996,0.056463029650780525
38.4,0.9673340000691009,0.04534632258534049,0.9673340000691009,0.08117544347697295,1828.0,0.9477248397715219,0.06871094480840106,0.9477248397715219,0.06925529546924146,21.0,0.9862800497575789,0.018229085614969633,0.9862800497575789,0.028326564657983024,4.7,0.980973453440292,0.024936106786168956,0.980973453440292,0.026545812622206774,10.67,0.9750377659692071,0.03249126595620972,0.9750377659692071,0.042994639081237206,42.0,0.9185555622647091,0.09263852495740184,0.9185555622647091,0.05509013317027403,29.4,0.9773485934830618,0.029562348282296702,0.9773485934830618,0.04082069221335426,73.3,0.9715310984664299,0.03973343579220734,0.9715310984664299,0.06071480269942964
35.7,0.9661702142019164,0.04662182683619368,0.9661702142019164,0.08607899482961417,795.0,0.9479227736343058,0.06850320559576982,0.9479227736343058,0.06902132293882449,32.0,0.9860252175709022,0.01856342480230313,0.9860252175709022,0.03042303166417959,3.9,0.9822865986011727,0.023338617826824268,0.9822865986011727,0.024630993107095052,4.02,0.9760532358367054,0.03132617588631363,0.9760532358367054,0.039656330624425015,17.0,0.9192111923619934,0.09179117922377178,0.9192111923619934,0.05273316263087875,20.4,0.9788578584027556,0.027599913345251324,0.9788578584027556,0.03773657910964309,58.8,0.9684143942790996,0.04489643832716765,0.9684143942790996,0.06970934311593502
16.9,0.9663482845518824,0.04643850336416582,0.9663482845518824,0.0859058806211361,1295.0,0.9475104852729838,0.06884631142002103,0.9475104852729838,0.0702815142099051,36.0,0.9865028481805624,0.017956033278993977,0.9865028481805624,0.029466364285417324,7.8,0.9828244378590109,0.02275823590039086,0.9828244378590109,0.02332120238236754,3.54,0.9743821358719229,0.03343771214934067,0.9743821358719229,0.041715809527078804,6.0,0.9192111923619934,0.0917911792237711,0.9192111923619934,0.054801498256141695,18.4,0.9778423885352573,0.02877240747060618,0.9778423885352573,0.03889986230917787,69.8,0.9687903984918489,0.04449449034833466,0.9687903984918489,0.07044682251829953
40.0,0.9675120704190668,0.04516252284907049,0.9675120704190668,0.08161274738395463,769.0,0.9490197501926776,0.06700910014959431,0.9490197501926776,0.07027528445881061,41.0,0.9851897030196817,0.01956782054937025,0.9851897030196817,0.03162834302093318,2.3,0.9836780726814207,0.021737559397247586,0.9836780726814207,0.022349204604364382,3.44,0.9730814664624345,0.034859271793274346,0.9730814664624345,0.042285909822090156,8.0,0.917783434133173,0.09313715975381813,0.917783434133173,0.056253926181060024,20.8,0.9772435858995244,0.02945239593929577,0.9772435858995244,0.0389116787705634,54.1,0.9704992788255186,0.04176218944117576,0.9704992788255186,0.066214149761976
25.5,0.9708267084691807,0.039786143897274265,0.9708267084691807,0.07181560150174221,884.0,0.9530865819991681,0.06113921335190595,0.9530865819991681,0.0630477008426455,35.0,0.983830059288007,0.02161227953458872,0.983830059288007,0.03562602817091824,3.9,0.9842768753171536,0.021048163287058462,0.9842768753171536,0.022754215612579235,2.65,0.9726691781011125,0.03522730407782002,0.9726691781011125,0.0421587447811478,14.0,0.916632124017381,0.0943857774299742,0.916632124017381,0.058383738632225804,18.0,0.978556731060405,0.027867295642190267,0.978556731060405,0.03544860293886737,58.0,0.9702444466388418,0.042084846467952665,0.9702444466388418,0.06660523843194474
46.3,0.9715022729416246,0.03897920459028183,0.9715022729416246,0.06860710784447596,1278.0,0.9530865819991681,0.06113921335190595,0.9530865819991681,0.0630477008426455,22.0,0.9836072608650237,0.021883741905623175,0.9836072608650237,0.03735809647732504,3.1,0.9842768753171536,0.021048163287058462,0.9842768753171536,0.023672794181559736,10.11,0.9716959383352864,0.03644655653637535,0.9716959383352864,0.044588528234249275,20.0,0.916632124017381,0.0943857774299742,0.916632124017381,0.058383738632225804,29.0,0.980065995980099,0.02589971155544346,0.980065995980099,0.033612572062963905,66.7,0.9697668160291816,0.04267005568780937,0.9697668160291816,0.06950263069750962
47.5,0.9713539569419387,0.03911729330739883,0.9713539569419387,0.06721929374002883,1151.0,0.9529247469540795,0.0612914355608352,0.9529247469540795,0.06325094031227833,45.0,0.9845805006308498,0.020634260045890435,0.9845805006308498,0.03534919061358864,-5.5,0.9842768753171536,0.021048163287058462,0.9842768753171536,0.023500444602957624,7.9,0.9695756569227901,0.03926605908783621,0.9695756569227901,0.04891781874170913,12.0,0.916632124017381,0.0943857774299742,0.916632124017381,0.058383738632225804,25.9,0.9795134885000398,0.026645006416142605,0.9795134885000398,0.03529308070263573,60.8,0.9686155059133895,0.04406228752066384,0.9686155059133895,0.07130868333847985
59.6,0.9706783924694948,0.03992400501728014,0.9706783924694948,0.06859310332289958,960.0,0.9529247469540795,0.0612914355608352,0.9529247469540795,0.06380494169972951,66.0,0.984325668444173,0.020967384190753866,0.984325668444173,0.03441167724015724,-0.8,0.984022043130477,0.021381074220781754,0.984022043130477,0.023857441472476246,8.5,0.9695756569227901,0.0392660590878355,0.9695756569227901,0.04944080868739453,9.0,0.916632124017381,0.0943857774299742,0.916632124017381,0.058383738632225804,27.5,0.978408676955042,0.02833857226120494,0.978408676955042,0.03875442939977802,59.2,0.9688703381000665,0.04374072944447164,0.9688703381000665,0.06973444055681528
79.2,0.9709885435142693,0.03962709012481518,0.9709885435142693,0.06636860646336835,788.0,0.9503145207892638,0.06401023939693307,0.9503145207892638,0.06632889078226033,20.0,0.9848635077020111,0.020384449508642707,0.9848635077020111,0.03380481387402894,-2.3,0.9834695356504178,0.022132033957377277,0.9834695356504178,0.025883596381891045,10.03,0.9695756569227901,0.0392660590878355,0.9695756569227901,0.04944080868739453,6.0,0.916759212836713,0.09429330116632062,0.916759212836713,0.056630612637661434,29.4,0.9792158132066574,0.02705986601088335,0.9792158132066574,0.035872257327717816,66.3,0.9690931365230498,0.04347850915719515,0.9690931365230498,0.06717390005073842
35.3,0.9718421783366792,0.03863400356137199,0.9718421783366792,0.06568463517761437,801.0,0.9477819510154455,0.06704652801846529,0.9477819510154455,0.07089319896323899,67.0,0.9859967684089558,0.018812002135882303,0.9859967684089558,0.031058719870521785,0.8,0.9834695356504178,0.022132033957377277,0.9834695356504178,0.024022984259133302,4.14,0.9695756569227901,0.0392660590878355,0.9695756569227901,0.04944080868739453,7.0,0.9146758245106085,0.09647148904137291,0.9146758245106085,0.05974203091790416,25.5,0.9795134885000398,0.026645006416143327,0.9795134885000398,0.03366891436867619,56.5,0.9687171323103002,0.04388098777966909,0.9687171323103002,0.0672910392300533
66.7,0.9716641079867134,0.03881989650815621,0.9716641079867134,0.06827478488227084,1378.0,0.9464507564457174,0.06870599881079242,0.9464507564457174,0.07330928052040604,55.0,0.9875792105636139,0.01648536307856917,0.9875792105636139,0.026669600203505187,0.0,0.9843231704728277,0.021110118631320018,0.9843231704728277,0.02290712686098825,13.1,0.9695756569227901,0.0392660590878355,0.9695756569227901,0.04944080868739453,17.0,0.9141981939009481,0.09699231948870193,0.9141981939009481,0.06137009317937517,30.6,0.9795134885000398,0.026645006416143327,0.9795134885000398,0.03366891436867619,63.5,0.9629380389835135,0.05479384284015817,0.9629380389835135,0.06911029860890626
20.8,0.9716641079867132,0.03881989650815584,0.9716641079867132,0.07065916314465065,1999.0,0.9460300241599503,0.06916290151129979,0.9460300241599503,0.07349126112165158,61.0,0.9887124712705583,0.01490398139897896,0.9887124712705583,0.023780168320201328,3.1,0.9831718603570355,0.02255000085818748,0.9831718603570355,0.023364039205566844,9.27,0.9711580990774482,0.037012502919966904,0.9711580990774482,0.04681657439055686,22.0,0.9118685574326183,0.09850890186073823,0.9118685574326183,0.06233599433893812,28.6,0.9809749496606066,0.024910604199090393,0.9809749496606066,0.03182984443408109,63.1,0.9631359728462972,0.054579451908144304,0.9631359728462972,0.06999906467679655
74.5,0.9745367741875673,0.0347706080868173,0.9745367741875673,0.06296574944246384,1933.0,0.9455418027652098,0.06961654814815753,0.9455418027652098,0.07431515082402694,58.0,0.9881136686348254,0.015600322472155535,0.9881136686348254,0.025877960641793554,-2.3,0.9831718603570355,0.0225500008581882,0.9831718603570355,0.022310770178803306,22.42,0.9704825346050044,0.03782050503066276,0.9704825346050044,0.04898343825883486,30.0,0.9118685574326183,0.09850890186073823,0.9118685574326183,0.06233599433893812,34.1,0.9813956819463737,0.024415620834711743,0.9813956819463737,0.031327986451308,67.1,0.9608673754341149,0.057466371170369984,0.9608673754341149,0.07381010131944646
72.2,0.9745367741875671,0.03477060808681729,0.9745367741875671,0.06296574944246384,2624.0,0.9466750634721544,0.06816772726959185,0.9466750634721544,0.07302660050830288,33.0,0.9881136686348254,0.015600322472155535,0.9881136686348254,0.025078072833210452,0.0,0.9831718603570355,0.02255000085818748,0.9831718603570355,0.022587311629383433,28.65,0.96934927389806,0.039345299124787174,0.96934927389806,0.05054543570000764,32.0,0.9118685574326183,0.09850890186073823,0.9118685574326183,0.06233599433893812,35.7,0.9802318960791894,0.025736085142119256,0.9802318960791894,0.03313296458545298,69.4,0.9595361808643867,0.059164642281659546,0.9595361808643867,0.07575324634963193
56.9,0.9718977006098971,0.0393786882787645,0.9718977006098971,0.07002959020683158,1625.0,0.9512687331173558,0.061951807804461065,0.9512687331173558,0.06540757375659491,49.0,0.9881136686348254,0.015600322472155535,0.9881136686348254,0.02431363258661258,-1.6,0.9835925926428026,0.02205285147345128,0.9835925926428026,0.02325902938006828,13.93,0.9690515986046778,0.03975178343404444,0.9690515986046778,0.05148167762259069,36.0,0.9083500971898434,0.10138077842539339,0.9083500971898434,0.066091887479296,31.0,0.9802318960791894,0.025736085142118538,0.9802318960791894,0.034257988976782075,69.0,0.9591962754693323,0.05949785344177363,0.9591962754693323,0.07723238012385694
22.7,0.9709872383259361,0.040640597203809754,0.9709872383259361,0.07174221872907335,1501.0,0.9526520906617247,0.06075549686979025,0.9526520906617247,0.06381015755556377,40.0,0.9868005234739446,0.017217953717978043,0.9868005234739446,0.026385850614811107,3.1,0.9814723112303065,0.024939914701504088,0.9814723112303065,0.02556518867234224,7.28,0.9690515986046778,0.03975178343404444,0.9690515986046778,0.05148167762259069,47.0,0.906287023052319,0.10255930336261779,0.906287023052319,0.06673042731073577,25.9,0.9802318960791894,0.025736085142118538,0.9802318960791894,0.034257988976782075,63.1,0.9568118306632188,0.06294309767348963,0.9568118306632188,0.08370068063984493
44.3,0.969656043756208,0.04238151639299694,0.969656043756208,0.07358663327408557,1600.0,0.9515833598501793,0.06173382506208899,0.9515833598501793,0.06411897760767217,41.0,0.9879518335897367,0.015766348029139166,0.9879518335897367,0.024157437503921752,6.2,0.9814723112303063,0.024939914701504445,0.9814723112303063,0.027292331283917625,10.46,0.9684264936676333,0.040353338730756874,0.9684264936676333,0.05179299996519382,52.0,0.9030203451196966,0.10496060301161839,0.9030203451196966,0.0674266631670989,27.23618212807402,0.9800339622164056,0.025960501330122503,0.9800339622164056,0.03542825001973841,71.0,0.9561256754056946,0.06361678817399018,0.9561256754056946,0.08544590317055828
56.5,0.9705665060401689,0.04112307504040345,0.9705665060401689,0.07388293019086592,1553.0,0.9518810351435615,0.06134198649026077,0.9518810351435615,0.06696792574505665,48.0,0.9879518335897367,0.015766348029139166,0.9879518335897367,0.026367801075755853,3.9,0.9799630463106123,0.026911916868336598,0.9799630463106123,0.028268616544768185,12.69,0.9686492920906167,0.04009046844616144,0.9686492920906167,0.053587247305307055,57.0,0.8993449132217456,0.10781922199875081,0.8993449132217456,0.06985709304678381,30.6,0.9814954233769725,0.024224115931229258,0.9814954233769725,0.03411047124245851,68.6,0.9580893879260409,0.06064315816529546,0.9580893879260409,0.07929548001419931
42.7,0.9700888754305087,0.04170896566543237,0.9700888754305087,0.07491891767968649,1758.0,0.9526563410466039,0.060385228591899265,0.9526563410466039,0.06515708387832012,37.0,0.9883278378024862,0.015344511148267459,0.9883278378024862,0.02480397275627175,4.7,0.9795423140248452,0.02740507501339979,0.9795423140248452,0.0272825060229447,11.08,0.9686492920906167,0.04009046844616144,0.9686492920906167,0.0520959327400905,67.0,0.8993449132217456,0.10781922199875081,0.8993449132217456,0.06985709304678381,29.4,0.9808198589045284,0.025050072351238968,0.9808198589045284,0.03381350712494644,71.8,0.957804188384051,0.060891769037475355,0.957804188384051,0.07986054783486851
18.0,0.9698340432438319,0.04203149091531595,0.9698340432438319,0.07573646350043929,1822.0,0.9523586657532217,0.060777716613822065,0.9523586657532217,0.0657490922144898,19.0,0.9881050393795027,0.015618672440665761,0.9881050393795027,0.025924686886322764,0.0,0.976979798868766,0.031196296064882112,0.976979798868766,0.031178467750459665,4.95,0.9686492920906167,0.04009046844616144,0.9686492920906167,0.053605612663489885,62.0,0.8993449132217456,0.10781922199875081,0.8993449132217456,0.06985709304678381,22.7,0.9808198589045284,0.02505007235123825,0.9808198589045284,0.034450017119454314,63.5,0.9580893879260409,0.06064315816529511,0.9580893879260409,0.07992963940975092
26.7,0.9692352406080988,0.04269743058629273,0.9692352406080988,0.07787175556203109,898.0,0.9528078472009353,0.06007471744801429,0.9528078472009353,0.061039544874962666,33.0,0.9879071055167191,0.01584700132727919,0.9879071055167191,0.024854715417498518,11.7,0.9774005311545331,0.03070612181178863,0.9774005311545331,0.031205833048375382,3.82,0.9686492920906167,0.04009046844616144,0.9686492920906167,0.053605612663489885,27.0,0.8993449132217456,0.10781922199875081,0.8993449132217456,0.06985709304678381,20.0,0.9808198589045284,0.02505007235123825,0.9808198589045284,0.034450017119454314,64.3,0.9588500256068626,0.059843211082496614,0.9588500256068626,0.07829562040311233
71.8,0.9680839304923069,0.0440888102616487,0.9680839304923069,0.07938758640058309,1320.0,0.9535831531039779,0.05911590035494279,0.9535831531039779,0.059856139339172526,70.0,0.9865474617850444,0.01790237702867892,0.9865474617850444,0.026169633990379713,3.1,0.9780561612518173,0.029754774279577578,0.9780561612518173,0.03127139860330294,16.57,0.9692743970276612,0.03948859322384537,0.9692743970276612,0.05329429032088677,34.0,0.8990992212100282,0.10798558594018956,0.8990992212100282,0.07192062986596523,32.5,0.9810177927673123,0.024825284105037065,0.9810177927673123,0.033279756076497975,60.4,0.9610365365501923,0.05659582260416696,0.9610365365501923,0.07137356214930951
85.1,0.9690994003598052,0.042944670178989015,0.9690994003598052,0.07696702118278118,1846.0,0.9516247067365702,0.06167746479687684,0.9516247067365702,0.06291316952605217,69.0,0.9865474617850444,0.01790237702867892,0.9865474617850444,0.025364538277265498,-7.8,0.9789666235357782,0.02847300099972731,0.9789666235357782,0.030355044575390153,23.94,0.9690515986046776,0.039751783434044424,0.9690515986046776,0.051500042980773535,46.0,0.8996301127637355,0.10760294698176645,0.8996301127637355,0.07131381909345062,34.9,0.9787491953551298,0.027839471299524847,0.9787491953551298,0.03722236879082861,65.5,0.9663948975912121,0.04619456415290505,0.9663948975912121,0.07042546321688359
80.4,0.9676379391992386,0.044629943437178146,0.9676379391992386,0.08068212589040248,2434.0,0.9507710719141603,0.06262777559498055,0.9507710719141603,0.06358683406892379,24.0,0.9863246633620609,0.018175454200329993,0.9863246633620609,0.025886168971044975,-3.9,0.9780561612518173,0.029754774279577578,0.9780561612518173,0.03139798543297367,29.02,0.9690515986046776,0.039751783434044424,0.9690515986046776,0.051500042980773535,52.0,0.8975763931252606,0.10866194725036277,0.8975763931252606,0.07081012815721761,35.7,0.9785711250051639,0.028028749851979336,0.9785711250051639,0.03727387254616414,68.6,0.9663948975912121,0.04619456415290505,0.9663948975912121,0.07042546321688359
32.2,0.9669623747267946,0.04542950950747667,0.9669623747267946,0.08417791520442579,1700.0,0.9514572271716846,0.061957654123707046,0.9514572271716846,0.06296200502624598,20.0,0.9881050393795029,0.015618672440665764,0.9881050393795029,0.02385013902832902,3.1,0.9783960666468717,0.029403856153152545,0.9783960666468717,0.0330739535767623,8.08,0.9687967664180008,0.04007445496537601,0.9687967664180008,0.05099852304251051,48.0,0.8997919478088241,0.10746876643077455,0.8997919478088241,0.0677455157691827,26.7,0.9779154949078797,0.02898177604076071,0.9779154949078797,0.03818204523734228,73.7,0.9677545413228867,0.044221939334319026,0.9677545413228867,0.06709795830154815
19.2,0.9664847441171344,0.046010945619204754,0.9664847441171344,0.08513562250798563,1419.0,0.9516551610344682,0.06174757925029903,0.9516551610344682,0.06190699165169773,54.0,0.9881050393795029,0.015618672440665764,0.9881050393795029,0.02509133634165619,14.1,0.97661569062943,0.03190982899087612,0.97661569062943,0.03363100462339349,3.58,0.9686186960680351,0.040259456079726065,0.9686186960680351,0.04975071651382481,28.0,0.9031094249028733,0.10507280073565219,0.9031094249028733,0.0676428660533927,21.6,0.9773776556500415,0.029555709915639904,0.9773776556500415,0.03864551064448309,63.1,0.9686650036068479,0.04296785110076355,0.9686650036068479,0.06487207538856232
78.8,0.9664847441171344,0.046010945619204754,0.9664847441171344,0.0877687404716324,1470.0,0.9517597937017093,0.0616752640701768,0.9517597937017093,0.06366319484966489,69.0,0.9878502071928261,0.0159543210832372,0.9878502071928261,0.025929934418288243,-4.7,0.9777670007452219,0.03049092446615129,0.9777670007452219,0.03317409227881489,16.97,0.9699318412289155,0.03870367889975464,0.9699318412289155,0.04769219511719,34.0,0.9045320661209074,0.10441331740387896,0.9045320661209074,0.0688698602134047,32.5,0.9767788530143087,0.03023487835568313,0.9767788530143087,0.04017745483935632,64.7,0.9684101714201709,0.0432895394585314,0.9684101714201709,0.06425003245539217
80.0,0.965469274249636,0.047148530581494374,0.965469274249636,0.09086873771840426,2175.0,0.952401865748587,0.06115656878035536,0.952401865748587,0.0638612850975817,21.0,0.9886108448736476,0.015092190327224732,0.9886108448736476,0.024200807579126377,-18.0,0.9779450710951877,0.030302258216629137,0.9779450710951877,0.03175882640109233,24.48,0.9692562767564719,0.0395094170555745,0.9692562767564719,0.04844820544798934,33.67243525896414,0.9064905124883151,0.10208366215232972,0.9064905124883151,0.07195467148956398,34.5,0.9743733720598224,0.03334507143560009,0.9743733720598224,0.045977442006164125,67.8,0.9673053598751732,0.04494421157465295,0.9673053598751732,0.06745913543803825
17.6,0.9662445801526784,0.046165312256675736,0.9662445801526784,0.08825589704034983,1459.0,0.9532726626973489,0.060387483884644946,0.9532726626973489,0.06403842126428512,56.0,0.9878355389706052,0.016124250996191445,0.9878355389706052,0.027089223207165294,4.7,0.9781430049579714,0.030079221397744133,0.9781430049579714,0.0337779934142699,3.92,0.970684034985292,0.0379932621098716,0.970684034985292,0.04880015515252938,29.0,0.9057152065852726,0.10295346749606216,0.9057152065852726,0.07160798502182159,21.2,0.9745961704828058,0.03307887114248022,0.9745961704828058,0.045488802752010005,62.0,0.9673053598751732,0.04494421157465295,0.9673053598751732,0.06745913543803825
63.5,0.9677538450723725,0.04425211504055543,0.9677538450723725,0.084651419026684,1534.0,0.9564093012598388,0.05626500196828577,0.9564093012598388,0.06147067352389468,47.0,0.9878355389706052,0.016124250996191445,0.9878355389706052,0.027089223207165294,3.9,0.9775904974779122,0.03082063490798563,0.9775904974779122,0.03335726005649366,14.79,0.9726403344920646,0.03563774034312367,0.9726403344920646,0.04609965580808634,38.0,0.9083663795514763,0.10008807770678618,0.9083663795514763,0.06927504325604512,31.4,0.9759558142144806,0.03107013405146496,0.9759558142144806,0.0423265037110772,67.5,0.9670825614521895,0.04520557349572976,0.9670825614521895,0.06770151590471862
18.0,0.967592010027284,0.04440982134825719,0.967592010027284,0.08592972564394658,1324.0,0.9573197635438,0.0550380472160949,0.9573197635438,0.05915854422050188,20.0,0.9878355389706052,0.016124250996191445,0.9878355389706052,0.026366197645153057,-0.8,0.9775904974779124,0.030820634907985634,0.9775904974779124,0.03364622289451471,3.62,0.9736135742578906,0.03441642387022698,0.9736135742578906,0.04409149493774675,41.0,0.9079171981037626,0.10073577813952932,0.9079171981037626,0.0697008250804692,19.2,0.9762106464011574,0.0307425724040444,0.9762106464011574,0.04149313950710472,61.6,0.9678896977038052,0.04395627897363971,0.9678896977038052,0.06478207875016664
19.2,0.9672160058145346,0.04481126207050658,0.9672160058145346,0.08695309730328055,1485.0,0.9586794072754746,0.05309770634572074,0.9586794072754746,0.059115639158085646,21.0,0.9869819041481953,0.017154254994168113,0.9869819041481953,0.027749567470605314,14.8,0.97605623544524,0.03377514879731862,0.97605623544524,0.03627658949805204,4.41,0.9751228391775849,0.03246935093512745,0.9751228391775849,0.04228187391235989,46.0,0.9046505201711403,0.10314930485220568,0.9046505201711403,0.07272120077780525,22.0,0.97816694590793,0.02835826763911231,0.97816694590793,0.03834853169061214,61.2,0.9673371902237463,0.04468163655392688,0.9673371902237463,0.06680198237752419
23.5,0.9683673159303267,0.04342208230145041,0.9683673159303267,0.08508126650208711,915.0,0.9583214524715726,0.053616281984479146,0.9583214524715726,0.06127761277500363,20.0,0.9853108041834127,0.019314664738304756,0.9853108041834127,0.03284135018108448,1.6,0.978014681812648,0.031085540087798024,0.978014681812648,0.03585458902294148,3.85,0.9749249053148012,0.03269117614806728,0.9749249053148012,0.043173304849647216,21.0,0.9061597850908344,0.1014624436632112,0.9061597850908344,0.06855027021681144,20.4,0.9787657485436629,0.02767693320132218,0.9787657485436629,0.03895363520166451,58.0,0.9677131944364958,0.04428009080431317,0.9677131944364958,0.06588990435129716
21.2,0.9675442771304986,0.04423849013313967,0.9675442771304986,0.08467105991363184,958.0,0.959336922339071,0.05249470032976142,0.959336922339071,0.059346382661417306,39.0,0.9853108041834127,0.019314664738305117,0.9853108041834127,0.03373185711944477,-2.3,0.978987921578474,0.029852559174862077,0.978987921578474,0.03489295624649938,2.7,0.9722005551136332,0.03660973293845898,0.9722005551136332,0.04999248440595992,18.0,0.9082751529076648,0.10026520959573247,0.9082751529076648,0.0682415383280405,18.0,0.9780795932861388,0.028392864462671554,0.9780795932861388,0.040713360245777375,68.2,0.9664125250270075,0.045676721533279084,0.9664125250270075,0.0679886140583367
69.0,0.9685175168963247,0.043032592083344076,0.9685175168963247,0.0799941083559997,991.0,0.9595348562018546,0.05228072101742197,0.9595348562018546,0.05903662284380307,57.0,0.9855087380461963,0.019087649108065766,0.9855087380461963,0.03309812951728979,3.9,0.97916599192844,0.029663527412281242,0.97916599192844,0.03644966500737903,9.93,0.9708693605439052,0.03835848906648191,0.9708693605439052,0.05222430858204452,28.0,0.911489537160981,0.09784538403945886,0.911489537160981,0.06750209021720653,29.0,0.9775270858060796,0.029135180283646405,0.9775270858060796,0.041346578694337874,55.3,0.9666977245689975,0.04542106236643463,0.9666977245689975,0.06802875495328328
72.2,0.9683692008966388,0.043169599135505006,0.9683692008966388,0.07887111700702742,1470.0,0.9589970169440165,0.05283019680944952,0.9589970169440165,0.059326782206591454,60.0,0.9856868083961623,0.018895341289097752,0.9856868083961623,0.032629959222394464,-1.6,0.9798216220257242,0.028709690212563834,0.9798216220257242,0.03761607200286253,16.03,0.9706912901939394,0.038544232252219784,0.9706912901939394,0.05075237795356511,36.0,0.914650042599854,0.0954239907212466,0.914650042599854,0.06558043730017153,32.2,0.9762264163965914,0.030567347020459098,0.9762264163965914,0.04430069508569039,65.5,0.9666977245689973,0.04542106236643462,0.9666977245689973,0.06875560701030688
72.5,0.9687899331824057,0.04268918308098603,0.9687899331824057,0.07534718941712336,1891.0,0.9594907729912082,0.052435204898257946,0.9594907729912082,0.056964760312895844,32.0,0.9849115024931195,0.019921285445344494,0.9849115024931195,0.032478613144643724,1.6,0.979821622025724,0.028709690212564545,0.979821622025724,0.037114320203803404,21.13,0.9712291294517773,0.037979426156186484,0.9712291294517773,0.0490881134290157,39.0,0.914650042599854,0.0954239907212466,0.914650042599854,0.06558043730017153,33.7,0.9763882514416801,0.03040580691991319,0.9763882514416801,0.04325476493017892,67.5,0.9661452170889383,0.046144627104082084,0.9661452170889383,0.07166340626460034
47.5,0.9684922578890235,0.043094391357094704,0.9684922578890235,0.07508516367152078,1326.0,0.9592928391284246,0.0526491415182562,0.9592928391284246,0.05727452013051008,45.0,0.9851663346797965,0.019587685966526033,0.9851663346797965,0.030684104856592117,-4.7,0.9783123571060302,0.030672434687655903,0.9783123571060302,0.03892956918109418,9.26,0.9714270633145607,0.037759569816550216,0.9714270633145607,0.04645757746165027,41.0,0.914650042599854,0.0954239907212466,0.914650042599854,0.06558043730017153,27.8,0.9761654530186965,0.03067313455658346,0.9761654530186965,0.042582500774947574,67.8,0.966594398536652,0.0454238289020192,0.966594398536652,0.0708059789796269
52.2,0.9661508596047357,0.04724732939370812,0.9661508596047357,0.08181244918748073,1408.0,0.9602017928089324,0.05170735408996985,0.9602017928089324,0.05695185883932297,44.0,0.9844801794222723,0.020314189389746495,0.9844801794222723,0.03159368520328868,0.8,0.976729914951372,0.03295376053418171,0.976729914951372,0.04368546048408557,10.63,0.972400303080387,0.036541990054207545,0.972400303080387,0.04403097795879399,44.0,0.9124627769268072,0.0967718301873376,0.9124627769268072,0.06870107766429318,29.0,0.9768210831159808,0.029723018290219234,0.9768210831159808,0.040227278829480385,68.2,0.966594398536652,0.0454238289020192,0.966594398536652,0.07153701011982483
51.8,0.9659890245596473,0.0474042481824651,0.9659890245596473,0.0841385347446813,1511.0,0.9603997266717157,0.05149300008903808,0.9603997266717157,0.05664209902170874,37.0,0.9844801794222723,0.020314189389746856,0.9844801794222723,0.0311708646591602,0.0,0.976729914951372,0.03295376053418171,0.976729914951372,0.04368546048408557,11.55,0.9710406593487123,0.03853543177333652,0.9710406593487123,0.048189726186889846,48.0,0.9092483926734909,0.0991987682869623,0.9092483926734909,0.06973453249987355,29.8,0.9761654530186964,0.030673134556584172,0.9761654530186964,0.04262994241188304,68.6,0.967567638302478,0.04422039440291017,0.967567638302478,0.07045056383799067
19.6,0.9655682922738801,0.0478811136785101,0.9655682922738801,0.08435612996069196,1183.0,0.9584162831913299,0.055071241775157834,0.9584162831913299,0.05771872701381178,23.0,0.9856134401292169,0.018742290714883637,0.9856134401292169,0.03054701508527902,11.7,0.9765518446014061,0.033141695187221654,0.9765518446014061,0.04345684246881768,3.51,0.9700674195828861,0.03974920701205747,0.9700674195828861,0.04754763204720027,30.0,0.9078371876332034,0.1012819825434588,0.9078371876332034,0.06949391908486477,19.6,0.9751922132528704,0.03190156761919237,0.9751922132528704,0.04326910674797009,58.4,0.9690290994630448,0.042534634583297586,0.9690290994630448,0.06800765179426731
17.3,0.9655682922738801,0.0478811136785101,0.9655682922738801,0.08300333646480981,1344.0,0.9576409772882875,0.05603868056858017,0.9576409772882875,0.05896992347145525,19.0,0.984806303877601,0.02003646021438272,0.984806303877601,0.03405171229723865,16.4,0.9765518446014061,0.03314169518722237,0.9765518446014061,0.042323586993124315,3.55,0.9683585392492164,0.04248377050945815,0.9683585392492164,0.049812120068270564,23.0,0.9078371876332034,0.1012819825434588,0.9078371876332034,0.06949391908486477,20.4,0.9748342584489684,0.032437536414228633,0.9748342584489684,0.04240729828726013,61.2,0.9695669387208831,0.041973083085846505,0.9695669387208831,0.06780556935253289
21.6,0.966243856746324,0.047084506376600804,0.966243856746324,0.08210371181495439,1066.0,0.9586564471557856,0.0549205438209714,0.9586564471557856,0.059976744895270974,24.0,0.9830259278601593,0.02257651583343581,0.9830259278601593,0.03841920918881297,-1.6,0.9778830391711344,0.03137499285585056,0.9778830391711344,0.04107556400335465,3.26,0.9695098493650085,0.04109005861711603,0.9695098493650085,0.04885985583252206,19.0,0.9054317066787172,0.10397293927162045,0.9054317066787172,0.06996772291266491,18.4,0.9764326031518388,0.030597722492634427,0.9764326031518388,0.03892745495958406,57.6,0.9707001994278274,0.04045099779736106,0.9707001994278274,0.0641131113464553
31.8,0.9662438567463238,0.047084506376600804,0.9662438567463238,0.0825592129450707,799.0,0.9586564471557856,0.0549205438209714,0.9586564471557856,0.05863187653685119,32.0,0.9828279939973756,0.022802237592503955,0.9828279939973756,0.038191660352919564,7.0,0.9794654813257924,0.029088297339212445,0.9794654813257924,0.037595927507774116,3.69,0.9712187296986781,0.03834961504527797,0.9712187296986781,0.044517988489389315,14.0,0.9033483183526126,0.10609654471598075,0.9033483183526126,0.07172132871862769,20.0,0.9764326031518388,0.030597722492634427,0.9764326031518388,0.03782573985000002,60.4,0.9701013967920943,0.041118553902501354,0.9701013967920943,0.06394871471186027
40.4,0.9664417906091076,0.04686772313962032,0.9664417906091076,0.07958186375359591,777.0,0.9577063195366257,0.05582102631804964,0.9577063195366257,0.05990001308975735,33.0,0.9826499236474097,0.022993259865873555,0.9826499236474097,0.03770656712858038,-1.6,0.9798414855385419,0.02867530023185304,0.9798414855385419,0.03827803757055706,4.17,0.9712187296986781,0.03834961504527797,0.9712187296986781,0.04504603991056986,7.0,0.902279587541067,0.10696329000082135,0.902279587541067,0.07179883177557111,20.4,0.9783910495192467,0.027900653529785147,0.9783910495192467,0.03455551447515302,60.0,0.9694258323196506,0.04192276075270858,0.9694258323196506,0.06584384693429586
32.9,0.9651411211996193,0.048258877358773905,0.9651411211996193,0.08058686967982262,800.0,0.9603574925028295,0.05262755034088866,0.9603574925028295,0.055110709864140475,29.0,0.9828727220703934,0.02272232286336774,0.9828727220703934,0.03810961496170246,1.6,0.9800394194013258,0.02845147857498958,0.9800394194013258,0.03801365622676316,3.76,0.9709210544052959,0.0387572352677284,0.9709210544052959,0.045390841961653466,11.0,0.902279587541067,0.10696329000082135,0.902279587541067,0.07364133301836276,20.0,0.9787670537319962,0.027487677374262946,0.9787670537319962,0.033042020738512236,58.0,0.9705771424354427,0.040526737100149056,0.9705771424354427,0.06309345324389665
35.7,0.9636318562799251,0.050160262173505825,0.9636318562799251,0.08497589850707354,1495.0,0.9603574925028295,0.05262755034088866,0.9603574925028295,0.05159744938412266,45.0,0.9833219035181069,0.021977610224025498,0.9833219035181069,0.03635952595558659,-8.6,0.9798613490513598,0.028640908833224895,0.9798613490513598,0.036598456455377584,7.88,0.9709210544052959,0.038757235267727695,0.9709210544052959,0.04630087871386136,23.0,0.9032297151602271,0.10617532893429378,0.9032297151602271,0.07392298336672815,26.3,0.9779917478289536,0.028499397790596313,0.9779917478289536,0.034954349960698815,71.8,0.9692764730259543,0.04193288857580342,0.9692764730259543,0.06276548661536173
54.9,0.9626586165140992,0.05135243465166069,0.9626586165140992,0.0888185326884725,2125.0,0.9598196532449914,0.05317735347928661,0.9598196532449914,0.049424650470890764,37.0,0.9821886428111625,0.023542021022673915,0.9821886428111625,0.03656833195495512,1.6,0.9805369135238037,0.027818268453116267,0.9805369135238037,0.03458876722056527,16.17,0.9707592193602074,0.0389164220541223,0.9707592193602074,0.045894086993165883,26.0,0.9018070739421931,0.10683061236298642,0.9018070739421931,0.07301767375101856,29.4,0.9778548642866496,0.028622650522287588,0.9778548642866496,0.03621711233199885,69.8,0.9683032332601282,0.04314090452943915,0.9683032332601282,0.06307457941778313
51.8,0.9617084888949389,0.05226065560991053,0.9617084888949389,0.08997450177988575,1347.0,0.9593420226353311,0.053750304182610585,0.9593420226353311,0.049013248758216194,44.0,0.9836979077308565,0.02156018091987454,0.9836979077308565,0.03353928195409654,-4.7,0.9813122194268461,0.026803261219479835,0.9813122194268461,0.03588862267845915,10.41,0.9716681730407148,0.03794934477701226,0.9716681730407148,0.04434317650195818,30.0,0.8992649027511865,0.10835947022634405,0.8992649027511865,0.07377443177538266,29.0,0.9776569304238661,0.028845912872738848,0.9776569304238661,0.03586558678080987,67.1,0.9685580654468048,0.042819215084047034,0.9685580654468048,0.06188349817449051
46.3,0.9622609963749981,0.051544168273846495,0.9622609963749981,0.08740536899659747,1530.0,0.9599976527326155,0.05283303881630727,0.9599976527326155,0.05080620138069601,20.0,0.9842504152109156,0.020808719939061783,0.9842504152109156,0.03335812114179954,-0.8,0.9813122194268461,0.026803261219479835,0.9813122194268461,0.03588862267845915,9.4,0.9721458036503752,0.03736058593328913,0.9721458036503752,0.04140367352776002,27.0,0.9016091400794094,0.10701840330388197,0.9016091400794094,0.07054759102263795,24.7,0.9764931445566817,0.03015584583366954,0.9764931445566817,0.03648518948249864,69.0,0.9689160202507068,0.042290686352312486,0.9689160202507068,0.05958789151360296
20.0,0.9613505340910369,0.05278130704003833,0.9613505340910369,0.08909172282971631,1160.0,0.9599976527326155,0.05283303881630727,0.9599976527326155,0.05019484720434022,71.0,0.9851608774948764,0.01951021149233297,0.9851608774948764,0.029392555075468098,1.6,0.9814902897768121,0.02661320166166409,0.9814902897768121,0.03746112439755403,3.55,0.970845134240887,0.03877342473980533,0.970845134240887,0.042704269001619444,20.0,0.9016091400794094,0.10701840330388197,0.9016091400794094,0.073512308467222,19.2,0.9755826822727207,0.031432674446985616,0.9755826822727207,0.03537415016843558,60.0,0.9689160202507068,0.042290686352312486,0.9689160202507068,0.058687533480393766
96.5,0.9633068335978096,0.05047996007328442,0.9633068335978096,0.08547395777815729,1116.0,0.9609477803517754,0.05192718221868885,0.9609477803517754,0.047583838097258635,73.0,0.9843072426724669,0.02053441474223907,0.9843072426724669,0.02985417564720991,-1.6,0.9817451219634888,0.026282534024610338,0.9817451219634888,0.036027159717939065,15.31,0.970845134240887,0.03877342473980533,0.970845134240887,0.042704269001619444,28.0,0.9009535099821252,0.10783590589875144,0.9009535099821252,0.07780651914810041,32.9,0.974223038541046,0.03344010408668076,0.974223038541046,0.03757233878904034,56.9,0.9677827595437624,0.043807645132116414,0.9677827595437624,0.05991610174104575
46.7,0.9653902219239142,0.048064009285398675,0.9653902219239142,0.08049086048999117,2038.0,0.9618014151741853,0.05095600634505433,0.9618014151741853,0.04763884238071292,22.0,0.9843072426724669,0.02053441474223907,0.9843072426724669,0.02985417564720991,-0.8,0.9815471881007052,0.026507202585750577,0.9815471881007052,0.03670684053848241,14.08,0.970845134240887,0.03877342473980533,0.970845134240887,0.042704269001619444,40.0,0.9012083421688019,0.10755652247875995,0.9012083421688019,0.07778046599661116,30.6,0.974223038541046,0.03344010408668076,0.974223038541046,0.03757233878904034,71.0,0.9652501897699441,0.04695898531064678,0.9652501897699441,0.06377902477501564
17.6,0.9653902219239142,0.048064009285398675,0.9653902219239142,0.08049086048999117,1901.0,0.9622790457838456,0.05038006289404528,0.9622790457838456,0.04626308026170313,19.0,0.9838296120628067,0.021139163874028734,0.9838296120628067,0.03193827893321053,0.0,0.9846638922880355,0.021212130754806924,0.9846638922880355,0.029353800108422822,5.17,0.9715206987133309,0.037965764375046236,0.9715206987133309,0.04034297845525891,33.0,0.8996990772491077,0.1092220916769988,0.8996990772491077,0.07910404126896027,22.7,0.9764916359532284,0.030453462818240955,0.9764916359532284,0.03319449526796409,63.5,0.96374092485025,0.04886263491317505,0.96374092485025,0.06534983459903944
18.8,0.9653902219239142,0.048064009285398675,0.9653902219239142,0.08049086048999117,1369.0,0.9620811119210617,0.050595106851364535,0.9620811119210617,0.04698977329416185,19.0,0.984993397929991,0.01980819734073999,0.984993397929991,0.028958077517605308,8.6,0.9846638922880355,0.021212130754806924,0.9846638922880355,0.02782552478571262,3.67,0.9711084103520087,0.03833184036346039,0.9711084103520087,0.040011117004438046,27.0,0.8985942657041099,0.11067098297624682,0.8985942657041099,0.08518658804234895,21.2,0.9766895698160118,0.030230806303562008,0.9766895698160118,0.03214323498163589,60.8,0.9639637232732337,0.04860309341993859,0.9639637232732337,0.06530441850759228
31.8,0.9664056917914123,0.0469274884564794,0.9664056917914123,0.07815198499302503,950.0,0.9610123811095163,0.051595759137606945,0.9610123811095163,0.04675634982675228,33.0,0.9856689624024348,0.01897498711846793,0.9856689624024348,0.027709792218307813,-7.0,0.984961567581418,0.02079310459492096,0.984961567581418,0.02729744801206147,4.95,0.9703477726711872,0.039160078260829276,0.9703477726711872,0.03930012030277156,30.0,0.8977234687553479,0.11134066232623684,0.8977234687553479,0.08652210713348286,22.0,0.9775126086158399,0.02939417651028145,0.9775126086158399,0.02996090543972688,63.1,0.9660471115993381,0.04618129361887626,0.9660471115993381,0.06310274489795237
21.2,0.9646802582692098,0.04882499869738865,0.9646802582692098,0.08277774426594686,1019.0,0.9606000927481942,0.051951675848964214,0.9606000927481942,0.048709881061641265,22.0,0.9861465930120952,0.01836802087231415,0.9861465930120952,0.02665647997703702,3.1,0.98300312121401,0.023523203070541076,0.98300312121401,0.03179301932302927,3.2,0.9708254032808473,0.03857276576412517,0.9708254032808473,0.0397921656681753,28.0,0.9013481014918723,0.10851797715824173,0.9013481014918723,0.08729830801464339,18.8,0.9783662434382497,0.028385020763342397,0.9783662434382497,0.02955751956813162,60.0,0.966900746421748,0.04519940337727011,0.966900746421748,0.06055691454292043
20.4,0.9640246281719256,0.04974981655856174,0.9640246281719256,0.08466997589185252,1163.0,0.9609760969609437,0.05155601401516388,0.9609760969609437,0.049811237758401045,20.0,0.9861465930120952,0.01836802087231415,0.9861465930120952,0.02665647997703702,3.1,0.9851896321573399,0.020106630256461547,0.9851896321573399,0.02642806736715339,3.35,0.9712461355666144,0.03808904453350499,0.9712461355666144,0.03983564683618107,19.0,0.9040099782651296,0.10678787978255523,0.9040099782651296,0.08821823164157452,19.2,0.9790418079106936,0.027563518324455215,0.9790418079106936,0.028831021689638518,58.4,0.9666779479987644,0.0454605884825864,0.9666779479987644,0.06041208678367909
29.8,0.9633689980746413,0.05067333135281406,0.9633689980746413,0.08906342982043218,828.0,0.9615286044410027,0.05083971261349675,0.9615286044410027,0.04727894066265306,35.0,0.9861465930120952,0.01836802087231415,0.9861465930120952,0.02665647997703702,1.6,0.9848919568639577,0.020525963798412192,0.9848919568639577,0.026956144140804546,3.6,0.9698864918349398,0.04007782970835973,0.9698864918349398,0.04287093461982358,10.0,0.9054450501817999,0.106084156203662,0.9054450501817999,0.0874009260556404,19.6,0.9787441326173112,0.02797789101160558,0.9787441326173112,0.029396227429073173,60.8,0.966900746421748,0.04519940337727011,0.966900746421748,0.05955272827840707
54.1,0.9633689980746413,0.05067333135281406,0.9633689980746413,0.08906342982043218,827.0,0.9611078721552359,0.0513126808431838,0.9611078721552359,0.0470797928382057,32.0,0.9861465930120952,0.01836802087231415,0.9861465930120952,0.02665647997703702,4.7,0.9851147552869413,0.02025382685896104,0.9851147552869413,0.026243985222414796,5.96,0.9683040496802818,0.04232327083984728,0.9683040496802818,0.04586792983797882,4.0,0.9067059558385842,0.10547525973258914,0.9067059558385842,0.08669025455235146,24.7,0.9767856862499035,0.03067582104073315,0.9767856862499035,0.031204086492711523,55.7,0.9661401087409263,0.04601838643858464,0.9661401087409263,0.06063452358983889
42.4,0.9633689980746413,0.05067333135281406,0.9633689980746413,0.08906342982043218,793.0,0.95992796085052,0.05239375854263526,0.95992796085052,0.04679979192246827,71.0,0.9861465930120952,0.01836802087231415,0.9861465930120952,0.02665647997703702,5.5,0.9849168214241576,0.02048051433555641,0.9849168214241576,0.02521835964343853,4.64,0.9683040496802818,0.04232327083984728,0.9683040496802818,0.04586792983797882,9.0,0.9077983249653024,0.10495466082491092,0.9077983249653024,0.08861594234066658,21.2,0.9767856862499035,0.03067582104073315,0.9767856862499035,0.031204086492711523,53.7,0.9657193764551592,0.046495936521578914,0.9657193764551592,0.062375384702271726
74.1,0.9645022587815858,0.04917182803673275,0.9645022587815858,0.08300849074181796,1952.0,0.9593754533704608,0.05310787500582748,0.9593754533704608,0.05028799922963581,20.0,0.9861465930120952,0.01836802087231415,0.9861465930120952,0.02665647997703702,-5.5,0.9858900611899839,0.019227926396581895,0.9858900611899839,0.023717902439314865,22.58,0.968106115817498,0.04254143779245252,0.968106115817498,0.04596564523218841,17.0,0.9080211233882858,0.10472529972768038,0.9080211233882858,0.08756816263981834,34.5,0.9771255916449579,0.030325705978179445,0.9771255916449579,0.03083389632228562,67.1,0.9625827378926691,0.050693991238114064,0.9625827378926691,0.06775984983801482
76.9,0.9638771538445414,0.049764210780795355,0.9638771538445414,0.08410752266922006,1533.0,0.959120621183784,0.05342356623308038,0.959120621183784,0.05100837632280662,21.0,0.9866242236217554,0.01776045776281064,0.9866242236217554,0.024762620541724897,2.3,0.9869948727349819,0.01751072849622489,0.9869948727349819,0.021046512949037824,18.32,0.9690562434366583,0.041616957933056344,0.9690562434366583,0.046099940917475594,24.0,0.903562332013522,0.10911407765551474,0.903562332013522,0.09520156181408393,32.9,0.9779008975480006,0.02931636999542185,0.9779008975480006,0.030288137065589655,64.3,0.962744572937758,0.050538234880449416,0.962744572937758,0.06743466494886881
56.9,0.964253158057291,0.04936620788175595,0.964253158057291,0.0807103599042944,1178.0,0.95761135626409,0.05530399941727613,0.95761135626409,0.05020901968041655,66.0,0.9879554181914835,0.015953878510108942,0.9879554181914835,0.02377524072395015,-3.1,0.9873708769477312,0.01708997622898851,0.9873708769477312,0.02014089994174486,11.53,0.9701020806594699,0.040533740939477036,0.9701020806594699,0.04525324714413758,31.0,0.9000994348382476,0.11189375356588241,0.9000994348382476,0.09435112103383039,30.2,0.9788113598319615,0.028034400624212315,0.9788113598319615,0.02890045623106001,69.0,0.9625827378926691,0.050693991238114064,0.9625827378926691,0.06775984983801482
80.4,0.9662116044246987,0.04674237209145454,0.9662116044246987,0.07620735174937988,1689.0,0.9571621748163763,0.05601306705360368,0.9571621748163763,0.050883135868499754,70.0,0.9868041080756915,0.017405271067444397,0.9868041080756915,0.025007208028106777,-1.6,0.9871480785247476,0.01736347143777494,0.9871480785247476,0.01925830201840739,21.0,0.9714152258203502,0.03897578874772551,0.9714152258203502,0.04308174838732403,42.0,0.8965809745954726,0.11466620473270063,0.8965809745954726,0.09619238429848079,33.7,0.9786134259691779,0.028258011689464943,0.9786134259691779,0.029354246725408862,65.9,0.9653070880938371,0.04685599083346686,0.9653070880938371,0.062008847135856165
83.5,0.9654594106683222,0.04744242989467027,0.9654594106683222,0.07551088413520052,2209.0,0.9574170070030531,0.05569876771124255,0.9574170070030531,0.04879260892983268,62.0,0.9863264774660312,0.018013120055742564,0.9863264774660312,0.026750933583402227,0.0,0.9879552147763634,0.01606396351950019,0.9879552147763634,0.017858444082144195,27.66,0.9705062721398428,0.03994163509894875,0.9705062721398428,0.04227568274292942,46.0,0.8910251920578683,0.12059412669184878,0.8910251920578683,0.10242114750702341,35.7,0.9775675887463665,0.02936462556675655,0.9775675887463665,0.0300668641370028,67.8,0.9674273695063335,0.04406630216655037,0.9674273695063335,0.058799606186061525
73.7,0.965459410668322,0.047442429894670964,0.965459410668322,0.07513527705734244,1590.0,0.9578377392888202,0.05522971525010014,0.9578377392888202,0.04978788205318887,59.0,0.9851932167590868,0.01958702620538151,0.9851932167590868,0.02785755008188583,-9.4,0.98821004696304,0.015728306613217398,0.98821004696304,0.018568608408150986,17.53,0.9707611043265194,0.03961832230323125,0.9707611043265194,0.04177468558565219,50.0,0.888909824241038,0.12171134114701984,0.888909824241038,0.10299961263526963,32.5,0.9790768536660606,0.027401425879350065,0.9790768536660606,0.028983090497405335,66.3,0.9672492991563677,0.04425028613032586,0.9672492991563677,0.06126858055114954
19.2,0.965459410668322,0.047442429894670964,0.965459410668322,0.073680612064929,1503.0,0.9588197167307525,0.05436822828073848,0.9588197167307525,0.04860629959009554,22.0,0.9857920193948196,0.018895221056343666,0.9857920193948196,0.027068491782487908,3.1,0.9876575394829812,0.016485726691666255,0.9876575394829812,0.018237589994104318,3.65,0.9696097942107275,0.04101570647128168,0.9696097942107275,0.043351197402756884,46.0,0.8895518962879158,0.12127592749520309,0.8895518962879158,0.09877854249658558,20.8,0.9788987833160945,0.027590850869433952,0.9788987833160945,0.029387658993477873,62.7,0.9663956643339578,0.04523339705100867,0.9663956643339578,0.06257786027609626
48.2,0.9662116044246984,0.04674237209145453,0.9662116044246984,0.07289410276883733,1328.0,0.9574170070030531,0.05569876771124255,0.9574170070030531,0.048197581537793306,42.0,0.9857920193948196,0.018895221056343666,0.9857920193948196,0.02764760215500034,-1.6,0.9884328453860236,0.015454140161155986,0.9884328453860236,0.017591164215375557,9.4,0.9690719549528893,0.041577815915810175,0.9690719549528893,0.04366887994803234,50.0,0.8906851569948603,0.11998879421649898,0.8906851569948603,0.09669289455205071,27.8,0.9797218221159227,0.026749995573264726,0.9797218221159227,0.02751802766702996,67.1,0.9663956643339578,0.04523339705100867,0.9663956643339578,0.06257786027609626
18.8,0.9664344028476822,0.046481618634306096,0.9664344028476822,0.07436426714984921,1355.0,0.956125477768524,0.056943748684220495,0.956125477768524,0.050829460381996344,21.0,0.9860896946882021,0.018475000653858563,0.9860896946882021,0.02771938404991442,17.2,0.9880929399909691,0.015813665025483318,0.9880929399909691,0.018064193416220016,3.74,0.9694926872386564,0.04109633307475446,0.9694926872386564,0.04399830520301485,45.0,0.8962932332117706,0.11404464860697573,0.8962932332117706,0.09051142474824805,20.4,0.9803206247516556,0.026066540661277237,0.9803206247516556,0.027369698922451627,62.7,0.9681760403513997,0.04277936948150763,0.9681760403513997,0.0594969213420675
24.3,0.9666323367104657,0.04626466537597633,0.9666323367104657,0.07433747857206294,987.0,0.9541617652481778,0.05991835809086624,0.9541617652481778,0.05558372196201569,30.0,0.9855371872081429,0.019229217901164067,0.9855371872081429,0.03053414733762763,8.6,0.9882908738537528,0.015585285324516291,0.9882908738537528,0.01701836330712413,2.9,0.970401640919164,0.04013265523388014,0.970401640919164,0.043963220784002735,30.0,0.8956944305760375,0.11460785055082429,0.8956944305760375,0.0898916634343708,18.4,0.9799807193566011,0.026419346601284678,0.9799807193566011,0.028532707767024792,57.3,0.9676382010935616,0.04333960017886331,0.9676382010935616,0.06045971993584229
42.0,0.9679330061199541,0.04486848058378636,0.9679330061199541,0.07392852138475453,1524.0,0.9570556710125245,0.0551405671932482,0.9570556710125245,0.05039376405506475,52.0,0.9862978248889646,0.01837168938341588,0.9862978248889646,0.028857134371332867,-3.9,0.988768504463413,0.014975018262885291,0.988768504463413,0.016431876886856486,9.28,0.9711769468222065,0.039138426819955136,0.9711769468222065,0.0430350515338909,35.0,0.8913978150839912,0.1199902018402684,0.8913978150839912,0.10335744562843155,29.0,0.9799807193566011,0.026419346601285035,0.9799807193566011,0.02943051826613987,67.8,0.9669454744947655,0.04395337326594324,0.9669454744947655,0.06050230448366911
61.2,0.967512273834187,0.04534749141351849,0.967512273834187,0.0733694635163711,1792.0,0.9574764032982918,0.054671464761628916,0.9574764032982918,0.05044603727482001,36.0,0.9853873626050036,0.01967279038500579,0.9853873626050036,0.03066703822957661,3.1,0.988768504463413,0.014975018262885652,0.988768504463413,0.017286868972104612,16.04,0.9708667957774321,0.03943556031172414,0.9708667957774321,0.043965619342115035,38.0,0.8892113041406613,0.1228268296903094,0.8892113041406613,0.10743192200198484,31.8,0.9796955198146111,0.026684415514356696,0.9796955198146111,0.030388605347379274,68.6,0.9671235448447314,0.043769397522491746,0.9671235448447314,0.060505270095998244
46.3,0.9662116044246987,0.04674237209145454,0.9662116044246987,0.07365363549871908,1325.0,0.9586563146030076,0.053596280647367295,0.9586563146030076,0.050771649355692075,37.0,0.9868966275246975,0.01767834451676798,0.9868966275246975,0.0261250036630106,-2.3,0.9883477721776459,0.015477895631480526,0.9883477721776459,0.017242679147727178,8.64,0.9716274334582536,0.03860706276347285,0.9716274334582536,0.043972206268155,43.0,0.887095936323831,0.12393528471203229,0.887095936323831,0.10766229867078084,27.5,0.9804708257176536,0.02566941901319419,0.9804708257176536,0.0305872009873003,67.5,0.9677791749420157,0.042837337461229495,0.9677791749420157,0.059722221472665364
18.0,0.9670346432245267,0.0459293243552939,0.9670346432245267,0.07427078689617873,1558.0,0.9605003513175957,0.05162807355917501,0.9605003513175957,0.05085393800597529,19.0,0.9873742581343579,0.01706997222761053,0.9873742581343579,0.02499169622317491,0.0,0.9878701415679858,0.016087653711742703,0.9878701415679858,0.01726139866729724,4.04,0.9710286308225206,0.03927644098582786,0.9710286308225206,0.04237268538573878,44.0,0.88562249594437,0.12455773272233382,0.88562249594437,0.10828915611626272,22.0,0.9794553558501554,0.02684594092476947,0.9794553558501554,0.03066268828808563,62.7,0.9664479803722875,0.044569106216722096,0.9664479803722875,0.06002828864699846
18.4,0.9655253783048326,0.04783837718708244,0.9655253783048326,0.07816511754063361,1422.0,0.9627023428360858,0.04912951909836,0.9627023428360858,0.05002010521665608,21.0,0.9885255682501499,0.015617327655873689,0.9885255682501499,0.02249426708699342,15.6,0.9885457060404295,0.015249388165230493,0.9885457060404295,0.01713531219471829,3.92,0.9702055920226925,0.04009881090159637,0.9702055920226925,0.0414181170721195,41.0,0.8870252056720694,0.12344861072980434,0.8870252056720694,0.105997003783917,21.2,0.9798760881359226,0.026352588450065613,0.9798760881359226,0.028995540031648274,63.9,0.9660900255683855,0.0450953645770612,0.9660900255683855,0.062265630746572646
45.5,0.9604218494504896,0.0579058464726807,0.9604218494504896,0.08131822193262214,1348.0,0.9623624374410313,0.049467511390962185,0.9623624374410313,0.050182698109733206,45.0,0.9883027698271661,0.01589148370637605,0.9883027698271661,0.023829213656206556,0.0,0.9885457060404295,0.015249388165230493,0.9885457060404295,0.01660228465641009,8.94,0.9684252160052507,0.04256324096707105,0.9684252160052507,0.04587139997996717,42.0,0.8885594677047416,0.1209284395496388,0.8885594677047416,0.09458056583118898,27.5,0.980501193072967,0.025734381828318956,0.980501193072967,0.027798004329697958,67.8,0.9678704015858274,0.04264191000261372,0.9678704015858274,0.05903489724767182
50.2,0.9584634030830819,0.06049002367197287,0.9584634030830819,0.0844322821726036,1407.0,0.9618315458873238,0.049917488359127134,0.9618315458873238,0.051496041472569754,36.0,0.9883027698271661,0.01589148370637605,0.9883027698271661,0.023040784821135054,3.9,0.9878701415679858,0.016087653711742703,0.9878701415679858,0.017243575159958762,10.54,0.9673793787824392,0.043642240540202236,0.9673793787824392,0.04622821683260586,43.0,0.8872282731350135,0.12239117989035045,0.8872282731350135,0.09690570882246527,29.0,0.9798760881359226,0.026352588450065252,0.9798760881359226,0.029695930433563708,68.2,0.9687240364082371,0.04165489274243837,0.9687240364082371,0.05568986813630846
42.7,0.9590375264894925,0.05998517358120719,0.9590375264894925,0.08326493473820896,1449.0,0.9608583061214975,0.05110748739030109,0.9608583061214975,0.05218150477540648,33.0,0.9880799714041828,0.016165514560902348,0.9880799714041828,0.023427335043936143,0.8,0.987016506745576,0.01711772642150799,0.987016506745576,0.018711030092137784,9.15,0.9682024175822674,0.042825477268613396,0.9682024175822674,0.045105474735081946,44.0,0.8841590836290402,0.1243389823205865,0.8841590836290402,0.09781495664707685,27.5,0.9796781542731388,0.02657679485553539,0.9796781542731388,0.02919898613979717,69.8,0.9691447686940043,0.04117362912643397,0.9691447686940043,0.05437269655238321
58.4,0.9609959728569002,0.05739827277476341,0.9609959728569002,0.0787961951309547,1543.0,0.960004671299088,0.052077486763823934,0.960004671299088,0.05310711832286304,50.0,0.9886324788842418,0.015407583767730618,0.9886324788842418,0.021455650625554122,-0.8,0.987016506745576,0.01711772642150799,0.987016506745576,0.017392134591610278,13.75,0.9682024175822674,0.042825477268613396,0.9682024175822674,0.04656378618735053,49.0,0.8812966737369594,0.12601538719165387,0.8812966737369594,0.09777076930990752,31.0,0.9785448935661943,0.028129893598870134,0.9785448935661943,0.03218489993278867,68.2,0.9693427025567879,0.040954930150157456,0.9693427025567879,0.05345587361357881
62.4,0.9600458452377401,0.05829877078371606,0.9600458452377401,0.07945544154030695,1666.0,0.9589892014315895,0.053200368612278885,0.9589892014315895,0.05156635384042284,51.0,0.988454408534276,0.015601114973092446,0.988454408534276,0.021023952408142657,-1.6,0.987016506745576,0.01711772642150799,0.987016506745576,0.01787749007769268,15.71,0.9671565803594558,0.04390392390855897,0.9671565803594558,0.04816490048100477,53.0,0.8754935703451211,0.13180519443922825,0.8754935703451211,0.09976230235434866,31.8,0.9764615052400899,0.03062408792657737,0.9764615052400899,0.0352360799299711,68.6,0.9699983326540722,0.04001869325885048,0.9699983326540722,0.05245824538461884
57.6,0.9596698410249905,0.058691369557708435,0.9596698410249905,0.0777491725101301,1803.0,0.9593717769856109,0.05288780951116343,0.9593717769856109,0.04945340701984096,41.0,0.9877788440618321,0.016439060733084685,0.9877788440618321,0.022265921579785897,-0.8,0.9864639992655169,0.017873432168103054,0.9864639992655169,0.02057010344012829,15.34,0.9664810158870117,0.04470356806072946,0.9664810158870117,0.04666233833076398,33.67243525896414,0.8768247649148492,0.13038097229357756,0.8768247649148492,0.09483626115243948,31.4,0.9758627026043566,0.031301930211753586,0.9758627026043566,0.03564329138455928,69.0,0.9703562874579742,0.03948829839730073,0.9703562874579742,0.052488449031601644
44.7,0.959415008838314,0.05900568368920049,0.959415008838314,0.07780611412829254,1900.0,0.9574154774788384,0.05517398640069728,0.9574154774788384,0.04827442037352679,38.0,0.9864476494921038,0.018244655113151834,0.9864476494921038,0.02541691345858368,3.9,0.9860432669797498,0.01837387105762101,0.9860432669797498,0.019897823185072664,12.63,0.9662582174640284,0.04496474501702538,0.9662582174640284,0.04950762469988059,57.0,0.8826278683066877,0.12457034758302915,0.8826278683066877,0.09284472810799835,30.2,0.975009067781947,0.032305822845713705,0.975009067781947,0.03789550820995403,71.0,0.9705542213207577,0.0392689612994791,0.9705542213207577,0.04950604425614236
43.5,0.9594150088383142,0.05900568368920155,0.9594150088383142,0.07956771602611706,1914.0,0.9553320891527338,0.057552742343684,0.9553320891527338,0.049298378052243075,31.0,0.9868236537048534,0.017824423184852282,0.9868236537048534,0.02444993290551277,6.2,0.9862412008425333,0.0181464920852101,0.9862412008425333,0.018965496824111163,9.23,0.9655060237076519,0.045666223944093705,0.9655060237076519,0.04805571330855888,56.0,0.8864007404827292,0.12182619486373135,0.8864007404827292,0.09022835431154333,25.5,0.9728225568386172,0.035658726147823186,0.9728225568386172,0.040862239881608704,71.4,0.9703562874579742,0.03948829839730073,0.9703562874579742,0.049006237800881924
37.3,0.9599032302330548,0.058538937973873335,0.9599032302330548,0.08122333317254206,1506.0,0.9558845966327928,0.05684446277401008,0.9558845966327928,0.047778133676421544,35.0,0.9858504139390273,0.019079618572072,0.9858504139390273,0.026961598824874377,0.0,0.987016506745576,0.01711772642150799,0.987016506745576,0.01818919270072365,8.07,0.9642144944731228,0.04693642310894706,0.9642144944731228,0.04850004955432578,55.0,0.8869385797405673,0.12136482401316,0.8869385797405673,0.0920239192591041,27.1,0.9731985610513667,0.03525122047517351,0.9731985610513667,0.040978259140419596,71.8,0.9701782171080082,0.03967372863546688,0.9701782171080082,0.0485615431907654
40.0,0.958590085072174,0.06005038284769372,0.958590085072174,0.08338860704816299,1408.0,0.9566367903891693,0.05615947736504197,0.9566367903891693,0.04708725189808057,44.0,0.9848771741732012,0.0203323009721432,0.9848771741732012,0.030132573536262974,1.6,0.9881497674525205,0.015537992360700605,0.9881497674525205,0.01723141262489456,7.06,0.9628117847454235,0.04828616451277115,0.9628117847454235,0.04841971207134938,50.0,0.8842874067743637,0.12408485581196434,0.8842874067743637,0.09409150337988464,25.9,0.9736761916610269,0.03466015188753004,0.9736761916610269,0.04134566656849408,69.8,0.9716874820277023,0.037742070672921915,0.9716874820277023,0.04640003970727001
52.5,0.9583672866491905,0.060305690964133726,0.9583672866491905,0.08490062827609184,1385.0,0.9559440637903731,0.05675627422312247,0.9559440637903731,0.04699994349925594,46.0,0.9830967981557593,0.022872010136605364,0.9830967981557593,0.032123764636049774,-2.3,0.9886876067103586,0.014949750236862921,0.9886876067103586,0.01749074792477683,10.66,0.9604273399393101,0.05177330782596687,0.9604273399393101,0.054063485750092656,51.0,0.8799907912823173,0.12933815588158312,0.8799907912823173,0.10148127242075508,29.4,0.9729008857579845,0.0356606674825127,0.9729008857579845,0.042722022554951083,67.5,0.9701782171080082,0.039673728635467594,0.9701782171080082,0.04955931469522059
43.5,0.9574583329686829,0.061237335057240744,0.9574583329686829,0.08502374914571065,1406.0,0.9554131722366657,0.05719883526158881,0.9554131722366657,0.0481884491241795,20.0,0.9840700379215854,0.02162417690823721,0.9840700379215854,0.029921149178499726,3.1,0.9882099761006983,0.015559978367190608,0.9882099761006983,0.0178304923933409,8.51,0.9601725077526331,0.05208973030261237,0.9601725077526331,0.053841194690800356,48.0,0.8790605980383168,0.13090855523882153,0.8790605980383168,0.10984751806871626,26.7,0.9736761916610269,0.03466015188753004,0.9736761916610269,0.04134566656849408,68.6,0.9713295272238003,0.038273876662309414,0.9713295272238003,0.048637381806844196
19.6,0.9572603991058993,0.06144895288311361,0.9572603991058993,0.08467568273813744,1168.0,0.9567047014711948,0.05595523993832404,0.9567047014711948,0.04698075264604779,23.0,0.9832629016699698,0.02291390631184241,0.9832629016699698,0.031559795126587846,3.1,0.98687878153097,0.017367565430990533,0.98687878153097,0.020803419757592336,3.67,0.9607976126896776,0.05150138537342435,0.9607976126896776,0.054328355930843994,41.0,0.8786845938255675,0.13123293509150868,0.8786845938255675,0.10926971422207443,19.6,0.9740884800223489,0.03429146768941821,0.9740884800223489,0.04079908047836146,58.0,0.9710746950371235,0.038597743719619534,0.9710746950371235,0.04926135741258829
39.6,0.9569502480611246,0.06173423776596438,0.9569502480611246,0.08486085042703292,1349.0,0.9573802659436387,0.05517225922405199,0.9573802659436387,0.045045814828666285,54.0,0.9824092668475599,0.023933114456973374,0.9824092668475599,0.03492622655113219,6.2,0.9864011509213098,0.0179754799627858,0.9864011509213098,0.019933905465909906,9.27,0.9607976126896776,0.05150138537342435,0.9607976126896776,0.05507223548544299,42.0,0.8799916087499239,0.13073990045787146,0.8799916087499239,0.11145993272481872,29.0,0.973667747736582,0.0347783418576367,0.973667747736582,0.042325467702687275,58.8,0.971552325646784,0.038009686011693244,0.971552325646784,0.04911165813021391
59.6,0.9561749421580822,0.06269466082179548,0.9561749421580822,0.08789519575575627,1598.0,0.957182332080855,0.0553851116531264,0.957182332080855,0.044792682279020744,42.0,0.9812760061406155,0.02549376878387866,0.9812760061406155,0.03682611843428438,-8.6,0.98687878153097,0.017367565430991258,0.98687878153097,0.01949395849013225,13.95,0.9594969432801894,0.052877391895039844,0.9594969432801894,0.05747402161444469,51.0,0.8825337799409304,0.12932162683969253,0.8825337799409304,0.11094807896991837,30.6,0.9719423142143793,0.03671292154200446,0.9719423142143793,0.046279302806090855,68.6,0.9726855863537285,0.036479663906448405,0.9726855863537285,0.04793524269091876
70.6,0.9554143044772605,0.0634898406793284,0.9554143044772605,0.08516238325490544,1615.0,0.9564301383244785,0.056071146894298034,0.9564301383244785,0.04588201577459955,61.0,0.9807234986605563,0.026240248927399346,0.9807234986605563,0.03843230056473466,-7.8,0.9865208267270682,0.017915510294439586,0.9865208267270682,0.02083476775994829,17.43,0.9585237035143631,0.05406125166027181,0.9585237035143631,0.0555435937974186,52.0,0.8795139781402636,0.13121847431662145,0.8795139781402636,0.11144530272526643,32.5,0.9712667497419353,0.037521826380929386,0.9712667497419353,0.04519178126230302,67.5,0.971552325646784,0.038009686011693244,0.971552325646784,0.04888282840334955
73.7,0.9531457070650781,0.06633033072376561,0.9531457070650781,0.08829940674710059,1789.0,0.9564301383244785,0.056071146894298034,0.9564301383244785,0.04576556399279233,62.0,0.9801246960248234,0.02692389191116758,0.9801246960248234,0.03799587807714131,0.8,0.9874312890110292,0.016611250482211275,0.9874312890110292,0.018928148420442405,20.02,0.9583456331643974,0.05424153520031976,0.9583456331643974,0.053503504815746714,57.0,0.877991150055496,0.13183178723087757,0.877991150055496,0.11227453618886449,33.3,0.9714285847870239,0.03736231722997255,0.9714285847870239,0.04348021160344852,67.1,0.9718071578334605,0.03768549549551365,0.9718071578334605,0.04979456590615451
76.5,0.9532727958844102,0.06622940788344531,0.9532727958844102,0.08614895581480025,1880.0,0.9562003546389228,0.05624389228539363,0.9562003546389228,0.045792025623123664,40.0,0.9808002604972671,0.026099836504416052,0.9808002604972671,0.0347317731628588,-0.8,0.986953658401369,0.017219880770542206,0.986953658401369,0.017847705818081133,20.94,0.9581837981193086,0.05439587657029492,0.9581837981193086,0.05231582547134246,51.0,0.8794189082843163,0.13061983639734967,0.8794189082843163,0.11266560091312353,32.9,0.9710525805742743,0.0377682147541159,0.9710525805742743,0.04285375196425256,67.1,0.9724827223059046,0.036876225651663506,0.9724827223059046,0.04831467376699093
58.4,0.9532727958844102,0.06622940788344531,0.9532727958844102,0.08614895581480025,2246.0,0.9544381800573059,0.057953445955625696,0.9544381800573059,0.046027007837035394,51.0,0.9810550926839441,0.025769277615422467,0.9810550926839441,0.03305923525685789,6.2,0.9856405132404883,0.018833406882044417,0.9856405132404883,0.01807835447777743,20.11,0.9575849954835758,0.05504545721085258,0.9575849954835758,0.050406224051244786,46.0,0.8801656129984351,0.13013978500744253,0.8801656129984351,0.1102903380906774,33.3,0.9705749499646141,0.03835606936839323,0.9705749499646141,0.04198430489146774,70.6,0.9743267590204925,0.03484503154063893,0.9743267590204925,0.04591176462068301
57.3,0.9532727958844102,0.06622940788344531,0.9532727958844102,0.08614895581480025,2241.0,0.9532868699415138,0.059303594134654324,0.9532868699415138,0.04758647744727274,37.0,0.982206402799736,0.024336383548143926,0.982206402799736,0.031044770834736366,4.7,0.9858384471032722,0.01860621606108662,0.9858384471032722,0.01703252436868154,8.44,0.9577630658335415,0.05486548223421696,0.9577630658335415,0.05202064847637625,41.0,0.8792154853792749,0.13087595317267992,0.8792154853792749,0.10980448226140149,25.9,0.9720842148843081,0.03642152330811125,0.9720842148843081,0.03974919444481907,70.2,0.9741288251577089,0.035066182236287796,0.9741288251577089,0.04553543590349174
53.3,0.9532727958844102,0.06622940788344531,0.9532727958844102,0.08614895581480025,1345.0,0.9541405047639234,0.05834749727815869,0.9541405047639234,0.04807589700464573,48.0,0.9819515706130594,0.0246677179288524,0.9819515706130594,0.033169214631571936,-0.8,0.9869717078102165,0.01703012333506831,0.9869717078102165,0.01603034627860983,10.5,0.9569094310111319,0.055828711590623,0.9569094310111319,0.05503370873360849,40.0,0.8807383134640425,0.1302594942460758,0.8807383134640425,0.10886941821703613,29.0,0.9732355250001001,0.03501488794511762,0.9732355250001001,0.03789938134749968,67.1,0.9727691814260342,0.037065413903338174,0.9727691814260342,0.047975360248287933
43.9,0.9535829469291849,0.06594683553527016,0.9535829469291849,0.08758382626956746,1426.0,0.953894812752206,0.058540226009469926,0.953894812752206,0.04955125217415713,21.0,0.9826271350855033,0.0238405063085258,0.9826271350855033,0.032122915429980636,3.1,0.9873924400959834,0.016528625867491566,0.9873924400959834,0.01619343364211167,8.95,0.9588646482188903,0.053786697991796716,0.9588646482188903,0.056371640224424875,40.0,0.8790807715496664,0.1316113274133604,0.8790807715496664,0.10852981414893298,27.5,0.97408915982251,0.034015298891332826,0.97408915982251,0.037519828189517414,69.4,0.9732468120356945,0.036475512006605454,0.9732468120356945,0.04573206187318322
48.6,0.9528967916716606,0.06661578432123322,0.9528967916716606,0.08818582191935286,1151.0,0.95458096800973,0.05786466780252487,0.95458096800973,0.050494696626688144,48.0,0.9842095772401614,0.021530110324937582,0.9842095772401614,0.02823863755710223,6.2,0.9879912427317167,0.015833369518825517,0.9879912427317167,0.01554151344154809,8.49,0.960411009640096,0.05221716412613554,0.960411009640096,0.054291479166707984,37.0,0.8812010529621627,0.1292939742684556,0.8812010529621627,0.10687367715891286,27.5,0.9752224205294544,0.03247640818892797,0.9752224205294544,0.0364344940216975,65.5,0.974007449716516,0.035642520389520524,0.974007449716516,0.04367340216845619
56.1,0.9530947255344443,0.06640632027677316,0.9530947255344443,0.088158281249068,1518.0,0.9578362097646056,0.05363604726720717,0.9578362097646056,0.04616117632472907,39.0,0.9859899532576034,0.01898501058173305,0.9859899532576034,0.026071299998567287,-3.9,0.988751880412538,0.01497101914622533,0.988751880412538,0.014559521763179074,12.66,0.960411009640096,0.05221716412613484,0.960411009640096,0.05474595504752448,49.0,0.8845674752102084,0.1256190556392169,0.8845674752102084,0.1070993701947498,30.2,0.9771861330498008,0.029375640224796808,0.9771861330498008,0.0328960712050448,68.2,0.9733318852440722,0.03645399592899922,0.9733318852440722,0.044357052466156434
31.0,0.9528398933477675,0.06671620323659522,0.9528398933477675,0.0858704772204593,1657.0,0.9582569420503727,0.05316586204232954,0.9582569420503727,0.04523296860287115,20.0,0.9864106855433704,0.01848486036586126,0.9864106855433704,0.02659055376562853,0.8,0.9884542051191557,0.015393459369227234,0.9884542051191557,0.015453073764764898,7.7,0.960411009640096,0.05221716412613554,0.960411009640096,0.0541464627622944,46.0,0.8851199826902675,0.12501085198006467,0.8851199826902675,0.10544211981156079,26.3,0.9766336255697416,0.03011669257670984,0.9766336255697416,0.03194378503359803,73.7,0.9735867174307488,0.036128767973654476,0.9735867174307488,0.04183762698437379
36.9,0.9536151992508102,0.06576275467281607,0.9536151992508102,0.08283613189173596,884.0,0.9591105768727824,0.052198765259276955,0.9591105768727824,0.04344854254523833,33.0,0.986034681330621,0.01890465893273046,0.986034681330621,0.02762005631441286,-0.8,0.9880782009064063,0.015815333079865653,0.9880782009064063,0.016476445424098894,3.92,0.960411009640096,0.05221716412613484,0.960411009640096,0.05417471349420762,26.0,0.8876621538812741,0.1235634992406213,0.8876621538812741,0.10670263045770426,19.6,0.9761454041750013,0.030606815050591835,0.9761454041750013,0.033293199379271624,50.2,0.97449717971471,0.034859060927134096,0.97449717971471,0.03919853342165488
38.8,0.9545241529313178,0.06483962744247986,0.9545241529313178,0.0832592568899337,792.0,0.9584350124003386,0.05298539715960828,0.9584350124003386,0.04202388598045376,30.0,0.9858367474678374,0.019131836564429617,0.9858367474678374,0.029768794228815926,4.7,0.9875403616485682,0.016402731233726084,0.9875403616485682,0.016076201613985545,4.25,0.9602329392901302,0.05239818413327798,0.9602329392901302,0.055189222817701174,17.0,0.8889736146061379,0.12301711886476213,0.8889736146061379,0.10599100387453547,20.4,0.9765661364607684,0.03011682813120209,0.9765661364607684,0.03334697453571519,56.1,0.97449717971471,0.034859060927134096,0.97449717971471,0.03979217712936506
82.0,0.9537719591749413,0.06551606339123896,0.9537719591749413,0.08288304445899898,1596.0,0.9601604459225412,0.05110877247663455,0.9601604459225412,0.039806238062031624,64.0,0.9860595458908209,0.018859114652541052,0.9860595458908209,0.03051840875958493,-5.5,0.9880179922582285,0.015793334192407447,0.9880179922582285,0.014650446188699116,20.15,0.9626173840962438,0.048913348571307164,0.9626173840962438,0.049193024075679,30.0,0.8880631523221769,0.12407900677584331,0.8880631523221769,0.11267155491557965,33.7,0.9783465124782103,0.02760771929832483,0.9783465124782103,0.03089704802660481,64.3,0.9747948550080922,0.03444866168933802,0.9747948550080922,0.03961739823042413
19.6,0.9544581144324653,0.06484562147439173,0.9544581144324653,0.08083499388329364,1790.0,0.960160445922541,0.051108772476634534,0.960160445922541,0.03900958311828402,63.0,0.9857618705974386,0.01927920590445007,0.9857618705974386,0.030335273913692843,-0.8,0.987795193835245,0.016067306135296555,0.987795193835245,0.015207726426060088,5.03,0.9627954544462096,0.04873118630126001,0.9627954544462096,0.04817851475218543,31.0,0.8829596234678341,0.13285389974904235,0.8829596234678341,0.15727368040645906,23.5,0.9783465124782103,0.02760771929832483,0.9783465124782103,0.03054110747603919,62.7,0.9728364086406847,0.037122230129750806,0.9728364086406847,0.04243720349425334
62.0,0.9544581144324653,0.06484562147439173,0.9544581144324653,0.07946441399760697,1569.0,0.9603583797853248,0.05089430522629827,0.9603583797853248,0.04034254968791895,20.0,0.9849865646943958,0.02030492860334446,0.9849865646943958,0.03239399829228244,-11.7,0.9875723954122614,0.016341152882209237,0.9875723954122614,0.017375806155508232,12.95,0.9639002659912076,0.04708904510801318,0.9639002659912076,0.04595021792244854,29.0,0.8812507431341644,0.13514907641596668,0.8812507431341644,0.1585995563270987,30.2,0.9779885576743081,0.028147069008266412,0.9779885576743081,0.03150009828209172,68.2,0.9736900434630942,0.036124924953713326,0.9736900434630942,0.04154657166566004
19.2,0.9535476521485043,0.06605923603636041,0.9535476521485043,0.07976030663078275,1323.0,0.9606982851803794,0.05055759435718128,0.9606982851803794,0.04003309108877297,32.0,0.9844487254365578,0.020887982365751234,0.9844487254365578,0.03345496191805809,9.4,0.9862412008425333,0.0181464920852101,0.9862412008425333,0.018852658872142245,3.64,0.9636025906978252,0.047490716047233206,0.9636025906978252,0.04719177030859508,19.0,0.8807129038763264,0.1355981267835925,0.8807129038763264,0.1586270260661875,20.0,0.9774360501942491,0.02888945157220012,0.9774360501942491,0.03274255345389739,64.7,0.9734352112764175,0.03645019044747318,0.9734352112764175,0.04204818016760488
40.0,0.9535476521485043,0.0660592360363597,0.9535476521485043,0.07933959406317471,792.0,0.9593851400194985,0.05208133493849011,0.9593851400194985,0.04048047064524116,34.0,0.9858083691682327,0.01884120165975057,0.9858083691682327,0.031150441620979564,-2.3,0.9858832460386315,0.018693791962152477,0.9858832460386315,0.01835349290252674,4.41,0.9639002659912076,0.047089045108013886,0.9639002659912076,0.04367725609173146,5.0,0.8806082712090854,0.13565520766165315,0.8806082712090854,0.15837411802799323,20.4,0.9770780953903472,0.029427810966297034,0.9770780953903472,0.0316491570623492,55.3,0.9740093346828282,0.03592215757388172,0.9740093346828282,0.041504403791211744
42.0,0.9537704505714878,0.06580669724560237,0.9537704505714878,0.07989170632317354,773.0,0.9565124738186447,0.0560124307479196,0.9565124738186447,0.04379883717105959,54.0,0.9853876368824654,0.019340884630341677,0.9853876368824654,0.030770779332982036,-1.6,0.9854056154289711,0.019300433462050404,0.9854056154289711,0.019083913104572133,8.29,0.9641550981778843,0.04676996529807399,0.9641550981778843,0.04498333304901022,19.0,0.8790258290544273,0.13750920800510832,0.8790258290544273,0.1624837598941658,28.2,0.9774360501942491,0.028889451572199402,0.9774360501942491,0.031364512743225555,58.4,0.9746848991552721,0.03510971355580962,0.9746848991552721,0.04152270263344663
56.5,0.9524789213369587,0.06703266871904832,0.9524789213369587,0.08092308351613722,1856.0,0.9541710755343568,0.0600796563634754,0.9541710755343568,0.04959272961156128,39.0,0.9849100062728052,0.01994689825568305,0.9849100062728052,0.03196777505533147,3.1,0.9861809213320137,0.018273470808740224,0.9861809213320137,0.017944203956306685,10.45,0.9641550981778843,0.0467699652980747,0.9641550981778843,0.044955082317097,26.0,0.8797864667352487,0.13685003582512212,0.8797864667352487,0.1620147247098211,26.7,0.9777462012390239,0.028586791924031286,0.9777462012390239,0.030653085234658282,69.0,0.9751056314410392,0.034622442653987395,0.9751056314410392,0.04042280041720947
39.2,0.9518033568645148,0.06780282608302118,0.9518033568645148,0.08019209832551927,2329.0,0.9523906995169149,0.062463545199197945,0.9523906995169149,0.0494063346863624,34.0,0.9846872078498219,0.020219046147008396,0.9846872078498219,0.03131207910552999,4.7,0.9855053568595699,0.019107608170704924,0.9855053568595699,0.018736176109442927,8.09,0.9639002659912074,0.04708904510801387,0.9639002659912074,0.04655395395694412,30.0,0.8783638255172145,0.13742987915529198,0.8783638255172145,0.15974756480497862,25.9,0.9785215071420664,0.02757540596264354,0.9785215071420664,0.028726658968373495,73.7,0.9742519966186295,0.035622606399865725,0.9742519966186295,0.03773514537664157
42.4,0.9526263956643428,0.06702129954056983,0.9526263956643428,0.0796583174350779,1572.0,0.9506103234994732,0.06483810214617451,0.9506103234994732,0.051891273997396174,48.0,0.9837767455658607,0.021516256933584,0.9837767455658607,0.03380355245403156,-4.7,0.9857032907223534,0.018880504606304353,0.9857032907223534,0.018503315000233,9.92,0.9663057469456936,0.04404827592535217,0.9663057469456936,0.04312051096374907,38.0,0.8753440237165476,0.1392856584817341,0.8753440237165476,0.16040696977291713,28.2,0.9790956305484771,0.02703918462143395,0.9790956305484771,0.028151005359137192,71.0,0.9732365267511311,0.03678094547271558,0.9732365267511311,0.03852888960214467
57.3,0.9536951264758885,0.06604768027705911,0.9536951264758885,0.08028866472776768,1988.0,0.9512858879719168,0.06406692320127977,0.9512858879719168,0.052204015198619634,46.0,0.9840315777525375,0.02118346674414157,0.9840315777525375,0.031171442154596208,-3.9,0.985926089145337,0.018607763967616493,0.985926089145337,0.01900346129775743,17.37,0.9684260283581899,0.04124933417815154,0.9684260283581899,0.04029317185246343,48.0,0.8753440237165476,0.1392856584817341,0.8753440237165476,0.16040696977291713,32.2,0.9781455029293169,0.027988239463287524,0.9781455029293169,0.030555975247455975,69.0,0.9730137283281478,0.0370459056942975,0.9730137283281478,0.039635006444493456
18.8,0.9530963238401554,0.06668658077949398,0.9530963238401554,0.0794465792327241,1512.0,0.9514838218347006,0.06385732966777943,0.9514838218347006,0.053245581291052675,37.0,0.9840315777525375,0.02118346674414193,0.9840315777525375,0.0293377962769874,3.1,0.9861809213320137,0.018273470808740224,0.9861809213320137,0.018554622071766447,3.63,0.9684260283581899,0.04124933417815154,0.9684260283581899,0.04029317185246343,51.0,0.8731284690329839,0.14035121074656556,0.8731284690329839,0.16284596272177262,24.7,0.9781455029293169,0.027988239463287524,0.9781455029293169,0.030555975247455975,62.7,0.9740291981956459,0.03588812560333439,0.9740291981956459,0.03828802089553543
53.7,0.9524207593677115,0.06745754466790937,0.9524207593677115,0.08237662627411206,1457.0,0.951305751484735,0.0640343074458974,0.951305751484735,0.05313514127596183,23.0,0.9844523100383046,0.02068528168142918,0.9844523100383046,0.029094749579575866,4.7,0.9863589916819796,0.018080880131232158,0.9863589916819796,0.018197638239990505,11.81,0.969935293277884,0.03932383796430001,0.969935293277884,0.03924411732899495,50.0,0.872529666397251,0.14087781365999436,0.872529666397251,0.1616810248028628,29.8,0.9798166028940994,0.025858809920704693,0.9798166028940994,0.028535773357722536,69.0,0.9748828330180558,0.03488843735223859,0.9748828330180558,0.0355689077645687
31.0,0.9534362292352099,0.06635832061594997,0.9534362292352099,0.0838544994822162,852.0,0.951305751484735,0.0640343074458974,0.951305751484735,0.05313514127596183,49.0,0.9857654551991852,0.019076228788044273,0.9857654551991852,0.02673950182180849,3.9,0.9871196293628011,0.017221726822501105,0.9871196293628011,0.01621503202503843,5.82,0.9713630515067043,0.037806267802419205,0.9713630515067043,0.04092659398574025,47.0,0.8736162765064241,0.1401441244169071,0.8736162765064241,0.16117040315194645,24.7,0.9798166028940994,0.02585880992070397,0.9798166028940994,0.030467981322561927,54.9,0.9742072685456119,0.035701209695373826,0.9742072685456119,0.036227818214222864
61.2,0.9545410407802079,0.06475364183779612,0.9545410407802079,0.07890920620372176,1554.0,0.951305751484735,0.0640343074458974,0.951305751484735,0.05313514127596183,19.0,0.9864210852964694,0.018108658803673953,0.9864210852964694,0.024825290849212586,-4.7,0.9863443234597586,0.018250521181604234,0.9863443234597586,0.01833358128711603,13.84,0.9710653762133219,0.03821411861817331,0.9710653762133219,0.04215516818347974,45.0,0.8723317325344674,0.1410502347632916,0.8723317325344674,0.16157883741240486,31.0,0.9799946732440654,0.02566888317238296,0.9799946732440654,0.029597804543902446,68.2,0.9748323734826561,0.03509277087772154,0.9748323734826561,0.03634670618938825
18.0,0.9596445696345507,0.05478787349906408,0.9596445696345507,0.06977782032194847,1470.0,0.9489643532004468,0.0680580965816089,0.9489643532004468,0.05657288827464984,26.0,0.9864210852964694,0.018108658803673953,0.9864210852964694,0.024825290849212586,12.5,0.9872547857437197,0.016946809657598424,0.9872547857437197,0.017465277084017655,4.11,0.9710653762133219,0.03821411861817331,0.9710653762133219,0.04215516818347974,40.0,0.8687618640467686,0.1447050819248257,0.8687618640467686,0.16633840690073273,21.2,0.9803526280479674,0.02512748011602564,0.9803526280479674,0.027930959807442923,64.3,0.975087205669333,0.03476665644256018,0.975087205669333,0.038967064516405386
28.6,0.9593468943411685,0.05518525364185095,0.9593468943411685,0.06927058760554101,1351.0,0.9479911134346207,0.06921219399328837,0.9479911134346207,0.055818565507856736,20.0,0.9864210852964694,0.018108658803673953,0.9864210852964694,0.024825290849212586,0.0,0.98773241635338,0.016337856567082417,0.98773241635338,0.01513138718657228,5.56,0.9710653762133219,0.03821411861817331,0.9710653762133219,0.04215516818347974,36.0,0.8674828324516811,0.14551979747726085,0.8674828324516811,0.16696704137030774,23.5,0.9800549527545852,0.025543169878379297,0.9800549527545852,0.029024640209520128,71.4,0.9755648362789933,0.03417413693225687,0.9755648362789933,0.038101114127793996
38.8,0.9600330495986925,0.05450295759003414,0.9600330495986925,0.06894904699382638,871.0,0.9479911134346207,0.06921219399328803,0.9479911134346207,0.0545123109428565,30.0,0.9864210852964694,0.018108658803673953,0.9864210852964694,0.024825290849212586,10.2,0.98773241635338,0.016337856567082053,0.98773241635338,0.015169815304884315,4.26,0.9697057324816473,0.0402023381536429,0.9697057324816473,0.0471950285634955,7.0,0.8668670711047162,0.14583680297364218,0.8668670711047162,0.16712348599698054,19.6,0.9802528866173686,0.025318664375092496,0.9802528866173686,0.02828544784536613,65.1,0.9766696478239912,0.03249228292026616,0.9766696478239912,0.03600337415999691
56.9,0.959502158044985,0.054948927924107854,0.959502158044985,0.06863753486468427,1094.0,0.9471680746347929,0.06998744726186448,0.9471680746347929,0.055559438216462025,59.0,0.9857455208240258,0.018943118413924716,0.9857455208240258,0.02683308883243271,3.9,0.9873564121406303,0.016759054035847702,0.9873564121406303,0.015529019323093507,9.14,0.9703045351173804,0.03953450907842259,0.9703045351173804,0.04744963426790178,12.0,0.8656941450625725,0.14674587457117672,0.8656941450625725,0.16995369608418323,27.5,0.9827854563911869,0.022058766337716983,0.9827854563911869,0.024095097508523775,52.5,0.9760708451882582,0.03316913238808867,0.9760708451882582,0.036554550140131536
74.1,0.9583222467402691,0.05602351492646805,0.9583222467402691,0.06769019337834194,2530.0,0.9471680746347929,0.06998744726186448,0.9471680746347929,0.05623484853389444,65.0,0.9853695166112761,0.01936244948430069,0.9853695166112761,0.025934067474667588,3.1,0.9888656770603245,0.01475605473971699,0.9888656770603245,0.013484940618938375,28.53,0.969258697894569,0.04061904764024171,0.969258697894569,0.04803492953002653,24.0,0.8665477798849823,0.1459740225470375,0.8665477798849823,0.172266571442481,34.5,0.9807020680650823,0.024577180993404325,0.9807020680650823,0.026867836329928497,69.0,0.9766696478239912,0.03249228292026724,0.9766696478239912,0.03511355240499945
80.0,0.9574137069810619,0.05677659638652381,0.9574137069810619,0.06782478485888942,2266.0,0.9460348139278482,0.0714349313429385,0.9460348139278482,0.05585819710956954,20.0,0.986223151433686,0.018336088177075296,0.986223151433686,0.02373458000616023,0.8,0.98821004696304,0.015728306613217398,0.98821004696304,0.01621591161770065,26.94,0.969080627544603,0.04080404395281526,0.969080627544603,0.048667051827626394,34.0,0.8634305378062248,0.1477826020441388,0.8634305378062248,0.17405282125557664,35.3,0.9810780722778318,0.024161904923614384,0.9810780722778318,0.02575124119542617,67.8,0.9772684504597243,0.03181457853881936,0.9772684504597243,0.034359821387123395
78.0,0.9566530693002403,0.0575776381799219,0.9566530693002403,0.06618350530383721,1716.0,0.9464818485149267,0.07104367195297459,0.9464818485149267,0.05455354158765904,66.0,0.9877324163533798,0.01633785656708169,0.9877324163533798,0.020084777063365675,-2.3,0.9884328453860236,0.015454140161155986,0.9884328453860236,0.017106478757260145,20.54,0.9695013598303701,0.040322220543796805,0.9695013598303701,0.0465663164995813,42.0,0.8623100275678421,0.14812201864441288,0.8623100275678421,0.1718576699045358,33.3,0.9819885345617928,0.022870813893552982,0.9819885345617928,0.025328823568911796,67.5,0.9779546057172483,0.031101676076842385,0.9779546057172483,0.03441516254606359
72.9,0.9568510031630238,0.057365369727660986,0.9568510031630238,0.0658829599537226,1615.0,0.9455317208957664,0.07191512995133645,0.9455317208957664,0.05438398474945747,62.0,0.9892416812730737,0.014333432567932665,0.9892416812730737,0.018857101939422808,2.3,0.9895661060929681,0.013870178157296704,0.9895661060929681,0.015504720454606614,16.83,0.9663647212678802,0.04455792575447835,0.9663647212678802,0.051345525061433445,50.0,0.8593552421569517,0.14967514651985042,0.8593552421569517,0.17043110076568618,32.2,0.9825626579682035,0.022329828793403225,0.9825626579682035,0.023882099560350558,66.7,0.9782094379039251,0.03077341877396919,0.9782094379039251,0.03372502041189144
63.5,0.9563131639051858,0.05791028550202223,0.9563131639051858,0.06586387185579289,1815.0,0.9460093515054266,0.07136037489345241,0.9460093515054266,0.054525764401989286,50.0,0.9890437474102902,0.014562288513263466,0.9890437474102902,0.018211377764358397,0.0,0.9890135986129092,0.014629699756426452,0.9890135986129092,0.01586032808058627,16.37,0.9654939243191182,0.045353352496286733,0.9654939243191182,0.052233458108086356,57.0,0.8563560088978249,0.1512218036354733,0.8563560088978249,0.1712586054686168,31.8,0.9827854563911869,0.022058766337716983,0.9827854563911869,0.02367405277596979,68.2,0.975336771703071,0.03485052315366721,0.975336771703071,0.03770378220443393
63.5,0.9569115526196185,0.0574459314629658,0.9569115526196185,0.06624580466666348,1879.0,0.9461874218553928,0.07118589509308768,0.9461874218553928,0.054754382417257164,57.0,0.9881901125878805,0.015594935579012929,0.9881901125878805,0.020410865232865755,-1.6,0.9882064623612935,0.01593179958053108,0.9882064623612935,0.018317254876414727,18.53,0.9662692302221606,0.044368665601262146,0.9662692302221606,0.05132062482520898,55.0,0.8587564395212187,0.15018387770739336,0.8587564395212187,0.16846167155012634,32.5,0.9827854563911869,0.022058766337716983,0.9827854563911869,0.02409509750852377,68.6,0.9750819395163944,0.03517670381575673,0.9750819395163944,0.03520345729060091
64.7,0.9572514580146729,0.05711288537934318,0.9572514580146729,0.06783760116126289,1941.0,0.9443264337013637,0.07291107604108767,0.9443264337013637,0.055721455830037084,19.0,0.9881901125878805,0.015594935579012929,0.9881901125878805,0.020410865232865755,-2.3,0.9882064623612935,0.01593179958053108,0.9882064623612935,0.018317254876414727,19.25,0.9656951068157501,0.044887143318643685,0.9656951068157501,0.052056372890776664,59.0,0.8630708686637837,0.14705161186461904,0.8630708686637837,0.1656155555617606,32.9,0.9822113329847764,0.022600038446659927,0.9822113329847764,0.0256833305065791,68.2,0.9749038691664283,0.03536389507217902,0.9749038691664283,0.034953486999703264
35.3,0.9567136187568349,0.05765819818835986,0.9567136187568349,0.067030401199599,1498.0,0.9447471659871308,0.07245677656154276,0.9447471659871308,0.05508114985930742,34.0,0.9881901125878805,0.015594935579012929,0.9881901125878805,0.020410865232865755,7.0,0.9887589698413526,0.015173638829700964,0.9887589698413526,0.018080608038223173,8.82,0.9661727374254103,0.04430566334842092,0.9661727374254103,0.04964700954104609,57.0,0.8639245034861935,0.14628327670916416,0.8639245034861935,0.16693800288529867,27.5,0.9822113329847765,0.02260003844665993,0.9822113329847765,0.025109134110669718,69.8,0.975812822846936,0.03438907017888669,0.975812822846936,0.03485842152772654
45.9,0.957134351042602,0.057190387841119884,0.957134351042602,0.06722808288635097,1544.0,0.946353321954483,0.0710361726717606,0.946353321954483,0.05351458749238195,40.0,0.9881901125878805,0.015594935579012929,0.9881901125878805,0.020410865232865755,7.8,0.9891349740541019,0.014751222254377507,0.9891349740541019,0.017897398134171225,10.56,0.9658750621320279,0.044709207602769044,0.9658750621320279,0.05079376338057402,57.0,0.8645285722748652,0.14540469090186472,0.8645285722748652,0.16600488741552122,29.0,0.9822113329847765,0.02260003844665993,0.9822113329847765,0.02528620876938543,70.2,0.9753351922372758,0.034981643684138704,0.9753351922372758,0.03564591430190201
46.3,0.9565355484068689,0.05783743375581394,0.9565355484068689,0.0693767383653522,1604.0,0.9461305235314996,0.0712852758794579,0.9461305235314996,0.05558884958778835,42.0,0.987814108375131,0.016016616740425708,0.987814108375131,0.02074951280633563,6.2,0.9901082138199281,0.013487464975643574,0.9901082138199281,0.016623297850316722,10.86,0.9670479881741716,0.04352756792561727,0.9670479881741716,0.05207176668700228,55.0,0.8656333838198632,0.14406556067866472,0.8656333838198632,0.1651199375477026,29.4,0.9839367665069791,0.020618894626779766,0.9839367665069791,0.023654944687343915,71.0,0.9747973529794379,0.03555066953912345,0.9747973529794379,0.035290458875871115
33.3,0.9553717625396847,0.05908225910923318,0.9553717625396847,0.06965264117856758,1486.0,0.9461305235314996,0.07128527587945721,0.9461305235314996,0.056052753003067717,21.0,0.987814108375131,0.016016616740425708,0.987814108375131,0.019634306054823795,7.8,0.9901082138199281,0.013487464975643574,0.9901082138199281,0.016109439896422526,4.5,0.966793155987495,0.043848533870085096,0.966793155987495,0.05141030912959146,52.0,0.8642654287165217,0.14491618898512917,0.8642654287165217,0.17036405978443703,20.4,0.9839367665069791,0.020618894626779766,0.9839367665069791,0.023654944687343915,69.4,0.9761104981403183,0.03397794494056081,0.9761104981403183,0.03391796048604384
18.0,0.9553717625396847,0.05908225910923318,0.9553717625396847,0.06965264117856758,1447.0,0.9434061733303315,0.0749711576157343,0.9434061733303315,0.055232084877259426,20.0,0.9881901125878805,0.015594935579012929,0.9881901125878805,0.01912065605231663,14.8,0.9903061476827116,0.013258141633019744,0.9903061476827116,0.016411378672964858,3.99,0.966793155987495,0.043848533870085096,0.966793155987495,0.05141030912959146,53.0,0.8624213920019336,0.14646678642158853,0.8624213920019336,0.1743549376312101,21.2,0.9843127707197284,0.02020067467973946,0.9843127707197284,0.02343110551403489,63.5,0.9761104981403183,0.03397794494056081,0.9761104981403183,0.03408544186239189
19.6,0.9540405679699565,0.060767638110793915,0.9540405679699565,0.07050842736774723,1231.0,0.9407550003641278,0.07804013701873708,0.9407550003641278,0.056344025839613975,30.0,0.988388046450664,0.01536648898852713,0.988388046450664,0.018451281974655658,8.6,0.9903061476827116,0.013258141633019744,0.9903061476827116,0.016328222595216667,3.68,0.965613244682779,0.04494586744060698,0.965613244682779,0.05180524504502353,30.0,0.8651205416750032,0.14424288076597297,0.8651205416750032,0.17066719918767723,20.0,0.9838920384339613,0.020698993730370867,0.9838920384339613,0.024674178865609065,59.2,0.9765312304260854,0.03348942953433528,0.9765312304260854,0.03195448212309975
36.1,0.954801205650778,0.05997157573237685,0.954801205650778,0.06872864126350647,786.0,0.9402612443169363,0.07841290870761607,0.9402612443169363,0.05548453591744421,20.0,0.988940553930723,0.014607869722515153,0.988940553930723,0.01857598863785158,0.0,0.9901082138199281,0.013487464975642849,0.9901082138199281,0.017551127363028267,4.23,0.9661657521628381,0.04422204402929095,0.9661657521628381,0.047863129626876826,26.0,0.8660596678750362,0.14369317196019504,0.8660596678750362,0.1672940912686414,20.4,0.9844445459140204,0.019946896153575446,0.9844445459140204,0.02301722032427234,56.1,0.9757559245230429,0.034493972366215056,0.9757559245230429,0.0296816246391686
18.4,0.9564587475651541,0.05833813786313672,0.9564587475651541,0.06892655840918477,1239.0,0.9407388749265965,0.07786495107949011,0.9407388749265965,0.05354585936090398,21.0,0.9902717485004513,0.01279269886791242,0.9902717485004513,0.01676739724486083,9.4,0.9910814535857543,0.012221194709761485,0.9910814535857543,0.015834237622015634,3.39,0.9675253958945128,0.04224714124974682,0.9675253958945128,0.04490392951909287,20.0,0.8623961914738353,0.14734565951082917,0.8623961914738353,0.17293908590768406,20.0,0.9848652781997876,0.01944796602222521,0.9848652781997876,0.02379031252178545,61.6,0.9757559245230429,0.034493972366215056,0.9757559245230429,0.028800511714118484
45.5,0.9582781635296228,0.05617762532497784,0.9582781635296228,0.06644595465187539,819.0,0.9451401230858836,0.07186091997089247,0.9451401230858836,0.048352282510218586,37.0,0.9902717485004513,0.01279269886791242,0.9902717485004513,0.01752691823595591,3.1,0.9906038229760941,0.012834250969632133,0.9906038229760941,0.01627418459779329,4.77,0.9688850396261874,0.040266512982766955,0.9688850396261874,0.04283485259766492,8.0,0.8603526718980499,0.14880905982427883,0.8603526718980499,0.1764273656728938,21.6,0.9838920384339613,0.020698993730370867,0.9838920384339613,0.025568449084370417,44.3,0.9759339948730087,0.03430644749533957,0.9759339948730087,0.0288462840847453
58.0,0.9575175258488012,0.05697994784782679,0.9575175258488012,0.06806644421602388,1742.0,0.9469204991033255,0.06951463094669995,0.9469204991033255,0.04637273857409484,43.0,0.9899318431053968,0.013153826115056106,0.9899318431053968,0.016577007399133876,0.0,0.9906038229760941,0.012834250969632133,0.9906038229760941,0.01627418459779329,16.37,0.967712113584044,0.04145454841123836,0.967712113584044,0.0452984750881648,16.0,0.8580394998863895,0.15082040093027432,0.8580394998863895,0.18113644122997152,32.5,0.9818086501078569,0.023223234728425,0.9818086501078569,0.030398075329696468,69.0,0.9782753931572965,0.03007820758936046,0.9782753931572965,0.023400384883448876
74.5,0.9558599839344253,0.058617772075296365,0.9558599839344253,0.06675970465067659,1622.0,0.9479359689708238,0.06842478687753802,0.9479359689708238,0.045845036608777374,63.0,0.989022889424889,0.014163187836090177,0.989022889424889,0.017041766461417293,1.6,0.9903061476827119,0.013258141633019747,0.9903061476827119,0.01720745550735877,18.83,0.9688920248887599,0.04035033733304396,0.9688920248887599,0.04431969433306312,30.0,0.8598281872754981,0.14961901693684163,0.8598281872754981,0.17803925013473051,32.9,0.9818086501078569,0.02322323472842536,0.9818086501078569,0.030398075329696468,66.3,0.9788279006373557,0.029335831243626542,0.9788279006373557,0.022384610676486408
23.1,0.9543985227738584,0.06025424058896176,0.9543985227738584,0.06927323225540381,2284.0,0.9502491409824843,0.06592117848574591,0.9502491409824843,0.0458706079161874,68.0,0.987722220015401,0.015632816268983298,0.987722220015401,0.01737787936544897,6.2,0.9907837782923721,0.012645477670815659,0.9907837782923721,0.01698512775861094,6.62,0.9691468570754364,0.04002770457121703,0.9691468570754364,0.044818098637272354,35.0,0.8585731657454623,0.1499998526186807,0.8585731657454623,0.17608214588881574,24.3,0.9821063254012391,0.022806070243088845,0.9821063254012391,0.031685936652709794,60.0,0.9788279006373557,0.029335831243626542,0.9788279006373557,0.023199265097853295
87.5,0.9540405679699565,0.060767638110793915,0.9540405679699565,0.0693709733102086,1861.0,0.9510097786633057,0.0651327881001589,0.9510097786633057,0.04441638072132015,71.0,0.9867720923962406,0.016601673940742072,0.9867720923962406,0.016903054050385193,0.0,0.991336285772431,0.011883461688762899,0.991336285772431,0.015808757242989913,24.8,0.9700573193593975,0.03876775393572332,0.9700573193593975,0.04122625694507609,45.0,0.8569766422140348,0.1505293143902065,0.8569766422140348,0.1740121465982209,35.3,0.9824642802051411,0.022262417236621913,0.9824642802051411,0.029754422219312935,65.5,0.9790827328240326,0.029006806696312122,0.9790827328240326,0.023435532911289282
23.5,0.957695111415125,0.05519051080879152,0.957695111415125,0.059584497475997936,2013.0,0.9539036844276525,0.060387800712949094,0.9539036844276525,0.038001239947966246,54.0,0.9862944617865805,0.01720989161958871,0.9862944617865805,0.018658530330833114,-0.8,0.992441097317429,0.010148365875554838,0.992441097317429,0.013287716991012796,5.48,0.9711905800663421,0.0372411055353298,0.9711905800663421,0.03981542552525217,46.0,0.8539340454182718,0.15207287680470666,0.8539340454182718,0.1751303834484497,23.1,0.9830167876852001,0.021512323411650366,0.9830167876852001,0.028619534389766572,56.9,0.979280666686816,0.02878323431547417,0.979280666686816,0.022805836979076385
64.3,0.9595145273795935,0.05302094453283788,0.9595145273795935,0.05817585363967534,1570.0,0.9534829521418854,0.06085245104399544,0.9534829521418854,0.04022699042127935,52.0,0.9856188973141367,0.018044856466881642,0.9856188973141367,0.019015066526482417,-5.5,0.992441097317429,0.010148365875554838,0.992441097317429,0.013287716991012796,14.61,0.9721638198321684,0.03602332073615347,0.9721638198321684,0.03813899261743078,48.0,0.8539340454182718,0.15207287680470666,0.8539340454182718,0.1751303834484497,31.4,0.983692352157644,0.02068200976453187,0.983692352157644,0.028138599015470826,67.8,0.9814671776301459,0.025391711771228658,0.9814671776301459,0.018685877669523114
65.1,0.9589766881217554,0.05356999251554133,0.9589766881217554,0.058953935963702825,1542.0,0.9498284086967171,0.06638139340869219,0.9498284086967171,0.0465127554057802,53.0,0.9842877027444084,0.019844231402552235,0.9842877027444084,0.020814460910015202,0.8,0.992441097317429,0.010148365875554838,0.992441097317429,0.013287716991012796,14.81,0.9708041761004936,0.03801697750627325,0.9708041761004936,0.04323034079762606,47.0,0.8565559099282677,0.15089675531637964,0.8565559099282677,0.17181226034992975,31.4,0.983692352157644,0.02068200976453187,0.983692352157644,0.029797379805749126,67.8,0.9818431818428954,0.02497640919747561,0.9818431818428954,0.01889067500729136
44.3,0.9584241806416964,0.05428266339910182,0.9584241806416964,0.058776875572815385,1872.0,0.9498284086967171,0.06638139340869184,0.9498284086967171,0.04544428128916104,29.0,0.9849632672168525,0.019011661920712877,0.9849632672168525,0.02010926406492382,4.7,0.9917655328449851,0.010993491203385363,0.9917655328449851,0.015056355851497423,10.57,0.9705493439138168,0.03834072592039545,0.9705493439138168,0.04451802638369269,58.0,0.8576607214732658,0.14958048356628723,0.8576607214732658,0.16854122523115306,28.2,0.9843679166300876,0.019850535352112314,0.9843679166300876,0.03024532974331625,70.2,0.9809342281623878,0.02596637273465322,0.9809342281623878,0.01826192448184732
36.1,0.9580662258377944,0.0548006478066845,0.9580662258377944,0.05791562971330308,1938.0,0.94940767641095,0.06684117476427565,0.94940767641095,0.04516243590842547,44.0,0.9854408978265128,0.018405160977049646,0.9854408978265128,0.0182154046296117,7.0,0.9919634667077687,0.010763277319910981,0.9919634667077687,0.014486011616084241,11.31,0.9707721423368003,0.038076776874950306,0.9707721423368003,0.04551113482252734,59.0,0.8586761913407641,0.14870283745710855,0.8586761913407641,0.16910247351414187,29.4,0.9850434811025317,0.019017900174392074,0.9850434811025317,0.02876854953407132,72.9,0.9803091232253435,0.026584719215445068,0.9803091232253435,0.018181551586052235
54.1,0.9580662258377944,0.0548006478066845,0.9580662258377944,0.05687259869035098,1973.0,0.9459366214956632,0.07113350330870724,0.9459366214956632,0.04784123819813715,47.0,0.9857988526304148,0.017858007822378306,0.9857988526304148,0.017489662881431715,0.6281970010971596,0.9917406682847854,0.011039501726340023,0.9917406682847854,0.013141635736531015,16.03,0.9724810226704699,0.035327278867076775,0.9724810226704699,0.041953650601038596,58.0,0.8578225565183544,0.14946233263201975,0.8578225565183544,0.16445173469642912,31.8,0.985699111199816,0.01805101812945778,0.985699111199816,0.029172274252730918,69.8,0.9808616307054024,0.025838760933804626,0.9808616307054024,0.01868580561866885
46.3,0.9589766881217556,0.05356999251554205,0.9589766881217556,0.05328408692579386,1869.0,0.9430427157313164,0.07580278755794095,0.9430427157313164,0.052131755658425295,28.0,0.9856009187676311,0.018085339445845134,0.9856009187676311,0.01779467349448269,3.1,0.9917406682847854,0.011039501726340023,0.9917406682847854,0.013141635736531015,6.29,0.9720033920608097,0.035917252140221685,0.9720033920608097,0.04088507776132981,54.0,0.8568493167525281,0.15039898922987208,0.8568493167525281,0.1680816152055328,23.1,0.9843679166300878,0.0198505353521116,0.9843679166300878,0.031192671385059233,70.2,0.9795304361356743,0.027618625476622975,0.9795304361356743,0.019324853941940456
41.6,0.9583210580244714,0.05448570104383573,0.9583210580244714,0.05266643489156493,1440.0,0.9425544943365758,0.07625133760036336,0.9425544943365758,0.052057734516091976,34.0,0.9856009187676311,0.018085339445845134,0.9856009187676311,0.017059028789450183,4.7,0.9917406682847854,0.011039501726340023,0.9917406682847854,0.01131678978562295,8.53,0.9717805936378261,0.036182053187167204,0.9717805936378261,0.04154028105022185,52.0,0.8555702851574406,0.15118813005927695,0.8555702851574406,0.16871024967510778,27.1,0.9839471843443207,0.02034903295490204,0.9839471843443207,0.032312956019600304,70.6,0.9795304361356743,0.027618625476622975,0.9795304361356743,0.020216057134579624
17.6,0.9578740234373927,0.05489041524567654,0.9578740234373927,0.052215046607371265,1369.0,0.9417505872446096,0.07690103582393266,0.9417505872446096,0.05149875195245649,21.0,0.9860216510533982,0.017585008828243615,0.9860216510533982,0.016737610322884587,13.3,0.9899602922673436,0.01361413531663918,0.9899602922673436,0.013888671291908298,3.57,0.972634228460236,0.0351850742711054,0.972634228460236,0.040196652084809,47.0,0.8550731270028611,0.15142708713128553,0.8550731270028611,0.16879365522312145,20.4,0.983749250481537,0.020575422899449636,0.983749250481537,0.03225575100914537,62.4,0.9800080667453346,0.027019767047595115,0.9800080667453346,0.02003898247586391
21.2,0.9578740234373927,0.05489041524567654,0.9578740234373927,0.05222660319563107,1153.0,0.9399884126629923,0.07854289499282024,0.9399884126629923,0.05028141340112147,21.0,0.9860216510533981,0.017585008828243254,0.9860216510533981,0.016876210775543733,0.0,0.9889870525015173,0.01487757511056011,0.9889870525015173,0.014856219470464577,3.59,0.9719586639877921,0.03599565289176827,0.9719586639877921,0.041920142848427176,39.0,0.8529449216571543,0.15289641841042256,0.8529449216571543,0.1721860195005605,19.6,0.982418055911809,0.022367862999229587,0.982418055911809,0.03507856478760937,57.3,0.9796320625325852,0.02743347332279634,0.9796320625325852,0.020398186494073104
35.3,0.9567102375702083,0.05614076204635505,0.9567102375702083,0.0554787220211622,836.0,0.9381274245089634,0.08024034321667836,0.9381274245089634,0.05227207113125232,19.0,0.9852463451503556,0.018612342187566033,0.9852463451503556,0.017521934950608147,4.7,0.9894077847872844,0.014374108704898884,0.9894077847872844,0.014120819269568182,3.99,0.9714810333781317,0.03658496201556889,0.9714810333781317,0.046301022534682955,33.0,0.8504382073191975,0.15470050125385018,0.8504382073191975,0.1747107445683335,18.8,0.9810584121801343,0.024402534871164668,0.9810584121801343,0.038858327739193566,58.0,0.9800527948183524,0.026940280052630692,0.9800527948183524,0.020793125425873252
12.9,0.9568471211125122,0.05602428649288983,0.9568471211125122,0.05542230648048827,1515.0,0.9386050551186236,0.07969473984021384,0.9386050551186236,0.052175510969686756,29.0,0.9860216510533981,0.017585008828243976,0.9860216510533981,0.015750317658714413,7.8,0.9898285170730515,0.013870208731875912,0.9898285170730515,0.013712052722494211,3.98,0.9723518303268935,0.035776242054649424,0.9723518303268935,0.0461367314667387,18.0,0.8490054861745123,0.15546663006225273,0.8490054861745123,0.17899984632532434,21.6,0.9808356137571508,0.024672571019074517,0.9808356137571508,0.04000785591398729,49.0,0.9793772303459085,0.027763100265142147,0.9793772303459085,0.01989647788542111
100.0,0.955742309567514,0.05764328766139684,0.955742309567514,0.05737789105084461,976.0,0.9431051168503226,0.07365111478903318,0.9431051168503226,0.04832679229591204,66.0,0.985048411287572,0.018839390808707057,0.985048411287572,0.016561119919585105,7.0,0.9898285170730515,0.013870208731875912,0.9898285170730515,0.013712052722494211,12.49,0.9727725626126608,0.035290498042154374,0.9727725626126608,0.045576954590251,28.0,0.8490054861745123,0.15546663006225273,0.8490054861745123,0.17899984632532434,31.0,0.9797668829456052,0.025723168419369172,0.9797668829456052,0.04226871779171953,63.9,0.9809596725005667,0.02546692547675054,0.9809596725005667,0.01752133064492767
80.8,0.9567155493333404,0.056466826151999265,0.9567155493333404,0.054645959625095955,1536.0,0.943402792143705,0.07326687336088177,0.943402792143705,0.05023738356502383,67.0,0.9832043745729839,0.02092438677779275,0.9832043745729839,0.019201915399023148,0.0,0.9898285170730515,0.013870208731875912,0.9898285170730515,0.013712052722494211,18.47,0.9727725626126608,0.035290498042154374,0.9727725626126608,0.045576954590251,40.0,0.8490054861745123,0.15546663006225273,0.8490054861745123,0.17899984632532434,32.9,0.9810584121801343,0.024402534871164668,0.9810584121801343,0.03902580911554162,64.3,0.9804820418909064,0.026067147340500803,0.9804820418909064,0.018511378456844575
67.5,0.9569703815200171,0.056152808209509054,0.9569703815200171,0.05297799438664664,2084.0,0.942803989507972,0.07389339201460185,0.942803989507972,0.05145807670913241,36.0,0.9829495423863069,0.02125695506405711,0.9829495423863069,0.01951913052737231,3.1,0.9898285170730515,0.01387020873187555,0.9898285170730515,0.012330229967715852,16.86,0.9721737599769278,0.035962763280663265,0.9721737599769278,0.044959706585633856,44.0,0.8465616920144822,0.15647487078398567,0.8465616920144822,0.18211596672108787,29.0,0.9810584121801343,0.024402534871164668,0.9810584121801343,0.03902580911554162,68.2,0.979054283662086,0.027617118705211947,0.979054283662086,0.01911037349469527
31.4,0.9559245442972057,0.05720308522548788,0.9559245442972057,0.052787757327745884,1506.438032627222,0.9423832572222048,0.07434598266145062,0.9423832572222048,0.05463474665819553,33.0,0.9827714720363412,0.02144828192986729,0.9827714720363412,0.019780274685886237,-2.3,0.9898285170730515,0.01387020873187555,0.9898285170730515,0.012937443885440006,5.72,0.9716212524968687,0.03669609784964311,0.9716212524968687,0.04586924270213038,49.0,0.8415130518244451,0.16033000734352199,0.8415130518244451,0.18552749415059117,23.5,0.9802047773577245,0.025418071331645503,0.9802047773577245,0.039576730853210805,68.6,0.9772102469474977,0.029672439772987502,0.9772102469474977,0.019455228237304258
35.7,0.954611399136325,0.058709426115609455,0.954611399136325,0.05173845751993103,1396.0,0.9428447623943337,0.07401184630554924,0.9428447623943337,0.054292399793952534,20.0,0.9825486736133577,0.021719478784698265,0.9825486736133577,0.018576292864900087,-3.9,0.9911881608047263,0.011802304301966935,0.9911881608047263,0.011218351753156806,7.38,0.9716212524968687,0.03669609784964311,0.9716212524968687,0.044651996789984445,53.0,0.8374763156154421,0.16274626465484554,0.8374763156154421,0.1868994990034341,25.9,0.9806255096434916,0.02492371101531223,0.9806255096434916,0.03833587370848656,70.2,0.9764063398555314,0.030389064440035713,0.9764063398555314,0.01960853742882912
18.4,0.9549090744297072,0.058315275277950884,0.9549090744297072,0.05363787538436158,1443.0,0.9422459597586008,0.0746374659504584,0.9422459597586008,0.05477744823302861,21.0,0.9815754338475317,0.02296522035456282,0.9815754338475317,0.019261520605867406,14.8,0.9914858360981085,0.011377591900918476,0.9914858360981085,0.010706656311310165,3.74,0.9709656223995845,0.03763623471987866,0.9709656223995845,0.04601980597743903,51.0,0.8349138004593627,0.16554948669397102,0.8349138004593627,0.1844501328373061,21.2,0.9796522698776654,0.026163747408555312,0.9796522698776654,0.03915599749543456,64.3,0.9766291382785152,0.030121602576357,0.9766291382785152,0.019968394414279868
18.0,0.9560728602968916,0.05707018699400045,0.9560728602968916,0.05016350159323977,1364.0,0.938753251358521,0.07989560679698521,0.938753251358521,0.062096295804027805,20.0,0.9813206016608549,0.02329668969024249,0.9813206016608549,0.02027798485770606,15.6,0.9912879022353248,0.011607570207503581,0.9912879022353248,0.011781720978586844,3.75,0.9701119875771747,0.03862924070780775,0.9701119875771747,0.047192291384488945,47.0,0.8315991624092487,0.16963012944180147,0.8315991624092487,0.19120075166686046,20.8,0.9788916321968439,0.027009251856044185,0.9788916321968439,0.03868863870266042,61.6,0.9760303356427819,0.030799875840145607,0.9760303356427819,0.020695408949721508
20.8,0.958386032308552,0.05451481772859761,0.958386032308552,0.04961076910271329,1071.0,0.9373254931297004,0.08129434267645244,0.9373254931297004,0.060860514647191506,21.0,0.9805134654092391,0.024581337775337515,0.9805134654092391,0.022554822067228836,2.3,0.9915427344220016,0.011269607798208856,0.9915427344220016,0.01175453038109994,3.53,0.9694563574798905,0.039566532745573146,0.9694563574798905,0.047511027504062706,38.0,0.8265996393874123,0.1745213204391675,0.8265996393874123,0.19930912393467148,18.8,0.979312364482611,0.026516266674575035,0.979312364482611,0.03708914310181416,57.3,0.976451067928549,0.030310032987154574,0.976451067928549,0.018874384790640214
23.1,0.9588742537032926,0.05404634903182886,0.9588742537032926,0.04982202800012736,886.0,0.9352656432547011,0.08329644699496133,0.9352656432547011,0.060315472657326806,32.0,0.9790042004895451,0.026551887348646115,0.9790042004895451,0.024672346892611448,10.9,0.9909902269419424,0.012032127371509601,0.9909902269419424,0.013499064225405427,3.7,0.9658018140347222,0.045276462688914935,0.9658018140347222,0.056018499748987524,20.0,0.8241680618205369,0.17594910013331433,0.8241680618205369,0.2013649152958809,19.6,0.9777299223279526,0.028806745503223263,0.9777299223279526,0.038671875218246096,67.5,0.9759734373188887,0.030905011540251562,0.9759734373188887,0.018158361259401144
42.0,0.9572167117889165,0.055691848636022265,0.9572167117889165,0.04965197229220032,787.0,0.935166829682289,0.0833581520662002,0.935166829682289,0.059425832070163165,59.0,0.9776014907618459,0.027953649267835678,0.9776014907618459,0.02475938139682004,1.6,0.9904377194618835,0.012793789686463055,0.9904377194618835,0.014607201377045983,4.57,0.9651977452460503,0.04634322973232551,0.9651977452460503,0.05759879024620683,3.0,0.8225217280276618,0.176697550570069,0.8225217280276618,0.2071578874338082,21.2,0.9773719675240509,0.029345303459021612,0.9773719675240509,0.04083663870951553,54.9,0.9773761470465882,0.029509956136318287,0.9773761470465882,0.01727803753243464
61.6,0.9551568619139171,0.057799140062921764,0.9551568619139171,0.04908745040518447,1735.0,0.9368243715966651,0.08180402049620758,0.9368243715966651,0.05830462284547031,51.0,0.9792590326762218,0.026222076151307228,0.9792590326762218,0.022136550864028257,-7.8,0.991093349559168,0.01181735805703911,0.991093349559168,0.014495223977913195,15.69,0.9644224393430079,0.04732515872302127,0.9644224393430079,0.05517631818084426,42.0,0.8231257968163335,0.17589342430831453,0.8231257968163335,0.20761015139539463,31.8,0.9768943369143905,0.02994134282762457,0.9768943369143905,0.03950370419043688,68.6,0.9785094077535327,0.02796038821812721,0.9785094077535327,0.016861187880402532
58.4,0.9543032270915075,0.05875685754688658,0.9543032270915075,0.04857745130984601,2151.0,0.9355112264357845,0.0832425646076917,0.9355112264357845,0.061672348727067915,20.0,0.9811030693908099,0.024155722404935683,0.9811030693908099,0.021154244884009788,3.9,0.9913481817458445,0.011479517072438352,0.9913481817458445,0.01301485631079516,18.89,0.9640017070572406,0.04780121799591586,0.9640017070572406,0.05419324267149669,44.0,0.8211620842959871,0.17813443135670456,0.8211620842959871,0.2104528038638525,32.5,0.976696403051607,0.030164107251300188,0.976696403051607,0.03877506800831208,69.8,0.9775361679877066,0.029194618817562776,0.9775361679877066,0.018685851017730574
29.0,0.9537507196114483,0.059462748653118236,0.9537507196114483,0.051193628686035136,861.0,0.9343599163199925,0.08453198138404218,0.9343599163199925,0.062395151484676184,24.0,0.9816771927972208,0.02361600085231086,0.9816771927972208,0.02085963939892036,-7.8,0.9909274494600775,0.011985223714649417,0.9909274494600775,0.013705247925795555,3.51,0.9626705124875126,0.04951890209548412,0.9626705124875126,0.056475397269842686,34.0,0.8208041294920851,0.17851792217451265,0.8208041294920851,0.21419782111884933,19.2,0.9755450929358147,0.031581762860359,0.9755450929358147,0.04085503571026222,59.6,0.9783114738907492,0.028183941760697922,0.9783114738907492,0.019013030391631474
82.0,0.9537507196114485,0.05946274865311825,0.9537507196114485,0.05113336826115578,1746.0,0.9343599163199925,0.08453198138404183,0.9343599163199925,0.06466811331539327,67.0,0.9816771927972208,0.023616000852310137,0.9816771927972208,0.021470993575276147,-3.1,0.9909274494600775,0.011985223714649417,0.9909274494600775,0.012824920416073993,21.49,0.9635809747714735,0.0482768437014487,0.9635809747714735,0.057553449008213346,41.0,0.8217343227360857,0.17712444154466528,0.8217343227360857,0.20887954121121688,34.1,0.9768582380966954,0.030002417700125232,0.9768582380966954,0.04019678780002302,65.9,0.978566306077426,0.027854798774553668,0.978566306077426,0.018312036580054068
19.6,0.9557341630918343,0.05591213371215778,0.9557341630918343,0.04469633514516835,2045.0,0.9329487112797054,0.08670336750642073,0.9329487112797054,0.06664738936332841,58.0,0.9822759954329536,0.02292920585636361,0.9822759954329536,0.020313422623907652,-1.6,0.9904498188504173,0.01259829657366398,0.9904498188504173,0.013847910130970073,6.04,0.967647806577964,0.04222949026340401,0.967647806577964,0.05008794313002158,48.0,0.8214366474427033,0.1774150845632733,0.8214366474427033,0.20735628739747713,23.5,0.9784406802513538,0.02771599763110697,0.9784406802513538,0.03906077833692233,61.2,0.9800755709971198,0.02588717535029832,0.9800755709971198,0.01788631958202704
38.8,0.955436487798452,0.05630740511611188,0.955436487798452,0.046635749958189324,1702.0,0.933794229566236,0.08608457699150962,0.933794229566236,0.06897847672873651,19.0,0.9827536260426138,0.02232631408835244,0.9827536260426138,0.0209565941370443,3.1,0.990449818850417,0.012598296573663976,0.990449818850417,0.013652660543058063,5.86,0.9689484759874523,0.0408262861749791,0.9689484759874523,0.04771916253903632,45.0,0.8154794837659508,0.18575382118429512,0.8154794837659508,0.20208557775367775,22.4,0.9802210562687955,0.025197502306643076,0.9802210562687955,0.034283311121739365,69.0,0.9803304031837967,0.02555681536862348,0.9803304031837967,0.019270524834851012
18.0,0.9563469500824129,0.05508184654837755,0.9563469500824129,0.047103859687373226,1413.0,0.93224786814503,0.08754972808308803,0.93224786814503,0.06942122247509612,21.0,0.9814404808817333,0.023925945899577885,0.9814404808817333,0.02146540786406237,0.0,0.9901521435570348,0.01302219103273906,0.9901521435570348,0.013600340856948006,3.9,0.9681254371876242,0.041645433595318054,0.9681254371876242,0.04717288472061506,35.0,0.8135210373985431,0.18760132782023148,0.8135210373985431,0.20600419208160337,21.2,0.9794457503657529,0.026212602954018303,0.9794457503657529,0.03389323851485043,61.2,0.9812408654677577,0.024268037021690517,0.9812408654677577,0.018671032549620922
41.2,0.9572005849048227,0.05411857477278768,0.9572005849048227,0.047396239555681854,887.0,0.9314023498584992,0.08816590561944745,0.9314023498584992,0.06821442556230863,26.0,0.9810825260778313,0.02446840852810165,0.9810825260778313,0.022398027498747523,4.7,0.988371767539593,0.015589064640282705,0.988371767539593,0.016562421870832296,4.33,0.9675729297075653,0.042372298964962,0.9675729297075653,0.047415501937270954,26.0,0.809850400373181,0.19015113211648127,0.809850400373181,0.21258768296054598,20.4,0.977665374348311,0.028727184970367768,0.977665374348311,0.03759881731556919,63.5,0.9836253102738712,0.020633166862376543,0.9836253102738712,0.014517773026496672
57.6,0.9563469500824129,0.0550818465483772,0.9563469500824129,0.049750423098431834,1390.0,0.9314023498584995,0.08816590561944748,0.9314023498584995,0.06669097569392729,20.0,0.9810825260778313,0.02446840852810165,0.9810825260778313,0.023513234250259356,-0.8,0.9897314112712677,0.01352662001928684,0.9897314112712677,0.013313770004649585,11.41,0.9684833919915262,0.04111672099917738,0.9684833919915262,0.04575988213230944,17.0,0.8080747059004217,0.19087284505017235,0.8080747059004217,0.21353036971374467,29.8,0.9771877437386508,0.02932371394515058,0.9771877437386508,0.0392138770927866,67.1,0.983327634980489,0.02105165571181774,0.983327634980489,0.01502809918641881
77.3,0.9533811503833859,0.05847363328639076,0.9533811503833859,0.052238777046872624,1273.0,0.9331112301921689,0.08562516516977976,0.9331112301921689,0.06816911822790817,21.0,0.9810825260778313,0.024468408528101292,0.9810825260778313,0.023513234250259352,7.0,0.9891789037912088,0.014286462941606947,0.9891789037912088,0.013890342335679064,14.67,0.9678845893557932,0.04178222590448236,0.9678845893557932,0.04463503829576912,17.0,0.8068118216900978,0.1912825275847046,0.8068118216900978,0.21441880565740035,31.8,0.9761190129271051,0.03036511244663053,0.9761190129271051,0.041077617233325175,54.1,0.9835255688432726,0.020825462183757443,0.9835255688432726,0.0154438244137672
78.4,0.9507709242185705,0.061201618626998126,0.9507709242185705,0.0553429532938476,1600.0,0.9334089054855512,0.08524930931119844,0.9334089054855512,0.06969925414022833,63.0,0.9788960151345015,0.02786061225887559,0.9788960151345015,0.029109366643098957,-0.8,0.9883252689687991,0.015319492710578862,0.9883252689687991,0.014502533910319176,20.16,0.9662134893910108,0.04385710512726324,0.9662134893910108,0.047194507772344914,31.0,0.8062593142100387,0.19177702369090724,0.8062593142100387,0.215218836970564,33.7,0.9741605665596976,0.03305070112689013,0.9741605665596976,0.04305296303181715,65.1,0.9828500043708287,0.021655531602769493,0.9828500043708287,0.016870470909461092
20.4,0.9493094630580036,0.06282443181262147,0.9493094630580036,0.05750354527124245,2121.0,0.9317378055207687,0.08716709585424604,0.9317378055207687,0.07405568367334865,44.0,0.979093948997285,0.027636852981023394,0.979093948997285,0.02845168642913421,6.2,0.9868160040491051,0.017320510644889625,0.9868160040491051,0.016119940758049196,6.47,0.965359854568601,0.044839425968512224,0.965359854568601,0.049649046503121935,34.0,0.8025401264009355,0.19350618998194363,0.8025401264009355,0.21390047685172653,23.5,0.9720402851472013,0.035885165272943574,0.9720402851472013,0.046942405235268575,62.4,0.9836253102738712,0.020633166862376904,0.9836253102738712,0.016760490535066362
51.8,0.9509078077608742,0.06108669471075498,0.9509078077608742,0.05548977502020748,1760.0,0.9297543620403829,0.0905559352902667,0.9297543620403829,0.07441313247641329,19.0,0.9785414415172259,0.028380398965347647,0.9785414415172259,0.029717908950234045,2.3,0.9859623692266952,0.01834838706604189,0.9859623692266952,0.016376972528524582,13.14,0.9654967381109049,0.04472015045125415,0.9654967381109049,0.050290534493517836,37.0,0.7997546700232788,0.19441846710900462,0.7997546700232788,0.21654193659044718,30.6,0.9708889750314093,0.037288938444822284,0.9708889750314093,0.047124617631283845,70.2,0.98271484798991,0.0219285537477048,0.98271484798991,0.018364991362786125
20.0,0.9523692689214407,0.059458157496248096,0.9523692689214407,0.05553359283930441,1801.0,0.9323934356180529,0.08630186470572952,0.9323934356180529,0.06656904862430817,33.0,0.9767220255527573,0.030642835687320992,0.9767220255527573,0.03348471009064461,3.1,0.9846492240658147,0.019958741336070437,0.9846492240658147,0.018014742205911077,5.12,0.9654967381109049,0.04472015045125415,0.9654967381109049,0.052639956778036304,38.0,0.7955993697551917,0.1964692743357445,0.7955993697551917,0.216115444090132,23.1,0.9699157352655831,0.03850376133001029,0.9699157352655831,0.04890689032548709,62.7,0.9836880877557364,0.02068028807377325,0.9836880877557364,0.01686453415866246
36.5,0.9531299066022624,0.05866261253056263,0.9531299066022624,0.05606048356890672,1934.0,0.9320957603246707,0.08667691630037734,0.9320957603246707,0.06941533470751736,27.0,0.9762443949430971,0.03123782490718306,0.9762443949430971,0.03598542069768919,2.3,0.9843093186707602,0.020315293721907438,0.9843093186707602,0.018496323518199954,10.5,0.9666299988178493,0.04320808427472917,0.9666299988178493,0.04966734713572579,41.0,0.7923167049018087,0.19765781650028133,0.7923167049018087,0.2151783244262258,29.0,0.9699157352655831,0.03850376133001029,0.9699157352655831,0.050209796215253406,72.9,0.9829127818526938,0.021702683053091736,0.9829127818526938,0.01858759081898866
19.6,0.9520250950572644,0.060271754773379316,0.9520250950572644,0.05770482953448879,1982.0,0.9304382184102945,0.08821305793077139,0.9304382184102945,0.07255388527890462,19.0,0.9755887648458127,0.03218633898417276,0.9755887648458127,0.035611406572352594,-0.8,0.9831760579638156,0.02188324199620136,0.9831760579638156,0.020475765080268826,7.73,0.9677813089336413,0.041817900308964456,0.9677813089336413,0.04988022122658284,38.0,0.7901964234893124,0.19949156042857966,0.7901964234893124,0.21841401399184876,27.8,0.969557780461681,0.03903426541619241,0.969557780461681,0.05262501441053932,63.1,0.9818079703076957,0.023407896478894984,0.9818079703076957,0.020101428064362232
17.6,0.9520250950572644,0.060271754773379316,0.9520250950572644,0.0565797858704959,1540.0,0.9309760576681326,0.08770218060679762,0.9309760576681326,0.07276718863718323,45.0,0.9770980297655066,0.030231656003730248,0.9770980297655066,0.03401286636006676,7.0,0.9839513638668582,0.020860706599296553,0.9839513638668582,0.020254576908912088,5.16,0.9677813089336413,0.041817900308964456,0.9677813089336413,0.04978624158854546,32.0,0.789820419276563,0.19973854056725596,0.789820419276563,0.22327957833738296,23.9,0.9710670453813752,0.03710292432637842,0.9710670453813752,0.049276584424287555,62.7,0.9816100364449123,0.0236331596349833,0.9816100364449123,0.020829486246823042
75.3,0.9520250950572644,0.060271754773379316,0.9520250950572644,0.0565797858704959,1688.0,0.9318296924905425,0.0867969940578352,0.9318296924905425,0.0707336799918221,61.0,0.9775450643525854,0.02980652362184583,0.9775450643525854,0.035093431057832004,3.9,0.9835021824191444,0.021606418901480382,0.9835021824191444,0.0218178906205896,18.64,0.968690262614149,0.04085673578009582,0.968690262614149,0.04973280330032221,41.0,0.7928299690197207,0.19700881352304098,0.7928299690197207,0.21956806181405591,32.9,0.9699337846744306,0.038629528510266686,0.9699337846744306,0.05315928628105364,67.5,0.982285600917356,0.022805535329470442,0.982285600917356,0.019935748776696537
64.3,0.9500416515768786,0.06379857549800597,0.9500416515768786,0.06078764314895693,2101.0,0.9318296924905425,0.08679699405783485,0.9318296924905425,0.06960477016359584,32.0,0.9775450643525854,0.02980652362184583,0.9775450643525854,0.035093431057832004,-13.3,0.9828266179467006,0.022435931452242926,0.9828266179467006,0.02318293056319041,19.32,0.9681593710604416,0.04131475005320526,0.9681593710604416,0.05126475349082321,43.0,0.7919195067357597,0.19784185081087116,0.7919195067357597,0.221979390641344,32.5,0.9699337846744306,0.038629528510266686,0.9699337846744306,0.05156802518447566,68.2,0.9818079703076957,0.02340789647889534,0.9818079703076957,0.02056593960316269
16.9,0.9486820078452037,0.06570473035427403,0.9486820078452037,0.06301612752285908,1395.0,0.9311541280180984,0.08753402905535308,0.9311541280180984,0.07014896961232257,53.0,0.9783203702556279,0.02879632226404398,0.9783203702556279,0.035093431057832004,10.9,0.983842087814199,0.021250616518675054,0.983842087814199,0.02287090427927058,3.45,0.9675605684247087,0.04197989266699231,0.9675605684247087,0.05148627792586309,39.0,0.7957546790692017,0.19617478328812357,0.7957546790692017,0.22331312005191692,19.6,0.9695758298705287,0.03915999658687629,0.9695758298705287,0.0518365006434305,66.3,0.9829127818526938,0.021702683053091736,0.9829127818526938,0.018569793553542588
31.8,0.9485201728001154,0.06585537395409474,0.9485201728001154,0.061870834455979795,1265.0,0.9288409560064382,0.08992699146823356,0.9288409560064382,0.0736838856821664,32.0,0.9769891756858997,0.030567362782467817,0.9769891756858997,0.03694839862892142,4.7,0.9848153275800251,0.020000200016669786,0.9848153275800251,0.02104462914332744,3.55,0.9651550874702224,0.045030047596031395,0.9651550874702224,0.05700862782694001,30.0,0.7949793731661592,0.1968237451955742,0.7949793731661592,0.21897615185654873,18.8,0.967617383503121,0.04180896173131046,0.967617383503121,0.05601755762913697,64.3,0.9824920495669267,0.02219962552722073,0.9824920495669267,0.020618106452520414
15.3,0.9502199366809698,0.06435800342422322,0.9502199366809698,0.062340094523564836,1338.0,0.9275278108455575,0.09133981152797742,0.9275278108455575,0.07702063669031706,31.0,0.9773651798986491,0.030156035180057373,0.9773651798986491,0.03672070975629257,10.2,0.9833538664194583,0.021748979545509525,0.9833538664194583,0.024050206783700186,3.46,0.9625160138925524,0.04956376907997001,0.9625160138925524,0.06534423331696576,23.0,0.7927070927347253,0.19777149892163204,0.7927070927347253,0.22477731980931132,20.0,0.9665641332667356,0.04360231715986539,0.9665641332667356,0.0574228963571823,59.6,0.9829127818526938,0.021702683053091736,0.9829127818526938,0.019113680781240712
51.0,0.9518260926483223,0.06291407297907352,0.9518260926483223,0.06253530282881258,1787.0,0.9291339668129098,0.08998228331197042,0.9291339668129098,0.0777178513907167,62.0,0.9784984406055938,0.028607234529368034,0.9784984406055938,0.03718936162342784,1.6,0.9839526690551914,0.021059826187652578,0.9839526690551914,0.02555707520162374,14.38,0.9625160138925524,0.04956376907997072,0.9625160138925524,0.06465652260807798,32.0,0.7961126338731038,0.19581575897393239,0.7961126338731038,0.22202788532740228,32.2,0.964608916058977,0.04568311885455247,0.964608916058977,0.059705009466216985,71.0,0.9824351512430336,0.022305979064782943,0.9824351512430336,0.01984986648388274
44.7,0.953287553808889,0.061286590219038185,0.953287553808889,0.060560818405038866,1805.0,0.928387262098791,0.09053330456836242,0.928387262098791,0.07838157765014109,53.0,0.9788563954094956,0.028067761328122783,0.9788563954094956,0.03573714061478158,-1.6,0.9848631313391524,0.01976195418407598,0.9848631313391524,0.025254231533370617,16.89,0.9617121068005858,0.05025225551095062,0.9617121068005858,0.06622599252592003,37.0,0.7967987891306278,0.19538548459005753,0.7967987891306278,0.2214924299724038,31.8,0.9649488214540315,0.04534292286084033,0.9649488214540315,0.058468657910807714,75.7,0.9817595867705895,0.023134077753961813,0.9817595867705895,0.020659518847282482
34.9,0.9538400612889479,0.060582132232211365,0.9538400612889479,0.05826437332710119,1881.0,0.9267811061314388,0.0918885362819528,0.9267811061314388,0.07907887457817506,18.0,0.9770760193920536,0.030577395873896927,0.9770760193920536,0.040342692818687145,-7.0,0.9848631313391524,0.01976195418407598,0.9848631313391524,0.02604669083195912,9.53,0.9608016445166249,0.05148985531077862,0.9608016445166249,0.06897430110637975,36.0,0.7958898354501203,0.19598457353191434,0.7958898354501203,0.2184812853680795,27.8,0.964141685202416,0.04658703525628514,0.964141685202416,0.05772321271598685,71.8,0.9817595867705895,0.02313407775396253,0.9817595867705895,0.018839023268247143
17.6,0.9529311076084404,0.06150856580955094,0.9529311076084404,0.05755786363006909,1718.0,0.9277884594630581,0.09113721547972617,0.9277884594630581,0.07945321279488282,25.0,0.9751197198852812,0.032954466312929566,0.9751197198852812,0.043032041554190534,3.9,0.9846082991524757,0.020095402753515148,0.9846082991524757,0.02792220148562269,4.37,0.9581625709389547,0.05598421262646722,0.9581625709389547,0.07454364927242589,35.0,0.8010983859545927,0.19266098004666488,0.8010983859545927,0.2133974336489563,22.4,0.961417335001248,0.050420829010875204,0.961417335001248,0.061060588284129524,63.1,0.9817595867705895,0.02313407775396253,0.9817595867705895,0.01815454174034546
28.6,0.9520221539279328,0.06243312189499274,0.9520221539279328,0.0573501973886698,1729.0,0.9264288157313835,0.09295426216492483,0.9264288157313835,0.08363299403902813,44.0,0.9757952843577251,0.03213898396173071,0.9757952843577251,0.041423099853796996,0.0,0.9831970941121885,0.02248948592659164,0.9831970941121885,0.03207474583732821,7.52,0.9581625709389547,0.05598421262646722,0.9581625709389547,0.07187337240028599,36.0,0.8048570820980758,0.19093182344686793,0.8048570820980758,0.2139385860811488,26.3,0.9611945365782645,0.05067920407061193,0.9611945365782645,0.05935396995105485,74.5,0.9822372173802498,0.022531614182507813,0.9822372173802498,0.01653267116479036
61.6,0.9514696464478737,0.06313502833603721,0.9514696464478737,0.05847040460561572,1857.0,0.926131140438001,0.09332442252879515,0.926131140438001,0.08292489360203897,19.0,0.9759932182205088,0.03191683689819795,0.9759932182205088,0.040809545579714356,4.7,0.982899418818806,0.02290722507118614,0.982899418818806,0.03196404171554149,16.63,0.9601177881467131,0.053939549362130995,0.9601177881467131,0.0696395521314983,38.0,0.8076030301413526,0.18999557653120472,0.8076030301413526,0.21511432310941322,32.2,0.9631497537860231,0.048616571621493215,0.9631497537860231,0.05722029424278648,69.0,0.9826579496660169,0.022034947682164942,0.9826579496660169,0.01669308006572621
20.0,0.9509171389678147,0.06383607751873333,0.9509171389678147,0.061378203859909185,1743.0,0.9221324231286563,0.10120588715033459,0.9221324231286563,0.12961435826485707,21.0,0.976816257020337,0.031082261220655272,0.976816257020337,0.039725770915485924,8.6,0.982899418818806,0.02290722507118614,0.982899418818806,0.03330213947240307,4.47,0.9601177881467131,0.053939549362130995,0.9601177881467131,0.0696395521314983,39.0,0.8076030301413526,0.18999557653120472,0.8076030301413526,0.21511432310941322,21.2,0.9621342839185246,0.04974714550980964,0.9621342839185246,0.05696392715857389,62.7,0.9829127818526937,0.021702683053090654,0.9829127818526937,0.017697956212203145
19.6,0.9516032942253387,0.06316671116652126,0.9516032942253387,0.0605408876007364,1186.0,0.9264290386207025,0.09551220048130642,0.9264290386207025,0.11960270765181363,20.0,0.976816257020337,0.031082261220655272,0.976816257020337,0.039725770915485924,13.3,0.9822238543463622,0.023735316614098244,0.9822238543463622,0.03498317968306277,3.54,0.9601177881467131,0.053939549362130995,0.9601177881467131,0.0696395521314983,44.0,0.8076030301413526,0.18999557653120472,0.8076030301413526,0.21511432310941322,19.6,0.9621342839185246,0.04974714550980964,0.9621342839185246,0.05696392715857389,57.6,0.9824351512430336,0.022305979064782943,0.9824351512430336,0.017850297075175568
22.4,0.9530647553859052,0.06154004196768341,0.9530647553859052,0.06022475044269044,1130.0,0.9254216852890832,0.09625737174065008,0.9254216852890832,0.12233399636515052,30.0,0.9757114454753388,0.03276597380539425,0.9757114454753388,0.042728407429947206,1.6,0.9820457839963962,0.023926047203922638,0.9820457839963962,0.034713062607583424,3.75,0.9601177881467131,0.053939549362130995,0.9601177881467131,0.0696395521314983,38.0,0.8112818115464537,0.18823110500703358,0.8112818115464537,0.21618924709208986,19.2,0.9614481286610005,0.050434498025491936,0.9614481286610005,0.0581847498976238,57.3,0.9822372173802498,0.022531614182507813,0.9822372173802498,0.01725544566159882
20.0,0.954377900546786,0.0600403000533485,0.954377900546786,0.056191176916024335,1905.0,0.9237128049554134,0.09875490514040347,0.9237128049554134,0.12198087822249876,26.0,0.976009120768721,0.032354398262454384,0.976009120768721,0.04054510537503911,-0.8,0.9823434592897786,0.023508991626871506,0.9823434592897786,0.034571548124231403,7.43,0.9601177881467131,0.053939549362130995,0.9601177881467131,0.06882783778372914,42.0,0.819725100257164,0.17909141398992523,0.819725100257164,0.21663988730010758,28.2,0.9604748888951742,0.05162345855557624,0.9604748888951742,0.05854767100771595,62.7,0.9820144189572665,0.022802412557543835,0.9820144189572665,0.016961997920429406
38.4,0.9557375442784607,0.058113520662121575,0.9557375442784607,0.05287732362463907,1460.0,0.9233548501515115,0.0992353924885651,0.9233548501515115,0.11916738044447493,45.0,0.976009120768721,0.032354398262454384,0.976009120768721,0.04247868290275435,3.9,0.983507245156963,0.022182916351378482,0.983507245156963,0.03221412381707776,8.31,0.9598076371019385,0.05422823058186392,0.9598076371019385,0.06880374266585368,45.0,0.822767697052927,0.17775399476792458,0.822767697052927,0.21719409471192533,27.8,0.9622552649126161,0.04919730651921104,0.9622552649126161,0.05425063640099694,73.7,0.9815936866714993,0.023298412482942253,0.9815936866714993,0.016483964697762525
52.9,0.9553615400657112,0.05850422436918069,0.9553615400657112,0.05471394874596746,1522.0,0.9260792003526795,0.09570850671573865,0.9260792003526795,0.1135243849519078,46.0,0.9754103181329882,0.03303084732457893,0.9754103181329882,0.04405086840119741,-7.0,0.9854709576773093,0.019034201587608147,0.9854709576773093,0.026063700660718787,11.62,0.9585069676924501,0.05559897829811008,0.9585069676924501,0.06927126466744064,47.0,0.8206340539376715,0.1784424683140727,0.8206340539376715,0.21935141922596565,29.8,0.9617027574325572,0.04991513675306895,0.9617027574325572,0.05596025204204072,68.6,0.9810411791914402,0.02404637942044701,0.9810411791914402,0.016195951661176218
63.1,0.9545160217791804,0.05916529053803414,0.9545160217791804,0.05473924134164582,1676.0,0.9266780029884124,0.09510888032457522,0.9266780029884124,0.11332501150417572,53.0,0.9752734345906844,0.03315311767784062,0.9752734345906844,0.04343093208089586,-3.1,0.9852481592543257,0.019306715999043846,0.9852481592543257,0.0267355379854275,15.78,0.9579328442860396,0.0561061364024667,0.9579328442860396,0.06923214022865369,52.0,0.8181479289037138,0.17932232642834064,0.8181479289037138,0.21740788893848514,31.8,0.9612090013853651,0.050312457888658894,0.9612090013853651,0.05821757341166428,68.2,0.9800679394256141,0.025287833296203113,0.9800679394256141,0.018063671917760253
16.5,0.953607068098673,0.060093812325969984,0.953607068098673,0.055779434324946316,1475.0,0.9259173653075908,0.09584977663846411,0.9259173653075908,0.11581048392081365,45.0,0.9750755007279006,0.03337484041965593,0.9750755007279006,0.04416603101680567,-2.3,0.9854262296042917,0.01911450043641601,0.9854262296042917,0.027018316981253235,3.95,0.95707920946363,0.05706844842762533,0.95707920946363,0.06982515483084006,50.0,0.8179996129040278,0.17941111743383656,0.8179996129040278,0.21340481339573833,20.4,0.9607207799906248,0.050784098246577696,0.9607207799906248,0.058466105792991024,63.1,0.9796919352128645,0.025702230581421702,0.9796919352128645,0.017714074183110953
53.3,0.9552132240660252,0.058636787900574514,0.9552132240660252,0.05616317626242137,1388.0,0.9242598233932149,0.0973572448793556,0.9242598233932149,0.11643168782194198,46.0,0.9755531313375608,0.03278164666059946,0.9755531313375608,0.04557586081458037,-1.6,0.9850502253915423,0.019533625554155096,0.9850502253915423,0.02695133436169668,10.77,0.9571978126560153,0.05697726685685931,0.9571978126560153,0.06905072703217616,51.0,0.8195338749366999,0.17722628965882412,0.8195338749366999,0.21004188310376182,29.4,0.9613628520375025,0.050252464263636186,0.9613628520375025,0.05734102987016425,67.5,0.97855867450592,0.027256363716667235,0.97855867450592,0.0191495203302681
45.1,0.9569936000834672,0.05623802435372044,0.9569936000834672,0.056367498321026895,1585.0,0.9260219979748319,0.09578364303084765,0.9260219979748319,0.11473988849888532,18.0,0.9753551974747774,0.03300351223113019,0.9753551974747774,0.04578907124812781,4.7,0.9833791254267595,0.021685649457093947,0.9833791254267595,0.030510147182496804,10.86,0.9586255708848357,0.05550745780933848,0.9586255708848357,0.07017936137027281,57.0,0.8223960041834072,0.1760613971933187,0.8223960041834072,0.21107121683086566,29.0,0.9622164868599123,0.04927934239666598,0.9622164868599123,0.05929329320964628,71.0,0.9795319142717461,0.026018854926699274,0.9795319142717461,0.018387461763395126
18.0,0.9575461075635262,0.05552763897857487,0.9575461075635262,0.054358960430595425,1508.0,0.9270374678423302,0.0947499583104688,0.9270374678423302,0.11165253752497074,27.0,0.9749344651890103,0.033491613891970126,0.9749344651890103,0.04633490824542197,0.0,0.9827234953294753,0.02264777443652099,0.9827234953294753,0.03143753626121461,3.94,0.9586255708848357,0.05550745780933848,0.9586255708848357,0.07017936137027281,53.0,0.8223960041834072,0.1760613971933187,0.8223960041834072,0.21107121683086566,21.6,0.9633802727270968,0.04801272594325129,0.9633802727270968,0.05618924880514381,62.0,0.9804027112205081,0.025193504676021543,0.9804027112205081,0.018245805855547678
31.8,0.9575461075635262,0.05552763897857487,0.9575461075635262,0.054495396748040874,1470.0,0.9289926850500886,0.09286087896189295,0.9289926850500886,0.10888541501706069,31.0,0.9738296536440121,0.035169213234496205,0.9738296536440121,0.04945036475936734,-0.8,0.9840366404903559,0.021044262738523615,0.9840366404903559,0.02989599547997763,7.32,0.9570792094636298,0.05706844842762532,0.9570792094636298,0.0730345126510032,54.0,0.8247804489895207,0.17347454082545954,0.8247804489895207,0.20606727040891684,25.9,0.9635782065898805,0.047796832997272956,0.9635782065898805,0.05554869273522188,72.5,0.9817339057902362,0.023408697697362247,0.9817339057902362,0.016731055791138538
43.5,0.9562329624026454,0.057039102833495114,0.9562329624026454,0.05649973538396344,1937.0,0.9294134173358557,0.09242405151273488,0.9294134173358557,0.10895172036297208,19.0,0.9738296536440121,0.035169213234496205,0.9738296536440121,0.05007598419854678,0.8,0.984635443126089,0.020354183959530748,0.984635443126089,0.028091143516841048,12.04,0.9565267019835708,0.05777756647210199,0.9565267019835708,0.07629294723814159,55.0,0.8267388953569283,0.1715555803516813,0.8267388953569283,0.20212846768040743,29.8,0.962922576492596,0.048721217317190126,0.962922576492596,0.05947293030600105,71.4,0.981078275692952,0.024368012806762807,0.981078275692952,0.018218376074854395
17.6,0.9557859278155669,0.057441630177520034,0.9557859278155669,0.056073493022274865,1809.0,0.9288609098557967,0.09308970826735488,0.9288609098557967,0.10982158564972415,34.0,0.9749809637598044,0.033758419934117406,0.9749809637598044,0.047086012347582515,7.0,0.9836622033602629,0.021604014725093396,0.9836622033602629,0.029743349235066947,4.78,0.957476829602731,0.05688027190025702,0.957476829602731,0.076007111241191,53.0,0.8240998217792582,0.17499511302000414,0.8240998217792582,0.20627730127758248,22.7,0.964468937913802,0.04713618513365053,0.964468937913802,0.058304979530044015,63.5,0.97992696557716,0.02579915644970358,0.97992696557716,0.02000199013881756
46.3,0.9568317650383784,0.05639178445495647,0.9568317650383784,0.05578847307112128,1786.0,0.9297145446782064,0.09219189324987836,0.9297145446782064,0.10628401066681684,41.0,0.9741273289373945,0.03475920442898086,0.9741273289373945,0.04783832348986117,-0.8,0.9839170355469397,0.021271287305447084,0.9839170355469397,0.02920155236171071,12.35,0.9586100903096755,0.055396018768659634,0.9586100903096755,0.07303011027468728,54.0,0.8250300150232588,0.17359044683566965,0.8250300150232588,0.20934386938714616,30.2,0.9665892193262983,0.04434970795117423,0.9665892193262983,0.05495431825346676,71.4,0.9801497640001435,0.025529636937582676,0.9801497640001435,0.020124055423718448
22.0,0.9591731633226663,0.05230340082662031,0.9591731633226663,0.04987454799598346,1052.0,0.9274622733172929,0.09426476574708326,0.9274622733172929,0.10884064241298917,27.0,0.9737513247246452,0.03516731505523024,0.9737513247246452,0.048074129940011257,-1.6,0.9839170355469397,0.021271287305447084,0.9839170355469397,0.02928238327052174,2.73,0.9608120818281656,0.052911491218294256,0.9608120818281656,0.0696251840639897,51.0,0.8239767647868732,0.17493643318690902,0.8239767647868732,0.21117584546861815,17.6,0.9687095007387945,0.04155055148910286,0.9687095007387945,0.05094811356326627,60.8,0.9804474392935257,0.025113901362506286,0.9804474392935257,0.01956595699436875
62.0,0.9587239818749527,0.05301511520295508,0.9587239818749527,0.04998599704863885,1402.0,0.9274622733172929,0.09426476574708326,0.9274622733172929,0.1084795834124918,32.0,0.9731525220889119,0.03584037657156473,0.9731525220889119,0.04773314786269396,1.6,0.9833645280668805,0.02202222594670053,0.9833645280668805,0.03027022015391545,5.25,0.9613645893082247,0.0521961015743188,0.9613645893082247,0.06881127484989248,42.0,0.8241746986496569,0.1747853594608054,0.8241746986496569,0.20658362212250173,21.6,0.96836959534374,0.0418935287518491,0.96836959534374,0.05136621625778673,67.5,0.9807022714802025,0.02478320997443044,0.9807022714802025,0.019551805941452702
20.8,0.9587239818749527,0.05301511520295508,0.9587239818749527,0.049250332516758276,1902.0,0.9271043185133909,0.09474924729553774,0.9271043185133909,0.10731718672542437,68.0,0.9736903613467502,0.035272536683550196,0.9736903613467502,0.04776200174899736,6.2,0.9827657254311476,0.022710365756747054,0.9827657254311476,0.0315973354828922,7.34,0.9608120818281656,0.05291149121829355,0.9608120818281656,0.07050980004687712,44.0,0.8266184928096871,0.1738821778736924,0.8266184928096871,0.20824595688835057,27.1,0.96836959534374,0.04189352875184981,0.96836959534374,0.052499684936539975,63.1,0.9816755112460286,0.02354042012320912,0.9816755112460286,0.019131884768697868
89.0,0.9592618211327907,0.052465916371187436,0.9592618211327907,0.04821245916581839,2284.0,0.9258197745414342,0.09579833716603302,0.9258197745414342,0.10838985376006435,52.0,0.9734675629237665,0.035537973492109465,0.9734675629237665,0.045708996281065915,-9.4,0.9825876550811815,0.022901392048397997,0.9825876550811815,0.03303657915508576,31.23,0.959384323599345,0.05438889229024294,0.959384323599345,0.0689268996435591,54.0,0.8242340480035736,0.1764758760061428,0.8242340480035736,0.21616703117998987,36.5,0.9675159605213304,0.0428799473202747,0.9675159605213304,0.050844529668957764,67.5,0.9822743138817617,0.022853580249567088,0.9822743138817617,0.019866078969253957
56.5,0.9614483320761206,0.049200203789907845,0.9614483320761206,0.04542665989795989,2704.0,0.9239587863874049,0.09743073526430608,0.9239587863874049,0.11069141512546143,42.0,0.9734675629237665,0.03553797349211018,0.9734675629237665,0.043746832253641295,-3.1,0.9821669227954145,0.02339765065316749,0.9821669227954145,0.03382033659445246,22.09,0.9582330134835529,0.05575104650699945,0.9582330134835529,0.06993773300961194,57.0,0.821414249630794,0.17764020976620518,0.821414249630794,0.21923788893491908,33.7,0.9661847659516021,0.04461115371982551,0.9661847659516021,0.052301480036124656,71.8,0.982076380018978,0.02307906660396639,0.982076380018978,0.01970596648960514
21.2,0.9607927019788364,0.05012144251388049,0.9607927019788364,0.04464507081179326,2480.0,0.924869248671366,0.0962896320913593,0.924869248671366,0.1061980407320519,44.0,0.9733057278786781,0.03569814689411816,0.9733057278786781,0.04338140302354644,8.6,0.9830773850793755,0.022104369853006112,0.9830773850793755,0.03261474270562279,6.76,0.9582330134835529,0.05575104650699945,0.9582330134835529,0.06863482711984563,54.0,0.8198159049279234,0.17888391719479665,0.8198159049279234,0.21633301207085612,25.1,0.9673180266585466,0.0430978086992597,0.9673180266585466,0.049316787952993504,60.8,0.9813010741159355,0.024097837929968394,0.9813010741159355,0.020567269972210384
42.0,0.9603044805840958,0.050592953417966276,0.9603044805840958,0.04464817102154107,1455.0,0.9284391171590646,0.09213851502201494,0.9284391171590646,0.09973415518790156,20.0,0.9737527624657565,0.03527728205823504,0.9737527624657565,0.04497278385436362,3.1,0.983300183502359,0.021833109030648865,0.983300183502359,0.03263705927141389,8.17,0.959056052283381,0.05495310457795161,0.959056052283381,0.06503202419619253,48.0,0.8196179710651397,0.17903275697191087,0.8196179710651397,0.21716940018504194,26.3,0.9680702204149231,0.042392883724492396,0.9680702204149231,0.046546998873273224,69.8,0.9813010741159355,0.024097837929968394,0.9813010741159355,0.020567269972210384
43.9,0.9610511852982145,0.04998702574873805,0.9610511852982145,0.045735582627913204,918.0,0.9281577721648963,0.09230271219390795,0.9281577721648963,0.10157330526353552,50.0,0.9737527624657565,0.03527728205823504,0.9737527624657565,0.046097808245692706,1.6,0.9846133286632396,0.02022753417910516,0.9846133286632396,0.02969315610346827,6.3,0.9602289783255247,0.053793094241460296,0.9602289783255247,0.06548185958359072,47.0,0.8201654890064854,0.17894961270921475,0.8201654890064854,0.22018822414746253,25.9,0.9689238552373329,0.04140542776275586,0.9689238552373329,0.04834366313034951,66.3,0.9806454440186511,0.025056255586168016,0.9806454440186511,0.021949810880773354
17.6,0.9610511852982145,0.04998702574873805,0.9610511852982145,0.045735582627913204,1533.0,0.9285785044506634,0.09186609975113598,0.9285785044506634,0.10013981219106233,21.0,0.9757112088331644,0.03259734913171622,0.9757112088331644,0.04261847129717531,13.3,0.9843584964765628,0.020560775056638773,0.9843584964765628,0.029291378676685163,4.03,0.9610826131479344,0.052824371958998834,0.9610826131479344,0.06359128323660707,42.0,0.820612287374299,0.1788822193903404,0.820612287374299,0.22325033554320853,22.0,0.9700751653531249,0.04000956295664004,0.9700751653531249,0.04682658259823407,64.7,0.9810577323799733,0.024680686556970133,0.9810577323799733,0.02257201194223349
18.8,0.9610511852982145,0.04998702574873805,0.9610511852982145,0.045735582627913204,1349.0,0.9299897094909506,0.08971394638367872,0.9299897094909506,0.10007279942000602,20.0,0.9752335782235041,0.033190734477960046,0.9752335782235041,0.04148953636061963,7.0,0.9840005416726608,0.02110612666455498,0.9840005416726608,0.029897100367209762,3.51,0.961656736554345,0.05231336613486082,0.961656736554345,0.06234420712786522,35.0,0.8209590748263752,0.1788301915391583,0.8209590748263752,0.2263554170801051,19.6,0.9699268493534389,0.04014727376448441,0.9699268493534389,0.045905494106639806,62.0,0.9815047669670516,0.02425119086903142,0.9815047669670516,0.022130909267158518
20.8,0.9581785190973605,0.053931770749126175,0.9581785190973605,0.05073435873044424,1653.0,0.930645339588235,0.08885236319689753,0.930645339588235,0.09941703631364632,21.0,0.9768160203781621,0.030913446036763714,0.9768160203781621,0.03959756781738833,0.0,0.9842233400956444,0.020834375746778377,0.9842233400956444,0.029992860881442564,5.0,0.9622092440344042,0.05159695084760979,0.9622092440344042,0.05908762148103544,26.0,0.8212063956806095,0.17879323514712175,0.8212063956806095,0.22950328153522107,22.7,0.9702848041573409,0.03961696760494527,0.9702848041573409,0.04260512627075493,62.4,0.9819929883617923,0.023755049790227648,0.9819929883617923,0.022631992629932308
59.6,0.9564163445157433,0.05564954864433148,0.9564163445157433,0.05191780474947682,1171.0,0.9364244329150218,0.07853716251480648,0.9364244329150218,0.04649467317856823,49.0,0.9759623855557525,0.03191871321874808,0.9759623855557525,0.040753658098311,-1.6,0.9839256648022622,0.021253065844994538,0.9839256648022622,0.03186148872930238,10.28,0.9615841390973597,0.05218619708779444,0.9615841390973597,0.060717479233118876,32.0,0.8175518522354408,0.18295728485776142,0.8175518522354408,0.24265361325145807,29.0,0.9695326104009643,0.040325809005079455,0.9695326104009643,0.04430318692242315,58.4,0.9822157867847757,0.023484473687359713,0.9822157867847757,0.022667721953650178
56.1,0.9567923487284928,0.05525724064515122,0.9567923487284928,0.05115787140361369,1703.0,0.9374776831514072,0.07684196958952046,0.9374776831514072,0.04835370893675102,35.0,0.9749891457899265,0.033145635645801565,0.9749891457899265,0.04103735390939489,-4.7,0.984524467437995,0.020563194805120488,0.984524467437995,0.0307805898172945,13.49,0.9614570502780276,0.052290009313287214,0.9614570502780276,0.059622281068369816,42.0,0.8169530495997078,0.18340646480379655,0.8169530495997078,0.24772490188030477,30.2,0.9695326104009643,0.040325809005079455,0.9695326104009643,0.04342821898587054,69.0,0.9814086505331602,0.024770175271269367,0.9814086505331602,0.025356324657574664
33.3,0.9558818864445319,0.0564832524907331,0.9558818864445319,0.05062342824811879,2132.0,0.9367170454705855,0.07760813858768241,0.9367170454705855,0.04895294404637015,25.0,0.973406703635268,0.03541484754105164,0.973406703635268,0.04277970787119476,-0.8,0.9851232700737281,0.01987246885161963,0.9851232700737281,0.02880825647780987,10.47,0.9606964125972061,0.053098366570017215,0.9606964125972061,0.059229219045385965,44.0,0.8167057287454738,0.18344127381498668,0.8167057287454738,0.2444878779549748,29.0,0.9691566061882148,0.040729708198559936,0.9691566061882148,0.042916316434022335,73.7,0.9808098478974272,0.025455215497303313,0.9808098478974272,0.025432396483890143
20.0,0.9555058822317826,0.05687466341424105,0.9555058822317826,0.05044821786769446,2128.0,0.9385610821851734,0.0757369279632769,0.9385610821851734,0.046472333044688924,20.0,0.97455801375106,0.03400499287809385,0.97455801375106,0.04151672587952213,0.0,0.9849451997237622,0.020064486174481165,0.9849451997237622,0.02896307247586125,6.26,0.9600407824999219,0.054016171500715394,0.9600407824999219,0.05967255928037767,37.0,0.8193137267042878,0.1821897618020011,0.8193137267042878,0.2425517661054738,24.3,0.9685009760909306,0.04166460413200066,0.9685009760909306,0.0438119615438353,63.1,0.9814654779947114,0.024496898344436798,0.9814654779947114,0.02435447020406668
19.6,0.9562525869459012,0.05627706418109189,0.9562525869459012,0.05011758359096578,1233.0,0.9417094133059569,0.0723480674501145,0.9417094133059569,0.045658403688110305,31.0,0.9768266111632424,0.03101858855661959,0.9768266111632424,0.03869650411009162,10.2,0.9841845620429406,0.020919491566747907,0.9841845620429406,0.029431278964641736,3.54,0.9603259820419118,0.053764853161218346,0.9603259820419118,0.0580096136302766,21.0,0.8218661615956012,0.18093676732156744,0.8218661615956012,0.23582938340397663,19.2,0.9672003066814424,0.04306598278875961,0.9672003066814424,0.04337726668892527,59.2,0.9807899135222675,0.02532264076722409,0.9807899135222675,0.024537744538629957
71.8,0.9578350291005594,0.05408434647961471,0.9578350291005594,0.04874349143775521,1029.0,0.9399207259168483,0.07386763138294436,0.9399207259168483,0.045400243124298106,63.0,0.9768266111632424,0.03101858855661959,0.9768266111632424,0.038070884670912186,-0.8,0.9847833646786737,0.02022922935496225,0.9847833646786737,0.027896593206198243,11.18,0.9616391272027923,0.05224178271611167,0.9616391272027923,0.05779132147690467,24.0,0.8218661615956012,0.18093676732156744,0.8218661615956012,0.23582938340397663,29.8,0.9675763108941919,0.042663870658756264,0.9675763108941919,0.044629677792179245,63.5,0.9813277527801056,0.02474426961621193,0.9813277527801056,0.024743615651716865
18.0,0.956300767067887,0.056939820188638315,0.956300767067887,0.05190206474190848,1378.0,0.94068136359767,0.07309538693166441,0.94068136359767,0.0449780826733947,21.0,0.9759729763408327,0.0320237753509055,0.9759729763408327,0.03937655096903813,7.8,0.9851413194825757,0.01968311310060731,0.9851413194825757,0.025637573624533797,3.75,0.9642782007804626,0.04771977711343097,0.9642782007804626,0.05065386160669929,23.0,0.8253588699956811,0.17683945649919025,0.8253588699956811,0.23109389057622134,20.8,0.9695400234145382,0.03960906911023558,0.9695400234145382,0.0405866849315212,62.0,0.9813277527801056,0.02474426961621265,0.9813277527801056,0.025775682395680705
19.2,0.9565984423612695,0.05654435647453459,0.9565984423612695,0.051857009361419196,1050.0,0.943443717057044,0.06993410658966284,0.943443717057044,0.04365757299440759,33.0,0.9756753010474505,0.032435435757559375,0.9756753010474505,0.04179751315510958,3.9,0.9848864872958989,0.020016679164495364,0.9848864872958989,0.02560348182408368,3.29,0.9651871544609701,0.046767936459398605,0.9651871544609701,0.048748413269830544,18.0,0.8276692649874394,0.1759563546681436,0.8276692649874394,0.23387820380435817,18.4,0.9707129494566817,0.03841637018085978,0.9707129494566817,0.03887328764229458,59.6,0.9803122829126072,0.0259228246810597,0.9803122829126072,0.027542762524317952
42.4,0.9555526051384579,0.05759374902723957,0.9555526051384579,0.054961021106192026,801.0,0.9445769777639885,0.06848924860977895,0.9445769777639885,0.042566274614673154,35.0,0.973711588527104,0.035525058732917975,0.973711588527104,0.0473437624573045,-1.6,0.9846636888729153,0.020288804554468135,0.9846636888729153,0.027042029075294217,4.41,0.9660407892833798,0.045787511000046334,0.9660407892833798,0.04754775638124804,15.0,0.8279792399882069,0.17590319998071538,0.8279792399882069,0.23700547828957358,20.8,0.971686189222508,0.037200398709675016,0.971686189222508,0.03690942474050234,56.1,0.9803122829126074,0.025922824681059702,0.9803122829126074,0.026709603371738416
39.2,0.9555526051384579,0.05759374902723957,0.9555526051384579,0.054291284934338435,789.0,0.9413439608732836,0.07195071601002687,0.9413439608732836,0.04428556051172218,18.0,0.9745652233495137,0.034525398385059865,0.9745652233495137,0.04410938172063765,-2.3,0.984861622735699,0.020062138905721817,0.984861622735699,0.02648603143152399,4.33,0.9671456008283779,0.044136098256853225,0.9671456008283779,0.0449991889504229,12.0,0.8264170792522044,0.17646350744117117,0.8264170792522044,0.24161320170628725,20.4,0.9730458329541828,0.03520369391375804,0.9730458329541828,0.03467947859610965,56.9,0.9803122829126074,0.025922824681059702,0.9803122829126074,0.026709603371738416
40.8,0.9592071485836263,0.0519949418941384,0.9592071485836263,0.04860085697405771,1060.0,0.9408663302636234,0.07250207795468816,0.9408663302636234,0.04526818786967148,36.0,0.9745652233495137,0.034525398385059865,0.9745652233495137,0.04410938172063765,3.1,0.9837283620287545,0.021631285538888413,0.9837283620287545,0.028320825674541063,6.11,0.9681610706958761,0.04299320528508724,0.9681610706958761,0.045413267262921345,10.0,0.82435400511468,0.17730440543024276,0.82435400511468,0.24197675293326643,21.6,0.9740916701769943,0.034108760248229356,0.9740916701769943,0.03525545757723393,67.5,0.9803122829126072,0.0259228246810597,0.9803122829126072,0.027761716061021985
42.0,0.9566745788098082,0.055094624382092186,0.9566745788098082,0.05280779665825716,802.0,0.9418164578827837,0.07163622280454214,0.9418164578827837,0.04497635787476073,43.0,0.9745652233495137,0.034525398385059865,0.9745652233495137,0.04410938172063765,-1.6,0.9839831942154312,0.021298542058314884,0.9839831942154312,0.02804987004512558,5.29,0.9685190254997781,0.04246497040961106,0.9685190254997781,0.0429071766266287,15.0,0.8254072553510654,0.17596062453992714,0.8254072553510654,0.23961820399354689,23.9,0.9731415425578342,0.03504579527112271,0.9731415425578342,0.036121581873091335,51.8,0.9805102167753909,0.025698334189233774,0.9805102167753909,0.02774373131624997
45.9,0.9546147289348086,0.05720186971038677,0.9546147289348086,0.054436757814063326,1396.0,0.9425917637858262,0.0706991088270576,0.9425917637858262,0.04435501632401858,20.0,0.9745652233495137,0.034525398385059865,0.9745652233495137,0.04410938172063765,-2.3,0.9833275641181468,0.02226153413838639,0.9833275641181468,0.028477903242760512,8.8,0.9676085632158171,0.04371933003094532,0.9676085632158171,0.04700388326303377,16.0,0.8254072553510654,0.17596062453992714,0.8254072553510654,0.23961820399354689,26.7,0.9710212611453379,0.03787279029656297,0.9710212611453379,0.040368311161314334,63.1,0.9805102167753909,0.025698334189234135,0.9805102167753909,0.028354149431709733
47.8,0.9524560654873973,0.05936516678178224,0.9524560654873973,0.05651313432625609,641.0,0.9457084679731566,0.06576645151165626,0.9457084679731566,0.038979238326675075,33.0,0.973711588527104,0.035525058732917614,0.973711588527104,0.04556704199175068,10.2,0.9835254979809306,0.022035584163486537,0.9835254979809306,0.02789054322137459,4.41,0.9676085632158171,0.043719330030944616,0.9676085632158171,0.04799062770662413,10.0,0.8260934106085894,0.17548583077676821,0.8260934106085894,0.24281362245622862,21.6,0.9707664289586612,0.0381966534274551,0.9707664289586612,0.04360883060737588,44.3,0.9802125414820086,0.026113919938981045,0.9802125414820086,0.029737550109429217
53.7,0.9516652552870503,0.059950860814112335,0.9516652552870503,0.05671765896217086,970.0,0.9468132795181544,0.06417532327582989,0.9468132795181544,0.03888918830952681,21.0,0.9734139132337216,0.0359346492998753,0.9734139132337216,0.04641173459049448,-2.3,0.984286135661752,0.021182035702559936,0.984286135661752,0.027056728441651075,7.63,0.9687598733316092,0.0423282446154416,0.9687598733316092,0.04801489333618869,14.0,0.828477855414703,0.17288114334057475,0.828477855414703,0.23483543214838426,26.7,0.9725858449231297,0.035962841343015264,0.9725858449231297,0.04263502193510859,55.7,0.9808113441177415,0.025429717968092985,0.9808113441177415,0.029523522594137545
18.8,0.9517923441063824,0.059849270265256285,0.9517923441063824,0.05543696352501741,1118.0,0.9489414848638612,0.0622655661833273,0.9489414848638612,0.039060017350946656,54.0,0.9736367116567054,0.03566931880571081,0.9736367116567054,0.04659769915838555,1.6,0.984286135661752,0.021182035702559936,0.984286135661752,0.027165079228819475,3.91,0.9689826717545926,0.042065731663878246,0.9689826717545926,0.04915927819241636,19.0,0.8286396904597917,0.17277351783535333,0.8286396904597917,0.23385736913360414,21.6,0.973917039492858,0.03420753302497696,0.973917039492858,0.04177377218386082,58.4,0.9821425386874698,0.023644460195929834,0.9821425386874698,0.026560968362698865
68.6,0.9513716118206155,0.06031301169090643,0.9513716118206155,0.05822688950352929,1973.0,0.9479595074219291,0.06310884244680552,0.9479595074219291,0.03911562375553723,20.0,0.9760211564628187,0.03209138720224941,0.9760211564628187,0.041937410526841294,-14.1,0.9834789994101364,0.02247241891536816,0.9834789994101364,0.03037273239198463,20.57,0.9698931340385536,0.04080792195853236,0.9698931340385536,0.047884052918093875,22.0,0.822883374803364,0.17777869131627533,0.822883374803364,0.2374244005687225,33.3,0.9736942410698745,0.03447327903598053,0.9736942410698745,0.042655239729212695,67.8,0.9809787528202853,0.02496688845018213,0.9809787528202853,0.02728163987026573
18.8,0.9524764233656133,0.05870511661538638,0.9524764233656133,0.05649163180726645,1631.0,0.9479595074219291,0.06310884244680552,0.9479595074219291,0.036761476638526996,41.0,0.9762439548858022,0.03182442489004383,0.9762439548858022,0.043531464954716374,3.1,0.9839566300197966,0.02186854001173135,0.9839566300197966,0.02999635145208215,4.46,0.9727658002394075,0.036772298427736445,0.9727658002394075,0.04310926930310634,24.0,0.8201969755988561,0.17891904695176147,0.8201969755988561,0.23496109323418185,22.0,0.9746674808357005,0.033249399410135626,0.9746674808357005,0.04176509257785977,62.7,0.9809787528202853,0.02496688845018213,0.9809787528202853,0.026777208790658993
42.4,0.953080492154285,0.057661010210798946,0.953080492154285,0.054479471440099014,2171.0,0.9484371380315894,0.06254804037038257,0.9484371380315894,0.03698279261872669,20.0,0.9753334926018412,0.03309935686268358,0.9753334926018412,0.045379051771739586,-7.0,0.9834789994101364,0.02247241891536852,0.9834789994101364,0.030953018830844416,12.65,0.9754048738170779,0.0321528517406283,0.9754048738170779,0.03492791789407419,25.0,0.8199040669612231,0.17896143532136702,0.8199040669612231,0.23195968671314238,30.2,0.9757207310720859,0.03142904491947888,0.9757207310720859,0.03783289459942422,71.8,0.9809787528202853,0.02496688845018213,0.9809787528202853,0.026243578125758404
29.8,0.9550442046746314,0.0546853931130826,0.9550442046746314,0.05004542600880604,2049.0,0.9492601768314174,0.06176513069304662,0.9492601768314174,0.03680086172445781,18.0,0.9744230303178801,0.03437185315558456,0.9744230303178801,0.0490566303766596,4.7,0.9837766747035189,0.022054293736234385,0.9837766747035189,0.028786350811753,10.68,0.9768326320458982,0.03061558926558786,0.9768326320458982,0.03569910394962305,26.0,0.8195128316609103,0.17901831708827776,0.8195128316609103,0.22899870420839508,29.4,0.9764813687529076,0.03058985881955931,0.9764813687529076,0.03832155225616022,65.9,0.9798454921133406,0.026523992880976874,0.9798454921133406,0.028235541790922098
19.6,0.9550442046746314,0.0546853931130826,0.9550442046746314,0.05135453871770128,2036.0,0.9513036964072027,0.05989393635485301,0.9513036964072027,0.03506164488396442,27.0,0.9753334926018412,0.03309935686268358,0.9753334926018412,0.04652151847206308,0.0,0.9839547450534847,0.021862872959255538,0.9839547450534847,0.028214300939332415,5.88,0.9778058718117245,0.02938370363890548,0.9778058718117245,0.03413534886417396,22.0,0.8230055400609902,0.1749289130675718,0.8230055400609902,0.21736171568629553,24.3,0.9769589993625678,0.029994400883018354,0.9769589993625678,0.0370138242813237,63.1,0.9792466894776077,0.027206821339658942,0.9792466894776077,0.02949671647770181
74.5,0.9550442046746314,0.0546853931130826,0.9550442046746314,0.050780889195221314,1929.0,0.9495150090180939,0.06145521678877769,0.9495150090180939,0.034970349452066736,60.0,0.9726091424006731,0.03701849701898756,0.9726091424006731,0.053255913978096266,3.1,0.9835787408407352,0.02228029992745565,0.9835787408407352,0.02878899558242166,22.05,0.9783583792917835,0.028641307271416176,0.9783583792917835,0.03254740939532804,33.0,0.8255680552170697,0.1722093312207175,0.8255680552170697,0.21628094926754665,34.1,0.9769589993625678,0.029994400883017993,0.9769589993625678,0.037121409381872854,67.8,0.9784713835745653,0.02821928164060842,0.9784713835745653,0.032471147384903025
20.4,0.9556998347719157,0.05377320594809675,0.9556998347719157,0.04889358008097023,1780.0,0.9478644342820475,0.06280782161579193,0.9478644342820475,0.0355380667744617,50.0,0.9727872127506392,0.03683207966683081,0.9727872127506392,0.052624909353044744,0.6281970010971596,0.9835787408407352,0.02228029992745565,0.9835787408407352,0.02819598602134282,10.46,0.9783583792917835,0.028641307271415815,0.9783583792917835,0.034359908087876756,38.0,0.8283444900532129,0.1710198557983152,0.8283444900532129,0.2175937011791434,29.4,0.9769589993625678,0.029994400883017993,0.9769589993625678,0.037121409381872854,62.4,0.9784713835745653,0.02821928164060842,0.9784713835745653,0.03388941794074872
48.6,0.9568046463169135,0.05214980866129728,0.9568046463169135,0.0474176133908226,1355.0,0.9456553952374731,0.06475871283312211,0.9456553952374731,0.03737962375483298,55.0,0.9747509252709854,0.033748158235132664,0.9747509252709854,0.046901585392134106,2.3,0.9830409015828973,0.022861407991213147,0.9830409015828973,0.029553845509335947,10.36,0.9783583792917835,0.028641307271415815,0.9783583792917835,0.034359908087876756,42.0,0.8283444900532129,0.1710198557983152,0.8283444900532129,0.2175937011791434,29.0,0.9769589993625678,0.029994400883017993,0.9769589993625678,0.037121409381872854,67.5,0.9784713835745653,0.02821928164060842,0.9784713835745653,0.03393448546992991
67.1,0.9560524525605371,0.05283808206502825,0.9560524525605371,0.04812229319313067,1440.0,0.945234662951706,0.06521693622306737,0.945234662951706,0.03774753643739645,57.0,0.975511562951807,0.03291166399269044,0.975511562951807,0.047378002423696206,0.6281970010971596,0.9835787408407352,0.02228029992745565,0.9835787408407352,0.02819598602134282,14.07,0.9783583792917835,0.028641307271415815,0.9783583792917835,0.034359908087876756,44.0,0.8283444900532129,0.1710198557983152,0.8283444900532129,0.2175937011791434,31.0,0.9769589993625678,0.029994400883017993,0.9769589993625678,0.037121409381872854,66.3,0.9789490141842255,0.02762139270580583,0.9789490141842255,0.032624103371378506
33.3,0.9557547772671546,0.0532344538796916,0.9557547772671546,0.04885734433553146,1715.0,0.9460882977741157,0.06427514892207717,0.9460882977741157,0.03741627930122776,28.0,0.97611036558754,0.032235067393315366,0.97611036558754,0.0448605101833624,10.9,0.9838335730274119,0.021947776898206824,0.9838335730274119,0.026710029784015512,8.45,0.9793738491592818,0.027468027500392463,0.9793738491592818,0.031774085930814995,52.0,0.8283444900532129,0.1710198557983152,0.8283444900532129,0.2175937011791434,27.1,0.9790423876886725,0.027497529187706718,0.9790423876886725,0.033312170633277224,73.3,0.9767625032408956,0.03099892311967908,0.9767625032408956,0.03743950370315635
16.9,0.9552771466574944,0.053804723698375356,0.9552771466574944,0.0482290981608972,1714.0,0.9460882977741157,0.06427514892207786,0.9460882977741157,0.034745996102783665,21.0,0.97611036558754,0.032235067393315366,0.97611036558754,0.0448605101833624,0.0,0.9851932167590868,0.019903774060592377,0.9851932167590868,0.023620722962928272,4.38,0.9793738491592818,0.027468027500392463,0.9793738491592818,0.029767412071421893,44.0,0.8303903217835955,0.17030861980508796,0.8303903217835955,0.21560072831706906,22.0,0.9786216554029054,0.02798995043500373,0.9786216554029054,0.03222870129610975,69.4,0.97741813333818,0.030048419619421368,0.97741813333818,0.03533965158069836
20.4,0.9545909913999704,0.054483751785667146,0.9545909913999704,0.04906099845784428,984.0,0.9475497589346823,0.06266073170444199,0.9475497589346823,0.03542043885496211,46.0,0.9757524107836381,0.032771440737071666,0.9757524107836381,0.044727762603527205,9.4,0.9860003530107022,0.018608974920178392,0.9860003530107022,0.02139994584810626,2.71,0.9787750465235487,0.028149934273761397,0.9787750465235487,0.030629684931054207,36.0,0.8310764770411198,0.16982453164925204,0.8310764770411198,0.21963540222462144,20.4,0.9781334340081649,0.02848219334836446,0.9781334340081649,0.03260804398457494,62.4,0.97741813333818,0.030048419619421368,0.97741813333818,0.03533965158069836
68.6,0.9557547772671546,0.0532344538796916,0.9557547772671546,0.047234804474811404,1859.0,0.9495039657925801,0.061010650168556224,0.9495039657925801,0.03551368470610983,70.0,0.9756040947839522,0.03291112920685876,0.9756040947839522,0.045860591661054516,1.6,0.9860003530107022,0.018608974920178392,0.9860003530107022,0.02177555292596432,19.91,0.9790298787102256,0.027820619554898146,0.9790298787102256,0.031651351723516526,44.0,0.8300232268047344,0.17118840621999343,0.8300232268047344,0.22434595199587085,33.3,0.9779355001453811,0.02870555103791224,0.9779355001453811,0.03434467939203709,69.0,0.9772201994753963,0.03027128833107419,0.9772201994753963,0.034847648283821066
91.8,0.9537112576913696,0.05512986349974603,0.9537112576913696,0.04823544667603569,2244.0,0.9493258954426143,0.06118774369657402,0.9493258954426143,0.03533806060570599,23.0,0.9754260244339862,0.033098841121028254,0.9754260244339862,0.04542610607241908,0.0,0.9857455208240256,0.018943118413925434,0.9857455208240256,0.02279760574801225,31.17,0.9780144088427273,0.0289931010900964,0.9780144088427273,0.0328643292463764,47.0,0.8242441334779477,0.1795616265005805,0.8242441334779477,0.21314423236183183,36.9,0.9765077419165608,0.030247441323541634,0.9765077419165608,0.03690241865448201,66.3,0.9774750316620731,0.02994307310539026,0.9774750316620731,0.034033739069723845
82.4,0.9539660898780461,0.05481656873860135,0.9539660898780461,0.04639398095801944,1527.0,0.9487733879625551,0.06188818031129374,0.9487733879625551,0.036904570856072925,77.0,0.975680856620663,0.032771996054678475,0.975680856620663,0.04394838468465826,-3.1,0.9850699563515817,0.019776417258875495,0.9850699563515817,0.023451047812551497,19.81,0.9780144088427273,0.0289931010900964,0.9780144088427273,0.034703521729421455,48.0,0.8212893480670573,0.18088732837531735,0.8212893480670573,0.21690836424159834,33.3,0.9765077419165608,0.03024744132354092,0.9765077419165608,0.03681516764669959,69.0,0.9765017918962468,0.0311739647588094,0.9765017918962468,0.03630019456416675
16.1,0.9556915234002489,0.052952881370735665,0.9556915234002489,0.04309293545922771,1516.0,0.9459007217617011,0.06574249654452609,0.9459007217617011,0.03750013843389882,20.0,0.9776445691410093,0.029670306911260665,0.9776445691410093,0.03846559164884816,4.7,0.9848720224887982,0.020003189982151285,0.9848720224887982,0.023370237695667952,3.92,0.9777595766560505,0.029321753613657003,0.9777595766560505,0.035324693545594504,35.0,0.8236737928731709,0.17831932680994858,0.8236737928731709,0.20901878768256235,21.2,0.9769284742023279,0.029757107975894728,0.9769284742023279,0.035490590280146575,66.3,0.9755913296122858,0.0324498559229373,0.9755913296122858,0.03903530582156066
19.2,0.9565712571088497,0.05230321449727813,0.9565712571088497,0.042620960477743594,1206.0,0.9445453175395364,0.06674404591665772,0.9445453175395364,0.037130360927492084,21.0,0.9774664987910434,0.029859026890336676,0.9774664987910434,0.0389038809836656,-2.3,0.9830916464713564,0.02254348039458559,0.9830916464713564,0.026332318709552247,7.2,0.9785202143368722,0.028479073742259033,0.9785202143368722,0.032137378860841684,41.0,0.8236737928731709,0.17831932680994858,0.8236737928731709,0.20739324390646455,27.5,0.977878601821488,0.0288110208248472,0.977878601821488,0.03292269091244365,57.6,0.9767426397280778,0.031033154121143356,0.9767426397280778,0.03756384436747504
31.8,0.9551434988800295,0.05377429669205491,0.9551434988800295,0.04587821370983908,864.0,0.9425137937591184,0.06841314448651407,0.9425137937591184,0.03651997141118165,20.0,0.9752799878477135,0.0332262383321439,0.9752799878477135,0.04510715942854126,3.9,0.9827517410763019,0.022898553073610075,0.9827517410763019,0.02719980435732483,3.16,0.9785202143368722,0.028479073742259033,0.9785202143368722,0.03047526103651235,47.0,0.8279882220157359,0.17552456588193666,0.8279882220157359,0.2054741236223204,17.6,0.977878601821488,0.0288110208248472,0.977878601821488,0.03216127033678471,53.7,0.9749232237636091,0.03328628842664033,0.9749232237636091,0.03893423316718847
18.8,0.9548458235866473,0.054169968466280125,0.9548458235866473,0.04765003414476979,1310.0,0.9411541500274437,0.0702960632636537,0.9411541500274437,0.03795937984097668,21.0,0.975502786270697,0.03295974907932832,0.975502786270697,0.04460472372765675,17.2,0.9844228410410844,0.020750009261118956,0.9844228410410844,0.024486034237265402,3.58,0.9776112606563644,0.02946227322838093,0.9776112606563644,0.03259951420354466,52.0,0.8279882220157359,0.17552456588193666,0.8279882220157359,0.2054741236223204,20.4,0.9774578695357208,0.029302263234618733,0.9774578695357208,0.03361681464183306,62.0,0.9744455931539489,0.03387883100667153,0.9744455931539489,0.04203057869601092
22.7,0.9557547772671546,0.0532344538796916,0.9557547772671546,0.04743735951255284,1034.0,0.9391707065470578,0.07375851492096183,0.9391707065470578,0.04108688506076691,24.0,0.9750557516836185,0.033382490846347666,0.9750557516836185,0.04592000503176362,2.3,0.9837672109438002,0.021713809904139784,0.9837672109438002,0.024467874488266556,3.31,0.9784648954787742,0.028453070007163107,0.9784648954787742,0.033034467748406744,33.0,0.8295706641703942,0.17388027886369747,0.8295706641703942,0.19944089463742112,18.0,0.978144024793245,0.028587450442490288,0.978144024793245,0.034014136754946855,57.3,0.9746435270167324,0.033657362598756645,0.9746435270167324,0.04163689711997514
68.2,0.9569277033092983,0.052076785699982406,0.9569277033092983,0.04489003610559083,1685.0,0.9386181990669987,0.07444329289497542,0.9386181990669987,0.04338333013870459,67.0,0.9740402818161201,0.03454418077703212,0.9740402818161201,0.04594940732265703,-0.8,0.9840220431304768,0.02138107422078175,0.9840220431304768,0.024196436029445108,17.01,0.9782100632920974,0.028782021556778895,0.9782100632920974,0.03391080301702179,41.0,0.8295706641703942,0.17388027886369747,0.8295706641703942,0.19944089463742112,32.2,0.9781440247932452,0.028587450442489577,0.9781440247932452,0.033740239498901314,67.8,0.9737898921943228,0.034657868461731633,0.9737898921943228,0.04274642944037627
22.0,0.958627467190153,0.05053961088851668,0.958627467190153,0.044487247953957657,2228.0,0.9382421948542492,0.07481962721418843,0.9382421948542492,0.043647380081463356,21.0,0.973502442558282,0.03511264102961221,0.973502442558282,0.04851401789491885,0.0,0.9859804894978845,0.018643791142672086,0.9859804894978845,0.020352561132118144,6.23,0.9801685096595053,0.02607619461291918,0.9801685096595053,0.028488228296662314,35.0,0.8311049262030663,0.17164492939100312,0.8311049262030663,0.19763525094978054,24.7,0.9805495057477315,0.02545291590280004,0.9805495057477315,0.02794025233209351,71.8,0.9741000432390973,0.03435824321868249,0.9741000432390973,0.043126693776252154
16.5,0.9584046687671697,0.05079714048853637,0.9584046687671697,0.043692657848973006,1411.0,0.93768968737419,0.0755030170549102,0.93768968737419,0.046152631479199714,46.0,0.973502442558282,0.03511264102961221,0.973502442558282,0.0511561166969338,10.2,0.987113750204829,0.017067508617860796,0.987113750204829,0.01878977261354668,3.37,0.9806461402691653,0.0254761771199712,0.9806461402691653,0.02841678996775819,28.0,0.8335933915447907,0.17060532586137436,0.8335933915447907,0.19815351054875485,20.8,0.9807723041707148,0.025183139084112956,0.9807723041707148,0.027813992062585082,61.2,0.97577114320388,0.0322489296002389,0.97577114320388,0.04214155836687369
58.0,0.9599871109218276,0.04859002976472664,0.9599871109218276,0.041377500380439275,1420.0,0.9400028593858506,0.07304749050887614,0.9400028593858506,0.04340005040020018,55.0,0.9719200004036238,0.03737502539645669,0.9719200004036238,0.05483296310253522,2.3,0.987113750204829,0.017067508617860435,0.987113750204829,0.017633482990883943,12.52,0.9809009724558421,0.025145510226594173,0.9809009724558421,0.02608151309447404,37.0,0.8370083089169305,0.16868041966050631,0.8370083089169305,0.1980763813220797,30.6,0.981249934780375,0.024582301594423962,0.981249934780375,0.0255920101144526,67.8,0.9755732093410963,0.03247095579593338,0.9755732093410963,0.044492026832617326
65.5,0.9599871109218276,0.04859002976472664,0.9599871109218276,0.041377500380439275,2349.0,0.9418468961004387,0.07115971324736156,0.9418468961004387,0.04165399686141173,27.0,0.9720568839459278,0.037253802063990565,0.9720568839459278,0.05516084159280587,-6.2,0.9875344824905962,0.016565952852361187,0.9875344824905962,0.018089301811425762,23.01,0.9809009724558421,0.025145510226594173,0.9809009724558421,0.02608151309447404,50.0,0.8392238636004942,0.16776388805585626,0.8392238636004942,0.19977740357388044,34.1,0.981249934780375,0.024582301594423962,0.981249934780375,0.0255920101144526,70.2,0.9732318110568086,0.0366813471005837,0.9732318110568086,0.05091553491927335
57.3,0.9599871109218276,0.04859002976472664,0.9599871109218276,0.041377500380439275,1680.0,0.9427970237195988,0.07029144999750836,0.9427970237195988,0.04020878564978986,47.0,0.9727430392034518,0.03654877692824084,0.9727430392034518,0.054161793883755256,-0.8,0.9886677431975407,0.0149847369070917,0.9886677431975407,0.01659531431385365,14.73,0.9809009724558421,0.025145510226594173,0.9809009724558421,0.02608151309447404,33.67243525896414,0.8376414214458359,0.16944656045682183,0.8376414214458359,0.2060562945248347,31.4,0.981249934780375,0.024582301594423962,0.981249934780375,0.0255920101144526,69.0,0.9724565051537659,0.03767977034885095,0.9724565051537659,0.05105651807158873
69.4,0.9599871109218276,0.04859002976472629,0.9599871109218276,0.042546170087300966,1755.0,0.9452025046740851,0.06738148457315207,0.9452025046740851,0.03677697099486222,53.0,0.9717697994376256,0.037766805273343154,0.9717697994376256,0.05590438516117598,0.0,0.9890884754833078,0.014481482673935403,0.9890884754833078,0.01586277656204767,17.75,0.9826098527895116,0.02234345644144143,0.9826098527895116,0.022839746936692006,51.0,0.8376414214458359,0.16944656045682183,0.8376414214458359,0.2060562945248347,32.2,0.9826095785120498,0.022547468957904448,0.9826095785120498,0.023006074611112745,67.8,0.9722946701086775,0.03783940864971251,0.9722946701086775,0.05187091294258213
21.2,0.9614963758415217,0.04669395159321803,0.9614963758415217,0.04158825751759461,1164.0,0.9466639658346515,0.06577356539821748,0.9466639658346515,0.03594658629418443,33.0,0.9695012020254434,0.04072121128722994,0.9695012020254434,0.05886976344653167,4.7,0.9890884754833078,0.014481482673935403,0.9890884754833078,0.01586277656204767,7.32,0.9828077866522953,0.0221176943948878,0.9828077866522953,0.02296103514491351,53.0,0.834917071244668,0.17233912568695203,0.834917071244668,0.21533374681455691,26.7,0.9833702161928713,0.021695142752750834,0.9833702161928713,0.022997016372324795,60.4,0.9716695651716332,0.03844437933913976,0.9716695651716332,0.052737819478860685
35.7,0.9621719403139658,0.045900150257750114,0.9621719403139658,0.04094756476914633,1448.0,0.9472164733147107,0.06507711320822651,0.9472164733147107,0.034572868432276326,20.0,0.9706525121412354,0.03932364461625172,0.9706525121412354,0.058594864240309054,7.0,0.9880730056158095,0.015680307999342377,0.9880730056158095,0.017323893311835478,7.56,0.9819847478524673,0.022965221135464342,0.9819847478524673,0.02414109175582248,50.0,0.831602433194554,0.1763928346368906,0.831602433194554,0.2279561634531698,25.9,0.9835930146158547,0.021423705447059602,0.9835930146158547,0.022628244268147135,71.0,0.9728028258785776,0.03691466910813418,0.9728028258785776,0.05025195621181744
18.4,0.9631874101814639,0.04476546796636222,0.9631874101814639,0.04065394331165533,1351.0,0.9510193327595653,0.05942795428764073,0.9510193327595653,0.031903051234379906,21.0,0.9695012020254434,0.04072121128722994,0.9695012020254434,0.05959539712034815,13.3,0.9871640519353019,0.016685403059665985,0.9871640519353019,0.017465592225035492,3.83,0.9815640155667001,0.023461135722054518,0.9815640155667001,0.02484517146912144,46.0,0.8341548680858673,0.17508643881164487,0.8341548680858673,0.22123378075167263,20.8,0.9830551753580168,0.02200529069731429,0.9830551753580168,0.021988623696117655,62.0,0.9726048920157943,0.037135030566905244,0.9726048920157943,0.05105859130968391
22.7,0.9629646117584804,0.0450256699860217,0.9629646117584804,0.04197666347332081,1452.0,0.9528280581169999,0.057976200212895554,0.9528280581169999,0.03189994754156602,22.0,0.9696630370705319,0.0405625488493252,0.9696630370705319,0.06108298195583756,17.2,0.9855657072324312,0.018569092226123626,0.9855657072324312,0.018067503122223227,4.13,0.9798385820444975,0.025432322688443282,0.9798385820444975,0.026927282232193133,39.0,0.8318252316175374,0.17620638120564294,0.8318252316175374,0.22342776061422356,22.4,0.9828323769350331,0.02227644242559758,0.9828323769350331,0.02099855113989114,63.8636053593179,0.9749462903000818,0.0329285506934503,0.9749462903000818,0.04552935344178923
27.8,0.9612391782362778,0.04691922107876414,0.9612391782362778,0.04569887616418325,1141.0,0.9547917706373463,0.05500208208160583,0.9547917706373463,0.028361524724913323,20.0,0.9686171998477205,0.041645204422639456,0.9686171998477205,0.06430313070006496,0.0,0.9846552449484702,0.019869018984713237,0.9846552449484702,0.019280363360385362,3.63,0.9778801356770898,0.028138488838113727,0.9778801356770898,0.031381950396647304,31.0,0.8283067713747624,0.17842647475054024,0.8283067713747624,0.23001610385208332,23.5,0.9831903317389351,0.02173218247600227,0.9831903317389351,0.02057132688011601,66.7,0.9757215962031246,0.031923641334945296,0.9757215962031246,0.043183483418518895
65.9,0.9586289520714621,0.04970376062096228,0.9586289520714621,0.04941607323538245,1582.0,0.9562029756776337,0.05272701265677122,0.9562029756776337,0.02897718587031222,58.0,0.9690379321334875,0.041163993641709334,0.9690379321334875,0.06339723630803681,-0.8,0.9848780433714538,0.019596801021448746,0.9848780433714538,0.01899247858089753,15.76,0.9778801356770898,0.028138488838113727,0.9778801356770898,0.03204574062773107,36.0,0.8280839729517788,0.1786111419882817,0.8280839729517788,0.2343913897018944,31.8,0.9821748618714369,0.022916184912899245,0.9821748618714369,0.02119568541913487,67.8,0.9749462903000818,0.0329285506934503,0.9749462903000818,0.042842989205761225
18.0,0.9580548286650515,0.050214522435064086,0.9580548286650515,0.05115583106170664,1742.0,0.9548898305167531,0.054239985652669714,0.9548898305167531,0.03135805122874142,42.0,0.9690379321334875,0.041163993641709334,0.9690379321334875,0.06301189003128141,3.9,0.9857010821712818,0.018743851123208508,0.9857010821712818,0.018362342913784108,7.36,0.9789849472220877,0.02644564534178149,0.9789849472220877,0.02975064166892482,35.0,0.8302704838951087,0.17615933627698488,0.8302704838951087,0.2317885545223139,27.5,0.9816972312617767,0.02351842181164171,0.9816972312617767,0.021915798878297896,63.1,0.9727597793567522,0.03627983169730364,0.9727597793567522,0.04819295445345109
49.4,0.9573792641926077,0.05100160599028508,0.9573792641926077,0.053345569438319744,1713.0,0.953916590750927,0.05541624988788307,0.953916590750927,0.03203222942112446,21.0,0.9690379321334875,0.041163993641709334,0.9690379321334875,0.061771184031530244,0.0,0.9859559143579586,0.018409671614321957,0.9859559143579586,0.017973614170105755,6.02,0.9794056795078548,0.02595236875524641,0.9794056795078548,0.028183180866049456,29.0,0.830092413545143,0.17628641070858422,0.830092413545143,0.2314187075639236,23.1,0.9828610171289611,0.022193265666725144,0.9828610171289611,0.019968569860293002,70.2,0.9724621040633696,0.036688769549651334,0.9724621040633696,0.04740259923018521
17.3,0.9590790280734622,0.049461710979408526,0.9590790280734622,0.052374071650194184,1381.0,0.9549320606184252,0.05430225737669294,0.9549320606184252,0.03263770037577481,55.0,0.9692927643201644,0.04084152308187409,0.9692927643201644,0.06071433473262149,8.6,0.9859559143579586,0.018409671614321957,0.9859559143579586,0.01713685595933681,5.25,0.9804515167306664,0.024839914699570368,0.9804515167306664,0.027627539304043297,30.0,0.8326345847361495,0.17513187318190812,0.8326345847361495,0.23226836559363792,24.3,0.9832009225240155,0.02183790784712999,0.9832009225240155,0.019643318302931784,65.5,0.97208609985062,0.037095390272092375,0.97208609985062,0.04908240512232237
62.0,0.9602644517550475,0.048451144917734015,0.9602644517550475,0.052180406070894386,1599.0,0.9555308632541583,0.053654200134703664,0.9555308632541583,0.03318175783857984,23.0,0.9711121802846332,0.038616277551915476,0.9711121802846332,0.05633703684026183,-0.8,0.9868663766419196,0.017106633229654167,0.9868663766419196,0.015953703790131987,14.6,0.9819129778912331,0.023101087292295437,0.9819129778912331,0.026805681711705328,37.0,0.8349280229029455,0.17413016432373335,0.8349280229029455,0.2338747115539188,31.4,0.9840545573464252,0.020816026517148423,0.9840545573464252,0.020387182969317557,68.2,0.9748104500517882,0.03317867873369898,0.9748104500517882,0.04373800357227487
18.0,0.9623243016300469,0.04631122889854039,0.9623243016300469,0.04975697239654201,1751.0,0.9565041030199843,0.0524739615831445,0.9565041030199843,0.03230525046144914,18.0,0.9706345496749729,0.03920375343506408,0.9706345496749729,0.05909748085616146,0.0,0.9877768389258805,0.015801159165249032,0.9877768389258805,0.015520445824231986,4.67,0.9826736155720548,0.022249818464946627,0.9826736155720548,0.02625644319189727,34.0,0.8344398015082051,0.17446018423018866,0.8344398015082051,0.23058953991314193,22.4,0.9838566234836417,0.02104234813323488,0.9838566234836417,0.020692193582368533,63.5,0.9764087947546586,0.031340127479669626,0.9764087947546586,0.04288993219904822
17.6,0.9634972276721905,0.045136280210149836,0.9634972276721905,0.048548784576195034,1271.0,0.9567269014429679,0.052217380016321306,0.9567269014429679,0.03254570848690665,18.0,0.9722169918296311,0.036947498757383186,0.9722169918296311,0.058344052678862925,9.4,0.9880745142192627,0.01537913756295875,0.9880745142192627,0.015580169236105286,3.18,0.9826736155720548,0.022249818464945906,0.9826736155720548,0.026067909559669956,23.0,0.8334243316407067,0.1752716066230494,0.8334243316407067,0.23606733091673807,19.2,0.9833789928739813,0.02164656456154037,0.9833789928739813,0.019946472855340718,75.3,0.9754983324706976,0.03261573654180716,0.9754983324706976,0.04314486844921454
19.2,0.9644076899561514,0.043888934428245936,0.9644076899561514,0.048367991081996735,1711.0,0.9585072774604098,0.04980253067066258,0.9585072774604098,0.030985522821380944,46.0,0.973127454113592,0.035680438189993134,0.973127454113592,0.055253958730235135,1.6,0.9878196820325862,0.01571483736280598,0.9878196820325862,0.015183235319701168,4.41,0.9815403548651103,0.023812849333233077,0.9815403548651103,0.02717913831144052,13.0,0.8334243316407067,0.1752716066230494,0.8334243316407067,0.23606733091673807,22.4,0.9827233627766969,0.022608715465644632,0.9827233627766969,0.020604852039614832,64.7,0.9747376947898762,0.03345244948124485,0.9747376947898762,0.04541867975530136
45.9,0.9651829958591941,0.04290425915899132,0.9651829958591941,0.04765084800095423,791.0,0.9588049527537921,0.04940385652120538,0.9588049527537921,0.02977690433761441,74.0,0.9725896148557539,0.036247701634521415,0.9725896148557539,0.05464529945825371,-1.6,0.9875968836096024,0.01598877057761724,0.9875968836096024,0.01589826349208121,5.0,0.9815403548651103,0.023812849333233077,0.9815403548651103,0.029528323428382405,16.0,0.8356115973137536,0.17428830133737294,0.8356115973137536,0.23385949106497245,23.5,0.9822351413819566,0.023105812811856245,0.9822351413819566,0.02207114568332398,55.3,0.975591329612286,0.032449855922938024,0.975591329612286,0.044454856482061135
78.4,0.9636756534642539,0.044336644815759906,0.9636756534642539,0.04887133529098606,1533.0,0.959715415037753,0.04816704829369051,0.959715415037753,0.028921412596231467,19.0,0.9711618566269336,0.037769619211915545,0.9711618566269336,0.05613403870953605,-8.6,0.9862656890398745,0.01779463068062875,0.9862656890398745,0.017275849450810878,15.01,0.9805248849976117,0.024992634709826954,0.9805248849976117,0.029432712312287078,14.0,0.8395236759367416,0.1714769496846256,0.8395236759367416,0.22984831328694788,30.6,0.9816363387462235,0.023792470397285548,0.9816363387462235,0.02139539124731599,63.1,0.975591329612286,0.032449855922938024,0.975591329612286,0.044454856482061135
20.8,0.964096385750021,0.043859247999672696,0.964096385750021,0.0497441990435797,934.0,0.9611266200780403,0.04586937798795764,0.9611266200780403,0.028061277452049237,38.0,0.97093905820395,0.03803375172558844,0.97093905820395,0.05636980513005405,3.1,0.9851143789240825,0.019241325506007705,0.9851143789240825,0.018853608063609372,3.96,0.9801041527118446,0.02548691250720553,0.9801041527118446,0.03083269173881439,9.0,0.8372550785245592,0.17364112362098666,0.8372550785245592,0.23603218917353422,20.0,0.9796778923788159,0.02650706981174124,0.9796778923788159,0.023746944880882432,67.5,0.9759492844161878,0.031913457069469915,0.9759492844161878,0.04359802606182157
80.8,0.9629450756342288,0.04524131485755999,0.9629450756342288,0.052842385283831284,982.0,0.9600733698416549,0.04764562795825847,0.9600733698416549,0.02741331666059224,67.0,0.9692679582391674,0.04012209677388036,0.9692679582391674,0.06126489543514078,-4.7,0.9842607441016726,0.020265711774861913,0.9842607441016726,0.019624139756874884,12.19,0.9798064774184624,0.025902383844122176,0.9798064774184624,0.03154429593904525,13.0,0.8346925633684797,0.1764099943537302,0.8346925633684797,0.23890864624310676,30.6,0.9799755676721982,0.02609183878194493,0.9799755676721982,0.022842271992383895,55.7,0.9769225241820141,0.03068403375511727,0.9769225241820141,0.04233982376614624
40.0,0.9642457450437171,0.043849541974089995,0.9642457450437171,0.0504722031553496,774.0,0.9613865150025355,0.0461146266625233,0.9613865150025355,0.025367687474543772,40.0,0.969490756662151,0.03985892885581298,0.969490756662151,0.05901244673709211,-2.3,0.9831094339858807,0.021706487162911434,0.9831094339858807,0.021381006434697987,4.67,0.980061309605139,0.025572122195561833,0.980061309605139,0.03209771359241955,0.0,0.8331583013358078,0.17864898455983172,0.8331583013358078,0.2452492836119381,22.4,0.9811268777879901,0.024660965089615048,0.9811268777879901,0.02202061161607303,56.5,0.9779757744183992,0.028856540362425638,0.9779757744183992,0.03812298146858706
79.2,0.9649013751410014,0.042920484780963504,0.9649013751410014,0.05019568400833352,791.0,0.9619390224825947,0.04539486705126262,0.9619390224825947,0.024025701486795392,77.0,0.9700895592978841,0.0391910466408582,0.9700895592978841,0.05938580980547636,5.5,0.9836619414659398,0.02095557218620565,0.9836619414659398,0.020724415583632187,9.27,0.9814209533368139,0.023541206714720625,0.9814209533368139,0.030429343560556113,3.0,0.8349777173002765,0.17705989410714051,0.8349777173002765,0.240541387132733,27.8,0.9827093199426485,0.02235553144012598,0.9827093199426485,0.020703942981185906,50.2,0.9787510803214418,0.027845120325502817,0.9787510803214418,0.03803693278938444
73.7,0.9674339449148196,0.039759769553342816,0.9674339449148196,0.044791705141132676,962.0,0.9626996601634162,0.04457926499485172,0.9626996601634162,0.025226712253728172,60.0,0.9712228200048285,0.0376648390441936,0.9712228200048285,0.05549665939400634,7.0,0.9820635967630691,0.022825437102495107,0.9820635967630691,0.02313414219609691,12.08,0.9816757855234904,0.02320976574447334,0.9816757855234904,0.03214609038199716,15.0,0.836873993518961,0.1762297972003586,0.836873993518961,0.2394119500158614,30.6,0.9833848844150922,0.02152606623068766,0.9833848844150922,0.021656613350616527,43.9,0.9773398752811547,0.030213423362543606,0.9773398752811547,0.041201981818627754
100.0,0.9703009310414348,0.03632492069102486,0.9703009310414348,0.042356582574058804,1835.0,0.9624768617404327,0.04483936782191898,0.9624768617404327,0.024941001138238543,75.0,0.9731865325251748,0.03458778988642687,0.9731865325251748,0.048169716874506725,-4.7,0.9814079666657849,0.02378547447843103,0.9814079666657849,0.024573464998880676,28.7,0.9809896302659664,0.023931064714524053,0.9809896302659664,0.03171018239270751,32.0,0.8336073155863387,0.17809986966070077,0.8336073155863387,0.23963765594744685,36.9,0.9823694145475941,0.022710524926968078,0.9823694145475941,0.021172149469966393,62.0,0.9773398752811545,0.0302134233625436,0.9773398752811545,0.04055581018410901
18.8,0.9717623922020014,0.034622137268275045,0.9717623922020014,0.040530350151039854,2163.0,0.9626549320903987,0.04465648104278698,0.9626549320903987,0.023782002857858597,67.0,0.9720532718182304,0.03612084774325576,0.9720532718182304,0.051039997865078734,-1.6,0.9810500118618829,0.024327969785787062,0.9810500118618829,0.02563547649587221,6.32,0.9801359954435567,0.02494693719772585,0.9801359954435567,0.03459058955094673,31.0,0.8333221160443488,0.17827094260591853,0.8333221160443488,0.23566735045338583,23.5,0.9817706119118608,0.02339752123644045,0.9817706119118608,0.022352175461357655,59.2,0.9776375505745369,0.029800350340503018,0.9776375505745369,0.04114918441853457
91.4,0.9717623922020014,0.034622137268275045,0.9717623922020014,0.040530350151039854,1666.0,0.9626549320903987,0.04465648104278698,0.9626549320903987,0.023782002857858597,71.0,0.9734129155499051,0.03412184038966607,0.9734129155499051,0.04548732348874743,-3.1,0.9801395495779219,0.025616432844684654,0.9801395495779219,0.026588122067770635,23.05,0.9787763517118819,0.0269731544022426,0.9787763517118819,0.03776525500429075,41.0,0.8355086269876785,0.17579683603960178,0.8355086269876785,0.22848654524942305,34.9,0.9813214304641473,0.024140377129169718,0.9813214304641473,0.02272918357754104,63.5,0.9776375505745369,0.029800350340503018,0.9776375505745369,0.04114918441853457
31.8,0.9726728544859624,0.03335352228810745,0.9726728544859624,0.037836854320871686,1976.0,0.9638062422061907,0.043274163251847575,0.9638062422061907,0.024984390879309256,48.0,0.9740884800223487,0.03330867457615752,0.9740884800223487,0.045846954778724955,-1.6,0.9793324133263062,0.026897577082398406,0.9793324133263062,0.026488039137314255,7.96,0.979375154347615,0.02629052673558387,0.979375154347615,0.03778736847814321,43.0,0.8341954818267979,0.17690553752210955,0.8341954818267979,0.23583597480922483,25.1,0.9813214304641473,0.024140377129169718,0.9813214304641473,0.022656368832230406,67.1,0.9763244054136562,0.03138129293858456,0.9763244054136562,0.04306191082749557
42.7,0.9736460942517887,0.032129877088908874,0.9736460942517887,0.036889272346106415,1471.0,0.9660152812507651,0.04123092584958174,0.9660152812507651,0.02426566394794936,25.0,0.9751039498898473,0.032145635666381685,0.9751039498898473,0.044421835979196016,-4.7,0.9808416782460002,0.024926873223683567,0.9808416782460002,0.024593032607371418,9.44,0.9819077241214333,0.023036170322388035,0.9819077241214333,0.033557332125570945,45.0,0.8338663224652755,0.17696949710392273,0.8338663224652755,0.23240011851351072,27.8,0.9829038726188055,0.02183363181874433,0.9829038726188055,0.02071275407806756,69.4,0.9756488409412125,0.03219776620230267,0.9756488409412125,0.04360692939955788
17.6,0.9746919314746003,0.03103092032734616,0.9746919314746003,0.03538457253858597,1546.0,0.9681434865964718,0.03922618994293288,0.9681434865964718,0.023149853918670308,19.0,0.9767750498546297,0.030030238696624086,0.9767750498546297,0.04324980372222098,-1.6,0.9828001246134079,0.022205774623482725,0.9828001246134079,0.021555576537619914,3.91,0.9810540892990236,0.024053811339436123,0.9810540892990236,0.03429691650824024,47.0,0.8301415028620177,0.1792302645959654,0.8301415028620177,0.23311806621538445,22.0,0.9819934103348446,0.023126927697929213,0.9819934103348446,0.0222633491354421,63.8636053593179,0.9759036731278891,0.03187060719065233,0.9759036731278891,0.04255867662507031
71.8,0.9753340035214779,0.03047756827698201,0.9753340035214779,0.035401939022357116,1315.0,0.9681434865964718,0.03922618994293288,0.9681434865964718,0.023357209117238736,60.0,0.9781346935863043,0.02801256739992589,0.9781346935863043,0.0411163586075501,-1.6,0.9823224940037477,0.02280875453888879,0.9823224940037477,0.022839017857472277,13.82,0.9822178751662081,0.02273019395268468,0.9822178751662081,0.032806839703407066,50.0,0.8280397306507585,0.1799974065409185,0.8280397306507585,0.23023355668829518,31.0,0.9819934103348446,0.023126927697929213,0.9819934103348446,0.023204846100191488,64.3,0.9765077419165609,0.030782417006703623,0.9765077419165609,0.03919073975396906
56.9,0.9766471486823585,0.028897096147262435,0.9766471486823585,0.03391823350773437,1435.0,0.968564218882239,0.03874418084880066,0.968564218882239,0.02253927051854342,40.0,0.9790451558702655,0.02672906517889198,0.9790451558702655,0.04108630469921683,-3.1,0.983623163413236,0.021356876809789014,0.983623163413236,0.021398754256086575,11.98,0.9828735052634923,0.021768634227134657,0.9828735052634923,0.030184678318159703,54.0,0.8280397306507585,0.1799974065409185,0.8280397306507585,0.23023355668829518,29.8,0.9829038726188053,0.02183363181874432,0.9829038726188053,0.021378339083399884,67.5,0.9774809816823868,0.02955112724484285,0.9774809816823868,0.03799596823605773
38.4,0.9766471486823585,0.028897096147262435,0.9766471486823585,0.03409870951042124,1504.0,0.9683414204592554,0.039007336107057825,0.9683414204592554,0.022612922858869122,39.0,0.9787903236835888,0.02705866938068406,0.9787903236835888,0.03905805541132026,3.1,0.9842787935105202,0.02039298352113917,0.9842787935105202,0.020503109146273606,8.61,0.9828735052634923,0.021768634227134657,0.9828735052634923,0.029598804520829636,57.0,0.8280397306507585,0.1799974065409185,0.8280397306507585,0.23023355668829518,27.1,0.9829038726188053,0.02183363181874432,0.9829038726188053,0.020167495952898545,70.6,0.9765077419165609,0.030782417006703623,0.9765077419165609,0.04073744469947217
37.6,0.9757366863983975,0.030175308638513372,0.9757366863983975,0.036618972297472054,815.0,0.9677889129791962,0.039735879557000225,0.9677889129791962,0.02224968876204476,36.0,0.978432368879687,0.027598473805298205,0.978432368879687,0.0406454372860745,-8.6,0.9842787935105202,0.02039298352113917,0.9842787935105202,0.020503109146273606,4.33,0.9826507068405089,0.022039787636569993,0.9826507068405089,0.02904512604319632,58.0,0.8280397306507585,0.1799974065409185,0.8280397306507585,0.23023355668829518,20.4,0.9829038726188053,0.02183363181874432,0.9829038726188053,0.019129592313823492,58.0,0.9767056757793443,0.030559823294312644,0.9767056757793443,0.0414000858244277
36.5,0.9761126906111468,0.02976438724756003,0.9761126906111468,0.03558957394317382,812.0,0.9671901103434634,0.04040172483572591,0.9671901103434634,0.020997733427786724,32.0,0.9786872010663635,0.027269135856954778,0.9786872010663635,0.04245927154467685,-14.1,0.9835034876074777,0.021416238818235525,0.9835034876074777,0.0222656316574832,4.25,0.9828287771904747,0.021848592421544206,0.9828287771904747,0.027845759095616793,56.0,0.8306793421198557,0.17884504875794707,0.8306793421198557,0.23213618958922977,20.8,0.9830819429687712,0.021642347947694124,0.9830819429687712,0.01856037173391941,57.6,0.9778694616465288,0.02925007129196088,0.9778694616465288,0.03962533315780796
42.0,0.977023152895108,0.028485277680638202,0.977023152895108,0.03471792424042453,789.0,0.9659155398201663,0.041417575794149224,0.9659155398201663,0.022549435695756806,34.0,0.9780116365939199,0.02809052996423904,0.9780116365939199,0.04322158147135314,-3.9,0.9839917090022181,0.020917631540279515,0.9839917090022181,0.022259993612576055,4.47,0.9828287771904747,0.021848592421544206,0.9828287771904747,0.026630593869018792,53.0,0.8322776868227265,0.17757564472816198,0.8322776868227265,0.22924064689986723,21.2,0.9830819429687714,0.02164234794769449,0.9830819429687714,0.01908388666595478,56.5,0.9771833063890046,0.02996420708266731,0.9771833063890046,0.03873944790897477
46.7,0.9763675227978238,0.029436429464409473,0.9763675227978238,0.03682422491758646,1290.0,0.9677889129791962,0.039735879557000225,0.9677889129791962,0.02226259906986337,70.0,0.9772045003423039,0.02936675694348304,0.9772045003423039,0.04480084765364704,3.9,0.983570976716451,0.021415475791188812,0.983570976716451,0.023691780713572655,8.03,0.9824080449047076,0.022345428356661295,0.9824080449047076,0.026782074014693298,24.0,0.8306025142510803,0.17827397965513678,0.8306025142510803,0.23107617851738627,27.8,0.9821729892882637,0.022636702643874827,0.9821729892882637,0.019560145498306505,52.9,0.9752270068822323,0.03234278010562602,0.9752270068822323,0.040413963482581555
85.9,0.9736051693384496,0.032837002580759105,0.9736051693384496,0.03953732582123339,2298.0,0.9673681806934291,0.04021704456283057,0.9673681806934291,0.022657717124430213,41.0,0.9752407878219576,0.032467603379825266,0.9752407878219576,0.04814917935173279,3.1,0.9837937751394346,0.021143917725894745,0.9837937751394346,0.022337328075489996,30.49,0.9812442590375232,0.02366976855354611,0.9812442590375232,0.026933397985774706,29.0,0.8322776868227265,0.1775756447281626,0.8322776868227265,0.2290439544944748,36.5,0.9805746445853931,0.024500893528695417,0.9805746445853931,0.020216797656110362,67.5,0.9757046374918925,0.03174898367768438,0.9757046374918925,0.039257603515168264
79.2,0.9736051693384496,0.03283700258075839,0.9736051693384496,0.038299323666004394,1546.0,0.9669474484076621,0.04069777600129915,0.9669474484076621,0.02279971812175254,20.0,0.9752407878219576,0.032467603379825266,0.9752407878219576,0.048679763640233874,-0.8,0.9843925777751676,0.020454076134961276,0.9843925777751676,0.020844651939158187,18.75,0.9812442590375232,0.023669768553545748,0.9812442590375232,0.026114625517240902,36.0,0.8360118276628935,0.17483733650629463,0.8360118276628935,0.22229163383019335,32.9,0.9794698330403951,0.026198777056390263,0.9794698330403951,0.02187557695753084,65.1,0.9760023127852747,0.03133710087411693,0.9760023127852747,0.0399695217988399
19.6,0.9739631241423518,0.032301886212907235,0.9739631241423518,0.03741296397319473,942.0,0.9662918183103777,0.04163043528136317,0.9662918183103777,0.025489227169154933,45.0,0.975718418431618,0.03187385925050563,0.975718418431618,0.048164893917791544,-3.9,0.9842145074252017,0.020645840467403833,0.9842145074252017,0.02004698541128041,3.86,0.9832005585442958,0.021258460179467174,0.9832005585442958,0.02269907333571771,29.0,0.8372769837337694,0.174327198977128,0.8372769837337694,0.2176018907874116,20.8,0.9794698330403951,0.026198777056390263,0.9794698330403951,0.02281857686113178,60.8,0.9761803831352405,0.031148949514464813,0.9761803831352405,0.03782813823883715
74.1,0.9744513455370923,0.031813777112453284,0.9744513455370923,0.03617629191697596,1508.0,0.9680805056994867,0.04000087176218091,0.9680805056994867,0.02444894846607162,68.0,0.9745546325644335,0.033177443799455926,0.9745546325644335,0.04980610710945795,5.5,0.9840364370752359,0.020837534070540252,0.9840364370752359,0.02021682187532971,16.98,0.982945726357619,0.02159094054525,0.982945726357619,0.02086553537233041,37.0,0.8408817638940522,0.17158251665013993,0.8408817638940522,0.21065980250652616,32.5,0.9788710304046623,0.026881529954997044,0.9788710304046623,0.022460590495650152,66.7,0.9767182223930787,0.03057663598923267,0.9767182223930787,0.03766640853499
74.9,0.9749451015842839,0.03140090459024164,0.9749451015842839,0.03699214515041731,1956.0,0.9683353378861632,0.03967843494983105,0.9683353378861632,0.024027063982839172,56.0,0.9752407878219578,0.03246760337982527,0.9752407878219578,0.04792944663158721,-3.9,0.9836157047894688,0.021335436020552247,0.9836157047894688,0.02114502959718763,7.18,0.9826480510642366,0.022008841489691688,0.9826480510642366,0.021315942195607566,41.0,0.8408817638940522,0.17158251665013993,0.8408817638940522,0.21229964380153427,25.1,0.9786161982179854,0.02721103335381987,0.9786161982179854,0.022555829899151093,66.3,0.9764205470996964,0.030989066791900013,0.9764205470996964,0.037933661658759936
71.4,0.9760138323958294,0.030361972538582246,0.9760138323958294,0.036292378861107255,1386.0,0.9680805056994867,0.04000087176218091,0.9680805056994867,0.025915294727675533,60.0,0.9767500527416518,0.03051408730631667,0.9767500527416518,0.04493796615501208,3.1,0.9831949725037017,0.02183290440320214,0.9831949725037017,0.02246786926947013,14.68,0.9839792456339648,0.02021548178036479,0.9839792456339648,0.019709977679454847,44.0,0.836659710270297,0.17445624688056247,0.836659710270297,0.21579723410196086,31.4,0.9802872981827679,0.02507920771388284,0.9802872981827679,0.020526369573271433,64.7,0.9760445428869468,0.031399653460982876,0.9760445428869468,0.036849333024647296
48.6,0.9771867584379731,0.029149569227394756,0.9771867584379731,0.03491932192944931,1493.0,0.9682784395622701,0.03978219159543442,0.9682784395622701,0.02643575620060334,30.0,0.9761975452615926,0.031254149963758755,0.9761975452615926,0.04797123962232376,-8.6,0.9847042374233955,0.019846339230535352,0.9847042374233955,0.020640701860297178,4.62,0.9829637757664663,0.021402036510727748,0.9829637757664663,0.021941929000174602,33.0,0.8408817638940522,0.17158251665014118,0.8408817638940522,0.2103064881557121,21.2,0.9813331354055793,0.023964771953193357,0.9813331354055793,0.020678990507619312,64.3,0.9746167846581264,0.03293445467230339,0.9746167846581264,0.037823057285448033
77.3,0.9771867584379731,0.029149569227394756,0.9771867584379731,0.03563300540471986,2299.0,0.9671736280172724,0.04144062683149505,0.9671736280172724,0.029244572600460657,38.0,0.9755219807891485,0.032070599406707236,0.9755219807891485,0.04871619721115239,-4.7,0.9856774771892218,0.01859340332382153,0.9856774771892218,0.01999149603763618,27.34,0.9829637757664663,0.021402036510727748,0.9829637757664663,0.02230753729111763,28.0,0.8439509534000258,0.16994542914288185,0.8439509534000258,0.20700933747684408,35.3,0.9810354601121971,0.02438124554693626,0.9810354601121971,0.021431752118665715,68.2,0.9752155872938595,0.032258529362665635,0.9752155872938595,0.03731270594149248
100.0,0.9762762961540119,0.030428283146078327,0.9762762961540119,0.037208635707639014,1635.0,0.9684526596123597,0.04034804778569359,0.9684526596123597,0.02844280351368511,86.0,0.9748663506918643,0.03301782035560836,0.9748663506918643,0.0510167670298544,0.8,0.9866507169550479,0.017337954429959543,0.9866507169550479,0.018511486259121593,27.08,0.9839370155322925,0.02015292265220792,0.9839370155322925,0.02075058882212652,38.0,0.8476263852979768,0.16758867937418673,0.8476263852979768,0.20631586246777578,37.6,0.9802748224313755,0.025229384101014656,0.9802748224313755,0.023852297783429587,58.0,0.9772989756199641,0.029771169117760996,0.9772989756199641,0.03585138218365185
94.5,0.9770516020570545,0.02941994705115036,0.9770516020570545,0.036175149316428706,2128.0,0.9687503349057421,0.03994201300573357,0.9687503349057421,0.027675180918473027,19.0,0.9751640259852468,0.03260669540524837,0.9751640259852468,0.05192886313516209,-8.6,0.987071449240815,0.01683675598259161,0.987071449240815,0.01718864658683909,30.35,0.9847123214353352,0.01912820633899272,0.9847123214353352,0.020490358085662616,39.0,0.8494316020700324,0.1668753202046114,0.8494316020700324,0.20934196456526027,36.9,0.9811837761118832,0.024239434399652135,0.9811837761118832,0.022762569387974902,64.3,0.9770761771969806,0.030038903779968453,0.9770761771969806,0.036383302630091256
40.0,0.9779620643410155,0.028139233946349738,0.9779620643410155,0.034719266208648944,806.0,0.9691710671915093,0.039459991437449715,0.9691710671915093,0.026637576676795588,36.0,0.9749859556352808,0.032794372802507944,0.9749859556352808,0.052150665230912,-7.0,0.987071449240815,0.01683675598259161,0.987071449240815,0.018287162263625714,4.94,0.9847123214353354,0.019128206338992725,0.9847123214353354,0.02064720064028691,23.0,0.8513879015768049,0.165130745248849,0.8513879015768049,0.20651678150024882,21.6,0.980706145502223,0.02484039664985368,0.980706145502223,0.023885646198924193,67.1,0.9780916470644789,0.02886869051914945,0.9780916470644789,0.03546095600529861
81.2,0.9782722153857902,0.02783616368498939,0.9782722153857902,0.0337244684006181,1188.0,0.9691710671915093,0.039459991437449715,0.9691710671915093,0.027690250254663266,76.0,0.9742253179544592,0.03363047982170653,0.9742253179544592,0.05246996881672936,8.6,0.9875490798504752,0.016227865713154873,0.9875490798504752,0.018587937568403736,15.08,0.9838892826355071,0.019979947246859774,0.9838892826355071,0.02152770017171792,33.0,0.8505807653251892,0.16610523266053562,0.8505807653251892,0.20790175706564645,32.2,0.980706145502223,0.02484039664985368,0.980706145502223,0.023266131994877075,59.2,0.9771811847805177,0.030148901406425274,0.9771811847805177,0.038844851755516205
92.5,0.9777839939910498,0.028328297516727094,0.9777839939910498,0.03510264944633097,1851.0,0.9687503349057421,0.03994201300573357,0.9687503349057421,0.028675670229706636,25.0,0.9735325913556633,0.0342557589631129,0.9735325913556633,0.05403076909825522,1.6,0.9879250840632249,0.01580638134808323,0.9879250840632249,0.017215755526485806,26.49,0.984564847107951,0.01914781875226977,0.984564847107951,0.02101963224500453,42.0,0.8444617666033482,0.17502184403881926,0.8444617666033482,0.1750019983964974,36.1,0.9816793852680493,0.023597658451249143,0.9816793852680493,0.023285512985264187,64.3,0.9771811847805177,0.030148901406424913,0.9771811847805177,0.03724762918361912
35.7,0.9764527994213215,0.030098959898821054,0.9764527994213215,0.03741753623381042,828.0,0.9689482687685256,0.03972315822323502,0.9689482687685256,0.02929377678901727,36.0,0.974293229036485,0.03342077187800499,0.974293229036485,0.05358599129941965,0.0,0.9886006485356685,0.014967875648094582,0.9886006485356685,0.015244561628259743,4.02,0.9851899520449954,0.018521921069308854,0.9851899520449954,0.020434899620879843,47.0,0.8397838836304385,0.17869871240853077,0.8397838836304385,0.1789403544797249,20.4,0.9810038207956052,0.02442420714949607,0.9810038207956052,0.023916199024166862,56.5,0.9780348196029276,0.029140764218821634,0.9780348196029276,0.03672811892532842
40.0,0.9782722153857902,0.02783616368498939,0.9782722153857902,0.0337244684006181,804.0,0.9687701984185598,0.039908255137807366,0.9687701984185598,0.027502065258817553,34.0,0.9744911628992685,0.033199247186158035,0.9744911628992685,0.05484825814644504,-5.5,0.9883778501126852,0.015242199426012636,0.9883778501126852,0.015505961585575314,4.47,0.9838892826355071,0.019979947246859774,0.9838892826355071,0.02152770017171792,43.0,0.8373784026759522,0.18092374277457043,0.8373784026759522,0.18208530672751888,20.8,0.980706145502223,0.02484039664985368,0.980706145502223,0.023266131994877075,58.0,0.9798151956203695,0.026625947076144678,0.9798151956203695,0.03309960835604816
44.3,0.9777839939910498,0.028328297516727094,0.9777839939910498,0.03510264944633097,1337.0,0.9687701984185598,0.039908255137807366,0.9687701984185598,0.027109266370387623,38.0,0.9741934876058862,0.03360989362591856,0.9741934876058862,0.05607014680687851,6.2,0.9868685851929911,0.01724344450070835,0.9868685851929911,0.017341992461478776,8.9,0.984564847107951,0.01914781875226977,0.984564847107951,0.02101963224500453,23.0,0.8387945103753291,0.18028442213026163,0.8387945103753291,0.1802591793214621,27.5,0.9816793852680493,0.023597658451249143,0.9816793852680493,0.023285512985264187,67.5,0.9813976377750278,0.024326870494839396,0.9813976377750278,0.030118376978579726
32.2,0.9773632617052826,0.028819697691915704,0.9773632617052826,0.035661530858752316,818.0,0.9699215085343519,0.03851084775235668,0.9699215085343519,0.027670964198615904,34.0,0.9748491177031706,0.032663755136925855,0.9748491177031706,0.05329527201092239,4.7,0.9873462158026514,0.016634879490459456,0.9873462158026514,0.016211112873091207,4.16,0.984564847107951,0.019147818752270132,0.984564847107951,0.022583858512266613,2.0,0.8372165676308637,0.18103163641359968,0.8372165676308637,0.18286494982735035,20.4,0.9819770605614315,0.02318066426375344,0.9819770605614315,0.023736005804984854,65.1,0.9820532678723121,0.023367205234184514,0.9820532678723121,0.029198574624305074
97.3,0.9770531106605082,0.02912215774957544,0.9770531106605082,0.036656328666783144,716.0,0.9715276645017042,0.03698976644838909,0.9715276645017042,0.02825726117383239,39.0,0.9745942855164939,0.032990335198091726,0.9745942855164939,0.053318241516462146,-0.8,0.9875690142256349,0.016361163416565263,0.9875690142256349,0.016293665824247006,5.54,0.9848196792946277,0.018814140093010523,0.9848196792946277,0.022321128458861646,4.0,0.8346540524747843,0.1837777098786898,0.8346540524747843,0.18975046641019908,24.7,0.9828875228453925,0.02188744043421038,0.9828875228453925,0.021196820732767505,58.8,0.9825003024593906,0.022936653201444487,0.9825003024593906,0.028682995145404608
40.0,0.9756934669288333,0.031135964578688998,0.9756934669288333,0.040037372229479964,878.0,0.9730350068966445,0.03553320448632386,0.9730350068966445,0.027390938235983573,42.0,0.972774869552025,0.03523459590314741,0.972774869552025,0.05818702132517675,-1.6,0.9871482819398678,0.01686282446752161,0.9871482819398678,0.015774412057185765,4.97,0.9842671718145686,0.019567168461797,0.9842671718145686,0.024545647361727572,1.0,0.8363629328084539,0.1817316816208464,0.8363629328084539,0.1863535045551497,21.6,0.981754262138448,0.023451240929067918,0.981754262138448,0.023315177592772907,53.3,0.9825003024593906,0.022936653201444487,0.9825003024593906,0.028682995145404608
73.3,0.9761710975384934,0.030541278354037568,0.9761710975384934,0.040263011058443404,681.0,0.9743946506283193,0.03353125797718563,0.9743946506283193,0.024654173754292238,46.0,0.9714436749822968,0.036986327557523735,0.9714436749822968,0.06171888573386827,-3.1,0.9867722777271183,0.017283565430016534,0.9867722777271183,0.01611305963065564,7.79,0.9842671718145686,0.019567168461797,0.9842671718145686,0.025670671753056665,13.0,0.8405033907089987,0.17821742793646864,0.8405033907089987,0.18159295681337664,27.1,0.9825295680414906,0.022431471280073428,0.9825295680414906,0.022147559924578005,57.6,0.9825003024593906,0.02293665320144521,0.9825003024593906,0.028494461513177298
16.5,0.9768572527960175,0.029828330999147713,0.9768572527960175,0.039243531810430665,1148.0,0.9758058556686063,0.031175149883003572,0.9758058556686063,0.023234437559411864,45.0,0.9707681105098529,0.03779460078047593,0.9707681105098529,0.06212166293196735,-0.8,0.9862344384692802,0.017869363772828068,0.9862344384692802,0.01702901475308135,2.37,0.9845220040012455,0.019233702230312965,0.9845220040012455,0.024999913426948954,14.0,0.8415631707436768,0.17776382285393386,0.8415631707436768,0.17955825174324674,17.3,0.9833367042931062,0.021142334730079097,0.9833367042931062,0.01970744117047463,65.1,0.9825003024593904,0.022936653201444484,0.9825003024593904,0.028209817194053657
46.3,0.9768572527960175,0.029828330999147352,0.9768572527960175,0.03876454796762707,1214.0,0.9756079218058229,0.031397402251237924,0.9756079218058229,0.02466046910793159,38.0,0.9709660443726368,0.03757481844433142,0.9709660443726368,0.06430741276367903,-2.3,0.9860116400462968,0.018142359171429742,0.9860116400462968,0.01773972007669765,8.19,0.9845220040012455,0.019233702230312965,0.9845220040012455,0.02460882475698021,15.0,0.8393970037654196,0.17865107461697716,0.8393970037654196,0.17904526692961015,22.4,0.9848459692128002,0.01915441405564527,0.9848459692128002,0.01706640141305665,60.4,0.9830528099394494,0.022186910127308213,0.9830528099394494,0.02676689959419898
55.3,0.9768572527960175,0.029828330999147352,0.9768572527960175,0.039966138964811146,754.0,0.9749323573333789,0.03221323287655573,0.9749323573333789,0.02726680954921822,53.0,0.9725484865272948,0.0353150960687621,0.9725484865272948,0.062207681171209436,-0.8,0.9849068285012987,0.019857097675684103,0.9849068285012987,0.01881045798303729,5.09,0.9863414199657142,0.016931240045082046,0.9863414199657142,0.0220901878093783,18.0,0.8373432841269447,0.17943106781879115,0.8373432841269447,0.1790315724180192,22.0,0.9855321244703245,0.018426822336972435,0.9855321244703245,0.017212587279344462,51.0,0.9830528099394494,0.022186910127308213,0.9830528099394494,0.027454091769879726
79.2,0.9762321478589734,0.030441496658404364,0.9762321478589734,0.04020704503982321,1474.0,0.9762920010650535,0.030202564805663072,0.9762920010650535,0.027051442049761357,62.0,0.9715026493044834,0.03640687981630551,0.9715026493044834,0.06487473709468214,-6.2,0.9849068285012987,0.019857097675684103,0.9849068285012987,0.01904710482122884,17.57,0.9860865877790375,0.017265935940610738,0.9860865877790375,0.02266745018528397,37.0,0.8373432841269447,0.17943106781879115,0.8373432841269447,0.1790315724180192,32.5,0.9855321244703242,0.01842682233697243,0.9855321244703242,0.01721258727934446,64.3,0.9836516125751824,0.02149824248999804,0.9836516125751824,0.02788336685710082
36.9,0.9765720532540278,0.030091510447469435,0.9765720532540278,0.03928077499569663,1178.0,0.9762920010650535,0.030202564805663072,0.9762920010650535,0.02834882712939734,46.0,0.9698451073901072,0.03810663101438711,0.9698451073901072,0.06811132666790948,1.6,0.9855624585985832,0.01889091182046102,0.9855624585985832,0.019291058259353403,8.3,0.9863414199657142,0.016931240045082046,0.9863414199657142,0.022449830958254143,33.67243525896414,0.8389847154040976,0.17889351551637422,0.8389847154040976,0.17786914327760153,27.1,0.9858297997637067,0.018006574219105325,0.9858297997637067,0.016251940993437654,62.4,0.9842041200552415,0.02074678320417587,0.9842041200552415,0.026357448202944302
58.4,0.9763492548310441,0.030358962736041006,0.9763492548310441,0.03961723310595951,1257.0,0.9762920010650535,0.030202564805663072,0.9762920010650535,0.02834882712939734,47.0,0.9683358424704132,0.040033830732954044,0.9683358424704132,0.0713615795617883,4.7,0.9855624585985832,0.01889091182046102,0.9855624585985832,0.019544239865512573,11.04,0.9866390952590967,0.016510186435038984,0.9866390952590967,0.022406338804773777,40.0,0.8431093287497623,0.1760452001465724,0.8431093287497623,0.17452632667074744,29.0,0.9850226635120909,0.01930163714412118,0.9850226635120909,0.019148972092119628,65.1,0.9835285555827976,0.02157749943974891,0.9835285555827976,0.02745740988972598
14.1,0.9756736903586004,0.031176165280769916,0.9756736903586004,0.04019822937486256,1264.0,0.9758712687792864,0.030692369884410462,0.9758712687792864,0.029005208348659033,31.0,0.9677833349903541,0.04076178403596625,0.9677833349903541,0.07373794786570571,-1.6,0.9864160934209927,0.017863934735828247,0.9864160934209927,0.01839546435777042,3.38,0.9854753093919121,0.017847347677579603,0.9854753093919121,0.023904386971223168,39.0,0.8511818602433452,0.16634005670511648,0.8511818602433452,0.20944774114740441,18.8,0.9841122012281299,0.020600150971482985,0.9841122012281299,0.021426399698319294,71.8,0.982674920760388,0.022598153850885618,0.982674920760388,0.028786302982444285
36.1,0.9772720350614708,0.0293326118308865,0.9772720350614708,0.03705541110848205,1506.438032627222,0.9758712687792864,0.030692369884409744,0.9758712687792864,0.029486944202921393,34.0,0.967245495732516,0.0413228893418966,0.967245495732516,0.07449398278569722,-1.6,0.9869539326788308,0.01727802200465552,0.9869539326788308,0.017185698359928468,4.29,0.9840475511630917,0.01941751882076961,0.9840475511630917,0.025559832345751436,15.0,0.8514458326049811,0.16618280802181415,0.8514458326049811,0.21208682711681592,20.4,0.9838145259347475,0.021018863201924528,0.9838145259347475,0.020776332669029507,63.9,0.9830509249731374,0.02218124759289155,0.9830509249731374,0.0289356034698815
38.8,0.9762261978386594,0.03043647436036126,0.9762261978386594,0.039313288794701126,778.0,0.9758712687792865,0.03069236988440975,0.9758712687792865,0.029677188053609888,33.0,0.9668247634467488,0.04180307432776092,0.9668247634467488,0.07418192270694661,-3.9,0.9877292385818734,0.016247810628450956,0.9877292385818734,0.015507461682715863,4.32,0.9837498758697095,0.01983656046456434,0.9837498758697095,0.026290464157144023,6.0,0.8479805716158169,0.16896150587641184,0.8479805716158169,0.21849396125911622,20.8,0.9834565711308457,0.021563738391275514,0.9834565711308457,0.021908526513283774,54.5,0.9835285555827976,0.02157749943974891,0.9835285555827976,0.027420881163805536
39.6,0.974798439609839,0.0319729874215036,0.974798439609839,0.041111092658681944,788.0,0.9758712687792865,0.030692369884410466,0.9758712687792865,0.028643816502755944,48.0,0.967362602704587,0.041242500068393154,0.967362602704587,0.07357550236838652,2.3,0.9890423837427541,0.014627326149135844,0.9890423837427541,0.01508725267486746,4.48,0.9840138482313454,0.01960053338656389,0.9840138482313454,0.025265719446744675,10.0,0.8484276062028954,0.16866959431639925,0.8484276062028954,0.21594599422617036,21.2,0.9833082551311596,0.02170629855729612,0.9833082551311596,0.021527381998107307,56.5,0.9835285555827976,0.02157749943974891,0.9835285555827976,0.027790517762971256
61.2,0.972596448091349,0.034544572366560555,0.972596448091349,0.04306231406174994,1951.0,0.9762920010650538,0.030202564805662725,0.9762920010650538,0.028796470952469594,46.0,0.9688718676242811,0.03931924543561258,0.9688718676242811,0.06919829553966896,3.1,0.9882670778397115,0.01566021241655649,0.9882670778397115,0.015236630849603812,18.95,0.9827131788218572,0.02105533252865688,0.9827131788218572,0.026424635150702,17.0,0.8487128057448853,0.16849000207570308,0.8487128057448853,0.219485297669153,32.9,0.981709910428289,0.023574245250025994,0.981709910428289,0.022434628511236603,69.0,0.9843038614858403,0.02055434434189914,0.9843038614858403,0.02639107520585076
55.7,0.9722987727979666,0.03495396890390514,0.9722987727979666,0.041985121831568634,1546.0,0.9754383662426439,0.031207884797649153,0.9754383662426439,0.029943167744854258,31.0,0.9670914916068394,0.04178151134305321,0.9670914916068394,0.07513701825714958,3.9,0.9872516079722132,0.01685680525102687,0.9872516079722132,0.015111880000016663,12.95,0.9831908094315172,0.020451251877581202,0.9831908094315172,0.024048787107926982,18.0,0.8469075889728298,0.16919872077232906,0.8469075889728298,0.21809747895847056,30.6,0.981709910428289,0.023574245250025994,0.981709910428289,0.022556258810916174,68.6,0.9849794259582841,0.019722248131379534,0.9849794259582841,0.024622436345366136
42.4,0.9722987727979666,0.03495396890390514,0.9722987727979666,0.041985121831568634,730.0,0.9754383662426441,0.03120788479764916,0.9754383662426441,0.03219141914726457,34.0,0.9674674958195889,0.04137894880058933,0.9674674958195889,0.07499519517366128,5.5,0.9857901468116463,0.018614717466269498,0.9857901468116463,0.016597527823438398,4.52,0.9842366466543288,0.019328437772139745,0.9842366466543288,0.022904823397926825,13.0,0.8485924739445522,0.168301763307027,0.8485924739445522,0.2172820879181723,20.8,0.9810343459558452,0.024400836789427893,0.9810343459558452,0.024768705099381737,59.6,0.9841257911358744,0.020746072582344996,0.9841257911358744,0.025792032897992163
38.0,0.9722987727979666,0.03495396890390514,0.9722987727979666,0.041985121831568634,800.0,0.9768410759703433,0.029814077349075704,0.9768410759703433,0.03119176442511648,32.0,0.9666138609971788,0.04236483281154984,0.9666138609971788,0.07516267543970068,1.6,0.9872516079722132,0.01685680525102687,0.9872516079722132,0.016404091664301363,4.67,0.984922801911853,0.018601433732116122,0.984922801911853,0.020583144362523346,5.0,0.8508788299116473,0.1668262207944871,0.8508788299116473,0.2114712825606239,21.2,0.9802737082750236,0.025248959146653416,0.9802737082750236,0.02488931607717798,57.3,0.983079953913063,0.0218672489302223,0.983079953913063,0.02637985682950379
40.4,0.9722987727979666,0.03495396890390514,0.9722987727979666,0.041985121831568634,798.0,0.979492248936547,0.02648028320611459,0.979492248936547,0.029310522422699093,34.0,0.9652826664274508,0.044095022089052506,0.9652826664274508,0.0769636349828588,3.1,0.9869539326788308,0.01727802200465552,0.9869539326788308,0.016625965704477545,4.55,0.9856089571693772,0.01787339796983007,0.9856089571693772,0.0200354170464438,3.0,0.8508788299116473,0.1668262207944871,0.8508788299116473,0.2114712825606239,20.8,0.9795981438025797,0.0260731389216741,0.9795981438025797,0.02717256121353194,53.7,0.9816521956842426,0.02342763380867531,0.9816521956842426,0.028602470696816713
42.7,0.9747042537524527,0.03185471254755427,0.9747042537524527,0.036508220482020196,784.0,0.9820248187103655,0.023226013102616936,0.9820248187103655,0.024905260181266858,70.0,0.9635572329052482,0.045995191349595295,0.9635572329052482,0.07760392945991564,2.3,0.9855942889471562,0.019329398330148056,0.9855942889471562,0.019730687510734004,4.83,0.9851313265597169,0.018480263135700396,0.9851313265597169,0.02029185630483872,4.0,0.8520723990887232,0.16621715377925114,0.8520723990887232,0.20914299284049329,21.2,0.9806136136700783,0.02489563645935011,0.9806136136700783,0.025995824300258,55.7,0.9816521956842426,0.02342763380867531,0.9816521956842426,0.028602470696816713
61.6,0.9737222763105207,0.03275499853936706,0.9737222763105207,0.036792537027125365,1052.0,0.9820248187103655,0.023226013102616936,0.9820248187103655,0.024905260181266858,37.0,0.9624059227894561,0.047373873616058666,0.9624059227894561,0.08011990479074278,3.1,0.9846838266631952,0.02062866146942024,0.9846838266631952,0.020815959549571033,10.07,0.98487649437304,0.018814136863123103,0.98487649437304,0.02211743964689648,10.0,0.8530368185672456,0.16573318424715505,0.8530368185672456,0.20857163879690055,28.6,0.9797599788476684,0.025910263571875865,0.9797599788476684,0.02632708143642669,52.5,0.9816521956842426,0.02342763380867531,0.9816521956842426,0.028602470696816713
72.2,0.9728137365513133,0.033543598570393456,0.9728137365513133,0.03654098677429482,1041.0,0.9820248187103655,0.023226013102616936,0.9820248187103655,0.02410203535260708,23.0,0.9629800461958667,0.04685882630278287,0.9629800461958667,0.0808527775974483,3.9,0.9842630943774281,0.021126992092852778,0.9842630943774281,0.022458898212730255,12.2,0.9839263667538801,0.01977704457871688,0.9839263667538801,0.022223939113306602,22.0,0.851032486634077,0.1665620070071812,0.851032486634077,0.20794131410672761,30.6,0.9791858554412577,0.02644753201524438,0.9791858554412577,0.025878795806869626,61.6,0.9816521956842426,0.02342763380867531,0.9816521956842426,0.028602470696816713
66.7,0.9719032742673521,0.03481222862301329,0.9719032742673521,0.03657082567644918,1082.0,0.9820248187103655,0.023226013102616936,0.9820248187103655,0.02410203535260708,59.0,0.9626823709024843,0.04726015703586528,0.9626823709024843,0.08195268272768304,5.5,0.9830993085102435,0.022455376568836935,0.9830993085102435,0.02293275632223488,11.06,0.9841811989405568,0.01944375164621542,0.9841811989405568,0.02044298245383296,27.0,0.849127082995288,0.16729739090574117,0.849127082995288,0.20561387406179688,29.8,0.9799380491976342,0.025720357692303072,0.9799380491976342,0.025073395469446095,64.7,0.9816521956842426,0.02342763380867531,0.9816521956842426,0.028602470696816713
69.0,0.9723809048770126,0.03422177667223699,0.9723809048770126,0.03684587657963044,1438.0,0.9820248187103655,0.023226013102616936,0.9820248187103655,0.02410203535260708,20.0,0.96604879315053,0.0428725547282553,0.96604879315053,0.07507643778819743,-3.9,0.9816881034699564,0.024842309277664645,0.9816881034699564,0.027040245668580768,14.98,0.9837035683308966,0.020048950054718975,0.9837035683308966,0.023124888287611407,29.0,0.849127082995288,0.16729739090574117,0.849127082995288,0.20561387406179688,31.4,0.9785784054659595,0.027745078023635884,0.9785784054659595,0.02727158409005086,65.5,0.9816521956842426,0.02342763380867531,0.9816521956842426,0.028602470696816713
52.2,0.9715272700546029,0.03521932526202693,0.9715272700546029,0.03830089528559963,1011.0,0.9827003831828094,0.02239774549623716,0.9827003831828094,0.021718738947440114,33.0,0.9644663509958719,0.045103999614068156,0.9644663509958719,0.07806342674056468,3.1,0.9811355959898974,0.025589481797730983,0.9811355959898974,0.029469050027226155,3.7,0.9830479382336121,0.021012493064621815,0.9830479382336121,0.024105419406785133,23.0,0.8513426376788518,0.1663511955420706,0.8513426376788518,0.2080193972915511,17.6,0.9793855417175752,0.026465652510009482,0.9793855417175752,0.02566844375327178,63.5,0.9811745650745823,0.024029289353744005,0.9811745650745823,0.02946712331281967
67.8,0.9715272700546028,0.035219325262027285,0.9715272700546028,0.03815211540430175,1739.0,0.9836108454667704,0.0211028129597282,0.9836108454667704,0.022661253530460338,20.0,0.9631532058349913,0.04664169142563696,0.9631532058349913,0.07944724304580754,3.9,0.9822688566968417,0.024029169501083976,0.9822688566968417,0.02743379387289799,19.21,0.9832707366565957,0.02074099320234098,0.9832707366565957,0.02458077124637086,25.0,0.8543624394795186,0.16466880682727866,0.8543624394795186,0.20639678968860353,32.9,0.9804010115850736,0.02528882403851121,0.9804010115850736,0.024341967547620465,67.8,0.9808768897811999,0.024445673706947654,0.9808768897811999,0.02943964033008603
70.2,0.9730365349742968,0.03327789416785105,0.9730365349742968,0.03476178339911059,1246.0,0.9841633529468292,0.020351163682954927,0.9841633529468292,0.02243099368351204,73.0,0.9627772016222419,0.04704025980270754,0.9627772016222419,0.0795553121360546,5.5,0.9818218221097634,0.024459117936139373,0.9818218221097634,0.026551272735563864,14.67,0.9845838818174765,0.0191340096075826,0.9845838818174765,0.022255292440289867,29.0,0.8543624394795186,0.16466880682727866,0.8543624394795186,0.21032547791151943,31.8,0.9804010115850736,0.02528882403851121,0.9804010115850736,0.023053208020145342,64.7,0.9798614199137016,0.02562397231427523,0.9798614199137016,0.031210071417515486
87.1,0.9708778715268854,0.03554105796923146,0.9708778715268854,0.03684565514803569,1530.0,0.9841633529468294,0.020351163682954927,0.9841633529468294,0.021322171263843035,70.0,0.9640903467831223,0.04550376071025616,0.9640903467831223,0.07561969804206939,-0.8,0.9824973865822071,0.023631876494581646,0.9824973865822071,0.02711848287256906,19.95,0.9849237872125309,0.018776946075170543,0.9849237872125309,0.02198354514466516,35.0,0.8523581075463501,0.16550262842541533,0.8523581075463501,0.20916444627238842,33.7,0.9792677508781291,0.02684460422852567,0.9792677508781291,0.025303874276021977,63.1,0.9795637446203194,0.02603929525111769,0.9795637446203194,0.03389984278835394
43.5,0.9690974955094435,0.03801565878692708,0.9690974955094435,0.03946136552669613,1785.0,0.9836857223371692,0.020955910387933954,0.9836857223371692,0.022747353052135925,56.0,0.9649439816055322,0.04452342306928745,0.9649439816055322,0.07167176560617611,-2.3,0.9820197559725469,0.024233970644678044,0.9820197559725469,0.028325732544035007,6.46,0.9855225898482638,0.018084844012579704,0.9855225898482638,0.021098870355122167,33.0,0.8532378412549512,0.165050481208552,0.8532378412549512,0.2046361983990952,23.1,0.9807770157978232,0.024873954116595688,0.9807770157978232,0.022388256645287624,69.4,0.980736670662463,0.02481704679652686,0.980736670662463,0.0323684366019512
71.4,0.9682438606870338,0.039006290841883506,0.9682438606870338,0.039921673356710576,1093.0,0.9847315595599806,0.019833046347356085,0.9847315595599806,0.021628981916492714,51.0,0.9665423263084029,0.042723347643095204,0.9665423263084029,0.07067648936388331,4.7,0.9817969575495635,0.02450432056269115,0.9817969575495635,0.027074476100680814,11.5,0.9855225898482638,0.018084844012579704,0.9855225898482638,0.021098870355122167,35.0,0.8562972488674804,0.16238363615278245,0.8562972488674804,0.19872972968178357,29.8,0.9816306506202328,0.023857325899134856,0.9816306506202328,0.02076823998164381,62.0,0.9816471329464239,0.023527028430753542,0.9816471329464239,0.031588150822522816
54.5,0.9707604789383472,0.03622557682795955,0.9707604789383472,0.0368580482348959,1185.0,0.9850417106047552,0.01952513966750706,0.9850417106047552,0.021968211621672278,38.0,0.9658866962111187,0.04365421876973667,0.9658866962111187,0.07317939274551216,-1.6,0.9804657629798352,0.0262877608774978,0.9804657629798352,0.02996106750374923,9.48,0.9845493500824377,0.019338079288895676,0.9845493500824377,0.022403657589193892,36.0,0.8568575676120215,0.16208853889001268,0.8568575676120215,0.19892960658420772,27.8,0.9801213857005389,0.025831323567749014,0.9801213857005389,0.02312071125951526,64.7,0.9803159383766958,0.025311511359515995,0.9803159383766958,0.033532391422306844
64.7,0.9722678213332875,0.034769067299887234,0.9722678213332875,0.037074871094506065,1412.0,0.9841880757823457,0.020549201891868474,0.9841880757823457,0.022411611642427234,32.0,0.9664854988468515,0.04299135407836381,0.9664854988468515,0.07306853936395873,3.9,0.9800897587670858,0.026701950845346517,0.9800897587670858,0.030362623996092578,13.96,0.9851234734888483,0.018793554556144943,0.9851234734888483,0.02277392971434194,18.0,0.8554463625717341,0.1639296565649732,0.8554463625717341,0.1974861918595841,27.8,0.981422055110027,0.02438684128862483,0.981422055110027,0.023130234437634237,65.1,0.9803159383766958,0.025311511359515995,0.9803159383766958,0.03319772225424363
44.7,0.9716690186975546,0.03544128209003454,0.9716690186975546,0.03921800168888476,750.0,0.9841880757823457,0.020549201891868474,0.9841880757823457,0.021252029513468624,36.0,0.9668615030596011,0.04258953473026616,0.9668615030596011,0.07134503730365635,6.2,0.9805673893767459,0.02610228853028516,0.9805673893767459,0.030579498123277742,4.6,0.9859465122886764,0.017939713037507524,0.9859465122886764,0.022478357412478858,13.0,0.8564921997945455,0.16313405644119103,0.8564921997945455,0.1928578336241672,22.0,0.9825858409772114,0.023063101562651067,0.9825858409772114,0.02378518221321208,54.5,0.9809915028491397,0.024486176895971698,0.9809915028491397,0.03241433654710297
40.4,0.9713110638936525,0.035973925033638304,0.9713110638936525,0.03946524572301188,810.0,0.9836502365245073,0.021131631259183967,0.9836502365245073,0.021509967016470545,33.0,0.9663236638017627,0.04314904535907282,0.9663236638017627,0.0725597952288675,-2.3,0.980988121662513,0.02560803091960362,0.980988121662513,0.031235143716684444,4.48,0.9862013444753532,0.017605240088956177,0.9862013444753532,0.02102154373619216,2.0,0.8554848464629262,0.1637270513121083,0.8554848464629262,0.19310528520085032,20.8,0.9819870383414785,0.023750040552299175,0.9819870383414785,0.0257436513032842,54.9,0.9821247635560842,0.022924827605894402,0.9821247635560842,0.02976356619044115
41.6,0.9703378241278263,0.03719062672129655,0.9703378241278263,0.04040780377324919,798.0,0.9836502365245073,0.021131631259183246,0.9836502365245073,0.021509967016470545,54.0,0.9651723536859708,0.04453539694336125,0.9651723536859708,0.07482471366628071,-3.1,0.9813641258752626,0.025193023388123764,0.9813641258752626,0.030833587224341097,4.53,0.9859785460523696,0.017878285723625584,0.9859785460523696,0.021033702863089462,7.0,0.8544693765954278,0.16458228742554865,0.8544693765954278,0.19518039396694578,21.2,0.9811334035190686,0.02476714651544596,0.9811334035190686,0.027024560202811056,54.9,0.9812143012721233,0.024216053725483386,0.9812143012721233,0.03120499008083706
48.6,0.9699798693239244,0.0377218585370608,0.9699798693239244,0.040739658082788,1589.0,0.9842490391602404,0.020441886532195398,0.9842490391602404,0.02010844835533816,28.0,0.9669527297034127,0.04208339345728266,0.9669527297034127,0.07152690054139269,0.0,0.9802308651683181,0.026750501761502996,0.9802308651683181,0.032733479107493274,12.29,0.9859785460523696,0.017878285723625584,0.9859785460523696,0.021656516226033613,12.0,0.8567379740076102,0.16233056045834018,0.8567379740076102,0.18909195353523323,30.2,0.9814913583229706,0.024224763831149375,0.9814913583229706,0.02718157202220595,63.5,0.9812143012721233,0.024216053725483386,0.9812143012721233,0.032320403591932154
59.6,0.9690713295647171,0.03850253708927335,0.9690713295647171,0.04083547227061621,1279.0,0.9845038713469172,0.02010865310253113,0.9845038713469172,0.018440483116888846,44.0,0.9669527297034127,0.04208339345728302,0.9669527297034127,0.07106480603844874,0.8,0.9808559701053625,0.02613231303915982,0.9808559701053625,0.03274144666765283,11.38,0.9862333782390464,0.017543785733212098,0.9862333782390464,0.01901941554912544,16.0,0.8548325703688212,0.16308528563442853,0.8548325703688212,0.1910405380986848,29.0,0.9808925556872375,0.024910197124530454,0.9808925556872375,0.026596034743873308,63.1,0.9816350335578904,0.023720646613764034,0.9816350335578904,0.030709835860743252
52.5,0.96967013220045,0.037834126805442,0.96967013220045,0.03854922561698048,1316.0,0.9839513638668582,0.02086070659929727,0.9839513638668582,0.01992121253368023,43.0,0.9660437760229051,0.04304154153315127,0.9660437760229051,0.07273082331942464,-5.5,0.9803783394957023,0.02673214478453724,0.9803783394957023,0.03613035065590522,9.98,0.9859785460523696,0.017878285723625584,0.9859785460523696,0.01973957933899614,15.0,0.8545224193240464,0.16329864248009618,0.8545224193240464,0.18822757069359553,28.6,0.9814913583229706,0.024224763831148657,0.9814913583229706,0.026113655224693208,64.3,0.9819749389529447,0.023366279934689947,0.9819749389529447,0.030748434553960247
53.7,0.9698680660632337,0.037614618509561375,0.9698680660632337,0.03925498156090592,1265.0,0.9849668337343566,0.019672357909884995,0.9849668337343566,0.019912121351241766,57.0,0.9657038706278507,0.04338296967469795,0.9657038706278507,0.07244853561202967,3.1,0.980633171682379,0.02640189825085557,0.980633171682379,0.03686530899159519,10.46,0.9859785460523696,0.017878285723625584,0.9859785460523696,0.01973957933899614,22.0,0.8570390375753599,0.16123509735367952,0.8570390375753599,0.18339040839498078,29.4,0.9821669227954145,0.023397650653167852,0.9821669227954145,0.025122442345239863,65.5,0.9795904941468314,0.026988231752344178,0.9795904941468314,0.036219381056320825
69.4,0.9695703907698514,0.03802186455259238,0.9695703907698514,0.03886140617164656,2098.0,0.9852645090277388,0.019252733578850666,0.9852645090277388,0.021971927085133906,48.0,0.9672502320490564,0.041784367647953215,0.9672502320490564,0.06930504651595265,0.0,0.9799576072099351,0.027225598954919758,0.9799576072099351,0.03737219022816773,22.9,0.9859785460523696,0.017878285723625584,0.9859785460523696,0.01973957933899614,29.0,0.8575005427474887,0.1609849162658719,0.8575005427474887,0.18376263431413048,34.5,0.9810156126796226,0.024831585158853992,0.9810156126796226,0.0259505819733526,67.8,0.979845326333508,0.02665832833010076,0.979845326333508,0.03620931394247908
71.4,0.9695703907698514,0.03802186455259238,0.9695703907698514,0.03886140617164656,1546.0,0.9843540467437776,0.020551620470202453,0.9843540467437776,0.02249045539854461,67.0,0.9667620106543158,0.04226359866293901,0.9667620106543158,0.06919301769149894,-1.6,0.9797027750232584,0.02755539426444824,0.9797027750232584,0.03663723189247776,17.29,0.9868874997328773,0.016875533192739354,0.9868874997328773,0.017680629682397312,38.0,0.8560408425831073,0.16146947150080276,0.8560408425831073,0.18124171182415463,32.9,0.980853777634534,0.02499485818960639,0.980853777634534,0.025338257399499832,66.3,0.9793676957238476,0.027257259074151476,0.9793676957238476,0.03664926091825674
16.1,0.9704789305290588,0.037240296767191726,0.9704789305290588,0.03909481559669652,1469.0,0.9852645090277388,0.019252733578849945,0.9852645090277388,0.021531552160646533,36.0,0.966762010654316,0.042263598662939376,0.966762010654316,0.06973941947664025,-0.8,0.9820872198293719,0.023934393651383116,0.9820872198293719,0.030926021792636524,7.32,0.9885585996976599,0.0147074373558493,0.9885585996976599,0.015332304021471036,33.67243525896414,0.8557556430411173,0.16165392759291375,0.8557556430411173,0.177281675320517,26.3,0.9810156126796223,0.024831585158853985,0.9810156126796223,0.02679238118279016,65.5,0.9790277903287932,0.027609291106538883,0.9790277903287932,0.0363292251912772
54.9,0.9713325653514684,0.036245668091558936,0.9713325653514684,0.03816947187530149,1375.0,0.9845038713469172,0.02010865310253113,0.9845038713469172,0.02207049316838714,49.0,0.9665640767915323,0.04248140274767556,0.9665640767915323,0.07128937060664678,4.7,0.982507952115139,0.023438406871296644,0.982507952115139,0.030802730240665908,11.16,0.987883035225216,0.015546084475477652,0.987883035225216,0.015851667514078818,41.0,0.859170560413257,0.1596057272942029,0.859170560413257,0.17561578128842215,29.8,0.9800001428121241,0.026009658279215725,0.9800001428121241,0.02990210995900573,67.5,0.9778945296218486,0.029160121616290436,0.9778945296218486,0.03951628782244477
58.4,0.97003189594198,0.03765873263581586,0.97003189594198,0.03952745343393459,1481.0,0.9853575061693269,0.019083869154742816,0.9853575061693269,0.020436565476474475,45.0,0.9657410379917043,0.04329695238201171,0.9657410379917043,0.07187844862721614,-0.8,0.9827627843018157,0.02310655870586488,0.9827627843018157,0.0294953829156868,12.88,0.9887366700476258,0.014513724182654248,0.9887366700476258,0.015363668929196826,48.0,0.8608119916904102,0.15899822714202144,0.8608119916904102,0.17870627345775253,30.6,0.9800001428121241,0.026009658279215725,0.9800001428121241,0.03171804725374776,67.8,0.977716459271883,0.02934898552125486,0.977716459271883,0.038406583829176805
59.6,0.9689452858328069,0.038624884883469275,0.9689452858328069,0.03887184085818691,1390.0,0.9856123383560037,0.01874989741077326,0.9856123383560037,0.020173700152220347,64.0,0.964440368582216,0.044691814119255456,0.964440368582216,0.07359251722083072,3.9,0.9827627843018157,0.02310655870586488,0.9827627843018157,0.0294953829156868,12.28,0.9889346039104092,0.014284931365813157,0.9889346039104092,0.014109960510063725,51.0,0.8608119916904102,0.15899822714202144,0.8608119916904102,0.17870627345775253,30.2,0.9788363569449399,0.02732626723687116,0.9788363569449399,0.0313671597600005,66.7,0.9780924634846325,0.028936865777988884,0.9780924634846325,0.037729023495987946
76.5,0.9677598621512219,0.039657696635288946,0.9677598621512219,0.03898974398775352,1439.0,0.9860330706417708,0.01824984450226266,0.9860330706417708,0.019888670579092414,50.0,0.9654862058050276,0.043617514256096765,0.9654862058050276,0.07106458557836065,0.0,0.9827627843018157,0.02310655870586488,0.9827627843018157,0.0294953829156868,16.38,0.9876214587495289,0.015905689428956576,0.9876214587495289,0.015455796930460506,55.0,0.8608119916904102,0.15899822714202144,0.8608119916904102,0.17870627345775253,32.2,0.977055980927498,0.029837196902783757,0.977055980927498,0.03272899394357586,64.3,0.978867769387675,0.02792538337217007,0.978867769387675,0.03454277357147637
40.0,0.9673838579384724,0.040061059357630636,0.9673838579384724,0.038801207301347236,788.0,0.9862558690647544,0.017976867280145144,0.9862558690647544,0.02140694123392652,34.0,0.9650085751953673,0.04419889012599657,0.9650085751953673,0.07551050300205095,-3.9,0.9827627843018157,0.02310655870586488,0.9827627843018157,0.0294953829156868,4.3,0.9876214587495287,0.01590568942895585,0.9876214587495287,0.01513101360640314,52.0,0.8608119916904102,0.15899822714202144,0.8608119916904102,0.17870627345775253,20.4,0.9782072910432901,0.02841517727371794,0.9782072910432901,0.02986225973432545,52.9,0.9781155756312985,0.02865002529235558,0.9781155756312985,0.03415983606803164
52.2,0.9670861826450902,0.04046644994054637,0.9670861826450902,0.03973823416080832,1456.0,0.9867334996744146,0.017369045476923663,0.9867334996744146,0.02225405055997062,40.0,0.9639037636503692,0.04584635462448321,0.9639037636503692,0.0788759724466609,3.1,0.9827627843018155,0.023106558705864155,0.9827627843018155,0.028657681334884794,10.94,0.9870226561137956,0.01660063436520444,0.9870226561137956,0.015461924080150723,45.0,0.8608119916904102,0.15899822714202144,0.8608119916904102,0.17870627345775253,29.4,0.9784621232299666,0.0280861311322204,0.9784621232299666,0.028138791474459177,68.2,0.9788762133121202,0.027806499867818926,0.9788762133121202,0.03323046253884252
47.5,0.9667282278411881,0.04099459629429646,0.9667282278411881,0.039241959880642344,1592.0,0.9874941373552363,0.01650900689996728,0.9874941373552363,0.021272520664111352,36.0,0.9637668801080653,0.045965252449022144,0.9637668801080653,0.07983645159061585,-8.6,0.9827627843018157,0.02310655870586488,0.9827627843018157,0.03036661512713118,11.08,0.9861121938298348,0.017904351039163716,0.9861121938298348,0.016590681260354397,48.0,0.8570091322455556,0.16362198222291405,0.8570091322455556,0.18333360191039064,29.0,0.9769528583102726,0.03004698703907786,0.9769528583102726,0.02989165308230541,69.0,0.978338374054282,0.028381674956065264,0.978338374054282,0.033106501307585585
40.0,0.9651457856865298,0.04323078602902801,0.9651457856865298,0.04190010544085141,1599.0,0.9874941373552363,0.01650900689996728,0.9874941373552363,0.021032062638653842,45.0,0.9637668801080653,0.0459652524490225,0.9637668801080653,0.07955529726716104,0.8,0.9835699205534315,0.021817662114967756,0.9835699205534315,0.028924467304633838,9.78,0.986409869123217,0.01748369137823527,0.986409869123217,0.01631431551418319,49.0,0.8590925205716604,0.1617726588932988,0.8590925205716604,0.17772663613345566,28.2,0.976698026123596,0.030374991435411506,0.976698026123596,0.030826186108887092,71.8,0.9790990117351035,0.02753773875814532,0.9790990117351035,0.031989782785743034
42.7,0.9631873393191221,0.045858637873943474,0.9631873393191221,0.04474931266506138,877.0,0.9874941373552363,0.01650900689996728,0.9874941373552363,0.021032062638653842,34.0,0.9647401198738914,0.04476614932217269,0.9647401198738914,0.07687985184800461,-4.7,0.9837927189764148,0.021546195454938605,0.9837927189764148,0.028304223508595145,4.58,0.9858573616431578,0.018238715625018474,0.9858573616431578,0.01719925609434461,47.0,0.8590925205716604,0.1617726588932988,0.8590925205716604,0.17772663613345566,20.8,0.9768760964735618,0.030186522424397594,0.9768760964735618,0.030439678222477454,65.5,0.9795766423447637,0.026939116365766538,0.9795766423447637,0.03050567371045554
36.5,0.9635633435318717,0.04545942285401728,0.9635633435318717,0.045842427228223084,811.0,0.9874941373552363,0.01650900689996728,0.9874941373552363,0.021032062638653842,33.0,0.9671456008283779,0.041716740947668765,0.9671456008283779,0.07247040194373297,-4.7,0.9828194792105888,0.0227937417693156,0.9828194792105888,0.030856217826537663,4.06,0.9867109964655677,0.01721085700081112,0.9867109964655677,0.01594562679298489,19.0,0.8590925205716604,0.1617726588932988,0.8590925205716604,0.17772663613345566,20.4,0.9768760964735618,0.030186522424397594,0.9768760964735618,0.030439678222477454,54.9,0.9795766423447637,0.026939116365766538,0.9795766423447637,0.03050567371045554
63.9,0.9633654096690881,0.04567579231386144,0.9633654096690881,0.04495239286720496,928.0,0.9869416298751771,0.017265428403098727,0.9869416298751771,0.022490583335584135,20.0,0.9671456008283779,0.04171674094766806,0.9671456008283779,0.07176019394772551,-3.1,0.9841506737803168,0.021001122347147735,0.9841506737803168,0.0277541771082808,9.01,0.9874863023686101,0.01618085291476876,0.9874863023686101,0.014453227700851353,13.0,0.8590925205716604,0.1617726588932988,0.8590925205716604,0.17772663613345566,28.2,0.977531726570846,0.029235358378679802,0.977531726570846,0.03001399809592377,53.3,0.9795766423447637,0.026939116365766538,0.9795766423447637,0.03050567371045554
55.3,0.9651457856865299,0.0432307860290273,0.9651457856865299,0.042558330203955996,1254.0,0.9867188314521936,0.017538761724685322,0.9867188314521936,0.02359670017793292,59.0,0.9671456008283779,0.04171674094766806,0.9671456008283779,0.07176019394772551,3.9,0.9817451928258306,0.0241585366254491,0.9817451928258306,0.031441587176215834,11.41,0.9885017722361087,0.014983272566520336,0.9885017722361087,0.0131264188916163,26.0,0.8590925205716604,0.1617726588932988,0.8590925205716604,0.17772663613345566,29.8,0.977531726570846,0.029235358378679802,0.977531726570846,0.03001399809592377,65.5,0.9795766423447637,0.026939116365766538,0.9795766423447637,0.03050567371045554
22.7,0.9651457856865298,0.04323078602902801,0.9651457856865298,0.04190010544085141,2055.0,0.9867188314521936,0.017538761724685322,0.9867188314521936,0.02359670017793292,53.0,0.9671456008283779,0.04171674094766806,0.9671456008283779,0.07176019394772551,5.5,0.9807950652066705,0.025113091996058115,0.9807950652066705,0.031397961064906915,5.4,0.9885017722361087,0.014983272566520336,0.9885017722361087,0.013344038118646128,33.67243525896414,0.8590925205716604,0.1617726588932988,0.8590925205716604,0.17772663613345566,22.7,0.9798003239830284,0.026228311808088472,0.9798003239830284,0.02690460182368666,71.0,0.9795766423447637,0.026939116365766538,0.9795766423447637,0.03050567371045554
69.0,0.9662790463934744,0.04171755818912698,0.9662790463934744,0.04032102130661112,1658.0,0.986342827239444,0.01795905641061872,0.986342827239444,0.02471329531243525,61.0,0.9658540715938487,0.042994581577454075,0.9658540715938487,0.07261090392519196,-0.8,0.9814706296791144,0.02428720072014146,0.9814706296791144,0.03035329602334746,17.55,0.9882469400494318,0.015319223047896463,0.9882469400494318,0.013766858662774604,40.0,0.8573240004751752,0.16244708111653755,0.8573240004751752,0.17971320474795383,32.5,0.9800551561697052,0.025898137086969794,0.9800551561697052,0.026634332227239686,67.5,0.9795766423447637,0.026939116365766538,0.9795766423447637,0.03050567371045554
19.6,0.9666370011973764,0.041189939068187575,0.9666370011973764,0.03940231254507272,1571.0,0.986895334719503,0.017203493860825512,0.986895334719503,0.02330977422273769,59.0,0.9653764409841885,0.04357650356484894,0.9653764409841885,0.07274128220753266,2.3,0.9814706296791144,0.02428720072014182,0.9814706296791144,0.03062983747392759,5.09,0.987648137413699,0.016014975943422917,0.987648137413699,0.015027706961087779,44.0,0.8491032295420751,0.17230850932619046,0.8491032295420751,0.14738200084575903,27.1,0.9810283959355313,0.02465730610216239,0.9810283959355313,0.024103566619828484,62.7,0.9795766423447637,0.026939116365766538,0.9795766423447637,0.03050567371045554
56.5,0.9666370011973763,0.04118993906818757,0.9666370011973763,0.04006820849372275,1643.0,0.988046644835295,0.015751728138487808,0.988046644835295,0.020722940827372072,48.0,0.965599239407172,0.04331526343359921,0.965599239407172,0.0723030063800585,0.0,0.9803373689721698,0.025845900547526585,0.9803373689721698,0.033337345601258894,13.91,0.988621377179525,0.0147544054009092,0.988621377179525,0.014155048533717388,51.0,0.8452835696306223,0.17467490064941035,0.8452835696306223,0.14751626265074524,31.0,0.9817890336163528,0.023808042423784672,0.9817890336163528,0.023021118597797784,69.0,0.9795766423447637,0.026939116365766538,0.9795766423447637,0.03050567371045554
53.7,0.9666370011973763,0.04118993906818757,0.9666370011973763,0.03987744322875192,1433.0,0.9880466448352953,0.015751728138488897,0.9880466448352953,0.021746014028623754,49.0,0.9668999088166603,0.04191672900236082,0.9668999088166603,0.07029754968763624,-0.8,0.9798597383625096,0.026445541073644645,0.9798597383625096,0.03396753642772505,12.27,0.9878460712764825,0.015786742226852987,0.9878460712764825,0.015846454402902777,53.0,0.8433746214425435,0.17532202428083882,0.8433746214425435,0.1462714232322732,30.2,0.9801179336515705,0.0259454341030877,0.9801179336515705,0.025571363108156945,68.2,0.9800542729544239,0.02633989711003875,0.9800542729544239,0.028615381218870715
48.2,0.966159370587716,0.04177325916640572,0.966159370587716,0.04179824344276308,1420.0,0.9891979549510872,0.014296532337500601,0.9891979549510872,0.018725357271703783,43.0,0.9678731485824864,0.04070935552983755,0.9678731485824864,0.06978384747734727,3.9,0.9802804706482767,0.025951803556662056,0.9802804706482767,0.033223836025579816,10.22,0.9872935637964234,0.016543844013592306,0.9872935637964234,0.017154348590201034,52.0,0.8452835696306223,0.17467490064941035,0.8452835696306223,0.1440311694882228,28.6,0.9795654261715113,0.026690744255672184,0.9795654261715113,0.02805563161701601,68.6,0.9817631532880936,0.023542416008622263,0.9817631532880936,0.023608734139900396
46.3,0.965801415783814,0.042300386290065856,0.965801415783814,0.04331644448953157,1443.0,0.9891979549510871,0.014296532337500598,0.9891979549510871,0.017788960896412846,39.0,0.9696925645469552,0.038487339025240354,0.9696925645469552,0.06590102462170608,3.9,0.9810326644046532,0.025223391196795328,0.9810326644046532,0.03342760737307155,9.64,0.9870387316097466,0.016878971518169132,0.9870387316097466,0.01806158855951588,53.0,0.8484475994447906,0.17301860848029632,0.8484475994447906,0.14284257278437018,28.2,0.9777850501540695,0.029204776705669188,0.9777850501540695,0.031892429489306456,69.0,0.983190911516914,0.021982014242245444,0.983190911516914,0.02238366627215564
15.3,0.9640925354501443,0.04501777114458966,0.9640925354501443,0.04704017814861694,846.0,0.9908690549158699,0.012118878875296332,0.9908690549158699,0.014881265790530715,32.0,0.970563361495717,0.03768193572179762,0.970563361495717,0.06449100641323433,-0.8,0.9812554628276368,0.02495342365392702,0.9812554628276368,0.031081656340378277,4.51,0.9870387316097466,0.016878971518169493,0.9870387316097466,0.018095168698468226,50.0,0.8542266927715771,0.1642840320487791,0.8542266927715771,0.15073801233122958,22.4,0.9777850501540695,0.029204776705669188,0.9777850501540695,0.031892429489306456,68.6,0.9838160164539584,0.021358825331155268,0.9838160164539584,0.021905753571944655
61.2,0.9626813304098571,0.047324204077439404,0.9626813304098571,0.049935782230548204,749.0,0.9905713796224876,0.01254310004477491,0.9905713796224876,0.013906114032432085,50.0,0.9721458036503752,0.0354233743932167,0.9721458036503752,0.06124082065233863,-1.6,0.9808347305418696,0.02544810268083787,0.9808347305418696,0.030714904360199358,6.4,0.9859054709028021,0.018455347598376134,0.9859054709028021,0.020163352591949714,12.0,0.8511099885842468,0.16833426280901084,0.8511099885842468,0.15157523300598597,24.7,0.9761139501892867,0.03132388183131142,0.9761139501892867,0.033401879278663726,56.1,0.9840708486406351,0.021025980637168578,0.9840708486406351,0.02276976616709692
77.3,0.9612701253695699,0.04962368176631241,0.9612701253695699,0.05507929618723839,2241.0,0.9911238871025465,0.01178119324848032,0.9911238871025465,0.013704042779187676,68.0,0.9724097760120113,0.03519448936891317,0.9724097760120113,0.06060544368380629,3.9,0.9810326644046532,0.025223391196794967,0.9810326644046532,0.031054546706256576,20.19,0.987414735822496,0.016457959305861778,0.987414735822496,0.018303257443623433,31.0,0.8506629539971683,0.16862783510387,0.8506629539971683,0.15063001695089864,26.7,0.9755614427092277,0.032062981393195536,0.9755614427092277,0.035034242283665355,67.8,0.9844468528533847,0.02060785711744451,0.9844468528533847,0.023465758993064953
83.9,0.959017854008656,0.051881749103771246,0.959017854008656,0.05576746915946424,1655.0,0.9911238871025465,0.01178119324848032,0.9911238871025465,0.01333843448824465,67.0,0.9730959312695353,0.03448773628119282,0.9730959312695353,0.05925768595256931,-4.7,0.9810326644046532,0.025223391196794967,0.9810326644046532,0.031054546706256576,21.09,0.987414735822496,0.016457959305861778,0.987414735822496,0.018303257443623433,40.0,0.854077871369308,0.16662745724491052,0.854077871369308,0.14895639788165216,34.1,0.9752215373141735,0.0324118967001443,0.9752215373141735,0.03509222043918346,65.1,0.985778047423113,0.018809215554722578,0.985778047423113,0.02161284323708469
80.8,0.9604948194665273,0.05059866231381705,0.9604948194665273,0.05480573539071968,2113.0,0.9911238871025465,0.01178119324848032,0.9911238871025465,0.01333843448824465,63.0,0.9719911197245373,0.036160894097572685,0.9719911197245373,0.058785066821375236,3.9,0.98128749659133,0.024892523123549944,0.98128749659133,0.030394226877150654,8.42,0.9883879755883223,0.015198130449034201,0.9883879755883223,0.017514617023386417,42.0,0.854077871369308,0.16662745724491052,0.854077871369308,0.14895639788165216,26.3,0.9765527318839016,0.030646724680045173,0.9765527318839016,0.03219082085408706,67.5,0.9877364937905205,0.016061796346575195,0.9877364937905205,0.018273287098650604
81.6,0.9606728898164931,0.05041725402685115,0.9606728898164931,0.05562349199518019,1430.0,0.9904483226301026,0.012624064811039252,0.9904483226301026,0.014714943133256763,67.0,0.972900073405045,0.03518992153924174,0.972900073405045,0.057337388157546125,-4.7,0.9799563020216019,0.02667447560168363,0.9799563020216019,0.033583586778291055,17.11,0.9868787106686282,0.017199463827335986,0.9868787106686282,0.01974600049636722,43.0,0.8522612987000389,0.16729240746556054,0.8522612987000389,0.1511801577970839,32.5,0.9770019133316152,0.029910577350240053,0.9770019133316152,0.03399562673901618,63.5,0.988900279657705,0.014719370238520187,0.988900279657705,0.0181219631275692
85.5,0.9613484542889372,0.04962680657856347,0.9613484542889372,0.054902763894808804,1416.0,0.9904483226301026,0.012624064811039252,0.9904483226301026,0.014714943133256763,35.0,0.9733777040147054,0.034599014665838666,0.9733777040147054,0.0555912984456252,-0.8,0.9805814069586463,0.02605642098240472,0.9805814069586463,0.03360401006990868,17.78,0.9872547148813778,0.01677864403779823,0.9872547148813778,0.020163039357706015,40.0,0.8489466606499249,0.17147848356694217,0.8489466606499249,0.16016981134545025,32.9,0.976524282721955,0.030506103723390403,0.976524282721955,0.03623968869098977,62.4,0.9893779102673653,0.014108299538372985,0.9893779102673653,0.015850525799254285
61.6,0.9604948194665274,0.05059866231381706,0.9604948194665274,0.05680281110103069,1859.0,0.9904483226301026,0.012624064811039252,0.9904483226301026,0.014714943133256763,72.0,0.9733777040147054,0.034599014665838666,0.9733777040147054,0.053890303522446774,5.5,0.9812675622161703,0.025336923092552973,0.9812675622161703,0.03466586952325635,18.73,0.9870567810185942,0.01700653844472506,0.9870567810185942,0.018922724351039817,41.0,0.8496222251223687,0.17088502362531213,0.8496222251223687,0.15696590423229131,33.3,0.9763759667222689,0.030646254652265406,0.9763759667222689,0.03489185804311053,69.4,0.9891230780806886,0.014444780069387502,0.9891230780806886,0.015702536735341086
82.4,0.9602968856037436,0.050813223945351094,0.9602968856037436,0.056348484353382106,2084.0,0.9900275903443355,0.013128817179420426,0.9900275903443355,0.015870301429191217,68.0,0.9733777040147054,0.034599014665838666,0.9733777040147054,0.0539000713704484,2.3,0.9812675622161703,0.025336923092552973,0.9812675622161703,0.03466586952325635,25.87,0.9850983346511865,0.01975014487686984,0.9850983346511865,0.02140836726360744,47.0,0.8501104465171092,0.17054326801976435,0.8501104465171092,0.16084398201112943,35.3,0.9753301294994573,0.03174763923760492,0.9753301294994573,0.0348072115926191,67.1,0.9888682458940118,0.014781085350036405,0.9888682458940118,0.01598071000279002
68.2,0.9607745162134039,0.05023818917881454,0.9607745162134039,0.055867908108347374,2350.0,0.9892522844412931,0.014163929481229388,0.9892522844412931,0.016746641739878887,27.0,0.9731549055917218,0.03486451520079239,0.9731549055917218,0.053784767178020346,-4.7,0.9820428681192128,0.024319166839787548,0.9820428681192128,0.03387227415318604,24.7,0.9850983346511865,0.01975014487686984,0.9850983346511865,0.020323069090160018,48.0,0.8418428878485983,0.18022295877895503,0.8418428878485983,0.14198679306859216,34.5,0.9751818134997712,0.03188741861859864,0.9751818134997712,0.0331269374218411,69.0,0.9892262006979137,0.014230671622206047,0.9892262006979137,0.014749572879700013
56.9,0.9627308157201764,0.04793316872413595,0.9627308157201764,0.05253114479478315,1560.0,0.9886997769612339,0.014923041101202267,0.9886997769612339,0.017328342689580445,48.0,0.9739155432725435,0.03403034837833912,0.9739155432725435,0.052948900709216026,-1.6,0.9836253102738712,0.02201095933837738,0.9836253102738712,0.031057901804643403,13.0,0.9847403798472846,0.02029621231222251,0.9847403798472846,0.021536520917067627,45.0,0.8406915777328062,0.18122881368352148,0.8406915777328062,0.14276008005703705,30.6,0.9732233671323635,0.034567249213342616,0.9732233671323635,0.037173458402012645,68.6,0.9897787081779728,0.013470760465102287,0.9897787081779728,0.014434661532443745
20.4,0.9633296183559095,0.04727530701777184,0.9633296183559095,0.052058481842888735,1137.0,0.9884449447745574,0.015259075965291313,0.9884449447745574,0.017081755670399212,33.0,0.9724540821119767,0.03573802907166207,0.9724540821119767,0.057151003620099075,0.0,0.9849565048435993,0.020215762148981704,0.9849565048435993,0.02726597769204036,3.41,0.9837671400814584,0.02154623799401939,0.9837671400814584,0.022829881769168142,42.0,0.8408696480827721,0.18110020435475618,0.8408696480827721,0.14295605079795706,17.6,0.9717141022126694,0.03650707397628032,0.9717141022126694,0.040139227669404996,60.4,0.99019944046374,0.01296628308927868,0.99019944046374,0.015334906707723986
38.8,0.9633296183559095,0.04727530701777184,0.9633296183559095,0.052058481842888735,783.0,0.9867738448097746,0.017425983771670272,0.9867738448097746,0.019384756402196772,30.0,0.9732147197927982,0.03490518500715456,0.9732147197927982,0.05500910086505472,-7.0,0.9847337064206158,0.020487862500318785,0.9847337064206158,0.029135724147005757,4.25,0.9833464077956912,0.022043695654339807,0.9833464077956912,0.02411566617629967,39.0,0.8341085773140532,0.19012235368837024,0.8341085773140532,0.14640636622320125,20.4,0.9706986323451711,0.037661274374068264,0.9706986323451711,0.042327094901900286,54.1,0.9892904867832324,0.013976096597682654,0.9892904867832324,0.015378953202399352
35.3,0.9630747861692326,0.04759395871070165,0.9630747861692326,0.053542903826583554,812.0,0.9877893146772729,0.016230571919864517,0.9877893146772729,0.017923639652408962,32.0,0.9735907240055477,0.03449721288460282,0.9735907240055477,0.05479892887998634,-3.9,0.9844788742339389,0.0208210780417475,0.9844788742339389,0.029579406220153554,4.01,0.9835244781456569,0.0218523601556224,0.9835244781456569,0.02439195369759401,32.0,0.8306375223987666,0.19331490770183618,0.8306375223987666,0.15174491882576863,20.0,0.9693854871842906,0.03921977618014611,0.9693854871842906,0.04519787684135461,56.9,0.987708044628574,0.016310879016355986,0.987708044628574,0.019352907679900597
44.3,0.9630747861692326,0.04759395871070165,0.9630747861692326,0.053542903826583554,1397.0,0.9875344824905962,0.016565952852361187,0.9875344824905962,0.01930763858338503,27.0,0.9741432314856067,0.03376106035428426,0.9741432314856067,0.05492789033273781,-3.9,0.985031381713998,0.02006858679151391,0.985031381713998,0.028164425943867633,9.84,0.9822113329847764,0.023453927972989,0.9822113329847764,0.02531793566296465,25.0,0.8294520987171814,0.1939647311658521,0.8294520987171814,0.15496077364077998,29.4,0.9684122474184644,0.04043066151032114,0.9684122474184644,0.046429504787185535,63.1,0.9881856752382342,0.015701331439637783,0.9881856752382342,0.018394779901465014
56.9,0.9627168313653306,0.04811713985985929,0.9627168313653306,0.05518184874712973,1276.0,0.9869356798548632,0.017260434492867675,0.9869356798548632,0.019643072441029683,58.0,0.9733360952339911,0.035027352997317004,0.9733360952339911,0.055716723533295216,4.7,0.9843452264564739,0.02079465189920243,0.9843452264564739,0.027905592613293697,12.24,0.982466165171453,0.02312218766414054,0.982466165171453,0.02361994876881679,35.0,0.831408398223954,0.19234326412016306,0.831408398223954,0.15401641379646255,30.2,0.9682143135556808,0.040649241609844455,0.9682143135556808,0.04600706819792685,67.1,0.9874103693351916,0.016732459800641235,0.9874103693351916,0.018768536168295418
70.6,0.961017067484476,0.049665924379940905,0.961017067484476,0.05662052579082354,1885.0,0.9871584782778466,0.016986976543170756,0.9871584782778466,0.01934075884053526,55.0,0.9731381613712076,0.03524822730858391,0.9731381613712076,0.05639385681139348,3.9,0.9845680248794573,0.020522731964803462,0.9845680248794573,0.025969446871473824,19.78,0.982466165171453,0.02312218766414054,0.982466165171453,0.02361994876881679,42.0,0.8307832932869095,0.19273670220856773,0.8307832932869095,0.15378268562141553,31.0,0.9682143135556808,0.040649241609844455,0.9682143135556808,0.04600706819792685,67.8,0.9869896370494244,0.017233879781236694,0.9869896370494244,0.01859718022353159
47.1,0.9607193921910938,0.05006550814848232,0.9607193921910938,0.05773581342794079,1427.0,0.9874133104645234,0.016651835215742854,0.9874133104645234,0.019148523008539073,20.0,0.9727174290854406,0.03573418370693602,0.9727174290854406,0.059066847164055226,0.8,0.9843452264564739,0.020794651899202068,0.9843452264564739,0.025457841600437795,9.62,0.9842465411888949,0.02058461118632541,0.9842465411888949,0.021341371772168233,41.0,0.8327835372338934,0.19207970401431654,0.8327835372338934,0.15114402041030417,28.2,0.9700337295201495,0.03842627648591949,0.9700337295201495,0.04248077949047029,66.7,0.9871875709122082,0.017006046929239307,0.9871875709122082,0.01869781341408572
46.3,0.9616298544750548,0.04882667271044081,0.9616298544750548,0.055449797403798254,812.0,0.9877893146772729,0.016230571919863792,0.9877893146772729,0.01901289445090001,33.0,0.9727174290854406,0.03573418370693602,0.9727174290854406,0.059066847164055226,-0.8,0.9839692222437244,0.021212659260595963,0.9839692222437244,0.02481004519569496,4.42,0.9839488658955127,0.021003386993164657,0.9839488658955127,0.020733033542484482,34.0,0.833093688278668,0.19188554622789464,0.833093688278668,0.15517665345369333,20.4,0.9719921758875573,0.03576345853452532,0.9719921758875573,0.037651602190134324,63.5,0.9866350634321491,0.017761949550532733,0.9866350634321491,0.019273810132870578
51.0,0.9638163654183847,0.045544052939788394,0.9638163654183847,0.05193026548282899,1047.0,0.988266945286933,0.015620934084018955,0.988266945286933,0.017279475638486932,69.0,0.9735245653370561,0.03446931870164048,0.9735245653370561,0.05616080093750984,7.0,0.9835484899579573,0.021710365570764494,0.9835484899579573,0.02679992029400016,9.62,0.9846244303679565,0.020171909157709923,0.9846244303679565,0.01977303613816151,36.0,0.8326466536915895,0.19215647878369746,0.8326466536915895,0.1542666274445527,28.6,0.9730076457550556,0.03460563408289953,0.9730076457550556,0.03668074945582677,65.9,0.9862143311463819,0.018262525442828463,0.9862143311463819,0.02061698281075982
86.3,0.9649801512855691,0.04427062483207285,0.9649801512855691,0.05132979433544574,1272.0,0.9888657479226662,0.014924494616463582,0.9888657479226662,0.01710958898623798,68.0,0.9727492594340136,0.035469821744575865,0.9727492594340136,0.05861284147290142,-2.3,0.9837712883809409,0.021438880734251195,0.9837712883809409,0.027790622053357753,16.19,0.9848472287909401,0.019899768530136294,0.9848472287909401,0.019753263427155117,42.0,0.8338320773731748,0.19149945212660655,0.8338320773731748,0.15327020501364694,32.5,0.973169480800144,0.03444533165128042,0.973169480800144,0.03650555816725991,60.4,0.9853038688624212,0.019563614105865126,0.9853038688624212,0.022664870374500868
77.3,0.9649801512855691,0.04427062483207285,0.9649801512855691,0.05057629935529991,1462.0,0.9890885463456496,0.014649960481225561,0.9890885463456496,0.016253871686860502,52.0,0.9713896157023387,0.037465515129032435,0.9713896157023387,0.061389636403917126,-7.8,0.9844468528533847,0.02060785711744451,0.9844468528533847,0.026451868730708178,14.54,0.984171664318496,0.02073162758167612,0.984171664318496,0.02017916569197388,45.0,0.8324302221406235,0.1918625965794394,0.8324302221406235,0.150894239114119,31.4,0.9726812594054034,0.03493143615858704,0.9726812594054034,0.03508843100018553,64.3,0.9855266672854045,0.019291141885464998,0.9855266672854045,0.02325400307412572
58.8,0.9647253190988925,0.04459065893572062,0.9647253190988925,0.050171875649159585,1477.0,0.9886109157359896,0.015260586821401235,0.9886109157359896,0.015717564394935185,57.0,0.9709688834165718,0.03794958279100243,0.9709688834165718,0.06406262675657887,-5.5,0.9839976714056712,0.021354070070447182,0.9839976714056712,0.027714418425833796,13.12,0.9843695981812798,0.020505168308040556,0.9843695981812798,0.020340563870867207,43.0,0.8329239781878152,0.19160989901600212,0.8329239781878152,0.14587572728916837,30.6,0.9732800620411366,0.03425816217671956,0.9732800620411366,0.034170213490333015,68.2,0.9864356209659123,0.01829016668212805,0.9864356209659123,0.022878017249024545
36.9,0.9652631583567304,0.04403295644680645,0.9652631583567304,0.049247054155804326,914.0,0.988388117313006,0.015534847552160787,0.988388117313006,0.016594040876438353,33.0,0.9715213908966308,0.0372174816094891,0.9715213908966308,0.06297098783313919,3.1,0.9832223655026285,0.022376266448284048,0.9832223655026285,0.030481971446529844,4.38,0.9836940337088359,0.02133619491934247,0.9836940337088359,0.02081406882760033,40.0,0.8336167047866112,0.19121336676499273,0.8336167047866112,0.14502053587091757,20.0,0.9724264272187269,0.035256657653409525,0.9724264272187269,0.03429836650861967,57.3,0.9874088607317384,0.017033425702541512,0.9874088607317384,0.01973398331633499
36.1,0.9665421899518178,0.042946184304188215,0.9665421899518178,0.04922006541159315,728.0,0.9872548566060615,0.017114975301537893,0.9872548566060615,0.018453314443450424,36.0,0.9721201935323638,0.03654647029319721,0.9721201935323638,0.06204141825995612,6.2,0.98277533091555,0.022807405172410665,0.98277533091555,0.030754633591214355,4.19,0.9830952310731028,0.022024992046445133,0.9830952310731028,0.02168000386924753,46.0,0.8375564477737696,0.18680279615018694,0.8375564477737696,0.13965242755534213,20.8,0.9722645921736383,0.035416693891903925,0.9722645921736383,0.03498850139132897,65.1,0.9871860623087548,0.017306944491721463,0.9871860623087548,0.01953149196413981
37.3,0.9683225659692597,0.040487547034211126,0.9683225659692597,0.047096729775742044,824.0,0.9870000244193846,0.017449941907511677,0.9870000244193846,0.01652872228199533,31.0,0.9725978241420239,0.035956731072909,0.9725978241420239,0.06193422246088066,3.1,0.9831960632013171,0.02231057419069883,0.9831960632013171,0.029615500781229254,4.44,0.9839488658955127,0.021003386993164657,0.9839488658955127,0.02171831257147608,45.0,0.8408710858238836,0.18275136483657367,0.8408710858238836,0.12684257228449441,20.4,0.9725497917156282,0.03515631468446952,0.9725497917156282,0.03650404728978557,52.9,0.9862756000247939,0.018610230857578413,0.9862756000247939,0.021493361288638765
43.1,0.9683225659692597,0.04048754703421077,0.9683225659692597,0.04836775893010263,1412.0,0.9874207567051517,0.016948608599104957,0.9874207567051517,0.015138336137835681,47.0,0.9728954994354063,0.03554750898201719,0.9728954994354063,0.06118911578225803,4.7,0.9823424283789073,0.02333023411563922,0.9823424283789073,0.03143249610418905,8.74,0.9843695981812798,0.020505168308040556,0.9843695981812798,0.021966736919454832,43.0,0.8491386444923947,0.17311166784557905,0.8491386444923947,0.15915203130573427,24.7,0.9728599427604029,0.03485725797127116,0.9728599427604029,0.036425365659677245,69.4,0.9874088607317384,0.017033425702541512,0.9874088607317384,0.020131105053528657
62.4,0.9670435343741723,0.04157978053054085,0.9670435343741723,0.04849856596394099,1395.0,0.9874207567051517,0.016948608599104957,0.9874207567051517,0.015138336137835681,59.0,0.9727174290854403,0.03573418370693601,0.9727174290854403,0.06117049253617591,0.8,0.983702072110582,0.021291330375836116,0.983702072110582,0.027852198510761185,13.75,0.9828603332615857,0.02249002650477473,0.9828603332615857,0.023410844580286666,43.0,0.8482678475436327,0.17366826663933563,0.8482678475436327,0.16034171509634224,31.0,0.9724839385476534,0.0352647645828974,0.9724839385476534,0.03634404893339099,67.1,0.9876316591547218,0.01675978171738549,0.9876316591547218,0.019202062869895585
43.9,0.9668456005113887,0.04179779305621215,0.9668456005113887,0.048094190741060215,871.0,0.9883312189891129,0.01564223842338857,0.9883312189891129,0.013030590637402481,33.0,0.9718637942630306,0.03673077138017925,0.9718637942630306,0.06264432704035687,1.6,0.9847479093333936,0.020168803558461717,0.9847479093333936,0.028016199346738595,4.34,0.9843695981812798,0.020505168308039834,0.9843695981812798,0.021703114776457165,33.67243525896414,0.8504543584869626,0.17112143010708925,0.8504543584869626,0.15871524875381332,20.8,0.9739932034673474,0.033321387619953895,0.9739932034673474,0.033368298191499945,65.9,0.9874088607317382,0.01703342570254151,0.9874088607317382,0.020212967159138576
67.8,0.9682568055516759,0.03947273301573836,0.9682568055516759,0.04296177927785102,1092.0,0.9885291528518964,0.015413767800373216,0.9885291528518964,0.012632586593547842,57.0,0.9722397984757801,0.036324109106407605,0.9722397984757801,0.06322482673154894,-3.1,0.9854035394306778,0.019202985291621223,0.9854035394306778,0.027528963720827415,10.15,0.9835624619296641,0.02179621897454764,0.9835624619296641,0.02381476042473621,16.0,0.8499606024397709,0.17139607786129324,0.8499606024397709,0.16081990878568458,28.2,0.9735440220196336,0.03405360908904626,0.9735440220196336,0.03452710815056407,58.0,0.9862450748645538,0.018371045106523577,0.9862450748645538,0.020627622840366948
18.0,0.9682568055516759,0.03947273301573836,0.9682568055516759,0.04296177927785102,1571.0,0.988306354428913,0.01568797074986468,0.988306354428913,0.012897708898695225,56.0,0.9717927638887016,0.03674378801809403,0.9717927638887016,0.06388941853381942,3.9,0.9840438956990032,0.021248403765556763,0.9840438956990032,0.03119192006439462,11.35,0.9826519996457032,0.023090443961252243,0.9826519996457032,0.027432762672039902,24.0,0.8476920050275887,0.17359891160889432,0.8476920050275887,0.16275512973248044,29.8,0.972768716116591,0.03505446430212788,0.972768716116591,0.038268017994968595,63.1,0.9858243425787867,0.018871157220620306,0.9858243425787867,0.0213429540070846
