ENGINE_LOAD,ENGINE_LOAD_entropy,ENGINE_LOAD_complexity,ENGINE_LOAD_fisher,ENGINE_RPM,ENGINE_RPM_entropy,ENGINE_RPM_complexity,ENGINE_RPM_fisher,INTAKE_MANIFOLD_PRESSURE,INTAKE_MANIFOLD_PRESSURE_entropy,INTAKE_MANIFOLD_PRESSURE_complexity,INTAKE_MANIFOLD_PRESSURE_fisher,Short Term Fuel Trim Bank 1,Short Term Fuel Trim Bank 1_entropy,Short Term Fuel Trim Bank 1_complexity,Short Term Fuel Trim Bank 1_fisher,MAF,MAF_entropy,MAF_complexity,MAF_fisher,SPEED,SPEED_entropy,SPEED_complexity,SPEED_fisher,THROTTLE_POS,THROTTLE_POS_entropy,THROTTLE_POS_complexity,THROTTLE_POS_fisher,TIMING_ADVANCE,TIMING_ADVANCE_entropy,TIMING_ADVANCE_complexity,TIMING_ADVANCE_fisher
51.0,0.9559875353656174,0.07036906581282897,0.9559875353656174,1644.0,0.9136938384906674,0.13913936989508915,0.9136938384906674,49.0,0.9303036865531426,0.11491081087141351,0.9303036865531426,-3.1,0.950161588198098,0.0834290936286263,0.950161588198098,12.6,0.9532201442750996,0.07989413910315828,0.9532201442750996,48.0,0.6919181855485081,0.278608519032336,0.6919181855485081,30.2,0.9175578124289795,0.11960245896470266,0.9175578124289795,69.4,0.9307775942323365,0.10618777292963034,0.9307775942323365
60.0,0.9562009776111944,0.07009947942787553,0.9562009776111944,1600.0,0.913565628869895,0.13922426204405836,0.913565628869895,40.0,0.9303036865531426,0.11491081087141351,0.9303036865531426,-3.1,0.9500507268239636,0.08358228383166509,0.9500507268239636,13.91,0.953443264315562,0.07950266849782112,0.953443264315562,48.0,0.6925791896994274,0.27872988975638247,0.6925791896994274,31.0,0.9174502223225224,0.11977405164157683,0.9174502223225224,68.2,0.9307775942323365,0.10618777292963034,0.9307775942323365
13.7,0.9561018488104427,0.07031979487871061,0.9561018488104427,1605.0,0.9134785085881735,0.13929907070557218,0.9134785085881735,20.0,0.929955744468369,0.11543068640087176,0.929955744468369,0.0,0.950003925053863,0.08362972402794708,0.950003925053863,3.76,0.9532704240119704,0.07986657699009504,0.9532704240119704,35.0,0.6924371018874701,0.2787275879978296,0.6924371018874701,21.6,0.9175239338253627,0.11963794043228994,0.9175239338253627,74.9,0.9309588958416337,0.10587223851482547,0.9309588958416337
21.2,0.9562746891140347,0.06995299397643542,0.9562746891140347,1120.0,0.9135475515311425,0.13921601301398484,0.9135475515311425,53.0,0.929955744468369,0.11543068640087176,0.929955744468369,-5.5,0.9502355064000307,0.08316384641799962,0.9502355064000307,3.58,0.9532013810690012,0.07995844095879748,0.9532013810690012,36.0,0.6923217534672667,0.2787467432505,0.6923217534672667,18.8,0.9175239338253627,0.11963794043228994,0.9175239338253627,57.3,0.9310372759043448,0.10576471122199305,0.9310372759043448
58.0,0.9564475294176265,0.06958605588523507,0.9564475294176265,1257.0,0.9137873799992063,0.13892313366459572,0.9137873799992063,34.0,0.9303280254818489,0.1148868767477906,0.9303280254818489,3.1,0.9500170549194393,0.08349985212031984,0.9500170549194393,10.12,0.9532013810690012,0.07995844095879748,0.9532013810690012,40.0,0.6923650718179766,0.27873120365544407,0.6923650718179766,24.7,0.9175239338253627,0.11963794043228994,0.9175239338253627,64.7,0.9309682329613759,0.10585223890473283,0.9309682329613759
40.4,0.9566288310269235,0.06925375745546997,0.9566288310269235,1396.0,0.9142574774813284,0.13841194534951953,0.9142574774813284,34.0,0.9300683438098405,0.11530702485303898,0.9300683438098405,3.1,0.9497573732474309,0.0839388174691294,0.9497573732474309,8.09,0.9532013810690012,0.07995844095879748,0.9532013810690012,46.0,0.6924433453604893,0.27872171242807653,0.6924433453604893,26.7,0.9171397060546909,0.12043759999093614,0.9171397060546909,69.4,0.9309193838974947,0.10592809775093784,0.9309193838974947
38.0,0.9566653926584693,0.06920281349431831,0.9566653926584693,1582.0,0.9142757224050218,0.1383984824778522,0.9142757224050218,31.0,0.9300215420397397,0.1153516957084877,0.9300215420397397,-2.3,0.9497573732474308,0.08393881746912939,0.9497573732474308,8.99,0.953127669566161,0.08010364715228596,0.953127669566161,52.0,0.6915472290310436,0.2786672037211548,0.6915472290310436,27.5,0.9169680822402793,0.12062534003851741,0.9169680822402793,72.2,0.9306302078032042,0.10624347409682301,0.9306302078032042
36.5,0.9566653926584693,0.06920281349431831,0.9566653926584693,1750.0,0.9139343189105861,0.13857345646152422,0.9139343189105861,31.0,0.929611292585708,0.11573638332381558,0.929611292585708,3.1,0.9495714030782626,0.08423325613969608,0.9495714030782626,9.41,0.952995217020745,0.08035334846191867,0.952995217020745,55.0,0.6915472290310436,0.2786672037211548,0.6915472290310436,27.8,0.9163169972737402,0.12107331602337244,0.9163169972737402,72.9,0.9302731612986511,0.10639485333894631,0.9302731612986511
34.9,0.9566653926584693,0.06920281349431831,0.9566653926584693,1863.0,0.9137081877312537,0.13866284301393605,0.9137081877312537,32.0,0.9297872442848474,0.11562080670160689,0.9297872442848474,3.1,0.9493529515976713,0.08456875420290091,0.9493529515976713,9.7,0.9531549274587607,0.08012000032178583,0.9531549274587607,57.0,0.6908970986041988,0.278543758343493,0.6908970986041988,28.2,0.9161878338166584,0.12110223639757657,0.9161878338166584,73.3,0.9302731612986511,0.10639485333894631,0.9302731612986511
40.8,0.9570398663519807,0.06894640935914388,0.9570398663519807,1910.0,0.913393988592689,0.13880824303141218,0.913393988592689,20.0,0.9302744630860436,0.11520321303402008,0.9302744630860436,0.8,0.9492204990522551,0.08481675515238007,0.9492204990522551,11.42,0.9530567307686528,0.08020818563572019,0.9530567307686528,58.0,0.6899001529921192,0.27854513199859043,0.6899001529921192,29.8,0.9160464838170658,0.12113414058323901,0.9160464838170658,72.2,0.9309682329613758,0.10585223890473282,0.9309682329613758
19.2,0.9575320460535768,0.06853371264580976,0.9575320460535768,1861.0,0.913393988592689,0.1388082430314128,0.913393988592689,19.0,0.9309539198531225,0.11430032236354018,0.9309539198531225,0.0,0.9493802094902707,0.08458518899329642,0.9493802094902707,5.32,0.9532233712441291,0.0799895331029808,0.9532233712441291,47.0,0.6901100444325021,0.27847090839545136,0.6901100444325021,23.1,0.916395726233873,0.12079099047409686,0.916395726233873,63.1,0.9315311307089739,0.10549323857952668,0.9315311307089739
17.6,0.958107599276463,0.06797978402711594,0.958107599276463,1584.0,0.9134894702522982,0.13874572014465847,0.9134894702522982,35.0,0.931172371333714,0.11397906322200399,0.931172371333714,4.7,0.9496723724737024,0.08410538315174479,0.9496723724737024,4.39,0.9531616682603192,0.08006591053863367,0.9531616682603192,49.0,0.6909315890115385,0.27801510064166723,0.6909315890115385,22.0,0.9163539078027076,0.12084875032918198,0.9163539078027076,62.7,0.9314391813710396,0.10556696320400412,0.9314391813710396
42.4,0.9583230888158206,0.0676773422273093,0.9583230888158206,1637.0,0.9136303677224531,0.1386541495166528,0.9136303677224531,50.0,0.9312749522051567,0.11387346352179152,0.9312749522051567,-1.6,0.9495986609708622,0.08424968396377952,0.9495986609708622,10.3,0.9531616682603192,0.08006591053863367,0.9531616682603192,50.0,0.6921564415969458,0.2765950618039352,0.6921564415969458,28.6,0.9162547790019558,0.12105377497759398,0.9162547790019558,71.8,0.9316693686207657,0.10532359262594568,0.9316693686207657
65.5,0.9583230888158206,0.0676773422273093,0.9583230888158206,1647.0,0.9129435301307023,0.13978650538984738,0.9129435301307023,53.0,0.9314973765343004,0.1136916756205128,0.9314973765343004,-8.6,0.9499200456266804,0.08373505113639286,0.9499200456266804,16.06,0.953034439133727,0.08025776242325827,0.953034439133727,50.0,0.6920120756751337,0.27663480058081785,0.6920120756751337,31.8,0.9162129605707904,0.12111151225904429,0.9162129605707904,67.8,0.9316693686207657,0.10532359262594443,0.9316693686207657
57.3,0.9581321094116378,0.06792547576600927,0.9581321094116378,1688.0,0.9123910940397619,0.14057549098867841,0.9123910940397619,48.0,0.9313482155612832,0.11386347003468945,0.9313482155612832,-3.9,0.9501013472359776,0.08340790123988623,0.9501013472359776,14.29,0.9530344391337268,0.08025776242325824,0.9530344391337268,51.0,0.6913073830300169,0.27651894355856227,0.6913073830300169,31.0,0.9159532788987822,0.12152253907487928,0.9159532788987822,69.0,0.9318506702300628,0.10500754817809002,0.9318506702300628
56.5,0.9580955477800922,0.06797655468110607,0.9580955477800922,1711.0,0.9113837148847379,0.14184979150176685,0.9113837148847379,47.0,0.9310739849793499,0.11424558703655296,0.9310739849793499,-1.6,0.9500276357331375,0.08355232724788896,0.9500276357331375,14.47,0.9530931801763028,0.08015323329071716,0.9530931801763028,53.0,0.6913073830300169,0.27651894355856227,0.6913073830300169,31.0,0.915874898836071,0.12162668481409497,0.915874898836071,69.0,0.9320065879222441,0.10484279735157043,0.9320065879222441
18.0,0.958017167717381,0.06809080888158167,0.958017167717381,1692.0,0.9111117092038464,0.14213387964178112,0.9111117092038464,20.0,0.9315526222914612,0.11382975117607023,0.9315526222914612,0.0,0.9503486680851715,0.08310473682454703,0.9503486680851715,4.63,0.9536371183849902,0.07906846226456751,0.9536371183849902,34.0,0.6915424952085433,0.2764513670650025,0.6915424952085433,22.0,0.9158330804049056,0.1216843674153445,0.9158330804049056,76.5,0.932601017249501,0.10443550028044576,0.932601017249501
19.2,0.958017167717381,0.06809080888158167,0.958017167717381,956.0,0.9109792566584304,0.1423625502993403,0.9109792566584304,36.0,0.9316233916338622,0.11379783931109717,0.9316233916338622,3.1,0.9493963681308297,0.08448744744272461,0.9493963681308297,2.88,0.9536595812263845,0.07904618475593911,0.9536595812263845,9.0,0.6915059335769974,0.27647548816945416,0.6915059335769974,19.6,0.9156492026111114,0.12176641969213735,0.9156492026111114,63.1,0.9328129595755336,0.10420599804426608,0.9328129595755336
40.4,0.9579289073046159,0.06819855700066035,0.9579289073046159,792.0,0.910763767119073,0.14263083783405975,0.910763767119073,32.0,0.9315107922923906,0.11392193669251033,0.9315107922923906,2.3,0.9486425384817595,0.08576347732835181,0.9486425384817595,4.52,0.9535347591820734,0.07920275219253355,0.9535347591820734,0.0,0.6912635608251914,0.2765699073678427,0.6912635608251914,20.4,0.9153138572851166,0.12210062152402744,0.9153138572851166,52.9,0.9324915749197153,0.10470327689794515,0.9324915749197153
35.7,0.957928907304616,0.06819855700066035,0.957928907304616,813.0,0.9102113310281328,0.14341580869668316,0.9102113310281328,32.0,0.9316216536665252,0.11377573082200192,0.9316216536665252,3.9,0.9485442738664037,0.08588888957256242,0.9485442738664037,4.08,0.9532425961986419,0.07968622228033449,0.9532425961986419,0.0,0.6910428471995728,0.2766259665564537,0.6910428471995728,20.0,0.9148807804505638,0.12297052742006628,0.9148807804505638,55.3,0.932231893247707,0.10512738730941985,0.932231893247707
36.5,0.9579654689361619,0.06814749634498479,0.9579654689361619,795.0,0.9103867117226195,0.14324729257501906,0.9103867117226195,34.0,0.9316833566503352,0.1137035489113737,0.9316833566503352,3.9,0.9485931229302849,0.08581035407055915,0.9485931229302849,4.26,0.9536581955628315,0.07907072180249075,0.9536581955628315,0.0,0.6909645736570601,0.2766355483842618,0.6909645736570601,20.4,0.9150404908885793,0.12275504948827298,0.9150404908885793,55.7,0.932231893247707,0.10512738730941985,0.932231893247707
37.3,0.9581564483403444,0.0678994549249934,0.9581564483403444,788.0,0.9105803373407997,0.14306540830447653,0.9105803373407997,33.0,0.9319819261609747,0.11329694945454896,0.9319819261609747,3.9,0.948537343828943,0.0858741763564826,0.948537343828943,4.11,0.9539608053839106,0.07868753803147135,0.9539608053839106,0.0,0.6916838588136542,0.27674928205622473,0.6916838588136542,20.4,0.9151430717600219,0.12265270172667765,0.9151430717600219,57.3,0.932231893247707,0.10512738730941985,0.932231893247707
39.2,0.9580780682776332,0.06801372340250406,0.9580780682776332,790.0,0.91143507007132,0.14214817325829265,0.91143507007132,36.0,0.9318418431144536,0.1134761928169948,0.9318418431144536,-1.6,0.948537343828943,0.0858741763564826,0.948537343828943,4.14,0.954110213921533,0.07844094915419542,0.954110213921533,0.0,0.6905949717786616,0.276825478292354,0.6905949717786616,20.4,0.9148220394079878,0.12306771186283484,0.9148220394079878,57.6,0.932231893247707,0.10512738730941985,0.932231893247707
43.9,0.9579351688945698,0.06816550182384254,0.9579351688945698,920.0,0.9115376509427625,0.14204852004521815,0.9115376509427625,45.0,0.9321624894087726,0.1132020442799166,0.9321624894087726,2.3,0.9483972607824219,0.08606125387123476,0.9483972607824219,6.63,0.954357887074511,0.07806721211705656,0.954357887074511,6.0,0.6893723638092384,0.27703511815191156,0.6893723638092384,26.3,0.9141986539133306,0.1234571740651419,0.9141986539133306,54.1,0.9326495804531636,0.10491579186296038,0.9326495804531636
51.0,0.9581823863334673,0.06801841308191756,0.9581823863334673,1443.0,0.9110034597755157,0.14282135192602113,0.9110034597755157,40.0,0.9321624894087726,0.1132020442799166,0.9321624894087726,2.3,0.9484461098463031,0.08598274078979085,0.9484461098463031,11.28,0.9546214602268568,0.07778362883739846,0.9546214602268568,17.0,0.6878967177164405,0.27758949286509893,0.6878967177164405,29.4,0.9140481146631424,0.12348990398714013,0.9140481146631424,59.2,0.9334568017981278,0.10413371991391637,0.9334568017981278
18.4,0.9588752331090024,0.06721653593945168,0.9588752331090024,2464.0,0.9102478558457473,0.14353638150252993,0.9102478558457473,47.0,0.9318882588268392,0.11358474865386789,0.9318882588268392,-1.6,0.9483723983434629,0.08612669248411531,0.9483723983434629,6.49,0.9546723565845183,0.07772818141259198,0.9546723565845183,23.0,0.6869637523777711,0.277544537636615,0.6869637523777711,24.7,0.9141700177435602,0.1234008064451944,0.9141700177435602,64.7,0.9339990370232728,0.10377668760028226,0.9339990370232728
62.0,0.9593005126968354,0.06686509904576737,0.9593005126968354,2054.0,0.9102124405086546,0.14356148838458258,0.9102124405086546,50.0,0.9318192158838702,0.11367179129478508,0.9318192158838702,-6.2,0.9486645613268946,0.0856479259952265,0.9486645613268946,19.02,0.9545057161090422,0.07794760358375687,0.9545057161090422,32.0,0.6860587566537635,0.27748322102579603,0.6860587566537635,32.9,0.9140793502485137,0.12353162277681459,0.9140793502485137,68.2,0.9339781815139574,0.10379521846666953,0.9339781815139574
59.2,0.9595275242176353,0.06662796132124853,0.9595275242176353,2787.0,0.9104243828346872,0.14334775835090302,0.9104243828346872,46.0,0.9323339440488116,0.11287695468082445,0.9323339440488116,-2.3,0.9487203404282364,0.08558408049258812,0.9487203404282364,24.92,0.9544623977583322,0.07798953173633089,0.9544623977583322,39.0,0.684732000766168,0.2778049102913386,0.684732000766168,34.5,0.9140527928195583,0.12355862343820997,0.9140527928195583,71.0,0.933611326983299,0.10397064464462286,0.933611326983299
52.9,0.9596157846304004,0.06651986798342484,0.9596157846304004,3349.0,0.910859445201182,0.14277713142858733,0.910859445201182,56.0,0.932549433588169,0.1125938578247323,0.932549433588169,3.1,0.949018909938876,0.08515987839393575,0.949018909938876,13.56,0.9545605944484401,0.07790096375374495,0.9545605944484401,42.0,0.6834040034767226,0.27812284334526277,0.6834040034767226,29.8,0.9142194332950347,0.12335799319243185,0.9142194332950347,71.0,0.9332907988311431,0.1041078449183357,0.9332907988311431
63.1,0.9595081945239434,0.06670653591639565,0.9595081945239434,2144.0,0.911376092136474,0.14215180228236032,0.911376092136474,50.0,0.9332401134522498,0.11168079438617072,0.9332401134522498,-4.7,0.9492726706960739,0.08485939998774034,0.9492726706960739,19.98,0.9549816511353221,0.07748118133896054,0.9549816511353221,47.0,0.6821738988463881,0.27831510396027326,0.6821738988463881,33.3,0.9147798275251537,0.12287205932599989,0.9147798275251537,68.6,0.9335042410767201,0.10385312855325242,0.9335042410767201
59.6,0.9596157846304004,0.06651986798342356,0.9596157846304004,2378.0,0.911738599512139,0.1418117537064937,0.911738599512139,51.0,0.9337467299157369,0.1111219994057751,0.9337467299157369,0.0,0.9497010136170482,0.0843239217163975,0.9497010136170482,21.59,0.9552439424447803,0.07713390960413755,0.9552439424447803,51.0,0.6813373071451053,0.27821653116584927,0.6813373071451053,33.7,0.9153140186924005,0.12208368353171169,0.9153140186924005,70.6,0.9336314702033125,0.10366886724975992,0.9336314702033125
74.1,0.9596157846304004,0.06651986798342356,0.9596157846304004,2586.0,0.9120412093332179,0.14146848819524735,0.9120412093332179,20.0,0.9349715825011443,0.10868381258665863,0.9349715825011443,1.6,0.949737575248594,0.08427396531968054,0.949737575248594,28.96,0.9554252440540774,0.07680349502619502,0.9554252440540774,56.0,0.680426130490932,0.27814665129990424,0.680426130490932,35.7,0.9153628677562817,0.1220101464132573,0.9153628677562817,69.0,0.933791180641328,0.10344480098041516,0.933791180641328
46.7,0.9598473659765683,0.06604473842780637,0.9598473659765683,1866.0,0.9121403381339697,0.1412667458699365,0.9121403381339697,46.0,0.9352458130830775,0.10829818408635791,0.9352458130830775,0.0,0.9498869837862164,0.08402945611610811,0.9498869837862164,16.17,0.9553345765590309,0.0769457183281742,0.9553345765590309,58.0,0.6794845115392446,0.2780901705621536,0.6794845115392446,31.8,0.9156839001083157,0.12159446907137562,0.9156839001083157,74.1,0.9341166673694238,0.10272266480467725,0.9341166673694238
19.6,0.9601193716574596,0.06571947280011042,0.9601193716574596,1876.0,0.9111361991741808,0.14343896538754553,0.9111361991741808,20.0,0.9355712998111734,0.10757650023654598,0.9355712998111734,0.0,0.9497887191708607,0.08415523557125903,0.9497887191708607,5.3,0.9553053548866444,0.07698075393162729,0.9553053548866444,51.0,0.680264986184175,0.2782078377796893,0.680264986184175,23.5,0.9163118440471274,0.12120216159473095,0.9163118440471274,73.7,0.9345371808259939,0.10201210728029567,0.9345371808259939
59.2,0.960510663441643,0.06500601528778858,0.960510663441643,1683.0,0.9109764887361651,0.1436497148895381,0.9109764887361651,66.0,0.9351382229766206,0.10847492104081191,0.9351382229766206,7.0,0.9496778577967264,0.08430827325259953,0.9496778577967264,16.07,0.9553486732373542,0.07693873675858463,0.9553486732373542,53.0,0.682153744369182,0.2769574163444971,0.682153744369182,32.5,0.9170846380794071,0.12058069680936528,0.9170846380794071,69.4,0.9348594296672081,0.10142258038975432,0.9348594296672081
83.1,0.9604688450104777,0.06506950308502361,0.9604688450104777,1766.0,0.9112302494933631,0.1433794346148196,0.9112302494933631,68.0,0.9345650630955467,0.10955291829882613,0.9345650630955467,2.3,0.9497579758267746,0.08421892594666425,0.9497579758267746,21.72,0.9554393407324007,0.07679651048010208,0.9554393407324007,53.0,0.6836368551505946,0.27641883173384113,0.6836368551505946,34.1,0.9170846380794071,0.12058069680936528,0.9170846380794071,65.5,0.9359184262374282,0.10005129082490163,0.9359184262374282
82.7,0.960229016542414,0.06539942475719437,0.960229016542414,1788.0,0.9118045518138342,0.14296418619086892,0.9118045518138342,52.0,0.9347463647048438,0.10923658502933352,0.9347463647048438,0.0,0.9494365911709564,0.08473329753487356,0.9494365911709564,18.73,0.955517720795112,0.07668330788586689,0.955517720795112,53.0,0.6843503128456372,0.27654259436968154,0.6843503128456372,32.9,0.9167924750959755,0.12103060536393936,0.9167924750959755,65.9,0.9360743439296093,0.09988484221428802,0.9360743439296093
60.4,0.9601599735994448,0.0654930837276813,0.9601599735994448,1860.0,0.9121187509523989,0.14282063749729876,0.9121187509523989,53.0,0.9353883440118631,0.10850659933831941,0.9353883440118631,-3.1,0.9494365911709565,0.08473329753487105,0.9494365911709565,17.03,0.955517720795112,0.07668330788586689,0.955517720795112,58.0,0.6843503128456372,0.27654259436968154,0.6843503128456372,32.2,0.917522383473831,0.1191925086863878,0.917522383473831,68.6,0.9361360469134192,0.09981132783150125,0.9361360469134192
60.8,0.9600002631614294,0.06573077673335936,0.9600002631614294,1949.0,0.9118399671509271,0.14293899267110455,0.9118399671509271,69.0,0.9356114640523256,0.10812998146592939,0.9356114640523256,-2.3,0.9492965081244353,0.08492074479776987,0.9492965081244353,20.82,0.9556671293327343,0.07643596304505025,0.9556671293327343,63.0,0.6843503128456372,0.27654259436968154,0.6843503128456372,34.1,0.9178811939465911,0.11857434499310757,0.9178811939465911,68.6,0.9355664404090798,0.10066130152408971,0.9355664404090798
81.2,0.9597847736220719,0.06603423812772712,0.9597847736220719,2123.0,0.9113765262045903,0.14321542791862713,0.9113765262045903,65.0,0.9353883440118631,0.10850659933832066,0.9353883440118631,-3.1,0.9490043451410037,0.08540008925092811,0.9490043451410037,25.65,0.9553749663493026,0.07692146892520174,0.9553749663493026,68.0,0.6843503128456372,0.27654259436968154,0.6843503128456372,35.3,0.9176007635365421,0.1190879302719725,0.9176007635365421,67.5,0.9356354833520488,0.10057288112460015,0.9356354833520488
79.6,0.9598435146646478,0.06592802832238466,0.9598435146646478,2285.0,0.91061471481591,0.14393181836939437,0.91061471481591,62.0,0.9348359079209229,0.10933757826439662,0.9348359079209229,-3.9,0.9488549366033813,0.0856441308552431,0.9488549366033813,27.13,0.955091819530529,0.07728848464326708,0.955091819530529,73.0,0.6831939197181428,0.27666069549565026,0.6831939197181428,35.7,0.9174291397221305,0.11927603980856781,0.9174291397221305,68.2,0.9355866342881677,0.10064945148140908,0.9355866342881677
71.4,0.9597452500492921,0.06605716075094903,0.9597452500492921,2461.0,0.9101065069813008,0.14424680532578948,0.9101065069813008,58.0,0.9343211797559813,0.11013683195898676,0.9343211797559813,2.3,0.9487812251005412,0.08578817666931883,0.9487812251005412,26.53,0.9549842294240721,0.0774729888955962,0.9549842294240721,77.0,0.6820362956648262,0.27677638916111025,0.6820362956648262,34.9,0.916761765132685,0.12041285234854471,0.916761765132685,69.8,0.9357138634147601,0.10046428045926106,0.9357138634147601
68.6,0.9596426691778495,0.0661718554949169,0.9596426691778495,2595.0,0.909680605502148,0.14446825728762983,0.909680605502148,19.0,0.9340271425337355,0.11034069110596127,0.9340271425337355,-3.9,0.9477770861407523,0.08811872621058985,0.9477770861407523,26.64,0.9549842294240721,0.0774729888955962,0.9549842294240721,75.0,0.6819818532542959,0.2767832789569306,0.6819818532542959,34.9,0.9165433136520936,0.12072677128613597,0.9165433136520936,69.8,0.9356720449835947,0.10052439641457048,0.9356720449835947
20.0,0.9592173895900165,0.0665237461596476,0.9592173895900165,2317.0,0.9096988504258416,0.14445501100359287,0.9096988504258416,20.0,0.9338415584222826,0.11047069240540815,0.9338415584222826,0.0,0.947120889265737,0.089904141214625,0.947120889265737,6.84,0.95521581077024,0.07700296340571647,0.95521581077024,63.0,0.6823273889242255,0.2766615311011037,0.6823273889242255,25.5,0.9162690830701602,0.12109968412915971,0.9162690830701602,63.5,0.9354586027380176,0.10078057393168785,0.9354586027380176
40.0,0.9589903780692163,0.06676082169047659,0.9589903780692163,2114.0,0.9092637880593466,0.14502393411607764,0.9092637880593466,80.0,0.9338707800946692,0.1104375989487965,0.9338707800946692,6.2,0.9467003758091669,0.09063087489383795,0.9467003758091669,16.74,0.9553971123795371,0.07667253456493427,0.9553971123795371,67.0,0.6821414187550573,0.2768094485024295,0.6821414187550573,32.5,0.9159337377441654,0.12143441668352865,0.9159337377441654,72.9,0.9354586027380176,0.10078057393168785,0.9354586027380176
100.0,0.9590520810530262,0.06668305796045311,0.9590520810530262,2261.0,0.9092443250570413,0.1450388654285264,0.9092443250570413,81.0,0.9338239783245685,0.11048274382724273,0.9338239783245685,2.3,0.946700375809167,0.09063087489383734,0.946700375809167,35.29,0.9553971123795371,0.07667253456493427,0.9553971123795371,71.0,0.6818200340992392,0.2770688842165205,0.6818200340992392,38.4,0.9161150393534626,0.12112759632146773,0.9161150393534626,67.1,0.9358174132107777,0.10014146400378066,0.9358174132107777
91.0,0.9590520810530262,0.06668305796045311,0.9590520810530262,2383.0,0.9096793874235363,0.1444699646025683,0.9096793874235363,21.0,0.9335763051715904,0.11083895855592739,0.9335763051715904,-3.9,0.9472735356902408,0.08952569933742628,0.9472735356902408,10.03,0.9553971123795371,0.07667253456493427,0.9553971123795371,61.0,0.6821422829404534,0.27674400614539746,0.6821422829404534,26.3,0.9164372881946768,0.12055781103264904,0.9164372881946768,65.5,0.9359987148200748,0.09982282666504129,0.9359987148200748
19.6,0.9591503456683819,0.06655409268938617,0.9591503456683819,2018.0,0.9098118399689523,0.1442419861411124,0.9098118399689523,66.0,0.9337622753407586,0.11055533897402987,0.9337622753407586,-0.8,0.9473718003055964,0.08940085620313865,0.9473718003055964,6.12,0.9554480087371986,0.07661697616317738,0.9554480087371986,68.0,0.6826537398377174,0.27617392462846074,0.6826537398377174,29.8,0.9165315029030484,0.12046933259837794,0.9165315029030484,63.1,0.9363575252928349,0.09918293610694706,0.9363575252928349
77.6,0.9592775747949743,0.0663590549709397,0.9592775747949743,2326.0,0.9100922703790011,0.14374113265007107,0.9100922703790011,20.0,0.9347907532292536,0.10826187257286203,0.9347907532292536,1.6,0.9475118833521176,0.08921450224926225,0.9475118833521176,27.08,0.9556956818901766,0.07624218536326466,0.9556956818901766,72.0,0.6834912383220301,0.27493342287337197,0.6834912383220301,35.3,0.9167630842492162,0.12003063666920458,0.9167630842492162,68.2,0.9362302961662425,0.09936842741522298,0.9362302961662425
19.2,0.9591869072999277,0.06650289761106729,0.9591869072999277,2226.0,0.9105636801932327,0.14302136027245851,0.9105636801932327,21.0,0.935495835744698,0.10705979052590989,0.935495835744698,0.0,0.947602550847164,0.08907473750631563,0.947602550847164,6.49,0.9558881612139039,0.07601700097424109,0.9558881612139039,33.67243525896414,0.684002695219294,0.27436004044261963,0.684002695219294,24.7,0.9167630842492162,0.12003063666920458,0.9167630842492162,63.5,0.9363627487116586,0.09912620476116794,0.9363627487116586
19.6,0.959368208909225,0.06616898941048718,0.959368208909225,1849.0,0.9108060529450389,0.14280734203328613,0.9108060529450389,19.0,0.9360397739533852,0.10601238588097384,0.9360397739533852,0.0,0.9473870613078066,0.08936858687999368,0.9473870613078066,11.256157120272407,0.9561773373081945,0.07568215556665331,0.9561773373081945,50.0,0.685234030775451,0.27415788615846926,0.685234030775451,23.1,0.916898146432082,0.11988942185660456,0.916898146432082,62.7,0.9368774768766,0.09831888813815266,0.9368774768766
18.0,0.9599207176236504,0.06562159886982448,0.9599207176236504,1623.0,0.9112319544241916,0.14258467234174638,0.9112319544241916,19.0,0.9365493007149885,0.1055204167936111,0.9365493007149885,0.0,0.947336164950145,0.08942292230486197,0.947336164950145,4.3,0.9563586389174915,0.07535111433150543,0.9563586389174915,42.0,0.6865632642065372,0.2738289495863521,0.6865632642065372,22.0,0.9165995769214423,0.12028610711803024,0.9165995769214423,63.1,0.9374980921644562,0.09784768180161046,0.9374980921644562
18.8,0.9603744542296296,0.06522110321195958,0.9603744542296296,1367.0,0.9114560349458469,0.14250631044434364,0.9114560349458469,20.0,0.9378380646657343,0.10303527573606372,0.9378380646657343,3.9,0.9469748140864902,0.0899028702580213,0.9469748140864902,3.87,0.9563077425598299,0.07540680083247259,0.9563077425598299,29.0,0.6872683467219813,0.2731670561200997,0.6872683467219813,20.8,0.9161664118179157,0.12059695902100967,0.9161664118179157,60.4,0.9380024433887232,0.09752635986447389,0.9380024433887232
18.4,0.9609692631372828,0.0645731183585379,0.9609692631372828,938.0,0.911191701094934,0.14271359856120816,0.911191701094934,28.0,0.9380236487771872,0.10290305933884344,0.9380236487771872,13.3,0.9465589713016195,0.09020623451767852,0.9465589713016195,2.11,0.9563077425598299,0.07540680083247259,0.9563077425598299,22.0,0.687480289048014,0.2730646620860238,0.687480289048014,18.0,0.9158381681023093,0.12078919934922695,0.9158381681023093,67.8,0.9382158856343001,0.09726862049500533,0.9382158856343001
41.6,0.961555085130843,0.06366258127221458,0.961555085130843,779.0,0.9110386447487316,0.1428101717483567,0.9110386447487316,36.0,0.9378029351515688,0.1030747623023737,0.9378029351515688,0.0,0.9468332018835528,0.08980968982975736,0.9468332018835528,3.77,0.9565270126096792,0.07523709029170099,0.9565270126096792,10.0,0.6872445664625375,0.27307523150952867,0.6872445664625375,20.0,0.9160081488052914,0.12071517576325161,0.9160081488052914,58.4,0.9384083649580273,0.09705243447692131,0.9384083649580273
47.1,0.9619030272156164,0.06310342857015422,0.9619030272156164,696.0,0.9109603712062189,0.1428518437211711,0.9109603712062189,20.0,0.9374549930667954,0.10360391179906366,0.9374549930667954,3.9,0.9470730303516166,0.08949101155018996,0.9470730303516166,6.92,0.9569748880305903,0.07474740970459014,0.9569748880305903,8.0,0.6872445664625375,0.27307523150952867,0.6872445664625375,27.5,0.9166272840779862,0.12012879718955151,0.9166272840779862,55.3,0.938320104545262,0.09715499356425714,0.938320104545262
14.9,0.9620889973847846,0.06280065608339044,0.9620889973847846,900.0,0.9111056368060511,0.14276480726278762,0.9111056368060511,50.0,0.9374061440029142,0.10368049353005103,0.9374061440029142,0.0,0.947526337641805,0.0888521739988186,0.947526337641805,4.26,0.9573622421316853,0.07434397627314739,0.9573622421316853,13.0,0.6873754311774933,0.27307790371375334,0.6873754311774933,22.0,0.9173122453378274,0.11940798922400851,0.9173122453378274,62.4,0.9384327038867335,0.09702777651136414,0.9384327038867335
56.5,0.9622318967678481,0.06264733478224654,0.9622318967678481,1557.0,0.9113020115029633,0.14263158810886542,0.9113020115029633,60.0,0.9374479624340795,0.1036203903243059,0.9374479624340795,-3.1,0.947526337641805,0.0888521739988186,0.947526337641805,13.0,0.957413138489347,0.07428816302249854,0.957413138489347,22.0,0.6879094293102549,0.27292058757450294,0.6879094293102549,29.8,0.9174480455090575,0.11930962206679072,0.9174480455090575,74.1,0.9384327038867335,0.09702777651136414,0.9384327038867335
72.5,0.962293599751658,0.06256901545142049,0.962293599751658,2053.0,0.9112350194456439,0.14267697669075294,0.9112350194456439,63.0,0.9374479624340795,0.1036203903243059,0.9374479624340795,1.6,0.9475263376418053,0.08885217399881862,0.9475263376418053,11.256157120272407,0.9573642894254657,0.074368098467111,0.9573642894254657,28.0,0.6880736260935951,0.2729178133225253,0.6880736260935951,34.1,0.9178035174996813,0.11907340728738322,0.9178035174996813,67.8,0.9382142524061422,0.09735590247613163,0.9382142524061422
80.8,0.9623842672467045,0.062424295662016,0.9623842672467045,1458.0,0.9112155564433385,0.14269200394795675,0.9112155564433385,67.0,0.9373981784938565,0.10364882336115162,0.9373981784938565,-10.9,0.9477781128670609,0.08825704142278534,0.9477781128670609,17.63,0.9572318368800498,0.0746198021130741,0.9572318368800498,36.0,0.6874000182976051,0.27279511953317975,0.6874000182976051,32.9,0.9179987797791548,0.11891218856314209,0.9179987797791548,63.5,0.9383808928816185,0.09714414046074343,0.9383808928816185
82.7,0.9620229163830496,0.06292308299382118,0.9620229163830496,1915.0,0.9115181662644175,0.14234928163121033,0.9115181662644175,65.0,0.9371890191235706,0.10382646406970251,0.9371890191235706,-7.8,0.9475626233277035,0.08855113866976105,0.9475626233277035,23.5,0.9570721264420342,0.07485518081144589,0.9570721264420342,45.0,0.6867602338047774,0.2726690175485698,0.6867602338047774,34.5,0.9179779242698394,0.11892997803040296,0.9179779242698394,66.3,0.9383808928816185,0.09714414046074343,0.9383808928816185
79.6,0.9619904350716264,0.06296561827478264,0.9619904350716264,2292.0,0.9122799776530979,0.14163061968571644,0.9122799776530979,58.0,0.9371302780809947,0.10392759876953189,0.9371302780809947,-0.8,0.9477439249370005,0.08822580140752545,0.9477439249370005,27.21,0.9568796471183069,0.0750809157260104,0.9568796471183069,48.0,0.685787354166794,0.27264599657185645,0.685787354166794,35.7,0.9178896638570742,0.1190277987006024,0.9178896638570742,68.2,0.9382902253865719,0.09728159856557417,0.9382902253865719
82.4,0.9619904350716264,0.06296561827478264,0.9619904350716264,1678.0,0.9129031290374502,0.14114130350698198,0.9129031290374502,67.0,0.9369574377774028,0.10428027748070019,0.9369574377774028,2.3,0.947423070192228,0.08861822226734214,0.947423070192228,20.32,0.956985012323722,0.07497991941661304,0.956985012323722,53.0,0.685787354166794,0.27264599657185645,0.685787354166794,33.7,0.9185502369764555,0.1185757750065455,0.9185502369764555,65.9,0.9384396339241943,0.09704242879571333,0.9384396339241943
84.3,0.9623114674236604,0.06250481703747704,0.9623114674236604,1799.0,0.9131333162871762,0.14091279370729562,0.9131333162871762,67.0,0.9366351889361885,0.10487030175908497,0.9366351889361885,2.3,0.9469674521221776,0.08896576745841225,0.9469674521221776,22.65,0.956985012323722,0.0749799194166105,0.956985012323722,57.0,0.6849886345981699,0.2725437643166646,0.6849886345981699,34.5,0.9187845347313481,0.11831137774116567,0.9187845347313481,65.9,0.9390075234524512,0.09663246809440719,0.9390075234524512
84.3,0.9627117246730604,0.06216077757182676,0.9627117246730604,1911.0,0.9129839077495538,0.1411374898805749,0.9129839077495538,68.0,0.9363875157832103,0.10522924940798768,0.9363875157832103,3.1,0.946318747846733,0.08960758875050416,0.946318747846733,23.51,0.9574055257802919,0.07423754720091069,0.9574055257802919,59.0,0.6839349387331881,0.27257246763878595,0.6839349387331881,34.9,0.9190442164033564,0.11789796055926087,0.9190442164033564,66.3,0.9388966620783167,0.09678207103554202,0.9388966620783167
82.0,0.962822586047195,0.0620028210628751,0.962822586047195,1987.0,0.9126812979284749,0.14148131702179423,0.9126812979284749,67.0,0.9360668268387109,0.10553575094315178,0.9360668268387109,3.1,0.9455893854940748,0.0903938651387523,0.9455893854940748,24.18,0.9572979356738348,0.07442288345299534,0.9572979356738348,62.0,0.6820425338884937,0.2738410294062126,0.6820425338884937,34.9,0.9187610695845828,0.11823662258666505,0.9187610695845828,66.7,0.9385424214309246,0.09719244355908897,0.9385424214309246
81.6,0.9634787829222106,0.060166763884127596,0.9634787829222106,2143.0,0.912217856982138,0.14175888167048797,0.912217856982138,43.0,0.9362334673141872,0.10532600896498205,0.9362334673141872,-3.1,0.9455384891364133,0.09044802403227586,0.9455384891364133,26.39,0.9570677484241088,0.07468179327832714,0.9570677484241088,70.0,0.6805533452002345,0.2743790659887913,0.6805533452002345,35.3,0.9181004964652014,0.11868903310676288,0.9181004964652014,67.5,0.9380435748456367,0.09751289295853255,0.9380435748456367
41.2,0.9627197152000503,0.061186652392847436,0.9627197152000503,1506.438032627222,0.9118231131272638,0.14229890242288107,0.9118231131272638,42.0,0.936487228071385,0.10503566118432038,0.936487228071385,6.2,0.9452171044805951,0.09095773857687262,0.9452171044805951,14.74,0.9565928531583907,0.0756807594764858,0.9565928531583907,73.0,0.6798585401897748,0.2742487046860353,0.6798585401897748,31.0,0.9177162686945298,0.11948965545276173,0.9177162686945298,73.3,0.9374283622472356,0.09798343200240606,0.9374283622472356
47.8,0.9622330220072419,0.06187724966059084,0.9622330220072419,2413.0,0.912181923600024,0.14169425034203093,0.912181923600024,42.0,0.9361665817770661,0.10531423871553597,0.9361665817770661,-1.6,0.9445930482418595,0.09211341485427814,0.9445930482418595,17.59,0.9566417022222717,0.07560096158945964,0.9566417022222717,71.0,0.6805284984748047,0.27438131242113234,0.6805284984748047,32.2,0.9178975703038268,0.11918176043483254,0.9178975703038268,72.9,0.9371452154284619,0.09833632482266723,0.9371452154284619
49.8,0.9618850799224683,0.062437053303738776,0.9618850799224683,2342.0,0.912181923600024,0.14169425034203093,0.912181923600024,43.0,0.9366569702206438,0.10483016740472027,0.9366569702206438,-1.6,0.9444947836265039,0.09223755510745874,0.9444947836265039,17.21,0.956690551286153,0.07552115515829594,0.956690551286153,68.0,0.6809158525758996,0.27422903158629225,0.6809158525758996,32.2,0.9179563113464028,0.11908394756532725,0.9179563113464028,72.5,0.9371452154284619,0.09833632482266723,0.9371452154284619
18.4,0.9621081999629308,0.062037637212840016,0.9621081999629308,2219.0,0.9125074103281198,0.14100415616045603,0.9125074103281198,20.0,0.9371635866841309,0.10426517926562728,0.9371635866841309,0.0,0.94425495515844,0.09255454463963994,0.94425495515844,6.1,0.9565998837911063,0.07566370765294585,0.9565998837911063,62.0,0.6808374725131884,0.27428261467022835,0.6808374725131884,24.3,0.9178779312836914,0.11918857472669252,0.9178779312836914,76.9,0.9373969906537174,0.09775077896472179,0.9373969906537174
18.8,0.9625948931557392,0.06134721873707385,0.9625948931557392,2006.0,0.91258112183096,0.14087059711353414,0.91258112183096,25.0,0.9372618512994866,0.104143413176674,0.9372618512994866,0.0,0.944149589953025,0.09265201512555651,0.944149589953025,5.67,0.9568741143730397,0.07525823731969883,0.9568741143730397,54.0,0.6803891484168944,0.27438002571204706,0.6803891484168944,23.5,0.9181203040354976,0.11896593550085753,0.9181203040354976,63.5,0.9373969906537174,0.09775077896472241,0.9373969906537174
71.0,0.9631946104657685,0.060173661756190995,0.9631946104657685,1855.0,0.9124991593133763,0.14091662546748776,0.9124991593133763,47.0,0.9372618512994866,0.104143413176674,0.9372618512994866,7.0,0.944149589953025,0.09265201512555651,0.944149589953025,19.89,0.9567615150315684,0.07539096954338659,0.9567615150315684,58.0,0.680412979548877,0.27437826231585977,0.680412979548877,33.7,0.9179852418526318,0.119107521473079,0.9179852418526318,67.5,0.9371048276702859,0.09821945465331752,0.9371048276702859
18.4,0.9635168593069827,0.0595499409067016,0.9635168593069827,1907.0,0.9124991593133763,0.14091662546748776,0.9124991593133763,18.0,0.9374507834098887,0.10388496798781778,0.9374507834098887,0.0,0.944149589953025,0.09265201512555651,0.944149589953025,5.11,0.9570419454416174,0.07483962235310773,0.9570419454416174,51.0,0.6804618286127582,0.2743384514082002,0.6804618286127582,23.1,0.9184999700175732,0.11832940449907915,0.9184999700175732,63.5,0.936952181245782,0.09859210583987596,0.936952181245782
81.6,0.9636765697449983,0.05931027286431597,0.9636765697449983,1754.0,0.9126117586548478,0.14079895952070248,0.9126117586548478,28.0,0.9372276633694262,0.10426343807327784,0.9372276633694262,7.0,0.9440938108516832,0.09271508684711294,0.9440938108516832,21.43,0.9572308775520195,0.07456906223022262,0.9572308775520195,57.0,0.6816485695138778,0.27295224244815414,0.6816485695138778,33.7,0.9188947138724474,0.11777423104730156,0.9188947138724474,66.3,0.9372744300869963,0.09799969825103387,0.9372744300869963
18.4,0.9640607975156701,0.05844068670609238,0.9640607975156701,1720.0,0.9121403488406161,0.14152183245889163,0.9121403488406161,19.0,0.9374089649787234,0.10394505959979672,0.9374089649787234,3.1,0.9437025190674998,0.09340394743149502,0.9437025190674998,4.52,0.9573975180274958,0.07434834796296798,0.9573975180274958,25.0,0.6835421798518965,0.27168322893669283,0.6835421798518965,21.6,0.9191178339129099,0.11740742361497286,0.9191178339129099,63.5,0.9374928815675877,0.0976720963796368,0.9374928815675877
51.0,0.9639616687149183,0.058664131098109716,0.9639616687149183,799.0,0.9120015977325813,0.14163218177645376,0.9120015977325813,88.0,0.9369340697130053,0.1049071326264082,0.9369340697130053,4.7,0.9437025190674998,0.09340394743149502,0.9437025190674998,3.91,0.9573556995963305,0.0744112035359073,0.9573556995963305,23.0,0.6835421798518965,0.27168322893669283,0.6835421798518965,20.4,0.9189365323036127,0.11771614058661263,0.9189365323036127,60.4,0.9374928815675877,0.0976720963796368,0.9374928815675877
100.0,0.9638879572120782,0.058812743732994305,0.9638879572120782,1282.0,0.9118404534258242,0.14177746944100403,0.9118404534258242,81.0,0.9369706313445509,0.1048587388585924,0.9369706313445509,0.0,0.9437762305703399,0.09326133901798761,0.9437762305703399,21.5,0.9575051081339528,0.07416298231742689,0.9575051081339528,38.0,0.6837939550771523,0.27133689618302154,0.6837939550771523,37.3,0.9189853813674939,0.11764202880791257,0.9189853813674939,52.2,0.9372293084152418,0.09794422056293162,0.9372293084152418
100.0,0.9637282467740627,0.05905255110630477,0.9637282467740627,2054.0,0.9117295920516899,0.1419165848699845,0.9117295920516899,73.0,0.9369706313445509,0.10485873885859302,0.9369706313445509,3.9,0.9438250796342211,0.09318362444074335,0.9438250796342211,31.64,0.9575560044916144,0.07410714993801733,0.9575560044916144,47.0,0.6840831311714428,0.2711956314731512,0.6840831311714428,38.0,0.9190836459828495,0.11752448301441971,0.9190836459828495,62.7,0.9372910113990516,0.097870471482563,0.9372910113990516
91.8,0.9634805736210844,0.059435241261100835,0.9634805736210844,1650.0,0.9123857889267054,0.14024001834366218,0.9123857889267054,74.0,0.9369288129133857,0.10491875148158247,0.9369288129133857,-6.2,0.9438250796342211,0.09318362444074335,0.9438250796342211,22.46,0.9576250474345834,0.07401439163451695,0.9576250474345834,33.67243525896414,0.6852958248808028,0.2697883952888772,0.6852958248808028,34.9,0.9190418275516843,0.1175825932108559,0.9190418275516843,63.1,0.9373398604629329,0.09779359768151781,0.9373398604629329
78.0,0.9635914349952189,0.059276833580401186,0.9635914349952189,2109.0,0.9114699103796815,0.14231933722501508,0.9114699103796815,38.0,0.9369288129133857,0.1049187514815831,0.9369288129133857,-3.9,0.943825079634221,0.09318362444074334,0.943825079634221,22.2,0.9577157149296299,0.07387151486597099,0.9577157149296299,68.0,0.6861162558164505,0.2691048575016051,0.6861162558164505,32.9,0.9192277977208525,0.11730544575579294,0.9192277977208525,67.5,0.9370567136441593,0.09814650893030549,0.9370567136441593
49.0,0.9628237857839737,0.06030143066734768,0.9628237857839737,2299.0,0.9113961988768415,0.14245258874031044,0.9113961988768415,39.0,0.9371422551589627,0.1046630419412975,0.9371422551589627,-1.6,0.9439523087608134,0.0929955767038008,0.9439523087608134,17.05,0.957583262384214,0.07412338714961898,0.957583262384214,70.0,0.6864516011424452,0.2689523008700682,0.6864516011424452,32.2,0.9188555167073726,0.11784068092648023,0.9188555167073726,72.2,0.936155667946254,0.09914863169957479,0.936155667946254
19.2,0.9618951539122763,0.06171723345182322,0.9618951539122763,2212.0,0.9104186173460078,0.14459522438969752,0.9104186173460078,19.0,0.9378217119260416,0.10374461119418339,0.9378217119260416,0.0,0.9438032157130437,0.09313530763009702,0.9438032157130437,6.29,0.9571470592192379,0.07460692027499567,0.9571470592192379,57.0,0.68793958433738,0.2683870886216591,0.68793958433738,24.7,0.9183599616702279,0.1182531737424203,0.9183599616702279,63.5,0.936155667946254,0.09914863169957479,0.936155667946254
19.2,0.9607522638444523,0.06423732127589585,0.9607522638444523,1876.0,0.9096887089681523,0.14639723792804535,0.9096887089681523,18.0,0.93829660719176,0.10278093781314883,0.93829660719176,6.2,0.9433592313471654,0.0934451353212463,0.9433592313471654,5.38,0.9566991837983267,0.07509676733100956,0.9566991837983267,55.0,0.6889932802023617,0.2683469072742338,0.6889932802023617,23.1,0.9180697442652608,0.11842156498740723,0.9180697442652608,63.1,0.9358959862742458,0.0995761785957942,0.9358959862742458
18.8,0.960199755130027,0.06478604777331291,0.960199755130027,1806.0,0.9092172991539208,0.1471144264915422,0.9092172991539208,18.0,0.9380223766098266,0.10316964397007934,0.9380223766098266,0.0,0.9427580481225992,0.09432930838130568,0.9427580481225992,5.12,0.9563307527754602,0.07544990560769554,0.9563307527754602,52.0,0.6897565844338932,0.26845064401596763,0.6897565844338932,23.1,0.9184095645701248,0.11829685044701989,0.9184095645701248,63.1,0.9360068476483802,0.09942745785610199,0.9360068476483802
17.6,0.9594077795537402,0.06581251445685156,0.9594077795537402,1689.0,0.9083851959623379,0.1483196949510355,0.9083851959623379,20.0,0.9380223766098266,0.1031696439700781,0.9380223766098266,0.0,0.9425103749696211,0.09469373378433409,0.9425103749696211,4.49,0.9558608470246972,0.0759509892218391,0.9558608470246972,42.0,0.6902738460018258,0.26857073698005024,0.6902738460018258,22.0,0.918553887019974,0.11826264628739167,0.918553887019974,63.1,0.9359743663369569,0.09946745953278448,0.9359743663369569
18.8,0.9590130356988661,0.06641792286870297,0.9590130356988661,1271.0,0.9077936448990089,0.14897630809745316,0.9077936448990089,32.0,0.9379281619014551,0.10326250896092602,0.9379281619014551,11.7,0.9421889903138029,0.09520017040277029,0.9421889903138029,3.44,0.9556636669997417,0.07608958253730196,0.9556636669997417,20.0,0.690782765779698,0.26868977245546694,0.690782765779698,20.0,0.918685748866724,0.11823164844795238,0.918685748866724,61.2,0.936048077839797,0.09932661637871848,0.936048077839797
37.6,0.9588858065722737,0.06661289412963661,0.9588858065722737,769.0,0.907372588212127,0.14933871316715275,0.907372588212127,32.0,0.9378916429200901,0.10328294038524609,0.9378916429200901,4.7,0.9420395817761804,0.0954407112397428,0.9420395817761804,4.22,0.9555388449554306,0.07624690865053128,0.9555388449554306,3.0,0.6912835080573745,0.2688077241240624,0.6912835080573745,20.4,0.9185638457863063,0.11832203425479015,0.9185638457863063,56.1,0.9357266931839788,0.09982754439320894,0.9357266931839788
42.0,0.9591884163933527,0.0662234047692495,0.9591884163933527,794.0,0.9072234951643575,0.14946260910329368,0.9072234951643575,34.0,0.9377156912209507,0.10340221905307828,0.9377156912209507,3.9,0.9419705388332115,0.09553021428610334,0.9419705388332115,4.17,0.9555680666278172,0.07621184089125442,0.9555680666278172,0.0,0.6917762291967582,0.268924568493174,0.6917762291967582,20.4,0.9187197634784876,0.11816239677525511,0.9187197634784876,63.5,0.9357266931839788,0.09982754439320894,0.9357266931839788
37.6,0.9591884163933527,0.0662234047692495,0.9591884163933527,799.0,0.9069891974094649,0.1497148693601054,0.9069891974094649,32.0,0.9375874816001782,0.10349524311999618,0.9375874816001782,-1.6,0.9419705388332115,0.09553021428610459,0.9419705388332115,4.23,0.9557005191732334,0.07596083126817603,0.9557005191732334,0.0,0.6924473594492573,0.26904007151781156,0.6924473594492573,20.4,0.9184366166597141,0.11850083205354955,0.9184366166597141,58.4,0.9357854342265547,0.09972632330154974,0.9357854342265547
41.6,0.9591395673294716,0.06630391320294007,0.9591395673294716,797.0,0.9071216499548809,0.14948845553269116,0.9071216499548809,36.0,0.9378279799758437,0.1033257352767685,0.9378279799758437,3.9,0.9418457167889004,0.09568242287626162,0.9418457167889004,4.55,0.9555115870628311,0.07623063651084842,0.9555115870628311,4.0,0.693600028326243,0.2688938422839375,0.693600028326243,20.8,0.9176779415867181,0.11912302483763068,0.9176779415867181,54.9,0.9358591457293949,0.09958553212855155,0.9358591457293949
43.5,0.9591395673294715,0.06630391320294197,0.9591395673294715,1503.0,0.9072450863356389,0.14937343856071417,0.9072450863356389,40.0,0.9381089536162044,0.1031081637190187,0.9381089536162044,0.0,0.9415980436359225,0.0960460917073045,0.9415980436359225,8.58,0.9553362063683444,0.07642247902492322,0.9553362063683444,16.0,0.6945654749763356,0.2689006841834953,0.6945654749763356,25.9,0.9169732249067498,0.11964714483336576,0.9169732249067498,61.2,0.9359667358358518,0.0994076177446166,0.9359667358358518
48.6,0.9595110294491883,0.06602659778444192,0.9595110294491883,1825.0,0.9075476961567179,0.14903485148229936,0.9075476961567179,47.0,0.9383562246707783,0.10290790710954928,0.9383562246707783,-1.6,0.9417304961813385,0.09580185242447613,0.9417304961813385,13.02,0.9554785080539019,0.07633080201018341,0.9554785080539019,25.0,0.6936325096376662,0.2688742331475952,0.6936325096376662,30.6,0.9168318749071572,0.11967933269438986,0.9168318749071572,63.8636053593179,0.9361592151595789,0.09919248553495474,0.9361592151595789
54.1,0.9597609283425347,0.06586915002826858,0.9597609283425347,2323.0,0.9074661115879211,0.1490879900238912,0.9074661115879211,33.0,0.938392786302324,0.10285934957378928,0.938392786302324,-3.9,0.9417304961813385,0.09580185242447613,0.9417304961813385,18.66,0.9555941731572727,0.07625704250996654,0.9555941731572727,33.0,0.6924798407606807,0.2690205437142362,0.6924798407606807,32.5,0.9165020163073296,0.11979478412376209,0.9165020163073296,71.0,0.9365455326925426,0.09899796633422411,0.9365455326925426
60.8,0.9599844776987879,0.06573080263386082,0.9599844776987879,1688.0,0.907235924338195,0.14931256518956412,0.907235924338195,55.0,0.9380672995742282,0.10358507223575422,0.9380672995742282,-3.1,0.9414091115255202,0.09630743821486235,0.9414091115255202,14.97,0.955962604180139,0.07590453209869247,0.955962604180139,40.0,0.691433515283134,0.2690664710865429,0.691433515283134,31.4,0.9163303924929178,0.11998248262970354,0.9163303924929178,68.6,0.936906984533746,0.09882101723646398,0.936906984533746
19.2,0.9605792866064412,0.06508342935652697,0.9605792866064412,1740.0,0.906877113865435,0.1499103182397404,0.906877113865435,49.0,0.9374111026992129,0.10534010736953911,0.9374111026992129,3.9,0.9415950816946884,0.09601819996856581,0.9415950816946884,4.91,0.9565429321464664,0.07516413481486033,0.9565429321464664,44.0,0.6899528715691848,0.26964141233358463,0.6899528715691848,27.8,0.9168052877586361,0.1190517326161223,0.9168052877586361,60.8,0.9376979941024653,0.09803302025608257,0.9376979941024653
59.2,0.9610579239185525,0.06462626196372473,0.9610579239185525,1495.0,0.9069572318954832,0.14983144917805458,0.9069572318954832,50.0,0.9371795213530452,0.10579366656970754,0.9371795213530452,2.3,0.9416751997247367,0.09593073099395076,0.9416751997247367,13.04,0.957363363082114,0.07382415994093257,0.957363363082114,48.0,0.6889040685481473,0.2696824369911186,0.6889040685481473,30.6,0.9169377403040523,0.11881796809246165,0.9169377403040523,67.8,0.9382602731203717,0.0976254312888045,0.9382602731203717
57.3,0.9614859011868184,0.06423627295121992,0.9614859011868184,1621.0,0.9072626234789947,0.14952925076461984,0.9072626234789947,20.0,0.9377792386630743,0.10468156275832279,0.9377792386630743,0.8,0.9417017571536919,0.09590192144469409,0.9417017571536919,13.98,0.9576601782444502,0.07354129359175246,0.9576601782444502,49.0,0.6884088803413004,0.26956312514110986,0.6884088803413004,31.0,0.9173384240961555,0.11854430916913104,0.9173384240961555,69.0,0.9383728724618432,0.0974982802902285,0.9383728724618432
18.4,0.9617494743391641,0.06394645987959532,0.9617494743391641,1555.0,0.9078649817751735,0.14886891179043174,0.9078649817751735,20.0,0.937737420231909,0.10474164314985128,0.937737420231909,3.1,0.9419494303066701,0.09553816908546349,0.9419494303066701,4.31,0.957944305557404,0.07326622929799391,0.957944305557404,32.0,0.6888460797105269,0.26947812894731543,0.6888460797105269,21.6,0.9179496738531567,0.1179579617173116,0.9179496738531567,63.1,0.9386351637713013,0.09716338833804414,0.9386351637713013
20.8,0.9618278544018755,0.06383137952237092,0.9618278544018755,1001.0,0.908164369855071,0.148648223482585,0.908164369855071,31.0,0.9380205670506826,0.10439042392801351,0.9380205670506826,0.0,0.9421810116528379,0.09507951525246583,0.9421810116528379,3.14,0.9579708629863593,0.07323620100241783,0.9579708629863593,33.67243525896414,0.6894947839859714,0.2692198631871854,0.6894947839859714,18.0,0.9181595652935397,0.11777343530651059,0.9181595652935397,63.5,0.9388621752921014,0.09693937472662588,0.9388621752921014
38.4,0.9618012969729202,0.06386180471819453,0.9618012969729202,779.0,0.9083499539665242,0.14853082189464,0.9083499539665242,35.0,0.9382164339508712,0.1042331272219085,0.9382164339508712,-7.0,0.942440693324846,0.0946474887944113,0.942440693324846,4.26,0.9578582636448878,0.0733693433383923,0.9578582636448878,0.0,0.690309212528782,0.2687534923894767,0.690309212528782,20.4,0.918130343621153,0.11780562124435613,0.918130343621153,52.5,0.9390288157675777,0.09672736869300382,0.9390288157675777
41.2,0.9618995615882758,0.063732142440549,0.9618995615882758,807.0,0.9082788601379055,0.14858096790001174,0.9082788601379055,38.0,0.9380088195095665,0.10437626521681567,0.9380088195095665,-2.3,0.9426638133653086,0.09426436221812434,0.9426638133653086,4.82,0.957799522602312,0.07347486040637514,0.957799522602312,3.0,0.6909648381638782,0.26828770540112135,0.6909648381638782,21.2,0.9179118921405616,0.11812071487846078,0.9179118921405616,53.7,0.9392147859367459,0.0964390411083896,0.9392147859367459
45.9,0.9616103854939851,0.06407285804353217,0.9616103854939851,1819.0,0.9078583466813355,0.14924737368219826,0.9078583466813355,21.0,0.9381438816924322,0.10422871394783181,0.9381438816924322,-3.9,0.9427691785707237,0.09416725788600651,0.9427691785707237,10.72,0.9576501140646895,0.073723272417183,0.9576501140646895,17.0,0.6916204637989746,0.2678205500925657,0.6916204637989746,29.0,0.9181253343861387,0.11787424437444458,0.9181253343861387,61.6,0.9391823046253227,0.09647930684617367,0.9391823046253227
46.3,0.961197403804017,0.06461342258254554,0.961197403804017,1703.0,0.9078583466813355,0.14924737368219826,0.9078583466813355,37.0,0.9380655016297211,0.10433732581241582,0.9380655016297211,3.1,0.9428428900735639,0.09402486462205548,0.9428428900735639,11.38,0.9572217711437152,0.07426861041232373,0.9572217711437152,27.0,0.6916204637989746,0.2678205500925657,0.6916204637989746,29.4,0.9176222124916379,0.11812539644262131,0.9176222124916379,71.4,0.9390916371302762,0.09661696256505872,0.9390916371302762
42.4,0.9610991391886613,0.06474289059724626,0.9610991391886613,2343.0,0.9074378332247656,0.14991309838979885,0.9074378332247656,21.0,0.9378926613261293,0.10469031929906257,0.9378926613261293,-5.5,0.9427691785707237,0.09416725788600651,0.9427691785707237,15.68,0.9570265088642416,0.07444794304122296,0.9570265088642416,31.0,0.6916204637989746,0.2678205500925657,0.6916204637989746,31.8,0.9171389412171757,0.11835344435706162,0.9171389412171757,73.7,0.9385659197439157,0.09697682325718429,0.9385659197439157
62.4,0.9609915490822042,0.064930069074107,0.9609915490822042,1537.0,0.9072851868002616,0.150264224818267,0.9072851868002616,67.0,0.9377654321995369,0.10487541181345919,0.9377654321995369,-6.2,0.9426954670678835,0.09430962773411924,0.9426954670678835,14.54,0.957139108205713,0.07431505819299018,0.957139108205713,37.0,0.6916204637989746,0.2678205500925657,0.6916204637989746,31.4,0.9175788941409279,0.11816352878742072,0.9175788941409279,69.0,0.9387442344640718,0.0968049150537788,0.9387442344640718
81.6,0.9608806877080698,0.06508736028393725,0.9608806877080698,1902.0,0.9074378332247655,0.14991309838979885,0.9074378332247655,78.0,0.936761293239748,0.1071563139081806,0.936761293239748,3.9,0.942918587108346,0.09392630553227475,0.942918587108346,23.42,0.9571656656346682,0.0742850876544305,0.9571656656346682,40.0,0.6916204637989746,0.2678205500925657,0.6916204637989746,34.5,0.9180352142653279,0.11795622736493537,0.9180352142653279,66.7,0.9387442344640718,0.0968049150537788,0.9387442344640718
100.0,0.960959067770781,0.06497248635870703,0.960959067770781,1363.0,0.9077633199528613,0.149230067163844,0.9077633199528613,84.0,0.9364133511549746,0.1076832744152223,0.9364133511549746,3.9,0.9429674361722273,0.09384870479975771,0.9429674361722273,21.66,0.9572563331297147,0.07414231178497505,0.9572563331297147,44.0,0.6916204637989746,0.2678205500925657,0.6916204637989746,36.1,0.9185337777156742,0.11770550489163512,0.9185337777156742,54.9,0.9383474682633243,0.09730501408436514,0.9383474682633243
100.0,0.9607491763303981,0.0651796034440258,0.9607491763303981,1494.0,0.907861584568217,0.14911768508889078,0.907861584568217,80.0,0.9360019947154286,0.1081249726292281,0.9360019947154286,4.7,0.9429674361722272,0.09384870479975832,0.9429674361722272,23.11,0.9571238805842988,0.07439401596454287,0.9571238805842988,49.0,0.6916204637989746,0.2678205500925657,0.6916204637989746,36.1,0.9190033714308729,0.1174786682929509,0.9190033714308729,57.3,0.9385033859555056,0.09713759082643439,0.9385033859555056
94.9,0.9609032886694391,0.06503848093843831,0.9609032886694391,1669.0,0.9082563284230912,0.14858351069871098,0.9082563284230912,77.0,0.9356797458742142,0.1087129981797433,0.9356797458742142,2.3,0.9427358548260593,0.09430808283201103,0.9427358548260593,23.98,0.9575080749741746,0.07394388063105205,0.9575080749741746,55.0,0.6916204637989746,0.2678205500925657,0.6916204637989746,35.7,0.9194457968013832,0.11727270684052685,0.9194457968013832,62.0,0.9389966220304429,0.09681809612881856,0.9389966220304429
93.7,0.9610699291449153,0.06481516784248681,0.9610699291449153,1875.0,0.9082368654207859,0.14859834230598784,0.9082368654207859,79.0,0.9360385563469743,0.10807676084488567,0.9360385563469743,2.3,0.9425866938530422,0.09448545388331815,0.9425866938530422,26.56,0.957540556285598,0.07390193580614032,0.957540556285598,61.0,0.6916204637989746,0.2678205500925657,0.6916204637989746,36.1,0.9196174206157948,0.11708371196548202,0.9196174206157948,64.7,0.9392742461306737,0.09669444131585973,0.9392742461306737
95.7,0.9608356313900229,0.06510749471183612,0.9608356313900229,2039.0,0.9076563556414028,0.14900894821192767,0.9076563556414028,77.0,0.9357908831939962,0.10843459602058339,0.9357908831939962,2.3,0.9422644450118278,0.09508280262851945,0.9422644450118278,29.19,0.9573452940061242,0.07408141303335707,0.9573452940061242,63.0,0.6916204637989746,0.2678205500925657,0.6916204637989746,36.9,0.9195665242581332,0.1171346350195796,0.9195665242581332,64.7,0.9392742461306737,0.09669444131585973,0.9392742461306737
82.7,0.9610084716936148,0.06473781488555537,0.9610084716936148,2129.0,0.9068884661347852,0.14971774706005928,0.9068884661347852,63.0,0.9359233357394122,0.10819378346651852,0.9359233357394122,0.0,0.9421150364742055,0.09532338376042748,0.9421150364742055,25.0,0.9573452940061242,0.07408141303335707,0.9573452940061242,64.0,0.6908035018531727,0.26773496149514403,0.6908035018531727,34.9,0.9197478258674302,0.11682555996392056,0.9197478258674302,67.5,0.9389296299731235,0.09686876062877844,0.9389296299731235
76.5,0.9614273309601715,0.06435221888519194,0.9614273309601715,2151.0,0.906114622570859,0.150426239331468,0.906114622570859,21.0,0.9358815173082469,0.10825356952471413,0.9358815173082469,-9.4,0.942205703969252,0.09518510044612946,0.942205703969252,24.86,0.9576438635167639,0.0736492808637083,0.9576438635167639,35.0,0.6906145697427705,0.2678675975826964,0.6906145697427705,34.9,0.9198168688103995,0.11674010123565169,0.9198168688103995,68.2,0.9384363938981862,0.09718819864652216,0.9384363938981862
42.0,0.9615767394977939,0.06410128039010966,0.9615767394977939,764.0,0.9056990232066693,0.1509747866706144,0.9056990232066693,79.0,0.9358326682443656,0.10832976187918061,0.9358326682443656,3.9,0.9425536460540255,0.09464977277115602,0.9425536460540255,4.58,0.9571733858131762,0.07431699849121824,0.9571733858131762,21.0,0.6896662098843236,0.2692116175841314,0.6896662098843236,23.5,0.9195545775009413,0.11706159481214493,0.9195545775009413,67.1,0.9383381292828306,0.0973108729817746,0.9383381292828306
74.5,0.9611637578078257,0.06464181187406182,0.9611637578078257,1262.0,0.905351081121896,0.15146474805512325,0.905351081121896,76.0,0.9363040780585973,0.10756765198224438,0.9363040780585973,3.9,0.9425047969901442,0.09472729366516719,0.9425047969901442,13.52,0.9568991552312428,0.07472287883201226,0.9568991552312428,27.0,0.6894527676387466,0.2693340093565331,0.6894527676387466,30.6,0.9191262345799669,0.11756236329824626,0.9191262345799669,62.4,0.9381521591136623,0.09759872293345039,0.9381521591136623
90.2,0.9611637578078257,0.06464181187406054,0.9611637578078257,1482.0,0.905439341534661,0.15137174054494426,0.905439341534661,68.0,0.9366763590720769,0.1070163764760154,0.9366763590720769,3.9,0.9425291359188506,0.09470244609085396,0.9425291359188506,20.49,0.9567497466936202,0.07497084086622106,0.9567497466936202,39.0,0.6898957030711983,0.26908195383811695,0.6898957030711983,34.5,0.9188785614269888,0.11791013234266834,0.9188785614269888,61.2,0.9378467675301511,0.09793148991564006,0.9378467675301511
79.2,0.9612763571492972,0.06450712828578221,0.9612763571492972,2114.0,0.9055026811797644,0.1513320068630582,0.9055026811797644,46.0,0.9368956291219261,0.10685826583243271,0.9368956291219261,-5.5,0.9425779849827318,0.09462492165372278,0.9425779849827318,25.0,0.9569728667340828,0.07457663469121628,0.9569728667340828,50.0,0.6901600369221113,0.26899674397975315,0.6901600369221113,35.3,0.9187291528893665,0.11814027194272111,0.9187291528893665,67.5,0.9378102058986052,0.09798020664200434,0.9378102058986052
18.8,0.9615033686700972,0.06426888029482998,0.9615033686700972,2485.0,0.9051386020199087,0.15149136013648334,0.9051386020199087,45.0,0.9368605748929418,0.10687695283448383,0.9368605748929418,4.7,0.9426916626934086,0.09451388307608746,0.9426916626934086,7.17,0.9571395072095593,0.07435598822160179,0.9571395072095593,52.0,0.6890587075324083,0.26907898287539733,0.6890587075324083,25.9,0.9190987547677648,0.11773808955454987,0.9190987547677648,63.9,0.9381315905544233,0.09747737806282296,0.9381315905544233
52.9,0.9616846702793942,0.06393368396669487,0.9616846702793942,1781.0,0.9050160664010944,0.15158863733592934,0.9050160664010944,19.0,0.9365796012525808,0.10709302221886383,0.9365796012525808,0.0,0.9423930931827689,0.09493193495723784,0.9423930931827689,14.04,0.9571719885209824,0.07431407545832625,0.9571719885209824,51.0,0.6882504354728082,0.26976704376768995,0.6882504354728082,27.5,0.9189715256411726,0.11791709140477646,0.9189715256411726,70.2,0.9379456203852551,0.09776512314390161,0.9379456203852551
18.0,0.9616846702793942,0.0639336839666955,0.9616846702793942,1658.0,0.9052757480731028,0.15119197180581156,0.9052757480731028,20.0,0.9363953854317162,0.10723234893044838,0.9363953854317162,0.0,0.9421776036434114,0.09522260584723485,0.9421776036434114,4.44,0.9569535370403911,0.07465483237393075,0.9569535370403911,33.67243525896414,0.6881597679777617,0.269839204057475,0.6881597679777617,22.0,0.9187902240318754,0.118225651298547,0.9187902240318754,63.1,0.9379456203852551,0.09776512314390161,0.9379456203852551
18.0,0.9614987001102261,0.06423609987496531,0.9614987001102261,1257.0,0.905242362170483,0.15121393960284135,0.905242362170483,26.0,0.9366178097608602,0.10704768603670069,0.9366178097608602,3.9,0.9415310845632815,0.09639288537658515,0.9415310845632815,3.51,0.9567137085723271,0.0749810248240117,0.9567137085723271,29.0,0.6884021407295677,0.269743710696069,0.6884021407295677,20.0,0.9188703420619236,0.11814263770409175,0.9188703420619236,59.2,0.937345903075226,0.09888187048612976,0.937345903075226
40.8,0.9617141896495836,0.06393164080576867,0.9617141896495836,660.0,0.905441712728201,0.15115405962263637,0.905441712728201,44.0,0.9363779812927963,0.10735784663806727,0.9363779812927963,-0.8,0.9417626659094493,0.09593466628824743,0.9417626659094493,3.67,0.956318964717453,0.07558079723173827,0.956318964717453,8.0,0.6889206229226278,0.26986573559216553,0.6889206229226278,20.4,0.9184232711763983,0.11885964325741362,0.9184232711763983,52.9,0.9370669686918742,0.09916429407667235,0.9370669686918742
42.7,0.9616358095868723,0.06404669816129667,0.9616358095868723,732.0,0.9057135018683127,0.15105460909026167,0.9057135018683127,33.0,0.9358341723078343,0.10804054843245965,0.9358341723078343,5.5,0.9414147238246758,0.09646901116425609,0.9414147238246758,4.58,0.9564298260915874,0.07542554058618249,0.9564298260915874,0.0,0.6887547039786878,0.26986684450611303,0.6887547039786878,21.2,0.918149040594465,0.11923402677939443,0.918149040594465,50.2,0.9369003282163979,0.0993753519331764,0.9369003282163979
39.2,0.9619204345778293,0.06382524183152537,0.9619204345778293,785.0,0.9057683802077108,0.15101525339334665,0.9057683802077108,32.0,0.936018388128699,0.10790148959077012,0.936018388128699,4.7,0.9413658747607947,0.09654633212151377,0.9413658747607947,4.44,0.9566771837547127,0.0751530746018711,0.9566771837547127,0.0,0.6886138065085329,0.269896785744792,0.6886138065085329,20.4,0.9187521857380667,0.11865022329198462,0.9187521857380667,54.9,0.9369268856453531,0.09934681360963618,0.9369268856453531
34.5,0.9622096106721197,0.06348432954518488,0.9622096106721197,809.0,0.9057501352840173,0.15102828521085096,0.9057501352840173,33.0,0.9364389015852689,0.10719162470260997,0.9364389015852689,-2.3,0.9415255851988104,0.09631890896782117,0.9415255851988104,4.04,0.9570264261715199,0.07477391532421875,0.9570264261715199,0.0,0.6885277873777762,0.26991133405851975,0.6885277873777762,20.0,0.91934699464572,0.11806847461238629,0.91934699464572,55.7,0.9371178650495358,0.09911118144460411,0.9371178650495358
49.8,0.9624838412540532,0.06307275736599745,0.9624838412540532,895.0,0.9054629849128994,0.15113708836067882,0.9054629849128994,58.0,0.9367977120580289,0.10655422081579209,0.9367977120580289,0.8,0.9414179950923532,0.0964983684274756,0.9414179950923532,9.96,0.9577948483320673,0.07346638390730403,0.9577948483320673,10.0,0.6889905214840525,0.26980663019171014,0.6889905214840525,29.4,0.9201060623678803,0.11714591100679925,0.9201060623678803,52.9,0.9374874669279339,0.0986915638234735,0.9374874669279339
19.6,0.9624838412540533,0.06307275736599617,0.9624838412540533,1715.0,0.9051853608126686,0.15123750162088428,0.9051853608126686,60.0,0.9364254310445492,0.10710576245401485,0.9364254310445492,-1.6,0.941547768502688,0.09639041135249257,0.941547768502688,4.2,0.9580934178427071,0.07303383546787313,0.9580934178427071,33.67243525896414,0.688313236383278,0.26968630711064334,0.688313236383278,20.8,0.9205999350235061,0.11638250524374334,0.9205999350235061,62.7,0.9377616975098674,0.0983018037542456,0.9377616975098674
79.6,0.9628968229440216,0.06253073435093932,0.9628968229440216,1906.0,0.9043999617542998,0.15194489346723827,0.9043999617542998,29.0,0.9364254310445492,0.10710576245401422,0.9364254310445492,-5.5,0.9416094714864978,0.09631616137064977,0.9416094714864978,26.56,0.9586373560513943,0.07193885614299261,0.9586373560513943,33.0,0.6879380411582305,0.26984497990424655,0.6879380411582305,36.1,0.9207493435611286,0.11615153365859711,0.9207493435611286,67.5,0.9378400775725787,0.0981927282480822,0.9378400775725787
62.7,0.9630751376641777,0.0623470485272065,0.9630751376641777,1696.0,0.9043017650641918,0.15201990180605307,0.9043017650641918,52.0,0.9366485510850117,0.10672833598778483,0.9366485510850117,-10.9,0.9415103426857462,0.09653013097948084,0.9415103426857462,15.29,0.9588911168085922,0.07163137422294079,0.9588911168085922,36.0,0.688292281805623,0.26965620042671923,0.688292281805623,31.8,0.9209382756715307,0.11590085104831117,0.9209382756715307,68.6,0.9376475982488515,0.09840852516950878,0.9376475982488515
67.8,0.9630751376641776,0.06234704852720521,0.9630751376641776,1823.0,0.9049058625132634,0.15160917953398031,0.9049058625132634,58.0,0.9366485510850117,0.10672833598778483,0.9366485510850117,0.6281970010971596,0.9415521611169114,0.096469406633767,0.9415521611169114,18.76,0.9590019781827267,0.07147519636669222,0.9590019781827267,40.0,0.6886256585995049,0.26952837462371915,0.6886256585995049,32.9,0.9209970167141066,0.1158024544600461,0.9209970167141066,68.6,0.9370378902894293,0.0988769369938311,0.9370378902894293
21.2,0.9635500329298958,0.06133423401174213,0.9635500329298958,1928.0,0.9050918326824317,0.15134402456757,0.9050918326824317,45.0,0.9368716711254743,0.10635071754901701,0.9368716711254743,0.0,0.9417048075414154,0.0960944247531451,0.9417048075414154,5.63,0.9592616598547349,0.07102813994233868,0.9592616598547349,33.0,0.6895049755149828,0.26823171571849863,0.6895049755149828,23.9,0.9212285980602745,0.11536015233812741,0.9212285980602745,73.7,0.9370378902894293,0.0988769369938311,0.9370378902894293
26.3,0.9634391715557615,0.06149239758488421,0.9634391715557615,1650.0,0.9054128650344656,0.15094437996791274,0.9054128650344656,45.0,0.9370313815634898,0.10612620809391261,0.9370313815634898,6.2,0.941996970524847,0.0956224900492305,0.941996970524847,11.256157120272407,0.9596564037096091,0.07042445761385373,0.9596564037096091,36.0,0.6898272243561971,0.2678961126339809,0.6898272243561971,29.0,0.921700007874506,0.11461524331183318,0.921700007874506,76.1,0.9365627607375492,0.09916353295988685,0.9365627607375492
53.7,0.9634880206196426,0.06141125410418577,0.9634880206196426,1825.0,0.9053137362337138,0.15114334731541168,0.9053137362337138,46.0,0.9368500799541927,0.10644402008150035,0.9368500799541927,5.5,0.9415638936902941,0.09653326186059168,0.9415638936902941,14.72,0.959715144752185,0.07031853182168052,0.959715144752185,42.0,0.6906228085664149,0.26720438807625346,0.6906228085664149,31.4,0.9214684265283383,0.11505798866210001,0.9214684265283383,69.8,0.936315087584571,0.09952395770497222,0.936315087584571
52.9,0.9634143091168026,0.06155957913400964,0.9634143091168026,2113.0,0.9055026683441161,0.15090497468862704,0.9055026683441161,45.0,0.93706556949355,0.10615782046881617,0.93706556949355,-7.0,0.941515044626413,0.09661059332307928,0.941515044626413,17.14,0.9597935248148962,0.07020423734445666,0.9597935248148962,47.0,0.690561105582605,0.26723960135112085,0.690561105582605,32.2,0.9210333641618432,0.11564993212452142,0.9210333641618432,69.8,0.9360966361039795,0.09985065862073125,0.9360966361039795
49.8,0.963254598678787,0.06179880370986345,0.963254598678787,2384.0,0.9056324417544509,0.15080996801763036,0.9056324417544509,20.0,0.9365906742278318,0.10711838088428176,0.9365906742278318,-0.8,0.9415638936902941,0.09653326186059043,0.9415638936902941,18.22,0.9597935248148962,0.07020423734445666,0.9597935248148962,48.0,0.690561105582605,0.26723960135112085,0.690561105582605,32.5,0.9200970661357072,0.11662090251287903,0.9200970661357072,72.5,0.9360966361039795,0.09985065862073125,0.9360966361039795
43.5,0.9631419993373155,0.06193411215864056,0.9631419993373155,2382.0,0.9056115862451353,0.1508267099931542,0.9056115862451353,37.0,0.9363164436458985,0.10750500078770062,0.9363164436458985,6.2,0.9413323123441263,0.09699122702413913,0.9413323123441263,15.65,0.9597244818719272,0.07029750393319378,0.9597244818719272,53.0,0.6897208519632001,0.26716038142551335,0.6897208519632001,31.8,0.9190461254058176,0.11888551733850124,0.9190461254058176,73.3,0.9359013738245058,0.10002002019213148,0.9359013738245058
42.7,0.9628015952450167,0.06222275958365622,0.9628015952450167,2657.0,0.9056359251738416,0.15080453813797212,0.9056359251738416,20.0,0.9362055822717642,0.10765282211985025,0.9362055822717642,-3.9,0.9413323123441263,0.09699122702413913,0.9413323123441263,17.39,0.9598227464872827,0.07016880875315282,0.9598227464872827,56.0,0.6883855151927692,0.2675065499078632,0.6883855151927692,32.2,0.9188967168681953,0.1191155473377034,0.9188967168681953,74.5,0.9353591385993609,0.10038020187086892,0.9353591385993609
19.2,0.9622920684834134,0.06275461556222578,0.9622920684834134,2728.0,0.9055870761099605,0.15087560151940774,0.9055870761099605,18.0,0.936131870768924,0.10779303604885006,0.936131870768924,0.0,0.9411998597987103,0.09723518427118254,0.9411998597987103,7.99,0.9602760537774715,0.06951110425622484,0.9602760537774715,55.0,0.6877298895576731,0.26796943545711815,0.6877298895576731,26.7,0.9190215389125063,0.11897085573339103,0.9190215389125063,64.3,0.9351702064889587,0.10063868468056109,0.9351702064889587
19.2,0.9618953022826658,0.06328333197104008,0.9618953022826658,2679.0,0.9051665626533905,0.15153855746418823,0.9051665626533905,19.0,0.9357595897554443,0.10834363263657723,0.9357595897554443,0.0,0.9413490207717277,0.0970585539487925,0.9413490207717277,7.7,0.960173472906029,0.06962550128362291,0.960173472906029,51.0,0.6875485879483759,0.26814710242491574,0.6875485879483759,26.7,0.9190952504153463,0.11883441407019776,0.9190952504153463,63.9,0.9348716369783191,0.10105096487007646,0.9348716369783191
19.2,0.9613611111154189,0.06415158588045147,0.9613611111154189,2180.0,0.9047823348827188,0.15231254227614108,0.9047823348827188,18.0,0.9354382050996258,0.10884128831006284,0.9354382050996258,0.0,0.9410436291882163,0.0973928466760164,0.9410436291882163,6.16,0.9599014672251374,0.06994968081199478,0.9599014672251374,33.0,0.6876511688198186,0.2680998633372339,0.6876511688198186,24.7,0.9188609526604539,0.11909878784429585,0.9188609526604539,63.5,0.9343695825545045,0.10170961442803102,0.9343695825545045
17.3,0.9611014294434107,0.06460156257376498,0.9611014294434107,1489.0,0.9037105386435138,0.15451009577253447,0.9037105386435138,20.0,0.9350793946268658,0.10947677099845834,0.9350793946268658,0.0,0.9405930140570237,0.0977014790951789,0.9405930140570237,3.96,0.9591330450645899,0.07126316467571218,0.9591330450645899,22.0,0.687459297067638,0.26810443159362046,0.687459297067638,21.2,0.9182010137390453,0.11981262439829746,0.9182010137390453,62.4,0.9340953519725711,0.10209675568520676,0.9340953519725711
18.4,0.9612827310527078,0.06426657923208114,0.9612827310527078,925.0,0.903019858779433,0.15535619542511353,0.903019858779433,34.0,0.9346323237413408,0.11021258495500252,0.9346323237413408,6.2,0.939843752551964,0.09848179098977274,0.939843752551964,3.92,0.9587349535839015,0.0717247526546458,0.9587349535839015,4.0,0.6872319891387942,0.2681130712282839,0.6872319891387942,20.4,0.9178804354133254,0.1200185530086227,0.9178804354133254,65.5,0.9341442010364522,0.10202039982511088,0.9341442010364522
45.5,0.9611230206146922,0.06450477946889589,0.9611230206146922,775.0,0.902491211986094,0.15587701960786743,0.902491211986094,47.0,0.9342375798864665,0.11078218324347539,0.9342375798864665,7.0,0.939347830294204,0.09883323180097567,0.939347830294204,4.63,0.9577865937254546,0.07403117946408258,0.9577865937254546,9.0,0.6878995413980814,0.2682345105619254,0.6878995413980814,21.2,0.918092377739358,0.11979702588013062,0.918092377739358,55.3,0.9341442010364522,0.10202039982511088,0.9341442010364522
51.0,0.9610121592405578,0.06466214330473297,0.9610121592405578,1947.0,0.9025277736176399,0.15583277639268733,0.9025277736176399,50.0,0.9333730252720654,0.11207607619595297,0.9333730252720654,0.0,0.93940657133678,0.09873150843559284,0.93940657133678,15.45,0.9575976616150524,0.0743020198783571,0.9575976616150524,18.0,0.6887865967875869,0.268297405416281,0.6887865967875869,31.8,0.918669865292734,0.119450877475061,0.918669865292734,70.2,0.9343626525170436,0.10169498484649735,0.9343626525170436
69.0,0.9606153930398103,0.06518929976024508,0.9606153930398103,1832.0,0.902375127193136,0.15618072771339056,0.902375127193136,56.0,0.9329733043235342,0.11241918391118902,0.9329733043235342,-7.0,0.9397484591981294,0.09827594689442541,0.9397484591981294,19.43,0.9571625992485574,0.07493988046279741,0.9571625992485574,32.0,0.6897606970506976,0.26831141279760173,0.6897606970506976,33.3,0.919107508013696,0.11924676254645536,0.919107508013696,67.8,0.9346548155004754,0.10122894638049809,0.9346548155004754
20.4,0.9606153930398103,0.06518929976024573,0.9606153930398103,1932.0,0.9027795488428956,0.15508010926902702,0.9027795488428956,67.0,0.9327130182612835,0.11259392411994545,0.9327130182612835,3.1,0.9399754707189295,0.0980518807018895,0.9399754707189295,15.11,0.9572359584476132,0.07486163899608067,0.9572359584476132,38.0,0.6897606970506976,0.26831141279760173,0.6897606970506976,32.2,0.9194999698553417,0.11907676102609648,0.9194999698553417,63.1,0.9347872680458913,0.10098744228859594,0.9347872680458913
78.0,0.9605536900560004,0.0652673001818493,0.9605536900560004,2005.0,0.9026067085393038,0.15540863267178873,0.9026067085393038,53.0,0.9329430955439829,0.1124327769233501,0.9329430955439829,0.0,0.9401567723282266,0.09773125281105592,0.9401567723282266,23.77,0.9568880163628398,0.07541358173034694,0.9568880163628398,45.0,0.6897606970506976,0.26831141279760173,0.6897606970506976,34.5,0.9199069499107584,0.11889169537384356,0.9199069499107584,67.1,0.9347454496147258,0.10104746641017652,0.9347454496147258
73.7,0.9601331765994303,0.06601625570492256,0.9601331765994303,1521.0,0.9024742559938878,0.15563283283165824,0.9024742559938878,63.0,0.9331243971532801,0.11211762603216228,0.9331243971532801,-4.7,0.9401567723282266,0.09773125281105592,0.9401567723282266,16.92,0.9568880163628398,0.07541358173034694,0.9568880163628398,50.0,0.6897606970506976,0.26831141279760173,0.6897606970506976,32.5,0.9206507877756376,0.11826990882060616,0.9206507877756376,65.9,0.9346129970693099,0.10128894991092742,0.9346129970693099
73.3,0.9601331765994303,0.06601625570492321,0.9601331765994303,1681.0,0.9018745386838586,0.1566640427691638,0.9018745386838586,61.0,0.9332319872597372,0.11194174345310394,0.9332319872597372,-0.8,0.9398970906562184,0.09816125366050517,0.9398970906562184,18.46,0.9570406627873438,0.07502862893360457,0.9570406627873438,54.0,0.6897606970506976,0.26831141279760173,0.6897606970506976,32.9,0.9213895073331284,0.11764790773896847,0.9213895073331284,67.1,0.9344401567657181,0.10164106594353635,0.9344401567657181
75.3,0.9605536900560003,0.06526730018185248,0.9605536900560003,1846.0,0.9019070199952818,0.1566278146229093,0.9019070199952818,63.0,0.9337258599153629,0.11116291804294824,0.9337258599153629,-3.9,0.9395023468013441,0.09873964629080914,0.9395023468013441,20.46,0.9562520133669123,0.0770927515411408,0.9562520133669123,59.0,0.6897606970506976,0.26831141279760173,0.6897606970506976,33.7,0.9218244476646129,0.11742606862492568,0.9218244476646129,67.1,0.9341021316075463,0.10203557026678704,0.9341021316075463
68.6,0.9608133717280087,0.06481777974221532,0.9608133717280087,2010.0,0.9020471030418028,0.1564621448394851,0.9020471030418028,35.0,0.9340099872283167,0.1109072787272765,0.9340099872283167,-3.1,0.9395511958652252,0.09866261228527287,0.9395511958652252,21.04,0.9562520133669123,0.07709275154114208,0.9562520133669123,62.0,0.6897606970506976,0.26831141279760173,0.6897606970506976,33.7,0.9218244476646129,0.11742606862492568,0.9218244476646129,67.5,0.9336670692410513,0.10264317847167222,0.9336670692410513
18.4,0.9603384764622905,0.0658258224672772,0.9603384764622905,2010.0,0.90139415652885,0.15693800826747753,0.90139415652885,19.0,0.9344813970425484,0.11014816604409752,0.9344813970425484,0.0,0.9394403344910907,0.09881207551776698,0.9394403344910907,5.59,0.9563502779822681,0.07696527241506157,0.9563502779822681,57.0,0.690598514505815,0.2683912014240857,0.690598514505815,23.5,0.9220587454195053,0.11716022171438484,0.9220587454195053,63.5,0.9337454493037625,0.10253501554884654,0.9337454493037625
18.4,0.9602647649594503,0.06597329298927697,0.9602647649594503,1822.0,0.9011344748568417,0.1573309443665832,0.9011344748568417,42.0,0.9344813970425484,0.11014816604409815,0.9344813970425484,11.7,0.9395479245975479,0.09863330437020681,0.9395479245975479,6.76,0.9563502779822682,0.07696527241506158,0.9563502779822682,33.67243525896414,0.6914142506977823,0.26847732700061105,0.6914142506977823,27.8,0.9218990349814897,0.11737864915060738,0.9218990349814897,63.5,0.9339237640239186,0.10236524125423994,0.9339237640239186
48.2,0.9600345777097243,0.06623514164733554,0.9600345777097243,1843.0,0.9013645521395411,0.15718858736683416,0.9013645521395411,42.0,0.9348439044182134,0.10978425407452097,0.9348439044182134,7.0,0.9394559752596137,0.09870851335891061,0.9394559752596137,13.19,0.9559660502115965,0.07782008421371174,0.9559660502115965,57.0,0.6927434841288687,0.2681249677392686,0.6927434841288687,30.6,0.9216248043995564,0.11775515864474956,0.9216248043995564,71.0,0.9342159270073501,0.1018996611814281,0.9342159270073501
52.9,0.9598748672717088,0.06647267731144292,0.9598748672717088,1919.0,0.9014161829658544,0.1571541672066555,0.9014161829658544,46.0,0.9347705452191575,0.10985765305684353,0.9347705452191575,-3.9,0.9394071261957325,0.09878553613032803,0.9394071261957325,15.33,0.9558388210850042,0.07801286233434655,0.9558388210850042,60.0,0.693791051008265,0.26807639459487126,0.693791051008265,31.4,0.9215437781228476,0.11782333712352819,0.9215437781228476,69.8,0.9343235171138072,0.10172236589760093,0.9343235171138072
52.2,0.9598748672717088,0.06647267731144292,0.9598748672717088,2046.0,0.9014161829658544,0.1571541672066549,0.9014161829658544,46.0,0.9342022774149783,0.11044647283799824,0.9342022774149783,-4.7,0.9397281585477666,0.09834878821204963,0.9397281585477666,16.04,0.9553082770589,0.07872043741465055,0.9553082770589,63.0,0.6936257424712748,0.2681360328519618,0.6936257424712748,31.8,0.9208102682807235,0.11844435066675217,0.9208102682807235,69.8,0.9343235171138072,0.10172236589760093,0.9343235171138072
51.8,0.959776602656353,0.06660175864242314,0.959776602656353,2103.0,0.9009173363805666,0.15742457849925381,0.9009173363805666,45.0,0.933807533560104,0.1110156672466234,0.933807533560104,0.8,0.9397749603178672,0.09830268380458862,0.9397749603178672,16.64,0.9541082711989225,0.08124119880844172,0.9541082711989225,65.0,0.6921450987573255,0.2687184388261319,0.6921450987573255,31.8,0.9200715487232329,0.11906520278310898,0.9200715487232329,70.2,0.934658862439802,0.10137207275188541,0.934658862439802
48.6,0.9593818588014789,0.06720709609945247,0.9593818588014789,2171.0,0.8998690469476125,0.15866693535917636,0.8998690469476125,20.0,0.9337709719285582,0.11106362889917258,0.9337709719285582,0.0,0.9401472413313471,0.09774537887432462,0.9401472413313471,7.06,0.9535968143016585,0.08228384609871812,0.9535968143016585,64.0,0.6917088955923495,0.26892292718839483,0.6917088955923495,24.3,0.9197492998820187,0.11963810682410679,0.9197492998820187,71.4,0.9349420092585756,0.10102119340701578,0.9349420092585756
18.8,0.9588044729955908,0.0678444359278885,0.9588044729955908,2086.0,0.8997302958395778,0.15877257304703463,0.8997302958395778,21.0,0.9329753877183405,0.11232085458731185,0.9329753877183405,0.0,0.9403285429406442,0.09742462638573404,0.9403285429406442,6.04,0.9533491411486803,0.08265615751740726,0.9533491411486803,58.0,0.6913866467511353,0.26925964973781863,0.6913866467511353,24.3,0.9195016267290405,0.1199855956586314,0.9195016267290405,63.5,0.9348537488458105,0.10112293139605652,0.9348537488458105
17.3,0.9583676541146448,0.06823558059047201,0.9583676541146448,1743.0,0.8995873964565142,0.15889941614706746,0.8995873964565142,42.0,0.933026284076002,0.11226873871532507,0.933026284076002,0.0,0.9401569191262326,0.09762244004303015,0.9401569191262326,4.5,0.9528786634450925,0.0833161089351334,0.9528786634450925,49.0,0.6911977146407331,0.2693921047670115,0.6911977146407331,22.4,0.9188247700825988,0.12070539602220565,0.9188247700825988,63.1,0.9343598761901845,0.101908144092228,0.9343598761901845
49.0,0.9582939426118046,0.06838254234484828,0.9582939426118046,1665.0,0.8994486453484793,0.15900496959057106,0.8994486453484793,42.0,0.9329529248769459,0.11234176609960479,0.9329529248769459,0.0,0.9401569191262326,0.09762244004303015,0.9401569191262326,12.25,0.953170826428524,0.0828339549843035,0.953170826428524,51.0,0.6899611897993904,0.2708225520450167,0.6899611897993904,30.2,0.9189154375776453,0.12057349485432499,0.9189154375776453,69.8,0.9342522860837276,0.1020854257959042,0.9342522860837276
51.4,0.9581126410025075,0.06871562976679449,0.9581126410025075,1712.0,0.8988628233549192,0.159789377082998,0.8988628233549192,45.0,0.9326497696529913,0.11254821279460488,0.9326497696529913,0.0,0.9398818009303607,0.09775207847748471,0.9398818009303607,13.13,0.9530599650543897,0.08298776119329838,0.9530599650543897,53.0,0.6889327119108953,0.27219886338165505,0.6889327119108953,30.6,0.918653146268187,0.12089351379715195,0.918653146268187,69.8,0.9342941045148928,0.10202548457286538,0.9342941045148928
51.4,0.9581816839454765,0.06862242281509237,0.9581816839454765,1767.0,0.8986110481296635,0.16033126369423192,0.8986110481296635,43.0,0.9323656423400374,0.1128028814477852,0.9323656423400374,-5.5,0.9399700613431257,0.09764937438835146,0.9399700613431257,13.65,0.9530014016190753,0.08303975033331093,0.9530014016190753,54.0,0.6886537775275435,0.27231783451240577,0.6886537775275435,30.6,0.9186322907588714,0.12091127481482022,0.9186322907588714,70.2,0.9339732497701205,0.10240674146601965,0.9339732497701205
50.2,0.9577102741312449,0.0694240121521403,0.9577102741312449,1830.0,0.8983976058840865,0.16056123213267462,0.8983976058840865,69.0,0.9320446099880034,0.11323070092436198,0.9320446099880034,2.3,0.9398574620016542,0.09777676352957948,0.9398574620016542,13.89,0.952518616287571,0.08361363507534875,0.952518616287571,59.0,0.6867674760221935,0.2736083249671228,0.6867674760221935,31.0,0.9179960430004491,0.12135765628452974,0.9179960430004491,70.6,0.9331660284251563,0.10319083874733022,0.9331660284251563
79.6,0.9575608655936226,0.06967303083246472,0.9575608655936226,2026.0,0.8973439137616773,0.1617961756214377,0.8973439137616773,51.0,0.9321694320323145,0.1130826914520567,0.9321694320323145,-3.1,0.9398331230729479,0.09780144717205974,0.9398331230729479,24.68,0.9522713452329971,0.08382273623199249,0.9522713452329971,64.0,0.6859517398302263,0.2735124098507033,0.6859517398302263,34.9,0.9171734635808428,0.12211134197880144,0.9171734635808428,67.1,0.9326946186109247,0.1039522404437798,0.9326946186109247
48.2,0.9574336364670303,0.0698672476154812,0.9574336364670303,2155.0,0.8968846345014866,0.16200920726347323,0.8968846345014866,20.0,0.9324010133784822,0.11263364740116899,0.9324010133784822,2.3,0.9399115031356591,0.09769205276366942,0.9399115031356591,13.25,0.9522295268018318,0.08388480431165211,0.9522295268018318,62.0,0.6861007742165571,0.27351533381424437,0.6861007742165571,30.2,0.9169874934116746,0.1223867892559792,0.9169874934116746,70.6,0.9328022087173818,0.10377550886319885,0.9328022087173818
18.8,0.9574336364670303,0.0698672476154812,0.9574336364670303,1890.0,0.8968692732704806,0.16201822040389124,0.8968692732704806,18.0,0.9327957572333565,0.11206613640310534,0.9327957572333565,9.4,0.9399898831983703,0.09758263874993821,0.9399898831983703,4.45,0.9522295268018318,0.08388480431165211,0.9522295268018318,58.0,0.6866000699543794,0.2733908081136317,0.6866000699543794,21.6,0.9169257904278648,0.12245700877960401,0.9169257904278648,63.5,0.9324799598761675,0.10436277109989575,0.9324799598761675
17.3,0.9575243039620768,0.06972400947593689,0.9575243039620768,1557.0,0.8970075170436209,0.1619442697775384,0.8970075170436209,41.0,0.9329239668541287,0.11197491074775663,0.9329239668541287,0.0,0.9400515861821802,0.09750861079472033,0.9400515861821802,4.2,0.952196140899212,0.08391083554531857,0.952196140899212,55.0,0.686325839372446,0.2735879995791699,0.686325839372446,21.6,0.9169934477072811,0.12239580938463832,0.9169934477072811,62.7,0.9323307989031502,0.1045362774162534,0.9323307989031502
59.6,0.9577641324301405,0.06939619217826631,0.9577641324301405,1518.0,0.8967439438912751,0.16218332799030946,0.8967439438912751,55.0,0.9331470868945912,0.11160025090901347,0.9331470868945912,0.0,0.9399439960757232,0.09768761861633309,0.9399439960757232,13.73,0.9523455494368344,0.0836655679616235,0.9523455494368344,58.0,0.6855435201210861,0.2742625327439523,0.6855435201210861,31.0,0.917052188749857,0.12229831377259517,0.917052188749857,68.6,0.932009414247332,0.10503314816141712,0.932009414247332
63.9,0.9575410123896779,0.06979195995301214,0.9575410123896779,1590.0,0.8960765693018298,0.16325859863545789,0.8960765693018298,38.0,0.9333283885038884,0.11128485981752773,0.9333283885038884,0.8,0.9400565954171947,0.09756020491176239,0.9400565954171947,14.95,0.9523455494368344,0.08366556796162414,0.9523455494368344,59.0,0.6852212712798718,0.27459149870902294,0.6852212712798718,31.4,0.9171138917336669,0.12222807162052461,0.9171138917336669,67.8,0.9317862942068694,0.10540885814394488,0.9317862942068694
18.0,0.9577138526932698,0.06942447351289815,0.9577138526932698,1507.0,0.8960765693018298,0.1632585986354585,0.8960765693018298,55.0,0.9334392498780227,0.11113800260971572,0.9334392498780227,1.6,0.940025018696968,0.0975828701714423,0.940025018696968,3.83,0.9527585311268026,0.08313875493891418,0.9527585311268026,54.0,0.6857737073708121,0.2741562818484133,0.6857737073708121,21.6,0.9171138917336668,0.1222280716205246,0.9171138917336668,62.4,0.9320848637175091,0.10499954788510532,0.9320848637175091
18.0,0.9579027848036722,0.06915263447206625,0.9579027848036722,1285.0,0.8966623912953899,0.1624795354940124,0.8966623912953899,21.0,0.9344901906079125,0.10882501667119437,0.9344901906079125,12.5,0.9395785138461686,0.09786424181735828,0.9395785138461686,3.34,0.9527585311268026,0.08313875493891418,0.9527585311268026,46.0,0.6861676224570527,0.2740897610763869,0.6861676224570527,20.0,0.9173409032544669,0.12201648733134948,0.9173409032544669,60.0,0.9332431150163388,0.1025985982006092,0.9332431150163388
78.8,0.9580300139302643,0.0689582185230657,0.9580300139302643,1254.0,0.8966623912953899,0.1624795354940124,0.8966623912953899,90.0,0.9350207346340165,0.10815187010155236,0.9350207346340165,10.2,0.9388562609173253,0.099092361649571,0.9388562609173253,16.12,0.9529398327360998,0.08281041883306646,0.9529398327360998,49.0,0.6864808843704808,0.2740533482480247,0.6864808843704808,32.9,0.9175563927938243,0.12174093474510667,0.9175563927938243,63.5,0.9332431150163388,0.10259859820060857,0.9332431150163388
100.0,0.9580565713592196,0.06892806775563214,0.9580565713592196,1378.0,0.8966623912953899,0.16247953549401298,0.8966623912953899,91.0,0.9352362241733739,0.10786671850825315,0.9352362241733739,6.2,0.9387161778708042,0.09927529704380918,0.9387161778708042,22.59,0.9527731922606235,0.08302850470690545,0.9527731922606235,52.0,0.6866664684819339,0.2740157235307516,0.6866664684819339,37.3,0.91723414395261,0.12231110404208473,0.91723414395261,53.7,0.9335910571011123,0.1020717966652565,0.9335910571011123
100.0,0.9577023307118273,0.06935859254423767,0.9577023307118273,1476.0,0.8964027096233815,0.16286832745618002,0.8964027096233815,89.0,0.935343814279831,0.10768989045062369,0.935343814279831,-0.8,0.9385564674327886,0.09950144082696151,0.9385564674327886,23.62,0.9526120479538666,0.08319239031903873,0.9526120479538666,56.0,0.6869048495246066,0.2739368146304758,0.6869048495246066,37.3,0.917110707571852,0.12243147458487008,0.917110707571852,55.7,0.9334927924857567,0.10219321815470027,0.9334927924857567
63.5,0.957552922174205,0.06960761918509381,0.957552922174205,1554.0,0.896033107744983,0.16323959807237282,0.896033107744983,21.0,0.9352821112960212,0.10776281174060831,0.9352821112960212,0.0,0.9384316453884778,0.09965247759800729,0.9384316453884778,5.0,0.95252138045882,0.08333354374554526,0.95252138045882,55.0,0.6868153528850921,0.2739469424473708,0.6868153528850921,21.2,0.917110707571852,0.12243147458487008,0.917110707571852,58.0,0.9333038603753545,0.10245073715934393,0.9333038603753545
17.6,0.9579859990087579,0.06866771552412804,0.9579859990087579,1466.0,0.8955164608096912,0.16383949751007118,0.8955164608096912,21.0,0.9352555538670658,0.10779105109477657,0.9352555538670658,0.0,0.9385392354949347,0.09947401904153266,0.9385392354949347,3.95,0.9520743095732946,0.08409729507803727,0.9520743095732946,50.0,0.6877870067692405,0.27397026830275373,0.6877870067692405,21.2,0.9172160727772669,0.12234081741522981,0.9172160727772669,61.6,0.9327872134400624,0.10311693078690738,0.9327872134400624
19.2,0.9576317583613655,0.06909830110426608,0.9576317583613655,1325.0,0.8953381460895349,0.16398840568006004,0.8953381460895349,21.0,0.9354715888092991,0.10766246975497298,0.9354715888092991,3.1,0.9381550411050588,0.099903594816919,0.9381550411050588,3.79,0.9518797793639179,0.08428686638695067,0.9518797793639179,46.0,0.6886448303860954,0.274049267530261,0.6886448303860954,20.8,0.9173536909370319,0.12230718675784771,0.9173536909370319,59.6,0.93255291568517,0.10339008799047192,0.93255291568517
21.6,0.9575700553775556,0.06917578132324484,0.9575700553775556,1140.0,0.8952308355205946,0.16406138416920227,0.8952308355205946,44.0,0.9357188242614441,0.10750275426710959,0.9357188242614441,1.6,0.937960510895682,0.10008661033228645,0.937960510895682,3.76,0.951657355034774,0.08448067944518928,0.951657355034774,22.0,0.6891656931064866,0.2741733428789914,0.6891656931064866,19.2,0.9174783935292165,0.12227695507054137,0.9174783935292165,57.6,0.93262662718801,0.10325012707561847,0.93262662718801
100.0,0.9575700553775556,0.06917578132324484,0.9575700553775556,611.0,0.8954465058022298,0.16400652991359072,0.8954465058022298,75.0,0.9357188242614441,0.10750275426710959,0.9357188242614441,1.6,0.9376391262398638,0.10058844096791508,0.9376391262398638,9.72,0.9516330161060677,0.08450607623654373,0.9516330161060677,31.0,0.6898129922270033,0.27429754880132984,0.6898129922270033,45.1,0.9175217118799263,0.12223902233779603,0.9175217118799263,47.5,0.9330597040225629,0.10235196208696204,0.9330597040225629
60.8,0.9574299723310344,0.06936732382704852,0.9574299723310344,1248.0,0.8954087978762311,0.1640332748223379,0.8954087978762311,58.0,0.9357188242614441,0.10750275426710959,0.9357188242614441,3.9,0.9372186127832938,0.10130230083223873,0.9372186127832938,12.73,0.9516086771773613,0.08453147161828305,0.9516086771773613,41.0,0.6906237732426391,0.2743896161018285,0.6906237732426391,31.0,0.9176711204175487,0.12200990311669832,0.9176711204175487,68.6,0.9331380840852741,0.1022438562706457,0.9331380840852741
65.1,0.9574990152740035,0.0692742373359314,0.9574990152740035,1462.0,0.8951933083368735,0.1642905991065965,0.8951933083368735,20.0,0.9358460533880365,0.10731848505776934,0.9358460533880365,-7.0,0.9370861602378778,0.10154446300229905,0.9370861602378778,13.8,0.9515104804872534,0.08461903183498123,0.9515104804872534,40.0,0.6918489015647401,0.2741739744747044,0.6918489015647401,31.0,0.9179696899281884,0.1216132235700353,0.9179696899281884,66.3,0.932956782475977,0.10256093082254267,0.932956782475977
25.5,0.9574990152740035,0.0692742373359314,0.9574990152740035,872.0,0.8948678216087778,0.1649572003910764,0.8948678216087778,23.0,0.9356647517787393,0.10763561197316751,0.9356647517787393,-2.3,0.9367647755820597,0.10204526171497004,0.9367647755820597,4.45,0.9515104804872534,0.08461903183498123,0.9515104804872534,28.0,0.6927806094488508,0.2742089458123947,0.6927806094488508,21.6,0.9177968496245965,0.12195456805867753,0.9177968496245965,67.5,0.9328830709731369,0.10270100151760113,0.9328830709731369
21.2,0.9574402742314276,0.06937996267937953,0.9574402742314276,1264.0,0.8948678216087778,0.1649572003910764,0.8948678216087778,64.0,0.936069173428499,0.10646835460898028,0.936069173428499,2.3,0.9368723656885166,0.10186743554433213,0.9368723656885166,3.94,0.9513978811457819,0.08474981265768679,0.9513978811457819,22.0,0.6929774166573056,0.27416890858889753,0.6929774166573056,20.4,0.9173560065675186,0.12226758456878468,0.9173560065675186,58.8,0.9331635013831858,0.10217273709502361,0.9331635013831858
78.0,0.9573914251675466,0.06946015102330398,0.9573914251675466,1147.0,0.8951599845922094,0.16453425630222884,0.8951599845922094,67.0,0.9355753007728731,0.10725190731479954,0.9355753007728731,-3.1,0.9368723656885167,0.10186743554433153,0.9368723656885167,13.04,0.9516575628177905,0.08431023144900196,0.9516575628177905,29.0,0.6928416164860756,0.27420281561767973,0.6928416164860756,31.4,0.9173560065675186,0.1222675845687865,0.9173560065675186,59.2,0.9330310488377699,0.102413603626208,0.9330310488377699
80.8,0.9571317434955383,0.06990668584309374,0.9571317434955383,1586.0,0.8956070554777348,0.1638611831430074,0.8956070554777348,69.0,0.935114623075151,0.10766615064877888,0.935114623075151,-3.1,0.9369089273200625,0.10181892687790738,0.9369089273200625,19.07,0.9514686307073883,0.08457711015634599,0.9514686307073883,39.0,0.6929766786689415,0.274136175799534,0.6929766786689415,33.3,0.9171700363983504,0.12254306486041044,0.9171700363983504,64.7,0.9330778506078705,0.10236810173046064,0.9330778506078705
79.6,0.9570583842964824,0.06998529731316395,0.9570583842964824,2068.0,0.8954994653712777,0.16402267421505512,0.8954994653712777,46.0,0.9350780614436052,0.10771432255920135,0.9350780614436052,-7.8,0.9372303119758807,0.10131796271656537,0.9372303119758807,24.38,0.9513298795993532,0.08470234040198375,0.9513298795993532,47.0,0.6925483357479671,0.27438513540146026,0.6925483357479671,34.9,0.9168086855346955,0.12299246668519666,0.9168086855346955,67.5,0.9331196690390359,0.1023082600196607,0.9331196690390359
24.7,0.9571367643591935,0.0698713237572684,0.9571367643591935,2270.0,0.8953307605207592,0.164143755550792,0.8953307605207592,26.0,0.9353257345965833,0.10735661284064998,0.9353257345965833,0.0,0.937489993647889,0.10089021031328203,0.937489993647889,8.61,0.9512190182252188,0.08485559453442977,0.9512190182252188,43.0,0.6922781693404563,0.2744566512063895,0.6922781693404563,25.9,0.9165282551246465,0.12350401555427003,0.9165282551246465,77.3,0.9324396905241211,0.10285210011994758,0.9324396905241211
18.8,0.9571042830477703,0.0699133855613178,0.9571042830477703,2105.0,0.8954318080918614,0.1640788655547283,0.8954318080918614,32.0,0.9348543247823516,0.10811791910615377,0.9348543247823516,9.4,0.9373405851102665,0.101128493508911,0.9373405851102665,6.15,0.951083956042353,0.08500836874467423,0.951083956042353,40.0,0.6933683247644638,0.2743748425377191,0.6933683247644638,26.7,0.9159041988859111,0.12459872791299964,0.9159041988859111,67.8,0.9320783396604663,0.10331821247667586,0.9320783396604663
41.2,0.9569551900000006,0.07005906579981494,0.9569551900000006,1992.0,0.8961012724435988,0.16361051725470552,0.8961012724435988,40.0,0.9344955143095915,0.10875323048359976,0.9344955143095915,-1.6,0.9375637051507291,0.10074922562715508,0.9375637051507291,13.69,0.9511948174164875,0.08485515698633214,0.9511948174164875,42.0,0.694841439570128,0.2737989621500225,0.694841439570128,31.0,0.9159041988859111,0.12459872791299964,0.9159041988859111,71.8,0.9326676506803345,0.10291095538833944,0.9326676506803345
44.7,0.9569551900000006,0.07005906579981368,0.9569551900000006,2102.0,0.8968977866512973,0.16292064491517355,0.8968977866512973,20.0,0.9344536958784263,0.10881288553283892,0.9344536958784263,0.0,0.9377546845549116,0.10051369148997788,0.9377546845549116,14.06,0.9514424905694655,0.0844843564013451,0.9514424905694655,33.0,0.6958802036133729,0.27375343284094555,0.6958802036133729,26.7,0.9161226503665025,0.12428599145741467,0.9161226503665025,71.4,0.9333424194798826,0.1023680926633369,0.9333424194798826
19.6,0.9568560611992489,0.07027957069105084,0.9568560611992489,1173.0,0.897396633236585,0.1626552756343988,0.897396633236585,35.0,0.9343753158157151,0.10892061698167885,0.9343753158157151,-0.8,0.9381269655683915,0.09995862947610125,0.9381269655683915,3.47,0.9516314226798678,0.08421746752882912,0.9516314226798678,9.0,0.6970989897506097,0.27352556939351175,0.6970989897506097,18.4,0.9162252312379451,0.12418366156462322,0.9162252312379451,60.4,0.9341443363770361,0.10158426048010467,0.9341443363770361
74.5,0.9566700910300807,0.07057911004189225,0.9566700910300807,986.0,0.8978340902101805,0.16244545014482273,0.8978340902101805,70.0,0.9347855652697469,0.10853044420675637,0.9347855652697469,-3.1,0.9380851471372261,0.10001894613949501,0.9380851471372261,10.91,0.9514717122418522,0.08444971200317992,0.9514717122418522,23.0,0.6979217468809995,0.27360061617915266,0.6979217468809995,30.2,0.9164568125841128,0.12374607135749986,0.9164568125841128,57.3,0.9350399793854862,0.1005882657974752,0.9350399793854862
78.8,0.9570378669680577,0.07028281644501591,0.9570378669680577,2279.0,0.8984581464489158,0.16140200944750405,0.8984581464489158,63.0,0.9351969217092929,0.10808962176651764,0.9351969217092929,-5.5,0.9381339962011074,0.0999421104475893,0.9381339962011074,27.99,0.9515205613057333,0.084370832986474,0.9515205613057333,39.0,0.6990055044823242,0.2735076966046086,0.6990055044823242,35.7,0.9161971309121045,0.12415647935956954,0.9161971309121045,67.8,0.935483046869432,0.10033275708826814,0.935483046869432
20.4,0.9576152527739459,0.06964827194850459,0.9576152527739459,2463.0,0.898538264478964,0.1613251442845943,0.898538264478964,47.0,0.9351969217092929,0.10808962176651764,0.9351969217092929,-3.1,0.9380213968596359,0.10006892979642543,0.9380213968596359,13.58,0.9525490391942285,0.08200090932523382,0.9525490391942285,41.0,0.699899033397626,0.2735475914810579,0.699899033397626,32.2,0.9162529100134464,0.12409751404022612,0.9162529100134464,63.9,0.9356584275639187,0.10014997243413433,0.9356584275639187
19.2,0.9583563608817168,0.06864927871779207,0.9583563608817168,1999.0,0.8986166445416751,0.16122683051728312,0.8986166445416751,33.0,0.9350893316028359,0.10826637217216646,0.9350893316028359,0.0,0.9381708053972582,0.09983028138447021,0.9381708053972582,5.93,0.9532052360692439,0.08019911269961105,0.9532052360692439,37.0,0.700697045240613,0.2736266086855215,0.700697045240613,23.9,0.9170525635432845,0.12317017205901729,0.9170525635432845,76.5,0.935621865932373,0.10019847095509928,0.935621865932373
34.5,0.9589421828752769,0.0677439218598568,0.9589421828752769,1755.0,0.8989962403290235,0.16079096990564218,0.8989962403290235,20.0,0.9347209005799696,0.10859713983768932,0.9347209005799696,4.7,0.9379309769291945,0.10014289224052,0.9379309769291945,9.08,0.9534450645373077,0.07987556714457598,0.9534450645373077,31.0,0.7017768956981945,0.27352872248447363,0.7017768956981945,27.5,0.917622170047624,0.12235343842154935,0.917622170047624,73.3,0.9361743020233132,0.0993612890654938,0.9361743020233132
20.0,0.959826525176263,0.06635896588361528,0.959826525176263,1259.0,0.8992592719177769,0.1607030169833452,0.8992592719177769,33.0,0.9342675932897809,0.10921660690014572,0.9342675932897809,10.9,0.9372895859106841,0.10068289333254157,0.9372895859106841,3.59,0.9539317577301161,0.07920103536351904,0.9539317577301161,12.0,0.7025345773139724,0.2736171284718668,0.7025345773139724,19.2,0.9182413053203189,0.12176684551760011,0.9182413053203189,59.6,0.9364951567680857,0.098977924629734,0.9364951567680857
54.9,0.9605484949660087,0.06536434678118344,0.9605484949660087,1321.0,0.8991881780891583,0.1607514649105966,0.8991881780891583,67.0,0.9344170018274035,0.10898050408465598,0.9344170018274035,-1.6,0.9375372590636624,0.10032234504207146,0.9375372590636624,11.13,0.9543431141696621,0.0787366041817121,0.9543431141696621,19.0,0.7022351892340749,0.2737091327052227,0.7022351892340749,29.8,0.9188525550773201,0.12118191114225121,0.9188525550773201,62.4,0.9373796846272064,0.0979790875854707,0.9373796846272064
80.8,0.9610189726695962,0.06468963374388133,0.9610189726695962,1987.0,0.8991881780891583,0.1607514649105966,0.8991881780891583,40.0,0.9343612227260614,0.10904183745035737,0.9343612227260614,1.6,0.9377969407356707,0.09989415843564113,0.9377969407356707,24.83,0.9545257161109929,0.0785791321182614,0.9545257161109929,30.0,0.7021215115233981,0.2737560265621107,0.7021215115233981,35.3,0.9191571307102822,0.12099659856824532,0.9191571307102822,66.3,0.93786720016782,0.09766195546880302,0.93786720016782
85.1,0.9609283051745499,0.0648339177831775,0.9609283051745499,1564.0,0.8998555526786036,0.1596697597328796,0.8998555526786036,77.0,0.934340367216746,0.10906025977829883,0.934340367216746,2.3,0.9377480916717895,0.09997096527793556,0.9377480916717895,20.26,0.9547166955151757,0.07833416602928024,0.9547166955151757,40.0,0.7025081326358822,0.27367981658451146,0.7025081326358822,34.1,0.919230489909338,0.12092560492462591,0.919230489909338,64.7,0.9384912564065555,0.09651906404410401,0.9384912564065555
92.2,0.9601744755254797,0.06614249777164173,0.9601744755254797,2143.0,0.9000991616571591,0.15951095163425366,0.9000991616571591,73.0,0.9344754293996117,0.10891408034689348,0.9344754293996117,-6.2,0.9377480916717895,0.09997096527793556,0.9377480916717895,30.15,0.9543578850424154,0.07899591966628638,0.9543578850424154,53.0,0.70182768775602,0.2735747071273942,0.70182768775602,36.9,0.9187366172537121,0.12168524766755778,0.9187366172537121,65.9,0.9382315747345471,0.09694854259675606,0.9382315747345471
84.7,0.9600078350500034,0.06636535145011617,0.9600078350500034,2703.0,0.9003293489068852,0.15929134904533004,0.9003293489068852,34.0,0.9346985494400742,0.10853797778781277,0.9346985494400742,3.1,0.9377480916717895,0.09997096527793556,0.9377480916717895,12.19,0.9540774546323666,0.07954437564026114,0.9540774546323666,54.0,0.700875066425031,0.27357332897582515,0.700875066425031,27.1,0.9183523894830405,0.12248524073578933,0.9183523894830405,67.8,0.9387064700002654,0.09598096247282417,0.9387064700002654
38.0,0.9600815465528435,0.06621795319587237,0.9600815465528435,2692.0,0.8999380571227018,0.15991567887735886,0.8999380571227018,19.0,0.9349971189507139,0.10812817742188227,0.9349971189507139,-4.7,0.9381951625573147,0.09922746600854616,0.9381951625573147,15.49,0.9539248082078625,0.0799273396316451,0.9539248082078625,48.0,0.7003408752577842,0.27402293329796534,0.7003408752577842,31.4,0.9182532606822887,0.1226905928894586,0.9182532606822887,76.5,0.9386327584974253,0.09612251273778569,0.9386327584974253
19.6,0.9601891366593005,0.06603111004414795,0.9601891366593005,2228.0,0.8997064757765341,0.16033493443862326,0.8997064757765341,20.0,0.9347129916377601,0.10838500280025933,0.9347129916377601,0.0,0.9381686051283595,0.09925605396140079,0.9381686051283595,6.51,0.9537975790812704,0.08011938073065072,0.9537975790812704,44.0,0.7004517366319186,0.27394618949687455,0.7004517366319186,25.1,0.9181625931872422,0.12282217280593918,0.9181625931872422,63.1,0.9387471706767538,0.09602566909679142,0.9387471706767538
19.6,0.959619530154961,0.06692605822150131,0.959619530154961,2149.0,0.9002231227118259,0.1597293350910308,0.9002231227118259,43.0,0.9352569298464474,0.10733934951618002,0.9352569298464474,7.0,0.9380285220818384,0.09943880923660701,0.9380285220818384,6.32,0.9533261692670386,0.08091130859109484,0.9533261692670386,49.0,0.7008464804867927,0.27363835245363743,0.7008464804867927,25.1,0.9184611626978819,0.12242550251372616,0.9184611626978819,63.1,0.9388872537232749,0.09584224176493218,0.9388872537232749
46.7,0.9596979102176723,0.0668114991832406,0.9596979102176723,2516.0,0.9002565086144457,0.15970786691169145,0.9002565086144457,21.0,0.9350338098059849,0.10771599371042885,0.9350338098059849,-4.7,0.9379501420191273,0.09954780583897507,0.9379501420191273,17.63,0.9533261692670386,0.0809113085910942,0.9533261692670386,48.0,0.7012795573213455,0.27309635447778824,0.7012795573213455,32.5,0.9186521421020646,0.12220011844867944,0.9186521421020646,73.3,0.9387206132477985,0.09605436775459078,0.9387206132477985
16.9,0.9602710700987461,0.06567543787603282,0.9602710700987461,1450.0,0.900647800398629,0.15908317673727865,0.900647800398629,29.0,0.9350703714375307,0.10766782454357567,0.9350703714375307,4.7,0.9374752467534091,0.10051272174382023,0.9374752467534091,3.6,0.9527691011927751,0.08249467501242036,0.9527691011927751,12.0,0.7015313325466013,0.27273641839976676,0.7015313325466013,21.2,0.9187108831446404,0.12210240564319116,0.9187108831446404,64.3,0.9389521945939663,0.0955975743399434,0.9389521945939663
36.1,0.9603128885299116,0.06561199070576172,0.9603128885299116,809.0,0.9010948712841543,0.15840226926759396,0.9010948712841543,35.0,0.9349209628999083,0.10790432658117077,0.9349209628999083,-3.1,0.9373761179526574,0.10072521881478903,0.9373761179526574,4.01,0.9521129043177597,0.08429401510137059,0.9521129043177597,0.0,0.7014880141958914,0.2727529926553957,0.7014880141958914,20.0,0.9184591079193847,0.12266854492565846,0.9184591079193847,56.1,0.9392264251758997,0.09520621173170392,0.9392264251758997
37.3,0.9603866000327516,0.06546448455353666,0.9603866000327516,788.0,0.9005782243488625,0.15900939378163598,0.9005782243488625,31.0,0.9348133727934513,0.10808103880849472,0.9348133727934513,1.6,0.9375916074920148,0.1004375163831291,0.9375916074920148,4.19,0.9520541632751839,0.08439817108216015,0.9520541632751839,0.0,0.7013207182662075,0.27278264372496364,0.7013207182662075,20.4,0.9184591079193847,0.12266854492565846,0.9184591079193847,54.9,0.9395743672606732,0.09467280657706072,0.9395743672606732
35.7,0.9604453410753274,0.06535816823918413,0.9604453410753274,789.0,0.8994353342810386,0.16123550241063545,0.8994353342810386,31.0,0.934686143666859,0.10826496865032843,0.934686143666859,1.6,0.9369242329025693,0.10161651432165153,0.9369242329025693,3.98,0.9523138449471922,0.08395815891765707,0.9523138449471922,0.0,0.7006910454393515,0.2732552619672299,0.7006910454393515,20.0,0.9184591079193847,0.12266854492565846,0.9184591079193847,56.5,0.9394617679192019,0.09480048894872159,0.9394617679192019
38.0,0.9602268895947361,0.06570224356959826,0.9602268895947361,794.0,0.898748496689288,0.16232974205500206,0.898748496689288,37.0,0.9347645237295702,0.10815714030834829,0.9347645237295702,1.6,0.9364674003793053,0.10215429175858225,0.9364674003793053,4.14,0.9523463262586154,0.08391681047786492,0.9523463262586154,0.0,0.7002627025183772,0.2735112863589633,0.7002627025183772,20.4,0.9181786775093358,0.12318124920619276,0.9181786775093358,56.1,0.9393345387926095,0.0949872780068305,0.9393345387926095
41.2,0.9601286249793803,0.06583145607720489,0.9601286249793803,801.0,0.8982951893990995,0.1628941203762044,0.8982951893990995,34.0,0.9345048420575619,0.10858146727074422,0.9345048420575619,0.8,0.9363598102728482,0.1023319979817811,0.9363598102728482,4.6,0.9531349756790468,0.08186728287383015,0.9531349756790468,0.0,0.6989499625104487,0.2738737918282928,0.6989499625104487,21.2,0.9171501996208407,0.12541292804268034,0.9171501996208407,52.9,0.9395158404019067,0.0946663029933804,0.9395158404019067
39.6,0.9601286249793803,0.06583145607720489,0.9601286249793803,809.0,0.8968593140000389,0.16521188232259196,0.8968593140000389,32.0,0.9341568999727883,0.10910643533889407,0.9341568999727883,-4.7,0.9363109612089672,0.10240854397446654,0.9363109612089672,3.98,0.9531349756790468,0.08186728287383015,0.9531349756790468,0.0,0.6970788520643134,0.27520664226794894,0.6970788520643134,20.4,0.9167031287353155,0.12612483127664081,0.9167031287353155,55.3,0.9396267017760412,0.09451633668067344,0.9396267017760412
34.5,0.9599426548102121,0.0661329749388567,0.9599426548102121,796.0,0.896076994748679,0.1663570805429364,0.896076994748679,31.0,0.9337846189593086,0.10965516534393947,0.9337846189593086,2.3,0.9366323458647853,0.10190814640799807,0.9366323458647853,4.06,0.95316745699047,0.08182582259283931,0.95316745699047,0.0,0.6960439435268697,0.2752527709406913,0.6960439435268697,20.0,0.9170978725901896,0.1255742993634926,0.9170978725901896,56.5,0.9400696372084929,0.09398165566389637,0.9400696372084929
36.5,0.959868943307372,0.06628035692199369,0.959868943307372,803.0,0.8957181842759189,0.16693919131664164,0.8957181842759189,32.0,0.9335738229277293,0.10986303610609377,0.9335738229277293,0.8,0.9371470740297267,0.10110209492726155,0.9371470740297267,4.16,0.9535153990752436,0.081278579464141,0.9535153990752436,0.0,0.6953284969654202,0.2751447602456973,0.6953284969654202,20.4,0.9174701536036695,0.12504340973987965,0.9174701536036695,56.9,0.9407110282270031,0.09343507390773913,0.9407110282270031
37.3,0.9596212701543938,0.0666595273940014,0.9596212701543938,799.0,0.8958675928135412,0.1667239294858091,0.8958675928135412,33.0,0.9336986449720401,0.10971428384170116,0.9336986449720401,1.6,0.9374950161145004,0.10057221556279762,0.9374950161145004,4.11,0.9538376479164579,0.0806686635234646,0.9538376479164579,0.0,0.6953284969654202,0.2751447602456973,0.6953284969654202,20.4,0.9174701536036695,0.12504340973987965,0.9174701536036695,55.3,0.9411575330778023,0.09315114896680264,0.9411575330778023
40.4,0.9596537514658172,0.06661723238045067,0.9596537514658172,783.0,0.8959701736849838,0.16662934344656027,0.8959701736849838,34.0,0.9336309876926239,0.10977784322832392,0.9336309876926239,0.8,0.9380947334245295,0.09945635187847185,0.9380947334245295,4.17,0.9538051666050346,0.08071019628191312,0.9538051666050346,0.0,0.6953284969654202,0.2751447602456973,0.6953284969654202,20.4,0.917198147922778,0.12533494196642456,0.917198147922778,54.9,0.9416596627944743,0.09279409199336566,0.9416596627944743
37.6,0.9590805915847432,0.06775194999999135,0.9590805915847432,794.0,0.8963181157697573,0.16615155833817516,0.8963181157697573,46.0,0.9331611919931929,0.11019346805767567,0.9331611919931929,0.8,0.9379134318152325,0.09977586022886553,0.9379134318152325,4.07,0.9539034312203902,0.08058345658898576,0.9539034312203902,2.0,0.6953284969654202,0.2751447602456973,0.6953284969654202,20.4,0.9167528795685383,0.12555318134660817,0.9167528795685383,58.8,0.9423415552214025,0.09214808834680197,0.9423415552214025
63.5,0.9589077512811512,0.06812029812028889,0.9589077512811512,1088.0,0.895926823985574,0.16676949214054496,0.895926823985574,24.0,0.933210041057074,0.11011762308514751,0.933210041057074,0.0,0.9377537213772169,0.10000169645170488,0.9377537213772169,10.61,0.9539522802842714,0.08050415586535095,0.9539522802842714,16.0,0.6953284969654202,0.2751447602456973,0.6953284969654202,29.0,0.9160040116517721,0.1261664575866536,0.9160040116517721,51.4,0.9429583641810461,0.0916055065594633,0.9429583641810461
58.8,0.959130871321614,0.06772353023058163,0.959130871321614,1350.0,0.8948758832556846,0.1689086271193023,0.8948758832556846,66.0,0.9335480662152457,0.10972649339643162,0.9335480662152457,-3.9,0.9376212688318009,0.10024419695261877,0.9376212688318009,13.84,0.9538905773004615,0.08058056633832937,0.9538905773004615,26.0,0.6953284969654202,0.2751447602456973,0.6953284969654202,31.0,0.9153996074840939,0.12655165354190134,0.9153996074840939,69.0,0.9435686897502543,0.09106407318720688,0.9435686897502543
74.5,0.9595276375223616,0.06719831970818663,0.9595276375223616,2441.0,0.8940904841973156,0.16958943832367768,0.8940904841973156,24.0,0.934022961480964,0.10877073199539646,0.934022961480964,-0.8,0.9372489878183211,0.10079880347280293,0.9372489878183211,27.97,0.953520975422063,0.08101589641479973,0.953520975422063,33.67243525896414,0.6953284969654202,0.2751447602456973,0.6953284969654202,35.7,0.9145672209082576,0.12729948247206288,0.9145672209082576,69.0,0.9441235354902671,0.09060178658793412,0.9441235354902671
54.9,0.9597136076915298,0.06689714873710045,0.9597136076915298,1868.0,0.8939879033258729,0.16968340615066285,0.8939879033258729,50.0,0.9349022783964419,0.10664833293031045,0.9349022783964419,0.0,0.9373983963559435,0.10056049415242234,0.9373983963559435,16.92,0.9534884941106397,0.08105740173127048,0.9534884941106397,43.0,0.6940105820274316,0.2754926416520069,0.6940105820274316,32.2,0.9142058700446027,0.12774545468900203,0.9142058700446027,69.8,0.9443995905527367,0.09045343602812943,0.9443995905527367
57.6,0.9601419506125041,0.06634692893024742,0.9601419506125041,2179.0,0.8942501946353312,0.16938817058567127,0.8942501946353312,49.0,0.9351827088064907,0.10611997598087539,0.9351827088064907,-10.2,0.9375092577300779,0.10041161326931605,0.9375092577300779,18.94,0.9539246972756157,0.08057892734507384,0.9539246972756157,50.0,0.6927905163748895,0.27571136045740074,0.6927905163748895,32.9,0.914285988074651,0.12766379267415373,0.914285988074651,69.8,0.9438515298093758,0.0909138372545607,0.9438515298093758
56.1,0.9604161811944375,0.06593713634493092,0.9604161811944375,2553.0,0.8945710493801038,0.16905021472534462,0.8945710493801038,46.0,0.9353686789756589,0.10583485414582751,0.9353686789756589,2.3,0.9373376339156662,0.10060818013220825,0.9373376339156662,21.49,0.9540647803221368,0.08038980686167366,0.9540647803221368,56.0,0.6917016293398969,0.2757907042357172,0.6917016293398969,33.7,0.9138389171891256,0.12837198842808953,0.9138389171891256,71.4,0.9434367671158841,0.09119063122912278,0.9434367671158841
54.1,0.960156499522429,0.06638615376154523,0.960156499522429,2757.0,0.8944151316879223,0.1691957174478753,0.8944151316879223,43.0,0.935295319776603,0.10590861374760616,0.935295319776603,-0.8,0.9383152154464998,0.09834733921684825,0.9383152154464998,22.79,0.9540282186905911,0.08044016922419048,0.9540282186905911,57.0,0.6909657145632818,0.2756805055377706,0.6909657145632818,34.1,0.9133856098989371,0.12896541980828802,0.9133856098989371,72.2,0.9427677005041001,0.0918344651797629,0.9427677005041001
49.4,0.959908826369451,0.06676542081054666,0.959908826369451,2826.0,0.8941261765430174,0.1692897813097405,0.8941261765430174,43.0,0.9349619429827208,0.10622174609243464,0.9349619429827208,6.2,0.9381339138372027,0.09866714599532979,0.9381339138372027,21.48,0.9540547761195463,0.08041048002414566,0.9540547761195463,58.0,0.6903333947590687,0.2755562277471906,0.6903333947590687,33.3,0.913317952619521,0.12902582056706524,0.913317952619521,73.7,0.9425204934228547,0.09195183219094667,0.9425204934228547
49.0,0.959908826369451,0.06676542081054666,0.959908826369451,2821.0,0.8941261765430174,0.1692897813097405,0.8941261765430174,42.0,0.9349160815208863,0.10624571915318436,0.9349160815208863,6.2,0.9381339138372027,0.09866714599532979,0.9381339138372027,21.16,0.9539223235741303,0.08066040330041659,0.9539223235741303,57.0,0.6898742962411556,0.27575654680362194,0.6898742962411556,33.3,0.9137633529895517,0.12868214286926122,0.9137633529895517,73.3,0.9428346925614195,0.09178317947368406,0.9428346925614195
20.4,0.9594672869897544,0.0672031699849654,0.9594672869897544,1911.0,0.8941849175855935,0.1691981936129199,0.8941849175855935,28.0,0.9343770136345814,0.10682396786959243,0.9343770136345814,-0.8,0.9383228459476048,0.09840731847156436,0.9383228459476048,8.86,0.9535680829267378,0.08108449228520045,0.9535680829267378,56.0,0.6893994009754375,0.2763133650839033,0.6893994009754375,27.1,0.913464783478912,0.1290743310140855,0.913464783478912,77.3,0.942744025066373,0.09192189448151977,0.942744025066373
31.8,0.9588814649961942,0.06810939839962464,0.9588814649961942,1842.0,0.8937901737307192,0.16971297094128124,0.8937901737307192,20.0,0.93397729268605,0.10716979485295129,0.93397729268605,0.0,0.9382810275164395,0.0984677187277958,0.9382810275164395,8.92,0.952994923045664,0.08220280755826037,0.952994923045664,46.0,0.6893445226360393,0.27632828742132926,0.6893445226360393,27.1,0.9130680172781644,0.12954470629112552,0.9130680172781644,74.1,0.9426448962656212,0.09213660840669936,0.9426448962656212
17.3,0.9584065697304761,0.06911365405032219,0.9584065697304761,1448.0,0.8936336850338853,0.16979766765440796,0.8936336850338853,23.0,0.9335532483971216,0.10761759433071565,0.9335532483971216,7.0,0.9383594075791507,0.09835858758339092,0.9383594075791507,3.86,0.9527431478204083,0.08280307368053796,0.9527431478204083,32.0,0.6891385712915515,0.27633659317877335,0.6891385712915515,20.8,0.9123994968676712,0.13024836521296582,0.9123994968676712,62.0,0.9422606684949494,0.09297208821098507,0.9422606684949494
68.6,0.958539022275892,0.06886085527244623,0.958539022275892,1585.0,0.893312932219368,0.17009569081148457,0.893312932219368,67.0,0.9333672782279534,0.10790172576923633,0.9333672782279534,-2.3,0.9383175891479852,0.09841899270671062,0.9383175891479852,15.73,0.9526106952749922,0.0830522899741064,0.9526106952749922,41.0,0.6897496627699484,0.27646308595525715,0.6897496627699484,32.5,0.9123407558250952,0.1303447746209889,0.9123407558250952,69.8,0.9423931210403654,0.09272722595863969,0.9423931210403654
80.4,0.9588139211801123,0.06864650431036479,0.9588139211801123,2131.0,0.8937825571322692,0.16986554273454657,0.8937825571322692,67.0,0.9335953753620729,0.10775081975271071,0.9335953753620729,1.6,0.9384284505221197,0.098269689524193,0.9384284505221197,26.15,0.9526350342036985,0.08302682550907631,0.9526350342036985,50.0,0.6893165859353957,0.276988459694675,0.6893165859353957,35.3,0.9126369952221087,0.13016718172877761,0.9126369952221087,67.5,0.9430034466095736,0.0921869144753396,0.9430034466095736
83.9,0.9591670188972492,0.06832932412455431,0.9591670188972492,2570.0,0.8936954368505475,0.16993516315197257,0.8936954368505475,65.0,0.9337571283415432,0.10763318568557123,0.9337571283415432,0.8,0.9384284505221197,0.098269689524193,0.9384284505221197,33.29,0.9526050804612151,0.08304817067276493,0.9526050804612151,53.0,0.6887168686253664,0.2776139371240681,0.6887168686253664,36.9,0.9128264564399294,0.13007079618794756,0.9128264564399294,67.8,0.9436275028483091,0.09103343530212475,0.9436275028483091
84.7,0.9591182717636234,0.06836764047347672,0.9591182717636234,1785.0,0.8934730125214038,0.1700933237686156,0.8934730125214038,71.0,0.9337936899730891,0.10758509055262029,0.9337936899730891,-10.2,0.9383918888905739,0.09831842802550812,0.9383918888905739,22.95,0.9527737853117334,0.08290114557205856,0.9527737853117334,54.0,0.6878409398425976,0.27754279327085596,0.6878409398425976,34.5,0.9128618717770222,0.13004506176349365,0.9128618717770222,65.1,0.9439997838617887,0.09047066021034227,0.9439997838617887
85.9,0.9587829264376286,0.06874052318255948,0.9587829264376286,1802.0,0.8936159119044671,0.169969477257208,0.8936159119044671,20.0,0.934440209053219,0.10643326267015922,0.934440209053219,-2.3,0.9383918888905738,0.0983184280255075,0.9383918888905738,22.98,0.9528620457244985,0.0827954070372388,0.9528620457244985,50.0,0.6877823764072832,0.2775603638980584,0.6877823764072832,34.9,0.9129501321897874,0.12994896779129253,0.9129501321897874,65.5,0.9442889599560794,0.09014498114939423,0.9442889599560794
18.4,0.9590452177470867,0.06838930931271858,0.9590452177470867,1544.0,0.8936451335768536,0.16994005941847087,0.8936451335768536,38.0,0.9347337359480483,0.10614440251401588,0.9347337359480483,3.9,0.9381687688501112,0.0986986513194399,0.9381687688501112,3.97,0.9529421637545468,0.08270558536506852,0.9529421637545468,40.0,0.6878743257452173,0.2775353346051204,0.6878743257452173,21.2,0.9129501321897874,0.12994896779129192,0.9129501321897874,62.7,0.9443673400187905,0.09003435546026098,0.9443673400187905
52.9,0.9592265193563839,0.0680558107553481,0.9592265193563839,1378.0,0.8932971914920803,0.17041455873161696,0.8932971914920803,45.0,0.9346848868841673,0.10622059777645451,0.9346848868841673,3.1,0.9381199197862301,0.09877555499033541,0.9381199197862301,10.6,0.9532343267379784,0.08222320870829064,0.9532343267379784,49.0,0.6887502545279862,0.2776064381223518,0.6887502545279862,29.4,0.9132527420108665,0.1296011892265194,0.9132527420108665,67.8,0.9444749301252476,0.08985352841827289,0.9444749301252476
51.8,0.9592265193563839,0.0680558107553481,0.9592265193563839,1748.0,0.8936185761478984,0.1699649149896707,0.8936185761478984,33.0,0.9346848868841672,0.10622059777645451,0.9346848868841672,-4.7,0.9377154981364707,0.09994888841795509,0.9377154981364707,13.48,0.9533615558645707,0.08203157442681329,0.9533615558645707,60.0,0.6898991509945694,0.2774788321323853,0.6898991509945694,30.6,0.9132945604420318,0.12954406300665186,0.9132945604420318,69.8,0.9445114917567935,0.08980409679779688,0.9445114917567935
34.5,0.9590110298170264,0.06835848139694076,0.9590110298170264,2094.0,0.8934937541035874,0.17009757760200606,0.8934937541035874,21.0,0.9349762816174941,0.1059998887910281,0.9349762816174941,1.6,0.9373932492952564,0.10054093674563161,0.9373932492952564,10.99,0.9527053589895553,0.08383242357270207,0.9527053589895553,61.0,0.6907482095614983,0.2775573610527437,0.6907482095614983,29.4,0.9132208489391916,0.1296786584190166,0.9132208489391916,73.3,0.9444760764197008,0.08983257635015851,0.9444760764197008
19.6,0.9588551121248451,0.06853494044888979,0.9588551121248451,1697.0,0.8935627970465565,0.1700191825873621,0.8935627970465565,22.0,0.9352063589001935,0.10583659340249926,0.9352063589001935,3.9,0.9373148692325451,0.10064975611178008,0.9373148692325451,4.63,0.9531384358241082,0.08290406171619541,0.9531384358241082,30.0,0.6909093538682551,0.27749306458543493,0.6909093538682551,22.0,0.9132208489391916,0.1296786584190166,0.9132208489391916,62.4,0.9445742731098087,0.08974633503312202,0.9445742731098087
85.1,0.9590440442352473,0.06826256964390527,0.9590440442352473,1103.0,0.8932085563991642,0.17037708294080472,0.8932085563991642,77.0,0.9355382282915141,0.10555280627180368,0.9355382282915141,3.9,0.9377129607132333,0.10021210725001913,0.9377129607132333,13.47,0.9532121473269481,0.08275907031433492,0.9532121473269481,40.0,0.6912303862202893,0.27727591429805626,0.6912303862202893,31.8,0.9132208489391916,0.1296786584190166,0.9132208489391916,60.0,0.9442757035991691,0.09016684848372677,0.9442757035991691
93.3,0.9593542395479947,0.06799294457614502,0.9593542395479947,1405.0,0.8927734940326693,0.1709205336898176,0.8927734940326693,76.0,0.9358102339724055,0.10524822307501183,0.9358102339724055,-3.9,0.9383543517317435,0.09967147818330857,0.9383543517317435,19.55,0.9533662596659891,0.0826220616019925,0.9533662596659891,48.0,0.691700863923877,0.27695596546613455,0.691700863923877,34.5,0.9135797832644884,0.12942531401974228,0.9135797832644884,59.2,0.944177506909061,0.09025301290875296,0.944177506909061
91.4,0.9590919482385366,0.06834439206535321,0.9590919482385366,1676.0,0.8929299827295032,0.1708361725750068,0.8929299827295032,73.0,0.9356610729993883,0.10542232705959072,0.9356610729993883,-3.9,0.9389401737253036,0.09880614283256561,0.9389401737253036,22.41,0.9531571002957032,0.08280812346891038,0.9531571002957032,54.0,0.691922176499371,0.2769442547360598,0.691922176499371,34.9,0.9135463973618686,0.1294483806059077,0.9135463973618686,63.5,0.9443883029406405,0.0900378432528149,0.9443883029406405
88.6,0.9587440061537631,0.06889987513550098,0.9587440061537631,1869.0,0.8932507355440205,0.17053859548656816,0.8932507355440205,72.0,0.9355668582910169,0.10551467918699421,0.9355668582910169,2.3,0.938837592853861,0.09891446359259286,0.938837592853861,25.1,0.9528481262573196,0.08309375571692323,0.9528481262573196,62.0,0.6914013616480486,0.27682126104261057,0.6914013616480486,35.7,0.9133512074435036,0.12949782868297127,0.9133512074435036,65.1,0.9446067544212319,0.08970556840117268,0.9446067544212319
78.4,0.9586852651111872,0.06900577193873247,0.9586852651111872,2098.0,0.8928947883417961,0.17067390802779997,0.8928947883417961,21.0,0.9353475882411676,0.10567280943502887,0.9353475882411676,-5.5,0.9392323367087353,0.09833661225852652,0.9392323367087353,24.85,0.9526004531043415,0.08346553065579346,0.9526004531043415,47.0,0.6918816884917779,0.27661950505458527,0.6918816884917779,34.9,0.913030352698731,0.12985929655205486,0.913030352698731,67.5,0.9443175783269413,0.0900315102008105,0.9443175783269413
20.4,0.9579837780142563,0.06998486028614027,0.9579837780142563,1186.0,0.8930001535472112,0.17059208999010653,0.8930001535472112,43.0,0.9341348945318079,0.1081093478264637,0.9341348945318079,-0.8,0.9395676820347301,0.09798288795418095,0.9395676820347301,3.82,0.9527080432107985,0.08328220734543589,0.9527080432107985,28.0,0.6921200695344505,0.2765394548867991,0.6921200695344505,18.4,0.9127089680429128,0.13033545628104093,0.9127089680429128,60.4,0.9445035484961095,0.0897400252159397,0.9445035484961095
48.6,0.9573825947896901,0.07089930447854718,0.9573825947896901,945.0,0.8929384505634013,0.17065670507031253,0.8929384505634013,72.0,0.9341348945318079,0.10810934782646495,0.9341348945318079,-1.6,0.940140841915804,0.09689134866757121,0.940140841915804,6.3,0.9528189045849328,0.08312849931649471,0.9528189045849328,33.0,0.692234481713779,0.27650511615829165,0.692234481713779,25.5,0.9124347374609795,0.130703618668691,0.9124347374609795,60.0,0.9442637200280459,0.09005765229839244,0.9442637200280459
81.2,0.9576343700149458,0.07029277303918884,0.9576343700149458,1193.0,0.8927656102598095,0.17097798059265296,0.8927656102598095,67.0,0.9339854859941855,0.10834550816076849,0.9339854859941855,-5.5,0.9401896909796851,0.0968141592998339,0.9401896909796851,14.18,0.9526916754583407,0.08331986556730239,0.9526916754583407,43.0,0.6930610774393134,0.27658898912045865,0.6930610774393134,31.4,0.9124347374609795,0.1307036186686892,0.9124347374609795,60.0,0.9439414711868315,0.09065769013121261,0.9439414711868315
80.4,0.9575071408883535,0.07048692381640215,0.9575071408883535,1492.0,0.8925796400906413,0.1712345808939022,0.8925796400906413,69.0,0.9339164430512165,0.10843317184373012,0.9339164430512165,-4.7,0.9403022903211565,0.09668660156996495,0.9403022903211565,17.97,0.9521477372496533,0.08440104370240088,0.9521477372496533,50.0,0.693933201007082,0.27665284765856635,0.693933201007082,32.9,0.912187379797854,0.1309465803363432,0.912187379797854,64.3,0.943830609812697,0.09080890053756917,0.943830609812697
85.1,0.9575978083834,0.07034373234323846,0.9575978083834,1754.0,0.8920775856668268,0.17181891410471284,0.8920775856668268,68.0,0.9343111869060905,0.10786280857637968,0.9343111869060905,-2.3,0.9404098804276136,0.09650740246104525,0.9404098804276136,22.17,0.9514682804825744,0.08534959801758984,0.9514682804825744,57.0,0.693933201007082,0.27665284765856635,0.693933201007082,34.5,0.9117988123593641,0.13109786253394948,0.9117988123593641,64.7,0.9435990284665292,0.09126948721632437,0.9435990284665292
87.5,0.9579457504681735,0.06978949755958985,0.9579457504681735,1961.0,0.8912810714591284,0.1724955704525135,0.8912810714591284,73.0,0.9347026025428105,0.10755325351370693,0.9347026025428105,-1.6,0.9401943908882561,0.09679700903091798,0.9401943908882561,25.52,0.9507776006184936,0.0863028218735579,0.9507776006184936,62.0,0.693933201007082,0.27665284765856635,0.693933201007082,35.7,0.911244469807676,0.13139660367110356,0.911244469807676,66.3,0.9430793703923676,0.09167204265955663,0.9430793703923676
86.7,0.957711452713281,0.07007955437157012,0.957711452713281,2095.0,0.8906604561712721,0.17288499884350922,0.8906604561712721,71.0,0.934805183414253,0.10744645327657505,0.934805183414253,-8.6,0.9406408957390553,0.09651488526780715,0.9406408957390553,27.38,0.9501752423223147,0.08704316241480034,0.9501752423223147,65.0,0.693933201007082,0.27665284765856635,0.693933201007082,36.1,0.91071479048422,0.13166407372476555,0.91071479048422,66.7,0.942651493543126,0.09195216339491245,0.942651493543126
86.7,0.9577480143448268,0.0700285782973886,0.9577480143448268,2172.0,0.8897541060255562,0.17375286962270528,0.8897541060255562,74.0,0.934805183414253,0.10744645327657505,0.934805183414253,-0.8,0.9409871077635459,0.09632802124112953,0.9409871077635459,28.78,0.9496361744360096,0.08764373294970305,0.9496361744360096,65.0,0.693933201007082,0.27665284765856635,0.693933201007082,36.1,0.9103297158998658,0.13180439102253225,0.9103297158998658,67.1,0.9419696011161979,0.09259856526594776,0.9419696011161979
86.7,0.9576892733022507,0.07013428708112104,0.9576892733022507,2198.0,0.8888425461644737,0.17461918587605704,0.8888425461644737,73.0,0.9346162513038508,0.1077033307966589,0.9346162513038508,-7.0,0.9411684093728431,0.09600667552389316,0.9411684093728431,28.73,0.949420684896652,0.08793862466815532,0.949420684896652,68.0,0.693933201007082,0.27665284765856635,0.693933201007082,36.1,0.9103297158998658,0.13180439102253225,0.9103297158998658,67.1,0.9413402422729336,0.09314336856978851,0.9413402422729336
87.8,0.9577775337150161,0.07002674745411411,0.9577775337150161,2322.0,0.8879258679960026,0.17548388955885552,0.8879258679960026,70.0,0.9349385001450651,0.10711571038494352,0.9349385001450651,-6.2,0.9410017688973668,0.0962193704473224,0.9410017688973668,31.2,0.9493224202812963,0.08806392923761328,0.9493224202812963,75.0,0.693933201007082,0.27665284765856635,0.693933201007082,36.5,0.9103297158998658,0.13180439102253225,0.9103297158998658,67.5,0.9407048053117321,0.09368901748845573,0.9407048053117321
82.7,0.9582922618799576,0.06918287501210378,0.9582922618799576,2562.0,0.8872357411218122,0.1759389412245894,0.8872357411218122,61.0,0.9351198017543623,0.1067987611397962,0.9351198017543623,0.8,0.9407540957443886,0.09658252688111783,0.9407540957443886,31.09,0.9494472423256073,0.08790931027956161,0.9494472423256073,81.0,0.693933201007082,0.27665284765856635,0.693933201007082,36.5,0.9099048056796731,0.13197064057845218,0.9099048056796731,67.8,0.9399309617478059,0.09447940145632082,0.9399309617478059
19.2,0.9582597805685344,0.06922501665345321,0.9582597805685344,2631.0,0.8864819284165116,0.17648366667500792,0.8864819284165116,21.0,0.9344183146574314,0.1077228996655517,0.9344183146574314,4.7,0.9406216431989725,0.09682637502577965,0.9406216431989725,7.93,0.9495059833681831,0.08780568526691822,0.9495059833681831,75.0,0.6937659050773981,0.2766798302371032,0.6937659050773981,26.3,0.9096126426962415,0.13241276451117365,0.9096126426962415,78.8,0.9392249947266008,0.09512815204131762,0.9392249947266008
18.4,0.9582597805685344,0.06922501665345383,0.9582597805685344,1160.0,0.88659634059584,0.17640391489361892,0.88659634059584,21.0,0.9340309605563366,0.10810136390497986,0.9340309605563366,0.0,0.9406216431989725,0.09682637502577965,0.9406216431989725,3.75,0.9496919535373514,0.08751196884602551,0.9496919535373514,36.0,0.6931193859972682,0.2773316100181587,0.6931193859972682,20.8,0.9091921292396716,0.13308782582778372,0.9091921292396716,61.2,0.9388302508717266,0.09570734668357386,0.9388302508717266
30.2,0.9580295933188082,0.0694854712274362,0.9580295933188082,844.0,0.8863221100139067,0.17674501758671515,0.8863221100139067,46.0,0.9338698162495797,0.10825714135973562,0.9338698162495797,-2.3,0.9406803842415483,0.09672437164920965,0.9406803842415483,3.42,0.949322351658953,0.08794240895540902,0.949322351658953,23.0,0.6919927114186651,0.2787387405378251,0.6919927114186651,19.2,0.9088980920174257,0.13327688738728988,0.9088980920174257,52.9,0.9381837317915968,0.09687266652000956,0.9381837317915968
91.0,0.9579220032123512,0.06967147284908558,0.9579220032123512,1252.0,0.88659634059584,0.17640391489361892,0.88659634059584,76.0,0.9336513647689881,0.10858082454030137,0.9336513647689881,3.1,0.9406216431989725,0.09682637502577965,0.9406216431989725,17.42,0.9494130191539994,0.0878022230950499,0.9494130191539994,33.0,0.6907237351545046,0.2801566223254996,0.6907237351545046,34.1,0.9085138642467541,0.13406231361705556,0.9085138642467541,58.4,0.9379977616224286,0.09716054961333934,0.9379977616224286
38.8,0.9575064038481615,0.07029411185331393,0.9575064038481615,1687.0,0.8863041776124084,0.17681786747508793,0.8863041776124084,28.0,0.93338907345953,0.1089104412017425,0.93338907345953,0.0,0.9406216431989726,0.09682637502577965,0.9406216431989726,9.9,0.9495624276916218,0.0875583617367326,0.9495624276916218,36.0,0.6904014863132902,0.2804872669248502,0.6904014863132902,30.2,0.9086410933733463,0.13388798314043537,0.9086410933733463,72.2,0.9379390205798526,0.09726220026457846,0.9379390205798526
85.5,0.9573791747215692,0.07048823400911691,0.9573791747215692,1869.0,0.8860796936605481,0.17698782778876593,0.8860796936605481,19.0,0.9336610791404214,0.10860767711759987,0.9336610791404214,-10.2,0.9407488723255648,0.0966395435845868,0.9407488723255648,24.2,0.9495624276916218,0.08755836173673387,0.9495624276916218,36.0,0.6906195218475614,0.2804489535263758,0.6906195218475614,35.3,0.9086899424372274,0.13381571205332018,0.9086899424372274,65.5,0.9380662497064448,0.0970760355122886,0.9380662497064448
16.9,0.9575285832591917,0.07023939391714924,0.9575285832591917,1647.0,0.8857463168666662,0.17725365051811287,0.8857463168666662,31.0,0.9335826990777103,0.10871531891599774,0.9335826990777103,3.1,0.9407488723255648,0.09663954358458618,0.9407488723255648,4.2,0.9493027460196135,0.08799598520844239,0.9493027460196135,30.0,0.6909548671735561,0.2802991839773603,0.6909548671735561,21.6,0.9092423785281677,0.13302650722644563,0.9092423785281677,63.1,0.938191071750756,0.09692472503630377,0.938191071750756
18.0,0.9577628810140841,0.06994943813455075,0.9577628810140841,1366.0,0.8860489266877452,0.17693499884612818,0.8860489266877452,26.0,0.9339739908618936,0.10804109467085843,0.9339739908618936,13.3,0.9410696251400821,0.09629433395165929,0.9410696251400821,3.67,0.9493027460196135,0.08799598520844239,0.9493027460196135,15.0,0.6909814246025114,0.2802868331064797,0.6909814246025114,20.4,0.9101023511148556,0.13228590767500106,0.9101023511148556,62.0,0.9383639120543478,0.09657017635056171,0.9383639120543478
52.9,0.9579944623602519,0.06947611707121176,0.9579944623602519,1540.0,0.8858187394380191,0.1771452311848256,0.8858187394380191,67.0,0.9341552924711907,0.10772469484571755,0.9341552924711907,5.5,0.9419243578706022,0.09529509233257222,0.9419243578706022,16.16,0.9492290345167734,0.08813992267163942,0.9492290345167734,29.0,0.6909710035095451,0.2802871331704852,0.6909710035095451,31.8,0.9108841918999572,0.13167826264400148,0.9108841918999572,61.6,0.9382948691113788,0.09665919234778965,0.9382948691113788
79.2,0.9576356518874919,0.07014366308461929,0.9576356518874919,2758.0,0.8858452968669743,0.17712089639062187,0.8858452968669743,43.0,0.9337082215856656,0.10846051626151165,0.9337082215856656,0.0,0.9427727481764137,0.09429570093867537,0.9427727481764137,33.52,0.9489892060487096,0.08845977103955383,0.9489892060487096,39.0,0.6907394221633774,0.28054666598066025,0.6907394221633774,36.9,0.9114430928957999,0.13137926341215644,0.9114430928957999,67.8,0.9384349521578998,0.09647596177306654,0.9384349521578998
49.4,0.9572877098027184,0.07069757329302863,0.9572877098027184,2012.0,0.8861374598504059,0.1767073183647428,0.8861374598504059,26.0,0.9339886519957143,0.10793345995406804,0.9339886519957143,-7.0,0.9433342246817407,0.09383378298863744,0.9433342246817407,15.06,0.9491675207688658,0.08828394677652622,0.9491675207688658,46.0,0.6903975343020278,0.28076888874196093,0.6903975343020278,31.4,0.9113158637692076,0.1315545971983392,0.9113158637692076,70.2,0.938847933847868,0.09596354545619955,0.938847933847868
18.4,0.9571801196962613,0.0708832825417192,0.9571801196962613,2287.0,0.8857043830158531,0.1775190500120915,0.8857043830158531,20.0,0.9341378129687316,0.10776012828159323,0.9341378129687316,0.0,0.9436547726668609,0.09365270758017254,0.9436547726668609,6.54,0.9493272312068813,0.08805297853490636,0.9493272312068813,40.0,0.6902656537094366,0.28078518722654455,0.6902656537094366,25.1,0.9111834112237917,0.13178486597644784,0.9111834112237917,63.5,0.9391505436689471,0.09559254084807434,0.9391505436689471
19.2,0.9572877098027184,0.07069757329302863,0.9572877098027184,1527.0,0.8859561582411087,0.17699112982524204,0.8859561582411087,35.0,0.933816958223959,0.10813933993211634,0.933816958223959,4.7,0.944310423516679,0.09301358304007014,0.944310423516679,3.75,0.9490798735437562,0.08831968969505448,0.9490798735437562,9.0,0.6912247581746651,0.2808100531771733,0.6912247581746651,20.4,0.91101178740938,0.1319689555252325,0.91101178740938,62.7,0.9391505436689471,0.09559254084807434,0.9391505436689471
43.1,0.9570722202633609,0.07099897548747326,0.9570722202633609,775.0,0.8854847484268773,0.17766930700386543,0.8854847484268773,40.0,0.9338169582239589,0.10813933993211632,0.9338169582239589,-0.8,0.9447406763115321,0.09270752064905279,0.9447406763115321,4.75,0.9487877105603245,0.08879786646877404,0.9487877105603245,11.0,0.6922191391194665,0.2808095224501926,0.6922191391194665,21.2,0.9107397817284886,0.13225584330533913,0.9107397817284886,51.8,0.9385809371646076,0.09644820261695602,0.9385809371646076
47.1,0.9568537687827695,0.07134045001154381,0.9568537687827695,1014.0,0.8849151419225377,0.17841641763480315,0.8849151419225377,66.0,0.9336415775294723,0.10832019032174157,0.9336415775294723,-3.9,0.945323523508175,0.09217433047562495,0.945323523508175,7.95,0.94882952899149,0.08873626594818539,0.94882952899149,14.0,0.6930197499020178,0.2809038107773,0.6930197499020178,25.9,0.9110816695898383,0.13182899057624373,0.9110816695898383,63.1,0.9381861933097333,0.09702638987575639,0.9381861933097333
71.8,0.9566153877400968,0.07156504664052776,0.9566153877400968,1295.0,0.8849151419225377,0.17841641763480315,0.8849151419225377,44.0,0.9332573831395964,0.10874345709264768,0.9332573831395964,-7.0,0.9459578177736371,0.09153994533649017,0.9459578177736371,14.06,0.9487511489287788,0.0888475920787351,0.9487511489287788,19.0,0.6937641857695499,0.2810120532677766,0.6937641857695499,31.4,0.9111699300026035,0.13173330588422238,0.9111699300026035,62.7,0.9378940303263017,0.09749573713973177,0.9378940303263017
16.9,0.9563349573300479,0.07211708840284911,0.9563349573300479,1338.0,0.8847722425394743,0.1785371621411537,0.8847722425394743,20.0,0.9333062322034777,0.10866752721596515,0.9333062322034777,2.3,0.9464770408934262,0.09108842764019076,0.9464770408934262,3.5,0.9485914384907632,0.08907826838878352,0.9485914384907632,16.0,0.6943650175875813,0.2811367331648792,0.6943650175875813,19.6,0.9109222568496252,0.13207366084752073,0.9109222568496252,62.0,0.9377211900227099,0.09784991986634987,0.9377211900227099
17.3,0.9563349573300479,0.07211708840284911,0.9563349573300479,1398.0,0.8841995376356464,0.17882593456322934,0.8841995376356464,21.0,0.9333062322034776,0.10866752721596513,0.9333062322034776,9.4,0.9463863733983797,0.09122781320282883,0.9463863733983797,3.82,0.948269189649549,0.08968167106687919,0.948269189649549,17.0,0.6956764493913304,0.2807966534117953,0.6956764493913304,20.8,0.9105275129947511,0.1326169369243089,0.9105275129947511,63.1,0.9382651282313971,0.09679438707410817,0.9382651282313971
18.0,0.9562762162874721,0.07222250024855795,0.9562762162874721,1426.0,0.8836545313936937,0.1790801221284149,0.8836545313936937,22.0,0.9327947753062137,0.10967047944032537,0.9327947753062137,15.6,0.9464072289076952,0.09120869802684459,0.9464072289076952,3.9,0.9482104486069731,0.08978503072290261,0.9482104486069731,12.0,0.6975436351723124,0.2794831664346203,0.6975436351723124,21.2,0.9106383743688855,0.13247691814226456,0.9106383743688855,62.7,0.9381659994306454,0.09700747395575898,0.9381659994306454
35.7,0.9557030564063981,0.07334958154724974,0.9557030564063981,781.0,0.8830080123135639,0.18010791756753994,0.8830080123135639,36.0,0.9325813330606366,0.10992363493753042,0.9325813330606366,-5.5,0.9465738693831716,0.09099370407414022,0.9465738693831716,3.87,0.94831803871343,0.08960335628638787,0.94831803871343,0.0,0.6987533040350672,0.2792594308617193,0.6987533040350672,20.4,0.9113252119606362,0.13134243767526285,0.9113252119606362,57.3,0.9380668706298937,0.09722051364579973,0.9380668706298937
29.0,0.9555364159309218,0.07357003341057176,0.9555364159309218,2187.0,0.8828553658890599,0.18044299293940425,0.8828553658890599,50.0,0.9323652981184034,0.11005114122065308,0.9323652981184034,7.8,0.9469218114679449,0.0904540296942926,0.9469218114679449,6.45,0.9481025491740726,0.08989733804243648,0.9481025491740726,15.0,0.6998879353515326,0.2791145834766883,0.6998879353515326,23.1,0.9119904158864589,0.13090315711561779,0.9119904158864589,71.8,0.9385607432855196,0.09642929293483816,0.9385607432855196
76.5,0.9554288258244646,0.0737550503486336,0.9554288258244646,1402.0,0.8828553658890598,0.18044299293940363,0.8828553658890598,20.0,0.9328350938178346,0.10963589363299135,0.9328350938178346,-0.8,0.9472139744513765,0.08997741165104911,0.9472139744513765,16.45,0.947884097693481,0.09023095195784946,0.947884097693481,10.0,0.7013467212976096,0.27852761899068434,0.7013467212976096,32.5,0.9124375467602632,0.1307054707347792,0.9124375467602632,62.0,0.9386683333919765,0.09625043720442725,0.9386683333919765
33.3,0.9556519458649272,0.07336115268390084,0.9556519458649272,820.0,0.8824509442393002,0.1815045899710019,0.8824509442393002,43.0,0.9327932753866692,0.10969538580247579,0.9327932753866692,2.3,0.9474294639907341,0.0896837618852526,0.9474294639907341,3.37,0.9480438081314967,0.09000066421912524,0.9480438081314967,1.0,0.7032085906843757,0.2771834528652503,0.7032085906843757,25.9,0.9129024349721676,0.13048830744977985,0.9129024349721676,51.8,0.9390650995927242,0.09574969335173533,0.9390650995927242
21.2,0.9558703973455186,0.0730206098043488,0.9558703973455186,1605.0,0.8830080123135639,0.18010791756753994,0.8830080123135639,49.0,0.9330450506119248,0.1091158702847129,0.9330450506119248,3.1,0.9472944018078681,0.08983514288781237,0.9472944018078681,11.04,0.9488324575519281,0.08796607837603955,0.9488324575519281,3.0,0.7038759652738211,0.2765070662317398,0.7038759652738211,29.8,0.9129316566445543,0.13045675356442854,0.9129316566445543,58.0,0.9392575789164513,0.09553296425851616,0.9392575789164513
83.9,0.9556975570419268,0.07338669022353415,0.9556975570419268,1375.0,0.8827562370883082,0.18063285646903438,0.8827562370883082,21.0,0.9331526407183818,0.1089396587235958,0.9331526407183818,-1.6,0.9475128532884597,0.08950167107477132,0.9475128532884597,18.93,0.9494789766320578,0.08677996564077782,0.9494789766320578,18.0,0.7039177837049865,0.27647489018163557,0.7039177837049865,33.7,0.9135781757246842,0.12935020342457204,0.9135781757246842,51.8,0.9392993973476168,0.09547236134728032,0.9392993973476168
83.9,0.9554498838889487,0.07376222185046133,0.9554498838889487,1661.0,0.8833133051625717,0.1792350718244474,0.8833133051625717,68.0,0.9332877029012476,0.10879368773546225,0.9332877029012476,0.0,0.947662261826082,0.08925862104355538,0.947662261826082,21.36,0.9493681152579234,0.08693264053582118,0.9493681152579234,28.0,0.7039531990420792,0.2764650634813446,0.7039531990420792,33.7,0.9134673143505498,0.12949115767358083,0.9134673143505498,65.9,0.9391467509231127,0.0958464066601615,0.9391467509231127
85.9,0.9555733202697068,0.073629182305278,0.9555733202697068,2529.0,0.8835252474886042,0.17903822175448747,0.8835252474886042,75.0,0.9330072724911987,0.10932004122806391,0.9330072724911987,0.0,0.9475715943310355,0.08939837807535538,0.9475715943310355,32.48,0.9488189857717698,0.08753758163986179,0.9488189857717698,32.0,0.7033603059194737,0.2763519159443299,0.7033603059194737,36.9,0.9127038566280057,0.13010050067124113,0.9127038566280057,67.5,0.9390038515400493,0.09599054558448544,0.9390038515400493
81.2,0.9557005493962991,0.07343587983217566,0.9557005493962991,1688.0,0.8831664370158441,0.1796051456169761,0.8831664370158441,60.0,0.9330979399862452,0.10918463301156975,0.9330979399862452,-0.8,0.9474640042245784,0.089579916758327,0.9474640042245784,18.53,0.9487897640993832,0.08757201986297271,0.9487897640993832,38.0,0.7026553496224669,0.2762510060611533,0.7026553496224669,32.9,0.9129960196114372,0.129655846008759,0.9129960196114372,63.5,0.9389550024761683,0.09606766773909131,0.9389550024761683
82.7,0.9556418083537233,0.07354113480891189,0.9556418083537233,1987.0,0.8830757695207976,0.17972491013820793,0.8830757695207976,46.0,0.9330096795734801,0.10928536048785494,0.9330096795734801,-1.6,0.9475423842872898,0.08946882215961834,0.9475423842872898,24.16,0.949222840933936,0.086649492584758,0.949222840933936,43.0,0.7019174845067491,0.276156256334003,0.7019174845067491,35.3,0.9133548300841975,0.12904530375019202,0.9133548300841975,66.3,0.9392772513173825,0.09547298308626878,0.9392772513173825
56.9,0.9559014900257314,0.07309634160199598,0.9559014900257314,1491.0,0.8836915452568412,0.17895502900268936,0.8836915452568412,28.0,0.9331588405464974,0.10911246274671788,0.9331588405464974,6.2,0.947728354456458,0.08917611064546903,0.947728354456458,12.58,0.949222840933936,0.086649492584758,0.949222840933936,47.0,0.7019174845067491,0.276156256334003,0.7019174845067491,30.2,0.9140222046736427,0.12791967293386777,0.9140222046736427,67.5,0.9398468578217221,0.09461600871161814,0.9398468578217221
17.3,0.9560090801321885,0.07291115078852593,0.9560090801321885,1543.0,0.883955118409187,0.17872584945672484,0.883955118409187,32.0,0.9328381942521785,0.10938839285917494,0.9328381942521785,0.0,0.947728354456458,0.08917611064546903,0.947728354456458,4.03,0.9489830124658724,0.08696971514318523,0.9489830124658724,45.0,0.7025029863370609,0.2762711946929195,0.7025029863370609,21.2,0.914537989243209,0.12765050280931203,0.914537989243209,63.1,0.9402416016765962,0.09403564169892996,0.9402416016765962
67.5,0.9562406614783563,0.07243947566331428,0.9562406614783563,1564.0,0.8841475977329141,0.17854227968264327,0.8841475977329141,61.0,0.9327109651255862,0.10957169347973739,0.9327109651255862,5.5,0.9478777629940802,0.08893294760117004,0.9478777629940802,16.04,0.9485499356313195,0.08789184311111292,0.9485499356313195,52.0,0.703577544512466,0.2761732261729025,0.703577544512466,32.2,0.9149327330980831,0.1271021859533635,0.9149327330980831,66.7,0.9404229032858934,0.09371413791197097,0.9404229032858934
69.0,0.9561669499755163,0.07258576384848178,0.9561669499755163,1799.0,0.8830380935677103,0.18067500089440042,0.8830380935677103,59.0,0.932529663516289,0.10988718028475916,0.932529663516289,-7.0,0.9485339598690956,0.08714533498712589,0.9485339598690956,18.03,0.9486086766738953,0.08778832522982627,0.9486086766738953,57.0,0.7046019154149197,0.2761157153074788,0.7046019154149197,32.2,0.9150728161446041,0.12692890564427114,0.9150728161446041,67.1,0.9401424728758445,0.09424951139294456,0.9401424728758445
71.8,0.9558455653196979,0.07310790109918752,0.9558455653196979,1954.0,0.8820970900382802,0.18152735017008056,0.8820970900382802,41.0,0.9321573825028093,0.11043449072828207,0.9321573825028093,1.6,0.9488143902791445,0.08660258442408061,0.9488143902791445,20.57,0.9481973202343493,0.08824563016179576,0.9481973202343493,58.0,0.705319550357886,0.2762111121047399,0.705319550357886,33.7,0.9145707617207897,0.12755707677759723,0.9145707617207897,67.5,0.9401006544446792,0.09431023072166093,0.9401006544446792
52.9,0.9555858836476897,0.07355266281220293,0.9555858836476897,1593.0,0.8812766591026323,0.18265133809799577,0.8812766591026323,38.0,0.9310661232612989,0.11277363920102543,0.9310661232612989,4.7,0.9490033223895468,0.08633694720358584,0.9490033223895468,10.21,0.9478493781495757,0.08878693162471032,0.9478493781495757,57.0,0.7058899608179471,0.2763229566836444,0.7058899608179471,28.6,0.9143979214171978,0.12789586394814145,0.9143979214171978,66.7,0.9397527123599057,0.09484410823051369,0.9397527123599057
43.1,0.9555858836476896,0.07355266281220356,0.9555858836476896,1550.0,0.8801337690348088,0.18479026495723389,0.8801337690348088,46.0,0.9307280981031272,0.11316241080333185,0.9307280981031272,6.2,0.9489524260318851,0.08639155428992405,0.9489524260318851,9.58,0.94771431596671,0.08893851885462487,0.94771431596671,56.0,0.7068684614313869,0.2762939943815813,0.7068684614313869,28.2,0.9145473299548201,0.12766858472055792,0.9145473299548201,71.0,0.9396939713173298,0.09494611661831906,0.9396939713173298
55.7,0.9554867548469378,0.07377246895342517,0.9554867548469378,1551.0,0.8789908789669849,0.1869230216686179,0.8789908789669849,64.0,0.9305956455577111,0.11340100887356946,0.9305956455577111,5.5,0.9482139576138211,0.08765436911028994,0.9482139576138211,15.22,0.9477508775982556,0.08888885857999583,0.9477508775982556,60.0,0.7087249157378,0.2749200777876411,0.7087249157378,31.8,0.9148683623068542,0.12725534013789852,0.9148683623068542,68.6,0.9398264238627458,0.09470227080799176,0.9398264238627458
42.0,0.9554130433440977,0.07391853015197132,0.9554130433440977,1637.0,0.8791181080935773,0.18676324730088245,0.8791181080935773,32.0,0.9308474207829668,0.11282400053221327,0.9308474207829668,4.7,0.9482139576138211,0.08765436911028994,0.9482139576138211,8.91,0.9481839544328085,0.08796803026774283,0.9481839544328085,61.0,0.7101755787717965,0.27429991851773833,0.7101755787717965,27.5,0.9163569457577058,0.12481135497194161,0.9163569457577058,70.6,0.9398264238627456,0.09470227080799175,0.9398264238627456
49.4,0.955672725016106,0.07347395553595963,0.955672725016106,1675.0,0.8791814477386805,0.18672784337724246,0.8791814477386805,18.0,0.9307886797403909,0.11292379468877144,0.9307886797403909,-0.8,0.9483698753060024,0.08748326063022568,0.9483698753060024,11.8,0.9483366008573125,0.08758881949190603,0.9483366008573125,62.0,0.7108710360735335,0.2743910583673468,0.7108710360735335,29.8,0.9174362451911023,0.12349525830521206,0.9174362451911023,70.6,0.9397357563676993,0.0948402051515358,0.9397357563676993
45.5,0.955797547060417,0.07331624241195135,0.955797547060417,1718.0,0.8791814477386805,0.18672784337724246,0.8791814477386805,19.0,0.9305488512723271,0.11323016813970495,0.9305488512723271,0.0,0.9485351838429926,0.08732960609464105,0.9485351838429926,13.56,0.9483366008573125,0.08758881949190603,0.9483366008573125,64.0,0.7108710360735335,0.2743910583673468,0.7108710360735335,30.6,0.9181851131078687,0.12287852138546068,0.9181851131078687,74.9,0.9394760746956908,0.0952707880983485,0.9394760746956908
18.8,0.9557609854288711,0.0733669780075644,0.9557609854288711,1719.0,0.8787296860584349,0.18688534582112298,0.8787296860584349,47.0,0.9307719713127898,0.11285689940536703,0.9307719713127898,3.9,0.9490955780731116,0.08679858592063407,0.9490955780731116,4.57,0.9482877517934314,0.0876672397553933,0.9482877517934314,64.0,0.7108710360735335,0.2743910583673468,0.7108710360735335,22.4,0.9189289509727478,0.12226148759647869,0.9189289509727478,63.1,0.939524923759572,0.09519357616699817,0.939524923759572
52.5,0.9557609854288711,0.0733669780075644,0.9557609854288711,1754.0,0.8782265641639342,0.18708053357905916,0.8782265641639342,18.0,0.9310524017228385,0.11233302979324718,0.9310524017228385,-3.1,0.9490368370305357,0.0869022237746356,0.9490368370305357,13.59,0.9484605920970232,0.0873068065979976,0.9484605920970232,61.0,0.7118440451536635,0.274352115206233,0.7118440451536635,30.6,0.9196676705302383,0.12164421282626879,0.9196676705302383,69.8,0.9392035391037538,0.09569803217503545,0.9392035391037538
17.3,0.955859250044227,0.07323918941399882,0.955859250044227,1628.0,0.8779642728544761,0.18736339641105432,0.8779642728544761,20.0,0.9314436935070219,0.1116623998259759,0.9314436935070219,0.0,0.9492502792761126,0.08663854468257388,0.9492502792761126,4.17,0.9483868805941832,0.08745065779222774,0.9483868805941832,54.0,0.7126908430006406,0.27438832162494975,0.7126908430006406,22.4,0.9207266671004583,0.12032222985695194,0.9207266671004583,63.1,0.939562349576514,0.09505411412200326,0.939562349576514
20.0,0.9560452202133952,0.07294044469816306,0.9560452202133952,1214.0,0.8778394508101651,0.18749042189558618,0.8778394508101651,24.0,0.9321848016147929,0.11072710316298162,0.9321848016147929,9.4,0.9495424422595443,0.08615944359808089,0.9495424422595443,3.3,0.9487866015427143,0.0870897822768113,0.9487866015427143,28.0,0.7131836623675757,0.2744917994501974,0.7131836623675757,18.0,0.9214548724947715,0.11970380847478043,0.9214548724947715,73.7,0.9399591157772615,0.09455231090954182,0.9399591157772615
34.5,0.9563666048692134,0.07241813186291707,0.9563666048692134,831.0,0.8778248582986877,0.1874978428197169,0.8778248582986877,76.0,0.9320250911767773,0.11094947530968192,0.9320250911767773,-0.8,0.9492502792761127,0.08663854468257388,0.9492502792761127,4.21,0.9491396992598512,0.08678331321040103,0.9491396992598512,20.0,0.7136675981487655,0.27459437510819174,0.7136675981487655,20.0,0.9218791056889901,0.11948501431044506,0.9218791056889901,54.5,0.9398515256708045,0.09473163731040937,0.9398515256708045
100.0,0.9565016670520792,0.07226259744190457,0.9565016670520792,2174.0,0.8789276975032176,0.18632520803323363,0.8789276975032176,83.0,0.9315155644151741,0.11143554239533017,0.9315155644151741,2.3,0.9494219030905243,0.08643648915688257,0.9494219030905243,33.67,0.9490928974897507,0.0868305421704611,0.9490928974897507,34.0,0.7137981108006813,0.27457879040078514,0.7137981108006813,38.4,0.9221189341570539,0.11918366802002485,0.9221189341570539,65.9,0.9399839782162205,0.09448771590786625,0.9399839782162205
100.0,0.9561391596764143,0.07265111453942388,0.9561391596764143,1897.0,0.8794963532136097,0.18572971049874587,0.8794963532136097,84.0,0.9308644671064459,0.11216354215871081,0.9308644671064459,-6.2,0.95004595932926,0.08527055698176969,0.95004595932926,29.19,0.9492177195340615,0.08667580397833655,0.9492177195340615,50.0,0.7136708816740891,0.27468151836119564,0.7136708816740891,37.3,0.9223373856376456,0.11886712531968775,0.9223373856376456,61.6,0.9403682059868923,0.09365505688272184,0.9403682059868923
20.0,0.9558469966929827,0.07313803989790564,0.9558469966929827,2097.0,0.8794963532136096,0.18572971049874587,0.8794963532136096,58.0,0.9307372379798535,0.11234601238516531,0.9307372379798535,-3.1,0.95004595932926,0.08527055698176969,0.95004595932926,5.72,0.9492542811656074,0.08662596689676458,0.9492542811656074,54.0,0.7133355363480943,0.27484765857978366,0.7133355363480943,27.8,0.9222786445950696,0.11896549142099049,0.9222786445950696,60.8,0.9405006585323082,0.09341083509212493,0.9405006585323082
20.8,0.9557145441475666,0.07338948238153473,0.9557145441475666,1802.0,0.8802262615914651,0.1840280280616232,0.8802262615914651,50.0,0.9307372379798536,0.11234601238516471,0.9307372379798536,3.1,0.9508834578135723,0.08314855242217983,0.9508834578135723,4.32,0.9491466910591503,0.08680817824108704,0.9491466910591503,53.0,0.7132196162076558,0.2748601810685382,0.7132196162076558,22.0,0.9221461920496535,0.11920079594656217,0.9221461920496535,68.6,0.9408229073735226,0.09281415307282317,0.9408229073735226
47.1,0.9550904879088312,0.07457080049671293,0.9550904879088312,1772.0,0.8800546377770534,0.18419395938211455,0.8800546377770534,19.0,0.9308254983926186,0.11224587087312467,0.9308254983926186,-7.8,0.9505612089723581,0.08375556918829423,0.9505612089723581,10.2,0.9489282395785589,0.08714291623940063,0.9489282395785589,49.0,0.7140887637791605,0.27488080733475573,0.7140887637791605,29.0,0.9216712967839352,0.12013761074545981,0.9216712967839352,70.6,0.9408717564374036,0.0927366887109841,0.9408717564374036
18.0,0.9552764580779994,0.07427257821502702,0.9552764580779994,1424.0,0.8800107869437577,0.18421659860450862,0.8800107869437577,29.0,0.9304936290012981,0.11252546337741408,0.9304936290012981,8.6,0.9501664651174838,0.08434743982258958,0.9501664651174838,3.58,0.9492504884197731,0.0865381898547489,0.9492504884197731,20.0,0.713876821453128,0.27499302272114934,0.713876821453128,20.4,0.9219967835120311,0.11943168108927865,0.9219967835120311,62.7,0.9405495075961894,0.0933334315548841,0.9405495075961894
38.4,0.9549542092367852,0.07488565429078901,0.9549542092367852,803.0,0.8799497799065329,0.18424228174099613,0.8799497799065329,68.0,0.9306719437214542,0.11235833134108647,0.9306719437214542,6.2,0.9501664651174838,0.08434743982258958,0.9501664651174838,6.44,0.9498200949241126,0.0856655375600428,0.9498200949241126,27.0,0.7136119841487563,0.27506085161778293,0.7136119841487563,27.5,0.922149429936535,0.11906894419998103,0.922149429936535,54.1,0.9407106519029463,0.09317371692624059,0.9407106519029463
78.0,0.9549542092367852,0.07488565429078901,0.9549542092367852,2462.0,0.8806404597706134,0.18344660307730462,0.8806404597706134,23.0,0.9305728149207024,0.11256786960311312,0.9305728149207024,-1.6,0.9501664651174838,0.08434743982258958,0.9501664651174838,30.07,0.950211386708296,0.08496852492679577,0.950211386708296,36.0,0.7138849275505637,0.27502815884801163,0.7138849275505637,36.1,0.9226243252022533,0.1181310291207996,0.9226243252022533,68.2,0.9407472135344922,0.0931246391352601,0.9407472135344922
100.0,0.9549276518078298,0.07491552934577324,0.9549276518078298,1808.0,0.8809823476319631,0.18305706299597432,0.8809823476319631,98.0,0.930354363440111,0.11288921867456544,0.930354363440111,9.4,0.9504919518455798,0.08360484897837783,0.9504919518455798,27.6,0.9503830105227077,0.08476593152482302,0.9503830105227077,42.0,0.7139165042707903,0.2750206216534215,0.7139165042707903,36.9,0.9225951035298667,0.11816339661553382,0.9225951035298667,60.8,0.9409200538380841,0.0927683293087777,0.9409200538380841
100.0,0.9545524565827825,0.07531023876803589,0.9545524565827825,2163.0,0.8814028610885332,0.18243066885189402,0.8814028610885332,95.0,0.9302806519372709,0.11302803504458601,0.9302806519372709,0.8,0.9499480136368924,0.08468314620913625,0.9499480136368924,37.3,0.9502581884783967,0.0849211385132173,0.9502581884783967,50.0,0.7129856537154756,0.2750368768273392,0.7129856537154756,27.23618212807402,0.9227442645028839,0.11799425608750601,0.9227442645028839,60.0,0.9409200538380841,0.0927683293087777,0.9409200538380841
100.0,0.954206920912853,0.07564935131263675,0.954206920912853,2553.0,0.8817082526720443,0.1821511611555692,0.8817082526720443,46.0,0.9304131044826869,0.11278947554899951,0.9304131044826869,3.1,0.9497590815264901,0.08494941103860888,0.9497590815264901,47.42,0.9503139675797386,0.08485712619901503,0.9503139675797386,48.0,0.7128457288322708,0.2750524897627402,0.7128457288322708,44.7,0.9228714936294761,0.11781439634545368,0.9228714936294761,61.2,0.9411431738785466,0.09238544752058413,0.9411431738785466
17.3,0.9541077921121012,0.07586860037367125,0.9541077921121012,1516.0,0.8819216949176215,0.1819321207466117,0.8819216949176215,30.0,0.9300335086953385,0.11326482454161707,0.9300335086953385,4.7,0.9495874577120785,0.08515181815118915,0.9495874577120785,3.59,0.9495253181593073,0.08689769980289283,0.9495253181593073,21.0,0.7137440980761623,0.2750570182542856,0.7137440980761623,20.4,0.9229452051323164,0.11767721100111457,0.9229452051323164,73.7,0.9411849923097121,0.09232456603622825,0.9411849923097121
36.9,0.9540589430482201,0.0759481527037655,0.9540589430482201,790.0,0.8817725339446041,0.18208123644657861,0.8817725339446041,67.0,0.9296367424945909,0.11375249605358281,0.9296367424945909,2.3,0.9500345285976037,0.08439076382355354,0.9500345285976037,5.97,0.9493393479901391,0.08719147897086955,0.9493393479901391,29.0,0.7146735324678845,0.27503956596805296,0.7146735324678845,28.6,0.9231180454359081,0.11733289417043603,0.9231180454359081,54.5,0.9410858635089603,0.09253885044081711,0.9410858635089603
20.4,0.9539264905028042,0.07619869667671363,0.9539264905028042,2437.0,0.8815409525984363,0.18248452702925705,0.8815409525984363,52.0,0.9302929393696062,0.1120191717997904,0.9302929393696062,3.9,0.9500345285976037,0.08439076382355354,0.9500345285976037,6.73,0.949231757883682,0.08737364431518273,0.949231757883682,40.0,0.7154079181696643,0.27511311428192636,0.7154079181696643,24.7,0.9231180454359081,0.11733289417043603,0.9231180454359081,70.6,0.9407603767808644,0.09327043056461497,0.9407603767808644
43.1,0.954099330806396,0.07583385327767438,0.954099330806396,2068.0,0.8826504567636403,0.18035846459095886,0.8826504567636403,20.0,0.9301200990660143,0.11236749278115156,0.9301200990660143,-7.0,0.9502073689011956,0.0840290119593207,0.9502073689011956,12.43,0.9488112444271121,0.08810329718889386,0.9488112444271121,46.0,0.7161074879211645,0.27519474790185405,0.7161074879211645,29.4,0.9231180454359081,0.11733289417043603,0.9231180454359081,71.0,0.9406527866744074,0.0934500748953678,0.9406527866744074
47.1,0.9539264905028042,0.07619869667671363,0.9539264905028042,1590.0,0.8835960910995118,0.17950376631126058,0.8835960910995118,28.0,0.9298396686559656,0.11289075946774182,0.9298396686559656,4.7,0.9505296177424101,0.08342233494789428,0.9505296177424101,11.47,0.94875546532577,0.088167001672928,0.94875546532577,52.0,0.7161074879211645,0.27519474790185405,0.7161074879211645,29.4,0.9231180454359081,0.11733289417043603,0.9231180454359081,70.6,0.9407264981772474,0.09330797815240303,0.9407264981772474
17.3,0.9541124606719724,0.07590119054896437,0.9541124606719724,1754.0,0.8840899637551378,0.178810582191698,0.8840899637551378,18.0,0.9295174198147512,0.11347276880125672,0.9295174198147512,0.0,0.950850650094444,0.08297443437599661,0.950850650094444,4.69,0.9487554653257702,0.0881670016729299,0.9487554653257702,51.0,0.7166412164644583,0.27529548680840005,0.7166412164644583,22.4,0.9227925587078124,0.11804052515375466,0.9227925587078124,76.1,0.94093844050328,0.09307355805254156,0.94093844050328
18.0,0.9539311590626751,0.07623128241578804,0.9539311590626751,1629.0,0.8842300468016588,0.17865267029249463,0.8842300468016588,21.0,0.9295174198147512,0.11347276880125672,0.9295174198147512,0.0,0.9509894012024788,0.08284902751265753,0.9509894012024788,4.22,0.9488043143896512,0.08808856401103525,0.9488043143896512,41.0,0.7169443716884131,0.27522518205055707,0.7169443716884131,21.6,0.9227660012788571,0.11806800933086609,0.9227660012788571,63.1,0.9407153204628176,0.09345618383063511,0.9407153204628176
36.5,0.953882309998794,0.07631080000701063,0.953882309998794,909.0,0.8841975654902355,0.1786871559681247,0.8841975654902355,33.0,0.9292858384685835,0.11392004138595711,0.9292858384685835,-1.6,0.9514642964681971,0.081859931041432,0.9514642964681971,4.02,0.948740974744548,0.08813540922984257,0.948740974744548,22.0,0.716714184438687,0.275344105918167,0.716714184438687,20.4,0.9224871849836087,0.11824592525089271,0.9224871849836087,52.2,0.9405752374162965,0.09364037930493721,0.9405752374162965
40.4,0.9532825926887647,0.07746212997451243,0.9532825926887647,778.0,0.8841767099809201,0.17870267774817367,0.8841767099809201,32.0,0.9291951709735369,0.11405434746085732,0.9291951709735369,3.1,0.9516502666373653,0.08156437596557924,0.9516502666373653,4.37,0.9485812643065326,0.08836620263334813,0.9485812643065326,13.0,0.7163784596838645,0.2754018432867861,0.7163784596838645,20.8,0.9221491598254369,0.11862835002689301,0.9221491598254369,55.3,0.9407181367993599,0.09349559330394347,0.9407181367993599
57.3,0.9527022647224376,0.07819829167672374,0.9527022647224376,931.0,0.8842478038095387,0.17865690991902136,0.8842478038095387,56.0,0.9289414102163389,0.11433952578758387,0.9289414102163389,-3.9,0.9518979397903433,0.08119252028286245,0.9518979397903433,11.43,0.9479347452264025,0.08955000020948184,0.9479347452264025,23.0,0.7152202083850345,0.2768966081393869,0.7152202083850345,30.2,0.9217160829908841,0.11950724576641175,0.9217160829908841,59.6,0.9404950167588974,0.09387801904028763,0.9404950167588974
62.7,0.9520115848583568,0.07915809782841995,0.9520115848583568,2237.0,0.8841861008257289,0.17872009668719954,0.8841861008257289,54.0,0.9287504308121562,0.11456961679736431,0.9287504308121562,-1.6,0.9525541366653587,0.07939147435446091,0.9525541366653587,22.58,0.9474519598948982,0.09011706803248437,0.9474519598948982,33.0,0.7147087514877705,0.2775126893387916,0.7147087514877705,35.3,0.9212690121053588,0.12022616665238987,0.9212690121053588,69.0,0.9402765652783059,0.09420769704569723,0.9402765652783059
70.6,0.9515416791075938,0.0796547511850685,0.9515416791075938,1744.0,0.884266218855777,0.1786464825777427,0.884266218855777,65.0,0.9288241423149965,0.11443118058449019,0.9288241423149965,-4.7,0.9523812963617668,0.07975503670558348,0.9523812963617668,18.36,0.9470796788814184,0.09068230144899353,0.9470796788814184,43.0,0.7144663787359644,0.2776163247200941,0.7144663787359644,34.1,0.920896731091879,0.12076162138200236,0.920896731091879,67.1,0.9398818214234317,0.09478801635381454,0.9398818214234317
17.6,0.9514340890011369,0.07983823714400859,0.9514340890011369,1664.0,0.8838819910851052,0.1793878033280112,0.8838819910851052,55.0,0.929554050692852,0.11256128267283631,0.929554050692852,3.1,0.9525137489071829,0.07950542741365282,0.9525137489071829,4.05,0.9469720887749613,0.09086358948006645,0.9469720887749613,45.0,0.7134628544932394,0.2776903033412989,0.7134628544932394,21.6,0.9206449558666233,0.1213296336616626,0.9206449558666233,62.7,0.9398818214234318,0.09478801635381581,0.9398818214234318
58.8,0.9511823137758811,0.08043807440171714,0.9511823137758811,1534.0,0.8831520827072497,0.18110165636001466,0.8831520827072497,41.0,0.9299263317063318,0.1120165985652461,0.9299263317063318,-5.5,0.9535178878669718,0.0771532324494025,0.9535178878669718,12.48,0.947223864000217,0.09026936733820727,0.947223864000217,48.0,0.7120248163236752,0.2783156636387669,0.7120248163236752,30.2,0.9200878877923597,0.12283093195220673,0.9200878877923597,67.5,0.9401002729040232,0.09445862997974346,0.9401002729040232
55.3,0.9512931751500155,0.08028431207838307,0.9512931751500155,1648.0,0.8827391010172815,0.1815386809912431,0.8827391010172815,52.0,0.9297769231687094,0.11225091081773257,0.9297769231687094,0.0,0.9543019779275649,0.07614626094682393,0.9543019779275649,14.36,0.9471454839375059,0.09038035336943527,0.9471454839375059,33.67243525896414,0.7121496383679864,0.278239794175989,0.7121496383679864,31.0,0.9196408169068344,0.1235467622582845,0.9196408169068344,69.0,0.9401002729040232,0.09445862997974346,0.9401002729040232
63.5,0.95179522957383,0.07960047029256982,0.95179522957383,1836.0,0.8828067582966976,0.18148497828568236,0.8828067582966976,43.0,0.929926016216479,0.11211676199025962,0.929926016216479,0.0,0.954490910037967,0.07587681866915082,0.954490910037967,17.25,0.9469788434620295,0.09059560443068944,0.9469788434620295,59.0,0.7126029456581748,0.27790424076743353,0.7126029456581748,32.2,0.9198971703606886,0.12339149592201677,0.9198971703606886,68.2,0.9401985375193787,0.09433538892406564,0.9401985375193787
18.0,0.9514110018031583,0.08044984990959483,0.9514110018031583,1952.0,0.8829166085594372,0.1814309135384807,0.8829166085594372,19.0,0.9303974260307104,0.11136207045839186,0.9303974260307104,0.0,0.9541366693905748,0.07630297156398426,0.9541366693905748,5.26,0.946354787223294,0.09175389850221904,0.946354787223294,57.0,0.7139671483014925,0.27640548286916666,0.7139671483014925,23.1,0.920107966392268,0.12319050194407401,0.920107966392268,77.3,0.9403544552115601,0.09416707925695131,0.9403544552115601
62.4,0.9518858970688765,0.0794590809513152,0.9518858970688765,1871.0,0.8830085578973713,0.18137004539903948,0.8830085578973713,19.0,0.9307888416674304,0.1110556629771945,0.9307888416674304,6.2,0.9537113898027418,0.07664798912930505,0.9537113898027418,21.02,0.9465779072637566,0.09136831318989859,0.9465779072637566,54.0,0.7149194482558345,0.2756702321130323,0.7149194482558345,34.5,0.9200003762858109,0.12336222987567427,0.9200003762858109,68.2,0.9407457469957435,0.09348125437784607,0.9407457469957435
17.6,0.9521174784150443,0.07899118531151597,0.9521174784150443,1713.0,0.8832708492068295,0.18108313633670106,0.8832708492068295,21.0,0.9308350108991345,0.11102430891706626,0.9308350108991345,0.0,0.9532984081127734,0.07717821197996591,0.9532984081127734,4.63,0.9465041957609164,0.09151153557783964,0.9465041957609164,44.0,0.7157840028702355,0.2749327222310565,0.7157840028702355,22.4,0.920107966392268,0.12319050194407401,0.920107966392268,63.5,0.9406870059531676,0.09358346818515542,0.9406870059531676
46.7,0.952290318718636,0.07862759300748716,0.952290318718636,769.0,0.8826034746173842,0.18212430350580186,0.8826034746173842,33.0,0.9306440314949519,0.11125564498281292,0.9306440314949519,0.0,0.9529761592715591,0.07778893206432842,0.9529761592715591,4.88,0.9465041957609164,0.09151153557783964,0.9465041957609164,28.0,0.7155855325649636,0.274948297448053,0.7155855325649636,21.6,0.9203234559316253,0.12291422069742113,0.9203234559316253,65.9,0.9404980738427654,0.09384501906861964,0.9404980738427654
39.2,0.9521043485494678,0.07892394185554344,0.9521043485494678,790.0,0.8823764630965841,0.1823100813976127,0.8823764630965841,32.0,0.9302010960625,0.11177584833961507,0.9302010960625,3.1,0.952783679947832,0.07801297901438282,0.952783679947832,4.21,0.9463152636505142,0.09177534956519949,0.9463152636505142,7.0,0.7153642199894696,0.2749669857479073,0.7153642199894696,20.4,0.9202557986522092,0.12297566971166997,0.9202557986522092,56.1,0.9404980738427654,0.09384501906862089,0.9404980738427654
65.9,0.9524885763201396,0.07807328038039511,0.9524885763201396,1343.0,0.8817299440164542,0.18333364318409398,0.8817299440164542,55.0,0.9301200697857913,0.1118453739482566,0.9301200697857913,-3.1,0.9529503204233084,0.07779401321258402,0.9529503204233084,13.46,0.9463152636505141,0.09177534956519885,0.9463152636505141,17.0,0.715937703544633,0.2750669479028595,0.715937703544633,30.6,0.9203830277788015,0.12279707151352136,0.9203830277788015,62.0,0.9404074063477189,0.09398314769349747,0.9404074063477189
17.3,0.9524885763201396,0.07807328038039323,0.9524885763201396,1655.0,0.8814579383355629,0.18359288608276506,0.8814579383355629,62.0,0.9304141070080371,0.1116431341245002,0.9304141070080371,-0.8,0.9531062381154898,0.07762029325041765,0.9531062381154898,23.53,0.9461486231750379,0.09199013837285804,0.9461486231750379,30.0,0.7168628477246468,0.2750459247640579,0.7168628477246468,34.9,0.9202429447322804,0.12297221128139559,0.9202429447322804,63.5,0.9404074063477189,0.09398314769349747,0.9404074063477189
19.2,0.9523391677825173,0.07831946596083837,0.9523391677825173,2498.0,0.8809837138139229,0.18377051485757212,0.8809837138139229,52.0,0.9305413361346294,0.11146064178870413,0.9305413361346294,6.2,0.9538447065335539,0.07634249128449194,0.9538447065335539,6.7,0.9459301716944465,0.09232249592260365,0.9459301716944465,34.0,0.7175929220798176,0.2751166397893058,0.7175929220798176,25.1,0.9200832342942649,0.12318911979810782,0.9200832342942649,68.2,0.940345703363909,0.09405743983168938,0.940345703363909
56.5,0.9525622878229799,0.07792802272679604,0.9525622878229799,1753.0,0.8805681144497333,0.18428422881117723,0.8805681144497333,27.0,0.9303600345253322,0.11177492733465101,0.9303600345253322,1.6,0.9543972152479792,0.07580458338050847,0.9543972152479792,13.47,0.9450142931474228,0.09453490731887763,0.9450142931474228,29.0,0.7183592529691576,0.27517392857244694,0.7183592529691576,30.6,0.9202323952672822,0.12302135861392553,0.9202323952672822,69.0,0.9399759036697299,0.09425114131916894,0.9399759036697299
36.9,0.9521780600523081,0.07877881352662412,0.9521780600523081,818.0,0.8805093734071573,0.1843730741907337,0.8805093734071573,44.0,0.9301465922797552,0.11202680791553399,0.9301465922797552,1.6,0.9546242267687792,0.07557094594085874,0.9546242267687792,4.14,0.9449555521048469,0.0946375722990972,0.9449555521048469,12.0,0.7191241252096485,0.27523026319842736,0.7191241252096485,20.4,0.9201633523243131,0.1231063925981427,0.9201633523243131,56.9,0.9396340158083804,0.09470829436788626,0.9396340158083804
55.7,0.9522564401150192,0.07866620356184802,0.9522564401150192,1975.0,0.8812980228275887,0.1825789009527813,0.8812980228275887,26.0,0.9296351353824912,0.1130241116969108,0.9296351353824912,-3.1,0.954685929752589,0.07549414488763823,0.954685929752589,18.35,0.9447324320643844,0.09502165077112074,0.9447324320643844,21.0,0.7199308498220451,0.27526791492777786,0.7199308498220451,32.9,0.9201633523243131,0.1231063925981427,0.9201633523243131,69.0,0.9394024344622125,0.09516567297074542,0.9394024344622125
83.9,0.9524748915956107,0.07832820674713714,0.9524748915956107,2042.0,0.8809757739863745,0.18310083663448212,0.8809757739863745,66.0,0.9297675879279073,0.11278573949348941,0.9297675879279073,-3.9,0.954504628143292,0.0758245298287854,0.954504628143292,25.63,0.9445414526602017,0.0952603516197245,0.9445414526602017,34.0,0.7209270804558238,0.2751806060120469,0.7209270804558238,35.3,0.9201424968149977,0.12312414167596061,0.9201424968149977,66.7,0.9398068561119723,0.09398801550132325,0.9398068561119723
19.6,0.9527553220056596,0.07778039227393746,0.9527553220056596,2380.0,0.8805627922964062,0.18353542865822875,0.8805627922964062,79.0,0.9298459679906184,0.112678955426679,0.9298459679906184,2.3,0.9546935602536941,0.07555496026124921,0.9546935602536941,6.97,0.9444090001147858,0.09550547629011868,0.9444090001147858,40.0,0.7216326541333469,0.275251424925803,0.7216326541333469,27.1,0.9208597948808769,0.1225106062675661,0.9208597948808769,63.1,0.9394226283413004,0.09481999543482718,0.9394226283413004
98.0,0.9526444606315253,0.07793471105241927,0.9526444606315253,2043.0,0.8798759547046555,0.18458407248894787,0.8798759547046555,64.0,0.9296646663813213,0.11299273605131781,0.9296646663813213,-0.8,0.9548748618629912,0.07522445304382482,0.9548748618629912,30.06,0.9435715016304734,0.09760106040993351,0.9435715016304734,45.0,0.7216326541333469,0.275251424925803,0.7216326541333469,37.3,0.9214220738987831,0.12212740788078028,0.9214220738987831,63.9,0.9395010084040115,0.09471040717406995,0.9395010084040115
91.4,0.9522239471749552,0.07867143274443189,0.9522239471749552,2247.0,0.8799449976476247,0.18450841268648913,0.8799449976476247,45.0,0.929390435799388,0.11337429762848344,0.929390435799388,-2.3,0.9553079386975442,0.07428990067154866,0.9553079386975442,29.75,0.9433197264052176,0.0981908489569473,0.9433197264052176,46.0,0.7216326541333469,0.275251424925803,0.7216326541333469,36.5,0.9214220738987831,0.12212740788078028,0.9214220738987831,68.2,0.939591675899058,0.09457249932911523,0.939591675899058
49.8,0.952322211790311,0.07854472034010707,0.952322211790311,1522.0,0.8798458688468729,0.18469705846213225,0.8798458688468729,47.0,0.9289748364351982,0.11395701193556816,0.9289748364351982,3.1,0.9557793485117757,0.07349289381400717,0.9557793485117757,10.82,0.943579408077226,0.0977590937042551,0.943579408077226,44.0,0.722372154730514,0.27531054298869895,0.722372154730514,28.2,0.921702504308832,0.12161230704702064,0.921702504308832,69.0,0.9398636815799495,0.09426315278242492,0.9398636815799495
42.0,0.9519803239289615,0.07901441368747184,0.9519803239289615,1466.0,0.8795472993362332,0.18505249408533703,0.8795472993362332,19.0,0.9289382748036523,0.11400456449418608,0.9289382748036523,4.7,0.9558483914547447,0.07340028307623642,0.9558483914547447,6.76,0.9440034523661543,0.09730101257049545,0.9440034523661543,43.0,0.723322101603288,0.2752530954145319,0.723322101603288,21.6,0.9220443921701816,0.1211751822183464,0.9220443921701816,70.2,0.9394674158661043,0.09447688726768651,0.9394674158661043
18.0,0.9512684157390645,0.07998392181976603,0.9512684157390645,1385.0,0.8789176265093771,0.18582005748659466,0.8789176265093771,20.0,0.9286785931316441,0.11442423554836474,0.9286785931316441,16.4,0.9556085629866808,0.0737263702557162,0.9556085629866808,4.21,0.9438451893535299,0.09742797485206951,0.9438451893535299,41.0,0.7240231870508436,0.27532107298040803,0.7240231870508436,20.8,0.9217146795172715,0.1214028001392205,0.9217146795172715,62.7,0.9392920351716176,0.09466162776433903,0.9392920351716176
55.3,0.9505385073612089,0.08192661532642,0.9505385073612089,1422.0,0.878316443284811,0.18657217190341488,0.878316443284811,20.0,0.928497291522347,0.11473722623250442,0.928497291522347,5.5,0.9551218697938726,0.0744050185487613,0.9551218697938726,10.36,0.9436562572431277,0.09768976046339074,0.9436562572431277,43.0,0.7246911842244954,0.27539620946507026,0.7246911842244954,29.0,0.9217146795172715,0.1214028001392205,0.9217146795172715,71.4,0.9391107335623204,0.09498251849962415,0.9391107335623204
17.3,0.950730986684936,0.08170396306876924,0.950730986684936,1413.0,0.8784880670992226,0.18640717497446596,0.8784880670992226,20.0,0.9281250105088671,0.11527984418046068,0.9281250105088671,7.0,0.9550110084197382,0.07456015737264055,0.9550110084197382,3.94,0.9435571284423759,0.09790409497213817,0.9435571284423759,42.0,0.7259893604065302,0.27384941810191027,0.7259893604065302,21.2,0.9216155507165198,0.121609117268874,0.9216155507165198,62.0,0.9386358382966022,0.09595106225687572,0.9386358382966022
20.4,0.9512113135286653,0.08120346989572359,0.9512113135286653,1345.0,0.8780967753150394,0.18700087327994133,0.8780967753150394,50.0,0.9277427128738562,0.115579703340597,0.9277427128738562,14.1,0.9544962802547968,0.07539798557844293,0.9544962802547968,3.63,0.9437481078465586,0.09766621809241018,0.9437481078465586,41.0,0.7265332986152174,0.27319330753964166,0.7265332986152174,20.8,0.9219369353723379,0.12112437836062356,0.9219369353723379,61.2,0.9385375736812466,0.0960738965063396,0.9385375736812466
58.4,0.9515655541760577,0.08078062202932611,0.9515655541760577,1369.0,0.8783953448256789,0.18664689344762425,0.8783953448256789,63.0,0.9273512972371363,0.11588289270623911,0.9273512972371363,10.2,0.9544962802547968,0.07539798557844293,0.9544962802547968,11.17,0.9441094587102135,0.09719111152270966,0.9441094587102135,45.0,0.7268555474564318,0.272828772485259,0.7268555474564318,29.0,0.923008731611543,0.11883642951255977,0.923008731611543,67.1,0.9385992766650565,0.09599990353652224,0.9385992766650565
16.1,0.9519378351895375,0.08020850177141714,0.9519378351895375,1451.0,0.878493541515787,0.18657886441378635,0.878493541515787,30.0,0.9270681504183627,0.1162258858364341,0.9270681504183627,7.0,0.9540757667982267,0.07613739122229327,0.9540757667982267,3.56,0.9445299721667834,0.09646950845849851,0.9445299721667834,18.0,0.7276093771055018,0.2720815571209169,0.7276093771055018,20.8,0.9231163217179998,0.1186635183671212,0.9231163217179998,75.3,0.9386358382966022,0.09595106225687572,0.9386358382966022
39.2,0.951714715149075,0.08059912988182305,0.951714715149075,795.0,0.8786427024888042,0.1864312962706147,0.8786427024888042,35.0,0.9269356978729466,0.11646298092207014,0.9269356978729466,-3.9,0.9540067238552576,0.07622961244264954,0.9540067238552576,4.07,0.9446036836696237,0.09632700146328554,0.9446036836696237,0.0,0.7278611523307575,0.2717005328471516,0.7278611523307575,20.4,0.9227908349899041,0.1193706787018992,0.9227908349899041,56.5,0.9388955199686106,0.09552109962545156,0.9388955199686106
43.5,0.9518223052555319,0.08041567050291785,0.9518223052555319,780.0,0.8781712926745726,0.1870972456613578,0.8781712926745726,34.0,0.9267830514484426,0.11682823408720378,0.9267830514484426,-3.1,0.9538666408087367,0.0764193308479442,0.9538666408087367,4.7,0.9444712311242075,0.09657199448035869,0.9444712311242075,0.0,0.7275401199787236,0.2719449635680986,0.7275401199787236,21.2,0.9220609266120485,0.12122028352832187,0.9220609266120485,51.4,0.9387030406448834,0.09573773249302336,0.9387030406448834
40.0,0.951714715149075,0.08059912988182305,0.951714715149075,790.0,0.8779604966429931,0.18727110207324782,0.8779604966429931,30.0,0.9267243104058668,0.11692727637662846,0.9267243104058668,0.0,0.9537590507022796,0.07660367407643094,0.9537590507022796,4.33,0.9444124900816316,0.09667446700778076,0.9444124900816316,0.0,0.7271705181003251,0.2721626116740138,0.7271705181003251,20.8,0.9220609266120485,0.12122028352832187,0.9220609266120485,55.7,0.938749842414984,0.09569155888698143,0.938749842414984
40.4,0.9517512767806207,0.08054891071838839,0.9517512767806207,787.0,0.8779239350114473,0.18731248321196123,0.8779239350114473,33.0,0.9263988236777708,0.11763813790656281,0.9263988236777708,0.0,0.9534048100548872,0.07702918692205847,0.9534048100548872,4.42,0.9445722005196472,0.09644622377784648,0.9445722005196472,0.0,0.7271858793313312,0.2721588033120174,0.7271858793313312,20.8,0.922335157193982,0.1208445933354341,0.922335157193982,60.4,0.9387916608461495,0.09563100039911887,0.9387916608461495
40.8,0.9519109872186363,0.08031593510704936,0.9519109872186363,799.0,0.8782043654214963,0.1868461090846238,0.8782043654214963,32.0,0.9259517527922457,0.11836220266817393,0.9259517527922457,-3.1,0.9534048100548872,0.0770291869220572,0.9534048100548872,4.22,0.9449634923038306,0.09575791756600137,0.9449634923038306,0.0,0.7264508901003598,0.27210758164435433,0.7264508901003598,20.8,0.9224623863205743,0.12066522093565804,0.9224623863205743,56.1,0.9390232421923173,0.0951740643975851,0.9390232421923173
37.3,0.9519598362825175,0.08023680354064608,0.9519598362825175,812.0,0.8784517230846215,0.18663063773524743,0.8784517230846215,34.0,0.9258408914181112,0.11850680417752628,0.9258408914181112,-2.3,0.9532775809282951,0.07722149844679864,0.9532775809282951,4.19,0.944985955145225,0.09573627343475288,0.944985955145225,0.0,0.7256949263134064,0.2720625565060568,0.7256949263134064,20.4,0.9227366169025076,0.12028917082629272,0.9227366169025076,60.0,0.9389448621296062,0.09528355018455749,0.9389448621296062
37.6,0.9519598362825175,0.08023680354064608,0.9519598362825175,794.0,0.8788009655014286,0.18633147545108797,0.8788009655014286,33.0,0.9258184285767169,0.11852736417115843,0.9258184285767169,-2.3,0.9532287318644137,0.077300905461395,0.9532287318644137,4.07,0.9448722774345482,0.09584749065148328,0.9448722774345482,0.0,0.7249166032550438,0.272024943278336,0.7249166032550438,20.4,0.9230845589872811,0.11977583456177533,0.9230845589872811,58.8,0.9391633136101976,0.09495465132733637,0.9391633136101976
37.6,0.9521264767579938,0.08001843992309272,0.9521264767579938,790.0,0.8792371686664047,0.185948772135089,0.8792371686664047,34.0,0.9264695258854452,0.11780863604277425,0.9264695258854452,-2.3,0.9528003889434394,0.07784181164674417,0.9528003889434394,4.15,0.9448105744507382,0.09592207220868665,0.9448105744507382,0.0,0.724450046059684,0.27193351842691194,0.724450046059684,20.4,0.9232511994627575,0.11957209641788442,0.9232511994627575,60.4,0.93938643365066,0.09457308584884994,0.93938643365066
41.2,0.9524691533821644,0.07971341075734202,0.9524691533821644,796.0,0.8796612129553331,0.18557065541921453,0.8796612129553331,34.0,0.9266138918072573,0.11769653415483806,0.9266138918072573,-3.1,0.9528787690061506,0.077729042533837,0.9528787690061506,4.22,0.9446377341471465,0.0962794192870353,0.9446377341471465,0.0,0.7239745194076594,0.2718413037250598,0.7239745194076594,20.4,0.9232511994627575,0.11957209641788442,0.9232511994627575,57.3,0.93938643365066,0.09457308584884994,0.93938643365066
37.6,0.9524691533821644,0.07971341075734202,0.9524691533821644,802.0,0.8798171306475145,0.18543143599453718,0.8798171306475145,33.0,0.9266726328498331,0.11759755419742181,0.9266726328498331,0.8,0.9525368811448012,0.0781993360945706,0.9525368811448012,4.36,0.9446935132484883,0.09621651538726315,0.9446935132484883,0.0,0.7234898339401186,0.27174834608148285,0.7234898339401186,20.4,0.9228813997685783,0.11975069801401361,0.9228813997685783,57.3,0.93938643365066,0.09457308584884994,0.93938643365066
35.3,0.9526922734226269,0.07932223563695376,0.9526922734226269,813.0,0.8793150762237,0.18599653314735717,0.8793150762237,33.0,0.9269446385307246,0.11729997637058227,0.9269446385307246,-2.3,0.9525368811448012,0.07819933609457122,0.9525368811448012,4.24,0.9444780237091308,0.09650770881959538,0.9444780237091308,0.0,0.7229236077033875,0.2716567710986097,0.7229236077033875,20.4,0.9223135102403216,0.12013736286828189,0.9223135102403216,58.4,0.9394846982660157,0.0944499653347909,0.9394846982660157
35.7,0.9526335323800511,0.07942676787860704,0.9526335323800511,803.0,0.8788617689335114,0.1865329203591209,0.8788617689335114,32.0,0.9262327303408276,0.11821141385094776,0.9262327303408276,-2.3,0.9525368811448011,0.07819933609456996,0.9525368811448011,4.21,0.9445771525098826,0.09629299852031627,0.9445771525098826,0.0,0.721924437708004,0.27175039806070106,0.721924437708004,20.4,0.9212652208073674,0.12146024415322564,0.9212652208073674,58.0,0.9398642940533641,0.09396125096975072,0.9398642940533641
37.6,0.953066609214604,0.07849647887101596,0.953066609214604,792.0,0.8784286920989586,0.18733171784264696,0.8784286920989586,33.0,0.9262327303408276,0.11821141385094776,0.9262327303408276,1.6,0.9525103237158458,0.07822903257816237,0.9525103237158458,4.19,0.9446880138840171,0.09614229530651813,0.9446880138840171,0.0,0.7212129851580619,0.2716814180732605,0.7212129851580619,20.4,0.9207846885660322,0.12172972081687966,0.9207846885660322,55.3,0.9405228510766674,0.09341045380665242,0.9405228510766674
38.0,0.9529174482415866,0.07867859380855138,0.9529174482415866,802.0,0.8787208550823903,0.18692597952360165,0.8787208550823903,34.0,0.9257578350751096,0.11915343262518134,0.9257578350751096,1.6,0.9530058787529904,0.07777572654224134,0.9530058787529904,4.2,0.9446880138840171,0.09614229530651813,0.9446880138840171,0.0,0.7212129851580619,0.2716814180732605,0.7212129851580619,20.4,0.9203722110759421,0.12192883067845015,0.9203722110759421,56.9,0.9412345386321962,0.09275786640668035,0.9412345386321962
37.6,0.9526432176596532,0.07908122396966331,0.9526432176596532,785.0,0.878642475019679,0.1870191942924359,0.878642475019679,34.0,0.9254552252540303,0.11951055831736895,0.9254552252540303,2.3,0.952588703778557,0.07811633355613964,0.952588703778557,4.28,0.9448769459944192,0.09587987130047351,0.9448769459944192,0.0,0.7212129851580619,0.2716814180732605,0.7212129851580619,20.4,0.919782900056074,0.12231681193896599,0.919782900056074,56.1,0.9413836996052134,0.09258051890448765,0.9413836996052134
39.6,0.9522589898889816,0.07993162730551706,0.9522589898889816,787.0,0.8786059133881331,0.18706063016981864,0.8786059133881331,34.0,0.9251520700300756,0.11971240783687301,0.9251520700300756,1.6,0.9521603608575827,0.07865646305780777,0.9521603608575827,4.26,0.9447985659317081,0.09599007985303981,0.9447985659317081,0.0,0.7212129851580619,0.2716814180732605,0.7212129851580619,20.4,0.9190390621911946,0.12293455877766044,0.9190390621911946,54.1,0.9415696697743816,0.09229055323902025,0.9415696697743816
39.6,0.9521852783861413,0.08007667977132461,0.9521852783861413,795.0,0.8786646544307091,0.18697220975846526,0.8786646544307091,33.0,0.9253249103336675,0.11936754283088148,0.9253249103336675,-3.1,0.9522510283526292,0.07851492377386257,0.9522510283526292,4.21,0.9446125957625399,0.096280436704901,0.9446125957625399,0.0,0.7212129851580619,0.2716814180732605,0.7212129851580619,20.4,0.9183489353170042,0.12345442882627984,0.9183489353170042,58.0,0.9416433812772217,0.09214821295853627,0.9416433812772217
36.9,0.9521852783861413,0.08007667977132461,0.9521852783861413,807.0,0.8786158053668279,0.1870386539661092,0.8786158053668279,33.0,0.9248918334991146,0.12024950398559495,0.9248918334991146,2.3,0.9522510283526292,0.07851492377386257,0.9522510283526292,4.14,0.9445637466986586,0.09635806402823699,0.9445637466986586,0.0,0.7212129851580619,0.2716814180732605,0.7212129851580619,20.4,0.9174222823081117,0.12441238797666943,0.9174222823081117,58.8,0.9415846402346458,0.09225061859276812,0.9415846402346458
38.4,0.9523346869237639,0.07983081366354979,0.9523346869237639,794.0,0.8773909527814207,0.1892027273576175,0.8773909527814207,32.0,0.9244014450555369,0.1207179283866184,0.9244014450555369,3.9,0.9521726482899179,0.07862754547689953,0.9521726482899179,4.03,0.9437681624884409,0.09764439551295281,0.9437681624884409,0.0,0.7212129851580619,0.2716814180732605,0.7212129851580619,20.4,0.9163381205070198,0.12572815613987592,0.9163381205070198,56.1,0.9413615201941834,0.09263373251813176,0.9413615201941834
38.8,0.9519624059102839,0.08040334632191787,0.9519624059102839,793.0,0.8772096511721235,0.1894804375683598,0.8772096511721235,45.0,0.9246330264017046,0.12027500830549048,0.9246330264017046,3.9,0.9519103569804598,0.07897315248263383,0.9519103569804598,4.19,0.9435792303780387,0.09790611324708673,0.9435792303780387,3.0,0.7212129851580619,0.2716814180732605,0.7212129851580619,20.4,0.9156334038270517,0.12624616318231335,0.9156334038270517,58.8,0.9411299388480155,0.09309254832768675,0.9411299388480155
100.0,0.9518026954722684,0.08063632131074784,0.9518026954722684,1303.0,0.8768052295223636,0.1905300153873,0.8768052295223636,59.0,0.9245964647701588,0.12032204675813542,0.9245964647701588,0.8,0.9520504400269809,0.07878424501117229,0.9520504400269809,24.26,0.9432960835592651,0.09826173261994174,0.9432960835592651,17.0,0.7204452028768923,0.2716295020278767,0.7204452028768923,36.9,0.9148652406012132,0.1268608706912009,0.9148652406012132,59.2,0.9409439686788473,0.09338220303857267,0.9409439686788473
65.9,0.9516535344992512,0.08081782674593481,0.9516535344992512,1682.0,0.8768052295223636,0.19053001538730058,0.8768052295223636,70.0,0.9240440286792185,0.12113488537554043,0.9240440286792185,-7.0,0.9522659295663384,0.07848635424191064,0.9522659295663384,15.84,0.943332645190811,0.09821269728068613,0.943332645190811,29.0,0.7196551208797444,0.271584835901679,0.7196551208797444,31.8,0.9148652406012131,0.12686087069120086,0.9148652406012131,67.8,0.9405643728914989,0.09387179980037183,0.9405643728914989
19.6,0.951178639233533,0.08180765632528911,0.951178639233533,2402.0,0.8761894537863202,0.1912838120597686,0.8761894537863202,76.0,0.9232849609570583,0.12205894975510491,0.9232849609570583,-3.1,0.952099289090862,0.07870502205530616,0.952099289090862,6.45,0.9431141937102195,0.09854249780836298,0.9431141937102195,40.0,0.7189393356390237,0.27151323298179875,0.7189393356390237,24.3,0.9145848101911643,0.12736998939309627,0.9145848101911643,75.3,0.9400020938735926,0.09428292132594888,0.9400020938735926
100.0,0.9513646094027012,0.0815121893536845,0.9513646094027012,2173.0,0.876011139066164,0.1914224967870604,0.876011139066164,78.0,0.9225173117458131,0.12298441682661715,0.9225173117458131,0.0,0.9520574706596966,0.07876730237169977,0.9520574706596966,39.14,0.9433457750563873,0.09808395663434392,0.9433457750563873,50.0,0.7184366039068966,0.27141535329990174,0.7184366039068966,42.7,0.9145848101911643,0.12736998939309627,0.9145848101911643,63.5,0.939530684059361,0.09505513210521185,0.939530684059361
100.0,0.9511491198633437,0.08180907909545294,0.9511491198633437,1744.0,0.8759035489597069,0.19157619787846678,0.8759035489597069,86.0,0.9221618397551896,0.12322081084228861,0.9221618397551896,2.3,0.9518097975067186,0.07913985838078609,0.9518097975067186,29.41,0.9433946241202684,0.09800653163353718,0.9433946241202684,56.0,0.7177495422669805,0.2713343835673076,0.7177495422669805,40.0,0.9145359611272832,0.12744316665216013,0.9145359611272832,57.6,0.93939060101284,0.09523882211228993,0.93939060101284
100.0,0.9510874168795338,0.08188514972293716,0.9510874168795338,1967.0,0.8763749587739383,0.19091489709311557,0.8763749587739383,20.0,0.9225037276165391,0.12278401965544461,0.9225037276165391,-4.7,0.9517679790755531,0.0792020985522466,0.9517679790755531,34.56,0.9436422972732464,0.09764258748097428,0.9436422972732464,62.0,0.7166327215424977,0.2715235627693668,0.7166327215424977,67.1,0.9145848101911643,0.12736998939309566,0.9145848101911643,59.2,0.9391507725447762,0.09555307806068833,0.9391507725447762
75.7,0.9510874168795338,0.08188514972293716,0.9510874168795338,2106.0,0.8764731554640465,0.19084759882880037,0.8764731554640465,43.0,0.9228516697013126,0.12227177678317191,0.9228516697013126,2.3,0.9514066282118983,0.07968849157172708,0.9514066282118983,20.72,0.9437747498186625,0.09739798351022544,0.9437747498186625,63.0,0.715927473185814,0.27144410482109593,0.715927473185814,32.2,0.9145848101911643,0.12736998939309566,0.9145848101911643,65.9,0.9382714556292985,0.09769642945894372,0.9382714556292985
45.9,0.9510508552479879,0.08193527817063717,0.9510508552479879,1729.0,0.8774187897999178,0.19001290537282034,0.8774187897999178,30.0,0.9232672690655023,0.1216973202537451,0.9232672690655023,1.6,0.9518397050464511,0.07875961232879068,0.9518397050464511,11.37,0.9433800059637882,0.09797942215924234,0.9433800059637882,63.0,0.715366696165523,0.27134384293561736,0.715366696165523,29.4,0.9145848101911644,0.12736998939309568,0.9145848101911644,71.0,0.9380483355888358,0.09807674585253202,0.9380483355888358
45.9,0.9504650332544279,0.0828237544476855,0.9504650332544279,1725.0,0.8774945236486315,0.1899627248266386,0.8774945236486315,44.0,0.9235269507375106,0.12128251347032783,0.9235269507375106,3.9,0.9519505664205856,0.07860553530276537,0.9519505664205856,13.23,0.9428068460827144,0.09907446992898247,0.9428068460827144,64.0,0.7144933408895906,0.27132737626965703,0.7144933408895906,30.6,0.914310579609231,0.1277399586704014,0.914310579609231,71.4,0.9374386276294137,0.09854562835128362,0.9374386276294137
52.2,0.9500682670536802,0.083336952137407,0.9500682670536802,1775.0,0.8774456745847504,0.1900288863615834,0.8774456745847504,19.0,0.9235635123690564,0.12123557846415399,0.9235635123690564,-4.7,0.9518598989255391,0.07874701657408224,0.9518598989255391,13.63,0.9426796169561221,0.09926143867383745,0.9426796169561221,62.0,0.7151801784813413,0.27061948240606104,0.7151801784813413,30.6,0.9139626375244575,0.1282445205006006,0.9139626375244575,69.8,0.9374161647880194,0.098566995797941,0.9374161647880194
18.0,0.9501589345487267,0.0831962034347002,0.9501589345487267,1651.0,0.8778612739489401,0.18952033186122147,0.8778612739489401,20.0,0.9234141038314341,0.12146654868273003,0.9234141038314341,0.0,0.9520158166177205,0.07857368060822927,0.9520158166177205,4.19,0.9426208759135462,0.09936352640755959,0.9426208759135462,49.0,0.715956163928535,0.2701129932880742,0.715956163928535,22.0,0.9139626375244575,0.1282445205006006,0.9139626375244575,63.1,0.9370682227032457,0.09909756857837476,0.9370682227032457
34.1,0.9498366857075125,0.08380269840333963,0.9498366857075125,825.0,0.8784050829339022,0.18893840468862425,0.8784050829339022,31.0,0.92354655637685,0.12123119861790592,0.92354655637685,0.0,0.9521140812330762,0.07844698935642042,0.9521140812330762,4.81,0.942262065440786,0.10000813699659386,0.942262065440786,30.0,0.7160880445211262,0.27009020126448724,0.7160880445211262,22.0,0.9136640680138178,0.12863695550817816,0.9136640680138178,68.2,0.9367471903512118,0.0995326328122235,0.9367471903512118
38.0,0.9496872771698901,0.08404722892663644,0.9496872771698901,795.0,0.8783765933316124,0.18895248996309807,0.8783765933316124,32.0,0.9233555769726673,0.12145825411060118,0.9233555769726673,-1.6,0.9524836831114746,0.07801139684246604,0.9524836831114746,4.04,0.9419141233560125,0.10054129873795895,0.9419141233560125,14.0,0.7155436404201003,0.27031835669744786,0.7155436404201003,20.4,0.9131854307017065,0.1290347762138313,0.9131854307017065,57.3,0.9367053719200464,0.09959286665980172,0.9367053719200464
40.4,0.9495624551255791,0.08420240043547436,0.9495624551255791,782.0,0.8780924660186586,0.18916350550387484,0.8780924660186586,34.0,0.9229627786962576,0.12173054468881062,0.9229627786962576,-4.7,0.9523930156164281,0.07815302229440185,0.9523930156164281,4.23,0.9424711914302761,0.09898773942149192,0.9424711914302761,3.0,0.714858679160259,0.27069127098923906,0.714858679160259,20.8,0.912788664500959,0.129504990462551,0.912788664500959,57.3,0.9366269918573351,0.09970167315345009,0.9366269918573351
40.8,0.9490338083322403,0.08479884556588022,0.9490338083322403,776.0,0.877908250197794,0.18927419356397251,0.877908250197794,34.0,0.9225620949041541,0.1220051320947461,0.9225620949041541,0.8,0.952344166552547,0.07823230049588951,0.952344166552547,4.46,0.9424711914302761,0.09898773942149254,0.9424711914302761,0.0,0.7146363100883119,0.2707158111082503,0.7146363100883119,20.8,0.912788664500959,0.129504990462551,0.912788664500959,54.9,0.9366269918573353,0.09970167315345135,0.9366269918573353
42.0,0.9484210289430949,0.08554385535399785,0.9484210289430949,801.0,0.8781556078609192,0.18905951447075575,0.8781556078609192,34.0,0.9223636245988823,0.12209722194826175,0.9223636245988823,1.6,0.9523116852411236,0.0782738427087739,0.9523116852411236,4.6,0.9423585920888048,0.0991153698421642,0.9423585920888048,0.0,0.7147267985676677,0.27071374203377,0.7147267985676677,21.2,0.9127662016595643,0.12952490829719307,0.9127662016595643,53.7,0.9367829095495166,0.09953501512275104,0.9367829095495166
40.0,0.9481288659596634,0.08602251741322464,0.9481288659596634,816.0,0.8780939048771091,0.18912136255391918,0.8780939048771091,35.0,0.9221089261207687,0.12222526269968052,0.9221089261207687,1.6,0.9517969570761822,0.07910706671410167,0.9517969570761822,4.58,0.9421431025494472,0.0994050718707837,0.9421431025494472,0.0,0.7149097054036947,0.27069676723975755,0.7149097054036947,20.8,0.9127662016595643,0.12952490829719307,0.9127662016595643,53.7,0.9371551905629962,0.09898022187778832,0.9371551905629962
44.3,0.9478074813038452,0.08653529718125116,0.9478074813038452,783.0,0.8778134744670604,0.1895869363585085,0.8778134744670604,35.0,0.9216167464191724,0.12259136896541493,0.9216167464191724,-2.3,0.9517603954446365,0.07915734397091723,0.9517603954446365,4.54,0.9421138808770606,0.09943886162248947,0.9421138808770606,0.0,0.7144076509798802,0.2710517546808524,0.7144076509798802,21.2,0.9133483947162346,0.12918711346722966,0.9133483947162346,51.4,0.936763898778813,0.09966083464282796,0.936763898778813
40.0,0.9476548348793413,0.08691445027831439,0.9476548348793413,801.0,0.8773385792013422,0.1904345582655569,0.8773385792013422,32.0,0.9213851650730046,0.123032064887516,0.9213851650730046,-2.3,0.9520200771166448,0.07871605182136134,0.9520200771166448,4.46,0.9419644723394383,0.09967870866559801,0.9419644723394383,0.0,0.712959746634032,0.27168973601346197,0.712959746634032,20.8,0.9138422673718605,0.12843674928618673,0.9138422673718605,53.7,0.9375525481992444,0.0976603607133484,0.9375525481992444
36.5,0.9476548348793413,0.08691445027831439,0.9476548348793413,783.0,0.8767815111270784,0.19181423636005315,0.8767815111270784,62.0,0.9212860362722528,0.12323812362557843,0.9212860362722528,5.5,0.9517969570761822,0.07910706671410293,0.9517969570761822,4.32,0.9415892771143908,0.1000573895200122,0.9415892771143908,15.0,0.7115104596832249,0.272322462432955,0.7115104596832249,20.8,0.9142264951425323,0.127643690241413,0.9142264951425323,63.1,0.937161256415061,0.09834184807736811,0.937161256415061
17.3,0.9469249265014857,0.08884395300746137,0.9469249265014857,2444.0,0.8767815111270784,0.19181423636005604,0.8767815111270784,63.0,0.9208947444880695,0.1238954916732608,0.9208947444880695,3.1,0.9517062895811357,0.07924847496145943,0.9517062895811357,6.34,0.9415892771143908,0.1000573895200122,0.9415892771143908,31.0,0.7103115718744841,0.27258299559954724,0.7103115718744841,23.9,0.9142264951425323,0.127643690241413,0.9142264951425323,78.8,0.9366907787114732,0.09898131581523871,0.9366907787114732
18.4,0.9463237432769195,0.0897348408523407,0.9463237432769195,2629.0,0.8767449494955327,0.1918553515194076,0.8767449494955327,59.0,0.9205724956468552,0.12446729281377172,0.9205724956468552,3.9,0.9513849049253176,0.07976569738760353,0.9513849049253176,7.31,0.9413982977102082,0.10029414661779862,0.9413982977102082,41.0,0.7096133688669007,0.27249241094213433,0.7096133688669007,25.9,0.9140375630321301,0.1278897708722464,0.9140375630321301,68.2,0.936666439782767,0.09900586789761107,0.936666439782767
87.8,0.9461965141503272,0.08992386236925218,0.9461965141503272,2175.0,0.8765218294550702,0.19218360665878229,0.8765218294550702,42.0,0.919972778336826,0.12554360821158184,0.919972778336826,-1.6,0.9518869593491319,0.07908150784971958,0.9518869593491319,28.77,0.9409155123787039,0.10085116092106054,0.9409155123787039,49.0,0.7096133688669007,0.27249241094213433,0.7096133688669007,36.1,0.9130965595026997,0.12883971274263376,0.9130965595026997,67.5,0.9364851381734698,0.09932491830167557,0.9364851381734698
60.8,0.9464120036896848,0.08963055975753001,0.9464120036896848,1680.0,0.8762987094146076,0.19251166982561688,0.8762987094146076,68.0,0.9200464898396661,0.12540753222473683,0.9200464898396661,2.3,0.9524313634501579,0.07854973402892458,0.9524313634501579,15.35,0.9407245329745212,0.10108755840002505,0.9407245329745212,54.0,0.7096133688669007,0.27249241094213433,0.7096133688669007,31.4,0.9120456187728103,0.13107097837101273,0.9120456187728103,68.6,0.9365758056685163,0.09918795864360935,0.9365758056685163
82.4,0.9468016630383674,0.08927637907900361,0.9468016630383674,1850.0,0.8751720348360045,0.1946139100269769,0.8751720348360045,73.0,0.9202324600088343,0.12513161154278798,0.9202324600088343,-0.8,0.953099883860651,0.07777074134385902,0.953099883860651,22.42,0.940964361442585,0.10077410523972903,0.940964361442585,60.0,0.7096133688669007,0.27249241094213433,0.7096133688669007,34.5,0.9122345508832125,0.1308262082337078,0.9122345508832125,66.3,0.9368980545097307,0.09859602120359749,0.9368980545097307
21.6,0.9470820934484164,0.08873534480775981,0.9470820934484164,1985.0,0.8746781621803785,0.1952891539580032,0.8746781621803785,76.0,0.9204772820473055,0.12501501575233118,0.9204772820473055,-6.2,0.9533268953814512,0.07753793876749655,0.9533268953814512,11.256157120272407,0.9411137699802075,0.10053472032635136,0.9411137699802075,62.0,0.7096133688669007,0.27249241094213433,0.7096133688669007,23.5,0.9126258426673959,0.13017898698936278,0.9126258426673959,67.8,0.9370474630473531,0.09835746185228743,0.9370474630473531
92.5,0.9475026069049864,0.08800744414972676,0.9475026069049864,1723.0,0.8754465843409261,0.1942107293896179,0.8754465843409261,80.0,0.920248675498055,0.12512051515381892,0.920248675498055,-2.3,0.9533268953814512,0.07753793876749655,0.9533268953814512,23.55,0.9411137699802075,0.10053472032635198,0.9411137699802075,67.0,0.7096133688669007,0.27249241094213433,0.7096133688669007,35.3,0.912704222730107,0.13007601915940795,0.912704222730107,63.5,0.9374316908180248,0.09752923139420833,0.9374316908180248
96.5,0.9474733852325997,0.08804181261529005,0.9474733852325997,1865.0,0.8756402099591064,0.1940494810111354,0.8756402099591064,20.0,0.920141085391598,0.12529204811011063,0.920141085391598,-3.9,0.953140925212283,0.07783485623432307,0.953140925212283,11.256157120272407,0.9419024194006389,0.0985249202238058,0.9419024194006389,69.0,0.7096133688669007,0.27249241094213433,0.7096133688669007,35.7,0.9122886233659173,0.1306388241460571,0.9122886233659173,63.5,0.9374609124904113,0.09749558077445576,0.9374609124904113
18.4,0.9471929548225508,0.08858329746304136,0.9471929548225508,1864.0,0.8765195268745843,0.19215848041392733,0.8765195268745843,19.0,0.9197080085570452,0.1261656497442317,0.9197080085570452,0.0,0.952988278787779,0.07821769302712407,0.952988278787779,5.08,0.9422279061287346,0.09779418977055516,0.9422279061287346,63.0,0.7103980269341089,0.2725585223813441,0.7103980269341089,22.7,0.9122886233659173,0.1306388241460571,0.9122886233659173,63.5,0.9374243508588657,0.09754429131523026,0.9374243508588657
18.0,0.9469411795972952,0.0891779468209007,0.9469411795972952,1683.0,0.8764086655004498,0.192284471899272,0.8764086655004498,20.0,0.9194895570764535,0.12647939550860235,0.9194895570764535,0.0,0.952988278787779,0.07821769302712407,0.952988278787779,4.56,0.9417745988385459,0.09842467446014022,0.9417745988385459,57.0,0.7112021708879754,0.2726158035753626,0.7112021708879754,22.0,0.9118415524803922,0.13134374096296483,0.9118415524803922,63.1,0.937573759396488,0.09730541269084926,0.937573759396488
61.6,0.9470905881349175,0.08893500936522852,0.9470905881349175,1524.0,0.8762161861767227,0.19246273292764707,0.8762161861767227,60.0,0.919531375507619,0.12642165641933828,0.919531375507619,6.2,0.9527763364617466,0.07845895335570588,0.9527763364617466,15.02,0.9416421462931299,0.09866855756728399,0.9416421462931299,59.0,0.7120049387586529,0.2726720855885617,0.7120049387586529,32.2,0.9120012629184078,0.131130588154841,0.9120012629184078,72.2,0.9376428023394571,0.0972165236241038,0.9376428023394571
53.3,0.9472765583040857,0.0886423493193661,0.9472765583040857,1617.0,0.8761088756077823,0.19252981659128598,0.8761088756077823,20.0,0.9192392125241874,0.12687111457605388,0.9192392125241874,0.8,0.9524220958143541,0.07888327914549566,0.9524220958143541,11.68,0.9416421462931299,0.09866855756728399,0.9416421462931299,56.0,0.7116207109879812,0.2731842800787895,0.7116207109879812,29.4,0.912448333803933,0.1304254208908367,0.912448333803933,68.6,0.9381132800430446,0.09657541978079327,0.9381132800430446
17.3,0.9479988112329292,0.08739389493692733,0.9479988112329292,1493.0,0.8763797379618782,0.19232661369845588,0.8763797379618782,20.0,0.9195377820348272,0.12647520081181127,0.9195377820348272,0.0,0.9521478652324208,0.07928561746376336,0.9521478652324208,3.83,0.9420626597496999,0.09794972578332278,0.9420626597496999,51.0,0.7116207109879812,0.273184280078789,0.7116207109879812,21.6,0.9131782421817883,0.12860445726872982,0.9131782421817883,62.0,0.9384343123950788,0.09613860990547984,0.9384343123950788
57.3,0.9481064013393862,0.08721199421851401,0.9481064013393862,1399.0,0.876230576988861,0.19247263507081158,0.876230576988861,20.0,0.9199345482355747,0.1259993748108541,0.9199345482355747,3.1,0.9521478652324208,0.07928561746376336,0.9521478652324208,14.08,0.9425773879146414,0.09713619346885397,0.9425773879146414,49.0,0.7112239447872334,0.2734420291389857,0.7112239447872334,29.8,0.9134259153347664,0.1282621410677004,0.9134259153347664,71.0,0.938881383280604,0.09539267137151018,0.938881383280604
38.0,0.9485778111536178,0.08642797228207645,0.9485778111536178,882.0,0.876021417618575,0.1926143552642722,0.876021417618575,32.0,0.9199973295885899,0.12594590090529745,0.9199973295885899,-2.3,0.9521478652324208,0.07928561746376336,0.9521478652324208,4.23,0.9426849780210985,0.09695655868205875,0.9426849780210985,31.0,0.71100946123098,0.27346497239927076,0.71100946123098,20.0,0.9139197879903924,0.12751120126393475,0.9139197879903924,64.3,0.9392293253653774,0.09485955711476504,0.9392293253653774
38.0,0.9487102636990339,0.08618038023244597,0.9487102636990339,795.0,0.8759548163319975,0.19264452875993066,0.8759548163319975,55.0,0.9196471948237852,0.1261437531989247,0.9196471948237852,4.7,0.9528040621074365,0.07748275542052248,0.9528040621074365,3.88,0.942908098061561,0.09657386773163755,0.942908098061561,33.67243525896414,0.711592810962427,0.27356889502448445,0.711592810962427,20.0,0.9140691965280148,0.12728399983330893,0.9140691965280148,55.7,0.9392711437965429,0.09479892629940329,0.9392711437965429
69.4,0.9484584884737781,0.08677669550331767,0.9484584884737781,1715.0,0.8767966910606758,0.1919997778998581,0.8767966910606758,62.0,0.9192099954545585,0.1264256525382949,0.9192099954545585,-6.2,0.9532371389419892,0.07655140342591939,0.9532371389419892,17.23,0.942981809564401,0.09643163945362745,0.942981809564401,41.0,0.7123170731905899,0.27365003492608514,0.7123170731905899,32.5,0.9137469476868005,0.12784972159033328,0.9137469476868005,67.5,0.939344855299383,0.09465716563491709,0.939344855299383
78.0,0.948245046228201,0.08704009099942607,0.948245046228201,2095.0,0.8773124756302418,0.1917852628600373,0.8773124756302418,84.0,0.9185475596080886,0.12702224295100625,0.9185475596080886,3.1,0.953336267742741,0.0763324398134977,0.953336267742741,10.26,0.9436380064394164,0.09465910936384446,0.9436380064394164,43.0,0.712230618130965,0.2736746207643317,0.712230618130965,25.1,0.9140724344148964,0.12715333895756772,0.9140724344148964,67.5,0.9392960062355019,0.09473438876482948,0.9392960062355019
85.5,0.9477647193844718,0.08753580993749616,0.9477647193844718,1500.0,0.8776214496686255,0.19156500074306274,0.8776214496686255,65.0,0.9183002019449635,0.12726829739048748,0.9183002019449635,-3.9,0.9536585165839553,0.07572097683036043,0.9536585165839553,22.23,0.9437455965458734,0.0944789651045707,0.9437455965458734,49.0,0.7114306220540888,0.2736182574406173,0.7114306220540888,35.3,0.9135975391491782,0.12807673573410408,0.9135975391491782,64.3,0.9391687771089096,0.09492114928290221,0.9391687771089096
59.2,0.947896642018842,0.08740804595638485,0.947896642018842,1668.0,0.8777825939753826,0.19143622314482578,0.8777825939753826,68.0,0.9186382271031353,0.12689101228164698,0.9186382271031353,-3.1,0.9540127572313477,0.07529484962769732,0.9540127572313477,14.6,0.9449582902552333,0.09199700519383906,0.9449582902552333,54.0,0.7107049706370839,0.2735361205958276,0.7107049706370839,31.0,0.9143566068713382,0.1271694749996978,0.9143566068713382,68.6,0.9390611870024524,0.0951002644225196,0.9390611870024524
43.1,0.9477238017152503,0.08776822737530417,0.9477238017152503,1777.0,0.8781806854560709,0.1910731456571858,0.8781806854560709,63.0,0.9193681354809906,0.12505348692515214,0.9193681354809906,3.1,0.9543247540679827,0.07506625239128596,0.9543247540679827,14.45,0.9454283877373552,0.09144024931917287,0.9454283877373552,56.0,0.710192420171374,0.2734304715763285,0.710192420171374,31.0,0.9151068329808184,0.1262637452524098,0.9151068329808184,76.1,0.9388135138494746,0.09546286232350701,0.9388135138494746
47.8,0.9475425001059531,0.08809364454652566,0.9475425001059531,1897.0,0.8782788634628752,0.19102533248334724,0.8782788634628752,19.0,0.920035510070436,0.12391631588830994,0.920035510070436,0.0,0.9547945497674137,0.0746214259090546,0.9547945497674137,6.53,0.9455950282128315,0.09122555173681962,0.9455950282128315,53.0,0.7104536774536261,0.2733906167789442,0.7104536774536261,23.9,0.9154448581389901,0.12588772692628986,0.9154448581389901,70.2,0.9388825567924437,0.09537370128421721,0.9388825567924437
28.2,0.9474349099994962,0.08827532517941937,0.9474349099994962,1743.0,0.8782122621762976,0.1910557796164837,0.8782122621762976,23.0,0.9199678527910199,0.1239776663281847,0.9199678527910199,-0.8,0.9550642480609534,0.07442626865413132,0.9550642480609534,11.81,0.9455392491114896,0.0912888209156612,0.9455392491114896,48.0,0.7106717129878971,0.2733439409253026,0.7106717129878971,29.8,0.9151556820446995,0.1261904508631168,0.9151556820446995,63.1,0.9387012551831465,0.09569429866252857,0.9387012551831465
34.9,0.9475749930460172,0.08808879063682247,0.9475749930460172,824.0,0.8781536987409831,0.19109564397585574,0.8781536987409831,32.0,0.9201786488225993,0.12377678687704488,0.9201786488225993,3.9,0.9552455496702504,0.07409540773124826,0.9552455496702504,3.98,0.9458378186221292,0.09086802299511855,0.9458378186221292,37.0,0.7107032897081238,0.2733364725768637,0.7107032897081238,20.0,0.9150969410021236,0.12628746257679202,0.9150969410021236,58.4,0.937971346805291,0.09759745864034618,0.937971346805291
38.8,0.9479280907631541,0.08778316786787169,0.9479280907631541,776.0,0.8780936324184666,0.19112701274484556,0.8780936324184666,55.0,0.9200435866397335,0.12391806257935185,0.9200435866397335,3.9,0.9551472850548948,0.07422301652142627,0.9551472850548948,4.1,0.9461363881327689,0.09044694121200608,0.9461363881327689,40.0,0.7104118949747967,0.27341726225069624,0.7104118949747967,24.3,0.9165950126058174,0.12383971942546339,0.9165950126058174,56.9,0.9379096438214812,0.0976712885651042,0.9379096438214812
81.2,0.9482090644035148,0.08755798376107633,0.9482090644035148,2079.0,0.8777681456903708,0.19176862392835156,0.8777681456903708,31.0,0.9196279872755437,0.12448912598244667,0.9196279872755437,5.5,0.9548752793740033,0.0745439822519748,0.9548752793740033,9.23,0.9461951291753448,0.0903438730781764,0.9461951291753448,41.0,0.7105480427709822,0.2733989240650873,0.7105480427709822,25.9,0.9172997292857857,0.12331911470689169,0.9172997292857857,67.1,0.9376174808380495,0.0981402787290235,0.9376174808380495
37.3,0.948428334453364,0.08739281409896316,0.948428334453364,792.0,0.8783252137646346,0.19038709129457332,0.8783252137646346,33.0,0.9196279872755437,0.12448912598244667,0.9196279872755437,-2.3,0.9551495099559367,0.07413899940625655,0.9551495099559367,4.23,0.945963547829177,0.09080583924783668,0.945963547829177,34.0,0.7105480427709822,0.2733989240650873,0.7105480427709822,20.4,0.9177711391000173,0.12258197561738414,0.9177711391000173,61.2,0.9374446405344578,0.09849422758842151,0.9374446405344578
51.0,0.9484283344533642,0.08739281409896316,0.9484283344533642,955.0,0.8787296354143942,0.18933532465390387,0.8787296354143942,90.0,0.9197773958131661,0.12425975516602948,0.9197773958131661,3.1,0.9551495099559367,0.07413899940625655,0.9551495099559367,10.68,0.9457404277887145,0.09119127894373293,0.9457404277887145,42.0,0.7104489139702304,0.2735298915058835,0.7104489139702304,30.2,0.9177711391000173,0.12258197561738536,0.9177711391000173,54.9,0.93757186966105,0.09830834206934165,0.93757186966105
100.0,0.9485391958274986,0.08724036421552142,0.9485391958274986,2240.0,0.8790350269979054,0.1890594479503546,0.8790350269979054,62.0,0.9202538614904677,0.12393642350514594,0.9202538614904677,3.1,0.9551495099559366,0.07413899940625654,0.9551495099559366,38.13,0.9457404277887145,0.09119127894373293,0.9457404277887145,50.0,0.7106673654508219,0.27334834403235286,0.7106673654508219,40.0,0.9176282397169538,0.12271799888614987,0.9176282397169538,62.0,0.9377212781986725,0.0980695427240052,0.9377212781986725
100.0,0.948444981119127,0.08733608376023018,0.948444981119127,1756.0,0.8797028115090492,0.18827745942584487,0.8797028115090492,53.0,0.9201047005174504,0.12410404121378474,0.9201047005174504,2.3,0.9550419198494796,0.07432387062110458,0.9550419198494796,27.4,0.9461156230137618,0.09080706119983326,0.9461156230137618,58.0,0.7113943994727856,0.2734307489763745,0.7113943994727856,37.3,0.9178381311573367,0.12253464474076253,0.9178381311573367,59.6,0.9379025798079695,0.09774977781847405,0.9379025798079695
15.7,0.9486604706584846,0.08704139916950535,0.9486604706584846,1939.0,0.8797718544520182,0.18820211008464355,0.8797718544520182,23.0,0.9200263204547392,0.12420853316519774,0.9200263204547392,2.3,0.9548234683688882,0.07466379123108098,0.9548234683688882,9.96,0.9467179813099409,0.09007275047648496,0.9467179813099409,58.0,0.7113943994727856,0.2734307489763745,0.7113943994727856,30.2,0.9184892161238757,0.12208667695609683,0.9184892161238757,76.5,0.9381830102180185,0.0972168601566841,0.9381830102180185
38.0,0.9485698031634381,0.08718153331809594,0.9485698031634381,1918.0,0.8802467497177365,0.1873503626946996,0.8802467497177365,65.0,0.920309467273513,0.1238711425362853,0.920309467273513,-1.6,0.9547158782624311,0.07484853449623986,0.9547158782624311,13.95,0.9471893911241723,0.08929142765399249,0.9471893911241723,59.0,0.7113943994727856,0.2734307489763745,0.7113943994727856,31.0,0.9187877856345154,0.12168959810936272,0.9187877856345154,74.5,0.9381092987151783,0.09735822597059715,0.9381092987151783
84.3,0.9483981793490263,0.08738324460586855,0.9483981793490263,2025.0,0.8811626282647602,0.1853990215081451,0.8811626282647602,22.0,0.9207843625392311,0.12293782081025573,0.9207843625392311,-4.7,0.9547849212054003,0.074756136653831,0.9547849212054003,24.69,0.9471893911241723,0.08929142765399249,0.9471893911241723,57.0,0.712061774062231,0.2727368895170471,0.712061774062231,27.8,0.9188296040656807,0.12163169386268514,0.9188296040656807,66.7,0.9383610739404342,0.09677176106727063,0.9383610739404342
33.7,0.9490005376452053,0.08664471033520293,0.9490005376452053,843.0,0.8815957050993131,0.18459621540937948,0.8815957050993131,99.0,0.9211066113804454,0.1223653327957769,0.9211066113804454,3.1,0.9547849212054003,0.074756136653831,0.9547849212054003,4.0,0.9473560315996487,0.08907589220961831,0.9473560315996487,57.0,0.712708293142361,0.27204919724184673,0.712708293142361,20.0,0.9188296040656807,0.12163169386268392,0.9188296040656807,56.9,0.9383610739404342,0.09677176106727063,0.9383610739404342
100.0,0.9492429103970116,0.08640411339378877,0.9492429103970116,1960.0,0.8822197613380485,0.18359143378768694,0.8822197613380485,19.0,0.9213583866057012,0.12179728559927656,0.9213583866057012,-5.5,0.9546120809018085,0.07512145709901064,0.9546120809018085,33.61,0.9474297431024888,0.08893233860117895,0.9474297431024888,56.0,0.712708293142361,0.27204919724184673,0.712708293142361,65.1,0.9188620853771039,0.12159333605186107,0.9188620853771039,59.6,0.9385104824780565,0.0965324897241695,0.9385104824780565
51.8,0.9497543672942755,0.08536884787464463,0.9497543672942755,1793.0,0.8826165275387962,0.18316511953612424,0.8826165275387962,26.0,0.9217914634402541,0.12091985077298811,0.9217914634402541,3.9,0.9549963086724801,0.07426685797272452,0.9549963086724801,12.91,0.9476815183277445,0.08833729279588463,0.9476815183277445,48.0,0.7125181296887273,0.27206900130694844,0.7125181296887273,30.6,0.9193735422743681,0.12061380219294096,0.9193735422743681,71.8,0.9384321024153452,0.09664179359266847,0.9384321024153452
100.0,0.9498868198396915,0.08512077114846521,0.9498868198396915,1618.0,0.8836450054272913,0.18109546489884476,0.8836450054272913,47.0,0.9222070628044436,0.12034557093727544,0.9222070628044436,5.5,0.9548469001348577,0.07451435173677652,0.9548469001348577,23.26,0.9481929752250087,0.08730492581154742,0.9481929752250087,50.0,0.712154970371742,0.2721889754440706,0.712154970371742,35.3,0.9194811323808251,0.12044188928148523,0.9194811323808251,67.1,0.9381803271900895,0.0972283417005256,0.9381803271900895
54.1,0.9498868198396915,0.08512077114846521,0.9498868198396915,1647.0,0.8839254358373402,0.1806233024074305,0.8839254358373402,21.0,0.9224225523438012,0.12006786329961798,0.9224225523438012,0.0,0.9548887185660232,0.07445168244787884,0.9548887185660232,5.65,0.9482418242888897,0.08722649562237703,0.9482418242888897,41.0,0.711874539961693,0.2725083377162318,0.711874539961693,22.0,0.9194811323808251,0.12044188928148523,0.9194811323808251,68.6,0.9378215167173295,0.09787037380873702,0.9378215167173295
42.0,0.9497792297332345,0.08530328749287615,0.9497792297332345,871.0,0.8841897696882531,0.18043606763844403,0.8841897696882531,62.0,0.9224959115428571,0.11999647511044909,0.9224959115428571,9.4,0.9548150070631829,0.07459759266229529,0.9548150070631829,11.44,0.9482418242888897,0.08722649562237703,0.9482418242888897,41.0,0.7121667029451247,0.2722408483738704,0.7121667029451247,31.0,0.9198653601514968,0.11963993362218417,0.9198653601514968,65.9,0.9378215167173295,0.09787037380873702,0.9378215167173295
74.1,0.9500818395543135,0.08492385206593366,0.9500818395543135,2120.0,0.8852992738534571,0.17829967717109954,0.8852992738534571,56.0,0.9226818817120254,0.1197185943806764,0.9226818817120254,1.6,0.9549422361897754,0.07440458817263325,0.9549422361897754,23.75,0.9483155357917299,0.08708265108259741,0.9483155357917299,48.0,0.7130042014294372,0.27091348581228025,0.7130042014294372,34.5,0.9201545362457875,0.1193331836965491,0.9201545362457875,67.8,0.9382057444880012,0.09704119331569959,0.9382057444880012
19.6,0.9502707716647157,0.08465748020435085,0.9502707716647157,1799.0,0.8856835016241288,0.17755644616566782,0.8856835016241288,19.0,0.9228091108386176,0.11953898676618244,0.9228091108386176,-5.5,0.9550916447273976,0.07415705020020694,0.9550916447273976,4.78,0.9487199574414895,0.0858896040071993,0.9487199574414895,47.0,0.7134908946222455,0.2705633995365113,0.7134908946222455,22.0,0.9202869887912034,0.11909848039909184,0.9202869887912034,63.8636053593179,0.9383785847915931,0.09668665998387858,0.9383785847915931
18.0,0.950350889694764,0.0845680976846631,0.950350889694764,1532.0,0.8866610831549624,0.1755168923969948,0.8866610831549624,27.0,0.9228091108386176,0.11953898676618244,0.9228091108386176,0.0,0.9551503857699737,0.07405189890190951,0.9551503857699737,4.11,0.9483252135866153,0.0864793048689972,0.9483252135866153,45.0,0.7133584420768295,0.2707084169834941,0.7133584420768295,21.6,0.9199656041353853,0.11958290768623484,0.9199656041353853,62.4,0.9394698440331034,0.09430838691712387,0.9394698440331034
18.4,0.9504757117390749,0.08441282701160265,0.9504757117390749,1477.0,0.8868207935929779,0.17531886998176252,0.8868207935929779,20.0,0.9224368298251379,0.12007577653895807,0.9224368298251379,2.3,0.9555471519707213,0.07353172890462041,0.9555471519707213,3.95,0.9477556070822759,0.0873499322390143,0.9477556070822759,44.0,0.7135900234229973,0.27043113313874956,0.7135900234229973,21.2,0.9197313063804927,0.11984739860472583,0.9197313063804927,62.7,0.939845254237633,0.09411347174116808,0.939845254237633
19.2,0.9501338238777255,0.08487938907955712,0.9501338238777255,1475.0,0.886433439491883,0.17564385038526467,0.886433439491883,51.0,0.9227353993357775,0.11967600039439369,0.9227353993357775,12.5,0.9558525435542324,0.0731836929988447,0.9558525435542324,3.88,0.9474349181377761,0.0876670757965284,0.9474349181377761,48.0,0.7135900234229973,0.27043113313874956,0.7135900234229973,21.6,0.9196824573166115,0.11992146355717469,0.9196824573166115,63.1,0.9404075332555393,0.09370233620979224,0.9404075332555393
97.3,0.9504039902852361,0.08465839271410348,0.9504039902852361,1683.0,0.8859585442261648,0.17650927522724025,0.8859585442261648,52.0,0.9226796202344356,0.11973575672530508,0.9226796202344356,0.8,0.9557449534477753,0.07336882012116629,0.9557449534477753,24.59,0.9476307850379649,0.08750430812428824,0.9476307850379649,57.0,0.7143660088701909,0.26992687059698606,0.7143660088701909,35.7,0.9200322736401993,0.11966533302721725,0.9200322736401993,62.4,0.940941724422786,0.09287135286748022,0.940941724422786
18.4,0.950082957933202,0.085105487668617,0.950082957933202,1856.0,0.8860972953341997,0.17640878733261295,0.8860972953341997,18.0,0.9233261393145655,0.11860792559376918,0.9233261393145655,3.9,0.9555218334073129,0.07376275767459002,0.9555218334073129,6.57,0.9477974255134413,0.08728834335663857,0.9477974255134413,54.0,0.7143660088701909,0.26992687059698606,0.7143660088701909,27.8,0.9200322736401993,0.11966533302721725,0.9200322736401993,63.1,0.9411133482371977,0.09267247779805705,0.9411133482371977
34.9,0.9499016563239048,0.0854323066701576,0.9499016563239048,1788.0,0.8861530744355416,0.17635555340188291,0.8861530744355416,34.0,0.9237103670852372,0.11780143464719381,0.9237103670852372,6.2,0.955463092364737,0.07386797118419194,0.955463092364737,9.12,0.9477237140106011,0.08743208590557587,0.9477237140106011,53.0,0.7135773594497596,0.27121530836170865,0.7135773594497596,27.8,0.9199246835337422,0.11983745669879864,0.9199246835337422,73.3,0.9407654061524242,0.09320761129626515,0.9407654061524242
39.2,0.949576169595809,0.0861737744146038,0.949576169595809,1747.0,0.8860454843290847,0.1765134047793141,0.8860454843290847,46.0,0.9236112382844855,0.11800864150672555,0.9236112382844855,-0.8,0.9552399723242745,0.07426166586626443,0.9552399723242745,10.16,0.9477974255134413,0.08728834335663793,0.9477974255134413,52.0,0.7130202913754959,0.27222389956005405,0.7130202913754959,28.6,0.9197922309883263,0.12007194768377633,0.9197922309883263,72.5,0.9406159976148019,0.09344805942711165,0.9406159976148019
88.2,0.9493872374854069,0.08643962522598804,0.9493872374854069,1777.0,0.8864805466955795,0.17597805356419874,0.8864805466955795,18.0,0.9237778787599619,0.11780444363130581,0.9237778787599619,-2.3,0.955458423804866,0.07392149015437603,0.955458423804866,22.27,0.9467689476249461,0.08963980879883984,0.9467689476249461,49.0,0.7127590340932438,0.27226505110571364,0.7127590340932438,32.2,0.9194711986362922,0.12049040381347317,0.9194711986362922,64.7,0.9405671485509208,0.09352546316887772,0.9405671485509208
66.3,0.9490886679747672,0.0868636103480415,0.9490886679747672,1558.0,0.88661246932995,0.1758733416066814,0.88661246932995,48.0,0.9235036481780284,0.11818173647942949,0.9235036481780284,5.5,0.955458423804866,0.07392149015437603,0.955458423804866,15.02,0.9464703781143065,0.09006146488630125,0.9464703781143065,47.0,0.7126969138223963,0.27226572428655155,0.7126969138223963,31.4,0.9192802192321097,0.12071638927154364,0.9192802192321097,69.8,0.9405671485509208,0.09352546316887772,0.9405671485509208
15.7,0.948766419133553,0.08746811309852624,0.948766419133553,1532.0,0.8865881304012437,0.1758941874418374,0.8865881304012437,20.0,0.9239507190635536,0.11745980028200242,0.9239507190635536,0.0,0.9555171648474419,0.07381628049352709,0.9555171648474419,3.98,0.9461899477042576,0.09060172272866389,0.9461899477042576,43.0,0.7119049382461096,0.2727644873998239,0.7119049382461096,21.2,0.9193793480328614,0.12051056498836638,0.9193793480328614,75.7,0.9406996010963368,0.09328116588825157,0.9406996010963368
28.6,0.948766419133553,0.08746811309852687,0.948766419133553,1453.0,0.8864976287064701,0.1759442384161976,0.8864976287064701,47.0,0.9244621759608176,0.11647180931070202,0.9244621759608176,-1.6,0.9558381971994758,0.07336250825118376,0.9558381971994758,9.83,0.9458644609761618,0.09133828469555699,0.9458644609761618,47.0,0.7111664698280453,0.2734790867157012,0.7111664698280453,28.2,0.9195521883364532,0.12016828146019826,0.9195521883364532,61.2,0.940773312599177,0.09313904810971756,0.940773312599177
17.6,0.9488988716789689,0.08722061223704643,0.9488988716789689,1524.0,0.8861922371229589,0.17622808681489444,0.8861922371229589,20.0,0.9249560486164435,0.11570383730600461,0.9249560486164435,0.0,0.9561303601829074,0.07287565639683648,0.9561303601829074,4.1,0.9451345525983063,0.09326047217902102,0.9451345525983063,43.0,0.7111664698280453,0.2734790867157012,0.7111664698280453,21.2,0.9194530595357014,0.12037418622572395,0.9194530595357014,67.1,0.9410048939453447,0.0926804349264443,0.9410048939453447
16.5,0.9488570532478035,0.08728228462697069,0.9488570532478035,1460.0,0.8858699882817446,0.17675597103392812,0.8858699882817446,20.0,0.9248034021919396,0.1160683535414899,0.9248034021919396,8.6,0.9566008378864953,0.07220803642078859,0.9566008378864953,3.88,0.9452670051437224,0.09301482402547412,0.9452670051437224,44.0,0.7107620481782856,0.27424519611074133,0.7107620481782856,21.6,0.9193539307349496,0.12058004379964021,0.9193539307349496,73.3,0.9409311824425045,0.09282262720843354,0.9409311824425045
19.6,0.9490298935513956,0.08692154582407959,0.9490298935513956,1469.0,0.8856182130564888,0.17728389690851853,0.8856182130564888,54.0,0.9252364790264924,0.11518452944520957,0.9252364790264924,16.4,0.9561303601829074,0.07287565639683648,0.9561303601829074,4.1,0.9455266868157307,0.09258064434020129,0.9455266868157307,33.67243525896414,0.7103576265285261,0.27501025669619433,0.7103576265285261,21.6,0.9192463406284925,0.12075191285802071,0.9192463406284925,62.7,0.9408320536417528,0.093036796103597,0.9408320536417528
18.4,0.9489561820485553,0.08706552143658393,0.9489561820485553,1549.0,0.8856182130564888,0.17728389690851853,0.8856182130564888,22.0,0.9251627675236525,0.11532230058313639,0.9251627675236525,0.0,0.9559809516452852,0.07312368907917666,0.9559809516452852,4.31,0.945295105469563,0.09304170497901784,0.945295105469563,36.0,0.7100321398004301,0.2754605576250397,0.7100321398004301,22.4,0.9190904229363113,0.12091122561489458,0.9190904229363113,74.9,0.9403205967444888,0.09405729419478935,0.9403205967444888
34.5,0.9491290223521471,0.08670470215134436,0.9491290223521471,916.0,0.8854688045188664,0.17749427408948368,0.8854688045188664,76.0,0.9250601866522098,0.11542688128307235,0.9250601866522098,-2.3,0.9558733615388281,0.07330885004035644,0.9558733615388281,4.21,0.9449728566283486,0.09364144829305938,0.9449728566283486,22.0,0.7103909502731902,0.27508525915904136,0.7103909502731902,19.2,0.9195034046262796,0.1204221154827345,0.9195034046262796,52.2,0.939936368973817,0.09488974281130803,0.939936368973817
100.0,0.9493445118915047,0.08640963311795115,0.9493445118915047,1303.0,0.8856299488256235,0.17736115834257712,0.8856299488256235,72.0,0.9251359205009234,0.11536613491627254,0.9251359205009234,0.8,0.9558315431076626,0.0733716406727897,0.9558315431076626,22.5,0.9447131749563402,0.09407505228142435,0.9447131749563402,38.0,0.7118388546190384,0.27446047162900084,0.7118388546190384,46.7,0.9201496272251234,0.11997233875229683,0.9201496272251234,51.0,0.9396442059903855,0.09536074269481018,0.9396442059903855
100.0,0.9493445118915047,0.08640963311795115,0.9493445118915047,2112.0,0.8859912996892784,0.17695257152281949,0.8859912996892784,20.0,0.9253757489689872,0.11506243733128961,0.9253757489689872,3.9,0.9561523978524352,0.0729700899499526,0.9561523978524352,8.72,0.9450117444669799,0.09365555282600899,0.9450117444669799,34.0,0.7136897914258042,0.273060257682908,0.7136897914258042,25.1,0.9208984951418896,0.11935031698357787,0.9208984951418896,62.0,0.9395658259276742,0.0954702958213516,0.9395658259276742
32.5,0.9493688508202109,0.08638435660993221,0.9493688508202109,838.0,0.8858053295201102,0.17720542763058578,0.8858053295201102,58.0,0.925909940136234,0.11425877462363893,0.925909940136234,-6.2,0.9566272931181535,0.07197027177060539,0.9566272931181535,3.72,0.9452348645074423,0.09327102502110088,0.9452348645074423,39.0,0.7155393323968412,0.2716486484652646,0.7155393323968412,20.0,0.921369904956121,0.11860775961914449,0.921369904956121,59.6,0.9395658259276742,0.09547029582135035,0.9395658259276742
20.4,0.9494595183152574,0.08624401426243405,0.9494595183152574,1833.0,0.885904458320862,0.1770143849416471,0.885904458320862,61.0,0.9262406181417961,0.11400618497904723,0.9262406181417961,7.0,0.956247697330805,0.07247777441896676,0.956247697330805,5.59,0.9455562491632606,0.09276208626971487,0.9455562491632606,42.0,0.7160196592405703,0.2714231847566645,0.7160196592405703,23.5,0.921428645998697,0.11850948256545787,0.921428645998697,68.6,0.9398866806724467,0.0950839680322528,0.9398866806724467
22.4,0.9491387655007403,0.08659628057712815,0.9491387655007403,1880.0,0.8864776182019357,0.17604331471343282,0.8864776182019357,48.0,0.9266090491646626,0.11368134868636048,0.9266090491646626,-0.8,0.9563260773935162,0.07236411141050872,0.9563260773935162,5.05,0.9456050982271418,0.09268418114254663,0.9456050982271418,47.0,0.7159052470612418,0.2714626042412655,0.7159052470612418,22.7,0.921428645998697,0.11850948256545787,0.921428645998697,56.5,0.9405926476936518,0.0944346268823246,0.9405926476936518
84.3,0.9497399487253064,0.08570041779139324,0.9497399487253064,1634.0,0.8869490280161673,0.17536330091039717,0.8869490280161673,64.0,0.9264598881916455,0.11385205147555162,0.9264598881916455,-0.8,0.956004692737698,0.07288641819579801,0.956004692737698,19.93,0.946052169112667,0.09193021510376849,0.946052169112667,54.0,0.7151066468200945,0.27141201786106156,0.7151066468200945,33.7,0.9221337285141412,0.1173347624614893,0.9221337285141412,67.5,0.941664443932857,0.09206438267209857,0.941664443932857
61.2,0.9498893572629288,0.08545613231327599,0.9498893572629288,1818.0,0.8867305765355759,0.17565157711290114,0.8867305765355759,21.0,0.9265590169923972,0.11364368285881085,0.9265590169923972,-3.9,0.9562362740838657,0.07241473940561072,0.9562362740838657,16.21,0.946052169112667,0.09193021510376849,0.946052169112667,53.0,0.714964345134537,0.2714351265761447,0.714964345134537,31.8,0.9223065688177331,0.11699072288442923,0.9223065688177331,68.6,0.9419162191581126,0.091474082769823,0.9419162191581126
17.6,0.9496662372224663,0.08584460600703704,0.9496662372224663,1676.0,0.8866314477348243,0.1758429872475584,0.8866314477348243,75.0,0.9267403186016944,0.11333122507880715,0.9267403186016944,1.6,0.9558520463131939,0.07327127035081134,0.9558520463131939,4.32,0.9459784576098268,0.09207330625200366,0.9459784576098268,49.0,0.7146839147244881,0.2717568890231387,0.7146839147244881,22.0,0.9226320555458289,0.11628313782211357,0.9226320555458289,63.1,0.9422083821415442,0.09100059563272188,0.9422083821415442
78.0,0.9497934663490587,0.08565425641768136,0.9497934663490587,1669.0,0.8866314477348243,0.1758429872475584,0.8866314477348243,51.0,0.9269131589052862,0.11298450130854411,0.9269131589052862,3.1,0.9549361677661702,0.07552703115016211,0.9549361677661702,18.18,0.946164427778995,0.09178164778911962,0.946164427778995,53.0,0.7149356899497438,0.27138589129039814,0.7149356899497438,32.5,0.9224004741996612,0.11672597057775284,0.9224004741996612,65.9,0.9420759295961282,0.09124564749103871,0.9420759295961282
29.8,0.9497934663490587,0.08565425641768136,0.9497934663490587,1733.0,0.8862270260850645,0.17691193088878282,0.8862270260850645,21.0,0.9271362789457488,0.1126128440045095,0.9271362789457488,0.8,0.9548370389654184,0.07574647249431937,0.9548370389654184,15.14,0.9457802000083233,0.09262067239834805,0.9457802000083233,46.0,0.7147862814121213,0.27152314511192527,0.7147862814121213,31.4,0.9219960525499015,0.11787032499843791,0.9219960525499015,65.9,0.9420434482847049,0.09128623524491031,0.9420434482847049
40.4,0.9497934663490585,0.08565425641768007,0.9497934663490585,882.0,0.886501256666998,0.17657092815861472,0.886501256666998,34.0,0.9273517684851061,0.11233155530388546,0.9273517684851061,-2.3,0.9546876304277958,0.07599368957661828,0.9546876304277958,4.45,0.9456073597047314,0.09297902560552834,0.9456073597047314,23.0,0.7152729746049297,0.27117167661146757,0.7152729746049297,20.4,0.9216705658218056,0.11857680522405659,0.9216705658218056,64.3,0.9417179615566091,0.09201905793700295,0.9417179615566091
38.0,0.9501776941197303,0.08480853621267453,0.9501776941197303,796.0,0.8866872268361661,0.17631768190449923,0.8866872268361661,31.0,0.9274194257645223,0.11226871703908257,0.9274194257645223,0.0,0.954873600596964,0.07569588248555083,0.954873600596964,4.05,0.9454260580954343,0.0933026417705438,0.9454260580954343,9.0,0.7159796255081428,0.2712517134323994,0.7159796255081428,20.0,0.9219960525499015,0.11787032499843791,0.9219960525499015,56.9,0.9415024720172517,0.09231015596729959,0.9415024720172517
35.3,0.9499917239505621,0.08510294953757062,0.9499917239505621,803.0,0.8864570395864401,0.1765282922010976,0.8864570395864401,31.0,0.9280322051536675,0.11156032670000984,0.9280322051536675,-5.5,0.954873600596964,0.07569588248555083,0.954873600596964,3.95,0.9448822491104721,0.09400122831411917,0.9448822491104721,4.0,0.7164710423285485,0.27135133204200457,0.7164710423285485,20.0,0.9212909700344573,0.11904443321547344,0.9212909700344573,59.6,0.9415024720172517,0.09231015596729959,0.9415024720172517
38.4,0.9502148439910245,0.0847141547197954,0.9502148439910245,787.0,0.8861356549306217,0.17697096772682303,0.8861356549306217,34.0,0.9287336922505983,0.11064650871829625,0.9287336922505983,-1.6,0.9551051819431319,0.07522548479046078,0.9551051819431319,4.23,0.9447225386724566,0.09422997045028665,0.9447225386724566,0.0,0.7169535687875692,0.27145011411254166,0.7169535687875692,20.8,0.921249151603292,0.11910263964176161,0.921249151603292,57.3,0.9414240919545405,0.09242021116071113,0.9414240919545405
42.7,0.9502148439910245,0.08471415471979477,0.9502148439910245,794.0,0.8862046978735908,0.17689397117514566,0.8862046978735908,35.0,0.9291439417046302,0.11026003221847037,0.9291439417046302,3.9,0.9554274307843461,0.07461241849300361,0.9554274307843461,4.55,0.9444882409175641,0.09450948641667667,0.9444882409175641,0.0,0.717519843862306,0.2715479804856094,0.717519843862306,21.2,0.9210014784503138,0.11945094424366459,0.9210014784503138,53.3,0.9417267017756196,0.09204688040934776,0.9417267017756196
41.6,0.9499406134090913,0.08511377215066429,0.9499406134090913,783.0,0.8864938739678814,0.17661992954931416,0.8864938739678814,36.0,0.9289881223216474,0.11032079306958228,0.9289881223216474,2.3,0.9556576180340722,0.0743539972074984,0.9556576180340722,4.63,0.9441548641236822,0.09483045976796446,0.9441548641236822,0.0,0.7174125332933657,0.2715816020934917,0.7174125332933657,21.2,0.9205268411154809,0.11969782153794271,0.9205268411154809,54.1,0.9417267017756196,0.09204688040934776,0.9417267017756196
38.8,0.9495926713243178,0.08565733529277789,0.9495926713243178,808.0,0.8870935912779105,0.17562337746023868,0.8870935912779105,30.0,0.9290571652646165,0.11023381707286252,0.9290571652646165,3.9,0.9562164736069625,0.07373162369738116,0.9562164736069625,4.11,0.9441039677660207,0.09488428255785482,0.9441039677660207,0.0,0.7172438284428474,0.2716394894018529,0.7172438284428474,20.4,0.9208997265192029,0.11940653429698009,0.9208997265192029,53.3,0.9418068198056677,0.09195905906252033,0.9418068198056677
35.3,0.9495189598214777,0.08580150242835988,0.9495189598214777,797.0,0.8875650010921421,0.17494253821965755,0.8875650010921421,33.0,0.9293168469366249,0.10981277764431349,0.9293168469366249,4.7,0.9566580129866591,0.07329858142941463,0.9566580129866591,3.75,0.9440831122567049,0.09490326022267992,0.9440831122567049,0.0,0.7164269933925966,0.2716006621591911,0.7164269933925966,20.0,0.9209807527959116,0.11933855724666596,0.9209807527959116,60.8,0.9421278521577017,0.09151869670799458,0.9421278521577017
37.6,0.9490906169005033,0.0863361968584596,0.9490906169005033,779.0,0.8887650069521197,0.17273882800348683,0.8887650069521197,32.0,0.9299792827830946,0.10919479564342958,0.9299792827830946,-1.6,0.9571383398303882,0.07279023647526417,0.9571383398303882,3.95,0.9442322053044744,0.09476375834106832,0.9442322053044744,0.0,0.715459581205736,0.27165013624272333,0.715459581205736,20.0,0.921150286494717,0.1192407935689949,0.921150286494717,58.8,0.9422875625957173,0.0912902107068545,0.9422875625957173
36.1,0.9490906169005034,0.08633619685845897,0.9490906169005034,800.0,0.8894115260322495,0.1716972626224151,0.8894115260322495,33.0,0.9303003151351288,0.10876670364811483,0.9303003151351288,-1.6,0.9572877483680107,0.07254182384632113,0.9572877483680107,4.02,0.9442614269768611,0.09472973407890248,0.9442614269768611,0.0,0.7140158644309885,0.27229076611726405,0.7140158644309885,20.4,0.9207914760219569,0.11986122980539587,0.9207914760219569,56.9,0.9425191439418852,0.09083033141315164,0.9425191439418852
38.0,0.9493502985725117,0.08589822777154238,0.9493502985725117,797.0,0.8899229829295136,0.17078232790726283,0.8899229829295136,34.0,0.9302737577061734,0.10879473123700494,0.9302737577061734,-2.3,0.9572877483680107,0.07254182384632113,0.9572877483680107,4.1,0.9440479847312843,0.0949899927994043,0.9440479847312843,0.0,0.7128225203349671,0.27255722999682325,0.7128225203349671,20.4,0.9205172454400236,0.12023646350956989,0.9205172454400236,56.9,0.9423697354042628,0.09107165983937769,0.9423697354042628
36.1,0.9493991476363928,0.08581961850417855,0.9493991476363928,816.0,0.8906280654449578,0.1696954676963919,0.8906280654449578,70.0,0.9303836079689128,0.10872680998209014,0.9303836079689128,8.6,0.9575863178786503,0.07210924023691512,0.9575863178786503,3.98,0.9434239284925486,0.09614142451018952,0.9434239284925486,33.67243525896414,0.7120982581068042,0.2724775377315406,0.7120982581068042,20.4,0.919437946006627,0.12156178084898918,0.919437946006627,58.4,0.9423697354042628,0.09107165983937833,0.9423697354042628
68.6,0.949793891491267,0.08522889435776511,0.949793891491267,1449.0,0.8911682890373624,0.16943224626398556,0.8911682890373624,46.0,0.9304817859757172,0.10866499712495577,0.9304817859757172,1.6,0.9575374688147691,0.07218930266505132,0.9575374688147691,13.23,0.9434239284925486,0.09614142451018952,0.9434239284925486,18.0,0.7126701570495609,0.2725802216938263,0.7126701570495609,30.2,0.918679270933631,0.12218234021432432,0.918679270933631,58.0,0.9426528822230363,0.09071428719402895,0.9426528822230363
93.3,0.9500281892461596,0.08494525660796737,0.9500281892461596,1921.0,0.8915425059553147,0.16930501220128866,0.8915425059553147,81.0,0.9303258682835358,0.10882878045173058,0.9303258682835358,-7.0,0.9574637573119291,0.07233582364861961,0.9574637573119291,26.56,0.9433438104625005,0.09622906832623236,0.9433438104625005,32.0,0.714115276370838,0.27194389248727735,0.714115276370838,36.1,0.9181342646916782,0.12248848774235924,0.9181342646916782,64.3,0.942843861627219,0.09047521959072966,0.942843861627219
100.0,0.949680247161386,0.0854889373467312,0.949680247161386,1730.0,0.8919300230084259,0.16916575531790035,0.8919300230084259,90.0,0.9301767073105187,0.10900109262447134,0.9301767073105187,-3.1,0.9576131658495515,0.07208724794130988,0.9576131658495515,32.07,0.943123096836882,0.09640358078271857,0.943123096836882,47.0,0.7159634147953456,0.27052728034326584,0.7159634147953456,41.2,0.9176403320477733,0.12273575212615004,0.9176403320477733,58.4,0.942843861627219,0.0904752195907309,0.942843861627219
19.6,0.9494989455520889,0.08581553081786707,0.9494989455520889,1863.0,0.892487890704137,0.16886778716046305,0.892487890704137,67.0,0.9308007635492541,0.10787624388072405,0.9308007635492541,5.5,0.9576131658495515,0.07208724794130988,0.9576131658495515,13.01,0.9430205159654393,0.09651274144993092,0.9430205159654393,51.0,0.7161157780807516,0.2705032082526456,0.7161157780807516,34.1,0.9176403320477733,0.12273575212615004,0.9176403320477733,62.7,0.9426122802810512,0.09093535996094491,0.9426122802810512
84.3,0.949366493006673,0.08606339961782987,0.949366493006673,1730.0,0.892908404160707,0.16822426368774226,0.892908404160707,64.0,0.930553090396276,0.10823180856104245,0.930553090396276,-4.7,0.9574271956803835,0.07238669490125253,0.9574271956803835,21.77,0.942929848470393,0.09665103255105041,0.942929848470393,55.0,0.7151051381405568,0.27058694788880927,0.7151051381405568,34.1,0.917738596663129,0.12261896066080505,0.917738596663129,65.5,0.942785120584643,0.09057787466657452,0.942785120584643
78.0,0.9493246745755075,0.08612515716298703,0.9493246745755075,1870.0,0.8935081214707363,0.16721314433131462,0.8935081214707363,64.0,0.9301583465414017,0.10879935271954844,0.9301583465414017,1.6,0.9576379917119628,0.07216401126947222,0.9576379917119628,21.25,0.943177521623371,0.0962869369686721,0.943177521623371,59.0,0.7138126652437836,0.2709903514918407,0.7138126652437836,34.1,0.9178786797096501,0.12244434554232274,0.9178786797096501,66.7,0.9428468235684531,0.09050313010657833,0.9428468235684531
70.2,0.9489333827913242,0.08682097700827045,0.9489333827913242,1979.0,0.8936400441051066,0.1671058947390599,0.8936400441051066,54.0,0.9298377002470828,0.10907426169425453,0.9298377002470828,-3.9,0.957897673383971,0.07171783239246594,0.957897673383971,20.64,0.943309974168787,0.0960422765827984,0.943309974168787,62.0,0.7123661500867773,0.2716274404944888,0.7123661500867773,33.3,0.917937420752226,0.12234674379373045,0.917937420752226,67.8,0.9423593080278393,0.09082618631662258,0.9423593080278393
63.5,0.9486710914818661,0.0871629955870256,0.9486710914818661,2083.0,0.893490951057337,0.1672242025236702,0.893490951057337,19.0,0.9298026460180984,0.10909266390635651,0.9298026460180984,2.3,0.9586275817618268,0.06975136090095223,0.9586275817618268,19.9,0.9431286725594898,0.09636443087604459,0.9431286725594898,64.0,0.7111700209661849,0.2718914232579624,0.7111700209661849,32.9,0.9179739823837718,0.12230019352938121,0.9179739823837718,68.6,0.9416476204723105,0.09148118057390232,0.9416476204723105
74.5,0.9483879446630923,0.08752405731627877,0.9483879446630923,2111.0,0.8928965217300802,0.1675669283920925,0.8928965217300802,77.0,0.9299839476273957,0.10877806970748324,0.9299839476273957,5.5,0.9585369142667803,0.06989477671710324,0.9585369142667803,23.3,0.9425847343508025,0.09742626663345307,0.9425847343508025,66.0,0.7103204513254067,0.27185600691507816,0.7103204513254067,34.5,0.9179049394408028,0.12238502768841851,0.9179049394408028,68.2,0.9411762106580791,0.09225631188299384,0.9411762106580791
98.8,0.9484862092784481,0.08739883809542376,0.9484862092784481,2229.0,0.8921476538133141,0.1681235844846657,0.8921476538133141,54.0,0.9302643780374444,0.10825347113517214,0.9302643780374444,-6.2,0.9588173446768292,0.06934071683561802,0.9588173446768292,32.75,0.9425847343508025,0.09742626663345307,0.9425847343508025,65.0,0.7101509176266015,0.2718834281462078,0.7101509176266015,37.6,0.9179049394408028,0.12238502768841851,0.9179049394408028,65.1,0.9408539618168648,0.0928534329234592,0.9408539618168648
64.3,0.9484862092784481,0.08739883809542376,0.9484862092784481,2143.0,0.8921294088896203,0.16813597826767424,0.8921294088896203,62.0,0.9309937403901026,0.10749620831979445,0.9309937403901026,-3.9,0.9589986462861264,0.06900748354830291,0.9589986462861264,20.72,0.9424250239127869,0.09765379477782125,0.9424250239127869,64.0,0.7101927360577669,0.2718504013985048,0.7101927360577669,33.3,0.9176572662878245,0.12273094898045676,0.9176572662878245,69.0,0.9409530906176164,0.09263923926596893,0.9409530906176164
77.3,0.9484862092784481,0.08739883809542376,0.9484862092784481,2173.0,0.8923810548911509,0.16794826914817532,0.8923810548911509,21.0,0.931617796628838,0.10636923510260066,0.931617796628838,4.7,0.9592217663265888,0.06861088146526217,0.9592217663265888,24.8,0.9423884622812412,0.09770279729048424,0.9423884622812412,68.0,0.7114893765840702,0.271456886852912,0.7114893765840702,34.9,0.9176572662878245,0.12273094898045676,0.9176572662878245,67.8,0.9402231822397611,0.09454969481219233,0.9402231822397611
43.9,0.9486675108877453,0.08707293051923042,0.9486675108877453,1432.0,0.8926407365631591,0.1675631234771139,0.8926407365631591,18.0,0.931849377975006,0.10591882114541232,0.931849377975006,8.6,0.9591109049524544,0.06876742994740653,0.9591109049524544,15.5,0.9423297212386652,0.09780494682349532,0.9423297212386652,66.0,0.7127684144480794,0.26994990383693446,0.7127684144480794,32.5,0.9175046198633207,0.12309111687220253,0.9175046198633207,66.7,0.9394345328193295,0.09655894865921602,0.9394345328193295
34.9,0.9482832831170734,0.08791627977564698,0.9482832831170734,1793.0,0.8924913280255368,0.16777726867152948,0.8924913280255368,79.0,0.9319987865126284,0.10568289112409475,0.9319987865126284,1.6,0.9591726079362645,0.06868978445714452,0.9591726079362645,5.52,0.9423297212386653,0.09780494682349533,0.9423297212386653,66.0,0.713605912932392,0.2686181888071513,0.713605912932392,21.6,0.9172449381913124,0.12350225975317525,0.9172449381913124,69.4,0.9394345328193296,0.09655894865921667,0.9394345328193296
96.9,0.9480028527070246,0.08845830928025315,0.9480028527070246,1842.0,0.8925238093369602,0.1677419399097405,0.8925238093369602,18.0,0.9326894663767089,0.1047653433647302,0.9326894663767089,0.8,0.9594027951859904,0.0684287884496136,0.9594027951859904,25.47,0.9424569503652577,0.09761786076397712,0.9424569503652577,68.0,0.7136059129323918,0.2686181888071503,0.7136059129323918,35.7,0.916770042925594,0.12443121126148728,0.916770042925594,63.1,0.9394345328193296,0.0965589486592173,0.9394345328193296
17.6,0.9479244726443133,0.0885695486109297,0.9479244726443133,1822.0,0.8930385375019015,0.1670171974070706,0.8930385375019015,75.0,0.9333324041624229,0.10387234029404091,0.9333324041624229,3.9,0.959745471810161,0.06811685105053676,0.959745471810161,4.87,0.9426800704057201,0.0972354300220162,0.9426800704057201,67.0,0.7144805291466413,0.2678740959055564,0.7144805291466413,22.4,0.91682878396817,0.12433387363733991,0.91682878396817,63.5,0.9391868596663516,0.09692132613180092,0.9391868596663516
94.5,0.9483993679100317,0.08758677122381102,0.9483993679100317,1869.0,0.8930019758703559,0.1670603840743253,0.8930019758703559,58.0,0.93351370577172,0.10355537680805958,0.93351370577172,7.0,0.959853061916618,0.06793029136301452,0.959853061916618,26.19,0.9427537819085604,0.09709329151873805,0.9427537819085604,72.0,0.7145392701892171,0.2678140445034359,0.7145392701892171,36.1,0.9172332056179296,0.12319936202828453,0.9172332056179296,64.3,0.93889469668292,0.09739127126995772,0.93889469668292
60.4,0.9485102292841661,0.0874343492921039,0.9485102292841661,1988.0,0.8929754184414005,0.16708530012436248,0.8929754184414005,52.0,0.933562554835601,0.10347915146920025,0.933562554835601,3.1,0.9599267734194582,0.0677830386926082,0.9599267734194582,16.67,0.9430055571338161,0.09650359505476643,0.9430055571338161,76.0,0.7137017717049047,0.26914927052911625,0.7137017717049047,31.8,0.9171340768171778,0.12340435447059905,0.9171340768171778,67.8,0.938592086861841,0.09776157824930133,0.938592086861841
61.2,0.9491567483642959,0.0862483173617228,0.9491567483642959,2101.0,0.8923895964478405,0.1678572611446038,0.8923895964478405,54.0,0.9336734162097355,0.10333132385381828,0.9336734162097355,3.9,0.9596346104360266,0.06827355073609184,0.9596346104360266,19.3,0.9432859875438648,0.0959670910212006,0.9432859875438648,77.0,0.7134909756733252,0.2692475609419169,0.7134909756733252,32.9,0.917034948016426,0.12360929972130415,0.917034948016426,69.0,0.9381224619489399,0.09804808615306365,0.9381224619489399
65.5,0.9494986362256455,0.08578279084085916,0.9494986362256455,2115.0,0.8919776716038893,0.16801177945649268,0.8919776716038893,42.0,0.933715234640901,0.10327148123606891,0.933715234640901,-2.3,0.9599267734194582,0.06778303869260884,0.9599267734194582,20.83,0.943533660696843,0.09560265920892155,0.943533660696843,74.0,0.7134909756733252,0.2692475609419169,0.7134909756733252,33.3,0.9170715096479719,0.12356285514501807,0.9170715096479719,68.6,0.9379090197033628,0.0983056180998871,0.9379090197033628
17.3,0.9495404546568108,0.08572100551026803,0.9495404546568108,1950.0,0.892231432361087,0.16775575184660374,0.892231432361087,29.0,0.9344376504191856,0.10250901907947674,0.9344376504191856,0.0,0.9600540025460506,0.06758799171190455,0.9600540025460506,5.23,0.943426070590386,0.09578263003675185,0.943426070590386,65.0,0.7136450880123661,0.2691931436917472,0.7136450880123661,22.7,0.9172209181855943,0.12333408354292268,0.9172209181855943,65.5,0.9380081485041145,0.09809273239851961,0.9380081485041145
56.5,0.9496287150695759,0.08561594009311459,0.9496287150695759,1819.0,0.8922048749321319,0.16778061712117703,0.8922048749321319,17.0,0.9346850080823109,0.10225089344132356,0.9346850080823109,3.9,0.9604452943302338,0.06687534795882803,0.9604452943302338,15.32,0.9434626322219318,0.09573349081569119,0.9434626322219318,69.0,0.7135202659680553,0.26927095945271834,0.7135202659680553,31.4,0.9170054286462369,0.12360914015531572,0.9170054286462369,69.0,0.9382312685445772,0.09771243809551702,0.9382312685445772
17.6,0.9497535371138869,0.08546094201323881,0.9497535371138869,1868.0,0.8917698125656367,0.16832453635971742,0.8917698125656367,19.0,0.9345567984615385,0.1023436832004967,0.9345567984615385,0.0,0.9602221742897712,0.0672728999145096,0.9602221742897712,4.85,0.9435135285795934,0.09567975734938011,0.9435135285795934,64.0,0.7137676236311805,0.26914646998159747,0.7137676236311805,23.1,0.9166010069964771,0.12474316219604138,0.9166010069964771,63.5,0.9384202006549793,0.09745238724006812,0.9384202006549793
22.0,0.9498526659146387,0.08524376672477846,0.9498526659146387,956.0,0.8917405908932502,0.16835392205316188,0.8917405908932502,36.0,0.9346643885679955,0.1021663657894542,0.9346643885679955,10.2,0.9594335248693396,0.06935067047959571,0.9594335248693396,3.66,0.9432303817608196,0.09603601598637987,0.9432303817608196,56.0,0.7139170321688029,0.26900907609290126,0.7139170321688029,21.2,0.9165422659539012,0.12484044544773312,0.9165422659539012,61.2,0.9379996871984093,0.09816832246699529,0.9379996871984093
31.8,0.9498526659146387,0.08524376672477783,0.9498526659146387,800.0,0.8912691810790185,0.16904232148878615,0.8912691810790185,34.0,0.9343421397267812,0.10275549861334007,0.9343421397267812,4.7,0.9597923353420997,0.06868147654265817,0.9597923353420997,3.87,0.9433623043951901,0.09591016889350026,0.9433623043951901,45.0,0.7131632025197329,0.2697347433688908,0.7131632025197329,20.0,0.9172541741437982,0.12394559577747939,0.9172541741437982,62.7,0.9376970773773303,0.09853796576520446,0.9376970773773303
55.3,0.9497278438703277,0.08539881186848561,0.9497278438703277,1617.0,0.8913057427105644,0.1689993264907475,0.8913057427105644,20.0,0.9342538793140159,0.10285699525083426,0.9342538793140159,0.8,0.9597186238392597,0.06882863813110553,0.9597186238392597,14.52,0.943724811770855,0.0955365203675447,0.943724811770855,45.0,0.7124412327299873,0.270236410898037,0.7124412327299873,30.6,0.9175643694565456,0.12370851415600347,0.9175643694565456,62.7,0.937809676718802,0.09841101472677245,0.937809676718802
34.9,0.9496152445288563,0.08552921763841743,0.9496152445288563,863.0,0.8917996153661903,0.16829253421455956,0.8917996153661903,32.0,0.9342120608828507,0.10291689628029223,0.9342120608828507,3.1,0.9592071669419957,0.06988454544467175,0.9592071669419957,3.92,0.9442687499795424,0.09447217595465446,0.9442687499795424,29.0,0.7117996444907686,0.2705193516099678,0.7117996444907686,19.6,0.917955661240729,0.12305382408239923,0.917955661240729,54.5,0.9379763171942783,0.09819954641006183,0.9379763171942783
40.8,0.9496769475126662,0.08545351798988379,0.9496769475126662,788.0,0.8921718963796701,0.16779696760937496,0.8921718963796701,31.0,0.9343102575729587,0.10283317150694453,0.9343102575729587,-8.6,0.9595794479554755,0.06930309814874631,0.9595794479554755,4.51,0.944551896798316,0.09411499288373466,0.944551896798316,19.0,0.7104210318374686,0.2720208050587181,0.7104210318374686,20.8,0.918376174697299,0.1223664817372943,0.918376174697299,55.7,0.9378771883935265,0.09841241289427127,0.9378771883935265
38.0,0.9501483573268977,0.08466718156323713,0.9501483573268977,794.0,0.8923213049172924,0.16758292245287756,0.8923213049172924,33.0,0.9343591066368397,0.1027568341267362,0.9343591066368397,-0.8,0.9596903093296099,0.06914652732128511,0.9596903093296099,4.13,0.9452196813094598,0.09318698170502125,0.9452196813094598,4.0,0.7098729710941075,0.2721967007950606,0.7098729710941075,20.4,0.9193537562281325,0.12017877565462737,0.9193537562281325,58.0,0.9374858966093431,0.09909385079497593,0.9374858966093431
36.5,0.9501775789992845,0.08463259697241776,0.9501775789992845,779.0,0.8922655258159505,0.16763722933773953,0.8922655258159505,36.0,0.9340968153273815,0.10308838185292535,0.9340968153273815,0.0,0.9597885739449655,0.0690177193849221,0.9597885739449655,4.41,0.9455676233942332,0.09264898222421891,0.9455676233942332,0.0,0.71033295286539,0.2722984939485577,0.71033295286539,21.2,0.9193537562281325,0.12017877565462737,0.9193537562281325,59.6,0.9373247523025863,0.09925189059310092,0.9373247523025863
48.04087253229345,0.9500451264538685,0.0848808249612391,0.9500451264538685,792.0,0.8931814043629743,0.16563375306382316,0.8931814043629743,33.0,0.9337380048546216,0.10372504292553261,0.9337380048546216,1.6,0.9595949483267853,0.06922757712257538,0.9595949483267853,4.66,0.9457489250035304,0.09232518692215362,0.9457489250035304,0.0,0.7108951257214102,0.2724022437486182,0.7108951257214102,21.2,0.9190940745561242,0.12059171031514847,0.9190940745561242,52.2,0.9371322729788589,0.09946732925977148,0.9371322729788589
40.4,0.9501442552546203,0.08466351699748045,0.9501442552546203,803.0,0.8927971765923025,0.16638970662788502,0.8927971765923025,58.0,0.9334548580358479,0.10407457150036324,0.9334548580358479,0.8,0.959042512235845,0.0701059621430161,0.959042512235845,4.58,0.9454892433315221,0.09275955078156926,0.9454892433315221,0.0,0.711586415393617,0.2724897728576407,0.711586415393617,20.8,0.9190940745561242,0.12059171031514847,0.9190940745561242,52.9,0.937239863085316,0.09928912817483873,0.937239863085316
29.4,0.9506881934633075,0.08358496587447982,0.9506881934633075,1445.0,0.8927971765923025,0.16638970662788502,0.8927971765923025,32.0,0.9334966764670132,0.10401477835435956,0.9334966764670132,2.3,0.9590843306670103,0.07004279665562436,0.9590843306670103,10.52,0.9450979515473387,0.09344952510257029,0.9450979515473387,0.0,0.7116686507566581,0.27248051813810253,0.7116686507566581,18.8,0.9181164930252906,0.12277828634577508,0.9181164930252906,59.6,0.9376729399198689,0.09838421914385806,0.9376729399198689
40.4,0.9504077630532586,0.08412977976673695,0.9504077630532586,794.0,0.8927971765923025,0.16638970662788502,0.8927971765923025,34.0,0.9341761332340922,0.10310003729248689,0.9341761332340922,-2.3,0.9593869404880895,0.06965430018108201,0.9593869404880895,4.45,0.9452792531566359,0.09312606182289018,0.9452792531566359,4.0,0.7107349883326451,0.2724969031079519,0.7107349883326451,20.8,0.9181164930252907,0.1227782863457757,0.9181164930252907,55.3,0.9378542415291661,0.09806453351682609,0.9378542415291661
63.5,0.9503659446220931,0.08419169844271608,0.9503659446220931,1226.0,0.8929322387751683,0.16626013298488096,0.8929322387751683,31.0,0.9349717174443101,0.10183309580775159,0.9349717174443101,-13.3,0.9597553715109559,0.06929762267501616,0.9597553715109559,10.92,0.9457360856799,0.09257793016631126,0.9457360856799,11.0,0.7096727009463106,0.2726138413964022,0.7096727009463106,29.4,0.9183866594328015,0.12257754184810589,0.9183866594328015,52.2,0.937986694074582,0.09782165790154343,0.937986694074582
37.6,0.9507501723927648,0.08334483564109293,0.9507501723927648,826.0,0.8936190763669191,0.16517760280510752,0.8936190763669191,22.0,0.9352702869549496,0.10142101435043877,0.9352702869549496,0.8,0.9598878240563719,0.06904446669810986,0.9598878240563719,4.13,0.9458957961179154,0.09234862951824653,0.9458957961179154,17.0,0.7085502833285583,0.2727875515108029,0.7085502833285583,23.9,0.9185185820671719,0.12245953864403451,0.9185185820671719,61.6,0.9380942841810391,0.09764308478557274,0.9380942841810391
56.9,0.9507501723927648,0.08334483564109169,0.9507501723927648,1612.0,0.8939112393503507,0.16475547116966413,0.8939112393503507,72.0,0.9352115459123739,0.10152206638472447,0.9352115459123739,3.1,0.959887824056372,0.06904446669810986,0.959887824056372,13.71,0.9458370550753397,0.0924515369973505,0.9458370550753397,33.67243525896414,0.7078232493065945,0.27270389631567,0.7078232493065945,31.0,0.9183691735295495,0.12268883302639073,0.9183691735295495,68.6,0.9380454351171579,0.09772003650056528,0.9380454351171579
24.7,0.9508089134353408,0.08324077150448346,0.9508089134353408,2608.0,0.893974020703366,0.1647067253272824,0.893974020703366,81.0,0.935473837221832,0.10118961477760129,0.935473837221832,6.2,0.9595264731927171,0.06953934572708817,0.9595264731927171,7.29,0.9458370550753397,0.0924515369973505,0.9458370550753397,39.0,0.7072267197940327,0.2725985994580614,0.7072267197940327,25.5,0.9184279145721254,0.12259118639066371,0.9184279145721254,67.5,0.9379965860532768,0.09779697967142154,0.9379965860532768
100.0,0.9509413659807567,0.08299209649460856,0.9509413659807567,2075.0,0.8942124017460386,0.16452408574961516,0.8942124017460386,36.0,0.9357828112602157,0.10091615746095804,0.9357828112602157,0.8,0.9596147336054822,0.06943152031982912,0.9596147336054822,32.03,0.9461625418034355,0.09171538128429021,0.9461625418034355,50.0,0.7063744044474084,0.2725580461629582,0.7063744044474084,38.0,0.9190952891615707,0.12145357394603364,0.9190952891615707,62.7,0.9377734660128144,0.09817714709042014,0.9377734660128144
72.2,0.9511837387325628,0.08274998625222088,0.9511837387325628,1615.0,0.8943615627190559,0.16436907510612025,0.8943615627190559,53.0,0.9361809027409038,0.10047947679789743,0.9361809027409038,-4.7,0.9596931136681934,0.06931716655160736,0.9596931136681934,15.86,0.9464978871294302,0.09135618504684329,0.9464978871294302,50.0,0.7056748382173205,0.27246457576595023,0.7056748382173205,31.8,0.9196756171278979,0.1207740977726642,0.9196756171278979,69.0,0.9380476965947477,0.09778710011363728,0.9380476965947477
82.0,0.9516984668975044,0.08191932525666859,0.9516984668975044,1695.0,0.8947034505804052,0.16396397341211857,0.8947034505804052,99.0,0.9365288448256774,0.09994998954251479,0.9365288448256774,3.9,0.9600727094555418,0.06880637901003013,0.9600727094555418,20.0,0.9466251162560224,0.09116728816616326,0.9466251162560224,56.0,0.7051044277572596,0.2723557479305849,0.7051044277572596,33.3,0.9197662846229444,0.12064205919906927,0.9197662846229444,68.2,0.9384090474584026,0.09731536177729147,0.9384090474584026
100.0,0.9519169183780958,0.08158229431430775,0.9519169183780958,1955.0,0.8945786285360944,0.1640976919203822,0.8945786285360944,69.0,0.9366560739522697,0.09976450948811307,0.9366560739522697,1.6,0.959841128109374,0.06928096147904361,0.959841128109374,30.63,0.9468874075654807,0.09082722056333214,0.9468874075654807,61.0,0.7043351619879801,0.2722781059415623,0.7043351619879801,37.6,0.9198279876067543,0.1205714494287865,0.9198279876067543,60.0,0.9385362765849948,0.09712909773411078,0.9385362765849948
82.4,0.9527490215696787,0.08024826416033537,0.9527490215696787,2044.0,0.8941435661695992,0.16464528498278624,0.8941435661695992,69.0,0.9368695161978466,0.09950771375105562,0.9368695161978466,-4.7,0.9598899771732552,0.06920054073305563,0.9598899771732552,24.96,0.947262602790528,0.0904423050954761,0.947262602790528,63.0,0.7036600335023334,0.2721771568843047,0.7036600335023334,35.3,0.9202247538075019,0.12009289231635352,0.9202247538075019,67.1,0.9383549749756976,0.09744922415887883,0.9383549749756976
91.8,0.9528048006710207,0.08018378439292446,0.9528048006710207,2102.0,0.8935342996342256,0.16499175710367167,0.8935342996342256,55.0,0.9364747723429725,0.10008340909179242,0.9364747723429725,3.1,0.9601376503262332,0.06882191012162941,0.9601376503262332,28.64,0.947476045036105,0.09017998965144718,0.947476045036105,61.0,0.7036600335023334,0.2721771568843047,0.7036600335023334,36.5,0.9202613154390477,0.12004611225854786,0.9202613154390477,65.9,0.9382932719918878,0.09752309928015612,0.9382932719918878
62.0,0.9530363820171885,0.07971557601993068,0.9530363820171885,1692.0,0.8936285143425972,0.1649108021661017,0.8936285143425972,17.0,0.9360874182418775,0.10046606289903123,0.9360874182418775,8.6,0.9601963913688091,0.06871582884744656,0.9601963913688091,16.39,0.9476991650765675,0.08979352573552116,0.9476991650765675,65.0,0.7037507009973799,0.27210208887267445,0.7037507009973799,32.2,0.9208610327490769,0.1189658255808297,0.9208610327490769,69.0,0.9384426805295102,0.09728396708846554,0.9384426805295102
18.0,0.9528550804078912,0.08004453734070709,0.9528550804078912,1770.0,0.8936285143425972,0.1649108021661017,0.8936285143425972,51.0,0.9355568742157734,0.1011444738816956,0.9355568742157734,10.2,0.9594913088533649,0.06998203851272013,0.9594913088533649,5.0,0.9475854873658907,0.08990584119540447,0.9475854873658907,67.0,0.703899861970397,0.2720161620547424,0.703899861970397,25.5,0.9208610327490769,0.11896582558083156,0.9208610327490769,63.5,0.9382698402259183,0.09763841706334898,0.9382698402259183
58.0,0.9525953987358831,0.08048589224767305,0.9525953987358831,1837.0,0.8936577360149837,0.1648812183369531,0.8936577360149837,67.0,0.9353252928696058,0.10159807119858975,0.9353252928696058,6.2,0.9594588275419418,0.07002421169567956,0.9594588275419418,15.69,0.9474606653215798,0.090059848555613,0.9474606653215798,69.0,0.7039314386906237,0.2720089378719919,0.7039314386906237,31.4,0.9207209497025558,0.11914165854793589,0.9207209497025558,68.6,0.9388137784346057,0.09658207805559424,0.9388137784346057
79.6,0.9523436235106273,0.08108634222666526,0.9523436235106273,1896.0,0.8933368812702113,0.16522020196202206,0.8933368812702113,71.0,0.9351439912603086,0.10191610729801891,0.9351439912603086,2.3,0.9592357075014791,0.0704205910388289,0.9592357075014791,22.44,0.9469857700558615,0.09104032626373117,0.9469857700558615,69.0,0.7027244279698024,0.27225479195872887,0.7027244279698024,34.1,0.9206472381997157,0.11927835065837383,0.9206472381997157,66.7,0.9392182000843652,0.09540581973072593,0.9392182000843652
91.0,0.9520898627534294,0.08138894487995524,0.9520898627534294,1900.0,0.8926321645902429,0.1656891241696913,0.8926321645902429,73.0,0.9346446955224864,0.10230215756710305,0.9346446955224864,-3.1,0.9591769664589033,0.07052645336001893,0.9591769664589033,25.49,0.9464743131585975,0.09206924069479362,0.9464743131585975,72.0,0.7014169563497451,0.27262622431924827,0.7014169563497451,35.7,0.9202001673141905,0.11999641406561594,0.9202001673141905,65.5,0.9389866187381974,0.09586280322669283,0.9389866187381974
82.0,0.9517912932427898,0.08181587577931664,0.9517912932427898,2010.0,0.8922435971517529,0.16581961994271344,0.8922435971517529,65.0,0.9350320496235812,0.10192098244223975,0.9350320496235812,-3.9,0.9592135280904491,0.07047540813733925,0.9592135280904491,24.43,0.9462120218491394,0.09240879374213702,0.9462120218491394,76.0,0.7004304075274528,0.2726515590358286,0.7004304075274528,34.9,0.9198278863007107,0.12053122744732218,0.9198278863007107,67.1,0.9390772862332439,0.09572509216590086,0.9390772862332439
94.1,0.9520535845522479,0.08147110082060599,0.9520535845522479,2106.0,0.8915783932259305,0.16621916838350628,0.8915783932259305,19.0,0.9349832005597,0.10199742620825708,0.9349832005597,-3.9,0.9593454507248195,0.07034346206176142,0.9593454507248195,29.3,0.9463926916171356,0.09224547738431602,0.9463926916171356,76.0,0.6995673607062598,0.27260151859076726,0.6995673607062598,36.1,0.9201368603390944,0.120269966451375,0.9201368603390944,65.5,0.9391848763397009,0.09554604516884956,0.9391848763397009
18.8,0.951880744248656,0.08183407940048071,0.951880744248656,2025.0,0.8914973669492217,0.16628003312316753,0.8914973669492217,19.0,0.9347000537409264,0.10234802807418415,0.9347000537409264,0.0,0.9592966016609383,0.07042377499100731,0.9592966016609383,5.66,0.9469041485143995,0.0912167554586101,0.9469041485143995,55.0,0.6999821233997515,0.27252813126831427,0.6999821233997515,23.9,0.9204394701601735,0.11991559252220883,0.9204394701601735,63.5,0.9387099810739828,0.0965143880719506,0.9387099810739828
22.0,0.952005566292967,0.08167816456155166,0.952005566292967,961.0,0.8916640074246982,0.1660934640288458,0.8916640074246982,33.0,0.934489257709347,0.10255779910995254,0.934489257709347,11.7,0.9593384200921037,0.07036060500402803,0.9593384200921037,3.05,0.9467228469051024,0.09154120179416567,0.9467228469051024,37.0,0.7001208745077864,0.27248091332880936,0.7001208745077864,20.0,0.9204719514715966,0.11987709189464991,0.9204719514715966,60.4,0.9386590847163212,0.0965677500168535,0.9386590847163212
35.3,0.9521406284758327,0.08152474648976751,0.9521406284758327,791.0,0.8914730280205155,0.16630130877863952,0.8914730280205155,32.0,0.9343164174057551,0.10290962887176812,0.9343164174057551,-7.0,0.9594290875871502,0.07021710225265396,0.9594290875871502,3.86,0.946610247563631,0.09167040017586191,0.946610247563631,14.0,0.6991329519332207,0.2731873152180187,0.6991329519332207,20.0,0.9200248805860715,0.12059470564896493,0.9200248805860715,57.6,0.9384435951769637,0.0968567210102772,0.9384435951769637
85.5,0.951768347462353,0.08209648739773685,0.951768347462353,1430.0,0.8913482059762046,0.16643405165022357,0.8913482059762046,23.0,0.9341254380015723,0.10314365910782616,0.9341254380015723,10.9,0.9598086833744987,0.06970682632335946,0.9598086833744987,18.56,0.9466427288750542,0.09162959840844727,0.9466427288750542,29.0,0.6982486096322346,0.27389472427440065,0.6982486096322346,34.1,0.9196335888018881,0.12125215426687543,0.9196335888018881,59.2,0.9383947461130826,0.09693374609946737,0.9383947461130826
92.5,0.9513693211053229,0.08250070138944875,0.9513693211053229,1582.0,0.8913482059762046,0.16643405165022357,0.8913482059762046,82.0,0.9352521125801756,0.10075699779951103,0.9352521125801756,6.2,0.9604881401415777,0.06873782591200138,0.9604881401415777,26.92,0.9464830184370386,0.09185922608342126,0.9464830184370386,44.0,0.6978573178480513,0.2742790572075123,0.6978573178480513,36.9,0.9191621789876565,0.12199172704351954,0.9191621789876565,62.0,0.9383622648016593,0.09697395372931501,0.9383622648016593
100.0,0.9507777700419938,0.08323826815114937,0.9507777700419938,2398.0,0.8909198630552301,0.16689232723274572,0.8909198630552301,53.0,0.9357459852358013,0.09997032501004781,0.9357459852358013,3.1,0.9605990015157121,0.06858102643302273,0.9605990015157121,10.67,0.9463581963927277,0.09201276905264955,0.9463581963927277,53.0,0.6972877113437116,0.2747339431471996,0.6972877113437116,25.9,0.9188636094770168,0.12238890183327546,0.9188636094770168,62.4,0.9382932218586902,0.09706293983613587,0.9382932218586902
65.1,0.9505622805026365,0.08353456072302053,0.9505622805026365,1863.0,0.8905230968544825,0.1673314432540673,0.8905230968544825,19.0,0.9357878036669668,0.09991017883292092,0.9357878036669668,-3.1,0.9608586831877204,0.06813237893958864,0.9608586831877204,18.12,0.9460777659826788,0.09255237829240746,0.9460777659826788,62.0,0.6958236331154587,0.27531696117786814,0.6958236331154587,32.5,0.9183887142112986,0.1233202944747769,0.9183887142112986,68.2,0.9377563893230002,0.09742480476618771,0.9377563893230002
55.7,0.9505134314387554,0.08361339454295114,0.9505134314387554,1889.0,0.8907338928860619,0.16714910231601943,0.8907338928860619,50.0,0.9357878036669668,0.09991017883292029,0.9357878036669668,3.9,0.9607604185723647,0.06826143679438945,0.9607604185723647,14.9,0.9454215691076635,0.09433129569806036,0.9454215691076635,67.0,0.694742474453698,0.2754036297439272,0.694742474453698,31.4,0.9184878430120503,0.12311497609393265,0.9184878430120503,68.6,0.9367026972005911,0.09880102029212803,0.9367026972005911
64.3,0.9504025700646209,0.08376662719129196,0.9504025700646209,1844.0,0.8909856681113176,0.1666146825821101,0.8909856681113176,19.0,0.9356629816226559,0.10006063728482341,0.9356629816226559,-7.0,0.9611954809388598,0.06761789994180119,0.9611954809388598,16.02,0.9454215691076635,0.09433129569806036,0.9454215691076635,66.0,0.6934839192825036,0.2768369222675155,0.6934839192825036,31.8,0.9184878430120503,0.12311497609393265,0.9184878430120503,67.5,0.9360561781204612,0.09996126305250172,0.9360561781204612
18.4,0.9502949799581638,0.08394940640893327,0.9502949799581638,1765.0,0.8909632052699233,0.16663303494948103,0.8909632052699233,19.0,0.935770571729113,0.09988281962016067,0.935770571729113,0.0,0.9620159118745074,0.06626434665950375,0.9620159118745074,4.65,0.9453478576048233,0.09447409470319137,0.9453478576048233,61.0,0.693996946591351,0.2767104653731023,0.693996946591351,22.4,0.9191434686471466,0.12224370988302331,0.9191434686471466,63.5,0.9356719503497894,0.1007871620230032,0.9356719503497894
18.0,0.9503640229011329,0.08385814785339192,0.9503640229011329,1626.0,0.8909880519953534,0.16662162530454822,0.8909880519953534,33.0,0.9363605349619816,0.09935797483623426,0.9363605349619816,3.1,0.9623185216955865,0.06587333964581636,0.9623185216955865,4.31,0.9450758519239318,0.09478550363077198,0.9450758519239318,56.0,0.6943783668592358,0.2766547105654208,0.6943783668592358,22.0,0.9185995304384593,0.12326034638333097,0.9185995304384593,63.5,0.9353693405287105,0.10115488334256756,0.9353693405287105
36.1,0.9505237333391485,0.08362610731787405,0.9505237333391485,774.0,0.8909060894777695,0.1666635895864461,0.8909060894777695,35.0,0.9363137331918809,0.0994038233415514,0.9363137331918809,0.0,0.9625661948485644,0.065492804788038,0.9625661948485644,4.2,0.944994825647223,0.09485790673406395,0.944994825647223,41.0,0.694281571582308,0.27665042918610283,0.694281571582308,20.4,0.918084802273518,0.12403579912270617,0.918084802273518,64.7,0.9352445184843995,0.10130509647975693,0.9352445184843995
39.6,0.9506228621399002,0.08340855011825722,0.9506228621399002,806.0,0.8907673383697348,0.16676643967421625,0.8907673383697348,34.0,0.9358432554882932,0.10004208950687414,0.9358432554882932,-3.9,0.9627012570314305,0.06533515838348503,0.9627012570314305,4.39,0.9449041581521765,0.09499668497820862,0.9449041581521765,20.0,0.6940159019365859,0.27666402274079394,0.6940159019365859,20.4,0.917782192452439,0.12438770613164023,0.917782192452439,54.5,0.9358442357944287,0.10019268887255826,0.9358442357944287
34.5,0.9510579245063953,0.08277938841583822,0.9510579245063953,798.0,0.8904450895285205,0.16730113315451742,0.8904450895285205,32.0,0.935942384289045,0.09982990239284131,0.935942384289045,-0.8,0.96304314489278,0.06485468394668092,0.96304314489278,3.75,0.9451272781926391,0.09461252265592948,0.9451272781926391,9.0,0.6937897707572535,0.27666778390940533,0.6937897707572535,20.0,0.9165694987430791,0.12674850106656332,0.9165694987430791,56.9,0.9358734574668154,0.10015918870669259,0.9358734574668154
36.9,0.9513897938977159,0.08248148475287856,0.9513897938977159,801.0,0.8906682095689831,0.166959888454084,0.8906682095689831,33.0,0.936263416641079,0.09939537240873884,0.936263416641079,-1.6,0.9628571747236118,0.06515738418656235,0.9628571747236118,3.98,0.9453132483618073,0.09432165879193517,0.9453132483618073,0.0,0.6942541204593705,0.27678275024976373,0.6942541204593705,20.0,0.9161899029557307,0.12720961337192677,0.9161899029557307,56.1,0.9361656204502469,0.0996918147397223,0.9361656204502469
40.4,0.9515807733018986,0.08223821010563698,0.9515807733018986,788.0,0.8908997909151508,0.1665473993822584,0.8908997909151508,36.0,0.9365525927353695,0.09907557412917556,0.9365525927353695,1.6,0.963179423564826,0.0645355638288584,0.963179423564826,4.38,0.9453132483618073,0.09432165879193455,0.9453132483618073,0.0,0.6948338563866375,0.27690347460907433,0.6948338563866375,21.2,0.9160301925177151,0.12742463929681777,0.9160301925177151,56.1,0.9364878692914611,0.0991003397901496,0.9364878692914611
40.4,0.951405392607412,0.08242804067507822,0.951405392607412,796.0,0.8908214108524396,0.16664415812962935,0.8908214108524396,36.0,0.9367450720590967,0.0988602134651918,0.9367450720590967,3.9,0.9630300150272035,0.0647868864443411,0.9630300150272035,4.37,0.9453822913047764,0.09423170028035328,0.9453822913047764,0.0,0.6955743675890163,0.2770048289892477,0.6955743675890163,21.2,0.9155363198620893,0.12817767871283794,0.9155363198620893,53.3,0.9362360940662054,0.09968490382459846,0.9362360940662054
42.7,0.9511060045275145,0.08268463960387663,0.9511060045275145,795.0,0.891039862333031,0.16635194517867669,0.891039862333031,33.0,0.936769410987803,0.09883565510537451,0.936769410987803,-2.3,0.9631037265300437,0.0646388713551919,0.9631037265300437,4.55,0.9453557338758212,0.09426069045127833,0.9453557338758212,0.0,0.6962673895164792,0.2771145318205101,0.6962673895164792,21.2,0.9151248766934645,0.12834544476343326,0.9151248766934645,55.7,0.9360866855285831,0.09992301756821792,0.9360866855285831
41.6,0.9507112606726402,0.08327733393880074,0.9507112606726402,807.0,0.8912583138136225,0.16605956890970658,0.8912583138136225,57.0,0.9363971299743232,0.09939024494655432,0.9363971299743232,2.3,0.9631525755939249,0.06455791788718131,0.9631525755939249,4.62,0.9453882151872444,0.09422004009736729,0.9453882151872444,1.0,0.6962673895164792,0.2771145318205101,0.6962673895164792,20.8,0.9153991072753979,0.12797525932421228,0.9153991072753979,53.3,0.9358124549466497,0.1003115035105688,0.9358124549466497
80.0,0.9507896407353513,0.08316528829982389,0.9507896407353513,1565.0,0.8911232516307567,0.16618883562346742,0.8911232516307567,44.0,0.9360716432462273,0.10011547760323597,0.9360716432462273,-4.7,0.9633756956343873,0.06415842877102311,0.9633756956343873,18.83,0.9450914000249081,0.09449220015008718,0.9450914000249081,18.0,0.6962673895164792,0.2771145318205101,0.6962673895164792,33.3,0.9153572888442325,0.12803261616306863,0.9153572888442325,60.4,0.9359031224416962,0.10017475162788167,0.9359031224416962
54.9,0.9511151274634473,0.08242176801594923,0.9511151274634473,1773.0,0.8899504078204493,0.16839478609301176,0.8899504078204493,32.0,0.9359809757511808,0.1002522633481445,0.9359809757511808,-7.0,0.9639327637086511,0.06254577546512255,0.9639327637086511,13.16,0.9448082532061345,0.09484950650983412,0.9448082532061345,26.0,0.6953791053095425,0.2770683797170306,0.6953791053095425,30.6,0.9153572888442325,0.12803261616306863,0.9153572888442325,69.4,0.9361773530236296,0.09978618229275234,0.9361773530236296
21.6,0.9509624810389434,0.08280300178931645,0.9509624810389434,2182.0,0.8895526511313636,0.16852404594708736,0.8895526511313636,79.0,0.9366860582666251,0.09904241046339232,0.9366860582666251,7.0,0.9641056040122429,0.06217436952614196,0.9641056040122429,5.59,0.9447298731434233,0.09495979137073673,0.9447298731434233,34.0,0.6940689876028243,0.27741533188299133,0.6940689876028243,22.7,0.9153572888442325,0.12803261616306863,0.9153572888442325,74.1,0.9360214353314481,0.09995266931635027,0.9360214353314481
96.9,0.9511484512081116,0.08250780386982953,0.9511484512081116,1878.0,0.8899332374070501,0.16840575181500303,0.8899332374070501,33.0,0.9368673598759222,0.09872322869064384,0.9368673598759222,3.9,0.9640064752114911,0.062397440967613724,0.9640064752114911,27.26,0.9451021541569031,0.09439782246541607,0.9451021541569031,48.0,0.6927575557990752,0.2777585619464072,0.6927575557990752,36.5,0.915872017009174,0.12726212711008128,0.915872017009174,63.9,0.935828956007721,0.1001676075322305,0.935828956007721
62.4,0.9510493224073598,0.08272558485840346,0.9510493224073598,1663.0,0.8904498843423421,0.16781342329275464,0.8904498843423421,41.0,0.9368673598759222,0.09872322869064384,0.9368673598759222,-1.6,0.9642582504367468,0.06178423663353456,0.9642582504367468,13.72,0.9456136110541671,0.09337180337853573,0.9456136110541671,51.0,0.6920144222954863,0.27765353560294104,0.6920144222954863,31.0,0.9162925304657439,0.12657853257294877,0.9162925304657439,69.0,0.935828956007721,0.1001676075322305,0.935828956007721
42.0,0.950817741061192,0.08319200298265232,0.950817741061192,1724.0,0.8905771134689344,0.16764813506,0.8905771134689344,20.0,0.936966488676674,0.09851064667650193,0.936966488676674,-3.9,0.9643169914793228,0.06167723533510952,0.9643169914793228,9.91,0.9460885063198855,0.09239404890284723,0.9460885063198855,49.0,0.6926152541135178,0.2777762139668632,0.6926152541135178,28.2,0.9166147793069581,0.1260105374530244,0.9166147793069581,71.8,0.9358778050716021,0.10009098947092222,0.9358778050716021
18.4,0.9509449701877842,0.08300103980170662,0.9509449701877842,1220.0,0.8899530572301989,0.16867606361197257,0.8899530572301989,28.0,0.9368588985702171,0.09868887851887881,0.9368588985702171,8.6,0.9644052518920879,0.061568088351352454,0.9644052518920879,3.7,0.9460297652773094,0.09249697686551848,0.9460297652773094,39.0,0.6935678754445066,0.27779216706246906,0.6935678754445066,18.8,0.9167641878445806,0.12578229879574895,0.9167641878445806,74.5,0.9354307341860768,0.1008320049724294,0.9354307341860768
38.4,0.9506242173732671,0.08335504239443263,0.9506242173732671,805.0,0.8894383290652575,0.1693966746656788,0.8894383290652575,35.0,0.9370402001795143,0.09836956237193979,0.9370402001795143,-3.9,0.9643362089491189,0.061662469799688736,0.9643362089491189,4.18,0.9462233908954897,0.09229524546773475,0.9462233908954897,28.0,0.6935903382859011,0.2777836071872278,0.6935903382859011,20.4,0.9165858731244243,0.1259436733979352,0.9165858731244243,53.7,0.934995671819582,0.10144117269390787,0.934995671819582
34.1,0.9508838990452754,0.08291547517259504,0.9508838990452754,812.0,0.8893706717858413,0.1694519085309289,0.8893706717858413,32.0,0.9370890492433953,0.09829273788895897,0.9370890492433953,-2.3,0.9641695684736425,0.06188716303906845,0.9641695684736425,3.77,0.9466029866828383,0.09180161728679385,0.9466029866828383,21.0,0.693156119011951,0.277848071816642,0.693156119011951,19.6,0.9169277609857739,0.12551109201795566,0.9169277609857739,57.6,0.9351846039299841,0.10118290786205232,0.9351846039299841
31.4,0.9503399608365881,0.08399465111448956,0.9503399608365881,793.0,0.8893915272951568,0.16943602926727616,0.8893915272951568,33.0,0.9369983817483488,0.09842986974630677,0.9369983817483488,0.8,0.9638485361216085,0.062349140438289395,0.9638485361216085,3.87,0.9465442456402625,0.09190464422556081,0.9465442456402625,24.0,0.6930008328977401,0.2778625867530991,0.6930008328977401,20.0,0.9172199239692055,0.12506253334227163,0.9172199239692055,59.6,0.9352355002876457,0.10113003343679024,0.9352355002876457
35.7,0.950775023203083,0.08336596759557294,0.950775023203083,804.0,0.8893224843521877,0.1695139806234308,0.8893224843521877,33.0,0.9372521425055467,0.09813737055590961,0.9372521425055467,0.8,0.9634329367574188,0.06297916355078725,0.9634329367574188,4.14,0.9464953965763812,0.09198267646609648,0.9464953965763812,29.0,0.6933214275489411,0.27779087667241664,0.6933214275489411,20.0,0.9172199239692055,0.12506253334227102,0.9172199239692055,56.5,0.935495181959654,0.1007032586437713,0.935495181959654
85.9,0.9508632836158482,0.08326052626490864,0.9508632836158482,1578.0,0.8892487728493476,0.1696411737088969,0.8892487728493476,100.0,0.937418782981023,0.0979260000794813,0.937418782981023,5.5,0.962937992549867,0.0635778439181358,0.962937992549867,23.03,0.9466682368799731,0.09162377293775817,0.9466682368799731,43.0,0.6930578543965953,0.27790680689101627,0.6930578543965953,35.3,0.9172199239692055,0.12506253334227163,0.9172199239692055,66.3,0.9354533635284887,0.10076334776732188,0.9354533635284887
100.0,0.9507384615715373,0.08341602056503757,0.9507384615715373,2345.0,0.8890144750944552,0.1698815728467125,0.8890144750944552,21.0,0.937418782981023,0.09792600007948067,0.937418782981023,-3.9,0.962937992549867,0.0635778439181358,0.962937992549867,43.45,0.9454096817087788,0.09413608102739933,0.9454096817087788,52.0,0.6911893545185824,0.27920595941585347,0.6911893545185824,83.5,0.9165919800303937,0.12545275159528915,0.9165919800303937,59.6,0.9355609536349456,0.1005856559119086,0.9355609536349456
100.0,0.9501361032753582,0.08415815509499856,0.9501361032753582,1790.0,0.8889433812658364,0.1699284436258064,0.8889433812658364,74.0,0.9377019297997966,0.0975728629958309,0.9377019297997966,6.2,0.9626906348867417,0.06385532043177775,0.9626906348867417,29.68,0.944875490541532,0.0949707975010825,0.944875490541532,57.0,0.6893195464363904,0.2804935887945489,0.6893195464363904,38.0,0.9162709476783597,0.12586757448584054,0.9162709476783597,61.6,0.9357952513898381,0.10031074821942591,0.9357952513898381
85.1,0.9496646934611267,0.08494473284480293,0.9496646934611267,1911.0,0.8889758625772597,0.16989338254802194,0.8889758625772597,74.0,0.9381552370899852,0.09694510225072017,0.9381552370899852,1.6,0.9629222162329094,0.06337792513576498,0.9629222162329094,25.61,0.9446570390609406,0.095301961408701,0.9446570390609406,60.0,0.6874484359902551,0.2817696843679171,0.6874484359902551,35.7,0.9161718188776079,0.12607203523085286,0.9161718188776079,66.3,0.9366962970877434,0.09931020331496576,0.9366962970877434
81.2,0.9495152849235045,0.08518903463428036,0.9495152849235045,2037.0,0.8893802842270193,0.16881743196796833,0.8893802842270193,81.0,0.937760493235111,0.09752278126772346,0.937760493235111,0.8,0.9627493759293176,0.06374863169694477,0.9627493759293176,24.55,0.9445833275581004,0.09544455728692404,0.9445833275581004,65.0,0.6855760289684989,0.2830342355413137,0.6855760289684989,34.9,0.9153831694571765,0.12799860111566022,0.9153831694571765,67.1,0.9371714266396235,0.09902362656245013,0.9371714266396235
29.8,0.9491050354694726,0.08559693287690556,0.9491050354694726,2134.0,0.8891082785461278,0.16908434184511986,0.8891082785461278,70.0,0.9381447210057827,0.09669351750545722,0.9381447210057827,4.7,0.9626906348867417,0.06385532043177712,0.9626906348867417,5.23,0.9442137256797021,0.09586920966945192,0.9442137256797021,65.0,0.6842593991824832,0.2833477667940916,0.6842593991824832,27.23618212807402,0.9145627385215288,0.12922553508383594,0.9145627385215288,63.1,0.9371311081280026,0.0990588736607432,0.9371311081280026
43.9,0.9488805515176121,0.08580665228773399,0.9488805515176121,1754.0,0.889231714926886,0.168975145072127,0.889231714926886,65.0,0.9379920745812789,0.09706686606361524,0.9379920745812789,0.8,0.9630748626574134,0.06298848600612221,0.9630748626574134,11.62,0.9439215626962705,0.09634231839878708,0.9439215626962705,60.0,0.6841568183110406,0.28339209141289917,0.6841568183110406,29.8,0.9138242701034648,0.1304029975554271,0.9138242701034648,74.5,0.937094546496457,0.09910750339727865,0.937094546496457
96.1,0.9490297124906294,0.08562653380142184,0.9490297124906294,1646.0,0.8894032428983683,0.16886371833674862,0.8894032428983683,33.0,0.9378061044121107,0.0973546439850424,0.9378061044121107,3.9,0.9632979826978759,0.06258866793125911,0.9632979826978759,22.18,0.9436738895432923,0.09670672662955919,0.9436738895432923,60.0,0.684879071239884,0.28274049437715487,0.684879071239884,34.1,0.9133771992179395,0.13110943230807987,0.9133771992179395,62.0,0.9370358054538811,0.09920892239394234,0.9370358054538811
18.4,0.9494019935041093,0.08505800716636608,0.9494019935041093,1596.0,0.8894280896237982,0.16885240727191445,0.8894280896237982,52.0,0.9374435970364456,0.09772478357370962,0.9374435970364456,3.9,0.9630636849429833,0.06288228739650069,0.9630636849429833,9.96,0.9438970095837548,0.0963235271312575,0.9438970095837548,56.0,0.683865484625948,0.28339641126335624,0.683865484625948,29.8,0.9134260482818207,0.1310365611024862,0.9134260482818207,64.3,0.9373837475386546,0.09867841185506403,0.9373837475386546
69.8,0.9493601750729438,0.08511981158914905,0.9493601750729438,1549.0,0.8889918864588222,0.16925005995434023,0.8889918864588222,46.0,0.9370713160229658,0.09828027038855128,0.9370713160229658,3.1,0.9631327278859524,0.06278812959221741,0.9631327278859524,15.85,0.9437476010461325,0.09656438096879927,0.9437476010461325,58.0,0.6825673084439134,0.28477654330806124,0.6825673084439134,31.8,0.9134585295932438,0.13099881402028724,0.9134585295932438,66.7,0.9372512949932384,0.09892099250041665,0.9372512949932384
17.3,0.9493601750729438,0.08511981158914905,0.9493601750729438,1568.0,0.8884898320350078,0.16983238778086576,0.8884898320350078,19.0,0.9374435970364456,0.09772478357370962,0.9374435970364456,0.0,0.9630420603909059,0.06293293683681056,0.9630420603909059,4.11,0.9435747607425405,0.09692116879048865,0.9435747607425405,57.0,0.6824146620194095,0.2849959245536118,0.6824146620194095,21.2,0.9137799142490619,0.13052242143758805,0.9137799142490619,74.5,0.9367798851790069,0.09968833234429184,0.9367798851790069
18.4,0.9496406054829929,0.0845759452316301,0.9496406054829929,1571.0,0.8878657757962721,0.17085581976495762,0.8878657757962721,22.0,0.9372622954271485,0.09804437829884169,0.9372622954271485,0.0,0.962917238346595,0.06309333592217604,0.962917238346595,4.25,0.9435747607425405,0.09692116879048865,0.9435747607425405,52.0,0.6820102403696497,0.2857113743856113,0.6820102403696497,22.0,0.9139071433756544,0.13034637075097516,0.9139071433756544,62.7,0.9368386262215829,0.09958697450417023,0.9368386262215829
32.9,0.9498590569635842,0.08424033540065426,0.9498590569635842,858.0,0.8876140005710165,0.17138683460857532,0.8876140005710165,33.0,0.9369034849543885,0.09868539669812111,0.9369034849543885,3.9,0.9629464600189815,0.0630575623449158,0.9629464600189815,3.38,0.9436884384532174,0.09681026532320175,0.9436884384532174,38.0,0.6821321434500676,0.28568367112878834,0.6821321434500676,19.2,0.9138164758806078,0.13047645336179356,0.9138164758806078,55.3,0.9366231366822254,0.0998746043716673,0.9366231366822254
38.4,0.9492125378834545,0.08542869917266328,0.9492125378834545,793.0,0.8865630598411269,0.17349698211917944,0.8865630598411269,31.0,0.9368546358905074,0.09876218346506473,0.9368546358905074,-3.9,0.9631807577738741,0.0627640249813336,0.9631807577738741,4.33,0.9439421992104153,0.09651486351634958,0.9439421992104153,17.0,0.682581754928714,0.28580783011010513,0.682581754928714,20.4,0.9141218674641192,0.13016474177334642,0.9141218674641192,57.3,0.9363511310013339,0.10018106591581637,0.9363511310013339
31.8,0.9490877158391434,0.08558360039059848,0.9490877158391434,803.0,0.8862799130223533,0.1738032994658143,0.8862799130223533,34.0,0.9366203381356148,0.09903784656905734,0.9366203381356148,0.0,0.9635681118749689,0.0623527660728255,0.9635681118749689,3.68,0.9443010096831753,0.09586764044603921,0.9443010096831753,0.0,0.6830241215115287,0.2859305325616164,0.6830241215115287,20.0,0.9144140304475507,0.1297192877471748,0.9144140304475507,60.0,0.935930617544764,0.100894003642387,0.935930617544764
46.7,0.9492436335313248,0.08541196752585987,0.9492436335313248,867.0,0.8860986114130562,0.1740877622445536,0.8860986114130562,28.0,0.9371727742265552,0.0981989610614607,0.9371727742265552,-3.1,0.9640508972064734,0.06176059759747749,0.9640508972064734,15.97,0.9446923014673586,0.09517931495942779,0.9446923014673586,6.0,0.6835879377739204,0.28606500041649796,0.6835879377739204,33.3,0.9150605495276806,0.12861012102881206,0.9150605495276806,51.0,0.9363776884302891,0.1001525704761277,0.9363776884302891
36.5,0.9498676897700602,0.08424560191483411,0.9498676897700602,803.0,0.8863582930850644,0.17370781697220544,0.8863582930850644,36.0,0.9375883735907449,0.09760322303258329,0.9375883735907449,0.8,0.9648464814166913,0.06041353210371087,0.9648464814166913,4.06,0.9450177881954545,0.09444506679539212,0.9450177881954545,0.0,0.6848015489810971,0.2858783483205712,0.6848015489810971,20.0,0.9152202599656961,0.12839557663806606,0.9152202599656961,56.5,0.9366999372715035,0.0995611046105158,0.9366999372715035
43.1,0.9505975981479158,0.08230614913604034,0.9505975981479158,800.0,0.8864273360280336,0.17363053996604613,0.8864273360280336,33.0,0.9378688040007936,0.09707045959864173,0.9378688040007936,-2.3,0.9651883692780409,0.05993014016322089,0.9651883692780409,4.62,0.9452982186055033,0.09390668509688485,0.9452982186055033,0.0,0.6866700488591098,0.28462337293934376,0.6866700488591098,21.2,0.9156246816154556,0.12726504196208743,0.9156246816154556,53.7,0.9366999372715035,0.0995611046105158,0.9366999372715035
40.8,0.9508207181883782,0.08191642447915447,0.9508207181883782,805.0,0.8865264648287853,0.17343893552635983,0.8865264648287853,34.0,0.9377696752000418,0.09728341864133794,0.9377696752000418,2.3,0.9653131913223518,0.05976891520063343,0.9653131913223518,4.46,0.9456196032613217,0.0933979241085932,0.9456196032613217,0.0,0.6885372346400916,0.28335686659484965,0.6885372346400916,20.8,0.916280878490471,0.1255699471378593,0.916280878490471,51.8,0.9366999372715035,0.09956110461051643,0.9366999372715035
41.6,0.9509531707337943,0.08166756160834826,0.9509531707337943,812.0,0.8864972431563988,0.17346791479987367,0.8864972431563988,34.0,0.9377109341574661,0.09738503391740122,0.9377109341574661,1.6,0.9656354401635661,0.059143599348437624,0.9656354401635661,4.36,0.9459000336713704,0.09285885343753138,0.9459000336713704,0.0,0.6892302565675545,0.28347746418874964,0.6892302565675545,20.8,0.916280878490471,0.1255699471378593,0.916280878490471,53.7,0.9365674847260874,0.09980336310364561,0.9365674847260874
42.4,0.9509949891649597,0.08160548909856401,0.9509949891649597,787.0,0.8872271515342542,0.1717401588733406,0.8872271515342542,57.0,0.9377527525886313,0.09732462740910665,0.9377527525886313,-1.6,0.9656354401635661,0.059143599348437624,0.9656354401635661,4.5,0.9460813352806676,0.09253497206806889,0.9460813352806676,8.0,0.6892302565675545,0.28347746418874964,0.6892302565675545,20.8,0.916280878490471,0.1255699471378593,0.916280878490471,54.1,0.9366750748325445,0.09962532177474884,0.9366750748325445
58.0,0.9508841277908252,0.0817590433372825,0.9508841277908252,1708.0,0.8872271515342542,0.17174015887334176,0.8872271515342542,41.0,0.9374318978438589,0.09770916354321357,0.9374318978438589,2.3,0.9659833822483396,0.05858025138028352,0.9659833822483396,16.09,0.9456865914257935,0.09312006032016827,0.9456865914257935,18.0,0.6892302565675545,0.28347746418874964,0.6892302565675545,32.2,0.916280878490471,0.1255699471378593,0.916280878490471,61.6,0.9363331869711948,0.10007866608079112,0.9363331869711948
62.7,0.9506660922565541,0.08191497099628313,0.9506660922565541,1857.0,0.8877386084315183,0.17082798009172853,0.8877386084315183,40.0,0.9363809571139694,0.10004267035612477,0.9363809571139694,3.1,0.9658236718103239,0.05882066093057152,0.9658236718103239,20.0,0.9452992373246986,0.09351014256016796,0.9452992373246986,31.0,0.6892302565675545,0.28347746418874964,0.6892302565675545,33.3,0.916280878490471,0.1255699471378593,0.916280878490471,68.6,0.9357963544355048,0.1004378133236149,0.9357963544355048
55.7,0.9506417533278478,0.08194040251694112,0.9506417533278478,1780.0,0.8867902485730713,0.17284663813879556,0.8867902485730713,73.0,0.9363809571139694,0.10004267035612477,0.9363809571139694,4.7,0.9655028170655515,0.059231468128259766,0.9655028170655515,13.26,0.9452191192946503,0.09359821604650753,0.9452191192946503,39.0,0.6892302565675545,0.28347746418874964,0.6892302565675545,31.0,0.916280878490471,0.1255699471378593,0.916280878490471,73.7,0.9353158221941696,0.10072432126534159,0.9353158221941696
74.9,0.9505308919537134,0.0820938535876,0.9505308919537134,2024.0,0.8865305669010629,0.17322707040726157,0.8865305669010629,21.0,0.9363809571139694,0.10004267035612414,0.9363809571139694,1.6,0.9655352983769747,0.059188636429278775,0.9655352983769747,23.39,0.9449959992541879,0.09398265947726991,0.9449959992541879,43.0,0.6886333670939452,0.28334942163682314,0.6886333670939452,34.9,0.916280878490471,0.1255699471378593,0.916280878490471,67.5,0.9353158221941696,0.10072432126534096,0.9353158221941696
49.4,0.950915119724385,0.08124598405011964,0.950915119724385,2114.0,0.885458770661858,0.17534759722286103,0.885458770661858,35.0,0.9361996555046722,0.10036141106963707,0.9361996555046722,0.0,0.9657584184174374,0.058786844602765995,0.9657584184174374,15.29,0.9453907431090619,0.0933984154139319,0.9453907431090619,40.0,0.6881530402502158,0.2835437274907486,0.6881530402502158,31.4,0.916927397570601,0.12445521585790971,0.916927397570601,71.0,0.9363695143165788,0.09935263695132406,0.9363695143165788
61.6,0.9511748013963935,0.08080569246596096,0.9511748013963935,1986.0,0.8854953322934037,0.17530523357058764,0.8854953322934037,56.0,0.9361996555046722,0.10036141106963707,0.9361996555046722,2.3,0.9656090098798148,0.05903978316312786,0.9656090098798148,18.13,0.945959398819454,0.09268443583486485,0.945959398819454,43.0,0.6882437077452623,0.2834733742387618,0.6882437077452623,32.5,0.9173069933579493,0.12399250744632428,0.9173069933579493,69.4,0.9369935705553142,0.09821290382536153,0.9369935705553142
18.0,0.9514490319783268,0.08040425014539124,0.9514490319783268,1432.0,0.8856640371439222,0.1751882918199443,0.8856640371439222,18.0,0.9363321080500883,0.10011933774826356,0.9363321080500883,4.7,0.9658244994191723,0.05873274040966838,0.9658244994191723,13.19,0.9464293045702169,0.09219762997741043,0.9464293045702169,43.0,0.6884738949949883,0.28336906171347187,0.6884738949949883,31.0,0.9182571861379755,0.12303063377890647,0.9182571861379755,67.1,0.9368441620176919,0.09845147070061695,0.9368441620176919
33.7,0.9519081304962397,0.07991378006843376,0.9519081304962397,809.0,0.885594233502386,0.17522376025228964,0.885594233502386,46.0,0.9365943993595465,0.09978602678900886,0.9365943993595465,-1.6,0.9660721725721504,0.058348865111868216,0.9660721725721504,4.81,0.9463665232172017,0.0922553659872584,0.9463665232172017,39.0,0.6891858031848854,0.28291686672905814,0.6891858031848854,21.6,0.9183373041680237,0.12294809954071395,0.9183373041680237,67.8,0.9367365719112348,0.0986296831130163,0.9367365719112348
49.4,0.9518090016954879,0.08013201888101698,0.9518090016954879,1945.0,0.8855059730896208,0.17531169782170744,0.8855059730896208,25.0,0.9368748297695954,0.09925454347443552,0.9368748297695954,5.5,0.9657667809886392,0.0587058102358232,0.9657667809886392,13.41,0.9462974802742327,0.09234557666853745,0.9462974802742327,39.0,0.6891858031848852,0.282916866729058,0.6891858031848852,25.9,0.9181881431950064,0.12311544486588348,0.9181881431950064,70.6,0.9357589903804012,0.10088607647206918,0.9357589903804012
57.6,0.9516530840033065,0.08030505631879221,0.9516530840033065,1325.0,0.8848497762146055,0.17690681052605212,0.8848497762146055,55.0,0.9369166482007607,0.0991942820205683,0.9369166482007607,4.7,0.9658358239316082,0.05861106432385176,0.9658358239316082,10.45,0.9463562213168086,0.09224260693216765,0.9463562213168086,44.0,0.6896606984506035,0.2823648890298104,0.6896606984506035,29.0,0.9178158621815266,0.12364761121496289,0.9178158621815266,65.1,0.9360511533638328,0.1004189942491659,0.9360511533638328
62.0,0.950931114213561,0.08127820827675335,0.950931114213561,1510.0,0.8850024226391094,0.17657022751608176,0.8850024226391094,52.0,0.9372596669293397,0.0989831384481249,0.9372596669293397,-3.9,0.9658358239316082,0.058611064323851124,0.9658358239316082,13.73,0.9464886738622247,0.0919964650773215,0.9464886738622247,50.0,0.6895937063932841,0.28237974425494267,0.6895937063932841,31.0,0.917431634410855,0.12444587861060952,0.917431634410855,67.1,0.9365044606540213,0.09979388260811915,0.9365044606540213
62.7,0.9505582288098389,0.08159705392374064,0.9505582288098389,1727.0,0.8851550690636135,0.17623351786981087,0.8851550690636135,19.0,0.93745329254752,0.09878496937272571,0.93745329254752,-2.3,0.9657770828890324,0.058718432470339116,0.9657770828890324,16.37,0.9465444529635665,0.09193316326730579,0.9465444529635665,54.0,0.6895937063932841,0.28237974425494267,0.6895937063932841,31.8,0.9169528514450604,0.12466989595008204,0.9169528514450604,68.2,0.9366445437005424,0.09961152562288514,0.9366445437005424
18.0,0.9504675613147925,0.08173802098397197,0.9504675613147925,1775.0,0.884944273032034,0.17641205596831488,0.884944273032034,18.0,0.937774324899554,0.09834926987360552,0.937774324899554,0.0,0.9656987028263211,0.05883444296576888,0.9656987028263211,4.83,0.946919648188614,0.09154885160521627,0.946919648188614,49.0,0.6903877758918493,0.2824757100085387,0.6903877758918493,22.4,0.9170957508281239,0.12453430510702987,0.9170957508281239,63.1,0.9370796060670376,0.09900026798046771,0.9370796060670376
21.6,0.9505292642986023,0.08166199730623845,0.9505292642986023,927.0,0.8850176322310899,0.17634903117850928,0.8850176322310899,33.0,0.9375023192186626,0.09865662188919001,0.9375023192186626,10.2,0.9656203227636101,0.058950433855859664,0.9656203227636101,3.99,0.9470761368854479,0.09144272806810567,0.9470761368854479,28.0,0.6913039557277232,0.28251801594090287,0.6913039557277232,20.8,0.917552070952524,0.12433034457979344,0.917552070952524,60.4,0.9375281781899624,0.09874195482433552,0.9375281781899624
38.8,0.9508864722244672,0.0813199320651236,0.9508864722244672,783.0,0.8854485384020199,0.1761992693496192,0.8854485384020199,33.0,0.9379263635075911,0.09820246325213726,0.9379263635075911,-8.6,0.9654390211543129,0.059288036318997685,0.9654390211543129,4.19,0.9472841838382954,0.09128472486029716,0.9472841838382954,25.0,0.6920404887449568,0.28262651005901906,0.6920404887449568,20.4,0.917982977123454,0.1241444512731423,0.917982977123454,54.5,0.9379469067452019,0.09850924624887364,0.9379469067452019
36.9,0.951273826325562,0.08092212782192411,0.951273826325562,791.0,0.8851947776448221,0.17645020190679347,0.8851947776448221,32.0,0.9381780095091214,0.09798160804008588,0.9381780095091214,1.6,0.9655372857696686,0.05915736889508593,0.9655372857696686,4.21,0.9471859192229397,0.09140935931274738,0.9471859192229397,17.0,0.6924664827326623,0.28273932290137793,0.6924664827326623,20.0,0.9176948121405583,0.12437121223512466,0.9176948121405583,58.0,0.9384726241315624,0.09815055333739718,0.9384726241315624
36.1,0.9514983102774224,0.08071062465746959,0.9514983102774224,795.0,0.8850597154619563,0.1765766600397782,0.8850597154619563,30.0,0.9380113690336451,0.09819316804995819,0.9380113690336451,0.0,0.9659528851338584,0.05852420671482141,0.9659528851338584,3.99,0.9472935093293968,0.09122808768288845,0.9472935093293968,15.0,0.6918623852835906,0.28288433502200183,0.6918623852835906,20.0,0.9175295036035682,0.12451219114535816,0.9175295036035682,56.5,0.9384726241315624,0.09815055333739718,0.9384726241315624
79.2,0.9514494612135412,0.08078968953872306,0.9514494612135412,1408.0,0.8851184565045322,0.17648671130821356,0.8851184565045322,72.0,0.9381189591401021,0.09801463225892722,0.9381189591401021,3.1,0.9659528851338584,0.05852420671482141,0.9659528851338584,15.77,0.9473917739447524,0.09110341811698204,0.9473917739447524,32.0,0.6923094561691159,0.282483320455344,0.6923094561691159,32.2,0.9173110521229767,0.12482544508091435,0.9173110521229767,62.0,0.9384726241315624,0.09815055333739718,0.9384726241315624
57.3,0.9519243564792594,0.07979904692791853,0.9519243564792594,1872.0,0.8846666948242866,0.1766517967861528,0.8846666948242866,66.0,0.9382514116855182,0.09777167323732978,0.9382514116855182,-1.6,0.9658452950274012,0.058713096262731745,0.9658452950274012,16.86,0.9474788942264739,0.09102043170381335,0.9474788942264739,40.0,0.6928790626734553,0.2820412701914606,0.6928790626734553,31.0,0.9177023439071601,0.1241714412433627,0.9177023439071601,62.7,0.9384726241315624,0.09815055333739718,0.9384726241315624
87.8,0.9521056580885566,0.07947038987591876,0.9521056580885566,2057.0,0.8843721276793568,0.17672019212731624,0.8843721276793568,47.0,0.9384327132948155,0.09745164860093558,0.9384327132948155,-1.6,0.9658452950274012,0.058713096262731745,0.9658452950274012,6.74,0.9475113755378973,0.09097956444412651,0.9475113755378973,44.0,0.6930950976156885,0.28201549468709075,0.6930950976156885,23.1,0.9178099340136171,0.1240003092424706,0.9178099340136171,65.1,0.9381112732679076,0.09862200714103482,0.9381112732679076
74.5,0.9522653685265722,0.07923713655253566,0.9522653685265722,1483.0,0.8839291922469049,0.17717632621310409,0.8839291922469049,51.0,0.9386446556208479,0.09721883842766824,0.9386446556208479,-10.2,0.9656639934181039,0.0590508271046324,0.9656639934181039,15.38,0.9477023549420798,0.09073912944648885,0.9477023549420798,48.0,0.6923050244681275,0.2819235889201127,0.6923050244681275,31.4,0.9187258125606407,0.12188627942387588,0.9187258125606407,65.5,0.9366696773345233,0.10116504225950772,0.9366696773345233
63.9,0.9526697901763318,0.0780354818293524,0.9526697901763318,1611.0,0.8838926306153592,0.1772185119148396,0.8838926306153592,19.0,0.9388356350250304,0.09698226719729448,0.9388356350250304,0.8,0.9656639934181039,0.0590508271046324,0.9656639934181039,14.45,0.947888325111248,0.09044661187224608,0.947888325111248,47.0,0.6922088920142742,0.281931692280434,0.6922088920142742,25.5,0.919269750769328,0.12086866966043198,0.919269750769328,67.8,0.93601112031122,0.10170759198040259,0.93601112031122
55.3,0.9526697901763318,0.07803548182935176,0.9526697901763318,1555.0,0.8839832981104057,0.1770983453997746,0.8839832981104057,62.0,0.9391578838662448,0.09638798043154137,0.9391578838662448,3.9,0.965305182945344,0.05972800816000703,0.965305182945344,12.74,0.9481114451517106,0.09006002411595686,0.9481114451517106,50.0,0.6932821119806089,0.2818559560482266,0.6932821119806089,30.2,0.919269750769328,0.12086866966043261,0.919269750769328,68.2,0.9353470586489376,0.10225054070182482,0.9353470586489376
18.0,0.9521748459687799,0.07861892106617008,0.9521748459687799,1625.0,0.8843421085831656,0.1765297449817557,0.8843421085831656,20.0,0.9395301648797246,0.09583033345504177,0.9395301648797246,0.0,0.965412773051801,0.05953934466522248,0.965412773051801,10.15,0.9481114451517106,0.09006002411595686,0.9481114451517106,45.0,0.6945855689171352,0.28151671442551046,0.6945855689171352,29.0,0.9196539785399998,0.12006709980780689,0.9196539785399998,71.4,0.9346775942972003,0.10279381980490764,0.9346775942972003
19.2,0.9516581990334878,0.07931379470445026,0.9516581990334878,1462.0,0.8845938838084214,0.1760025102105454,0.8845938838084214,98.0,0.9398105952897735,0.09529581702415114,0.9398105952897735,9.4,0.9655203631582581,0.059350637635555925,0.9655203631582581,6.51,0.9479670792298984,0.09017977657402376,0.9479670792298984,46.0,0.6958876752536783,0.281173755341539,0.6958876752536783,22.0,0.9199371253587735,0.11972860154265656,0.9199371253587735,61.6,0.9342979985098518,0.10327582885478458,0.9342979985098518
100.0,0.9513359501922736,0.07992265063639263,0.9513359501922736,1631.0,0.8857205583870245,0.17384860003577116,0.8857205583870245,69.0,0.9394895629377394,0.09573365203668308,0.9394895629377394,6.2,0.9656919869726696,0.059139736626593886,0.9656919869726696,25.89,0.9478886991671872,0.09029086881985351,0.9478886991671872,55.0,0.6964316134623656,0.2805679299813236,0.6964316134623656,37.3,0.9201968070307817,0.11931498211081329,0.9201968070307817,55.3,0.9342979985098518,0.10327582885478458,0.9342979985098518
19.2,0.9516163806023227,0.0793760162112829,0.9516163806023227,1664.0,0.8861410718435946,0.1732135294954324,0.8861410718435946,38.0,0.9395971530441966,0.09555451779605871,0.9395971530441966,0.0,0.9659994109583113,0.05881485671592496,0.9659994109583113,4.4,0.9482500500308422,0.08981053960842637,0.9482500500308422,46.0,0.6968521269189356,0.2801730201795396,0.6968521269189356,22.0,0.9205178393828158,0.11889571943405804,0.9205178393828158,62.7,0.9345281857595779,0.10303098713819193,0.9345281857595779
19.6,0.9514274484919205,0.07964386154827424,0.9514274484919205,1515.0,0.8864633206848088,0.17268415623668215,0.8864633206848088,59.0,0.9393740330037341,0.09593594590938871,0.9393740330037341,10.2,0.9661853811274795,0.05850986578486085,0.9661853811274795,3.56,0.9483284300935533,0.08969935962198175,0.9483284300935533,47.0,0.6972991978044608,0.27976474951344993,0.6972991978044608,21.6,0.9204590983402399,0.11899385974683502,0.9204590983402399,65.5,0.9345281857595779,0.10303098713819193,0.9345281857595779
64.7,0.9514640101234662,0.07959362270268927,0.9514640101234662,1594.0,0.8862036390128004,0.17306445847751684,0.8862036390128004,18.0,0.9393740330037341,0.09593594590938871,0.9393740330037341,2.3,0.965893218144048,0.05900664916461364,0.965893218144048,15.35,0.9485439196329108,0.08940525312173406,0.9485439196329108,48.0,0.6978723576855347,0.2791400825889417,0.6978723576855347,31.4,0.9205009167714053,0.11893570757016397,0.9205009167714053,67.5,0.9343670414528208,0.10318774169213162,0.9343670414528208
18.0,0.9516529422338683,0.07932575588363198,0.9516529422338683,1558.0,0.886394618416983,0.17285972186339427,0.886394618416983,20.0,0.9394158514348993,0.0958753523696602,0.9394158514348993,0.0,0.9659838856390945,0.058861009661730766,0.9659838856390945,4.02,0.9489552760724569,0.08894825601983163,0.9489552760724569,43.0,0.698473540910101,0.27868135926833293,0.698473540910101,21.6,0.9210156449363467,0.11815499790149159,0.9210156449363467,62.7,0.9343121631134229,0.10323171809568156,0.9343121631134229
18.0,0.9516529422338683,0.07932575588363198,0.9516529422338683,1414.0,0.886986000724249,0.17256426886806198,0.886986000724249,46.0,0.9396781427443575,0.09553957462578869,0.9396781427443575,-1.6,0.9656917226556629,0.05935757582194166,0.9656917226556629,6.55,0.9495239317828489,0.08822849659653334,0.9495239317828489,45.0,0.6994938599547063,0.27863245293911815,0.6994938599547063,27.5,0.9221092948902808,0.11682052568170218,0.9221092948902808,61.2,0.9348219170271447,0.10291354873213643,0.9348219170271447
69.4,0.951812652671884,0.07909260185714324,0.951812652671884,1546.0,0.8879316350601205,0.17169517467663067,0.8879316350601205,49.0,0.939793087406272,0.0954533684584799,0.939793087406272,-3.9,0.9660125774004354,0.05894672247376376,0.9660125774004354,15.06,0.9498573085767309,0.08790300100683655,0.9498573085767309,49.0,0.7007932461868558,0.27827338481676867,0.7007932461868558,31.4,0.9230455929164169,0.11584711841410596,0.9230455929164169,68.2,0.9356184312348431,0.1021298745509182,0.9356184312348431
44.3,0.952381308382276,0.07836446785699426,0.952381308382276,1642.0,0.8885138281167907,0.17139877167340928,0.8885138281167907,41.0,0.9396682653619609,0.09560517676849793,0.9396682653619609,0.0,0.9663479227264301,0.05856726802162563,0.9663479227264301,10.48,0.949345851679467,0.08893702423245763,0.949345851679467,47.0,0.7010529278588642,0.278035635242634,0.7010529278588642,28.6,0.9233710796445128,0.11513849719260094,0.9233710796445128,71.4,0.9362281391942652,0.10166448665570975,0.9362281391942652
32.2,0.9526057923341363,0.07815207122269051,0.9526057923341363,1602.0,0.888905119900974,0.17078919724183192,0.888905119900974,40.0,0.9391968555477295,0.09637641622742499,0.9391968555477295,0.0,0.9665285924944265,0.058393406733164586,0.9665285924944265,4.34,0.949345851679467,0.08893702423245889,0.949345851679467,48.0,0.7012342294681614,0.277854286400911,0.7012342294681614,20.8,0.9235439199481047,0.11479352597606474,0.9235439199481047,69.4,0.9363188066893117,0.10152779642992217,0.9363188066893117
42.0,0.9532523114142661,0.07695410850235952,0.9532523114142661,1617.0,0.8887942585268396,0.17092031648420103,0.8887942585268396,34.0,0.9389046925642979,0.0968465365199027,0.9389046925642979,4.7,0.9662565868135349,0.05872315379453397,0.9662565868135349,10.19,0.949453441785924,0.08875501179376225,0.949453441785924,50.0,0.7012342294681614,0.277854286400911,0.7012342294681614,28.6,0.9232216711068904,0.11537039765878652,0.9232216711068904,71.8,0.9362450951864716,0.1016685115591775,0.9362450951864716
40.4,0.9531785999114262,0.07709955542969411,0.9531785999114262,1688.0,0.8885138281167907,0.17139877167341047,0.8885138281167907,35.0,0.9382750197374419,0.09774241440072683,0.9382750197374419,-0.8,0.9662565868135349,0.05872315379453461,0.9662565868135349,10.03,0.949394700743348,0.08885857173748549,0.949394700743348,50.0,0.7012342294681614,0.277854286400911,0.7012342294681614,28.6,0.923040369497593,0.1156810997176911,0.923040369497593,72.2,0.9362450951864717,0.10166851155917687,0.9362450951864717
37.3,0.9526671430141621,0.07814332362365578,0.9526671430141621,1682.0,0.8887735097887991,0.17101672749801183,0.8887735097887991,19.0,0.9382332013062766,0.09780284076555316,0.9382332013062766,0.0,0.9659343379723206,0.059349037624154395,0.9659343379723206,9.1,0.949394700743348,0.08885857173748549,0.949394700743348,44.0,0.7021734356048938,0.27785669188778844,0.7021734356048938,26.7,0.9236135293786671,0.11462185994018588,0.9236135293786671,72.5,0.9361225595676573,0.10177703939546964,0.9361225595676573
20.4,0.9523448941729479,0.07875327813090312,0.9523448941729479,950.0,0.8878941928733212,0.17296046370507898,0.8878941928733212,34.0,0.9387856373972169,0.09696158342159267,0.9387856373972169,11.7,0.9662147683823696,0.05878732707847009,0.9662147683823696,3.44,0.9495856801475306,0.08861715945887419,0.9495856801475306,19.0,0.7030495626746271,0.27789343017554957,0.7030495626746271,20.8,0.9238045087828498,0.11439331340719702,0.9238045087828498,60.4,0.9364546513358376,0.1016185127269176,0.9364546513358376
35.7,0.9519606997830719,0.07919872411009884,0.9519606997830719,786.0,0.8877032134691385,0.17316565101469092,0.8877032134691385,30.0,0.9388932275036738,0.0967827405464065,0.9388932275036738,-6.2,0.9663130329977253,0.05865649405602108,0.9663130329977253,3.91,0.9492642954917124,0.0891299387907773,0.9492642954917124,4.0,0.7025182347779162,0.27799470573676266,0.7025182347779162,20.0,0.9232129577195208,0.11508605667773507,0.9232129577195208,54.5,0.936513214771152,0.10156876683659866,0.936513214771152
36.1,0.951825637600206,0.07935243882566378,0.951825637600206,796.0,0.887446248205855,0.17337179962020413,0.887446248205855,32.0,0.939214259855708,0.09634558359811306,0.939214259855708,1.6,0.966234652935014,0.05877257924756753,0.966234652935014,4.18,0.9493319527711286,0.08906357934453932,0.9493319527711286,0.0,0.702043105226036,0.2780591041397679,0.702043105226036,20.4,0.9229705849677148,0.11531129724993289,0.9229705849677148,59.2,0.9364546513358376,0.10161851272691637,0.9364546513358376
38.8,0.9517273729848503,0.07947899330894445,0.9517273729848503,795.0,0.8875954091788723,0.17321986566076905,0.8875954091788723,31.0,0.939535292207742,0.095908105178318,0.939535292207742,3.9,0.9663455143091485,0.058613603745540914,0.9663455143091485,4.18,0.9493752711218384,0.08902242002124033,0.9493752711218384,0.0,0.7018453152074964,0.2780834596923413,0.7018453152074964,20.4,0.9229914404770303,0.11529329995341477,0.9229914404770303,55.7,0.9363054903628204,0.10179333787003265,0.9363054903628204
34.9,0.9517517119135566,0.07945346501119287,0.9517517119135566,802.0,0.8881120561141641,0.1726324086303253,0.8881120561141641,33.0,0.9397695899626346,0.09563064993743912,0.9397695899626346,3.9,0.9663455143091485,0.058613603745540914,0.9663455143091485,3.58,0.9492402089389725,0.08917425852095069,0.9492402089389725,0.0,0.7018453152074964,0.2780834596923413,0.7018453152074964,20.0,0.9239398003354772,0.11311839971627498,0.9239398003354772,58.4,0.936528610403283,0.10141470032945292,0.936528610403283
36.9,0.9522029773799898,0.07902072531300047,0.9522029773799898,804.0,0.8878582953569663,0.17288541878301997,0.8878582953569663,32.0,0.9400619963667471,0.09546017000472823,0.9400619963667471,2.3,0.9665400445185254,0.05841546437769693,0.9665400445185254,4.13,0.9493185890016839,0.08906289441730494,0.9493185890016839,0.0,0.7015099698815016,0.2782409057795227,0.7015099698815016,20.4,0.923976361967023,0.11307111637172407,0.923976361967023,57.6,0.936528610403283,0.10141470032945292,0.936528610403283
38.0,0.9524184669193474,0.07872283463047124,0.9524184669193474,806.0,0.8876895905064478,0.17300325305637115,0.8876895905064478,34.0,0.9407625210958334,0.09469281392359838,0.9407625210958334,2.3,0.9667874021816506,0.058135355527142524,0.9667874021816506,4.08,0.9493604074328492,0.08900126672691977,0.9493604074328492,0.0,0.7007475205224449,0.27815640963310645,0.7007475205224449,20.4,0.9238637626255516,0.1131940568229621,0.9238637626255516,55.7,0.936528610403283,0.10141470032945292,0.936528610403283
36.5,0.9526415869598098,0.07833145025005553,0.9526415869598098,810.0,0.8873643627130613,0.1730920671641515,0.8873643627130613,31.0,0.9414553678713684,0.09392695367585377,0.9414553678713684,3.9,0.9665984700712483,0.05841212129133767,0.9665984700712483,4.03,0.9494510749278957,0.0888611756989755,0.9494510749278957,0.0,0.7007475205224449,0.27815640963310645,0.7007475205224449,20.4,0.9236712833018245,0.11340290646863398,0.9236712833018245,57.3,0.9363054903628204,0.1017933378700339,0.9363054903628204
35.7,0.9527322544548563,0.07818980093671365,0.9527322544548563,804.0,0.8870708358182319,0.17334066991705227,0.8870708358182319,31.0,0.941689665626261,0.09364834086753149,0.941689665626261,3.9,0.9663753500307858,0.05881437280908352,0.9663753500307858,4.06,0.9504552138876846,0.0865269701298001,0.9504552138876846,0.0,0.7007475205224449,0.27815640963310645,0.7007475205224449,20.0,0.923911111769888,0.11309927457225583,0.923911111769888,57.3,0.9360578172098423,0.10215295353001037,0.9360578172098423
40.0,0.9526246643483992,0.07837370445950509,0.9526246643483992,798.0,0.8867722663075923,0.17370387288035563,0.8867722663075923,53.0,0.9418806450304436,0.09341015011268367,0.9418806450304436,2.3,0.9660539653749677,0.059347184667560754,0.9660539653749677,4.34,0.9504552138876846,0.0865269701298001,0.9504552138876846,8.0,0.7007475205224449,0.27815640963310645,0.7007475205224449,20.4,0.9236879917294256,0.11346933233534294,0.9236879917294256,56.1,0.9362294410242539,0.10195698856867982,0.9362294410242539
56.5,0.9526246643483992,0.07837370445950509,0.9526246643483992,1821.0,0.8867722663075923,0.17370387288035563,0.8867722663075923,38.0,0.9419496879734125,0.09332050153589723,0.9419496879734125,-0.8,0.9658679952057995,0.05965196985517251,0.9658679952057995,15.87,0.9503151308411634,0.08671438098154183,0.9503151308411634,17.0,0.7007475205224449,0.27815640963310645,0.7007475205224449,32.9,0.923497012325243,0.11369803510990435,0.923497012325243,63.1,0.93640775574441,0.10178654859635754,0.93640775574441
59.6,0.952808880169264,0.07822565791396957,0.952808880169264,1681.0,0.8870319479796005,0.17332344888948248,0.8870319479796005,57.0,0.9420987531035006,0.09320656287252997,0.9420987531035006,-3.9,0.9659788565799339,0.0594931607267996,0.9659788565799339,15.01,0.9501539865344064,0.08687714614399049,0.9501539865344064,28.0,0.6996810852591202,0.27825022214997774,0.6996810852591202,31.4,0.9233987477098873,0.11381667295468768,0.9233987477098873,68.2,0.9364402370558335,0.10174660564484493,0.9364402370558335
55.7,0.9529579452993518,0.07810770582709614,0.9529579452993518,1618.0,0.8872047882831925,0.17300511984757982,0.8872047882831925,64.0,0.9422345532747306,0.09310081863475204,0.9422345532747306,-3.1,0.9657633670405763,0.059800087117447664,0.9657633670405763,11.68,0.950256567405849,0.0867659613122894,0.950256567405849,34.0,0.698772990811154,0.2782246942995391,0.698772990811154,29.8,0.9234894152049338,0.11368332055437555,0.9234894152049338,69.0,0.936085996408441,0.10215383474839197,0.936085996408441
85.5,0.9529845027283071,0.07807798995768074,0.9529845027283071,1809.0,0.8876761980974239,0.17232278072752624,0.8876761980974239,25.0,0.9425933637474907,0.09245359872116843,0.9425933637474907,1.6,0.9658709571470334,0.0596113357952549,0.9658709571470334,22.92,0.9504059759434713,0.08652169584697068,0.9504059759434713,33.67243525896414,0.6985852121886552,0.27825312770986393,0.6985852121886552,34.5,0.9234894152049337,0.11368332055437554,0.9234894152049337,65.5,0.9359076816882849,0.10232413285671617,0.9359076816882849
71.0,0.9528350941906849,0.07832431575029401,0.9528350941906849,1490.0,0.8874446167512562,0.17273195626399065,0.8874446167512562,63.0,0.9425933637474907,0.09245359872116717,0.9425933637474907,-3.1,0.9659127755781988,0.05954722283267889,0.9659127755781988,14.23,0.9506375572896391,0.08605630854588314,0.9506375572896391,49.0,0.6992004247870565,0.27809951036968994,0.6992004247870565,31.8,0.923670716814231,0.11337205306429243,0.923670716814231,68.2,0.9361881120983339,0.10179384343968298,0.9361881120983339
60.8,0.9528938352332607,0.07821969135571898,0.9528938352332607,1672.0,0.8881008136262715,0.1711283143018954,0.8881008136262715,52.0,0.9429413058322642,0.09191701367311492,0.9429413058322642,-2.3,0.9661073057875755,0.059349370770991276,0.9661073057875755,13.87,0.9508188588989361,0.08572933015620733,0.9508188588989361,52.0,0.6997683143153132,0.27797610823834673,0.6997683143153132,30.6,0.923670716814231,0.11337205306429243,0.923670716814231,68.2,0.9361144005954936,0.10193451574691634,0.9361144005954936
55.3,0.9528154551705494,0.07833242209578177,0.9528154551705494,1769.0,0.8881008136262715,0.1711283143018954,0.8881008136262715,51.0,0.9428421770315124,0.09213177709269654,0.9428421770315124,0.8,0.9659513880953942,0.05952875360067795,0.9659513880953942,14.04,0.9512519357334891,0.08480382079482471,0.9512519357334891,55.0,0.6999843492575465,0.2779470816649641,0.6999843492575465,31.0,0.923518070389727,0.11373639492163536,0.923518070389727,69.0,0.9360586214941518,0.10199640398810697,0.9360586214941518
58.8,0.9520331359191897,0.07963792880005283,0.9520331359191897,1849.0,0.8881008136262715,0.1711283143018954,0.8881008136262715,19.0,0.9425617466214635,0.09266914251328384,0.9425617466214635,3.1,0.9657329366148028,0.05987629020538209,0.9657329366148028,16.23,0.9510334842528977,0.08513985026164321,0.9510334842528977,56.0,0.6989640302129413,0.27799759155260284,0.6989640302129413,31.8,0.9236256604961839,0.11356277893253823,0.9236256604961839,68.6,0.9361639866995668,0.10190099849047089,0.9361639866995668
56.5,0.9519006833737736,0.07988738253349813,0.9519006833737736,1505.0,0.8881426320574369,0.1710750482403059,0.8881426320574369,44.0,0.9424034836088391,0.09279663871892177,0.9424034836088391,6.2,0.9654855789516775,0.06015561508384183,0.9654855789516775,12.73,0.9514177120235695,0.08429272813455216,0.9514177120235695,56.0,0.69776105267715,0.2782260933530145,0.69776105267715,30.2,0.923733250602641,0.11338911940855981,0.923733250602641,67.8,0.9363549661037494,0.10166611219864326,0.9363549661037494
29.8,0.9519913508688201,0.0797460031765613,0.9519913508688201,1525.0,0.8878622016473882,0.17155302456164362,0.8878622016473882,20.0,0.9424662649618543,0.09273923189329794,0.9424662649618543,1.6,0.9650385080661523,0.06094155665673798,0.9650385080661523,4.13,0.9508835208563226,0.08513895302172687,0.9508835208563226,55.0,0.6973997018134951,0.27846058544685304,0.6973997018134951,20.8,0.9234709592931829,0.11371321664258079,0.9234709592931829,70.6,0.9361233847575816,0.10212001024998399,0.9361233847575816
18.0,0.9521773210379882,0.07944985374047171,0.9521773210379882,1483.0,0.887969791753845,0.17139416067940058,0.887969791753845,35.0,0.9420820371911827,0.09357429339220516,0.9420820371911827,1.6,0.9648890995285299,0.061193959478156014,0.9648890995285299,7.85,0.9506436923882589,0.08546019348483176,0.9506436923882589,54.0,0.6975949640929687,0.2783967884866716,0.6975949640929687,28.2,0.9234934221345772,0.11369260627959665,0.9234934221345772,64.3,0.9356903079230288,0.10302154455424478,0.9356903079230288
38.8,0.9521507636090332,0.07947950248919318,0.9521507636090332,1472.0,0.8873457355151094,0.17241575589233088,0.8873457355151094,24.0,0.9418504558450148,0.0940332641334148,0.9418504558450148,7.0,0.9651122195689923,0.06079291851551139,0.9651122195689923,8.31,0.9502714113747791,0.08602939367668476,0.9502714113747791,52.0,0.6980069320600407,0.27850266584253464,0.6980069320600407,26.7,0.9241933561649974,0.11315973955268054,0.9241933561649974,71.0,0.9356903079230288,0.10302154455424355,0.9356903079230288
17.3,0.9514208552311776,0.08142449984630573,0.9514208552311776,1395.0,0.8870123587212276,0.17268386649607,0.8870123587212276,28.0,0.9420847535999075,0.0937545412658987,0.9420847535999075,14.8,0.9650756579374467,0.06084467739579906,0.9650756579374467,3.57,0.9500901097654819,0.08635610768802914,0.9500901097654819,41.0,0.6984120385062448,0.27860722055626624,0.6984120385062448,20.8,0.9248398752451272,0.11202518419811164,0.9248398752451272,67.1,0.9360745356937006,0.10219654527991473,0.9360745356937006
32.2,0.9515199840319294,0.08120649149356503,0.9515199840319294,796.0,0.8869885275892448,0.17269405391175455,0.8869885275892448,30.0,0.9416516767653544,0.09466626488149954,0.9416516767653544,7.0,0.964733770076097,0.061327683924225634,0.964733770076097,3.63,0.9500412607016009,0.08643475301073249,0.9500412607016009,28.0,0.6988103790404891,0.2787104472732036,0.6988103790404891,20.0,0.9249305427401737,0.11189141321406167,0.9249305427401737,65.5,0.9364287763410929,0.1017893382697356,0.9364287763410929
38.4,0.9514711349680482,0.0812855329078925,0.9514711349680482,784.0,0.8867449186106894,0.1728456604133152,0.8867449186106894,30.0,0.9414397344393219,0.0949005360082621,0.9414397344393219,4.7,0.9647012887646738,0.061370404739565336,0.9647012887646738,3.8,0.9498599590923037,0.08676130256939002,0.9498599590923037,18.0,0.6992020455042657,0.27881234142749584,0.6992020455042657,20.4,0.9247060587883135,0.11208836292838799,0.9247060587883135,57.3,0.9367901272047477,0.10132008826502109,0.9367901272047477
36.5,0.9513217264304258,0.08153092487706368,0.9513217264304258,805.0,0.8865294290713318,0.1730975849803946,0.8865294290713318,31.0,0.9412774316898913,0.09497976810418517,0.9412774316898913,-3.9,0.9647378503962196,0.06131868765010515,0.9647378503962196,3.96,0.9493660864366777,0.08756829529410448,0.9493660864366777,8.0,0.6995871261694865,0.27891289916689016,0.6995871261694865,20.4,0.9246627404376035,0.1121271582376139,0.9246627404376035,55.7,0.9365304455327393,0.10174736033821351,0.9365304455327393
70.6,0.9512310589353793,0.08167202397511343,0.9512310589353793,1589.0,0.8866891395093474,0.17289916550715823,0.8866891395093474,22.0,0.9417342642131553,0.0944352372754361,0.9417342642131553,3.1,0.9648360470863275,0.06122729758068064,0.9648360470863275,17.65,0.9489908912116304,0.08795536061742239,0.9489908912116304,18.0,0.7002965620972706,0.279011794356298,0.7002965620972706,32.5,0.9253089630364473,0.1116681156940947,0.9253089630364473,61.6,0.9362318760220997,0.10215998036318796,0.9362318760220997
71.8,0.9510079388949169,0.0820619907792326,0.9510079388949169,1683.0,0.8863398970925404,0.17320762847454632,0.8863398970925404,64.0,0.942076152074505,0.09397680980173344,0.942076152074505,-4.7,0.9651582959275419,0.060602797528744826,0.9651582959275419,17.87,0.947766038626223,0.09046114953204518,0.947766038626223,29.0,0.7014913020290211,0.2787776276690354,0.7014913020290211,32.5,0.9253089630364473,0.1116681156940947,0.9253089630364473,67.5,0.9362736944532651,0.1020998961226221,0.9362736944532651
20.4,0.9508585303572944,0.0823071288501754,0.9508585303572944,1883.0,0.8848371946824053,0.17547775263545193,0.8848371946824053,76.0,0.9418872199641029,0.09423872359756351,0.9418872199641029,-0.8,0.9656116032177303,0.059936578436021175,0.9656116032177303,12.8,0.9471419823874876,0.0916205948743488,0.9471419823874876,35.0,0.7022313388348539,0.27886609821708297,0.7022313388348539,33.3,0.9253089630364473,0.1116681156940947,0.9253089630364473,63.1,0.9363155128844304,0.10203980610713609,0.9363155128844304
83.9,0.9507678628622479,0.08244807765825272,0.9507678628622479,1837.0,0.884424212992437,0.17591855932858524,0.884424212992437,79.0,0.9418663644547872,0.09425766114158711,0.9418663644547872,0.0,0.965462194680108,0.0601892978753065,0.965462194680108,22.66,0.9472110253304566,0.09153023882418365,0.9472110253304566,44.0,0.7022313388348539,0.27886609821708297,0.7022313388348539,34.5,0.9253089630364473,0.1116681156940947,0.9253089630364473,65.5,0.9361830603390144,0.10228160296319502,0.9361830603390144
22.4,0.9510901117034621,0.08184047347276535,0.9510901117034621,2036.0,0.8843458329297259,0.1760135704213411,0.8843458329297259,48.0,0.9420798067003643,0.09399793712907407,0.9420798067003643,6.2,0.9655941173144783,0.06005496099365543,0.9655941173144783,4.97,0.9476091168111448,0.09108324075943364,0.9476091168111448,45.0,0.7022313388348539,0.27886609821708297,0.7022313388348539,22.7,0.9258718607840453,0.11131561465190312,0.9258718607840453,68.2,0.9365044449948327,0.1017812397525018,0.9365044449948327
18.0,0.9507646249753664,0.08258417164372106,0.9507646249753664,1464.0,0.884704643402486,0.17544423783686577,0.884704643402486,22.0,0.9422932489459412,0.093738085748858,0.9422932489459412,10.2,0.9652398766670859,0.06049252895320063,0.9652398766670859,3.38,0.9479546524810742,0.09075248002206611,0.9479546524810742,39.0,0.7029699730941573,0.2789536771887429,0.7029699730941573,21.2,0.926273810787575,0.11112607949328636,0.926273810787575,64.3,0.936852387079606,0.10125202741996012,0.936852387079606
30.2,0.9503803972046946,0.08343135575148748,0.9503803972046946,824.0,0.884704643402486,0.17544423783686577,0.884704643402486,29.0,0.9419722165939073,0.0941777802592559,0.9419722165939073,-4.7,0.965298617709662,0.06038533246508177,0.965298617709662,3.46,0.9479546524810742,0.09075248002206611,0.9479546524810742,34.0,0.7038125632367069,0.2790017869801292,0.7038125632367069,19.6,0.9262061535081588,0.11118890334349131,0.9262061535081588,60.0,0.9367833441366371,0.10134053207150738,0.9367833441366371
38.0,0.950640078876703,0.08299193377301581,0.950640078876703,778.0,0.8842218580709816,0.1759202852129014,0.8842218580709816,34.0,0.9418938365311961,0.09428774263180464,0.9418938365311961,-0.8,0.9651994889089102,0.06060887950296611,0.9651994889089102,4.12,0.9476923611716163,0.0910930083951617,0.9476923611716163,23.0,0.7038308081604004,0.27899652913981143,0.7038308081604004,20.4,0.9259677724654861,0.11139489100025794,0.9259677724654861,60.0,0.9365113384557457,0.10164663032472127,0.9365113384557457
34.9,0.9505418142613472,0.083117933983976,0.9505418142613472,810.0,0.8842967621990186,0.17588680967699363,0.8842967621990186,31.0,0.9417862464247388,0.09446751291354105,0.9417862464247388,-7.8,0.965298617709662,0.06038533246508177,0.965298617709662,3.93,0.9476598798601928,0.09113388076442114,0.9476598798601928,5.0,0.7027614835674255,0.2796910741818565,0.7027614835674255,20.0,0.9262020702203787,0.11112605575912686,0.9262020702203787,56.5,0.9365405601281324,0.10161314718782315,0.9365405601281324
36.1,0.9503751737858709,0.0833353440706649,0.9503751737858709,812.0,0.8843978097701208,0.17582452058977324,0.8843978097701208,34.0,0.9413915025698648,0.09504878238232901,0.9413915025698648,0.0,0.9655170691902534,0.060038079505002555,0.9655170691902534,3.92,0.9466822983293594,0.09342673390965421,0.9466822983293594,0.0,0.7012827072728036,0.28112912237802806,0.7012827072728036,20.4,0.9263880403895469,0.11084508382126841,0.9263880403895469,59.6,0.9362483971447008,0.10208013394093629,0.9362483971447008
65.9,0.9505906633252285,0.0830390720914397,0.9505906633252285,1965.0,0.8843489607062398,0.17589214930571695,0.8843489607062398,54.0,0.9409759032056751,0.09564841603743175,0.9409759032056751,3.1,0.9655536308217992,0.05998626429999734,0.9655536308217992,20.16,0.9468712304397615,0.09316313298303175,0.9468712304397615,12.0,0.7001244559739738,0.28256389571740953,0.7001244559739738,31.4,0.9261695889089555,0.1111651554677841,0.9261695889089555,52.9,0.9362483971447008,0.10208013394093629,0.9362483971447008
20.4,0.9509116956772624,0.08259100971055501,0.9509116956772624,2240.0,0.8838192813827837,0.1761204913970595,0.8838192813827837,51.0,0.9410641636184404,0.09554537372869885,0.9410641636184404,5.5,0.9653924865150422,0.06015656850373036,0.9653924865150422,5.98,0.9472554248296374,0.0927260762305337,0.9472554248296374,21.0,0.7001662744051392,0.28253242849971527,0.7001662744051392,23.9,0.925954099369598,0.11144629028322818,0.925954099369598,72.9,0.936508078816709,0.10165309980345678,0.936508078816709
51.8,0.9508210281822159,0.0827319402104413,0.9508210281822159,1915.0,0.8841398013359536,0.17603995190153376,0.8841398013359536,30.0,0.9415808105537321,0.09486810635132044,0.9415808105537321,3.1,0.9651805441890098,0.060405384927125806,0.9651805441890098,15.18,0.9476306200546847,0.09234173536772974,0.9476306200546847,17.0,0.7008713569205836,0.28185516928089754,0.7008713569205836,31.0,0.9257309793291356,0.11181768550887863,0.9257309793291356,69.8,0.9367479072847729,0.10134142756406522,0.9367479072847729
42.0,0.95127786070548,0.08217507663490502,0.95127786070548,760.0,0.8845915630161993,0.17587475952451875,0.8845915630161993,58.0,0.9421819937782984,0.09398553095519874,0.9421819937782984,3.9,0.9652314405466713,0.06034831659449296,0.9652314405466713,5.93,0.9478704485227485,0.09202339128643595,0.9478704485227485,26.0,0.7018373529438516,0.2818354448380048,0.7018373529438516,28.6,0.9259625606753034,0.11137181514191638,0.9259625606753034,61.2,0.9375275858088181,0.10055845311421309,0.9375275858088181
20.0,0.9516132060314747,0.08181022549882616,0.9516132060314747,1733.0,0.8849801304546893,0.1757510429787691,0.8849801304546893,35.0,0.9426686869711066,0.093327220826657,0.9426686869711066,-1.6,0.9656645173812242,0.05939622214136108,0.9656645173812242,4.64,0.9474757046678743,0.0926099454165567,0.9474757046678743,36.0,0.7018373529438515,0.2818354448380048,0.7018373529438515,22.4,0.9256821302652545,0.11189274012619142,0.9256821302652545,62.0,0.9381201277634472,0.10009502987409861,0.9381201277634472
38.0,0.9522428788583308,0.08088922726417752,0.9522428788583308,1887.0,0.8850317612810027,0.17571866176066386,0.8850317612810027,20.0,0.9432382934754462,0.09246544026471024,0.9432382934754462,0.0,0.9656645173812242,0.05939622214136108,0.9656645173812242,10.83,0.9476891469134513,0.09234805012107711,0.9476891469134513,42.0,0.7007278487786476,0.2832601005850048,0.7007278487786476,29.4,0.926013999656575,0.11161478207016205,0.926013999656575,72.5,0.9378724546104691,0.10045589533836985,0.9378724546104691
35.7,0.9524563211039078,0.08062317800124184,0.9524563211039078,853.0,0.8853540101222168,0.17519102087438904,0.8853540101222168,31.0,0.9436224878653221,0.09203006611133492,0.9436224878653221,3.1,0.9659859020370423,0.05886365724467276,0.9659859020370423,4.09,0.9481320823459031,0.09180700885801751,0.9481320823459031,35.0,0.7000227662632034,0.283935691141171,0.7000227662632034,20.0,0.9265943276229024,0.1109228784004508,0.9265943276229024,56.1,0.9382447356239488,0.09990073068167611,0.9382447356239488
39.2,0.952637622713205,0.08029447721496143,0.952637622713205,768.0,0.8854788321665278,0.17506071967282277,0.8854788321665278,33.0,0.9434040363847305,0.0923614132684928,0.9434040363847305,-4.7,0.9661418197292236,0.058684159968232945,0.9661418197292236,4.32,0.9485604252668773,0.09127540450634887,0.9485604252668773,24.0,0.6989942883747081,0.2853245352663163,0.6989942883747081,20.4,0.9270892718304543,0.1103745861386393,0.9270892718304543,58.4,0.9385433051345885,0.09948636496609808,0.9385433051345885
45.1,0.952601061081659,0.08034475867397474,0.952601061081659,924.0,0.8857994784608467,0.17482649379858395,0.8857994784608467,62.0,0.943494703879777,0.09222263102342425,0.943494703879777,-3.9,0.9663894928822018,0.058300136233524244,0.9663894928822018,8.03,0.9486510927619238,0.09113566321766098,0.9486510927619238,29.0,0.698394571064679,0.285958372397512,0.698394571064679,27.5,0.9274115206716685,0.10979322550112157,0.9274115206716685,60.4,0.9384160760079961,0.09967231104995534,0.9384160760079961
48.04087253229345,0.9524294372672475,0.08054869289056554,0.9524294372672475,838.0,0.8861474205456202,0.1743588273024716,0.8861474205456202,27.0,0.9436195259240882,0.09206965389804823,0.9436195259240882,3.1,0.9668245552486968,0.05764798502956504,0.9668245552486968,3.98,0.9483288439207096,0.09173840878174255,0.9483288439207096,5.0,0.697961494230126,0.2864887725750427,0.697961494230126,20.0,0.9274852321745085,0.10965463544887062,0.9274852321745085,56.5,0.9385973776172933,0.09935259083195529,0.9385973776172933
49.0,0.951796870191517,0.08130915073622814,0.951796870191517,1618.0,0.8865316483162919,0.17361302766933645,0.8865316483162919,21.0,0.9437177905394438,0.09194562898145607,0.9437177905394438,4.7,0.9667920739372735,0.05769093099618106,0.9667920739372735,12.75,0.9480033571926137,0.09247638698372668,0.9480033571926137,19.0,0.6977097190048704,0.2868409166204617,0.6977097190048704,30.6,0.9273358236368862,0.10988861839069813,0.9273358236368862,62.7,0.9384865162431588,0.09950179716753274,0.9384865162431588
67.5,0.9512286023873379,0.0819281587528525,0.9512286023873379,1818.0,0.8862107935715196,0.17394519895188834,0.8862107935715196,24.0,0.943302191175254,0.09254831881221255,0.943302191175254,-4.7,0.9668245552486968,0.05764798502956504,0.9668245552486968,18.61,0.9477556840396356,0.09284359962651427,0.9477556840396356,31.0,0.6978825593084622,0.2866350084024497,0.6978825593084622,32.9,0.9272007614540203,0.1100332973966783,0.9272007614540203,67.8,0.9383268058051433,0.09972783880219407,0.9383268058051433
61.6,0.9508130030231482,0.08254066618654331,0.9508130030231482,1550.0,0.8862473552030652,0.17390272917102695,0.8862473552030652,53.0,0.9431946010687969,0.09272858850305477,0.9431946010687969,3.9,0.9667555123057278,0.05774290529006117,0.9667555123057278,13.75,0.9472807887739175,0.09382301603764621,0.9472807887739175,36.0,0.6976726678680795,0.2867095102796058,0.6976726678680795,31.0,0.9267293516397889,0.11078568172543267,0.9267293516397889,69.0,0.937840112612335,0.10037935032925124,0.937840112612335
55.7,0.9503924895665783,0.08327380141248948,0.9503924895665783,1867.0,0.8872249367338989,0.1718575988154715,0.8872249367338989,19.0,0.9434542827408054,0.09229539379722639,0.9434542827408054,0.0,0.9665037370804721,0.05835883409167426,0.9665037370804721,19.35,0.9469822192632777,0.09424361222598193,0.9469822192632777,38.0,0.6969856062281633,0.28660058743630057,0.6969856062281633,32.9,0.9265109001591972,0.11110590458609391,0.9265109001591972,69.0,0.9371399805512489,0.10102044218932098,0.9371399805512489
56.9,0.95049161836733,0.08305623991084847,0.95049161836733,1356.0,0.8884116776350185,0.16965720785801597,0.8884116776350185,64.0,0.9436697722801628,0.09200360156489731,0.9436697722801628,3.9,0.966636189625888,0.05810226524072615,0.966636189625888,11.08,0.9474936761605419,0.09321526693788547,0.9474936761605419,38.0,0.6969856062281633,0.28660058743630057,0.6969856062281633,29.4,0.9267293516397889,0.11078568172543267,0.9267293516397889,62.7,0.9372475706577058,0.10084241775911608,0.9372475706577058
87.5,0.9505334367984953,0.08299426211122661,0.9505334367984953,1343.0,0.8891163943149867,0.16919488805249172,0.8891163943149867,23.0,0.9439294539521711,0.09156996346279583,0.9439294539521711,-4.7,0.9665089604992957,0.0583000205770774,0.9665089604992957,16.72,0.9483311746448543,0.09110638473800634,0.9483311746448543,42.0,0.6969856062281633,0.28660058743630057,0.6969856062281633,32.5,0.9269524716802513,0.11041357950010222,0.9269524716802513,60.8,0.9368752896442262,0.10139653379088821,0.9368752896442262
34.1,0.9506606659250876,0.082803336212609,0.9506606659250876,813.0,0.889078282630699,0.1692126649638538,0.889078282630699,32.0,0.9444818900431114,0.09071925690402016,0.9444818900431114,-2.3,0.9663817313727033,0.058497721835882206,0.9663817313727033,4.97,0.9480995932986865,0.0915693075864766,0.9480995932986865,19.0,0.6976906887436075,0.2859331067091853,0.6976906887436075,22.0,0.9273112821530114,0.10978471366776534,0.9273112821530114,68.2,0.9364805457893519,0.10197143736060296,0.9364805457893519
36.5,0.9508559282045613,0.08262711510229001,0.9508559282045613,794.0,0.8888926985192458,0.16932195641135922,0.8888926985192458,46.0,0.9447608244264635,0.09043163986711777,0.9447608244264635,1.6,0.9663817313727033,0.058497721835882206,0.9663817313727033,3.82,0.9480562749479766,0.09161028431126962,0.9480562749479766,9.0,0.69791380878407,0.2857243049192643,0.69791380878407,20.0,0.927482905967423,0.10959234356710183,0.927482905967423,57.6,0.9369519556035837,0.10120552392644547,0.9369519556035837
67.1,0.9512842711255356,0.08208961093176723,0.9512842711255356,2092.0,0.8893876427267977,0.16883340108052342,0.8893876427267977,61.0,0.9445996801197065,0.0905926471139406,0.9445996801197065,-0.8,0.9665311399103258,0.05824448247481165,0.9665311399103258,25.12,0.948361666531488,0.09127116930361692,0.948361666531488,23.0,0.6982751596477249,0.28549318831711284,0.6982751596477249,35.3,0.927816282761305,0.10928353498859956,0.927816282761305,63.1,0.9375043916945239,0.10036757831953243,0.9375043916945239
80.0,0.9501930118840254,0.0845145834579737,0.9501930118840254,2161.0,0.8897866690838279,0.16849890888556224,0.8897866690838279,52.0,0.9446582435550208,0.09054167492378143,0.9446582435550208,-5.5,0.9666302687110775,0.058020367389593944,0.9666302687110775,26.67,0.9485724625630674,0.09105509446207478,0.9485724625630674,32.0,0.6988746190268688,0.28538177579289997,0.6988746190268688,35.7,0.9281004100742587,0.10902936707407485,0.9281004100742587,67.1,0.9376641021325395,0.1001418735193484,0.9376641021325395
89.4,0.9497650346157596,0.08489018053977114,0.9497650346157596,1721.0,0.8900956431222116,0.16826552302174697,0.8900956431222116,71.0,0.9449354909663663,0.09037385511553668,0.9449354909663663,-3.9,0.9665814196471965,0.058101967155092964,0.9665814196471965,19.26,0.9485724625630673,0.09105509446207477,0.9485724625630673,41.0,0.6990461206303004,0.2853642733186536,0.6990461206303004,32.9,0.9280585916430933,0.1090885345809183,0.9280585916430933,63.9,0.9375316495871234,0.10038432834051583,0.9375316495871234
35.3,0.9498267375995696,0.0848144256822419,0.9498267375995696,2075.0,0.8901573461060214,0.16820102308266563,0.8901573461060214,34.0,0.9454879996807916,0.08985000247740599,0.9454879996807916,-1.6,0.9661901278630132,0.05882306446833723,0.9661901278630132,6.41,0.9485724625630674,0.09105509446207478,0.9485724625630674,38.0,0.6986732352265782,0.28546983598269443,0.6986732352265782,22.7,0.9278354716026308,0.10946146289706643,0.9278354716026308,67.1,0.9375316495871233,0.1003843283405152,0.9375316495871233
29.8,0.9497901759680237,0.0848643665743162,0.9497901759680237,843.0,0.890317056544037,0.16800065855425728,0.890317056544037,32.0,0.9461648563272334,0.08908215499439587,0.9461648563272334,1.6,0.966050044816492,0.05901801388058635,0.966050044816492,3.36,0.9482001815495876,0.09162071219291038,0.9482001815495876,31.0,0.6988677654359551,0.28539752030827464,0.6988677654359551,19.2,0.9274407277477568,0.11002655710813161,0.9274407277477568,60.0,0.9373503479778261,0.10070344233343083,0.9373503479778261
38.8,0.9496825858615666,0.0850468914298144,0.9496825858615666,802.0,0.8904389596244547,0.16792083487832962,0.8904389596244547,31.0,0.9462531167399985,0.08897783333312569,0.9462531167399985,-3.9,0.9659374454750206,0.05915408104155529,0.9659374454750206,4.03,0.9480753595052767,0.09177460908373686,0.9480753595052767,8.0,0.6996412821354959,0.2854825379392536,0.6996412821354959,20.4,0.9271566004348029,0.11028019133884737,0.9271566004348029,56.5,0.937161415867424,0.1009624966083812,0.937161415867424
32.9,0.9497562973644068,0.08490263858653703,0.9497562973644068,788.0,0.890702690489899,0.1678553534263501,0.890702690489899,24.0,0.9461211941056281,0.08910511468039461,0.9461211941056281,0.8,0.9658391808596649,0.05928480794916057,0.9658391808596649,3.86,0.9477531106640623,0.09237673394838539,0.9477531106640623,0.0,0.7000063957078579,0.2855815674066651,0.7000063957078579,20.4,0.926795249571148,0.11074031366280546,0.926795249571148,58.4,0.9368894101865326,0.10126885190669403,0.9368894101865326
52.9,0.9498300088672469,0.08475836232742005,0.9498300088672469,1922.0,0.8914565031951996,0.16729930929479797,0.8914565031951996,58.0,0.9465367934698178,0.0884988687656826,0.9465367934698178,3.1,0.9659128923625051,0.059135912334012976,0.9659128923625051,5.27,0.9481373384347339,0.09153570414991295,0.9481373384347339,13.0,0.7006760117168745,0.28568902016672243,0.7006760117168745,30.2,0.9268642925141171,0.11065361296237751,0.9268642925141171,66.7,0.9370281612945675,0.10114835365147598,0.9370281612945675
20.4,0.9501842495146392,0.08433754195189791,0.9501842495146392,2390.0,0.8920559625743434,0.1669567610704975,0.8920559625743434,77.0,0.9468578258218519,0.08805480797300233,0.9468578258218519,-1.6,0.965554081889745,0.05981324770157294,0.965554081889745,6.4,0.9481373384347339,0.09153570414991356,0.9481373384347339,28.0,0.7016011558968884,0.2856977789106365,0.7016011558968884,25.1,0.9268642925141171,0.1106536129623769,0.9268642925141171,74.1,0.9374806202026755,0.10086803549356772,0.9374806202026755
19.6,0.949998279345471,0.08463204972049293,0.949998279345471,2147.0,0.8919775825116323,0.16705364743797244,0.8919775825116323,79.0,0.9464227634553568,0.08867843064283357,0.9464227634553568,3.9,0.9654953408471691,0.0599205093091944,0.9654953408471691,5.87,0.9480589583720228,0.09164670693726931,0.9480589583720228,37.0,0.7015495250705749,0.2857105502482313,0.7015495250705749,23.5,0.9268154434502359,0.11072883525842102,0.9268154434502359,62.0,0.9370676385127071,0.1013774216007405,0.9370676385127071
90.2,0.9499564609143056,0.08469391641737768,0.9499564609143056,2015.0,0.8922607293304059,0.1667425073581966,0.8922607293304059,19.0,0.9463809450241915,0.08873985759212384,0.9463809450241915,1.6,0.9658900847020431,0.059307985673076685,0.9658900847020431,26.93,0.9477966670625646,0.09198703091828789,0.9477966670625646,43.0,0.7007369802320327,0.2856439358659504,0.7007369802320327,36.1,0.9266426031466439,0.11107593868298378,0.9266426031466439,65.1,0.9371924605570182,0.10122687266035495,0.9371924605570182
56.1,0.95027870975552,0.08408764014963478,0.95027870975552,1621.0,0.8934855819158133,0.16450210470733595,0.8934855819158133,45.0,0.9466125263703592,0.08827716247338788,0.9466125263703592,3.9,0.9660790168124453,0.0590316146748751,0.9660790168124453,11.6,0.9477966670625646,0.09198703091828789,0.9477966670625646,46.0,0.7003732967073305,0.28554556253619107,0.7003732967073305,30.2,0.9269022848186524,0.1106563895406361,0.9269022848186524,70.6,0.9373591010324946,0.10101606720183681,0.9373591010324946
38.0,0.9498944819848483,0.08493374907556282,0.9498944819848483,1553.0,0.8934855819158133,0.16450210470733595,0.8934855819158133,20.0,0.9469151361914382,0.08790012392374844,0.9469151361914382,4.7,0.9663060283332454,0.058790738175062834,0.9663060283332454,8.65,0.9486341655468772,0.0898763369660163,0.9486341655468772,45.0,0.7003638844760417,0.28554553311576136,0.7003638844760417,27.1,0.9270549312431563,0.11029006803488765,0.9270549312431563,71.0,0.9373815638738889,0.10099476003288252,0.9373815638738889
19.6,0.9500698626793349,0.0847447308453166,0.9500698626793349,944.0,0.8932090891888528,0.1647026495053424,0.8932090891888528,33.0,0.9473605365614691,0.08751991956587986,0.9473605365614691,9.4,0.9662511499938472,0.05883914677277675,0.9662511499938472,3.75,0.9484847570092548,0.09011956786696712,0.9484847570092548,39.0,0.6997907245949677,0.28616882472131094,0.6997907245949677,22.0,0.9270060821792752,0.11036532735856884,0.9270060821792752,60.0,0.9371278031166911,0.10128653343221702,0.9371278031166911
33.3,0.9499688151082326,0.08482421340192636,0.9499688151082326,806.0,0.892888442894534,0.16494352418008015,0.892888442894534,31.0,0.9474023549926344,0.08745836707302783,0.9474023549926344,-2.3,0.9663783791204397,0.05864151926239372,0.9663783791204397,3.37,0.9481955809149643,0.09044694704025007,0.9481955809149643,42.0,0.6997170130921276,0.2862498206169249,0.6997170130921276,19.6,0.9266853932347756,0.11066625440561012,0.9266853932347756,53.7,0.9369123135773337,0.1015738754364651,0.9369123135773337
36.9,0.9494749424526067,0.08563231605934553,0.9494749424526067,786.0,0.8925200118716675,0.16523202965928022,0.8925200118716675,31.0,0.9472751258660422,0.08764793726573543,0.9472751258660422,0.8,0.9662459265750237,0.05889794151658027,0.9662459265750237,4.12,0.9481049134199176,0.09058667871179824,0.9481049134199176,42.0,0.699482715337235,0.2863782863052551,0.699482715337235,20.4,0.9263520164408936,0.11097409321611663,0.9263520164408936,56.9,0.9364418358737459,0.10221152399780378,0.9364418358737459
31.4,0.9494749424526067,0.08563231605934553,0.9494749424526067,806.0,0.8926225927431101,0.16513776847951794,0.8926225927431101,31.0,0.947336828849852,0.08757258958105536,0.947336828849852,0.0,0.9664056370130393,0.05865743114873264,0.9664056370130393,3.91,0.9485379902544705,0.08966625177739462,0.9485379902544705,40.0,0.699482715337235,0.2863782863052551,0.699482715337235,19.6,0.9263520164408937,0.11097409321611666,0.9263520164408937,56.5,0.9362926749007288,0.1023862518472929,0.9362926749007288
33.7,0.9491945120425578,0.08617576679404688,0.9491945120425578,810.0,0.892111135845846,0.16605930927247284,0.892111135845846,31.0,0.9471248865238195,0.08781011898477305,0.9471248865238195,0.0,0.9663468959704633,0.05876486402958623,0.9663468959704633,3.52,0.9488968007272306,0.0890129317754215,0.9488968007272306,16.0,0.6991104343237553,0.2866692486764587,0.6991104343237553,19.6,0.9265379866100619,0.11069303806923995,0.9265379866100619,54.9,0.9363292365322744,0.10233779837492092,0.9363292365322744
34.5,0.9491038445475113,0.08631607188721516,0.9491038445475113,806.0,0.8919514254078305,0.16626054652565941,0.8919514254078305,34.0,0.9463572373125745,0.08879243805161637,0.9463572373125745,0.0,0.9660258636184292,0.0592290152767072,0.9660258636184292,3.75,0.9494979839517967,0.08811885628277687,0.9494979839517967,1.0,0.6987745480969574,0.28666460979104397,0.6987745480969574,19.6,0.92666142299082,0.11056952950566847,0.92666142299082,56.5,0.9365690650003382,0.10202637095826457,0.9365690650003382
70.2,0.9490155841347462,0.08642100532143648,0.9490155841347462,2018.0,0.8921613168482133,0.16609416137998118,0.8921613168482133,35.0,0.9457540921689728,0.08941743751397926,0.9457540921689728,-1.6,0.9659351961233827,0.05937462704970011,0.9659351961233827,17.21,0.9497965534624365,0.08769505951580385,0.9497965534624365,9.0,0.6993282439655354,0.28678241841818386,0.6993282439655354,30.2,0.9266248613592741,0.11061707492779857,0.9266248613592741,54.9,0.9369422106520815,0.10182242134589155,0.9369422106520815
25.1,0.9491938988549024,0.08624479217552179,0.9491938988549024,1445.0,0.8936350630909482,0.16378758087470166,0.8936350630909482,20.0,0.9459811036897727,0.08918951097187265,0.9459811036897727,5.5,0.9658032734890124,0.059509110102408475,0.9658032734890124,11.83,0.9500503142196344,0.0873949749939804,0.9500503142196344,19.0,0.7002533881455492,0.2867940583933276,0.7002533881455492,31.0,0.9262229113557445,0.11080693929804716,0.9262229113557445,68.2,0.9378031508415136,0.10083169062669803,0.9378031508415136
69.8,0.949450864118186,0.08599395951134263,0.949450864118186,1928.0,0.8944474941512789,0.16309847930711083,0.8944474941512789,63.0,0.9462209321578365,0.0888710031406574,0.9462209321578365,1.6,0.9656538649513899,0.05976194952373266,0.9656538649513899,21.46,0.9500294587103189,0.08741426291653527,0.9500294587103189,33.0,0.7009500765981002,0.2868961767240059,0.7009500765981002,33.7,0.9259568287704826,0.11089994590070029,0.9259568287704826,67.5,0.9383774531619847,0.10037309064472022,0.9383774531619847
20.8,0.9496663536575434,0.08569861578691487,0.9496663536575434,2071.0,0.8943986450873979,0.16316779104385737,0.8943986450873979,52.0,0.9462697812217177,0.08879283563878979,0.9462697812217177,2.3,0.9660334607387384,0.05924389508588763,0.9660334607387384,10.15,0.9502479101909103,0.08707915241353921,0.9502479101909103,36.0,0.6995149197274849,0.2874728111731544,0.6995149197274849,31.4,0.9258009110783011,0.11106237873284457,0.9258009110783011,63.5,0.9388641463547932,0.09972114311743914,0.9388641463547932
57.6,0.9500142957423169,0.08515502073810292,0.9500142957423169,1862.0,0.8950227013261333,0.16212970960385265,0.8950227013261333,19.0,0.9463498992517659,0.08870423977762767,0.9463498992517659,-1.6,0.9662931424107468,0.05878999102652601,0.9662931424107468,16.04,0.9508210700719842,0.0859672853556439,0.9508210700719842,40.0,0.6982309650747112,0.28781753436234364,0.6982309650747112,31.8,0.9259135104197725,0.11093886347973081,0.9259135104197725,68.6,0.9390238567928088,0.09949495148731002,0.9390238567928088
52.5,0.950276587051775,0.08481189546516732,0.950276587051775,1345.0,0.8950812647614477,0.16208669922142743,0.8950812647614477,25.0,0.9464607606259002,0.0885523223896533,0.9464607606259002,3.9,0.9664528528487624,0.05854945011447351,0.9664528528487624,10.93,0.951825209031773,0.08362638819954238,0.951825209031773,45.0,0.6978672815500091,0.28771731833833153,0.6978672815500091,29.4,0.9262553982811222,0.11049539001027418,0.9262553982811222,67.8,0.9392423082734002,0.09916700096313634,0.9392423082734002
18.4,0.9503184054829404,0.08475001060022332,0.9503184054829404,1480.0,0.8950227013261332,0.1621297096038538,0.8950227013261332,51.0,0.9455124007674534,0.09081050130950247,0.9455124007674534,13.3,0.9661931711767541,0.059003499071181305,0.9661931711767541,3.99,0.9516725626072692,0.08400773319731693,0.9516725626072692,47.0,0.6974971379257602,0.28761565914047055,0.6974971379257602,21.2,0.926177018218411,0.11060187297465471,0.926177018218411,65.1,0.939415148576992,0.09881242771774902,0.939415148576992
18.4,0.9503771465255162,0.08464608525417035,0.9503771465255162,1534.0,0.8949641378908187,0.16217271296991714,0.8949641378908187,67.0,0.9454048106609964,0.09099144058770278,0.9454048106609964,0.8,0.9663007612832111,0.05881456912445323,0.9663007612832111,9.72,0.9519123910753329,0.08368573247963065,0.9519123910753329,47.0,0.6969405889377599,0.2874953314390862,0.6969405889377599,29.8,0.9263679976225936,0.11037173194566789,0.9263679976225936,75.3,0.939415148576992,0.09881242771774902,0.939415148576992
19.2,0.9502888861127511,0.08475133609203482,0.9502888861127511,1552.0,0.8949469674774195,0.1621838963502232,0.8949469674774195,57.0,0.944737436071551,0.09218812555954947,0.944737436071551,2.3,0.9662589428520456,0.0588787416185456,0.9662589428520456,5.93,0.9520474532581986,0.08353261653330747,0.9520474532581986,47.0,0.6965624877707677,0.2873916449506756,0.6965624877707677,27.8,0.9264417091254337,0.11023336350280846,0.9264417091254337,70.2,0.9398900438427102,0.09784444615240336,0.9398900438427102
82.4,0.9501640640684401,0.08490652741864137,0.9501640640684401,1593.0,0.8945068174305687,0.16237489202794772,0.8945068174305687,24.0,0.944985109224529,0.09182206496706373,0.944985109224529,-4.7,0.9662589428520456,0.0588787416185456,0.9662589428520456,20.67,0.9522992284834544,0.08293301350667162,0.9522992284834544,48.0,0.6961777675662398,0.287286518293105,0.6961777675662398,34.1,0.9265408379261855,0.11002461225449348,0.9265408379261855,65.9,0.9402379859274839,0.09731159110156727,0.9402379859274839
38.0,0.9499506218228632,0.08517088696347891,0.9499506218228632,1594.0,0.8930330711878339,0.16468658100633532,0.8930330711878339,26.0,0.9450959705986635,0.09167076240404723,0.9450959705986635,3.1,0.9660776412427485,0.05921659548806084,0.9660776412427485,14.18,0.9522626668519087,0.08298317361301602,0.9522626668519087,47.0,0.6960433171928035,0.28729419896010167,0.6960433171928035,31.0,0.926763957966648,0.10965241328170675,0.926763957966648,75.3,0.9400885773898613,0.09755123566205628,0.9400885773898613
62.0,0.9497596424186804,0.08541309858075359,0.9497596424186804,1588.0,0.892403398360978,0.16548431481694711,0.892403398360978,52.0,0.9449558875521424,0.09185620971162746,0.9449558875521424,-0.8,0.9661264903066297,0.05913509767187069,0.9661264903066297,14.39,0.9523609314672644,0.0828569003280075,0.9523609314672644,51.0,0.6956845067200434,0.2876499483992079,0.6956845067200434,31.4,0.9270262492761062,0.10932578149908402,0.9270262492761062,67.8,0.9402158065164536,0.09736462303529723,0.9402158065164536
17.3,0.9501509342028638,0.08471603078058869,0.9501509342028638,1677.0,0.893141866779042,0.16436845851019244,0.893141866779042,20.0,0.9452772722079607,0.09134695865007247,0.9452772722079607,0.0,0.9660156289324953,0.059293974248463756,0.9660156289324953,4.56,0.9526663230507756,0.08251317180198478,0.9526663230507756,45.0,0.696406759648887,0.2869818113829042,0.696406759648887,22.0,0.9272885405855643,0.10899894732189894,0.9272885405855643,76.1,0.9403971081257508,0.0970437709885423,0.9403971081257508
41.2,0.949825447474768,0.0854579539059884,0.949825447474768,883.0,0.8942111913720171,0.163142142267033,0.8942111913720171,34.0,0.9451866047129142,0.09148612057420238,0.9451866047129142,0.0,0.965823149608768,0.05952519966321439,0.965823149608768,4.31,0.9526845679744692,0.08249784541136405,0.9526845679744692,26.0,0.6969841454547749,0.28672704182610975,0.6969841454547749,20.4,0.927317762257951,0.10896608839035792,0.927317762257951,63.9,0.9405219301700617,0.09689201620320209,0.9405219301700617
56.5,0.9495657658027596,0.08589628614363831,0.9495657658027596,2114.0,0.894536678100113,0.16247545733834215,0.894536678100113,75.0,0.9455588857263939,0.09092247574921963,0.9455588857263939,5.5,0.9656342174983659,0.05980139477934377,0.9656342174983659,17.36,0.9526845679744692,0.08249784541136405,0.9526845679744692,35.0,0.6967931660505924,0.28683873754905626,0.6967931660505924,34.1,0.9272270947629045,0.1091005472354917,0.9272270947629045,62.0,0.9406090504517832,0.09681028962903003,0.9406090504517832
81.2,0.9495414268740534,0.08592158132322922,0.9495414268740534,1842.0,0.8948846201848865,0.16199702783565162,0.8948846201848865,84.0,0.9454682182313475,0.09106172505859242,0.9454682182313475,-2.3,0.9657614466249582,0.059604030112418604,0.9657614466249582,20.26,0.9525573388478769,0.08268926577027963,0.9525573388478769,47.0,0.6968732840806405,0.28680094235281345,0.6968732840806405,34.1,0.9273153551756695,0.10900055493485722,0.9273153551756695,69.0,0.9403774691056155,0.09726767386346244,0.9403774691056155
100.0,0.9487823591518931,0.08690473431919185,0.9487823591518931,2515.0,0.8953595154506048,0.16111329069407004,0.8953595154506048,20.0,0.9453775507363009,0.09120094598867746,0.9453775507363009,0.8,0.96551377347198,0.059987450392177843,0.96551377347198,40.75,0.9523303273270768,0.08292062289762255,0.9523303273270768,56.0,0.6966633926402578,0.28687503691347865,0.6966633926402578,40.4,0.9269206113207955,0.10956547620069065,0.9269206113207955,63.9,0.9403286200417343,0.09734485709929704,0.9403286200417343
57.6,0.9484613267998591,0.08735020839523984,0.9484613267998591,1836.0,0.8958709723478687,0.16018487910662277,0.8958709723478687,19.0,0.9455334684284823,0.09103102053949348,0.9455334684284823,3.9,0.9653865443453877,0.06018470988464915,0.9653865443453877,15.25,0.9522502092970285,0.0830103598720511,0.9522502092970285,49.0,0.6965143497553439,0.2868852305689772,0.6965143497553439,31.4,0.9270872517962718,0.10935887660784813,0.9270872517962718,69.0,0.9406500046975527,0.0968402814606129,0.9406500046975527
17.6,0.9484613267998591,0.08735020839523984,0.9484613267998591,1527.0,0.8961601484421593,0.15990120365276117,0.8961601484421593,54.0,0.9458166152472559,0.09067225291391692,0.9458166152472559,0.0,0.9657453548181479,0.05950763777698341,0.9657453548181479,4.12,0.9523589559154958,0.0829298803271855,0.9523589559154958,36.0,0.6973583492200625,0.28694914129697763,0.6973583492200625,21.6,0.9276501495438698,0.10900403565686566,0.9276501495438698,62.7,0.9413255546997722,0.09619985210043754,0.9413255546997722
76.5,0.9484978884314049,0.08730044234517761,0.9484978884314049,1818.0,0.8965192722123015,0.15977031085204044,0.8965192722123015,21.0,0.9460683904725117,0.09007876368483315,0.9460683904725117,-3.1,0.9659561508497273,0.05927993303435499,0.9659561508497273,22.71,0.9527081983323027,0.08255553191056803,0.9527081983323027,33.0,0.6975743841622957,0.286923586452348,0.6975743841622957,34.5,0.9285668277123411,0.10801913825891107,0.9285668277123411,67.1,0.9413255546997722,0.09619985210043754,0.9413255546997722
63.9,0.9487783188414538,0.08675776023402458,0.9487783188414538,1601.0,0.8968266961979433,0.15950600258893638,0.8968266961979433,27.0,0.9462543606416799,0.08978668198830748,0.9462543606416799,3.1,0.9661421210188954,0.058975046311609346,0.9661421210188954,15.48,0.9529397796784704,0.08208795146501603,0.9529397796784704,27.0,0.6968996153627476,0.2871069758108813,0.6968996153627476,31.4,0.928925638185101,0.1073881036804767,0.928925638185101,67.5,0.9413744037636533,0.09612251690374014,0.9413744037636533
35.7,0.9490380005134622,0.08632006615009366,0.9490380005134622,792.0,0.896961758380809,0.15937458084694914,0.896961758380809,52.0,0.9461434992675454,0.08993841710301224,0.9461434992675454,3.9,0.9664447308399744,0.05857990123587771,0.9664447308399744,3.89,0.9529397796784704,0.08208795146501666,0.9529397796784704,29.0,0.6963407597898573,0.2873616319408041,0.6963407597898573,20.0,0.9281957298072456,0.10926068174146623,0.9281957298072456,62.7,0.9414819938701104,0.09594302381784527,0.9414819938701104
19.6,0.9489107713868699,0.08651015679489077,0.9489107713868699,2206.0,0.898071262546013,0.1571748266197043,0.898071262546013,68.0,0.9458212504263311,0.09053981273647942,0.9458212504263311,3.1,0.9669196261056927,0.05756147902936858,0.9669196261056927,6.46,0.9529397796784704,0.08208795146501603,0.9529397796784704,46.0,0.6966826476512068,0.28713835104806973,0.6966826476512068,23.9,0.9281957298072456,0.10926068174146623,0.9281957298072456,63.1,0.9415702542828756,0.09583994406548005,0.9415702542828756
19.6,0.948394124451578,0.08719805756227483,0.948394124451578,1956.0,0.8984508583333614,0.1567376004054106,0.8984508583333614,19.0,0.9455290874428995,0.0910154743638996,0.9455290874428995,-0.8,0.9665283343215093,0.058283063940828786,0.9665283343215093,5.59,0.9529397796784704,0.08208795146501666,0.9529397796784704,57.0,0.6966826476512068,0.28713835104806973,0.6966826476512068,27.23618212807402,0.9278748750624731,0.1096364892081968,0.9278748750624731,61.2,0.9421398607872151,0.094980818616553,0.9421398607872151
19.2,0.9481049483572873,0.08752629099283317,0.9481049483572873,1945.0,0.8989213360369492,0.15615861445908202,0.8989213360369492,22.0,0.9458212504263311,0.09053981273647942,0.9458212504263311,3.1,0.9671957089109547,0.05703241599831585,0.9671957089109547,5.6,0.9529397796784704,0.08208795146501666,0.9529397796784704,49.0,0.6966826476512068,0.28713835104806973,0.6966826476512068,23.9,0.9276432937163054,0.11008382867638088,0.9276432937163054,63.1,0.9427395780972441,0.09385523496057856,0.9427395780972441
34.1,0.9488348567351428,0.08559320071795362,0.9488348567351428,822.0,0.8993642714694009,0.15568140577669817,0.8993642714694009,31.0,0.9462745577165198,0.08990243509648554,0.9462745577165198,3.1,0.9674188289514173,0.05662938896906903,0.9674188289514173,3.82,0.952790371140848,0.08233363583712784,0.952790371140848,24.0,0.6969224761192706,0.2869859509776702,0.6969224761192706,27.23618212807402,0.9272227802597353,0.11078480328996723,0.9272227802597353,55.7,0.9429285102076466,0.09359297314616491,0.9429285102076466
37.3,0.9490482989807196,0.08532929158311761,0.9490482989807196,789.0,0.8991341941867016,0.15582365405128876,0.8991341941867016,65.0,0.9462563127928263,0.08991749426441575,0.9462563127928263,-9.4,0.967269420413795,0.05688312691575989,0.967269420413795,3.94,0.9529813505450306,0.08208992478471833,0.9529813505450306,28.0,0.697196706701204,0.28678763883374997,0.697196706701204,20.0,0.9275436350045078,0.11040971050096816,0.9275436350045078,56.9,0.9429902131914564,0.09351841271669191,0.9429902131914564
100.0,0.9487064111193703,0.08579473128805035,0.9487064111193703,1610.0,0.8993693063652278,0.15565420887231426,0.8993693063652278,85.0,0.9455713515329849,0.0906879528464069,0.9455713515329849,2.3,0.9674188289514173,0.05662938896906903,0.9674188289514173,26.0,0.9532044705854932,0.08169907569032069,0.9532044705854932,45.0,0.6972831617608287,0.2867666154398788,0.6972831617608287,37.3,0.9278691217326038,0.10969533220400947,0.9278691217326038,59.6,0.9429483947602909,0.09357937375699504,0.9429483947602909
100.0,0.9483300536923084,0.08608552788179065,0.9483300536923084,2388.0,0.899310565322652,0.15574734074613833,0.899310565322652,74.0,0.945037160365738,0.09152477832259404,0.945037160365738,0.6281970010971596,0.9671957089109547,0.057032415998315204,0.9671957089109547,38.22,0.9529860191049018,0.08203658645604048,0.9529860191049018,52.0,0.6972831617608287,0.2867666154398788,0.6972831617608287,39.6,0.9276556794870267,0.10994687912050616,0.9276556794870267,63.9,0.9427817542848146,0.09379296421307493,0.9427817542848146
100.0,0.9478344986551637,0.08653186839160755,0.9478344986551637,1801.0,0.8992123007072963,0.1558576342908558,0.8992123007072963,76.0,0.9448877518281157,0.09176671862574982,0.9448877518281157,2.3,0.9671957089109547,0.05703241599831585,0.9671957089109547,27.8,0.9528248747981447,0.08220068268349673,0.9528248747981447,60.0,0.6972831617608287,0.2867666154398788,0.6972831617608287,37.3,0.9276556794870267,0.10994687912050616,0.9276556794870267,60.4,0.9427817542848146,0.09379296421307493,0.9427817542848146
74.9,0.9477607871523237,0.08667567592434894,0.9477607871523237,2032.0,0.8993442233416666,0.15574771996026712,0.8993442233416666,27.0,0.9449614633309558,0.09162378508351558,0.9449614633309558,-3.9,0.9669772574303633,0.05738099888502588,0.9669772574303633,20.42,0.952440647027473,0.08305000248610035,0.952440647027473,52.0,0.6967057759549407,0.28702166546348384,0.6967057759549407,27.1,0.9272968690142667,0.11057594742909513,0.9272968690142667,67.1,0.94282357271598,0.09373202488654549,0.94282357271598
31.0,0.9476917442093545,0.086766445811186,0.9476917442093545,854.0,0.8992705118388264,0.15587778971045402,0.8992705118388264,33.0,0.9446392144897415,0.0922237777846814,0.9446392144897415,0.8,0.9670763862311151,0.05715668633446776,0.9670763862311151,3.26,0.952440647027473,0.08305000248610035,0.952440647027473,17.0,0.6965931766134691,0.2870783646131648,0.6965931766134691,19.2,0.9271618068314009,0.11072051890139596,0.9271618068314009,58.4,0.9426376025468118,0.09402214097505797,0.9426376025468118
43.1,0.9474825848390686,0.0869502688467369,0.9474825848390686,858.0,0.8992705118388264,0.15587778971045463,0.8992705118388264,30.0,0.9447175945524526,0.09211327800144448,0.9447175945524526,2.3,0.967183976337572,0.05696736623329691,0.967183976337572,9.94,0.9522496676232903,0.08329336404789185,0.9522496676232903,20.0,0.6966608338928854,0.2870528881363937,0.6966608338928854,29.0,0.9271618068314009,0.11072051890139596,0.9271618068314009,55.3,0.942661941475518,0.09399727100325628,0.942661941475518
41.2,0.9474825848390686,0.0869502688467369,0.9474825848390686,1745.0,0.899522157840357,0.15568439209634893,0.899522157840357,72.0,0.9444944745119902,0.09249784465450246,0.9444944745119902,-2.3,0.9668918133541404,0.057465165726855165,0.9668918133541404,15.76,0.9518773866098107,0.0838644863198664,0.9518773866098107,34.0,0.6968583386021208,0.2870272994195023,0.6968583386021208,31.8,0.927210655895282,0.11064526369595165,0.927210655895282,72.5,0.9430566853303922,0.09341466961745713,0.9430566853303922
78.0,0.9477141661852364,0.0864865473312426,0.9477141661852364,2291.0,0.899801092223709,0.15543322158797052,0.899801092223709,67.0,0.944414356481942,0.09258591552376476,0.944414356481942,-0.8,0.9668134332914293,0.05758142272583261,0.9668134332914293,27.91,0.9520098391552266,0.0836155926437668,0.9520098391552266,55.0,0.6974842583377878,0.2868847867669015,0.6974842583377878,35.7,0.9266959277303405,0.11143628209749484,0.9266959277303405,68.2,0.943155814131144,0.09319998778519645,0.943155814131144
75.7,0.9478132949859882,0.08626998394835522,0.9478132949859882,2739.0,0.8993366032481516,0.1556512503553793,0.8993366032481516,65.0,0.944546809027358,0.09234037984782335,0.944546809027358,3.9,0.9669994034605975,0.05727591850779594,0.9669994034605975,8.49,0.9520501576668475,0.08357899764839494,0.9520501576668475,59.0,0.6969151577772895,0.2867640937904018,0.6969151577772895,25.1,0.926867551544752,0.11124437247095989,0.926867551544752,67.8,0.9433417843003122,0.0929095297395846,0.9433417843003122
84.3,0.9478132949859882,0.0862699839483546,0.9478132949859882,1995.0,0.8991413409686779,0.15580017506166807,0.8991413409686779,75.0,0.9446459378281098,0.09212521508276209,0.9446459378281098,-6.2,0.967155321152779,0.057095957005632685,0.967155321152779,25.17,0.9522817390130153,0.08311201676495561,0.9522817390130153,63.0,0.696156876047763,0.28666827965081176,0.696156876047763,35.3,0.9273006283793048,0.11035608031267297,0.9273006283793048,66.3,0.9438532411975762,0.0918848042206029,0.9438532411975762
95.7,0.947744252043019,0.08636078911644378,0.947744252043019,2134.0,0.8991413409686779,0.15580017506166688,0.8991413409686779,74.0,0.9446459378281098,0.09212521508276209,0.9446459378281098,-7.0,0.9673784411932415,0.05669296255935293,0.9673784411932415,30.51,0.9521826102122636,0.08333001484927674,0.9521826102122636,66.0,0.6954488293088209,0.28655929069400427,0.6954488293088209,36.9,0.9276848561499766,0.10954227616593505,0.9276848561499766,64.7,0.9436935307595608,0.09211362070087721,0.9436935307595608
88.2,0.9477734737154057,0.08632635744273345,0.9477734737154057,2217.0,0.899302485275435,0.15566012635708917,0.899302485275435,78.0,0.9448319079972779,0.09183402861773411,0.9448319079972779,-1.6,0.9671971395839444,0.05703164317201834,0.9671971395839444,28.95,0.9521826102122636,0.08333001484927736,0.9521826102122636,67.0,0.6954488293088209,0.28655929069400427,0.6954488293088209,36.1,0.9281004555141663,0.10895853452559612,0.9281004555141663,67.1,0.9436134127295124,0.09220163618486235,0.9436134127295124
18.0,0.9478518537781169,0.08621495265363081,0.9478518537781169,1583.0,0.9001149163357657,0.1549574342429771,0.9001149163357657,56.0,0.9451210840915686,0.09150843100639214,0.9451210840915686,3.1,0.9671234280811042,0.057180909131306114,0.9671234280811042,17.89,0.9522244286434289,0.08326792582508916,0.9522244286434289,64.0,0.6962085068740764,0.2866560020060916,0.6962085068740764,32.9,0.9288391750716569,0.10832256403191429,0.9288391750716569,64.7,0.9442824793412966,0.09155736859844939,0.9442824793412966
67.8,0.9482486199788644,0.08570431895960172,0.9482486199788644,1765.0,0.9006990176402674,0.15460322368203747,0.9006990176402674,46.0,0.9453953146735019,0.09111294580698923,0.9453953146735019,-5.5,0.9672310181875611,0.05699158189813528,0.9672310181875611,17.09,0.952486719952887,0.08292337346717392,0.952486719952887,65.0,0.6975009797708496,0.2863160978001849,0.6975009797708496,32.5,0.929745525217373,0.10733754729302881,0.929745525217373,67.5,0.9450186266906065,0.09077112536375959,0.9450186266906065
18.0,0.9477371630816005,0.08673761540910052,0.9477371630816005,1759.0,0.9013196329281237,0.15419411283902337,0.9013196329281237,51.0,0.9449797153093124,0.09171721734050477,0.9449797153093124,1.6,0.9671752390862192,0.057058516554459676,0.9671752390862192,4.64,0.9525166736953706,0.08290202767986168,0.9525166736953706,64.0,0.6989446965455973,0.2857450301394056,0.6989446965455973,22.4,0.9299909452801818,0.10724707018046079,0.9299909452801818,67.1,0.9452659843537317,0.09050639425964288,0.9452659843537317
58.4,0.9478696156270165,0.08649030742249379,0.9478696156270165,1762.0,0.9019354086641672,0.15338577096391734,0.9019354086641672,19.0,0.9447937451401441,0.09200847801078682,0.9447937451401441,3.9,0.9673349495242347,0.05681745244623659,0.9673349495242347,15.34,0.9521956413433367,0.08335083580596202,0.9521956413433367,65.0,0.6997821950299098,0.28447045670401583,0.6997821950299098,31.4,0.9296575684862999,0.1075575167281737,0.9296575684862999,68.6,0.9454519545228999,0.09021467442033666,0.9454519545228999
18.4,0.9481617786104481,0.08601193488860613,0.9481617786104481,1715.0,0.9022833507489406,0.15289883843029844,0.9022833507489406,20.0,0.9446077749709759,0.09229961691372104,0.9446077749709759,0.0,0.9673641711966214,0.05678130763762397,0.9673641711966214,4.72,0.952289856051708,0.08325427497574836,0.952289856051708,49.0,0.7000137763760775,0.28420637951112765,0.7000137763760775,22.4,0.9297701678277713,0.10743295019755332,0.9297701678277713,63.1,0.9455136575067097,0.09013966125353241,0.9455136575067097
19.2,0.9483111871480705,0.08576814919989674,0.9483111871480705,1212.0,0.9023236692605616,0.15286763086893443,0.9023236692605616,31.0,0.9446077749709759,0.09229961691372042,0.9446077749709759,11.7,0.9672650423958696,0.05700572889931197,0.9672650423958696,3.54,0.9524711576610052,0.08292613791257708,0.9524711576610052,19.0,0.6998813238306616,0.28434415983960326,0.6998813238306616,18.8,0.929447918986557,0.10801680178480075,0.929447918986557,60.0,0.9455136575067097,0.09013966125353304,0.9455136575067097
41.6,0.9483111871480705,0.08576814919989674,0.9483111871480705,906.0,0.9022149226420946,0.15293443022385408,0.9022149226420946,84.0,0.9447831556654626,0.09211319309365117,0.9447831556654626,3.1,0.9673237834384456,0.05689808033544023,0.9673237834384456,10.45,0.9527188308139832,0.08255427905221471,0.9527188308139832,28.0,0.6999795205207695,0.2843132239822132,0.6999795205207695,29.8,0.9293206898599647,0.1081995152353323,0.9293206898599647,53.7,0.9453735744601887,0.0903254293814004,0.9453735744601887
20.8,0.9483802300910396,0.08567723904438511,0.9483802300910396,2053.0,0.9025175324631736,0.15259946810983518,0.9025175324631736,86.0,0.9444116935457458,0.09237520276896094,0.9444116935457458,5.5,0.9674229122391973,0.05667363370520812,0.9674229122391973,6.11,0.9530776412867433,0.0818951037366154,0.9530776412867433,39.0,0.7007349903815976,0.28440265033931295,0.7007349903815976,31.0,0.9295829811694228,0.10787140156895235,0.9295829811694228,61.6,0.945075004949549,0.09074616389074192,0.945075004949549
100.0,0.9484492730340085,0.08558631474298567,0.9484492730340085,2061.0,0.9030909266304096,0.15224386055302666,0.9030909266304096,86.0,0.9439708504886678,0.09271445839084548,0.9439708504886678,-5.5,0.9675957525427893,0.05629975306463668,0.9675957525427893,35.27,0.9532589428960404,0.08156641050955013,0.9532589428960404,50.0,0.7017009864048654,0.28438659263049393,0.7017009864048654,40.8,0.9294270634772415,0.10803512457294118,0.9294270634772415,60.8,0.9447945745395002,0.09128534307918452,0.9447945745395002
23.9,0.9485568631404656,0.0854041131290681,0.9485568631404656,1932.0,0.9032692413505656,0.15209078116174302,0.9032692413505656,20.0,0.9439091475048579,0.09278916163410206,0.9439091475048579,-2.3,0.9677066139169236,0.056140251339930225,0.9677066139169236,26.52,0.9531898999530715,0.08165815011634361,0.9531898999530715,47.0,0.701173500028873,0.2845913355499611,0.701173500028873,34.9,0.929192765722349,0.10830587075921065,0.929192765722349,62.7,0.9450100640788576,0.09099284619573764,0.9450100640788576
20.8,0.9493391823918255,0.08410860369306035,0.9493391823918255,855.0,0.9031026008750893,0.15228316514294948,0.9031026008750893,60.0,0.9442887432922062,0.09229712019896652,0.9442887432922062,-2.3,0.9679957900112142,0.055794762416668094,0.9679957900112142,4.41,0.9534925097741505,0.08127600052472078,0.9534925097741505,18.0,0.7012153184600385,0.28455989156522016,0.7012153184600385,21.6,0.9298483913574451,0.10741197217533072,0.9298483913574451,63.9,0.9451372932054499,0.0908042359243448,0.9451372932054499
100.0,0.9497114634053053,0.08353927458844533,0.9497114634053053,1943.0,0.9032008654904451,0.1521718585064352,0.9032008654904451,71.0,0.9442887432922062,0.09229712019896713,0.9442887432922062,3.9,0.9679957900112142,0.055794762416668094,0.9679957900112142,34.28,0.9537079993135078,0.08097816780615204,0.9537079993135078,34.0,0.7014776097694967,0.2843956876686145,0.7014776097694967,41.2,0.9303311766889496,0.10686613682157363,0.9303311766889496,61.6,0.9453282726096326,0.09056445981106902,0.9453282726096326
100.0,0.9497114634053053,0.08353927458844658,0.9497114634053053,1904.0,0.9036138471804132,0.15170738882146814,0.9036138471804132,20.0,0.9443671233549176,0.09218667317552288,0.9443671233549176,-2.3,0.9676747576591802,0.056260757516882795,0.9676747576591802,31.09,0.9540293839693261,0.08045996002648428,0.9540293839693261,44.0,0.7016370818684533,0.2843734539062363,0.7016370818684533,38.4,0.9305171468581178,0.10658286250486733,0.9305171468581178,61.2,0.945707868396981,0.09007067348650293,0.945707868396981
33.3,0.9503355196440407,0.08237104865299509,0.9503355196440407,828.0,0.9040887424461315,0.1508079594106582,0.9040887424461315,30.0,0.9444779847290521,0.09203552644241679,0.9444779847290521,-3.9,0.9676057147162112,0.056355867469141445,0.9676057147162112,4.91,0.9541618365147423,0.08020997836264249,0.9541618365147423,35.0,0.7022229038620135,0.28391717493936935,0.7022229038620135,22.0,0.9305171468581178,0.10658286250486733,0.9305171468581178,67.5,0.9459263198775725,0.08973788389316424,0.9459263198775725
35.3,0.950810414909759,0.08138244997209414,0.950810414909759,811.0,0.9040270394623217,0.15087501807574782,0.9040270394623217,33.0,0.9445268337929331,0.09195768350716811,0.9445268337929331,-9.4,0.9678777203971026,0.05602494853442369,0.9678777203971026,3.65,0.953803026041982,0.08087060762781971,0.953803026041982,29.0,0.7023039301387223,0.2838900866534277,0.7023039301387223,19.6,0.9305589652892832,0.1065233996457228,0.9305589652892832,54.9,0.9460046999402837,0.08962700674209642,0.9460046999402837
37.3,0.950853733260469,0.08134086395555652,0.950853733260469,801.0,0.9034879715760166,0.15140342015495353,0.9034879715760166,32.0,0.9447402760385101,0.09169658579143992,0.9447402760385101,-7.0,0.9676378919290387,0.05635990666471703,0.9676378919290387,4.1,0.9534611381806325,0.08134028552054247,0.9534611381806325,10.0,0.703038315840502,0.2839814826491102,0.703038315840502,20.4,0.9304180678191283,0.10662231746779771,0.9304180678191283,57.6,0.9464743806209334,0.08927555808861207,0.9464743806209334
35.7,0.9513074698664482,0.08095223909101698,0.9513074698664482,784.0,0.9031248122590311,0.15167056383201244,0.9031248122590311,35.0,0.9447402760385101,0.09169658579144242,0.9447402760385101,0.0,0.96771627199175,0.05624344363213357,0.96771627199175,4.0,0.9530406247240626,0.0820761960443087,0.9530406247240626,0.0,0.7034173574398463,0.2840808331642185,0.7034173574398463,20.0,0.9309549003548185,0.10626946551008222,0.9309549003548185,62.0,0.9467575274397071,0.08891585417422011,0.9467575274397071
41.2,0.9517163086049333,0.08061685495435769,0.9517163086049333,799.0,0.9029302820496543,0.15183401661556448,0.9029302820496543,47.0,0.9444192436864761,0.0921382819304851,0.9444192436864761,1.6,0.96771627199175,0.05624344363213357,0.96771627199175,4.38,0.9534319165082458,0.08137510849120569,0.9534319165082458,6.0,0.7039894039027231,0.28419350299583235,0.7039894039027231,20.8,0.9316721984206977,0.10563349797001584,0.9316721984206977,52.9,0.9468899799851231,0.08866913159347038,0.9468899799851231
16.5,0.9518271699790678,0.08046301662125283,0.9518271699790678,902.0,0.9034616099463653,0.15152303029221909,0.9034616099463653,39.0,0.9447402760385101,0.09169658579143992,0.9447402760385101,7.0,0.9674270958974593,0.05658868905710347,0.9674270958974593,4.0,0.9538524299648158,0.08063855701521018,0.9538524299648158,0.0,0.7050990740452424,0.284040441667075,0.7050990740452424,22.4,0.9317412413636668,0.10554587602944077,0.9317412413636668,60.4,0.9472812717693065,0.08797572753429062,0.9472812717693065
42.4,0.9522113977497393,0.07961324252039435,0.9522113977497393,816.0,0.9038412057337136,0.15108001130220164,0.9038412057337136,51.0,0.9447402760385101,0.09169658579144242,0.9447402760385101,-0.8,0.9674595772088826,0.05654567533002154,0.9674595772088826,4.73,0.9539600200712728,0.08045464916441122,0.9539600200712728,13.0,0.7069372011737873,0.28268795431798543,0.7069372011737873,20.8,0.9315696175492549,0.10574006067272837,0.9315696175492549,52.9,0.94800352469815,0.08672675800759067,0.94800352469815
58.4,0.9521207302546928,0.07975467071141588,0.9521207302546928,2314.0,0.9038412057337136,0.15108001130220164,0.9038412057337136,49.0,0.9446376951670676,0.0918064806783209,0.9446376951670676,-1.6,0.9677581467195223,0.05610308184708416,0.9677581467195223,20.08,0.9539600200712729,0.08045464916441124,0.9539600200712729,18.0,0.7078579911064597,0.28268473571962366,0.7078579911064597,33.3,0.9315939564779613,0.10571584620255667,0.9315939564779613,69.8,0.9485028204359721,0.08632543879938943,0.9485028204359721
20.8,0.9520470187518528,0.07989971401804324,0.9520470187518528,1504.0,0.904546288249158,0.14995659838900832,0.904546288249158,34.0,0.9446376951670676,0.0918064806783209,0.9446376951670676,3.1,0.9678069957834035,0.05602127470438375,0.9678069957834035,2.9,0.9539600200712728,0.08045464916441122,0.9539600200712728,10.0,0.7091361255330878,0.2823095859603612,0.7091361255330878,20.4,0.9315939564779613,0.10571584620255543,0.9315939564779613,68.2,0.9489584385060226,0.08597592343439746,0.9489584385060226
42.4,0.9518238987113904,0.08029046362218048,0.9518238987113904,791.0,0.9046989346736619,0.14960663269938623,0.9046989346736619,35.0,0.9445470276720211,0.09194549246970032,0.9445470276720211,-3.1,0.9680254472639949,0.055672063626501476,0.9680254472639949,4.58,0.9540187611138488,0.08035002104005207,0.9540187611138488,13.0,0.7105654330014195,0.28169660275805575,0.7105654330014195,20.8,0.9315939564779613,0.10571584620255543,0.9315939564779613,52.9,0.949338034293371,0.08547812749251288,0.949338034293371
30.2,0.9515434683013414,0.08083695807029324,0.9515434683013414,836.0,0.9049910976570934,0.14917290959199603,0.9049910976570934,32.0,0.9442548646885895,0.09242000286390276,0.9442548646885895,-11.7,0.9682409368033523,0.05536343713661586,0.9682409368033523,3.53,0.9539450496110087,0.0804953321040792,0.9539450496110087,15.0,0.7123976812575455,0.2803142962895141,0.7123976812575455,19.2,0.9314863663715044,0.10589209371727588,0.9314863663715044,59.6,0.9493745959249169,0.08542823712216696,0.9493745959249169
35.3,0.9514847272587655,0.08094125894367613,0.9514847272587655,828.0,0.9050601406000623,0.14909157340304893,0.9050601406000623,43.0,0.9443539934893412,0.09220491894602746,0.9443539934893412,-2.3,0.9682774984348982,0.055311286430705146,0.9682774984348982,3.46,0.9538125970655925,0.08074521228287329,0.9538125970655925,17.0,0.7131189369310191,0.2803906584093385,0.7131189369310191,19.6,0.9315647464342155,0.10578449707907936,0.9315647464342155,55.7,0.9493745959249169,0.08542823712216696,0.9493745959249169
55.7,0.9514847272587655,0.08094125894367739,0.9514847272587655,1464.0,0.9049864290972224,0.14922317375826283,0.9049864290972224,62.0,0.9443539934893412,0.09220491894602746,0.9443539934893412,-1.6,0.9682187573923223,0.055419144208728476,0.9682187573923223,11.91,0.9540260393111696,0.08047863260359202,0.9540260393111696,45.0,0.7131189369310191,0.2803906584093385,0.7131189369310191,28.6,0.9324440633496933,0.10366539932483723,0.9324440633496933,68.2,0.9493745959249169,0.08542823712216696,0.9493745959249169
45.9,0.9516119563853578,0.08074984524975706,0.9516119563853578,1500.0,0.9047562418474963,0.14944689373932205,0.9047562418474963,20.0,0.9445352950986384,0.09188149952589049,0.9445352950986384,5.5,0.9680576130855653,0.055590733883635945,0.9680576130855653,5.65,0.9542883306206278,0.08013257497133323,0.9542883306206278,44.0,0.7128854788870208,0.28042254888722007,0.7128854788870208,22.7,0.9327182939316266,0.10327950964108513,0.9327182939316266,69.8,0.949452975987628,0.08531654589868055,0.949452975987628
65.9,0.9515429134423886,0.08084146515496726,0.9515429134423886,1486.0,0.9045407523081389,0.14971119910757036,0.9045407523081389,44.0,0.9444080659720461,0.09206982896212991,0.9444080659720461,7.0,0.9678306015647653,0.05583284755286492,0.9678306015647653,3.43,0.9544284136671488,0.07994330786584655,0.9544284136671488,44.0,0.7127126385834288,0.2806374114681073,0.7127126385834288,20.8,0.9326276264365801,0.10341542814796237,0.9326276264365801,66.3,0.9493035674500055,0.0855607287456956,0.9493035674500055
51.8,0.9515917625062699,0.08076239435152027,0.9515917625062699,2350.0,0.9045115306357523,0.14974176382449642,0.9045115306357523,28.0,0.9447066354826856,0.09164985021154558,0.9447066354826856,0.8,0.9675683102553071,0.056191023704919074,0.9675683102553071,16.75,0.9553077305826267,0.07774360162770101,0.9553077305826267,48.0,0.7126135097826771,0.2807680032165274,0.7126135097826771,32.2,0.9326276264365801,0.10341542814796237,0.9326276264365801,72.2,0.9490558942970275,0.08593031569137151,0.9490558942970275
19.2,0.9517777326754381,0.08046658090982152,0.9517777326754381,2170.0,0.9048703411085123,0.1491458123062997,0.9048703411085123,29.0,0.9447066354826856,0.09164985021154558,0.9447066354826856,7.8,0.9677177187929296,0.05593709506338865,0.9677177187929296,6.19,0.955629979423841,0.07713124402230231,0.955629979423841,23.0,0.7130668170728657,0.28043360904336684,0.7130668170728657,23.9,0.9328899177460382,0.10308458484335357,0.9328899177460382,63.5,0.9491342743597386,0.08581870816037913,0.9491342743597386
47.8,0.9520374143474464,0.08002563714750026,0.9520374143474464,1583.0,0.9052122289698619,0.14872873292240127,0.9052122289698619,21.0,0.9449870658927346,0.09111083443869754,0.9449870658927346,-1.6,0.9680765292656897,0.055256705785045046,0.9680765292656897,21.2,0.955877652576819,0.0767565075804284,0.955877652576819,30.0,0.7143390127868542,0.2800423100588625,0.7143390127868542,33.7,0.9329636292488784,0.10294454330974465,0.9329636292488784,61.2,0.9490216750182672,0.08594896994405733,0.9490216750182672
93.7,0.9517151655062321,0.08063451623409303,0.9517151655062321,1951.0,0.9058651754828146,0.14824397314123916,0.9058651754828146,43.0,0.9448879370919828,0.09132619030104593,0.9448879370919828,-10.2,0.968243169741166,0.055029874371563314,0.968243169741166,27.62,0.9553337143681316,0.07784535602789103,0.9553337143681316,47.0,0.7161667728130126,0.2786393487485804,0.7161667728130126,36.5,0.9327776590797102,0.10322939965966817,0.9327776590797102,65.1,0.9490216750182673,0.08594896994405797,0.9490216750182673
23.1,0.9521865753204637,0.0798439241743961,0.9521865753204637,2256.0,0.9065124014614439,0.14775937107077977,0.9065124014614439,34.0,0.9448879370919828,0.09132619030104593,0.9448879370919828,7.0,0.9682849881723312,0.05496539341684414,0.9682849881723312,6.04,0.9554445757422662,0.07769054016916725,0.9554445757422662,52.0,0.7170771427384707,0.27861807804828237,0.7170771427384707,23.5,0.9331364695524704,0.1025932844959669,0.9331364695524704,74.5,0.9492754357754651,0.08564870152667062,0.9492754357754651
18.0,0.952335983858086,0.07959802117565376,0.952335983858086,1819.0,0.9073853738261218,0.1468482584710444,0.9073853738261218,22.0,0.9451801000754145,0.09085098533524141,0.9451801000754145,7.0,0.9683268066034966,0.05490090668720482,0.9683268066034966,4.95,0.9555365250802005,0.07761170253542868,0.9555365250802005,53.0,0.7170771427384707,0.27861807804828237,0.7170771427384707,23.9,0.93418741028236,0.10027150567164819,0.93418741028236,63.1,0.9501547526909428,0.08346694262823515,0.9501547526909428
33.7,0.952335983858086,0.07959802117565376,0.952335983858086,1758.0,0.907893581660731,0.1465361520411808,0.907893581660731,36.0,0.9456549953411327,0.08987245531713565,0.9456549953411327,3.9,0.9680952252573288,0.05538318007805853,0.9680952252573288,9.1,0.9558573798249729,0.07721171466228796,0.9558573798249729,52.0,0.7175688182630722,0.2787157281652466,0.7175688182630722,27.8,0.9343146394089522,0.10008660104034184,0.9343146394089522,73.7,0.9500556238901912,0.08368437802584533,0.9500556238901912
32.5,0.9525591038985486,0.07920687892168213,0.9525591038985486,1667.0,0.9080988962150668,0.14646696255463748,0.9080988962150668,19.0,0.9467267915803376,0.08748314351076376,0.9467267915803376,3.1,0.9679843638831944,0.055542837723498543,0.9679843638831944,8.07,0.955916120867549,0.07710665947570569,0.955916120867549,47.0,0.7180643733002169,0.2785359900276248,0.7180643733002169,26.7,0.9342657903450711,0.1001630738846416,0.9342657903450711,74.1,0.9501664852643256,0.0835311988460405,0.9501664852643256
18.0,0.9530124111887371,0.07855895382250715,0.9530124111887371,1510.0,0.9079683835631509,0.14652961320291347,0.9079683835631509,19.0,0.9469805523375355,0.0871841234838475,0.9469805523375355,3.1,0.9675372929976691,0.05633308882190648,0.9675372929976691,4.13,0.9558743024363835,0.077169287061382,0.9558743024363835,44.0,0.7178509310546399,0.2786673782509248,0.7178509310546399,21.6,0.9346605341999452,0.0995889688155337,0.9346605341999452,62.0,0.9504875176163596,0.08308352763844659,0.9504875176163596
34.1,0.953529058124029,0.07786256027432516,0.953529058124029,891.0,0.907674346340905,0.146713951248099,0.907674346340905,35.0,0.9473647801082072,0.08634173318921648,0.9473647801082072,-2.3,0.9675372929976691,0.05633308882190648,0.9675372929976691,3.89,0.9558743024363835,0.07716928706138454,0.9558743024363835,37.0,0.7171709525397252,0.27887904035379163,0.7171709525397252,19.6,0.9352170310342898,0.09889495544247184,0.9352170310342898,61.2,0.95018894810572,0.08350912149569777,0.95018894810572
39.2,0.9534924964924832,0.07791298779920755,0.9534924964924832,816.0,0.9074388483963666,0.14684276656413933,0.9074388483963666,32.0,0.9473647801082072,0.08634173318921648,0.9473647801082072,-4.7,0.9673513228285009,0.056638956481252764,0.9673513228285009,4.2,0.9556146207643752,0.07761295999028296,0.9556146207643752,0.0,0.7168067104621945,0.2788945331466667,0.7168067104621945,20.0,0.9346605341999452,0.0995889688155343,0.9346605341999452,52.9,0.9499734585663625,0.08380514572759196,0.9499734585663625
42.0,0.9531898866714043,0.0782962047038104,0.9531898866714043,788.0,0.906911362020374,0.14729873453382383,0.906911362020374,35.0,0.9472413437274491,0.08647180925726032,0.9472413437274491,-2.3,0.9670708924184521,0.05720199088131931,0.9670708924184521,4.43,0.9553628455391194,0.07821620516172888,0.9553628455391194,0.0,0.7160847406724489,0.2793923249696665,0.7160847406724489,20.8,0.933955451684501,0.10079546828618509,0.933955451684501,54.1,0.94984622943977,0.08399578339269521,0.94984622943977
42.0,0.9527026678702081,0.07874589275338065,0.9527026678702081,784.0,0.9064241432191779,0.1476855221211728,0.9064241432191779,36.0,0.9470015152593855,0.08679131666222052,0.9470015152593855,-4.7,0.9669802249234056,0.057347962253713226,0.9669802249234056,4.46,0.9542199554712957,0.08069842098614428,0.9542199554712957,0.0,0.7149418506046252,0.2808762942816165,0.7149418506046252,20.8,0.9336568821738612,0.10120707910453255,0.9336568821738612,53.3,0.9494514855848961,0.08458705647377862,0.9494514855848961
40.0,0.9522870685060183,0.07936084885408067,0.9522870685060183,811.0,0.9059770723336525,0.14837667148583847,0.9059770723336525,32.0,0.9469023864586337,0.08700762451009683,0.9469023864586337,1.6,0.9671074540499979,0.05714997775808813,0.9671074540499979,4.5,0.9538357610814198,0.08114408619446631,0.9538357610814198,0.0,0.7142367680891809,0.2815794076183091,0.7142367680891809,20.8,0.9326140973798862,0.10256959010113989,0.9326140973798862,54.1,0.9496243258884879,0.08422558116132095,0.9496243258884879
37.6,0.9522283274634424,0.0794653300894514,0.9522283274634424,803.0,0.9060762011344043,0.14817723140609468,0.9060762011344043,35.0,0.9468032576578819,0.08722388516636431,0.9468032576578819,1.6,0.9668843340095354,0.057552746524398755,0.9668843340095354,4.38,0.9535147287293857,0.08159418507693375,0.9535147287293857,0.0,0.7130682359181375,0.28183868735993867,0.7130682359181375,20.4,0.9323909773394238,0.10294616590698068,0.9323909773394238,55.7,0.9494749173508655,0.08446998457559551,0.9494749173508655
36.9,0.951848731676094,0.07996724697549608,0.951848731676094,803.0,0.9062256096720267,0.14795574666028735,0.9062256096720267,32.0,0.946370180823329,0.0881435952573434,0.946370180823329,1.6,0.9666735379779561,0.05778107152100422,0.9666735379779561,4.13,0.9530000005644443,0.08242677671345217,0.9530000005644443,0.0,0.7119718958235111,0.2820112451695076,0.7119718958235111,20.4,0.9325799094498259,0.10268903971259812,0.9325799094498259,57.3,0.9492275596877403,0.0847376778208099,0.9492275596877403
38.8,0.95127557179502,0.08108404142239704,0.95127557179502,796.0,0.906414541782429,0.14771640592162846,0.906414541782429,34.0,0.94630113788036,0.08823410631576413,0.94630113788036,-3.1,0.9667468971770119,0.05770063693017893,0.9667468971770119,4.44,0.9529511515005633,0.08250589148663919,0.9529511515005633,0.0,0.7105485574471124,0.2826289804719664,0.7105485574471124,20.8,0.9327708888540085,0.10245537333504118,0.9327708888540085,58.0,0.9486447124910975,0.08527810620091564,0.9486447124910975
40.4,0.9512267227311388,0.08116306667859362,0.9512267227311388,809.0,0.9077392590679376,0.14536821381856083,0.9077392590679376,33.0,0.9458262426146417,0.08921418914075445,0.9458262426146417,0.8,0.9668086001608218,0.057621596796424895,0.9668086001608218,4.28,0.9532930393619128,0.08203691411038695,0.9532930393619128,0.0,0.70912371530862,0.2832414954562416,0.70912371530862,20.4,0.9334138266397224,0.10156068754598777,0.9334138266397224,56.9,0.9482096501246023,0.08590433233252125,0.9482096501246023
38.0,0.9515071531411878,0.08061686609221613,0.9515071531411878,811.0,0.9084983267900979,0.1444825938920965,0.9084983267900979,33.0,0.9457645396308317,0.08928929137243763,0.9457645396308317,0.8,0.9670356116816218,0.05738018640901781,0.9670356116816218,4.31,0.9535916088725525,0.0816092981225422,0.9535916088725525,0.0,0.7084024596351465,0.2831594738116818,0.7084024596351465,20.4,0.9336846889938183,0.10131025326600361,0.9336846889938183,58.4,0.9477625792390773,0.08666305771705014,0.9477625792390773
40.0,0.9511483426684277,0.0812753351127501,0.9511483426684277,810.0,0.9087771430853464,0.144316519202867,0.9087771430853464,54.0,0.9464650643599181,0.08851185300440446,0.9464650643599181,3.1,0.9671089708806778,0.057299687998047945,0.9671089708806778,4.32,0.9537840881962797,0.08138576041772733,0.9537840881962797,11.0,0.708043957621755,0.283067036707825,0.708043957621755,20.4,0.9339198011723447,0.10111749845045938,0.9339198011723447,54.1,0.9477625792390773,0.08666305771705014,0.9477625792390773
21.6,0.951259204042562,0.08112167653713752,0.951259204042562,2812.0,0.9090711803075922,0.14413106616986196,0.9090711803075922,50.0,0.9465016259914639,0.08846225075759274,0.9465016259914639,-1.6,0.9670824134517224,0.05733047892067531,0.9670824134517224,6.92,0.9538577996991198,0.08124054478474142,0.9538577996991198,30.0,0.7076788564390099,0.28297324777665095,0.7076788564390099,25.1,0.9335609906995845,0.10175478102520231,0.9335609906995845,77.6,0.948134860252557,0.08609578675896946,0.948134860252557
19.6,0.9512004629999862,0.08122592568601672,0.9512004629999862,2433.0,0.9094191223923657,0.14363580806917042,0.9094191223923657,65.0,0.9463262452969773,0.08864975237630743,0.9463262452969773,5.5,0.9667992666329489,0.05770828486399347,0.9667992666329489,6.66,0.9535857940182283,0.08155901881247234,0.9535857940182283,45.0,0.706986544005942,0.28288089177944853,0.706986544005942,29.8,0.9328381879947262,0.10239660366849439,0.9328381879947262,64.3,0.9481348602525571,0.08609578675896948,0.9481348602525571
18.0,0.9511417219574103,0.08133016134045908,0.9511417219574103,2367.0,0.9094191223923658,0.14363580806917042,0.9094191223923658,31.0,0.946362806928523,0.0886001637352643,0.946362806928523,-1.6,0.9667992666329489,0.05770828486399347,0.9667992666329489,6.62,0.9536800087265999,0.0814621159284957,0.9536800087265999,48.0,0.7055542971760055,0.28348169453244587,0.7055542971760055,25.1,0.9327510677130048,0.1024769844924461,0.9327510677130048,76.5,0.9482424503590141,0.0859137097886283,0.9482424503590141
18.8,0.9508481950625811,0.08163291170756032,0.9508481950625811,2193.0,0.9096728831495636,0.14336612275855337,0.9096728831495636,22.0,0.9467046947898726,0.08813703982035911,0.9467046947898726,0.0,0.966226106751875,0.05885732866474514,0.966226106751875,6.25,0.9538397191646154,0.08122876647829214,0.9538397191646154,38.0,0.7055725420996991,0.2834765037743523,0.7055725420996991,24.7,0.9327510677130048,0.1024769844924461,0.9327510677130048,65.9,0.948350040465471,0.08573158928340828,0.948350040465471
41.6,0.9510601373886136,0.08139291768364086,0.9510601373886136,778.0,0.9095175970353527,0.14344239254480795,0.9095175970353527,36.0,0.9472162399561105,0.08768604150569392,0.9472162399561105,-1.6,0.9665515934799708,0.058092635766017205,0.9665515934799708,4.53,0.9534113762436411,0.0817683001536287,0.9534113762436411,25.0,0.7063582698495056,0.2835439614510992,0.7063582698495056,20.4,0.9327510677130048,0.10247698449244548,0.9327510677130048,60.4,0.9482716604027599,0.08584310007326364,0.9482716604027599
32.2,0.9515962052536908,0.08086643365342032,0.9515962052536908,793.0,0.9091968442208354,0.14375715737215156,0.9091968442208354,18.0,0.9479030775478612,0.08646567905661105,0.9479030775478612,1.6,0.966678822606563,0.0578948437323025,0.966678822606563,3.89,0.9531868922917807,0.08198005613216351,0.9531868922917807,21.0,0.7071216761111923,0.2836178067661355,0.7071216761111923,20.4,0.9325159555344783,0.10266909159122414,0.9325159555344783,62.4,0.9484210689403824,0.08559925639446128,0.9484210689403824
18.0,0.9522635798431363,0.07965218493102663,0.9522635798431363,1847.0,0.9087617818543404,0.14432602402587183,0.9087617818543404,48.0,0.9479030775478612,0.08646567905661105,0.9479030775478612,6.2,0.9664928524373949,0.058200120275158376,0.9664928524373949,4.97,0.9533814225011575,0.08178970650590488,0.9533814225011575,25.0,0.7078125151614598,0.28371031463418017,0.7078125151614598,22.7,0.9325577739656438,0.1026093049401875,0.9325577739656438,63.5,0.9484827719241923,0.08552367047707322,0.9484827719241923
20.0,0.9525232615151445,0.07921077165440575,0.9525232615151445,2320.0,0.9084029713815802,0.1449269501898462,0.9084029713815802,69.0,0.9475442670751011,0.0871192082820003,0.9475442670751011,-1.6,0.966814237093213,0.05766666707418773,0.966814237093213,6.28,0.9533814225011575,0.08178970650590488,0.9533814225011575,37.0,0.708696403559139,0.2837259683007141,0.708696403559139,23.9,0.931911254885514,0.10376116481294673,0.931911254885514,63.1,0.9483014703148951,0.0858498042327908,0.9483014703148951
81.6,0.9523372913459764,0.079507086659827,0.9523372913459764,2087.0,0.9082093457634001,0.14510785698607526,0.9082093457634001,62.0,0.947411814529685,0.08736633516055019,0.947411814529685,0.0,0.9669925518133693,0.057481242960164526,0.9669925518133693,25.53,0.9529684408111893,0.08231749558654711,0.9529684408111893,41.0,0.7094176592326124,0.28380836139812804,0.7094176592326124,34.9,0.9311093379883604,0.10454083077644803,0.9311093379883604,67.5,0.9482596518837297,0.08591149340233474,0.9482596518837297
100.0,0.9523372913459764,0.079507086659827,0.9523372913459764,1452.0,0.9083587543010224,0.14488523104964765,0.9083587543010224,64.0,0.947546876712551,0.08721458027200911,0.947546876712551,-0.8,0.9673134065581417,0.0570691606905754,0.9673134065581417,21.46,0.9525716746104417,0.082832438247526,0.9525716746104417,47.0,0.7094176592326124,0.28380836139812804,0.7094176592326124,34.9,0.9303021166433963,0.10532012763002058,0.9303021166433963,61.2,0.9480736817145615,0.08620502890722848,0.9480736817145615
76.9,0.952243076637605,0.07960402383024327,0.952243076637605,1572.0,0.9086797866530566,0.1444814750218466,0.9086797866530566,57.0,0.9479624760767406,0.0866064741791154,0.9479624760767406,-6.2,0.9675671673153396,0.05675465272153041,0.9675671673153396,17.78,0.9525960135391479,0.08280696938200056,0.9525960135391479,49.0,0.7094176592326124,0.28380836139812804,0.7094176592326124,32.5,0.9304371788262621,0.10517417346366544,0.9304371788262621,66.3,0.9482549833238587,0.08587904929164418,0.9482549833238587
18.4,0.9523214567003162,0.07949147321521574,0.9523214567003162,1647.0,0.9089820832926364,0.14435115326558629,0.9089820832926364,49.0,0.9479037350341647,0.08670998736376428,0.9479037350341647,-1.6,0.9676259083579155,0.05664695313061635,0.9676259083579155,4.5,0.9528204974910084,0.0825955634472662,0.9528204974910084,33.67243525896414,0.7104582736004331,0.28370144856398866,0.7104582736004331,22.0,0.9311119476258103,0.10463460579121565,0.9311119476258103,75.7,0.9490694118666693,0.0848744166274503,0.9490694118666693
72.9,0.9525516439500421,0.07923518819940747,0.9525516439500421,1490.0,0.9092417649646446,0.14395030197103903,0.9092417649646446,72.0,0.948053143571787,0.08646638541585475,0.948053143571787,5.5,0.9678602061128081,0.05635028868453132,0.9678602061128081,17.26,0.9524048981268186,0.08320892499521094,0.9524048981268186,45.0,0.7122860336265916,0.2823232999366541,0.7122860336265916,32.5,0.931070129194645,0.10469419450561845,0.931070129194645,67.1,0.9498765464357233,0.08387050751731606,0.9498765464357233
49.8,0.9527761279019026,0.0790229521796977,0.9527761279019026,1557.0,0.9088829544918846,0.1445517541145637,0.9088829544918846,59.0,0.9485678717367285,0.0856407697866248,0.9485678717367285,2.3,0.967918947155384,0.05624252984933242,0.967918947155384,8.56,0.9522382576513423,0.0834268024349304,0.9522382576513423,45.0,0.7130536828378368,0.2818337922035112,0.7130536828378368,22.4,0.9309104187566295,0.10491729015271932,0.9309104187566295,67.1,0.9500166294822444,0.08368277554573911,0.9500166294822444
15.7,0.9529009499462135,0.07886650223934148,0.9529009499462135,1541.0,0.9086598344514222,0.1449071739374218,0.9086598344514222,30.0,0.9481473582801586,0.08637062615400155,0.9481473582801586,2.3,0.9679806501391939,0.056163292020655495,0.9679806501391939,5.51,0.9521306675448852,0.08361000972179773,0.9521306675448852,45.0,0.7129554861477289,0.2818671237887005,0.7129554861477289,27.1,0.9308615696927482,0.10499319265884449,0.9308615696927482,73.7,0.9502482108284122,0.08321690409406601,0.9502482108284122
21.6,0.9529596909887894,0.07876190336939849,0.9529596909887894,1130.0,0.9085691669563757,0.14503490775782624,0.9085691669563757,35.0,0.9477885478073984,0.08702437670348061,0.9477885478073984,3.1,0.9679806501391939,0.056163292020655495,0.9679806501391939,3.6,0.9518092828890669,0.08412601452361199,0.9518092828890669,44.0,0.7133905485142238,0.28153855679929224,0.7133905485142238,18.8,0.9309033881239136,0.10493363283082675,0.9309033881239136,61.2,0.9503388783234586,0.08307611426943881,0.9503388783234586
41.2,0.9529331335598342,0.07879159929226497,0.9529331335598342,773.0,0.9084290839098544,0.14520388754326072,0.9084290839098544,28.0,0.9476484647608774,0.08721111648131127,0.9476484647608774,-1.6,0.9681157123220598,0.056003354143703735,0.9681157123220598,4.45,0.9515555221318691,0.08442761268835183,0.9515555221318691,38.0,0.7140164682498908,0.28137576523820085,0.7140164682498908,20.8,0.9309724310668828,0.1048460442069197,0.9309724310668828,56.9,0.9501478989192759,0.08331885986067557,0.9501478989192759
54.5,0.9518821928299446,0.08118819439320547,0.9518821928299446,2033.0,0.9088897616075765,0.144823566662546,0.9088897616075765,23.0,0.9472153879263244,0.08813172502081704,0.9472153879263244,3.1,0.9681157123220598,0.056003354143703735,0.9681157123220598,16.69,0.9516142631744451,0.08432351852961481,0.9516142631744451,41.0,0.7140164682498908,0.28137576523820085,0.7140164682498908,30.6,0.9314055079014356,0.10395038414443575,0.9314055079014356,69.8,0.9503338690884441,0.08302404347264068,0.9503338690884441
39.2,0.951348001662698,0.08203662109828123,0.951348001662698,791.0,0.9096435912566468,0.14365578481637692,0.9096435912566468,34.0,0.9472153879263244,0.08813172502081704,0.9472153879263244,-2.3,0.9685104561769339,0.05538743881655376,0.9685104561769339,4.17,0.9519397499025409,0.08357970041140346,0.9519397499025409,27.0,0.7140164682498908,0.28137576523820085,0.7140164682498908,20.4,0.9314055079014356,0.10395038414443575,0.9314055079014356,53.3,0.9503338690884441,0.08302404347264068,0.9503338690884441
35.3,0.9514752307892901,0.08184538450576115,0.9514752307892901,821.0,0.9106211727874803,0.1415142259179243,0.9106211727874803,33.0,0.9475741983990846,0.08747882898747478,0.9475741983990846,0.0,0.9685104561769339,0.05538743881655376,0.9685104561769339,3.63,0.9519397499025409,0.08357970041140472,0.9519397499025409,0.0,0.7132278188294595,0.28265063442291977,0.7132278188294595,19.6,0.9308615696927482,0.10499319265884449,0.9308615696927482,56.9,0.950260157585604,0.08316853776985512,0.950260157585604
42.0,0.9516278772137942,0.08146377724790031,0.9516278772137942,800.0,0.9111150454431062,0.1407732043366036,0.9111150454431062,35.0,0.9475154573565087,0.08758224129594012,0.9475154573565087,1.6,0.9679989992796698,0.05646079157612426,0.9679989992796698,4.56,0.9518810088599651,0.08368387963505111,0.9518810088599651,0.0,0.7121768780995699,0.2840922405503726,0.7121768780995699,20.8,0.9308615696927482,0.10499319265884449,0.9308615696927482,52.2,0.9503338690884441,0.08302404347264068,0.9503338690884441
39.2,0.9514550369102022,0.08182658159255693,0.9514550369102022,799.0,0.9117706710782025,0.13992304955545548,0.9117706710782025,33.0,0.9478409440846045,0.08684299423893699,0.9478409440846045,2.3,0.9678964184082273,0.05657761066745076,0.9678964184082273,4.22,0.9519298579238462,0.08360492365790496,0.9519298579238462,0.0,0.7118072762211715,0.2842930871236219,0.7118072762211715,20.4,0.9311212513647565,0.10456975419711216,0.9311212513647565,56.1,0.9508453259857083,0.08198566274175995,0.9508453259857083
36.9,0.9517354673202512,0.08128043402552317,0.9517354673202512,790.0,0.9125091394962667,0.13875641553700852,0.9125091394962667,31.0,0.9482356879394787,0.08625378261783283,0.9482356879394787,-1.6,0.967505126624044,0.05730036962467139,0.967505126624044,4.22,0.9518880394926809,0.08366697640674736,0.9518880394926809,0.0,0.7113942945312033,0.2845485883404536,0.7113942945312033,20.4,0.9311630697959219,0.10451015610582218,0.9311630697959219,59.6,0.9511932680704817,0.08143995651340201,0.9511932680704817
38.8,0.9521559807768211,0.08054527849984346,0.9521559807768211,800.0,0.9126951096654349,0.1384858923595065,0.9126951096654349,34.0,0.9488918848144939,0.0844635949529673,0.9488918848144939,-3.1,0.9673726740786279,0.05755729323278629,0.9673726740786279,4.42,0.9518880394926809,0.08366697640674736,0.9518880394926809,0.0,0.7105148943634918,0.28453600230264864,0.7105148943634918,20.4,0.931038247751611,0.10465912219704719,0.931038247751611,55.7,0.9515655490839614,0.08086834278310093,0.9515655490839614
36.5,0.952517331640476,0.08005878003843096,0.952517331640476,811.0,0.9124354279934265,0.1388901330343875,0.9124354279934265,34.0,0.9489407338783752,0.08438495405614468,0.9489407338783752,2.3,0.9673726740786279,0.05755729323278629,0.9673726740786279,4.33,0.9518189965497118,0.08375841470669594,0.9518189965497118,0.0,0.7092426986495034,0.28491179771099434,0.7092426986495034,20.4,0.9307759564421528,0.10498874987009525,0.9307759564421528,56.1,0.9516242901265373,0.08076402770060909,0.9516242901265373
40.0,0.952649784185892,0.07980917416689425,0.952649784185892,790.0,0.9128824988789518,0.13818837104685758,0.9128824988789518,32.0,0.9495138937594491,0.08327313284369016,0.9495138937594491,-2.3,0.9674215231425092,0.05747559436259872,0.9674215231425092,4.24,0.9518189965497118,0.08375841470669594,0.9518189965497118,0.0,0.7074119388108259,0.2862701723152203,0.7074119388108259,20.4,0.9302608980806203,0.1053050456005195,0.9302608980806203,58.8,0.9518716477896627,0.08049451449228683,0.9518716477896627
40.4,0.9528617265119246,0.07956825090528842,0.9528617265119246,817.0,0.913434934969892,0.13739742455322135,0.913434934969892,76.0,0.9494355136967378,0.08338500081655371,0.9494355136967378,3.1,0.967421523142509,0.057475594362598706,0.967421523142509,10.17,0.9519172611650676,0.08363228826348121,0.9519172611650676,8.0,0.7059841122044593,0.28686663485637437,0.7059841122044593,29.8,0.9298207480337692,0.1055366705658097,0.9298207480337692,54.1,0.9523908709094516,0.08003352447302228,0.9523908709094516
65.9,0.9528422635096193,0.07958552603996755,0.9528422635096193,1509.0,0.9138072159833718,0.13687388104886775,0.9138072159833718,19.0,0.9487793168217225,0.08517702720145687,0.9487793168217225,4.7,0.9675241040139516,0.05735893368536295,0.9675241040139516,20.99,0.9521742264283511,0.08337989712185497,0.9521742264283511,23.0,0.7045548047361279,0.2874578531379559,0.7045548047361279,34.1,0.9295198456013417,0.10565462091952048,0.9295198456013417,66.7,0.9527522217731066,0.07954669679765086,0.9527522217731066
75.3,0.9526757975229402,0.0796784939047582,0.9526757975229402,2361.0,0.9134458651197169,0.13731561282501628,0.9134458651197169,49.0,0.949616815306035,0.08305796722138603,0.949616815306035,-3.9,0.9678451363659857,0.05689338130509617,0.9678451363659857,30.5,0.9521742264283511,0.08337989712185621,0.9521742264283511,37.0,0.7035571007195486,0.2875078387834422,0.7035571007195486,36.1,0.9291993206055498,0.10578295354919369,0.9291993206055498,68.6,0.9525337702925151,0.07988452312885061,0.9525337702925151
56.5,0.9526354790113193,0.07971528267461597,0.9526354790113193,1785.0,0.9132967720719474,0.13744262799750848,0.9132967720719474,46.0,0.9502841898954805,0.08184801872701512,0.9502841898954805,2.3,0.9680849648340495,0.05655847766361431,0.9680849648340495,7.31,0.9522453202569697,0.08332136147981407,0.9522453202569697,35.0,0.7033041796732449,0.2875404548004739,0.7033041796732449,24.7,0.9295326973994319,0.10547206132387524,0.9295326973994319,66.7,0.952787531049713,0.07958135841824286,0.952787531049713
18.4,0.9527846399843366,0.07953339122737438,0.9527846399843366,1602.0,0.9137480375383805,0.13705912500439993,0.9137480375383805,21.0,0.9499587031673846,0.08259103641895217,0.9499587031673846,0.0,0.9681633448967606,0.05644197268630311,0.9681633448967606,4.4,0.9522807355940625,0.0832923503116916,0.9522807355940625,27.0,0.7039736440249823,0.2873498564010059,0.7039736440249823,22.0,0.9297272276088087,0.10529219163990668,0.9297272276088087,63.1,0.9530617616316464,0.07917880433406015,0.9530617616316464
38.4,0.9528463429681464,0.07945701361602449,0.9528463429681464,801.0,0.9144700073281262,0.1361729918666697,0.9144700073281262,42.0,0.9499587031673846,0.08259103641895217,0.9499587031673846,3.1,0.9681633448967606,0.05644197268630311,0.9681633448967606,4.24,0.9523617618707713,0.08321828002387067,0.9523617618707713,23.0,0.7047701582326807,0.28701861209712426,0.7047701582326807,20.0,0.9298254242989167,0.1052092237442394,0.9298254242989167,52.9,0.9529369395873354,0.07933524326513468,0.9529369395873354
21.2,0.9527062599216255,0.07964599950300615,0.9527062599216255,2107.0,0.9149503341718552,0.1357233982150058,0.9149503341718552,19.0,0.9503222797714078,0.0823262781169734,0.9503222797714078,-1.6,0.9678647753861209,0.05688466152308387,0.9678647753861209,6.08,0.952475439581448,0.0831044918054216,0.952475439581448,29.0,0.7050445208661081,0.2870215359866888,0.7050445208661081,26.7,0.9301095516118704,0.10495311586018785,0.9301095516118704,73.3,0.953235509097975,0.07890695968401366,0.953235509097975
19.2,0.952918202247658,0.07940502355665616,0.952918202247658,1506.438032627222,0.9155199406761949,0.13491670179189902,0.9155199406761949,35.0,0.9510982652186014,0.08133060161706701,0.9510982652186014,0.0,0.9679723654925779,0.05669514649780086,0.9679723654925779,3.59,0.9526909291208054,0.08280742959049098,0.9526909291208054,25.0,0.7060816951497328,0.2863280894766187,0.7060816951497328,20.4,0.9304891473992187,0.1044743282893853,0.9304891473992187,65.5,0.9531767680553992,0.07901158270146195,0.9531767680553992
36.1,0.953239234599692,0.07895450302729984,0.953239234599692,799.0,0.9160723767671353,0.1341210149937098,0.9160723767671353,30.0,0.9515921378742273,0.08051873218997106,0.9515921378742273,-9.4,0.9681217740302004,0.056441182399988875,0.9681217740302004,4.04,0.9524593477746377,0.0832747025892974,0.9524593477746377,0.0,0.7069563113639822,0.2856207451420388,0.7069563113639822,20.0,0.9311356664793486,0.10332494025876725,0.9311356664793486,56.5,0.9531030565525591,0.07915685804876896,0.9531030565525591
41.6,0.9534058750751683,0.07873558409882393,0.9534058750751683,800.0,0.9156881489964636,0.13491317562268032,0.9156881489964636,36.0,0.9517675185687139,0.08032850651288571,0.9517675185687139,1.6,0.968079955599035,0.056505587937637755,0.968079955599035,4.52,0.9526453179438059,0.08297908127173924,0.9526453179438059,0.0,0.7061676619435507,0.28687207886333427,0.7061676619435507,20.8,0.9322100211242108,0.10195901038934682,0.9322100211242108,53.3,0.953383486962608,0.0786088958027657,0.953383486962608
37.6,0.9532786459485759,0.07892766814785118,0.9532786459485759,806.0,0.9155562263620931,0.13502891238469233,0.9155562263620931,30.0,0.9522389283829454,0.07953771502552649,0.9522389283829454,-2.3,0.968079955599035,0.056505587937637755,0.968079955599035,4.29,0.9528259877118022,0.08281262728970888,0.9528259877118022,0.0,0.7061391723412611,0.28687675496043546,0.7061391723412611,20.4,0.9329538589890901,0.10131285004729058,0.9329538589890901,57.3,0.9530355448778344,0.07915702930278079,0.9530355448778344
38.8,0.9532228668472341,0.07899225815088025,0.9532228668472341,803.0,0.9162430639538438,0.13388914839762686,0.9162430639538438,32.0,0.9527103381971771,0.07874610117588626,0.9527103381971771,-2.3,0.9677877926156034,0.05700401995791049,0.9677877926156034,4.37,0.9531955895902006,0.08237835712539048,0.9531955895902006,0.0,0.706816123543323,0.2869766354123616,0.706816123543323,20.0,0.9338654188501725,0.10031461354864377,0.9338654188501725,58.8,0.9530355448778344,0.07915702930277953,0.9530355448778344
36.1,0.9538913872577275,0.07821283733626071,0.9538913872577275,806.0,0.9163567416645206,0.1337867300826181,0.9163567416645206,30.0,0.9526737765656312,0.07879644636466561,0.9526737765656312,-2.3,0.9675743503700263,0.05728013894939412,0.9675743503700263,4.19,0.9535009811737117,0.08203412758617797,0.9535009811737117,0.0,0.706816123543323,0.2869766354123616,0.706816123543323,20.4,0.9347717689958884,0.0993153594470721,0.9347717689958884,54.9,0.9537406273932788,0.07790681487624337,0.9537406273932788
34.1,0.9543700245698388,0.07776589235596301,0.9543700245698388,1506.438032627222,0.9163921570016134,0.13376100079219452,0.9163921570016134,31.0,0.9524582870262739,0.07909440981767389,0.9524582870262739,-1.6,0.9675275485999257,0.05732987698121668,0.9675275485999257,4.13,0.9535558595131098,0.08198778148505152,0.9535558595131098,0.0,0.706816123543323,0.2869766354123616,0.706816123543323,20.4,0.9350743788169674,0.09894731929382153,0.9350743788169674,57.6,0.9539003378312942,0.07767285350241858,0.9539003378312942
37.6,0.954728835042599,0.07710366710093769,0.954728835042599,795.0,0.9164705370643246,0.1336578223482562,0.9164705370643246,32.0,0.9525170280688497,0.07898987810893722,0.9525170280688497,-1.6,0.9673141063543486,0.05760584305722506,0.9673141063543486,4.28,0.9534064509754876,0.0822336570506893,0.9534064509754876,0.0,0.706816123543323,0.2869766354123616,0.706816123543323,20.4,0.9346796349620932,0.0995219867899319,0.9346796349620932,59.6,0.9539590788738701,0.07756806124077971,0.9539590788738701
35.3,0.9548782435802212,0.07685661202772757,0.9548782435802212,793.0,0.9162228639113466,0.13400005318778718,0.9162228639113466,31.0,0.9522854467226819,0.07945798658721678,0.9522854467226819,-2.3,0.9669930740023146,0.05807088274745045,0.9669930740023146,4.01,0.9533576019116065,0.08231281906571793,0.9533576019116065,0.0,0.706816123543323,0.2869766354123616,0.706816123543323,20.4,0.9337732848163773,0.10052092294913241,0.9337732848163773,55.3,0.9539590788738701,0.07756806124077971,0.9539590788738701
36.9,0.955262471350893,0.07600245606368788,0.955262471350893,797.0,0.9162228639113466,0.13400005318778718,0.9162228639113466,31.0,0.9518941549384986,0.08015893811928099,0.9518941549384986,2.3,0.9669930740023146,0.05807088274745045,0.9669930740023146,4.07,0.953548581315789,0.0820689391402325,0.953548581315789,0.0,0.706816123543323,0.2869766354123616,0.706816123543323,20.4,0.9333959161225417,0.10069985421148568,0.9333959161225417,55.3,0.9540699402480046,0.07741346191079077,0.9540699402480046
35.7,0.9554118798885154,0.07575507720360475,0.9554118798885154,803.0,0.9161863022798007,0.13404602916788788,0.9161863022798007,30.0,0.9519528959810745,0.0800545397914455,0.9519528959810745,-2.3,0.9668854838958575,0.05826004019449096,0.9668854838958575,4.11,0.9535067628846235,0.08213117725426862,0.9535067628846235,0.0,0.7057695704628627,0.28707192924026487,0.7057695704628627,20.0,0.9331154857124926,0.10122870805315998,0.9331154857124926,57.3,0.9538839700788364,0.07771065868222722,0.9538839700788364
34.9,0.955262471350893,0.07600245606368788,0.955262471350893,801.0,0.9160371413067835,0.13421108197895013,0.9160371413067835,31.0,0.9520604860875315,0.0798709683946709,0.9520604860875315,-1.6,0.9669846126966093,0.05803584016996423,0.9669846126966093,4.26,0.953569544237639,0.08207224705501107,0.953569544237639,0.0,0.704589098858182,0.28730406249136964,0.704589098858182,20.4,0.9332263470866271,0.10108069562305888,0.9332263470866271,58.4,0.9538839700788364,0.07771065868222722,0.9538839700788364
38.8,0.9555367019328264,0.07559771038237778,0.9555367019328264,793.0,0.9162555927873748,0.13390058381660366,0.9162555927873748,31.0,0.9522216303942884,0.07970663177706165,0.9522216303942884,-2.3,0.9672650431066583,0.057473100767870815,0.9672650431066583,4.24,0.9533912295174826,0.08225020197202614,0.9533912295174826,0.0,0.7031553933793965,0.2878894444580923,0.7031553933793965,20.4,0.9331754507289656,0.10113343547089218,0.9331754507289656,57.6,0.9535918070954048,0.07819478066893097,0.9535918070954048
31.4,0.9557989932422846,0.07524969513042366,0.9557989932422846,806.0,0.9169606753028192,0.13274531831289507,0.9169606753028192,32.0,0.952517869791302,0.07950190259658525,0.952517869791302,1.6,0.9669427942654439,0.05810009535943981,0.9669427942654439,4.0,0.9534988196239397,0.08206657370445802,0.9534988196239397,0.0,0.7019720117340371,0.2881147942216714,0.7019720117340371,20.0,0.9336901788939072,0.10033034403290864,0.9336901788939072,54.9,0.9535918070954048,0.07819478066893097,0.9535918070954048
58.0,0.9565492193517645,0.07425294527343847,0.9565492193517645,1103.0,0.9168916323598502,0.13282925203096344,0.9168916323598502,50.0,0.9520306509901058,0.07995060025837274,0.9520306509901058,3.1,0.9668027112189229,0.05829531468144054,0.9668027112189229,9.42,0.9540102765212038,0.08102392602603004,0.9540102765212038,13.0,0.7006880570812632,0.2884632600308591,0.7006880570812632,29.4,0.9337267405254528,0.10028196698637504,0.9337267405254528,62.7,0.9536336255265702,0.07813236373640638,0.9536336255265702
17.3,0.9574429738840395,0.07287328254735088,0.9574429738840395,1723.0,0.9165302814961952,0.133274434236944,0.9165302814961952,52.0,0.9515769143841266,0.08034005677090914,0.9515769143841266,3.9,0.9662168892253629,0.059214498548756184,0.9662168892253629,9.25,0.9542994526154943,0.08069134635035047,0.9542994526154943,30.0,0.7000038485607692,0.2883555556290815,0.7000038485607692,29.4,0.9341444277309094,0.10006771397289649,0.9341444277309094,76.9,0.9537737085730912,0.07794294878728565,0.9537737085730912
52.9,0.9578780362505346,0.07223427619326324,0.9578780362505346,3190.0,0.9160960622222449,0.13352633039831782,0.9160960622222449,49.0,0.9513172327121182,0.08078068026239103,0.9513172327121182,1.6,0.9661735708746529,0.059257867298087644,0.9661735708746529,20.95,0.9546790484028428,0.0801882617495823,0.9546790484028428,44.0,0.7000038485607692,0.2883555556290815,0.7000038485607692,29.8,0.9345360497116838,0.09987298239339527,0.9345360497116838,72.2,0.9542434353081637,0.07754490158010233,0.9542434353081637
20.0,0.9587573531660124,0.07001901883022403,0.9587573531660124,2333.0,0.915357593804181,0.13470265139728801,0.915357593804181,25.0,0.951243521209278,0.0809255112320211,0.951243521209278,3.1,0.9659846387642507,0.05953422336809899,0.9659846387642507,6.92,0.9550170735610144,0.07977572576055815,0.9550170735610144,41.0,0.7005132548586359,0.28847292436248095,0.7005132548586359,25.5,0.9346919674038653,0.09970679911204966,0.9346919674038653,63.5,0.9545265821269374,0.07717832857944604,0.9545265821269374
37.3,0.9587991715971779,0.06995587014933516,0.9587991715971779,798.0,0.9149245169696282,0.13556664209034744,0.9149245169696282,30.0,0.9511758639298619,0.08099260866696217,0.9511758639298619,-3.1,0.9658521862188347,0.05979041217561372,0.9658521862188347,4.14,0.9552305158065915,0.07950854724186705,0.9552305158065915,38.0,0.7015167791013608,0.28843003295416,0.7015167791013608,20.0,0.9347244487152884,0.0996668700230911,0.9347244487152884,51.4,0.9546002936297776,0.07703266520939556,0.9546002936297776
34.9,0.9590823184159515,0.06958508728462513,0.9590823184159515,803.0,0.9140870184853156,0.13755469711146093,0.9140870184853156,30.0,0.9511758639298619,0.08099260866696217,0.9511758639298619,-3.9,0.9663961244275221,0.05867844363934638,0.9663961244275221,3.97,0.9550954536237257,0.07966282327298725,0.9550954536237257,32.0,0.7026264492438802,0.28828735961857604,0.7026264492438802,20.0,0.9345843656687675,0.09984878368429621,0.9345843656687675,58.4,0.9546560727311194,0.07696785402649442,0.9546560727311194
36.9,0.9594917654512194,0.06920703201093194,0.9594917654512194,790.0,0.9139887538699599,0.13766931353817857,0.9139887538699599,29.0,0.9514156923979257,0.08067003783759687,0.9514156923979257,-4.7,0.9666596975798677,0.05838545571599526,0.9666596975798677,3.91,0.9548652663739996,0.07991979194818519,0.9548652663739996,18.0,0.703022980439041,0.28839112919885146,0.703022980439041,20.0,0.9347402833609488,0.099682586052774,0.9347402833609488,59.2,0.9546560727311194,0.07696785402649442,0.9546560727311194
16.1,0.9599073648154092,0.06858250531172888,0.9599073648154092,1860.0,0.9141414002944639,0.13731311753681494,0.9141414002944639,55.0,0.9508717541892383,0.08175115446891522,0.9508717541892383,3.1,0.966686255008823,0.05835470861225657,0.966686255008823,6.52,0.9545397796459039,0.08066731973270247,0.9545397796459039,29.0,0.7035806110547279,0.2885062304941137,0.7035806110547279,26.7,0.9347402833609487,0.0996825860527746,0.9347402833609487,76.1,0.9546268510587328,0.07700286072398121,0.9546268510587328
22.0,0.9598486237728331,0.06868856028014952,0.9598486237728331,2993.0,0.9144399698051037,0.1369232674076894,0.9144399698051037,56.0,0.9507316711427172,0.08193936221878502,0.9507316711427172,3.9,0.9666172120658539,0.05844956364012283,0.9666172120658539,8.2,0.9544707367029347,0.0807592635112886,0.9544707367029347,40.0,0.7046271641351882,0.28841600795980593,0.7046271641351882,27.1,0.9341561820564471,0.10009195424552232,0.9341561820564471,72.9,0.9544867680122118,0.0771926035497038,0.9544867680122118
38.8,0.96079698363128,0.06637157904483873,0.96079698363128,2087.0,0.9148008298799978,0.13674297113206405,0.9148008298799978,39.0,0.9507933741265272,0.08186332753613941,0.9507933741265272,0.8,0.9666590304970194,0.058385346896573286,0.9666590304970194,15.26,0.9544037446456153,0.08081211594696407,0.9544037446456153,43.0,0.7053026419544497,0.2885178380567066,0.7053026419544497,31.8,0.9337384948509906,0.10030620024391085,0.9337384948509906,74.9,0.9549486092315908,0.07679694044034993,0.9549486092315908
48.6,0.9605785321506887,0.06671556084885927,0.9605785321506887,2054.0,0.915326971344595,0.13637963778853057,0.915326971344595,48.0,0.9506609215811112,0.08211211748751715,0.9506609215811112,-0.8,0.9665189474504984,0.05858046264180908,0.9665189474504984,17.29,0.9542283639511286,0.08100286163666083,0.9542283639511286,46.0,0.7053026419544497,0.2885178380567066,0.7053026419544497,32.5,0.9328218166825194,0.10130534559917426,0.9328218166825194,73.7,0.9555517543751922,0.07615679448222538,0.9555517543751922
48.04087253229345,0.9604069083362768,0.06692387974881478,0.9604069083362768,2251.0,0.9160697494592192,0.1356563644593672,0.9160697494592192,23.0,0.9514984200654238,0.0799858608577903,0.9514984200654238,-6.2,0.9663329772813302,0.058885553080199056,0.9663329772813302,15.9,0.953831597750381,0.08151912259410511,0.953831597750381,48.0,0.704198821214214,0.2886661273012544,0.704198821214214,31.8,0.932665898990338,0.10147086250240167,0.932665898990338,72.2,0.9559971547452231,0.07576689958242375,0.9559971547452231
33.3,0.9606384896824447,0.06644842954672564,0.9606384896824447,2271.0,0.9160007065162501,0.13573997778620758,0.9160007065162501,33.0,0.9513659675200078,0.0802351135804258,0.9513659675200078,-3.1,0.9663064198523749,0.05891627318600925,0.9663064198523749,11.6,0.9540032215647926,0.0813150201101347,0.9540032215647926,46.0,0.7036951615636697,0.28882733980485553,0.7036951615636697,30.6,0.9327460170203863,0.10138484701161359,0.9327460170203863,74.9,0.9561687785596347,0.07556123461244864,0.9561687785596347
45.5,0.9610514713724129,0.06590900036179975,0.9610514713724129,2305.0,0.9157287008353586,0.13602774774606596,0.9157287008353586,46.0,0.9511343861738399,0.08070230667604059,0.9511343861738399,-4.7,0.9664172812265093,0.05875730136140412,0.9664172812265093,16.53,0.9542375193196851,0.08102897848924284,0.9542375193196851,50.0,0.7037977424351122,0.2887801487881167,0.7037977424351122,32.2,0.9329843980630588,0.10117437535101398,0.9329843980630588,74.1,0.9562105969908001,0.07549851532534503,0.9562105969908001
48.6,0.9610514713724129,0.06590900036179975,0.9610514713724129,1619.0,0.9156868824041934,0.13608476171512687,0.9156868824041934,20.0,0.9510352573730881,0.08092027236144073,0.9510352573730881,3.9,0.9669868877308488,0.057850641975230356,0.9669868877308488,12.26,0.9544530088590425,0.08073082863900458,0.9544530088590425,50.0,0.703765261123689,0.28879949300523866,0.703765261123689,30.2,0.9333054304150928,0.10074189756847104,0.9333054304150928,70.2,0.9563506800373213,0.07530814080744516,0.9563506800373213
62.4,0.9608625392620107,0.06618246032218489,0.9608625392620107,1769.0,0.9158535228796697,0.1358859719563661,0.9158535228796697,39.0,0.9509934389419228,0.08098237793358175,0.9509934389419228,-3.1,0.9673082723866671,0.057316780255107364,0.9673082723866671,17.35,0.9543205563136266,0.0809808211128272,0.9543205563136266,55.0,0.7037968378439157,0.28879302790976946,0.7037968378439157,32.5,0.9338168873123569,0.09973343786366196,0.9338168873123569,68.6,0.9562182274919052,0.07555942593159927,0.9562182274919052
36.9,0.9606736071516085,0.06645580764760894,0.9606736071516085,1873.0,0.9164083686196824,0.13546760254397353,0.9164083686196824,19.0,0.9516399580220527,0.07978854525991894,0.9516399580220527,-1.6,0.9675914192054407,0.056938643071925116,0.9675914192054407,12.13,0.9545548540685191,0.08069458903586636,0.9545548540685191,54.0,0.7042815233114565,0.28890524122049227,0.7042815233114565,30.2,0.9341391361535711,0.09914363308792401,0.9341391361535711,76.9,0.9563258175983622,0.07537444544822783,0.9563258175983622
56.5,0.9605241986139862,0.06670612551278424,0.9605241986139862,1830.0,0.9169608047106227,0.13467131829019593,0.9169608047106227,19.0,0.9518309374262354,0.07954465752093236,0.9518309374262354,4.7,0.9675914192054407,0.05693864307192383,0.9675914192054407,15.33,0.9547276943721109,0.08033030123898709,0.9547276943721109,55.0,0.7046529854311734,0.28883510463957784,0.7046529854311734,31.4,0.9341391361535711,0.09914363308792401,0.9341391361535711,69.0,0.9564582701437782,0.07512310407929787,0.9564582701437782
30.2,0.9603747900763638,0.06695636228923435,0.9603747900763638,1792.0,0.9169608047106227,0.13467131829019532,0.9169608047106227,23.0,0.9523248100818612,0.0787311713100202,0.9523248100818612,0.0,0.967809870686032,0.05658972250836584,0.967809870686032,4.44,0.954727694372111,0.08033030123898774,0.954727694372111,51.0,0.7047117264737492,0.28877823656155255,0.7047117264737492,22.4,0.9340973177224059,0.09920369186451015,0.9340973177224059,63.1,0.9563506800373213,0.07530814080744516,0.9563506800373213
46.7,0.9604335311189397,0.06685013863092018,0.9604335311189397,1650.0,0.9175046136955847,0.13402072799568898,0.9175046136955847,48.0,0.9524374094233327,0.07859953192943357,0.9524374094233327,4.7,0.9682046145409062,0.055974255269608614,0.9682046145409062,11.78,0.9549619921270035,0.0800437704766815,0.9549619921270035,50.0,0.7049042057974764,0.28867972901162864,0.7049042057974764,29.8,0.9341297990338291,0.09916377509302461,0.9341297990338291,71.4,0.9566986221220948,0.07475650033997458,0.9566986221220948
51.0,0.9600422393347563,0.06756278325526402,0.9600422393347563,1679.0,0.9176536647015753,0.1339348744161314,0.9176536647015753,43.0,0.9525001907763478,0.07854044715792582,0.9525001907763478,1.6,0.9687160714381703,0.054900404953824734,0.9687160714381703,5.49,0.9551479622961717,0.07974665802739157,0.9551479622961717,49.0,0.7052740054916555,0.28865808372270274,0.7052740054916555,22.7,0.9344511836896473,0.09866359039802339,0.9344511836896473,70.2,0.9567676650650638,0.0746638815199487,0.9567676650650638
67.8,0.9599989209840465,0.06760546411631843,0.9599989209840465,1728.0,0.9176364942881761,0.1339470255053428,0.9176364942881761,32.0,0.9525803088063962,0.07845030698221721,0.9525803088063962,-4.7,0.9691108152930444,0.05428363008412487,0.9691108152930444,17.94,0.9553795436423395,0.07927709679471043,0.9553795436423395,53.0,0.7067098808907163,0.28721423616110336,0.7067098808907163,32.5,0.9349225935038789,0.0978978897896766,0.9349225935038789,67.5,0.9569273755030794,0.07442855370218619,0.9569273755030794
37.3,0.9600457227541471,0.06755665737328442,0.9600457227541471,1858.0,0.9178148090083322,0.13378696504311594,0.9178148090083322,33.0,0.9526493517493653,0.07835840110445692,0.9526493517493653,-2.3,0.9691596643569256,0.05420160898042735,0.9691596643569256,12.63,0.9552523145157471,0.0794695498803628,0.9552523145157471,52.0,0.7075844971049657,0.286506729564444,0.7075844971049657,30.2,0.9350301836103359,0.09771998214357829,0.9350301836103359,76.1,0.9570521975473902,0.07427073289106793,0.9570521975473902
39.6,0.9597243380983289,0.06808279454619243,0.9597243380983289,1688.0,0.9176828863739618,0.13390322270078628,0.9176828863739618,48.0,0.9522651239786936,0.07920910186200672,0.9522651239786936,-1.6,0.9687683725727423,0.05492633059733333,0.9687683725727423,10.07,0.9555265450976805,0.07906580428666783,0.9555265450976805,51.0,0.7083668163563257,0.2858042712284644,0.7083668163563257,29.0,0.9351898940483513,0.0974945110406533,0.9351898940483513,73.3,0.9571846500928063,0.07401903204018455,0.9571846500928063
47.1,0.9596459580356178,0.06819725321407115,0.9596459580356178,1661.0,0.9180643066418465,0.13368409120469885,0.9180643066418465,47.0,0.952005442306685,0.07965038422887442,0.952005442306685,4.7,0.9685206994197642,0.055312235912818926,0.9685206994197642,12.92,0.9560014403633986,0.07806971722648384,0.9560014403633986,52.0,0.7088782732535897,0.28520317851686783,0.7088782732535897,30.6,0.9351898940483513,0.0974945110406533,0.9351898940483513,73.3,0.9572753175878529,0.07387622785844923,0.9572753175878529
17.6,0.9596459580356178,0.06819725321407115,0.9596459580356178,1689.0,0.9184945594366996,0.13340798086509123,0.9184945594366996,46.0,0.952061221408027,0.07958592708778607,0.952061221408027,-0.8,0.9683297200155815,0.055565734178024836,0.9683297200155815,7.09,0.9555265450976805,0.07906580428666783,0.9555265450976805,52.0,0.7097621616512688,0.28521965171557806,0.7097621616512688,27.1,0.9351898940483513,0.0974945110406533,0.9351898940483513,63.1,0.9575495481697861,0.07346992863910361,0.9575495481697861
18.0,0.9591988871500924,0.06897435448935263,0.9591988871500924,1673.0,0.9190774066333424,0.13291864379727536,0.9190774066333424,20.0,0.9522501535184293,0.07931787080880695,0.9522501535184293,5.5,0.9683884610581573,0.05545787216160571,0.9683884610581573,4.48,0.9554358776026339,0.07920782955035821,0.9554358776026339,49.0,0.7104471229111102,0.28486712407660636,0.7104471229111102,22.0,0.9348977310649198,0.09796201929347714,0.9348977310649198,63.1,0.9575495481697861,0.07346992863910361,0.9575495481697861
18.0,0.9589804356695011,0.06931712100376312,0.9589804356695011,1495.0,0.9195307139235309,0.13232267104296153,0.9195307139235309,21.0,0.9516036344382994,0.08051285856813153,0.9516036344382994,7.8,0.9680405189733841,0.056023850072937954,0.9680405189733841,7.46,0.955435877602634,0.07920782955035821,0.955435877602634,42.0,0.7105872059576314,0.2847736229415652,0.7105872059576314,25.9,0.9346500579119418,0.09832202807094802,0.9346500579119418,62.0,0.9576924475528495,0.07331901109872935,0.9576924475528495
33.7,0.9583563794307656,0.0705054557398457,0.9583563794307656,866.0,0.9193710034855154,0.13253775454820493,0.9193710034855154,32.0,0.9513638059702356,0.08083554078131178,0.9513638059702356,-3.1,0.967908066427968,0.056281099215790324,0.967908066427968,3.51,0.9553574975399228,0.07932081426851685,0.9553574975399228,20.0,0.7100996904170177,0.28485694346765805,0.7100996904170177,19.6,0.9348313595212387,0.09800348362633061,0.9348313595212387,61.2,0.95803100181844,0.0730586638325655,0.95803100181844
31.8,0.9579407800665758,0.07112804295605435,0.9579407800665758,816.0,0.9186695163885846,0.13342395581837524,0.9186695163885846,35.0,0.9511100452130378,0.08113785442859961,0.9511100452130378,4.7,0.967627636017919,0.05684458033377545,0.967627636017919,4.17,0.9553156791087575,0.07938330439104233,0.9553156791087575,0.0,0.7086580944836334,0.28631729598885675,0.7086580944836334,20.4,0.9344400677370556,0.09868261157383906,0.9344400677370556,54.5,0.9583341570423947,0.07283214032262085,0.9583341570423947
39.6,0.9576931069135978,0.07150512941840109,0.9576931069135978,818.0,0.9183975107076934,0.1337134847725319,0.9183975107076934,57.0,0.9505575364986123,0.08167050752704338,0.9505575364986123,2.3,0.966748319102441,0.05909350717824419,0.966748319102441,4.51,0.9553645281726386,0.07930381269107163,0.9553645281726386,2.0,0.7077834782693838,0.28702718569084834,0.7077834782693838,20.8,0.934599778175071,0.09845746834759707,0.934599778175071,52.5,0.9586038553359343,0.07263560026785139,0.9586038553359343
64.3,0.9576931069135978,0.07150512941840109,0.9576931069135978,2565.0,0.9179226154419751,0.13463848466852282,0.9179226154419751,55.0,0.9503177080305486,0.08199249820535169,0.9503177080305486,0.0,0.9665670174931438,0.059431503103023274,0.9665670174931438,25.21,0.9555876482131012,0.07891123972879512,0.9555876482131012,22.0,0.70686759972236,0.28837750930010314,0.70686759972236,34.9,0.9344725490484788,0.09864265951225146,0.9344725490484788,69.8,0.9588436838039979,0.07230810255399078,0.9588436838039979
70.2,0.9574588091587052,0.07179468098176642,0.9574588091587052,2412.0,0.9175971287138793,0.13533552812432886,0.9175971287138793,21.0,0.9504671165681711,0.0817474647890639,0.9504671165681711,-5.5,0.9661339406585909,0.060384521743848577,0.9661339406585909,26.11,0.9555066219363924,0.07898597402099362,0.9555066219363924,32.0,0.70686759972236,0.28837750930010314,0.70686759972236,34.9,0.9340222506423522,0.09888103677713489,0.9340222506423522,71.0,0.9587530163089514,0.07245131191393159,0.9587530163089514
17.3,0.9573804290959941,0.071908539287997,0.9573804290959941,1684.0,0.9175646474024559,0.13537333483573274,0.9175646474024559,65.0,0.950639956871763,0.08138505357958525,0.950639956871763,-1.6,0.9658941121905271,0.06071774397312657,0.9658941121905271,6.25,0.9557002475545725,0.07877910692380825,0.9557002475545725,36.0,0.70686759972236,0.28837750930010314,0.70686759972236,26.3,0.9345851483899503,0.09851623910658873,0.9345851483899503,75.7,0.9585776356144647,0.07264459145921741,0.9585776356144647
43.1,0.9575617307052912,0.071576330900539,0.9575617307052912,1920.0,0.9178700389859672,0.13506161804724565,0.9178700389859672,53.0,0.9510555562359526,0.08077216549411233,0.9510555562359526,3.1,0.9658941121905271,0.06071774397312657,0.9658941121905271,15.07,0.9558862177237407,0.07848149464875272,0.9558862177237407,42.0,0.70686759972236,0.28837750930010314,0.70686759972236,31.4,0.9347711185591185,0.09822981335249806,0.9347711185591185,73.7,0.9583621460751073,0.0729460050505972,0.9583621460751073
55.3,0.9576175098066332,0.07151097294531665,0.9576175098066332,2149.0,0.917691724265811,0.13522144364449346,0.917691724265811,23.0,0.9515994944446398,0.07969026201757849,0.9515994944446398,3.1,0.9658324092067173,0.06079650459168808,0.9658324092067173,18.46,0.9557368091861183,0.07872858195745472,0.9557368091861183,43.0,0.70686759972236,0.28837750930010314,0.70686759972236,32.5,0.934299708744887,0.0989952064491109,0.934299708744887,69.8,0.9589947131508376,0.07217404244334634,0.9589947131508376
20.4,0.9578651829596112,0.07113392067173484,0.9578651829596112,2085.0,0.9181267866323061,0.13464132238091783,0.9181267866323061,26.0,0.9512406839718797,0.08034915025200222,0.9512406839718797,1.6,0.9657187314960405,0.06091479060959199,0.9657187314960405,6.15,0.9557368091861183,0.07872858195745472,0.9557368091861183,31.0,0.7074707448659618,0.288113708782095,0.7074707448659618,24.7,0.9345312900910548,0.0985415164048795,0.9345312900910548,76.5,0.9591073124923091,0.07204058136199074,0.9591073124923091
40.8,0.9584347894639506,0.07024325523921274,0.9584347894639506,780.0,0.9182984104467177,0.1344559081115108,0.9182984104467177,62.0,0.9514123077862914,0.080145470775118,0.9514123077862914,2.3,0.9656570285122308,0.060993522927712165,0.9656570285122308,4.42,0.9556964906744974,0.07876555064522883,0.9556964906744974,25.0,0.7075955669102728,0.2880406792762193,0.7075955669102728,20.8,0.9344988087796315,0.09858147492440841,0.9344988087796315,54.1,0.9592982918964917,0.07179298718317505,0.9592982918964917
20.4,0.9585131695266618,0.07012912240652756,0.9585131695266618,2153.0,0.918620659287932,0.1338892396849385,0.918620659287932,34.0,0.9514906878490026,0.0800330743882802,0.9514906878490026,-1.6,0.9660517723671049,0.060381327182993584,0.9660517723671049,5.97,0.9558090900159689,0.07863338350905372,0.9558090900159689,39.0,0.7079165992623068,0.287816919313576,0.7079165992623068,27.5,0.934714298318989,0.09829430342331076,0.934714298318989,63.9,0.9592982918964917,0.07179298718317442,0.9592982918964917
19.2,0.9585131695266618,0.07012912240652756,0.9585131695266618,1982.0,0.9189128222713635,0.13344237022976163,0.9189128222713635,27.0,0.9510701743924326,0.08076789264826797,0.9510701743924326,0.0,0.9662652146126818,0.06010636757697701,0.9662652146126818,5.69,0.9559144552213841,0.07853291030259996,0.9559144552213841,35.0,0.7089537735459313,0.2871183869397935,0.7089537735459313,23.9,0.9350938941063375,0.09781001927105548,0.9350938941063375,63.1,0.9596705729099716,0.07121222014002859,0.9596705729099716
39.6,0.958562018590543,0.07004886590648961,0.958562018590543,798.0,0.9197669557927981,0.13219637562889014,0.9197669557927981,46.0,0.9516433342735066,0.07965116975890463,0.9516433342735066,-2.3,0.9664561940168644,0.05985435388793649,0.9664561940168644,4.38,0.9563495175878791,0.07789760527116707,0.9563495175878791,21.0,0.710389648944992,0.2856577926703478,0.710389648944992,20.4,0.9353965039274165,0.09744134303019258,0.9353965039274165,53.3,0.9595433437833794,0.07140670157035212,0.9595433437833794
100.0,0.9585985802220888,0.06999783864057078,0.9585985802220888,1262.0,0.9201353868156646,0.13188173121622715,0.9201353868156646,60.0,0.9517834173200277,0.07946242159599352,0.9517834173200277,-3.1,0.9669032649023898,0.05906667246970949,0.9669032649023898,20.31,0.956770031044449,0.07715705250742584,0.956770031044449,33.0,0.7116686868090011,0.2841802115038361,0.7116686868090011,35.7,0.9356561855994248,0.09701346107898898,0.9356561855994248,63.8636053593179,0.9596509338898364,0.07122055326453446,0.9596509338898364
58.0,0.9586278018944755,0.06996245319020311,0.9586278018944755,1756.0,0.9197811461682724,0.13226891307238503,0.9197811461682724,26.0,0.9523946670770289,0.0788231505358328,0.9523946670770289,3.1,0.9673383272688847,0.05841449172440109,0.9673383272688847,15.25,0.9568390739874181,0.07706459919933054,0.9568390739874181,35.0,0.7118115861920646,0.2841169536522203,0.7118115861920646,27.1,0.9355974445568488,0.09711483677500093,0.9355974445568488,69.4,0.9595184813444204,0.07147334170631102,0.9595184813444204
51.0,0.9590693412741721,0.06952641188978434,0.9590693412741721,1502.0,0.9197811461682724,0.13226891307238503,0.9197811461682724,51.0,0.9528118420514623,0.0784829364115873,0.9528118420514623,6.2,0.9673058459574615,0.05845743683340817,0.9673058459574615,5.43,0.9572086758658165,0.07662601041408329,0.9572086758658165,29.0,0.7126909031075426,0.2827719299658468,0.7126909031075426,22.7,0.935810886802426,0.09685777813795021,0.935810886802426,68.6,0.9593912522178281,0.07166775469371243,0.9593912522178281
21.6,0.9592359817496484,0.06930434780684529,0.9592359817496484,1312.0,0.9195334730152944,0.13261301502540843,0.9195334730152944,31.0,0.9534803624619557,0.0777035418581772,0.9534803624619557,7.0,0.9670166698631709,0.05880185965513155,0.9670166698631709,3.67,0.9571104112504608,0.07675365299272252,0.9571104112504608,17.0,0.7134498667070149,0.2828387145242403,0.7134498667070149,19.6,0.9360033661261531,0.09664216409494207,0.9360033661261531,71.4,0.9592640230912357,0.07186211360356741,0.9592640230912357
80.4,0.9591622702468081,0.06945137010402094,0.9591622702468081,1259.0,0.9196410631217513,0.13244247127120817,0.9196410631217513,71.0,0.9538391729347159,0.07704196475800844,0.9538391729347159,6.2,0.966695637511137,0.0592663474870013,0.966695637511137,15.26,0.9571104112504608,0.07675365299272252,0.9571104112504608,28.0,0.7142281897653776,0.2828968395717268,0.7142281897653776,32.5,0.9359708848147298,0.09668226225279111,0.9359708848147298,59.2,0.9591531617171013,0.07201829393935397,0.9591531617171013
85.9,0.9588701072633766,0.06994095031935729,0.9588701072633766,2099.0,0.9195503956267047,0.13257332522437823,0.9195503956267047,52.0,0.9534444290798417,0.07763889520757133,0.9534444290798417,3.1,0.9662485666256115,0.060053755607184685,0.9662485666256115,26.75,0.9566898977938908,0.07749467069741024,0.9566898977938908,45.0,0.7152184513072235,0.28282500882148887,0.7152184513072235,35.7,0.9358802173196832,0.09681936376044989,0.9358802173196832,67.1,0.9592557425885438,0.07190429018503611,0.9592557425885438
38.0,0.9586385259172089,0.07041462254939963,0.9586385259172089,2011.0,0.9196579857331618,0.1324027731170505,0.9196579857331618,21.0,0.9529973581943165,0.07840613301921752,0.9529973581943165,0.0,0.9658572748414284,0.06077379790083452,0.9658572748414284,7.51,0.956631156751315,0.07759979477121896,0.956631156751315,37.0,0.7170446997797052,0.2814251980553616,0.7170446997797052,25.9,0.9359708848147298,0.09668226225279111,0.9359708848147298,73.7,0.9594083890130477,0.07151776712102859,0.9594083890130477
42.0,0.9587122374200491,0.07026776042309762,0.9587122374200491,1777.0,0.919706834797043,0.13232937343840884,0.919706834797043,42.0,0.9530757382570276,0.07829338436176385,0.9530757382570276,0.0,0.9655949835319702,0.06112984000886136,0.9655949835319702,6.34,0.9568171269204833,0.0773016335542212,0.9568171269204833,36.0,0.7179901119102862,0.28138020298766586,0.7179901119102862,23.5,0.9360266639160718,0.09662006425561116,0.9360266639160718,72.5,0.9596315090535102,0.07112156570138083,0.9596315090535102
18.8,0.9589640126453048,0.06966016923299015,0.9589640126453048,1773.0,0.9198176961711774,0.13218758467328742,0.9198176961711774,56.0,0.9530391766254819,0.07834376854524447,0.9530391766254819,5.5,0.9657274360773861,0.06087390751321351,0.9657274360773861,4.89,0.9567927879917768,0.07732737402998886,0.9567927879917768,36.0,0.7192562455004735,0.28097910619858524,0.7192562455004735,22.7,0.9360266639160717,0.09662006425561051,0.9360266639160717,63.1,0.9599928599171651,0.07062722257577346,0.9599928599171651
19.6,0.959071602751762,0.06947394702274252,0.959071602751762,1818.0,0.9201777598547063,0.13197285088650793,0.9201777598547063,68.0,0.9529315865190249,0.07852771962594064,0.9529315865190249,-0.8,0.9656165747032517,0.061032513244046876,0.9656165747032517,4.47,0.9562585968245301,0.07818280465292311,0.9562585968245301,41.0,0.7199430830922242,0.28027225045305276,0.7199430830922242,21.6,0.9357729031588737,0.0969125227027621,0.9357729031588737,63.1,0.9601525703551806,0.07039034617492171,0.9601525703551806
82.0,0.9595830596490259,0.06841798042577275,0.9595830596490259,1342.0,0.9199461785085383,0.13241040122407247,0.9199461785085383,39.0,0.9528239964125679,0.07871162717175798,0.9528239964125679,-3.9,0.9658642478562297,0.06064931692511152,0.9658642478562297,16.86,0.9562585968245301,0.07818280465292501,0.9562585968245301,39.0,0.7206104576816696,0.279570277390011,0.7206104576816696,32.5,0.9357729031588738,0.09691252270276275,0.9357729031588738,63.5,0.9600967912538388,0.07045596428634975,0.9600967912538388
21.6,0.9598061796894883,0.06802098008002556,0.9598061796894883,909.0,0.9198555110134918,0.1325413104198908,0.9198555110134918,32.0,0.9527456163498567,0.07882430823874981,0.9527456163498567,-2.3,0.9663581205118557,0.059812973746491964,0.9663581205118557,4.41,0.9564080053621525,0.07793548375948604,0.9564080053621525,21.0,0.7205517166390938,0.27963025332512703,0.7205517166390938,18.8,0.9363969593976094,0.09577197237083036,0.9363969593976094,56.9,0.9599473827162164,0.07070549691677455,0.9599473827162164
28.2,0.9598061796894883,0.06802098008002556,0.9598061796894883,1948.0,0.9203422042063003,0.13192131991962552,0.9203422042063003,20.0,0.9528564777239911,0.07867007466355513,0.9528564777239911,0.0,0.9660326337837598,0.06057692625196465,0.9660326337837598,8.53,0.9567293900179707,0.07741463268763943,0.9567293900179707,44.0,0.7210956548477809,0.27898650124520685,0.7210956548477809,27.5,0.9369701192786832,0.0946831651136315,0.9369701192786832,74.5,0.9598149301708003,0.07095844059865371,0.9598149301708003
18.4,0.9601480675508379,0.06754304647564519,0.9601480675508379,2266.0,0.9202805012224903,0.1319912172714271,0.9202805012224903,19.0,0.9531441356319197,0.07846851742570915,0.9531441356319197,0.0,0.9656121203271899,0.06133252246608213,0.9656121203271899,6.58,0.957820649259481,0.07496356955785863,0.957820649259481,48.0,0.7215661325513688,0.27863788940063217,0.7215661325513688,25.1,0.9380394438716583,0.0932983634646372,0.9380394438716583,63.5,0.9599055976658468,0.0708149164447882,0.9599055976658468
32.5,0.9605811443853908,0.06659949505013042,0.9605811443853908,852.0,0.9212328011768323,0.13070530293767546,0.9212328011768323,32.0,0.953619030897638,0.07747481122514399,0.953619030897638,6.2,0.9653966307878324,0.06163891174637885,0.9653966307878324,3.88,0.9581625371208307,0.074489202736462,0.9581625371208307,21.0,0.7233877987952877,0.2772009466916839,0.7233877987952877,19.6,0.9389510037327409,0.09228582684090664,0.9389510037327409,52.2,0.9595833488246326,0.07143236745368425,0.9595833488246326
77.6,0.9604904768903443,0.06674352751832857,0.9604904768903443,1577.0,0.9225818448273827,0.12827927366793332,0.9225818448273827,19.0,0.9535453193947977,0.07762027843991288,0.9535453193947977,3.1,0.9650018869329583,0.062250144452261506,0.9650018869329583,18.22,0.9579107618955749,0.07509498647793375,0.9579107618955749,38.0,0.7241554480065328,0.2766889750873316,0.7241554480065328,32.9,0.9389021546688597,0.09236313683121171,0.9389021546688597,65.5,0.9597722809350347,0.07116033979886738,0.9597722809350347
51.8,0.9604612552179577,0.06677908793845189,0.9604612552179577,1263.0,0.9227937871534153,0.12805822671196954,0.9227937871534153,25.0,0.9538663517468319,0.07716882545535916,0.9538663517468319,3.1,0.9648746578063659,0.062446992644087346,0.9648746578063659,4.06,0.9585975994873255,0.07385040033756127,0.9585975994873255,35.0,0.7245396757772045,0.276164473134017,0.7245396757772045,20.0,0.9389021546688596,0.09236313683121171,0.9389021546688596,63.1,0.9599877704743924,0.07085803365959878,0.9599877704743924
65.5,0.9603261930350918,0.06693612172486929,0.9603261930350918,1139.0,0.9231417292381887,0.12754778238036124,0.9231417292381887,48.0,0.9541061802148957,0.07684426567969464,0.9541061802148957,3.9,0.9648746578063659,0.062446992644087346,0.9648746578063659,10.99,0.9590690093015573,0.07305018217700744,0.9590690093015573,35.0,0.72516373201594,0.2754690228817397,0.72516373201594,29.4,0.9394363458361064,0.09153289150409882,0.9394363458361064,63.9,0.9609919094341811,0.06847704672206206,0.9609919094341811
47.8,0.9603999045379319,0.06678871502563369,0.9603999045379319,1011.0,0.9234491532238305,0.12726169101957904,0.9234491532238305,33.0,0.9542490795979591,0.07669447513736437,0.9542490795979591,-2.3,0.9649872571478375,0.06231147463466918,0.9649872571478375,7.42,0.959300590647725,0.0725769184152926,0.959300590647725,21.0,0.7256440588596692,0.2752381878217578,0.7256440588596692,26.3,0.9395100573389467,0.09139084702693133,0.9395100573389467,63.9,0.9613141582753955,0.0678576283012394,0.9613141582753955
19.2,0.960468947480901,0.06669512344209698,0.960468947480901,1264.0,0.9237700079686029,0.12689416182085833,0.9237700079686029,54.0,0.9544651145401922,0.07655524196414747,0.9544651145401922,-1.6,0.9651120791921485,0.062150594519391325,0.9651120791921485,5.72,0.9593988552630807,0.07244851991936542,0.9593988552630807,31.0,0.7254468788347137,0.2752804969159429,0.7254468788347137,26.3,0.9397498858070104,0.09107538973081003,0.9397498858070104,69.8,0.9610664851224173,0.06823701491285857,0.9610664851224173
23.9,0.9606248651730823,0.06651803129689486,0.9606248651730823,1799.0,0.9234957773866695,0.12726875248151479,0.9234957773866695,31.0,0.9547636840508319,0.07612532251329915,0.9547636840508319,2.3,0.9650044890856914,0.06233890401045316,0.9650044890856914,5.36,0.959704246846592,0.07209854771955057,0.959704246846592,41.0,0.7257104519870594,0.2751485406662176,0.7257104519870594,25.9,0.9402212956212419,0.09030098025956868,0.9402212956212419,71.0,0.9608495174108765,0.06838816093000948,0.9608495174108765
33.3,0.9606492041017886,0.0664918981333109,0.9606492041017886,1960.0,0.9232484197235443,0.12751643434538543,0.9232484197235443,36.0,0.9552978752180787,0.07527021389199862,0.9552978752180787,-3.1,0.9650846071157395,0.06224606315500168,0.9650846071157395,11.55,0.9599176890921689,0.07182817619336576,0.9599176890921689,40.0,0.7269735066121885,0.2747207424865551,0.7269735066121885,31.0,0.9416847138412214,0.0877251318410091,0.9416847138412214,74.1,0.9608495174108765,0.06838816093000948,0.9608495174108765
19.6,0.9606980531656698,0.06641126192754628,0.9606980531656698,2022.0,0.9232484197235443,0.12751643434538543,0.9232484197235443,45.0,0.9556189075701129,0.07481704573863339,0.9556189075701129,-2.3,0.964993939620693,0.06239123875296126,0.964993939620693,11.13,0.9600302884336404,0.07169452980507814,0.9600302884336404,39.0,0.727876199009611,0.2746813523901509,0.727876199009611,30.6,0.9424866307383747,0.08692026547450124,0.9424866307383747,72.9,0.9607986210532151,0.06844451534127768,0.9607986210532151
61.6,0.9605904630592128,0.06659816938798051,0.9605904630592128,1976.0,0.9234466877905773,0.1274202678556109,0.9234466877905773,60.0,0.9556746866714547,0.07475202647703041,0.9556746866714547,-3.9,0.9649521211895277,0.062455162570776455,0.9649521211895277,22.02,0.9602925797430985,0.07134361731295653,0.9602925797430985,45.0,0.7286352667317713,0.2741600249754339,0.7286352667317713,33.7,0.942560342241215,0.08677735251169738,0.942560342241215,69.0,0.9607497719893339,0.06852505732064225,0.9607497719893339
48.04087253229345,0.9607229156046287,0.06634440431558938,0.9607229156046287,2160.0,0.9235701241713353,0.12729950578729918,0.9235701241713353,64.0,0.9550235893627265,0.07552790318421405,0.9550235893627265,3.9,0.9653000632743012,0.06189343735290502,0.9653000632743012,9.78,0.9604850590668257,0.07111622079443038,0.9604850590668257,43.0,0.7290557801883413,0.27372785061559396,0.7290557801883413,29.4,0.9425603422412149,0.08677735251169738,0.9425603422412149,75.3,0.9606389106151993,0.06868189035566098,0.9606389106151993
60.8,0.9610484023327246,0.06558682833063996,0.9610484023327246,2093.0,0.9238177973243135,0.12695215587496023,0.9238177973243135,55.0,0.9551218539780821,0.07540044715888741,0.9551218539780821,4.7,0.9653418817054665,0.0618294642000517,0.9653418817054665,6.8,0.9605733194795908,0.07100841980537388,0.9605733194795908,40.0,0.7295028510738666,0.2732805312379048,0.7295028510738666,24.7,0.942560342241215,0.08677735251169927,0.942560342241215,68.2,0.9607789936617205,0.06848953810278126,0.9607789936617205
22.0,0.9609746908298845,0.06573443367616655,0.9609746908298845,1322.0,0.9244335730603571,0.12610029894262698,0.9244335730603571,52.0,0.9547630435053222,0.07606360883012685,0.9547630435053222,3.9,0.9657623951620365,0.06107431077906248,0.9657623951620365,4.71,0.9602990888976575,0.07141683783690327,0.9602990888976575,43.0,0.7301186268099101,0.27277157723195233,0.7301186268099101,26.3,0.9425311205688284,0.08681155144848746,0.9425311205688284,64.7,0.9605313205087425,0.0688685310856298,0.9605313205087425
28.2,0.9611019199564766,0.06553888296797843,0.9611019199564766,829.0,0.924489352161699,0.12604078556121423,0.924489352161699,23.0,0.9547996051368679,0.07601303533564441,0.9547996051368679,3.1,0.9655225666939727,0.06140722200095537,0.9655225666939727,3.66,0.9601379445909004,0.07158418769739022,0.9601379445909004,40.0,0.7302458559365025,0.2726639178280107,0.7302458559365025,20.0,0.9427787937218064,0.08644504569432632,0.9427787937218064,55.7,0.9604947588771966,0.06891971497832922,0.9604947588771966
61.2,0.9613335013026445,0.06506273171765489,0.9613335013026445,1430.0,0.9242738626223417,0.12631784892169215,0.9242738626223417,64.0,0.9550917681202994,0.0755275721173762,0.9550917681202994,6.2,0.965969637579498,0.060621073696904205,0.965969637579498,16.33,0.9600961261597349,0.07164736215091944,0.9600961261597349,47.0,0.7304976311617581,0.27228103324315495,0.7304976311617581,32.2,0.9432536889875246,0.08546701328557117,0.9432536889875246,65.9,0.9603037794730139,0.06916822496525085,0.9603037794730139
44.3,0.9612597897998045,0.06521042402434524,0.9612597897998045,1529.0,0.924175598006986,0.1264352652407089,0.924175598006986,48.0,0.9548601867741316,0.07599788944485224,0.9548601867741316,-1.6,0.966390151036068,0.059864868361635154,0.966390151036068,11.57,0.9601987070311775,0.07153319156064712,0.9601987070311775,45.0,0.7313769480772361,0.27086831703443914,0.7313769480772361,29.8,0.9433124300301006,0.08536398330626908,0.9433124300301006,72.9,0.9602549304091329,0.06924868506144277,0.9602549304091329
30.2,0.9612109407359234,0.06529117235371043,0.9612109407359234,872.0,0.9246776524308002,0.12579842853453987,0.9246776524308002,36.0,0.9550330270777236,0.07563262564474431,0.9550330270777236,4.7,0.966884023691694,0.059027635390630946,0.966884023691694,3.64,0.9600714779045852,0.07172774789335531,0.9600714779045852,20.0,0.732023467157366,0.2701470848579911,0.732023467157366,19.2,0.9435928604401495,0.0848239744501406,0.9435928604401495,57.6,0.9607263402233645,0.06844469955298059,0.9607263402233645
100.0,0.9614293922165147,0.06494662045133766,0.9614293922165147,1323.0,0.9247659128435655,0.12570036213534388,0.9247659128435655,71.0,0.9553544117335419,0.07511182351394337,0.9553544117335419,7.0,0.9667764335852369,0.05921666358335059,0.9667764335852369,19.8,0.9602574480737535,0.07142726887066991,0.9602574480737535,36.0,0.7322369094029431,0.2700073795155442,0.7322369094029431,34.5,0.9437422689777719,0.08458130613439627,0.9437422689777719,54.5,0.9605032201829019,0.06884201249161011,0.9605032201829019
80.4,0.9621413004064118,0.06395435809558911,0.9621413004064118,2053.0,0.9251864263001355,0.12500829307391792,0.9251864263001355,25.0,0.9555038202711641,0.07486427927375373,0.9555038202711641,0.8,0.9667346151540717,0.059280852780973836,0.9667346151540717,16.26,0.9607279257773413,0.070755750097414,0.9607279257773413,41.0,0.732023467157366,0.2701470848579911,0.732023467157366,27.1,0.9439089094532482,0.08436583780825324,0.9439089094532482,66.7,0.9606891903520701,0.06854082714939645,0.9606891903520701
62.4,0.9625618138629818,0.06320281484834503,0.9625618138629818,1766.0,0.9255244514583072,0.12462665421628837,0.9255244514583072,21.0,0.9556897904403323,0.07456597251246183,0.9556897904403323,-0.8,0.9667346151540717,0.059280852780973836,0.9667346151540717,16.1,0.9613519820160769,0.06956441233794339,0.9613519820160769,27.0,0.7333307613411094,0.2685650170695271,0.7333307613411094,32.2,0.9440902110625454,0.08404108178436759,0.9440902110625454,69.8,0.960796780458527,0.06835411651140962,0.960796780458527
40.8,0.9626524813580283,0.0630581111402698,0.9626524813580283,788.0,0.925696075272719,0.12443748529802322,0.925696075272719,59.0,0.9560620714538121,0.07398867939201903,0.9560620714538121,3.1,0.9668943255920872,0.059040274207896606,0.9668943255920872,5.11,0.961501142989094,0.06937905452525286,0.961501142989094,25.0,0.7334416227152439,0.26847983935912223,0.7334416227152439,27.5,0.9440902110625454,0.08404108178436759,0.9440902110625454,55.7,0.9608704919613673,0.0682067413376303,0.9608704919613673
20.0,0.9628461069762085,0.06284625509601492,0.9628461069762085,2605.0,0.9259882382561505,0.12398353858852858,0.9259882382561505,28.0,0.9563542344372438,0.07350189439339254,0.9563542344372438,1.6,0.9672157102479053,0.05850686267390345,0.9672157102479053,8.65,0.9614334857096778,0.06944781150732383,0.9614334857096778,33.0,0.733689295868222,0.26826752656103403,0.733689295868222,25.9,0.9442826903862725,0.0838205965804026,0.9442826903862725,69.0,0.9610614713655499,0.06795787739401297,0.9610614713655499
38.4,0.9627407417707933,0.06294929864719678,0.9627407417707933,1828.0,0.9271311283239743,0.12163390134734217,0.9271311283239743,21.0,0.9566961222985934,0.07302781300872793,0.9566961222985934,4.7,0.9682441881364006,0.05606740518286677,0.9682441881364006,10.67,0.9615388509150931,0.06934563876304586,0.9615388509150931,42.0,0.7347149146574038,0.2674848261705303,0.7347149146574038,29.4,0.9443560495853284,0.08374425342308157,0.9443560495853284,73.3,0.9610027303229739,0.06806410814524069,0.9610027303229739
35.7,0.9628083990502095,0.06287997821513865,0.9628083990502095,795.0,0.9279632315155572,0.12037428419619348,0.9279632315155572,32.0,0.9574463484080732,0.07202827517076041,0.9574463484080732,3.9,0.9685038698084091,0.055611537935533355,0.9685038698084091,4.02,0.9615388509150931,0.06934563876304586,0.9615388509150931,17.0,0.7359838909215644,0.26589138333426476,0.7359838909215644,20.4,0.9443560495853284,0.08374425342308157,0.9443560495853284,58.8,0.9610027303229739,0.06806410814524069,0.9610027303229739
36.1,0.9629434612330755,0.06272192099915135,0.9629434612330755,801.0,0.9280249344993671,0.12030288377606432,0.9280249344993671,72.0,0.9578934192935986,0.07125413662018724,0.9578934192935986,0.8,0.9688880975790807,0.054735893886611625,0.9688880975790807,3.94,0.9613896899420756,0.06953100987413151,0.9613896899420756,3.0,0.7361555147359762,0.26578457259530575,0.7361555147359762,20.4,0.9442235970399124,0.08399093993976994,0.9442235970399124,55.7,0.9610027303229739,0.06806410814524069,0.9610027303229739
82.4,0.9632057525425336,0.06236738128406072,0.9632057525425336,867.0,0.9276119528093988,0.12079757995739446,0.9276119528093988,72.0,0.9576749678130071,0.07159587381778136,0.9576749678130071,3.9,0.9694320357877679,0.053617383208573795,0.9694320357877679,12.82,0.9617105446868482,0.06912555758464313,0.9617105446868482,19.0,0.7359239333898083,0.26607755581495396,0.7359239333898083,32.2,0.9441747479760313,0.08406916698484616,0.9441747479760313,46.7,0.9607105673395424,0.06855513093721172,0.9607105673395424
16.9,0.9630981624360765,0.06255526716285259,0.9630981624360765,1295.0,0.9272905681535806,0.12128593527750532,0.9272905681535806,36.0,0.9576749678130071,0.07159587381778136,0.9576749678130071,7.8,0.9694738542189333,0.05355275632016403,0.9694738542189333,3.54,0.9619260342262056,0.06882212068330083,0.9619260342262056,6.0,0.7362827438625683,0.2656740328774807,0.7362827438625683,18.4,0.9441747479760313,0.08406916698484616,0.9441747479760313,69.8,0.9608430198849585,0.0683016016495043,0.9608430198849585
40.0,0.9630616008045307,0.06260684149968074,0.9630616008045307,769.0,0.9271045979844124,0.12156513041046035,0.9271045979844124,41.0,0.9578021969395996,0.07140183305893778,0.9578021969395996,2.3,0.9692141725469251,0.05400966157245056,0.9692141725469251,3.44,0.9620061522562539,0.06873014902881802,0.9620061522562539,8.0,0.7368266820712556,0.2649968116407886,0.7368266820712556,20.8,0.944646157790263,0.08328718579208853,0.944646157790263,54.1,0.9606701795813665,0.06867057274037013,0.9606701795813665
25.5,0.9633870875326266,0.06184604950666044,0.9633870875326266,884.0,0.9272572444089163,0.12120051711627437,0.9272572444089163,35.0,0.9576355564641232,0.07162316421472059,0.9576355564641232,3.9,0.9687936590903551,0.054770770139892545,0.9687936590903551,2.65,0.9617906627168965,0.06903363437889289,0.9617906627168965,14.0,0.7374278652958218,0.2644748416153323,0.7374278652958218,18.0,0.9447786103356789,0.08304027967485007,0.9447786103356789,58.0,0.9609956663094623,0.06791382892760878,0.9609956663094623
46.3,0.9635364960702489,0.061594170183739944,0.9635364960702489,1278.0,0.9274300847125082,0.12085504324467575,0.9274300847125082,22.0,0.9580962341618452,0.07117908640716472,0.9580962341618452,3.1,0.9688261404017783,0.05472762934050917,0.9688261404017783,10.11,0.9619766328860647,0.06873204675807944,0.9619766328860647,20.0,0.7374696837269873,0.2644389191212375,0.7374696837269873,29.0,0.9448862004421359,0.08285856848435799,0.9448862004421359,66.7,0.9611281188548785,0.06766013041515785,0.9611281188548785
48.2,0.9635364960702489,0.061594170183739944,0.9635364960702489,1939.0,0.9275860024046896,0.12069390517672614,0.9275860024046896,43.0,0.9581450832257263,0.0710989214582799,0.9581450832257263,3.1,0.9689858508397938,0.05448573743925934,0.9689858508397938,8.54,0.9620903105967414,0.06861519848476898,0.9620903105967414,14.0,0.7372718937084476,0.2644758745083445,0.7372718937084476,24.7,0.9450751325525379,0.08259342525834674,0.9450751325525379,70.6,0.9611281188548785,0.06766013041515785,0.9611281188548785
47.5,0.963115982613679,0.06234723272827534,0.963115982613679,1151.0,0.9276445658400039,0.12064595564424183,0.9276445658400039,45.0,0.9584047648977347,0.07065219700105196,0.9584047648977347,-5.5,0.9690276692709593,0.05442117989931342,0.9690276692709593,7.9,0.9625108240533113,0.06786573518592622,0.9625108240533113,12.0,0.7376998709767133,0.2643080995974577,0.7376998709767133,25.9,0.9450751325525379,0.08259342525834674,0.9450751325525379,60.8,0.9613884049171291,0.06746601366774119,0.9613884049171291
59.6,0.9626689117281537,0.06313009020494231,0.9626689117281537,960.0,0.9278715773608038,0.12043086451875296,0.9278715773608038,66.0,0.95843132232669,0.070622079884936,0.95843132232669,-0.8,0.9688142270253821,0.054698253821077084,0.9688142270253821,8.5,0.962858766138085,0.06730750056677257,0.962858766138085,9.0,0.7375244902822266,0.2644041682149552,0.7375244902822266,27.5,0.9447271904677647,0.08313481098265693,0.9447271904677647,59.2,0.9616038944564864,0.06716231678458467,0.9616038944564864
79.2,0.9625022712526774,0.06335410396217611,0.9625022712526774,788.0,0.9274585956708356,0.12092540425307881,0.9274585956708356,20.0,0.9584578797556452,0.07059196099127663,0.9584578797556452,-2.3,0.9688630760892634,0.054616280398949356,0.9688630760892634,10.03,0.9629859952646773,0.06711174028487076,0.9629859952646773,6.0,0.7366515179175487,0.2649464017578387,0.7366515179175487,29.4,0.944508738987173,0.08346865287061944,0.944508738987173,66.3,0.9615620760253212,0.06722578951066115,0.9615620760253212
35.3,0.9624285597498372,0.0635021188197456,0.9624285597498372,801.0,0.9270052883806471,0.12153320866327078,0.9270052883806471,67.0,0.9583254272102293,0.07084449752766442,0.9583254272102293,0.8,0.9689247790730732,0.05453685472481418,0.9689247790730732,4.14,0.9630851240654289,0.06688940383464921,0.9630851240654289,7.0,0.7362200401377006,0.26514615056424207,0.7362200401377006,25.5,0.944508738987173,0.08346865287061944,0.944508738987173,56.5,0.9616357875281611,0.06707820211258049,0.9616357875281611
66.7,0.9622101082692458,0.06384738741171485,0.9622101082692458,1378.0,0.927066991364457,0.12146197561855232,0.927066991364457,55.0,0.9586842376829894,0.07017669542975738,0.9586842376829894,0.0,0.9691107492422414,0.0542300507926066,0.9691107492422414,13.1,0.963143865108005,0.06678285324789875,0.963143865108005,17.0,0.7360340699685325,0.26532014013510397,0.7360340699685325,30.6,0.9443593304495507,0.08371171605321635,0.9443593304495507,63.5,0.9618217576973294,0.06677628918534795,0.9618217576973294
20.8,0.9621317282065347,0.06396251633831741,0.9621317282065347,1999.0,0.9272161523374743,0.1212923613763777,0.9272161523374743,61.0,0.9586842376829894,0.07017669542975738,0.9586842376829894,3.1,0.9694362359703371,0.05346140337969118,0.9694362359703371,9.27,0.9632429939087568,0.06656044423752562,0.9632429939087568,22.0,0.7359042965581978,0.26536813539896625,0.7359042965581978,28.6,0.9453369119803845,0.08141490032011091,0.9453369119803845,63.1,0.9619208864980812,0.06655420365016564,0.9619208864980812
74.5,0.9624539770477489,0.06334079698982262,0.9624539770477489,1933.0,0.926729459144666,0.12192360259666259,0.926729459144666,58.0,0.9586842376829894,0.07017669542975738,0.9586842376829894,-2.3,0.9688630760892634,0.05461628039894678,0.9688630760892634,22.42,0.9630114125625889,0.06703724362486162,0.9630114125625889,30.0,0.7350340854721986,0.2654044689050961,0.7350340854721986,34.1,0.9453369119803845,0.08141490032011216,0.9453369119803845,67.1,0.9620091469108463,0.06644580341678091,0.9620091469108463
72.2,0.9623802655449089,0.06348880495229801,0.9623802655449089,2624.0,0.9267560165736212,0.12189608173592903,0.9267560165736212,33.0,0.9591047511395593,0.06943078189438957,0.9591047511395593,0.0,0.9688043350466874,0.05472424960408573,0.9688043350466874,28.65,0.9624999556653249,0.06809797843152947,0.9624999556653249,32.0,0.7343722140716357,0.26534626243596554,0.7343722140716357,35.7,0.9455035524558608,0.08119845939485121,0.9455035524558608,69.4,0.9619673284796809,0.06650933650168997,0.9619673284796809
56.9,0.9625296740825312,0.06323746391690757,0.9625296740825312,1625.0,0.9272999547823085,0.12086833281392811,0.9272999547823085,49.0,0.958977522012967,0.06962537382137927,0.958977522012967,-1.6,0.9687259549839763,0.054840976741152236,0.9687259549839763,13.93,0.9625417740964901,0.06803447599292384,0.9625417740964901,36.0,0.7336223440669221,0.2653155716001909,0.7336223440669221,31.0,0.945223122045812,0.0817407393559751,0.945223122045812,69.0,0.9617488769990895,0.06685374286682524,0.9617488769990895
59.2,0.9627527941229937,0.06283794636234098,0.9627527941229937,1857.0,0.9282158333293322,0.11872682810152163,0.9282158333293322,49.0,0.9590018609416734,0.06959937012129949,0.9590018609416734,0.0,0.9689042697041325,0.05465462390436944,0.9689042697041325,16.26,0.9624093215510742,0.06828852360175007,0.9624093215510742,42.0,0.7326784593179488,0.26539865416211883,0.7326784593179488,31.8,0.9448388942751402,0.0825829362692241,0.9448388942751402,69.0,0.9617906954302549,0.06679024049753612,0.9617906954302549
22.7,0.9627527941229937,0.06283794636234162,0.9627527941229937,1501.0,0.9286288150193005,0.11823081871075294,0.9286288150193005,40.0,0.9590802410043845,0.06948511034526779,0.9590802410043845,3.1,0.9688484906027905,0.054721820259130305,0.9688484906027905,7.28,0.9621288911410253,0.06884511802381214,0.9621288911410253,47.0,0.7319449895134004,0.2653583995862189,0.7319449895134004,25.9,0.9447801532325644,0.08268632307082553,0.9447801532325644,63.1,0.9617906954302549,0.06679024049753676,0.9617906954302549
44.3,0.9625714925136967,0.06317374816320219,0.9625714925136967,1600.0,0.9288590022690264,0.11799147900646346,0.9288590022690264,41.0,0.9587998105943355,0.07003929108929409,0.9587998105943355,6.2,0.9686701758826344,0.054908148840122885,0.9686701758826344,10.46,0.9620800420771441,0.0689257608132554,0.9620800420771441,52.0,0.7313877173050792,0.26527819461415275,0.7313877173050792,27.23618212807402,0.9445941830633962,0.08297929223290303,0.9445941830633962,71.0,0.9620222767764227,0.06631402677470578,0.9620222767764227
49.0,0.9625980499426519,0.06314327679750772,0.9625980499426519,1773.0,0.9289581310697782,0.117782949624262,0.9289581310697782,49.0,0.9587509615304544,0.0701195697584539,0.9587509615304544,-1.6,0.9686011329396653,0.05500346129924707,0.9686011329396653,14.03,0.9621218605083095,0.06886232464097437,0.9621218605083095,56.0,0.7305884351674159,0.2652628351386828,0.7305884351674159,31.0,0.9451939003734253,0.08184284404819658,0.9451939003734253,71.0,0.9619897954649994,0.0663564475341763,0.9619897954649994
19.6,0.9628114921882288,0.06287000795221455,0.9628114921882288,1636.0,0.9287265497236105,0.118228844492124,0.9287265497236105,49.0,0.958985259285347,0.06982917077916254,0.958985259285347,0.0,0.9685593145085,0.055067963214249276,0.9685593145085,4.05,0.9620434804455983,0.06897703350769843,0.9620434804455983,56.0,0.7295966698634763,0.26537625113692437,0.7295966698634763,21.2,0.9455152850292435,0.081330044285753,0.9455152850292435,62.7,0.9622702258750483,0.06579921388315964,0.9622702258750483
56.5,0.9634138504844078,0.062103247067556835,0.9634138504844078,1553.0,0.9289742228765885,0.11787675674403675,0.9289742228765885,48.0,0.9590653773153951,0.06973759950873182,0.9590653773153951,3.9,0.9688514774919316,0.054568522534787924,0.9688514774919316,12.69,0.9624157614590779,0.06839335626274078,0.9624157614590779,57.0,0.7295966698634763,0.26537625113692437,0.7295966698634763,30.6,0.9457384050697061,0.08094237954267598,0.9457384050697061,68.6,0.9624515274843455,0.06546401927555626,0.9624515274843455
56.1,0.9636293400237652,0.06179764735201437,0.9636293400237652,1571.0,0.9291458466910001,0.11768546389743245,0.9291458466910001,49.0,0.9590945989877818,0.06970218682086601,0.9590945989877818,3.1,0.9691994195767049,0.05400151428856654,0.9691994195767049,13.2,0.9626388814995406,0.06799508475606851,0.9626388814995406,58.0,0.7295966698634763,0.26537625113692437,0.7295966698634763,30.6,0.9459197066790032,0.08061627515471011,0.9459197066790032,68.6,0.9621918458123373,0.06591419167068566,0.9621918458123373
56.9,0.9637369301302223,0.06160956556527946,0.9637369301302223,1592.0,0.9290160732806655,0.11778867216300291,0.9290160732806655,49.0,0.9586740855312118,0.07044797281561552,0.9586740855312118,3.1,0.9691628579451592,0.05405376803483422,0.9691628579451592,13.31,0.9625406168841848,0.06812442155354305,0.9625406168841848,59.0,0.7288168507546885,0.2653482704397578,0.7288168507546885,30.6,0.945730774568601,0.08088207978009979,0.945730774568601,69.0,0.9623778159815054,0.06561186422488204,0.9623778159815054
56.5,0.9637369301302223,0.06160956556527946,0.9637369301302223,1617.0,0.9289895158517103,0.11781639457361219,0.9289895158517103,47.0,0.9592981417699472,0.06925917654510455,0.9592981417699472,2.3,0.9693488281143273,0.053746790889742095,0.9693488281143273,13.56,0.9623496374800021,0.06837367708993868,0.9623496374800021,60.0,0.7278221009828748,0.26545868678244494,0.7278221009828748,30.6,0.9450613102168635,0.08144813728456027,0.9450613102168635,69.0,0.9620374118892066,0.06589894692967617,0.9620374118892066
56.5,0.9642893662211627,0.06072161881803554,0.9642893662211627,1662.0,0.9285276746323314,0.11817885632830476,0.9285276746323314,38.0,0.9592615801384015,0.06931027309874754,0.9592615801384015,-3.9,0.9691303766337358,0.0540969476879237,0.9691303766337358,13.08,0.9624005338376638,0.06831721626793123,0.9624005338376638,63.0,0.726777021285215,0.265613094882876,0.726777021285215,30.2,0.9451396902795748,0.08133668760011901,0.9451396902795748,69.4,0.9614691440850274,0.06653476098860359,0.9614691440850274
42.7,0.9639671173799484,0.061345480282204004,0.9639671173799484,1758.0,0.928126990840228,0.118457268185258,0.928126990840228,37.0,0.9590706007342189,0.06955835098991267,0.9590706007342189,4.7,0.969068673649926,0.05417641969853766,0.969068673649926,11.08,0.9621850442983063,0.0686209311429426,0.9621850442983063,67.0,0.725346240434083,0.26629688618738745,0.725346240434083,29.4,0.9449730498040985,0.08155300982767662,0.9449730498040985,71.8,0.9608917582791392,0.06717406789915088,0.9608917582791392
38.4,0.9638562560058139,0.06150371714117708,0.9638562560058139,1856.0,0.9275001776139818,0.11905662028543039,0.9275001776139818,22.0,0.9589680198627762,0.06967258068832405,0.9589680198627762,4.7,0.9690394519775393,0.054212712784525136,0.9690394519775393,10.81,0.9619452158302426,0.06895061529007615,0.9619452158302426,67.0,0.7239139936041465,0.2669754868563641,0.7239139936041465,29.0,0.9445016399898669,0.08233615563763429,0.9445016399898669,72.2,0.9603642719031468,0.06771042427135977,0.9603642719031468
18.0,0.9638270343334273,0.061539575241342584,0.9638270343334273,1822.0,0.9271794247994645,0.11938802523045373,0.9271794247994645,19.0,0.9588121021705948,0.06984881716998545,0.9588121021705948,0.0,0.9689657404746992,0.05436249405604506,0.9689657404746992,4.95,0.9616732101493513,0.06927565674370337,0.9616732101493513,62.0,0.7240999637733148,0.2668070128212415,0.7240999637733148,22.7,0.9444548382197662,0.08238333223665346,0.9444548382197662,63.5,0.9602534105290124,0.06786728206150686,0.9602534105290124
18.0,0.9636658900266702,0.06170927931669996,0.9636658900266702,1653.0,0.927390220831044,0.11918408440798427,0.927390220831044,20.0,0.9586211227664123,0.07009665859216384,0.9586211227664123,0.0,0.9688060300366836,0.05460440087711425,0.9688060300366836,4.32,0.9613840340550606,0.06961461618639628,0.9613840340550606,55.0,0.7244426403974855,0.26667936994510105,0.7244426403974855,22.0,0.9443606235113948,0.0824790493045072,0.9443606235113948,63.1,0.959806339643487,0.06864506931368207,0.959806339643487
18.4,0.9636170409627892,0.061790423820401584,0.9636170409627892,1466.0,0.9275038985417208,0.11907821594876372,0.9275038985417208,20.0,0.958508523424941,0.07023027176689807,0.958508523424941,0.0,0.9691045995473233,0.05416054480880519,0.9691045995473233,3.85,0.9607982120615004,0.07052135050497778,0.9607982120615004,41.0,0.7241496550662485,0.26669843793287973,0.7241496550662485,21.2,0.9442177241283314,0.0826261727952278,0.9442177241283314,61.2,0.959806339643487,0.06864506931368143,0.959806339643487
26.7,0.9633772124947255,0.06212234963154248,0.9633772124947255,898.0,0.927425624999208,0.11912308349198421,0.927425624999208,33.0,0.9583195913145385,0.070502087574074,0.9583195913145385,11.7,0.9690488204459814,0.05422778479672496,0.9690488204459814,3.82,0.9602961576376859,0.07121719913082787,0.9602961576376859,27.0,0.7238347337114673,0.26672133482007154,0.7238347337114673,20.0,0.9438381283409829,0.08312205955559879,0.9438381283409829,64.3,0.9598650806860631,0.06853901672567844,0.9598650806860631
71.8,0.9629561558078437,0.06255313507263228,0.9629561558078437,1320.0,0.9273385047174864,0.11920131533052646,0.9273385047174864,70.0,0.9578100645529353,0.07102675696643221,0.9578100645529353,3.1,0.9689979240883199,0.05428542542355279,0.9689979240883199,16.57,0.9600730375972234,0.07161367570759533,0.9600730375972234,34.0,0.7244128470199691,0.2668081497978538,0.7244128470199691,32.5,0.9438869774048639,0.08304381448239145,0.9438869774048639,60.4,0.9598650806860631,0.06853901672567844,0.9598650806860631
85.1,0.9626647610745166,0.06279554701101622,0.9626647610745166,1846.0,0.927746866463141,0.11892107305902071,0.927746866463141,69.0,0.9577542854515935,0.07109215793822755,0.9577542854515935,-7.8,0.9693234108164156,0.05351689030837448,0.9693234108164156,23.94,0.9595981423315051,0.07261753036512855,0.9595981423315051,46.0,0.7252996896624139,0.2667879914965202,0.7252996896624139,34.9,0.9439978387789985,0.08289168174800143,0.9439978387789985,65.5,0.9598650806860631,0.06853901672567844,0.9598650806860631
80.4,0.9623437287224825,0.06325643583584994,0.9623437287224825,2434.0,0.927881928646007,0.11877758386834097,0.927881928646007,24.0,0.9581385132222652,0.07023293180117302,0.9581385132222652,-3.9,0.9695123429268179,0.053238326053265735,0.9695123429268179,29.02,0.9592955325104262,0.07300518760859674,0.9592955325104262,52.0,0.7259751674816752,0.2668566797051768,0.7259751674816752,35.7,0.9439686171066118,0.08292606132481518,0.9439686171066118,68.6,0.9592919208049892,0.0696728543558096,0.9592919208049892
32.2,0.9624428575232343,0.06303385975014877,0.9624428575232343,1700.0,0.9274871847911328,0.11933874774272799,0.9274871847911328,20.0,0.9584607620634795,0.06961607904745931,0.9584607620634795,3.1,0.9691281151561463,0.05411515596369588,0.9691281151561463,8.08,0.9591288920349499,0.0732266240972605,0.9591288920349499,48.0,0.7265001215540577,0.2669445019534803,0.7265001215540577,26.7,0.9440794784807462,0.0827738999173211,0.9440794784807462,73.7,0.959099441481262,0.06990022251488488,0.959099441481262
17.6,0.9628633709798043,0.06228166135306084,0.9628633709798043,1540.0,0.9269757278938687,0.12032881356880795,0.9269757278938687,20.0,0.9581984707540212,0.06996672030065855,0.9581984707540212,0.0,0.9690693741135702,0.05422318689209346,0.9690693741135702,4.22,0.9590779956772882,0.07328260784752078,0.9590779956772882,41.0,0.7274150028457115,0.2668994329125789,0.7274150028457115,21.6,0.9439197680427307,0.08300432000303451,0.9439197680427307,62.7,0.9594717224947417,0.06931885267063648,0.9594717224947417
18.8,0.9627876371310907,0.062349815750192605,0.9627876371310907,1344.0,0.9266865517995782,0.12063808164607864,0.9266865517995782,32.0,0.9586189842105912,0.06922112360156182,0.9586189842105912,0.0,0.9686780823293869,0.054947828172918795,0.9686780823293869,3.53,0.9590311939071877,0.07333107932898364,0.9590311939071877,33.0,0.72832838808694,0.2668529725207339,0.72832838808694,20.4,0.9438688716850692,0.08305876451206921,0.9438688716850692,60.0,0.9593225615217245,0.06950378306471099,0.9593225615217245
19.2,0.9628609963301465,0.06227008790818655,0.9628609963301465,1419.0,0.9264563645498521,0.1208760670696123,0.9264563645498521,54.0,0.9590378434771479,0.06883858534218863,0.9590378434771479,14.1,0.9686780823293869,0.054947828172918795,0.9686780823293869,3.58,0.9587774331499899,0.07363816197344232,0.9587774331499899,28.0,0.7287089416693637,0.2669336246222035,0.7287089416693637,21.6,0.9444111069102142,0.0826843032695341,0.9444111069102142,63.1,0.9590628798497162,0.06995128295362005,0.9590628798497162
78.8,0.9628141945600459,0.062319314032443195,0.9628141945600459,1470.0,0.9262464731094692,0.12106204284209122,0.9262464731094692,69.0,0.958717248825947,0.06909248290372351,0.958717248825947,-4.7,0.9685672209552526,0.05510763941307072,0.9685672209552526,16.97,0.9586449806045739,0.07389036839783854,0.9586449806045739,34.0,0.7293923000740218,0.2669943189409578,0.7293923000740218,32.5,0.9452076211179127,0.08187374682478947,0.9452076211179127,64.7,0.9591535473447627,0.06980778653902354,0.9591535473447627
88.2,0.9621913535710521,0.06309628778388378,0.9621913535710521,1733.0,0.9262139917980461,0.12110079636696824,0.9262139917980461,74.0,0.9581986040626348,0.06962240194349555,0.9581986040626348,-7.0,0.968785672435844,0.05475792816948303,0.968785672435844,22.95,0.9586031621734084,0.07395333430905673,0.9586031621734084,38.0,0.7303377122046028,0.2669171826485872,0.7303377122046028,34.9,0.9456772460308137,0.08157630152835983,0.9456772460308137,64.7,0.9587184849782677,0.07044883214934945,0.9587184849782677
89.0,0.9616324979981619,0.06372926661426792,0.9616324979981619,1902.0,0.9262139917980461,0.12110079636696824,0.9262139917980461,74.0,0.9575386651412262,0.07040807287647288,0.9575386651412262,-1.6,0.9689991146814209,0.05448087627003698,0.9689991146814209,25.76,0.9586434806850292,0.07391603060696318,0.9586434806850292,41.0,0.7310514097038497,0.2669659572937945,0.7310514097038497,35.7,0.9456772460308137,0.08157630152835983,0.9456772460308137,65.5,0.9583713492235926,0.07071408592743826,0.9583713492235926
89.8,0.9610642301939826,0.06436606227455127,0.9610642301939826,2074.0,0.9260155214927742,0.12119365201802447,0.9260155214927742,69.0,0.9572909919882481,0.0707851717884932,0.9572909919882481,-1.6,0.9689084471863744,0.05462741469463928,0.9689084471863744,28.16,0.9586983590244275,0.07386891904541831,0.9586983590244275,44.0,0.7310514097038497,0.2669659572937945,0.7310514097038497,36.1,0.9452809803169686,0.08179716504627957,0.9452809803169686,66.3,0.9581295549436457,0.0708666410326826,0.9581295549436457
80.0,0.9608752980835804,0.06463982953070782,0.9608752980835804,2175.0,0.9256289003802902,0.12144208692132631,0.9256289003802902,21.0,0.9575831549716797,0.07029672548532409,0.9575831549716797,-18.0,0.9690193085605089,0.05446748776939927,0.9690193085605089,24.48,0.958607691529381,0.07401195701335536,0.958607691529381,33.67243525896414,0.7320844265273371,0.26680464930556114,0.7320844265273371,34.5,0.9453175419485145,0.081747373701743,0.9453175419485145,67.8,0.9581295549436457,0.0708666410326826,0.9581295549436457
17.6,0.9608334796524152,0.06470335951591953,0.9608334796524152,1459.0,0.9254691899422747,0.12166077829763969,0.9254691899422747,56.0,0.9573488572167872,0.07058653544742621,0.9573488572167872,4.7,0.9690193085605089,0.05446748776939927,0.9690193085605089,3.92,0.9594870084448587,0.07179654344844302,0.9594870084448587,29.0,0.732956189368283,0.2667730908399051,0.732956189368283,21.2,0.9453440993774697,0.08171803337107575,0.9453440993774697,62.0,0.9584850269342693,0.07059797161640162,0.9584850269342693
63.5,0.9607644367094461,0.06479713338490987,0.9607644367094461,1534.0,0.9255598574373212,0.12152784534818688,0.9255598574373212,47.0,0.957162887047619,0.07088618353337944,0.957162887047619,3.9,0.9689117184540518,0.05465746875546755,0.9689117184540518,14.79,0.9595162301172453,0.07176117603105073,0.9595162301172453,38.0,0.7339861108922977,0.26660825456021775,0.7339861108922977,31.4,0.9453440993774698,0.08171803337107514,0.9453440993774698,67.5,0.9591535473447627,0.06980778653902227,0.9591535473447627
18.0,0.9602930268952145,0.0656029431733703,0.9602930268952145,1324.0,0.9261354106602074,0.12102815311071397,0.9261354106602074,20.0,0.9575784864118086,0.07026404677976043,0.9575784864118086,-0.8,0.9691432998002196,0.054174592922737526,0.9691432998002196,3.62,0.9598384789584598,0.07114388197978185,0.9598384789584598,41.0,0.7348872432365399,0.2665515231649722,0.7348872432365399,19.2,0.9454516894839265,0.0815360516295685,0.9454516894839265,61.6,0.9599126150669229,0.0687988536338775,0.9599126150669229
18.8,0.9603222485676011,0.06556735390334742,0.9603222485676011,1405.0,0.9263624221810073,0.12081360163822338,0.9263624221810073,20.0,0.9577019227925667,0.07013021753832543,0.9577019227925667,17.2,0.9693587893395772,0.0538652485516859,0.9693587893395772,3.86,0.9596890704208372,0.07139323448106596,0.9596890704208372,44.0,0.7350678628416805,0.26652122125072225,0.7350678628416805,21.2,0.9456832708300945,0.0810720888629335,0.9456832708300945,60.8,0.9604857749479969,0.06766370711202281,0.9604857749479969
19.2,0.9603912915105701,0.06547368285287457,0.9603912915105701,1485.0,0.9266221038530158,0.12039692784091507,0.9266221038530158,21.0,0.9578735466069784,0.06992312730697073,0.9578735466069784,14.8,0.969531629643169,0.05349007866045105,0.969531629643169,4.41,0.9599025126664141,0.07112271086948327,0.9599025126664141,46.0,0.7340395013708458,0.2666879655203918,0.7340395013708458,22.0,0.9459818403407342,0.08064799247939795,0.9459818403407342,61.2,0.9603103942535102,0.06785825809923542,0.9603103942535102
20.8,0.9604670253592837,0.06540596885980914,0.9604670253592837,1533.0,0.9265955464240604,0.12042448668176949,0.9265955464240604,21.0,0.9578302282562684,0.06996559121774884,0.9578302282562684,14.8,0.9697500811237606,0.05313963008625877,0.9697500811237606,4.46,0.960016190377091,0.07100643268085396,0.960016190377091,43.0,0.7340603568801612,0.2666791570641933,0.7340603568801612,22.4,0.9461771026202077,0.08047236140841821,0.9461771026202077,61.6,0.9601995328793759,0.06801508914494508,0.9601995328793759
20.8,0.9598896395533957,0.06604520425013723,0.9598896395533957,1399.0,0.9272750031911394,0.11952965928730334,0.9272750031911394,21.0,0.9575564517006492,0.07015209467790486,0.9575564517006492,14.1,0.9697500811237605,0.053139630086258764,0.9697500811237605,4.14,0.9596939415358767,0.07162389604367529,0.9596939415358767,37.0,0.7344357670846909,0.2666337768619984,0.7344357670846909,21.2,0.9464491083010993,0.08015641146211851,0.9464491083010993,60.4,0.9601995328793759,0.06801508914494508,0.9601995328793759
23.5,0.9592297006319872,0.06683489123232203,0.9592297006319872,915.0,0.9273803683965545,0.11943735769643493,0.9273803683965545,20.0,0.9576053007645303,0.07007192658990259,0.9576053007645303,1.6,0.9697175998123372,0.0531828687164175,0.9697175998123372,3.85,0.9600194282639726,0.07086896992011796,0.9600194282639726,21.0,0.7346225260166802,0.26658781116623864,0.7346225260166802,20.4,0.946375396798259,0.08030048563125178,0.946375396798259,58.0,0.9598785005273417,0.06847294480714287,0.9598785005273417
21.2,0.958967409322529,0.06718660491593441,0.958967409322529,958.0,0.9272244507043731,0.11959866229902262,0.9272244507043731,39.0,0.9576959682595768,0.06992867977779586,0.9576959682595768,-2.3,0.9697175998123372,0.0531828687164175,0.9697175998123372,2.7,0.9597571369545145,0.07121990116101755,0.9597571369545145,18.0,0.7341236794313925,0.2666980005642715,0.7341236794313925,18.0,0.9463245004405975,0.08035524045681436,0.9463245004405975,68.2,0.9602507815408217,0.06789050530037125,0.9602507815408217
69.0,0.9589917482512353,0.06716053963052458,0.9589917482512353,991.0,0.9268891053783783,0.11993899520241941,0.9268891053783783,57.0,0.9576694108306215,0.06995879001032275,0.9576694108306215,3.9,0.9695851472669212,0.0534409781764413,0.9695851472669212,9.93,0.959913054646696,0.07104369136569844,0.959913054646696,28.0,0.7341236794313925,0.2666980005642715,0.7341236794313925,29.0,0.9464645834871186,0.08016778271472366,0.9464645834871186,55.3,0.9599285326996073,0.06850917691586146,0.9599285326996073
72.2,0.9593037450878704,0.06692784701461679,0.9593037450878704,1470.0,0.9269624645774343,0.1198671589171738,0.9269624645774343,60.0,0.9576401891582349,0.06999413592822584,0.9576401891582349,-1.6,0.969836922492177,0.05282171237413664,0.969836922492177,16.03,0.95987649301515,0.07109475608721796,0.95987649301515,36.0,0.7349923304642115,0.2666635845660402,0.7349923304642115,32.2,0.9464227650559531,0.0802295887577456,0.9464227650559531,65.5,0.9595443049289356,0.06937080404608968,0.9595443049289356
72.5,0.9595825613831188,0.066725119750383,0.9595825613831188,1891.0,0.9265141404811403,0.12018778102375147,0.9265141404811403,32.0,0.957532599051778,0.07017999844513283,0.957532599051778,1.6,0.969836922492177,0.05282171237413664,0.969836922492177,21.13,0.9595346051538005,0.07157127580755634,0.9595346051538005,39.0,0.7349003811262773,0.2666966084213574,0.7349003811262773,33.7,0.9461750919029751,0.08059931326421974,0.9461750919029751,67.5,0.9592846232569271,0.06981845208668531,0.9592846232569271
47.5,0.9594943009703536,0.06683319004322236,0.9594943009703536,1326.0,0.9262518491716822,0.12051112315199607,0.9262518491716822,45.0,0.9579168268224496,0.06932061828979773,0.9579168268224496,-4.7,0.969910633995017,0.05267167190857784,0.969910633995017,9.26,0.9592947766857369,0.07189921979076162,0.9592947766857369,41.0,0.7341551664742165,0.2666662222011602,0.7341551664742165,27.8,0.9459891217338069,0.08089317330309924,0.9459891217338069,67.8,0.9590530419107594,0.070292373308415,0.9590530419107594
52.2,0.9594943009703536,0.06683319004322236,0.9594943009703536,1408.0,0.9263401095844473,0.12041234515565835,0.9263401095844473,44.0,0.9578261593274031,0.06946395874654428,0.9578261593274031,0.8,0.969910633995017,0.05267167190857784,0.969910633995017,10.63,0.9595178967261994,0.07150315793810218,0.9595178967261994,44.0,0.7333407344895592,0.26666647951649386,0.7333407344895592,29.0,0.9464640169995251,0.07990872913509564,0.9464640169995251,68.2,0.9582939741885991,0.07129912242745635,0.9582939741885991
51.8,0.9594943009703536,0.06683319004322236,0.9594943009703536,1511.0,0.9265585610650389,0.12009438563228937,0.9265585610650389,37.0,0.9577773102635221,0.06954417798014385,0.9577773102635221,0.0,0.9696588587697613,0.05329102582284731,0.9696588587697613,11.55,0.9595178967261994,0.07150315793810218,0.9595178967261994,48.0,0.7324364903371902,0.2667206904983562,0.7324364903371902,29.8,0.9464640169995251,0.07990872913509564,0.9464640169995251,68.6,0.9579176167615373,0.07159923653076544,0.9579176167615373
16.5,0.9594943009703536,0.06683319004322236,0.9594943009703536,1582.0,0.926186280051559,0.12063352532093578,0.926186280051559,20.0,0.9578679777585686,0.06940085309764989,0.9578679777585686,0.0,0.9694860184661694,0.053666282939088455,0.9694860184661694,4.15,0.9595178967261994,0.07150315793810218,0.9595178967261994,47.0,0.7322720862212703,0.26674568770706275,0.7322720862212703,21.6,0.9464640169995251,0.07990872913509564,0.9464640169995251,64.3,0.9579852740409535,0.07153091873062425,0.9579852740409535
18.0,0.9596267535157696,0.06657976792256062,0.9596267535157696,1526.0,0.9259592685307589,0.12084806886379117,0.9259592685307589,21.0,0.9577946185595126,0.06947957202063475,0.9577946185595126,0.0,0.9691137374526897,0.054260292287500345,0.9691137374526897,4.08,0.9593044544806223,0.07177347582479447,0.9593044544806223,45.0,0.732144857094678,0.2668549374433894,0.732144857094678,21.6,0.9467236986715335,0.07947033919945344,0.9467236986715335,62.4,0.9579176167615373,0.07159923653076544,0.9579176167615373
18.0,0.9586226145559809,0.0689591507095072,0.9586226145559809,1440.0,0.9260864976573513,0.12066786150118432,0.9260864976573513,20.0,0.9576349081214971,0.06971596088734552,0.9576349081214971,0.0,0.9691429591250763,0.054223997603443735,0.9691429591250763,3.88,0.9590701567257297,0.0720635079712221,0.9590701567257297,37.0,0.7327019251689417,0.2658039742718646,0.7327019251689417,21.2,0.9464026663194993,0.07991723958547367,0.9464026663194993,61.2,0.9579852740409535,0.0715309187306249,0.9579852740409535
19.6,0.9583883168010884,0.06924963958149971,0.9583883168010884,1183.0,0.9261807123657229,0.1205782031444083,0.9261807123657229,23.0,0.9576349081214971,0.06971596088734552,0.9576349081214971,11.7,0.9691429591250763,0.05422399760344309,0.9691429591250763,3.51,0.9587766298309005,0.07237203561590001,0.9587766298309005,30.0,0.7316536357359875,0.2665827373898296,0.7316536357359875,19.6,0.9461724790697734,0.08017145588491711,0.9461724790697734,58.4,0.9579609351122471,0.07155684204427167,0.9579609351122471
17.3,0.9586067682816798,0.06890708878024121,0.9586067682816798,1344.0,0.926244052010826,0.12053497372455535,0.926244052010826,19.0,0.957671469753043,0.06966497543323805,0.957671469753043,16.4,0.968954027014674,0.05450225564286642,0.968954027014674,3.55,0.958757166828595,0.07238958418584499,0.958757166828595,23.0,0.7313050261290227,0.26661208895149896,0.7313050261290227,20.4,0.9459772167902998,0.08034714803325256,0.9459772167902998,61.2,0.9577132619592691,0.07193382635391778,0.9577132619592691
21.6,0.9587143583881368,0.06872085723695935,0.9587143583881368,1066.0,0.926244052010826,0.1205349737245566,0.926244052010826,24.0,0.9575977582502028,0.06981171277456369,0.9575977582502028,-1.6,0.968954027014674,0.05450225564286642,0.968954027014674,3.26,0.9592718949935366,0.07154604069031169,0.9592718949935366,19.0,0.7316617306084359,0.2666879459632967,0.7316617306084359,18.4,0.9466357738136029,0.07978243993295495,0.9466357738136029,57.6,0.9579363819997316,0.07153848054664973,0.9579363819997316
31.8,0.9588050258831833,0.06857730140692805,0.9588050258831833,799.0,0.926604115694355,0.12031349010693429,0.926604115694355,32.0,0.9575734193214964,0.06983766782754537,0.9575734193214964,7.0,0.968954027014674,0.054502255642867065,0.968954027014674,3.69,0.959651490780885,0.07103638331112296,0.959651490780885,14.0,0.7309230110509451,0.2669873899388868,0.7309230110509451,20.0,0.9470080548270828,0.0792132181982343,0.9470080548270828,60.4,0.9581986733091897,0.07118837601420744,0.9581986733091897
40.4,0.9586699637003174,0.06873377864219675,0.9586699637003174,777.0,0.926409585484978,0.12048945362290735,0.926409585484978,33.0,0.9576202210915973,0.06978911016711316,0.9576202210915973,-1.6,0.968954027014674,0.054502255642867065,0.968954027014674,4.17,0.9595927497383089,0.07114225756601021,0.9595927497383089,7.0,0.7303976246666574,0.2670920142976568,0.7303976246666574,20.4,0.9471808951306746,0.07885177154125342,0.9471808951306746,60.0,0.9581986733091897,0.07118837601420744,0.9581986733091897
32.9,0.9587076716263163,0.06870045193608826,0.9587076716263163,800.0,0.9264653645863201,0.12042944271592708,0.9264653645863201,29.0,0.9574801380450761,0.06998057404812978,0.9574801380450761,1.6,0.968821574469258,0.054759970034519094,0.968821574469258,3.76,0.9593123193282601,0.0716962719653966,0.9593123193282601,11.0,0.7301166510262966,0.2671826935209662,0.7301166510262966,20.0,0.9475022797864928,0.07833676238403323,0.9475022797864928,58.0,0.9583702971236014,0.07098135488131245,0.9583702971236014
49.8,0.9583353906128365,0.06928155591462906,0.9583353906128365,1097.0,0.9267250462583284,0.12001260742603939,0.9267250462583284,31.0,0.9573307295074538,0.07022944082635026,0.9573307295074538,1.6,0.968608132223681,0.0550369052754236,0.968608132223681,7.71,0.9593123193282601,0.0716962719653966,0.9593123193282601,18.0,0.7301724301276387,0.2671500917962561,0.7301724301276387,26.7,0.9476271018308039,0.07818120284243439,0.9476271018308039,59.6,0.9586240578807993,0.07067371567691107,0.9586240578807993
35.7,0.9582278005063795,0.06946764478777695,0.9582278005063795,1495.0,0.9265639019515713,0.12016480205922467,0.9265639019515713,45.0,0.9578056247731719,0.0692269423326662,0.9578056247731719,-8.6,0.9683563569984253,0.05565477567845263,0.9683563569984253,7.88,0.9593415410006467,0.0716609087288745,0.9593415410006467,23.0,0.7298181894802462,0.2673679884796465,0.7298181894802462,26.3,0.9478747749837819,0.07781021440475608,0.9478747749837819,71.8,0.9588758331060551,0.07006629037193025,0.9588758331060551
54.9,0.9586000815198593,0.06888668436269223,0.9586000815198593,2125.0,0.9263092034734577,0.1202942636545672,0.9263092034734577,37.0,0.9578056247731719,0.0692269423326662,0.9578056247731719,1.6,0.9682680965856603,0.05576495491443826,0.9682680965856603,16.17,0.9593206854913313,0.07168076467861144,0.9593206854913313,26.0,0.7298181894802462,0.2673679884796465,0.7298181894802462,29.4,0.9485864625393107,0.07713971630980115,0.9485864625393107,69.8,0.9590571347153521,0.06973317235105515,0.9590571347153521
51.8,0.9589480236046327,0.06833128736892895,0.9589480236046327,1347.0,0.9266016098775703,0.12013486870982071,0.9266016098775703,44.0,0.9574833759319576,0.06984347221617572,0.9574833759319576,-4.7,0.9684835861250176,0.05545626554176053,0.9684835861250176,10.41,0.9592396592146225,0.07175645382727984,0.9592396592146225,30.0,0.7298181894802462,0.2673679884796465,0.7298181894802462,29.0,0.94923368851794,0.07657399970926362,0.94923368851794,67.1,0.9595443535165484,0.06927537251887393,0.9595443535165484
46.3,0.9590752527312252,0.06813653030123973,0.9590752527312252,1530.0,0.9273021346066566,0.1193991975413289,0.9273021346066566,20.0,0.9579304468174829,0.06906828100595655,0.9579304468174829,-0.8,0.9683563569984254,0.05565477567845393,0.9683563569984254,9.4,0.9592396592146226,0.07175645382727985,0.9592396592146226,27.0,0.7303206246282684,0.2674509758757813,0.7303206246282684,24.7,0.9500075320818662,0.07575967100532213,0.9500075320818662,69.0,0.9599811723974944,0.06888414486233038,0.9599811723974944
20.0,0.9592244137042424,0.06795144050300331,0.9592244137042424,1160.0,0.9286511782572069,0.11693824818307418,0.9286511782572069,71.0,0.9581620281636506,0.068594658214355,0.9581620281636506,1.6,0.9685718465377827,0.05534603139362958,0.9685718465377827,3.55,0.9592131017856672,0.07178656823807907,0.9592131017856672,20.0,0.7313489860991029,0.2672899423376817,0.7313489860991029,19.2,0.9507017100856434,0.07509083731007132,0.9507017100856434,60.0,0.9605585582033825,0.06824654847473062,0.9605585582033825
96.5,0.9601037306197202,0.06572896001765006,0.9601037306197202,1116.0,0.9289638585035684,0.11674590398724655,0.9289638585035684,73.0,0.9580886689645948,0.06867346629183523,0.9580886689645948,-1.6,0.9684934664750716,0.05546267807494624,0.9684934664750716,15.31,0.9595339565304397,0.07138289324206099,0.9595339565304397,28.0,0.7331644285497255,0.2657846255592351,0.7331644285497255,32.9,0.9512404014338612,0.07466920500542597,0.9512404014338612,56.9,0.9612996663111536,0.06724307494545625,0.9612996663111536
88.2,0.9604984744745944,0.06512251795031897,0.9604984744745944,1466.0,0.929892490375266,0.11543768475866593,0.929892490375266,73.0,0.9577163879511149,0.06925417094550901,0.9577163879511149,-0.8,0.9684609851636484,0.05550577814785506,0.9684609851636484,19.16,0.9595897356317816,0.07131737227972047,0.9595897356317816,35.0,0.7344212260073011,0.26532477974145013,0.7344212260073011,33.7,0.9517728853231672,0.07424894435409214,0.9517728853231672,62.4,0.9616400704034523,0.06695672405079721,0.9616400704034523
88.2,0.9606309270200104,0.06486857544246595,0.9606309270200104,1846.0,0.9304872992829192,0.11484498067187182,0.9304872992829192,70.0,0.9573941391099007,0.06987062986616041,0.9573941391099007,-0.8,0.9683337560370561,0.05570427680677503,0.9683337560370561,24.09,0.9593777933057491,0.07156206847306526,0.9593777933057491,42.0,0.735075254751232,0.26538074863648,0.735075254751232,35.3,0.9522007621724086,0.07395735201110726,0.9522007621724086,65.5,0.9620816097831492,0.06651773098168991,0.9620816097831492
76.9,0.9605721859774347,0.06497494378398706,0.9605721859774347,2079.0,0.9306939309141391,0.11472979486080799,0.9306939309141391,46.0,0.9574233607822874,0.06983529035752908,0.9574233607822874,-7.8,0.9685522075176475,0.05535479042953173,0.9685522075176475,23.99,0.959184167687569,0.07177131094230767,0.959184167687569,42.0,0.7345791105048952,0.26530278120204787,0.7345791105048952,34.5,0.9518284811589288,0.07453209168613113,0.9518284811589288,67.8,0.9622996453174202,0.06635599346359575,0.9622996453174202
46.7,0.9602133755046746,0.0656461079050902,0.9602133755046746,2038.0,0.930451558162333,0.11495744161052947,0.930451558162333,22.0,0.9574742571399489,0.06977923335882043,0.9574742571399489,-0.8,0.9686198647970636,0.055284467830186125,0.9686198647970636,14.08,0.959242908730145,0.07166552399739326,0.959242908730145,40.0,0.7345791105048952,0.2653027812020469,0.7345791105048952,30.6,0.9520761543119068,0.07415832858082833,0.9520761543119068,71.0,0.962008250584093,0.06659706271438767,0.962008250584093
17.6,0.9601025141305402,0.0658031769251809,0.9601025141305402,1901.0,0.930451558162333,0.11495744161053009,0.930451558162333,19.0,0.9573494350956379,0.06993771785882791,0.9573494350956379,0.0,0.9688333070426407,0.05500758349394603,0.9688333070426407,5.17,0.9596271031200208,0.07121316761958016,0.9596271031200208,33.0,0.7345999660142106,0.2652939158078387,0.7345999660142106,22.7,0.9523970090566793,0.07375881399251714,0.9523970090566793,63.5,0.9623805315975728,0.0660124877812168,0.9623805315975728
17.6,0.959872326880814,0.0660650167699424,0.959872326880814,1599.0,0.9305422256573795,0.11482301188271107,0.9305422256573795,20.0,0.9572985387379762,0.0699937581563752,0.9572985387379762,0.0,0.9685279154591295,0.055366707653679584,0.9685279154591295,4.14,0.9592429087301447,0.07166552399739325,0.9592429087301447,29.0,0.7343797448907833,0.2652904715161059,0.7343797448907833,21.6,0.9522033834384992,0.07396587604761018,0.9522033834384992,63.1,0.9624238499482827,0.0659696142207356,0.9624238499482827
18.8,0.9599141453119794,0.0660016152926686,0.9599141453119794,1369.0,0.9302215793630606,0.11509598967573234,0.9302215793630606,19.0,0.9572985387379762,0.06999375815637329,0.9572985387379762,8.6,0.968179973374356,0.05593280558918164,0.968179973374356,3.67,0.9590337493598587,0.07185534486034181,0.9590337493598587,27.0,0.7338443836660741,0.2653974337963114,0.7338443836660741,21.2,0.9516337769341595,0.07484797560148593,0.9516337769341595,60.8,0.9623680708469408,0.06603566309971398,0.9623680708469408
22.7,0.9598270250302577,0.06608817990857256,0.9598270250302577,1031.0,0.9300833355899203,0.11518145668099727,0.9300833355899203,24.0,0.957397667538728,0.06977311498005397,0.957397667538728,6.2,0.9677852295194819,0.05654827289557595,0.9677852295194819,2.9,0.9586223929203127,0.07232534416210198,0.9586223929203127,27.0,0.7337287185627034,0.26541933231001824,0.7337287185627034,19.6,0.9512207952441913,0.07537767924457674,0.9512207952441913,58.8,0.9619733269920666,0.06664301564088153,0.9619733269920666
23.1,0.9592496392243697,0.06672652627445637,0.9592496392243697,928.0,0.9298965766579307,0.11530233742377484,0.9298965766579307,24.0,0.9570762828829099,0.0702969314602657,0.9570762828829099,-3.1,0.9677852295194819,0.05654827289557595,0.9677852295194819,4.27,0.9586223929203128,0.07232534416210198,0.9586223929203128,28.0,0.7332120716274114,0.2658006772007903,0.7332120716274114,19.2,0.9510109038038084,0.07558011188113072,0.9510109038038084,62.7,0.9618066865165903,0.06686624317155716,0.9618066865165903
31.8,0.9587710019122583,0.06718166381877501,0.9587710019122583,950.0,0.9296857806263513,0.11550785573273378,0.9296857806263513,33.0,0.95602534215302,0.07271404010819285,0.95602534215302,-7.0,0.9683583894005559,0.05539589600932264,0.9683583894005559,4.95,0.9585931712479261,0.0723606573607656,0.9585931712479261,30.0,0.7333393007540038,0.2656909502239678,0.7333393007540038,22.0,0.9510726067876184,0.07550363914761683,0.9510726067876184,63.1,0.9614844376753761,0.06748633452287105,0.9614844376753761
37.3,0.9581024815017648,0.06797332580091606,0.9581024815017648,1035.0,0.9300805244812256,0.11494349513512239,0.9300805244812256,21.0,0.9555922653184672,0.07365005905110893,0.9555922653184672,-4.7,0.9678645167449298,0.05623635042707711,0.9678645167449298,5.35,0.9582135754605776,0.072869166034004,0.9582135754605776,30.0,0.732783990393359,0.26561562477571893,0.732783990393359,23.1,0.9507137963148584,0.07616370862130721,0.9507137963148584,65.9,0.9614635821660605,0.06750633232857875,0.9614635821660605
21.2,0.9582778621962516,0.06777930014724605,0.9582778621962516,1019.0,0.9304027733224398,0.11436159526834952,0.9304027733224398,22.0,0.9557519757564829,0.07341488148454141,0.9557519757564829,3.1,0.9670758673244984,0.05834054077219396,0.9670758673244984,3.2,0.9580001332150005,0.07313876882653386,0.9580001332150005,28.0,0.7325915110696317,0.2657302052612964,0.7325915110696317,18.8,0.9507137963148584,0.07616370862130721,0.9507137963148584,60.0,0.9613898706632205,0.06765385863061127,0.9613898706632205
23.1,0.9585255353492296,0.06740099796291736,0.9585255353492296,945.0,0.9303539242585588,0.1144369545190843,0.9303539242585588,19.0,0.9560774624845787,0.07266386505237081,0.9560774624845787,0.0,0.9668240920992427,0.05895652810161721,0.9668240920992427,3.21,0.9580489822788818,0.0730587125716663,0.9580489822788818,25.0,0.7326463894090299,0.2657108743112928,0.7326463894090299,18.8,0.9508213864213153,0.07597995939283886,0.9508213864213153,66.7,0.9614387197271015,0.06757321408563843,0.9614387197271015
20.4,0.9585255353492296,0.06740099796291736,0.9585255353492296,1163.0,0.9305723757391501,0.11411596903997663,0.9305723757391501,20.0,0.9559867949895322,0.07280658797255819,0.9559867949895322,3.1,0.9667653510566668,0.059063992418804244,0.9667653510566668,3.35,0.9578676806695846,0.07339082329712092,0.9578676806695846,19.0,0.732465100141922,0.2657020880108133,0.732465100141922,19.2,0.9508632048524807,0.07591764633164118,0.9508632048524807,58.4,0.9614387197271016,0.0675732140856378,0.9614387197271016
29.8,0.9588176983326613,0.06691083475297688,0.9588176983326613,828.0,0.9313022841170057,0.11224196906597374,0.9313022841170057,35.0,0.9562672253995812,0.07225496478400728,0.9562672253995812,1.6,0.9670875998978811,0.05843744124711563,0.9670875998978811,3.6,0.9579618953779561,0.07329260971825655,0.9579618953779561,10.0,0.7317603834619537,0.2659377100068923,0.7317603834619537,19.6,0.9509365640515367,0.07584007104049124,0.9509365640515367,60.8,0.9613898706632205,0.06765385863061127,0.9613898706632205
54.1,0.9589843388081376,0.06668838068352272,0.9589843388081376,827.0,0.9314932635211882,0.1120106393879434,0.9314932635211882,32.0,0.9560487739189896,0.07259583783169928,0.9560487739189896,4.7,0.9672148290244734,0.058239576425181516,0.9672148290244734,5.96,0.9580755730886329,0.0731768581618712,0.9580755730886329,4.0,0.7310998103425723,0.26612560090378073,0.7310998103425723,24.7,0.9507039494817688,0.07595278228085124,0.9507039494817688,55.7,0.9617378127479941,0.06709625438890816,0.9617378127479941
39.2,0.9591768181318648,0.06646039851856654,0.9591768181318648,775.0,0.9313634901108536,0.11211498199601463,0.9313634901108536,33.0,0.9561838361018555,0.07244038699544315,0.9561838361018555,4.7,0.9672391679531798,0.05821303262801145,0.9672391679531798,4.16,0.9577375479304612,0.07359322458190778,0.9577375479304612,0.0,0.7305746894632709,0.26620927067016187,0.7305746894632709,20.8,0.950210076826143,0.07676618739768404,0.950210076826143,56.9,0.9620857548327674,0.06653822896517668,0.9620857548327674
38.4,0.9596640369330611,0.06600087032400606,0.9596640369330611,795.0,0.9313788513418598,0.11210458964108493,0.9313788513418598,36.0,0.956399325641213,0.0721396190387742,0.956399325641213,4.7,0.9669967952013737,0.058466085122293426,0.9669967952013737,4.03,0.9575883869574439,0.07377711597872227,0.9575883869574439,0.0,0.730407393533587,0.2662469375555955,0.730407393533587,20.4,0.9502425581375662,0.07672469711876792,0.9502425581375662,56.5,0.9620857548327674,0.06653822896517604,0.9620857548327674
42.4,0.9598500071022293,0.06569942079697316,0.9598500071022293,793.0,0.9314914506833312,0.11198029402723632,0.9314914506833312,71.0,0.9561762056007503,0.07253413658470913,0.9561762056007503,5.5,0.9666245141878937,0.05905661488338712,0.9666245141878937,4.64,0.9570313188831803,0.07537213779672002,0.9570313188831803,9.0,0.731148501641358,0.26571381145761647,0.731148501641358,21.2,0.9500697178339743,0.0770877921015256,0.9500697178339743,53.7,0.9618997846635992,0.06684027788054206,0.9618997846635992
74.1,0.9599748291465402,0.06553992366106329,0.9599748291465402,1952.0,0.9320688364892193,0.11139081761753156,0.9320688364892193,20.0,0.9561469839283636,0.07256934202212384,0.9561469839283636,-5.5,0.9668429656684854,0.05870854726499377,0.9668429656684854,22.58,0.9569824698192991,0.07545198300876181,0.9569824698192991,17.0,0.7307517354406105,0.26599094148847624,0.7307517354406105,34.5,0.9501434293368144,0.07694285756899788,0.9501434293368144,67.1,0.9618015200482435,0.06696962267407328,0.9618015200482435
76.9,0.9598806144381687,0.06563913476693413,0.9598806144381687,1533.0,0.9325783632508226,0.11090436517615586,0.9325783632508226,21.0,0.9563868123964274,0.07224276010353659,0.9563868123964274,2.3,0.9671219000518373,0.05840363388903793,0.9671219000518373,18.32,0.9569406513881338,0.0755147602883051,0.9569406513881338,24.0,0.7293407146397475,0.2666891196901478,0.7293407146397475,32.9,0.9498512663533828,0.07742512957408143,0.9498512663533828,64.3,0.9619339725936595,0.0667155657287699,0.9619339725936595
56.9,0.9599539736372248,0.06555992775343535,0.9599539736372248,1178.0,0.932620181681988,0.11084494319185978,0.932620181681988,66.0,0.9566699592152013,0.07187369098759354,0.9566699592152013,-3.1,0.9670601970680274,0.05848265212648992,0.9670601970680274,11.53,0.9568055892052679,0.07566991645727651,0.9568055892052679,31.0,0.7281799006234969,0.2669992609677569,0.7281799006234969,30.2,0.9495591033699513,0.0779070903421484,0.9495591033699513,69.0,0.9620415627001165,0.06652838916419555,0.9620415627001165
80.4,0.9602371204559984,0.06518735209158688,0.9602371204559984,1689.0,0.9322946949538922,0.11156297258812271,0.9322946949538922,70.0,0.9569228802615048,0.07170768790515117,0.9569228802615048,-1.6,0.9671385771307386,0.05836643611910709,0.9671385771307386,21.0,0.9571269738610861,0.07514806618304731,0.9571269738610861,42.0,0.7271499790994821,0.26715629200998764,0.7271499790994821,33.7,0.9496079524338323,0.07782805074633625,0.9496079524338323,65.9,0.9626147225811905,0.0653891919077118,0.9626147225811905
83.5,0.9603619425003093,0.06502771718395559,0.9603619425003093,2209.0,0.9315060455334607,0.1135395333634574,0.9315060455334607,62.0,0.9569228802615048,0.07170768790515117,0.9569228802615048,0.0,0.967044362422367,0.05846718211593723,0.967044362422367,27.66,0.9571960168040552,0.07505542931288235,0.9571960168040552,46.0,0.7258869244743532,0.2675975655219807,0.7258869244743532,35.7,0.949826403914424,0.07749090147863122,0.949826403914424,67.8,0.9627875628847823,0.06501883495420657,0.9627875628847823
73.7,0.9605432441096065,0.06469309074498163,0.9605432441096065,1590.0,0.9309945886361967,0.11453764494990037,0.9309945886361967,59.0,0.9569228802615048,0.07170768790515117,0.9569228802615048,-9.4,0.9669659823596558,0.058583377713854905,0.9669659823596558,17.53,0.957521503532151,0.07430376093436172,0.957521503532151,50.0,0.724469679880194,0.26827928861992806,0.724469679880194,32.5,0.9503703421231111,0.07640863583042426,0.9503703421231111,66.3,0.9628463039273583,0.06491220568127984,0.9628463039273583
19.2,0.9604356540031496,0.06488015813777406,0.9604356540031496,1503.0,0.9308086184670284,0.11481949749542296,0.9308086184670284,22.0,0.9567369100923366,0.07200697254232309,0.9567369100923366,3.1,0.9670093007103657,0.05853993882498899,0.9670093007103657,3.65,0.9576206323329027,0.07408350919689927,0.9576206323329027,46.0,0.7235759253479189,0.2690434165551518,0.7235759253479189,20.8,0.9505197506607335,0.0761627095733192,0.9505197506607335,62.7,0.962455012143175,0.06562756557504755,0.962455012143175
39.6,0.9602172025225579,0.06522433842073352,0.9602172025225579,1276.0,0.9304244240771526,0.11523852583436839,0.9304244240771526,34.0,0.9564158777403027,0.07246167275031587,0.9564158777403027,6.2,0.9670458623419116,0.058487979876206776,0.9670458623419116,7.14,0.9572001188763328,0.07482613057468837,0.9572001188763328,46.0,0.723683515454376,0.2689370068475706,0.723683515454376,25.5,0.9500992372041636,0.07689841768882826,0.9500992372041636,67.8,0.9624815695721302,0.0655971660276562,0.9624815695721302
39.6,0.9600017129832006,0.06552798872822636,0.9600017129832006,1275.0,0.9295598694627517,0.11652215294635371,0.9295598694627517,41.0,0.9563032783988311,0.0725946621589431,0.9563032783988311,4.7,0.9673681111831259,0.05786104360238847,0.9673681111831259,7.31,0.9570334784008565,0.07504671081120924,0.9570334784008565,48.0,0.7241539931579638,0.26857930766251736,0.7241539931579638,25.9,0.9500109767913985,0.07700435287535394,0.9500109767913985,68.2,0.9625599496348413,0.06548212457219806,0.9625599496348413
48.2,0.960022568492516,0.06550798280553399,0.960022568492516,1328.0,0.9296107658204134,0.11647050283347811,0.9296107658204134,42.0,0.9562629598872103,0.07263191530603627,0.9562629598872103,-1.6,0.9681567606035574,0.05575579825317869,0.9681567606035574,9.4,0.9570069209719013,0.07507665550645702,0.9570069209719013,50.0,0.7251381609175699,0.26847430324090416,0.7251381609175699,27.8,0.9504122962116845,0.0767443277062331,0.9504122962116845,67.1,0.9626017680660067,0.0654185041609392,0.9626017680660067
49.4,0.9594277595848628,0.06615467086953186,0.9594277595848628,1395.0,0.9296990262331785,0.11637089990701831,0.9296990262331785,20.0,0.9561228768406892,0.07282266237617953,0.9561228768406892,-1.6,0.9681079115396762,0.05583765040071042,0.9681079115396762,10.12,0.9570802801709571,0.07499843911727523,0.9570802801709571,50.0,0.7251381609175699,0.26847430324090416,0.7251381609175699,27.8,0.9499227163786332,0.0771102670508005,0.9499227163786332,67.8,0.9625599496348413,0.06548212457219868,0.9625599496348413
18.8,0.9592417894156946,0.06645588831412019,0.9592417894156946,1355.0,0.9296107658204134,0.11647050283347811,0.9296107658204134,21.0,0.9561646952718547,0.07275982663880656,0.9561646952718547,17.2,0.9681344689686315,0.055806782539305544,0.9681344689686315,3.74,0.9576373482452207,0.07340311374745477,0.9576373482452207,45.0,0.7261696341965312,0.2683221226316579,0.7261696341965312,20.4,0.950021845179385,0.07689217847238776,0.950021845179385,62.7,0.9628821984760556,0.06486061828104145,0.9628821984760556
24.3,0.9587947185301694,0.06723344696857167,0.9587947185301694,987.0,0.929351084148405,0.11688983507366944,0.929351084148405,30.0,0.9562919243984469,0.07256627674514236,0.9562919243984469,8.6,0.9683821421216097,0.05542116887686868,0.9683821421216097,2.9,0.9573542014264472,0.0737721469767814,0.9573542014264472,30.0,0.7270723265939538,0.2682755763599068,0.7270723265939538,18.4,0.9497004605235668,0.0774091874306576,0.9497004605235668,57.3,0.9630146510214717,0.06460596509392637,0.9630146510214717
42.0,0.9586546354836483,0.06742554412887751,0.9586546354836483,1524.0,0.9294783132749973,0.1167083043930649,0.9294783132749973,52.0,0.956365283597503,0.07248793481397549,0.956365283597503,-3.9,0.9682830133208579,0.05564597779561207,0.9682830133208579,9.28,0.9574424618392124,0.07366498487686925,0.9574424618392124,35.0,0.7271015265118278,0.2682737303586324,0.7271015265118278,29.0,0.9496679792121435,0.07745062763533836,0.9496679792121435,67.8,0.9630146510214717,0.06460596509392574,0.9630146510214717
61.2,0.9584411932380714,0.06769649799635966,0.9584411932380714,1792.0,0.9292628237356398,0.11698934316559396,0.9292628237356398,36.0,0.9560910530155695,0.07289396088674582,0.9560910530155695,3.1,0.9684558536244496,0.05527156337749388,0.9684558536244496,16.04,0.9574424618392124,0.07366498487686925,0.9574424618392124,38.0,0.7270723048394412,0.26829140514941524,0.7270723048394412,31.8,0.9495571178380091,0.07760442603779914,0.9495571178380091,68.6,0.9627915309810092,0.06500518962844917,0.9627915309810092
46.3,0.95792646507313,0.06854131146507114,0.95792646507313,1325.0,0.9296107658204134,0.11647050283347811,0.9296107658204134,37.0,0.9560910530155695,0.07289396088674582,0.9560910530155695,-2.3,0.9682745520151526,0.05561091101668468,0.9682745520151526,8.64,0.9571620314291635,0.07421692526958651,0.9571620314291635,43.0,0.7268969241449545,0.26838330466706956,0.7268969241449545,27.5,0.9494495277315521,0.07778772397359665,0.9494495277315521,67.5,0.9628699110437203,0.06489005949530786,0.9628699110437203
43.5,0.9580980888875414,0.06833388212493714,0.9580980888875414,1476.0,0.9299511699127121,0.11621321045361543,0.9299511699127121,36.0,0.9560544913840237,0.07294472993337864,0.9560544913840237,-4.7,0.9681420994697365,0.05586828255360133,0.9681420994697365,9.08,0.9575416272165119,0.07370957229343199,0.9575416272165119,48.0,0.726236604499338,0.26831815667920916,0.726236604499338,27.5,0.9496972008845301,0.07741584110664232,0.9496972008845301,69.8,0.962843353614765,0.06492049227203428,0.962843353614765
38.4,0.9581863493003067,0.06822612522501194,0.9581863493003067,1625.0,0.9302134612221703,0.11588709308179392,0.9302134612221703,18.0,0.9558816510804318,0.07331089967362196,0.9558816510804318,0.8,0.9685009099424966,0.05518755132288935,0.9685009099424966,9.34,0.9576907881895291,0.0735256804754303,0.9576907881895291,48.0,0.7257052457506913,0.2682335867948861,0.7257052457506913,27.8,0.9497390193156955,0.07735367285017103,0.9497390193156955,72.2,0.9628991327161069,0.06485434239237367,0.9628991327161069
18.0,0.958088084684951,0.06835477568107516,0.958088084684951,1558.0,0.9302552796533355,0.1158280710337,0.9302552796533355,19.0,0.9556927189700296,0.07358128551901277,0.9556927189700296,0.0,0.9688222945983147,0.05465191014362141,0.9688222945983147,4.04,0.9577850028979005,0.07342750096532726,0.9577850028979005,44.0,0.7253438948870363,0.26849377192727936,0.7253438948870363,22.0,0.9498987297537111,0.07712070962155548,0.9498987297537111,62.7,0.9632470748008803,0.06429477469494028,0.9632470748008803
18.4,0.957750059526779,0.06877284950432812,0.957750059526779,1422.0,0.9303801016976467,0.1156807524629032,0.9303801016976467,21.0,0.9550461998898999,0.07478486588013931,0.9550461998898999,15.6,0.9693161672539408,0.0538097600098748,0.9693161672539408,3.92,0.9575925235741735,0.07365371338383589,0.9575925235741735,41.0,0.7246570572952857,0.2692210872312025,0.7246570572952857,21.2,0.9497878683795767,0.07727458829608834,0.9497878683795767,63.9,0.9633058158434563,0.06418804659347904,0.9633058158434563
45.5,0.9573912490540191,0.06944047533998775,0.9573912490540191,1348.0,0.9300321596128731,0.11620038983077732,0.9300321596128731,45.0,0.9547719693079665,0.07518961485118981,0.9547719693079665,0.0,0.9693161672539408,0.0538097600098748,0.9693161672539408,8.94,0.9576290852057192,0.07360288076831856,0.9576290852057192,42.0,0.7240342163062918,0.2696046889416159,0.7240342163062918,27.5,0.9500682987896257,0.0767281380012822,0.9500682987896257,67.8,0.9632470748008803,0.06429477469493773,0.9632470748008803
50.2,0.9570990860705876,0.06992907642488433,0.9570990860705876,1407.0,0.9296625577344748,0.11660908957020795,0.9296625577344748,36.0,0.9546918512779182,0.0752802663787914,0.9546918512779182,3.9,0.9693749082965166,0.053701674843175284,0.9693749082965166,10.54,0.9573369222222876,0.07409034388992895,0.9573369222222876,43.0,0.7241729674143267,0.2695516382435532,0.7241729674143267,29.0,0.9496840710189539,0.07757702078354638,0.9496840710189539,68.2,0.9630657731915833,0.06463048687563724,0.9630657731915833
42.7,0.9568248554886541,0.07033617918354952,0.9568248554886541,1449.0,0.9302853987234686,0.11589702664483538,0.9302853987234686,33.0,0.9547901158932739,0.07515283453290995,0.9547901158932739,0.8,0.9698687809521425,0.052858528707423365,0.9698687809521425,9.15,0.9570772405502793,0.074535595177453,0.9570772405502793,44.0,0.7251137731982414,0.26948201117198856,0.7251137731982414,27.5,0.9494656195383623,0.07791409436529699,0.9494656195383623,69.8,0.9627350951860211,0.06491325119608145,0.9627350951860211
39.2,0.9571471043298684,0.06972027146100822,0.9571471043298684,1458.0,0.9307657255671976,0.11542674028998712,0.9307657255671976,49.0,0.9548488569358498,0.07504778057281686,0.9548488569358498,0.8,0.9699105993833079,0.052793837901308295,0.9699105993833079,8.49,0.9572173235968003,0.07434488716599388,0.9572173235968003,45.0,0.7251137731982414,0.26948201117198856,0.7251137731982414,27.1,0.9493749520433158,0.07805523317114492,0.9493749520433158,70.6,0.962362209782299,0.06524318125427596,0.962362209782299
58.4,0.9570733928270284,0.06986691831907912,0.9570733928270284,1543.0,0.9307657255671976,0.11542674028998712,0.9307657255671976,50.0,0.9547751454330097,0.07519363819890185,0.9547751454330097,-0.8,0.9700012668783544,0.05264696595286068,0.9700012668783544,13.75,0.9571585825542245,0.07445026773476389,0.9571585825542245,49.0,0.7238507185731125,0.26991539093245237,0.7238507185731125,31.0,0.9495243605809384,0.07780984875771439,0.9495243605809384,68.2,0.9622373877379882,0.06540315592385271,0.9622373877379882
62.4,0.9569409402816125,0.07011916215310841,0.9569409402816125,1666.0,0.9303342477873496,0.11582175049760367,0.9303342477873496,51.0,0.9542812727773838,0.0760112583393641,0.9542812727773838,-1.6,0.9699130064655892,0.052757623263292676,0.9699130064655892,15.71,0.956810640469451,0.07500231097762398,0.956810640469451,53.0,0.7229449308762174,0.26995581551203396,0.7229449308762174,31.8,0.9491038471243685,0.07854398600670896,0.9491038471243685,68.6,0.9621786466954121,0.06550968277763285,0.9621786466954121
57.6,0.9568418114808607,0.07033965731905731,0.9568418114808607,1803.0,0.9300035697817874,0.11607517060845261,0.9300035697817874,41.0,0.9540215911053754,0.07645443683672443,0.9540215911053754,-0.8,0.9700205965720463,0.052567222687517026,0.9700205965720463,15.34,0.9567781591580278,0.07504418264929438,0.9567781591580278,33.67243525896414,0.72361013480204,0.2697795993943882,0.72361013480204,31.4,0.9489149150139661,0.07881120630803032,0.9489149150139661,69.0,0.9617455698608592,0.06645539442717247,0.9617455698608592
49.8,0.9571014931528689,0.06989338672271034,0.9571014931528689,1857.0,0.9298876496413488,0.11613526146212308,0.9298876496413488,44.0,0.9541464131496865,0.0762974193074193,0.9541464131496865,2.3,0.9700624150032118,0.05250250848374944,0.9700624150032118,13.6,0.9567781591580278,0.07504418264929565,0.9567781591580278,33.67243525896414,0.7245511383314702,0.26927216460919995,0.7245511383314702,30.6,0.9493354284705361,0.07807734740670758,0.9493354284705361,70.6,0.9616765269178902,0.06654914036530603,0.9616765269178902
44.7,0.9575953658084948,0.06906996250295515,0.9575953658084948,1900.0,0.9294687903747921,0.11648300622060832,0.9294687903747921,38.0,0.9549054808718467,0.07529949013006637,0.9549054808718467,3.9,0.9698525235628288,0.05271455381355994,0.9698525235628288,12.63,0.9568890205321621,0.07488878087406056,0.9568890205321621,57.0,0.7257239821417775,0.2677307983152694,0.7257239821417775,30.2,0.9489023516359834,0.07900390405816772,0.9489023516359834,71.0,0.961215849220168,0.06699735172174856,0.961215849220168
43.5,0.9579159441342147,0.06883451905216076,0.9579159441342147,1914.0,0.928891404568904,0.11706728834379215,0.928891404568904,31.0,0.9553334581401125,0.07491714980855202,0.9553334581401125,6.2,0.9693586509072027,0.053557758221842014,0.9693586509072027,9.23,0.9566246866812492,0.07512910643222344,0.9566246866812492,56.0,0.726016145125209,0.2674518744849561,0.726016145125209,25.5,0.9483857047006914,0.07969588479650763,0.9483857047006914,71.4,0.9603129766861842,0.0683927305760611,0.9603129766861842
37.3,0.9578650477765531,0.06889065552798618,0.9578650477765531,1506.0,0.9287101029596068,0.11737984513043459,0.9287101029596068,35.0,0.9552717551563026,0.07499404684026412,0.9552717551563026,0.0,0.9692802708444916,0.05367465153640868,0.9692802708444916,8.07,0.9564507748257314,0.07526335201452508,0.9564507748257314,55.0,0.7261944598453651,0.2673703250260101,0.7261944598453651,27.1,0.9481612207488311,0.07990681130352084,0.9481612207488311,71.8,0.9598761578052383,0.06878433871552199,0.9598761578052383
41.6,0.9577262966685184,0.06901916532322995,0.9577262966685184,1506.0,0.9285288013503097,0.11769227096198757,0.9285288013503097,38.0,0.9553989842828947,0.07480099333191094,0.9553989842828947,4.7,0.9690943006753234,0.05398161934857671,0.9690943006753234,9.18,0.9562388324996988,0.07550626996104245,0.9562388324996988,55.0,0.7270690760596147,0.26660011111366466,0.7270690760596147,27.5,0.9475371645100955,0.08107373669065081,0.9475371645100955,70.6,0.9599250068691193,0.06870388950372446,0.9599250068691193
42.7,0.9577262966685184,0.06901916532322995,0.9577262966685184,1508.0,0.9286536233946205,0.11754553410867312,0.9286536233946205,38.0,0.955362422651349,0.07485164861164027,0.955362422651349,3.9,0.9693174207157859,0.053577047367055104,0.9693174207157859,9.61,0.9563985429377144,0.07527122666956271,0.9563985429377144,55.0,0.7268121107963311,0.2667157752155181,0.7268121107963311,27.8,0.947424565168624,0.08120430882502912,0.947424565168624,70.2,0.9597533830547076,0.06891169493244353,0.9597533830547076
43.5,0.9575128544229412,0.06928947249470783,0.9575128544229412,1480.0,0.9291556778184351,0.11690014347632495,0.9291556778184351,37.0,0.9553867615800552,0.07482588942961337,0.9553867615800552,3.9,0.9694665816888032,0.05338751569193214,0.9694665816888032,9.48,0.9564892104327609,0.07512866998732258,0.9564892104327609,52.0,0.7273235676935951,0.26607500277830287,0.7273235676935951,27.8,0.9468014137842717,0.08175871982051319,0.9468014137842717,70.2,0.9595190852998151,0.06920257787048097,0.9595190852998151
40.0,0.9574511514391314,0.06936692966779451,0.9574511514391314,1408.0,0.9295453371671178,0.11656521204325207,0.9295453371671178,44.0,0.955127079908047,0.07526995156280171,0.955127079908047,1.6,0.9694665816888032,0.05338751569193085,0.9694665816888032,7.06,0.9562576290865931,0.07559982576420782,0.9562576290865931,50.0,0.7276867270105805,0.26594357213419983,0.7276867270105805,25.9,0.9468751252871118,0.08161468869919775,0.9468751252871118,69.8,0.959305643054238,0.06947340788888827,0.959305643054238
53.3,0.9573186988937153,0.06961934987633994,0.9573186988937153,1357.0,0.9292245843526006,0.11689838909797398,0.9292245843526006,44.0,0.9546332072524211,0.07608786245395883,0.9546332072524211,1.6,0.9692042903793451,0.053747010162076204,0.9692042903793451,10.65,0.9558245522520403,0.07653478130906158,0.9558245522520403,50.0,0.7274118281063602,0.2660207078549943,0.7274118281063602,29.0,0.9465528764458976,0.08221942970150373,0.9465528764458976,67.1,0.9591822066734801,0.06960757602547217,0.9591822066734801
52.5,0.9574295602678498,0.06946322227654735,0.9574295602678498,1385.0,0.9287079374173085,0.11755313946476226,0.9287079374173085,46.0,0.9544772895602397,0.07626215172291062,0.9544772895602397,-2.3,0.9689644619112814,0.05408302920460728,0.9689644619112814,10.66,0.9555847237839765,0.07686007294976212,0.9555847237839765,51.0,0.7273163464467511,0.26604712290444865,0.7273163464467511,29.4,0.9464838335029286,0.08231039283417514,0.9464838335029286,67.5,0.9589932745630778,0.06987972502269447,0.9589932745630778
43.5,0.9580894991892582,0.06867700059028758,0.9580894991892582,1406.0,0.9281067541927425,0.11840610084819812,0.9281067541927425,20.0,0.9542913193910715,0.07655971261501068,0.9542913193910715,3.1,0.9688737944162349,0.0542295992508379,0.9688737944162349,8.51,0.9559760155681598,0.07615479911552898,0.9559760155681598,48.0,0.7285809446164062,0.26560089857285835,0.7285809446164062,26.7,0.9468426439756887,0.08165584557548324,0.9468426439756887,68.6,0.9587011115796462,0.07036908099484848,0.9587011115796462
18.8,0.9584484335145549,0.06838347009305924,0.9584484335145549,1296.0,0.9281067541927425,0.11840610084819872,0.9281067541927425,20.0,0.9541100177817743,0.07688974667062183,0.9541100177817743,17.2,0.9688372327846889,0.054281825464416976,0.9688372327846889,3.54,0.9562356972401681,0.07571054640135402,0.9562356972401681,44.0,0.72890156102212,0.2654913701386625,0.72890156102212,20.4,0.9469333114707352,0.08151546780409659,0.9469333114707352,61.6,0.9585738824530539,0.07056345874087536,0.9585738824530539
19.6,0.9580200905935806,0.06893170429179753,0.9580200905935806,1168.0,0.9278883027121508,0.11872508370780352,0.9278883027121508,23.0,0.9538582425565186,0.07749216818352857,0.9538582425565186,3.1,0.9692319766395632,0.05366471585430014,0.9692319766395632,3.67,0.9558877551553946,0.07626154637729549,0.9558877551553946,41.0,0.7285596731607704,0.26574788360295065,0.7285596731607704,19.6,0.9462867923906052,0.08270167521274722,0.9462867923906052,58.0,0.9583814031293267,0.07079045690979047,0.9583814031293267
39.6,0.957647809580101,0.06951226319277697,0.957647809580101,1349.0,0.9279207840235743,0.11868616162761812,0.9279207840235743,54.0,0.9535840119745854,0.07789558175225651,0.9535840119745854,6.2,0.9686588167584892,0.05481921584339268,0.9686588167584892,9.27,0.9557801650489376,0.07644633449870318,0.9557801650489376,42.0,0.7280595586304559,0.2659888144430198,0.7280595586304559,29.0,0.9460271107185969,0.08313895590321436,0.9460271107185969,58.8,0.9579463407628317,0.0714304891256178,0.9579463407628317
65.1,0.957604491229391,0.06955473419029767,0.957604491229391,1456.0,0.9274877071890214,0.11957122926662743,0.9274877071890214,54.0,0.9529329146658572,0.07866739042837032,0.9529329146658572,-3.9,0.9689184984304976,0.05436280594013633,0.9689184984304976,13.88,0.9557313159850566,0.07652601035445313,0.9557313159850566,47.0,0.7280887803028425,0.265970993973325,0.7280887803028425,31.0,0.945022971758808,0.08546501697579349,0.945022971758808,66.7,0.9575550489786484,0.0721392752887814,0.9575550489786484
59.6,0.9572431403657361,0.07004811920682891,0.9572431403657361,1598.0,0.9269352710980812,0.1203875074273718,0.9269352710980812,42.0,0.9528527966358088,0.07875755060575633,0.9528527966358088,-8.6,0.9686667232052419,0.05498105870939936,0.9686667232052419,13.95,0.9557313159850566,0.07652601035445313,0.9557313159850566,51.0,0.7280339019634446,0.26598993664940523,0.7280339019634446,30.6,0.9446750296740345,0.08600531217819744,0.9446750296740345,68.6,0.9575968674098139,0.07207630605472001,0.9575968674098139
44.7,0.9573048433495459,0.0699707247120094,0.9573048433495459,1698.0,0.9264566337859698,0.12079731350723068,0.9264566337859698,28.0,0.9528893582673548,0.07870719332796539,0.9528893582673548,0.0,0.9684436031647794,0.05538501908033838,0.9684436031647794,11.25,0.9559786736481819,0.0762540566269983,0.9559786736481819,51.0,0.7280339019634446,0.26598993664940523,0.7280339019634446,29.4,0.944515319236019,0.0862353489914302,0.944515319236019,71.4,0.9570020585021606,0.07271707378495305,0.9570020585021606
31.8,0.9570571701965679,0.07034783577025443,0.9570571701965679,1692.0,0.9261996685226862,0.1210312751077182,0.9261996685226862,19.0,0.9528650193386484,0.07873277605695903,0.9528650193386484,0.0,0.9683529356697328,0.055531382994656125,0.9683529356697328,8.18,0.9560374146907576,0.07614892806188214,0.9560374146907576,48.0,0.7281829529694349,0.26595898918307137,0.7281829529694349,26.7,0.9442556375640105,0.08667075425775345,0.9442556375640105,73.7,0.9565483218961813,0.0731123915656757,0.9565483218961813
18.4,0.956983810997512,0.0704264064655001,0.956983810997512,1570.0,0.9261996685226862,0.1210312751077176,0.9261996685226862,21.0,0.9523936095244169,0.07952453774273162,0.9523936095244169,0.0,0.9680175903437381,0.05591276063350599,0.9680175903437381,4.1,0.9558031169358652,0.07643678030559221,0.9558031169358652,43.0,0.7279527657197089,0.26608545646397935,0.7279527657197089,22.0,0.9440464781937244,0.0868537927109891,0.9440464781937244,63.1,0.9564082388496602,0.07330313155136946,0.9564082388496602
18.0,0.9568895962891404,0.07052478720696372,0.9568895962891404,1419.0,0.9259598400546224,0.12133375068907981,0.9259598400546224,47.0,0.9522944807236651,0.07974293687068931,0.9522944807236651,3.1,0.9677832925888455,0.056209583667335764,0.9677832925888455,3.78,0.9558031169358652,0.07643678030559221,0.9558031169358652,43.0,0.7275339064531523,0.26624549374562,0.7275339064531523,21.2,0.9440464781937244,0.0868537927109891,0.9440464781937244,61.2,0.9562945611389834,0.07341863638458206,0.9562945611389834
64.3,0.9575361153692704,0.06931581182466522,0.9575361153692704,1456.0,0.925801577041998,0.12145354846970614,0.925801577041998,55.0,0.9522619994122419,0.07978442511222374,0.9522619994122419,3.1,0.967571350262813,0.05645994614341047,0.967571350262813,13.67,0.9557706356244421,0.07647855377176248,0.9557706356244421,47.0,0.7278272666935746,0.26624447693811804,0.7278272666935746,31.0,0.9442417404731982,0.08667987264198503,0.9442417404731982,66.7,0.9564374605220468,0.07326793770287796,0.9564374605220468
70.6,0.9579967930669924,0.06887067717805034,0.9579967930669924,1615.0,0.9260492501949761,0.12110363087594833,0.9260492501949761,61.0,0.9519968043457074,0.07996314385225296,0.9519968043457074,-7.8,0.9673397689166453,0.056941449548110964,0.9673397689166453,17.43,0.955635573441576,0.07663335793399584,0.955635573441576,52.0,0.7281113940065282,0.2661227586899904,0.7281113940065282,32.5,0.9432132625847031,0.08902245727119827,0.9432132625847031,67.5,0.9565065034650159,0.07317523965429855,0.9565065034650159
73.7,0.9582346162878487,0.06870028703189172,0.9582346162878487,1789.0,0.9260492501949761,0.12110363087594833,0.9260492501949761,62.0,0.9515879656072225,0.08029892803162621,0.9515879656072225,0.8,0.9672491014215988,0.057087488911069274,0.9672491014215988,20.02,0.955635573441576,0.07663335793399584,0.955635573441576,57.0,0.727205606309633,0.26617210665865604,0.727205606309633,33.3,0.9430731795381819,0.08920787422282118,0.9430731795381819,67.1,0.9564772817926291,0.07321043919857367,0.9564772817926291
74.1,0.9582346162878487,0.06870028703189172,0.9582346162878487,1913.0,0.925728671869256,0.12131158552661972,0.925728671869256,64.0,0.9509848204636208,0.08093339170741295,0.9509848204636208,-6.2,0.9672491014215988,0.057087488911069274,0.9672491014215988,21.24,0.9557165997182849,0.07655841227590177,0.9557165997182849,57.0,0.7264919088103861,0.266121617213669,0.7264919088103861,33.7,0.9427061120043759,0.08941698877406858,0.9427061120043759,67.5,0.9565463247355982,0.07311773269989205,0.9565463247355982
76.5,0.9578617308841266,0.06902696483542214,0.9578617308841266,1880.0,0.9255195124989701,0.12148244409523136,0.9255195124989701,40.0,0.9505377495780956,0.08169691243791671,0.9505377495780956,-0.8,0.9668902909488387,0.05776658225786401,0.9668902909488387,20.94,0.9553370039309365,0.07706355484950635,0.9553370039309365,51.0,0.7277580424005735,0.2656775146653704,0.7277580424005735,32.9,0.942425681594327,0.08995507628995644,0.942425681594327,67.1,0.956777906081766,0.0726458227445794,0.956777906081766
57.3,0.9576757607149584,0.06932709096262477,0.9576757607149584,1659.0,0.9254086511248356,0.12162659110989002,0.9254086511248356,39.0,0.9501789391053355,0.08235424066637778,0.9501789391053355,-0.8,0.9664955470939646,0.05838041991703166,0.9664955470939646,14.58,0.9553370039309365,0.07706355484950635,0.9553370039309365,45.0,0.7286638300974685,0.26562701045992526,0.7286638300974685,31.4,0.9419926047597741,0.09086890717756461,0.9419926047597741,69.0,0.956777906081766,0.0726458227445794,0.956777906081766
58.4,0.9574868286045563,0.06959882468098408,0.9574868286045563,2246.0,0.9257578935416427,0.12127918209618226,0.9257578935416427,51.0,0.9503283476429579,0.08210930367116677,0.9503283476429579,6.2,0.9660750336373946,0.05913735931416585,0.9660750336373946,20.11,0.9556112345128699,0.07665907878330885,0.9556112345128699,46.0,0.7279136039879885,0.2661569757960849,0.7279136039879885,33.3,0.9423648857732538,0.09030716625688771,0.9423648857732538,70.6,0.9567360876506007,0.07270870784498985,0.9567360876506007
57.3,0.9573543760591403,0.0698512229330107,0.9573543760591403,2241.0,0.9259391951509399,0.12096852823305299,0.9259391951509399,37.0,0.9507488610995278,0.08137570759318791,0.9507488610995278,4.7,0.965903409822983,0.0593483527523703,0.965903409822983,8.44,0.955932619168688,0.07613827585411785,0.955932619168688,41.0,0.7274805271534356,0.2667362798569679,0.7274805271534356,25.9,0.9426047142413175,0.08999033330714669,0.9426047142413175,70.2,0.9567360876506007,0.07270870784498985,0.9567360876506007
53.3,0.9571312560186778,0.07024670146210361,0.9571312560186778,1345.0,0.9261204967602371,0.12065774341483304,0.9261204967602371,48.0,0.9510743478276236,0.08063160897110114,0.9510743478276236,-0.8,0.9661955728064144,0.058851667113036486,0.9661955728064144,10.5,0.9560574412129991,0.07598086252411482,0.9560574412129991,40.0,0.7268243302784203,0.26791263362537654,0.7268243302784203,29.0,0.942695381736364,0.08985145561481675,0.942695381736364,67.1,0.9568854961882229,0.07246039641888341,0.9568854961882229
57.6,0.9569499544093806,0.07057900014833995,0.9569499544093806,1367.0,0.9264279207458788,0.12036816844081513,0.9264279207458788,45.0,0.9513547782376724,0.0800853468151776,0.9513547782376724,4.7,0.9665569236700693,0.058348989935881154,0.9665569236700693,11.53,0.9559249886675829,0.07623197099117825,0.9559249886675829,43.0,0.7265927489322526,0.26819909033086664,0.7265927489322526,29.8,0.9428766833456612,0.08952821372788626,0.9428766833456612,67.1,0.9567126558846312,0.07282699489346574,0.9567126558846312
43.9,0.9573087648821407,0.06991213281407012,0.9573087648821407,1426.0,0.9262034367940184,0.12056347092979428,0.9262034367940184,21.0,0.9512810667348324,0.0802302378701737,0.9512810667348324,3.1,0.9666919858529353,0.05818961575284079,0.9666919858529353,8.95,0.9559249886675829,0.07623197099117825,0.9559249886675829,40.0,0.7268243302784203,0.26791263362537654,0.7268243302784203,27.5,0.9422204864706459,0.09130277731515984,0.9422204864706459,69.4,0.9564384253026978,0.07323308639704146,0.9564384253026978
18.4,0.9573087648821407,0.06991213281407203,0.9573087648821407,1279.0,0.9264189263333759,0.12028436765854839,0.9264189263333759,21.0,0.9515348274920303,0.07992761998123163,0.9515348274920303,15.6,0.9668320688994564,0.057994405403458356,0.9668320688994564,3.6,0.9559249886675829,0.07623197099117825,0.9559249886675829,33.0,0.7279084920795121,0.26715026995527685,0.7279084920795121,20.0,0.942289529413615,0.09121293703279813,0.942289529413615,61.6,0.9565618616834559,0.07309982122538213,0.9565618616834559
48.6,0.9571763123367247,0.0701644371904786,0.9571763123367247,1151.0,0.9266434102852362,0.1200889385173577,0.9266434102852362,48.0,0.9518333970026699,0.07950022542492,0.9518333970026699,6.2,0.9670943602089146,0.05763701414602949,0.9670943602089146,8.49,0.9556264191569434,0.07666243810260853,0.9556264191569434,37.0,0.7284146316318348,0.2670664015967812,0.7284146316318348,27.5,0.9425029716591921,0.09095238749566165,0.9425029716591921,65.5,0.9564124531458336,0.07334794112642504,0.9564124531458336
58.0,0.9566648554394606,0.07121663748162546,0.9566648554394606,1289.0,0.9268678942370965,0.11989340056702405,0.9268678942370965,47.0,0.9519459963441415,0.07936875455006978,0.9519459963441415,3.9,0.9671432092727956,0.05755534447885248,0.9671432092727956,11.15,0.955477010619321,0.0769097359784904,0.955477010619321,44.0,0.7288844273312659,0.26687085971305136,0.7288844273312659,29.4,0.9426889418283603,0.0906617124237782,0.9426889418283603,65.5,0.956189333105371,0.07374218266314819,0.956189333105371
56.1,0.9564051737674523,0.07166232793189117,0.9564051737674523,1518.0,0.9270079772836176,0.1197162662760637,0.9270079772836176,39.0,0.9520076993279513,0.07929244256168184,0.9520076993279513,-3.9,0.967185027703961,0.057491051375964136,0.967185027703961,12.66,0.9553863431242745,0.07705195769546491,0.9553863431242745,49.0,0.728689897121889,0.26695791122392853,0.728689897121889,30.2,0.9427132807570664,0.09063675407145125,0.9427132807570664,68.2,0.9560986656103245,0.07388482164961747,0.9560986656103245
31.0,0.9563060449667005,0.07188253155446267,0.9563060449667005,1657.0,0.9272060199905232,0.11961223886828642,0.9272060199905232,20.0,0.9520076993279513,0.07929244256168184,0.9520076993279513,0.8,0.9667694283397713,0.058125529705227524,0.9667694283397713,7.7,0.9552197026487982,0.07727168223481536,0.9552197026487982,46.0,0.7285742320185186,0.26697881844625787,0.7285742320185186,26.3,0.9426714623259012,0.09069782260132685,0.9426714623259012,73.7,0.9556733860224915,0.07423176436042013,0.9556733860224915
18.4,0.9563060449667005,0.07188253155446267,0.9563060449667005,1460.0,0.9273279230709409,0.11952087834614038,0.9273279230709409,20.0,0.9515138266723254,0.0801053393790851,0.9515138266723254,0.0,0.9666097179017558,0.0583662257928499,0.9666097179017558,3.72,0.9546855114815512,0.07812559466340271,0.9546855114815512,38.0,0.7288044192682447,0.2668523819041568,0.7288044192682447,21.2,0.9420983024448272,0.09179638526709698,0.9420983024448272,62.0,0.9560104051975594,0.07399179396084084,0.9560104051975594
19.2,0.9559218505768247,0.07233285516243236,0.9559218505768247,1236.0,0.9273644847024867,0.11947364127966219,0.9273644847024867,23.0,0.9518352113281435,0.07958815430499,0.9518352113281435,11.7,0.9669018808851874,0.05786885397318997,0.9669018808851874,3.38,0.9543241606178964,0.07861407079491342,0.9543241606178964,35.0,0.7290346065179705,0.2667258122115523,0.7290346065179705,21.2,0.9417769177890088,0.09230356053981063,0.9417769177890088,59.6,0.9559050399921443,0.07409277948326418,0.9559050399921443
36.9,0.956243235232643,0.07181041175813295,0.956243235232643,884.0,0.9267487089664432,0.12033313292050922,0.9267487089664432,33.0,0.9517215336174667,0.07970227264606894,0.9517215336174667,-0.8,0.9667617978386663,0.05806409782334405,0.9667617978386663,3.92,0.9540644789458882,0.07905656282197299,0.9540644789458882,26.0,0.7285284669656479,0.26681030432588004,0.7285284669656479,19.6,0.9411339800032951,0.09321383608402897,0.9411339800032951,50.2,0.9556895504527868,0.07439293485450603,0.9556895504527868
38.8,0.9560835247946273,0.0720459908125927,0.9560835247946273,792.0,0.9263956112493063,0.12061804477700748,0.9263956112493063,30.0,0.9512501238032353,0.0804925099271705,0.9512501238032353,4.7,0.9672332076528978,0.05724875417433426,0.9672332076528978,4.25,0.95423731924948,0.07869218040012671,0.95423731924948,17.0,0.727877381999109,0.26699574182349023,0.727877381999109,20.4,0.9409094960514348,0.09341963538438108,0.9409094960514348,56.1,0.9550898331427576,0.07554783271018747,0.9550898331427576
38.0,0.9557626700498547,0.07244781919413756,0.9557626700498547,802.0,0.9263494420176022,0.12064871851236708,0.9263494420176022,63.0,0.9512725866446295,0.08047033114145762,0.9512725866446295,-1.6,0.9677771458615851,0.0561336710514886,0.9677771458615851,4.19,0.9538460274652966,0.0793950169980265,0.9538460274652966,15.0,0.7275106904773124,0.2670137501051922,0.7275106904773124,20.4,0.9404380862372032,0.0941931157517004,0.9404380862372032,56.5,0.9546985413585742,0.0762526433327674,0.9546985413585742
82.0,0.9555471805104974,0.07274829575311599,0.9555471805104974,1596.0,0.9266701948321194,0.1203181206135995,0.9266701948321194,64.0,0.9510249134916514,0.08084210272800785,0.9510249134916514,-5.5,0.9670472374837293,0.05813020572193432,0.9670472374837293,20.15,0.9536275759847053,0.07973330785606575,0.9536275759847053,30.0,0.7286746163016897,0.2667055873288107,0.7286746163016897,33.7,0.9402491541268009,0.09445446498447191,0.9402491541268009,64.3,0.9546619797270285,0.07630320168154615,0.9546619797270285
19.6,0.9557284821197944,0.07241693490570722,0.9557284821197944,1790.0,0.9267120132632848,0.12025956310154128,0.9267120132632848,63.0,0.9511155809866979,0.08070095845766086,0.9511155809866979,-0.8,0.9667668070736805,0.05869262031401041,0.9667668070736805,5.03,0.9527482590692273,0.08192705507118336,0.9527482590692273,31.0,0.7298369903711205,0.2663946336242893,0.7298369903711205,23.5,0.9399868628173428,0.094790781932894,0.9399868628173428,62.7,0.9546619797270285,0.07630320168154615,0.9546619797270285
62.0,0.9558609346652104,0.07216535367549354,0.9558609346652104,1569.0,0.9261972850983433,0.12104474964817243,0.9261972850983433,20.0,0.9515068727708812,0.08000085691461638,0.9515068727708812,-11.7,0.9668405185765206,0.058543527867028475,0.9668405185765206,12.95,0.9526994100053462,0.08200617233368555,0.9526994100053462,29.0,0.7305238279628712,0.265655831074361,0.7305238279628712,30.2,0.9399450443861775,0.09485146574288947,0.9399450443861775,68.2,0.954620161295863,0.07636577343552542,0.954620161295863
19.2,0.9557337055386183,0.07235886098649308,0.9557337055386183,1323.0,0.92622650677073,0.12101231752073545,0.92622650677073,32.0,0.9515068727708813,0.08000085691461638,0.9515068727708813,9.4,0.9671993290492806,0.05786476000878873,0.9671993290492806,3.64,0.9529148995447037,0.0817087830143396,0.9529148995447037,19.0,0.7305238279628712,0.265655831074361,0.7305238279628712,20.0,0.9399450443861775,0.09485146574288886,0.9399450443861775,64.7,0.9551157163330078,0.07591031653978063,0.9551157163330078
40.0,0.9560755933999677,0.07188471231316593,0.9560755933999677,792.0,0.92622650677073,0.12101231752073545,0.92622650677073,34.0,0.9513143934471542,0.0802240624240777,0.9513143934471542,-2.3,0.9676422644817324,0.057295034792833564,0.9676422644817324,4.41,0.9532238735830875,0.08142267791588965,0.9532238735830875,5.0,0.7305238279628712,0.265655831074361,0.7305238279628712,20.4,0.9402657333306771,0.0945397506052005,0.9402657333306771,55.3,0.9553633894859859,0.07553548662327454,0.9553633894859859
38.0,0.955823818174712,0.0724897767731708,0.955823818174712,797.0,0.92622650677073,0.12101231752073545,0.92622650677073,35.0,0.9509935387023816,0.08062088561818358,0.9509935387023816,-2.3,0.967833243885915,0.05704207332964836,0.967833243885915,4.46,0.9533022536457987,0.0813101474360104,0.9533022536457987,9.0,0.7304032746802471,0.26567023299186204,0.7304032746802471,20.4,0.9404151418682996,0.09429957652359044,0.9404151418682996,60.4,0.9553046484434099,0.07564057218415013,0.9553046484434099
42.0,0.9557246893739602,0.07270975168199215,0.9557246893739602,773.0,0.9261016847264191,0.12115812091468009,0.9261016847264191,54.0,0.9507618847327287,0.08075738100440519,0.9507618847327287,-1.6,0.9676981817030491,0.05720181502017174,0.9676981817030491,8.29,0.9531621705992775,0.0814989626285831,0.9531621705992775,19.0,0.7302435642422316,0.2658012340497154,0.7302435642422316,28.2,0.9402241624641169,0.09453715697852015,0.9402241624641169,58.4,0.9551380079679336,0.07586052183079776,0.9551380079679336
56.5,0.9551515294928864,0.07383584038106333,0.9551515294928864,1856.0,0.926274525030011,0.12081312592230424,0.926274525030011,39.0,0.951052102137696,0.08056887857419213,0.951052102137696,3.1,0.9678007625744918,0.057085088477389176,0.9678007625744918,10.45,0.9529905467848658,0.08170282621621867,0.9529905467848658,26.0,0.7291168896636284,0.26734874761329364,0.7291168896636284,26.7,0.9397094342991754,0.09534981471409414,0.9397094342991754,69.0,0.9551704892793568,0.07581875843807066,0.9551704892793568
39.2,0.9549786891892945,0.07420147804786685,0.9549786891892945,2329.0,0.9263651925250574,0.12067997360186503,0.9263651925250574,34.0,0.9518280875848895,0.0795709009719308,0.9518280875848895,4.7,0.9673657002079966,0.05773820387186455,0.9673657002079966,8.09,0.9528045766156976,0.08199881547755399,0.9528045766156976,30.0,0.7278553867934459,0.2677938393103966,0.7278553867934459,25.9,0.9395693512526543,0.09553350113848766,0.9395693512526543,73.7,0.9549108076073486,0.07626244087988489,0.9549108076073486
42.4,0.9547927190201263,0.0744996121821635,0.9547927190201263,1572.0,0.9262543311509229,0.12082437496093161,0.9262543311509229,48.0,0.952452143823625,0.07839722696401454,0.952452143823625,-4.7,0.9671843985986996,0.05807668384625937,0.9671843985986996,9.92,0.9529774169192895,0.08163548573588082,0.9529774169192895,38.0,0.7260352640940531,0.2692722793503049,0.7260352640940531,28.2,0.9395205021887733,0.09561069951624589,0.9395205021887733,71.0,0.954695318067991,0.07656175960795825,0.954695318067991
57.3,0.9551149678613405,0.07388651800165535,0.9551149678613405,1988.0,0.926180619648083,0.12096186903268162,0.926180619648083,46.0,0.9526752638640874,0.07800575116733792,0.9526752638640874,-3.9,0.9671843985986996,0.0580766838462613,0.9671843985986996,17.37,0.9529774169192896,0.08163548573588084,0.9529774169192896,48.0,0.7251619577085813,0.2692940637935083,0.7251619577085813,32.2,0.9392219326781336,0.096026794325537,0.9392219326781336,69.0,0.9544637367218233,0.07703161559144914,0.9544637367218233
18.8,0.9552643763989629,0.07363885000879856,0.9552643763989629,1512.0,0.9267245578567702,0.11993429802261692,0.9267245578567702,37.0,0.9528983839045501,0.07761408339812413,0.9528983839045501,3.1,0.9675262864600492,0.05759119136786447,0.9675262864600492,3.63,0.9528782881185378,0.08185380931828423,0.9528782881185378,51.0,0.7242871159025771,0.2693145658772106,0.7242871159025771,24.7,0.9394816143501419,0.09559655109799764,0.9394816143501419,62.7,0.9547357424027147,0.07671151539256167,0.9547357424027147
43.9,0.9551149678613405,0.07388651800165535,0.9551149678613405,1439.0,0.9267245578567702,0.11993429802261814,0.9267245578567702,37.0,0.9527875225304157,0.07776844741767248,0.9527875225304157,3.1,0.9673862034135282,0.05778661234774921,0.9673862034135282,9.36,0.9530276966561602,0.08160802466189708,0.9530276966561602,55.0,0.7236352306668256,0.26924198670832983,0.7236352306668256,27.8,0.9396544546537338,0.09524122136139772,0.9396544546537338,69.4,0.9547582052441091,0.07668915247755112,0.9547582052441091
43.1,0.9553334193419319,0.07354630543730255,0.9553334193419319,1523.0,0.9265844748102491,0.1201113341271167,0.9265844748102491,37.0,0.953005974011007,0.07743003618676533,0.953005974011007,3.1,0.9672542807791578,0.05792153834948834,0.9672542807791578,9.62,0.9528782881185378,0.08185380931828423,0.9528782881185378,57.0,0.7228599229242334,0.26920674414935847,0.7228599229242334,28.2,0.9398860359999016,0.09478372611929696,0.9398860359999016,70.6,0.9547582052441091,0.07668915247755112,0.9547582052441091
39.6,0.9552916009107667,0.07360904658110562,0.9552916009107667,1558.0,0.9263985046410809,0.12039051530875422,0.9263985046410809,20.0,0.9531656844490225,0.07719619520302304,0.9531656844490225,-1.6,0.9673010825492586,0.0578718445599151,0.9673010825492586,8.8,0.9530107406639539,0.0816043499502465,0.9530107406639539,57.0,0.7228599229242334,0.26920674414935847,0.7228599229242334,26.7,0.9401337091528797,0.09442047762308732,0.9401337091528797,71.8,0.9542240140768624,0.07754293627361095,0.9542240140768624
17.6,0.955076111371409,0.07390909695935557,0.955076111371409,1560.0,0.9262759690222666,0.12049514382468972,0.9262759690222666,19.0,0.9529341031028549,0.07766508448095837,0.9529341031028549,0.0,0.9673376441808043,0.057819843346021915,0.9673376441808043,4.11,0.953332125319772,0.08108677198319275,0.953332125319772,57.0,0.7228599229242334,0.26920674414935847,0.7228599229242334,22.0,0.9400971475213338,0.09446946828984443,0.9400971475213338,64.7,0.9541751650129812,0.07762241352758516,0.9541751650129812
18.8,0.9548669520011231,0.07409746568589161,0.9548669520011231,1531.0,0.9261330696392032,0.1206331018794719,0.9261330696392032,20.0,0.9530247705979014,0.077523323698011,0.9530247705979014,0.0,0.9673376441808043,0.057819843346021915,0.9673376441808043,4.15,0.9533724438313929,0.0810500093822652,0.9533724438313929,33.67243525896414,0.7240299745216998,0.26891134749262624,0.7240299745216998,21.6,0.9398348562118758,0.09480571814463301,0.9398348562118758,62.4,0.9537955692256327,0.07812621958134451,0.9537955692256327
53.7,0.9548669520011231,0.07409746568588844,0.9548669520011231,1457.0,0.9261655509506265,0.12059433607946217,0.9261655509506265,23.0,0.9529510590950612,0.07766868903747838,0.9529510590950612,4.7,0.9672818650794625,0.0578867383465297,0.9672818650794625,11.81,0.9536262045885907,0.08074685058181129,0.9536262045885907,50.0,0.7251985066927431,0.26861314376751805,0.7251985066927431,29.8,0.9397100341675646,0.0949576203458228,0.9397100341675646,69.0,0.9537338662418228,0.07820276962369051,0.9537338662418228
31.0,0.9551500988198969,0.07372960090837423,0.9551500988198969,852.0,0.9259563915803405,0.12076546314588799,0.9259563915803405,49.0,0.9528373813843845,0.07778319242463966,0.9528373813843845,3.9,0.9672575261507562,0.05791329165506204,0.9672575261507562,5.82,0.9540592814231436,0.07981611692902885,0.9540592814231436,47.0,0.7262330589367628,0.2684619784320283,0.7262330589367628,24.7,0.9399010135717473,0.09472027623271788,0.9399010135717473,54.9,0.9536601547389827,0.07834819953738265,0.9536601547389827
61.2,0.9552311250966056,0.07365445359503937,0.9552311250966056,1554.0,0.9260347716430516,0.12065987032890943,0.9260347716430516,19.0,0.9523259244871205,0.07882619018014664,0.9523259244871205,-4.7,0.9675317567326894,0.0574977921323353,0.9675317567326894,13.84,0.9539610168077879,0.07994295907662302,0.9539610168077879,45.0,0.7276503035309219,0.2677764064957686,0.7276503035309219,31.0,0.9405891134575876,0.09407539399435814,0.9405891134575876,68.2,0.953701973170148,0.07828578436734825,0.953701973170148
18.0,0.9553387152030626,0.07346946704392995,0.9553387152030626,1470.0,0.926757024571895,0.11946742652049315,0.926757024571895,26.0,0.952284106055955,0.07888848164711484,0.952284106055955,12.5,0.9677633380788572,0.057016320938868485,0.9677633380788572,4.11,0.9545134528987282,0.07907535104103487,0.9545134528987282,40.0,0.7286817768098832,0.26762007055461584,0.7286817768098832,21.2,0.9411215973468934,0.09367176374989261,0.9411215973468934,64.3,0.9539496463231261,0.07791218433240583,0.9539496463231261
28.6,0.955730006987246,0.07276300216763115,0.955730006987246,1351.0,0.9273428465654552,0.11862684005445459,0.9273428465654552,20.0,0.9525826755665947,0.07846038537154545,0.9525826755665947,0.0,0.9676308855334412,0.057273356188194416,0.9676308855334412,5.56,0.9546041203937746,0.07893346481860727,0.9546041203937746,36.0,0.7290022761506353,0.26769223249158175,0.7290022761506353,23.5,0.9417384063065369,0.0931310387635609,0.9417384063065369,71.4,0.9536899646511179,0.0783546769311541,0.9536899646511179
19.6,0.9555487053779489,0.0730942979388434,0.9555487053779489,917.0,0.9273846649966205,0.11856815589089155,0.9273846649966205,20.0,0.952284106055955,0.07888848164711484,0.952284106055955,3.1,0.9674814769958188,0.05752705416368859,0.9674814769958188,3.18,0.9546628614363505,0.07882866576254068,0.9546628614363505,22.0,0.7293165846317664,0.267763252875956,0.7293165846317664,20.0,0.9424811844211614,0.0923465064826542,0.9424811844211614,60.0,0.9538224171965339,0.07810449975066112,0.9538224171965339
38.8,0.9557671568585402,0.07275373445665409,0.9557671568585402,871.0,0.926662695206875,0.11948353539639975,0.926662695206875,30.0,0.9524750854601376,0.07864422668395755,0.9524750854601376,10.2,0.9673464148129529,0.057686664294563476,0.9673464148129529,4.26,0.9553302360257959,0.0776087173329854,0.9553302360257959,7.0,0.7296247662280991,0.26783312811052123,0.7296247662280991,19.6,0.9429576500984629,0.09199592559347572,0.9429576500984629,65.1,0.9537735681326528,0.0781839114519229,0.9537735681326528
38.8,0.9558542771402618,0.07266819438892265,0.9558542771402618,768.0,0.926378070215918,0.11967836572466016,0.926378070215918,33.0,0.9525887631708144,0.07852987665118828,0.9525887631708144,7.0,0.9677997221031416,0.05701744011026136,0.9677997221031416,4.04,0.9557144637964675,0.07675443044333008,0.9557144637964675,0.0,0.7299268825969809,0.2679018550101895,0.7299268825969809,20.4,0.9434638924106585,0.09159777580905046,0.9434638924106585,56.9,0.9540477987145862,0.07778049171183447,0.9540477987145862
39.2,0.9558109587895519,0.07271043102831948,0.9558109587895519,795.0,0.9260706462302765,0.1199681497273006,0.9260706462302765,32.0,0.9528416842171182,0.07836651128646434,0.9528416842171182,-1.6,0.9680395505712054,0.05668258424525781,0.9680395505712054,4.31,0.9558873041000594,0.07638895213314376,0.9558873041000594,0.0,0.7304230268433177,0.2679833717735616,0.7304230268433177,20.4,0.9440538556435273,0.09106240714382821,0.9440538556435273,54.1,0.9542662501951775,0.07744158858323197,0.9542662501951775
36.9,0.9561589008743253,0.07215818705761812,0.9561589008743253,810.0,0.9256864518404005,0.12038242446309266,0.9256864518404005,33.0,0.9526282419715413,0.07863318834250344,0.9526282419715413,3.9,0.9682626706116678,0.05627910209504076,0.9682626706116678,4.22,0.9562595851135393,0.07581223772645691,0.9562595851135393,0.0,0.7310608689227323,0.2680469680843465,0.7310608689227323,20.4,0.9443968743721061,0.09084614992237616,0.9443968743721061,56.9,0.9542662501951775,0.07744158858323197,0.9542662501951775
38.8,0.955899219202317,0.07260336556023032,0.955899219202317,802.0,0.9257554947833696,0.12029656639580982,0.9257554947833696,32.0,0.95290867238159,0.07808536805089546,0.95290867238159,4.7,0.967982240201619,0.05684280223650421,0.967982240201619,4.16,0.9565072582665174,0.07543688650385089,0.9565072582665174,0.0,0.7318190111703549,0.2680699715294984,0.7318190111703549,20.4,0.9443968743721061,0.09084614992237616,0.9443968743721061,55.7,0.9540996097197012,0.0776609558987796,0.9540996097197012
36.5,0.9559983480030688,0.07238333669834475,0.9559983480030688,798.0,0.9258691724940464,0.1201910726831246,0.9258691724940464,34.0,0.9535083896916192,0.07693491986577175,0.9535083896916192,-1.6,0.9684571354673371,0.05582181690623809,0.9684571354673371,4.06,0.9568406350603993,0.07510408564815205,0.9568406350603993,0.0,0.7318190111703549,0.2680699715294984,0.7318190111703549,20.4,0.9443968743721061,0.09084614992237616,0.9443968743721061,57.6,0.9540996097197012,0.0776609558987796,0.9540996097197012
42.4,0.9563706290165486,0.07180498856077479,0.9563706290165486,789.0,0.9259475525567575,0.12008544311186027,0.9259475525567575,34.0,0.9529352298105453,0.07805565332045165,0.9529352298105453,-2.3,0.968736069850689,0.055515506682351536,0.968736069850689,4.71,0.9567423704450436,0.07523182939049615,0.9567423704450436,0.0,0.7318190111703549,0.2680699715294984,0.7318190111703549,21.2,0.9443968743721061,0.09084614992237616,0.9443968743721061,54.5,0.9543472828726794,0.07728702098975603,0.9543472828726794
43.5,0.9565056911994143,0.07164936680898926,0.9565056911994143,813.0,0.9256671221467087,0.12060371956688189,0.9256671221467087,36.0,0.9528481095288238,0.07814039908178642,0.9528481095288238,1.6,0.968736069850689,0.05551550668235218,0.968736069850689,4.63,0.956644105829688,0.0753595453080021,0.956644105829688,0.0,0.7318190111703549,0.2680699715294984,0.7318190111703549,20.8,0.9446698177739136,0.0906899273687945,0.9446698177739136,51.4,0.9543472828726792,0.07728702098975727,0.9543472828726792
40.0,0.956847579060764,0.07117453989412977,0.956847579060764,808.0,0.925941352728642,0.12022609641196111,0.925941352728642,34.0,0.9528481095288238,0.07814039908178642,0.9528481095288238,3.9,0.9686088407240967,0.05571406459529288,0.9686088407240967,4.49,0.9569362688131194,0.07487285520462715,0.9569362688131194,0.0,0.7318190111703549,0.2680699715294984,0.7318190111703549,20.8,0.9448451984684002,0.09050319021210611,0.9448451984684002,55.7,0.9547823452391744,0.07665230633072294,0.9547823452391744
40.8,0.956847579060764,0.07117453989412977,0.956847579060764,790.0,0.9263946600188304,0.11961848579293467,0.9263946600188304,34.0,0.9531866637944141,0.07788334418759701,0.9531866637944141,-3.1,0.9687804645385083,0.05550177735424935,0.9687804645385083,4.69,0.9572104993950529,0.07446700044426391,0.9572104993950529,0.0,0.7318190111703549,0.2680699715294984,0.7318190111703549,21.2,0.9452657119249701,0.08977798109620783,0.9452657119249701,54.5,0.9553771541468277,0.07601568530630252,0.9553771541468277
40.8,0.9564562872765807,0.07188255043251132,0.9564562872765807,814.0,0.9275213345974337,0.11727365563467314,0.9275213345974337,35.0,0.953578079431134,0.07755341985513439,0.953578079431134,-3.1,0.9687804645385083,0.05550177735424935,0.9687804645385083,4.43,0.9572104993950529,0.07446700044426453,0.9572104993950529,0.0,0.7318190111703549,0.2680699715294984,0.7318190111703549,21.2,0.9452657119249701,0.08977798109620783,0.9452657119249701,54.9,0.955651384728761,0.07561088960736023,0.955651384728761
41.2,0.9562428450310037,0.07215181926084209,0.9562428450310037,811.0,0.9279418480540036,0.11657536494818448,0.9279418480540036,36.0,0.9538477777246736,0.07735939415858827,0.9538477777246736,1.6,0.9689052865828194,0.05533932429784857,0.9689052865828194,4.47,0.957350582441574,0.07427625280739873,0.957350582441574,0.0,0.7318190111703549,0.2680699715294984,0.7318190111703549,20.8,0.9447908166592518,0.09075611838336564,0.9447908166592518,52.5,0.9560356124994328,0.07475549142987754,0.9560356124994328
42.0,0.9560164650881741,0.07230564939852746,0.9560164650881741,801.0,0.9280912565916261,0.11634228262687873,0.9280912565916261,36.0,0.9535537405024278,0.077579053428786,0.9535537405024278,1.6,0.9688362436398503,0.05543463106699856,0.9688362436398503,4.76,0.9576310128516228,0.07372421253375765,0.9576310128516228,33.67243525896414,0.7318190111703549,0.2680699715294984,0.7318190111703549,21.2,0.9447320756166759,0.09085899124520345,0.9447320756166759,52.5,0.9564078935129124,0.07417804227918175,0.9564078935129124
43.1,0.9553653677794459,0.07308350631593923,0.9553653677794459,797.0,0.9283847834864554,0.11605897419820443,0.9283847834864554,35.0,0.9534045795294105,0.07776141752920174,0.9534045795294105,2.3,0.96870432100548,0.05557010320859034,0.96870432100548,4.77,0.9574816043140005,0.07397253789632591,0.9574816043140005,0.0,0.7323575061155384,0.2681467627196736,0.7323575061155384,21.2,0.9446212142425416,0.09101032252068487,0.9446212142425416,51.8,0.9562587325398952,0.07436155527699374,0.9562587325398952
42.7,0.9550234799180962,0.07355683542595245,0.9550234799180962,792.0,0.9278752567248523,0.1165398626392861,0.9278752567248523,35.0,0.9534045795294105,0.07776141752920174,0.9534045795294105,-3.1,0.9684300904235467,0.055986691615193575,0.9684300904235467,4.82,0.9573581679332424,0.07410583684361893,0.9573581679332424,0.0,0.7333747071819237,0.26798100823917664,0.7333747071819237,21.2,0.9444861520596757,0.09116098917361168,0.9444861520596757,51.8,0.9560189040718314,0.0746875572043207,0.9560189040718314
41.2,0.9554803124413602,0.07299277240307048,0.9554803124413602,804.0,0.927911818356398,0.11649247466962238,0.927911818356398,40.0,0.9535318086560028,0.077569149692481,0.9535318086560028,1.6,0.9683192290494123,0.05614633979255486,0.9683192290494123,4.66,0.9573806307746368,0.07408334146533072,0.9573806307746368,0.0,0.7344490195139475,0.2677503643635312,0.7344490195139475,20.8,0.9446262351061968,0.0909755444653749,0.9446262351061968,52.5,0.9566788429932399,0.07390624062114214,0.9566788429932399
51.4,0.9557607428514092,0.07244151865652478,0.9557607428514092,1193.0,0.9278560392550562,0.11655283855914464,0.9278560392550562,35.0,0.9537177788251712,0.0772720462096173,0.9537177788251712,1.6,0.9684440510937231,0.055984053968274716,0.9684440510937231,8.96,0.9577020154304551,0.07356061452666592,0.9577020154304551,0.0,0.7341071316525978,0.2680096681974637,0.7341071316525978,27.8,0.9448172145103796,0.09073595245892642,0.9448172145103796,54.1,0.9568677751036422,0.0736356100092616,0.9568677751036422
56.9,0.9556531527449522,0.07262670996133831,0.9556531527449522,1094.0,0.9275080971702827,0.11707050352975926,0.9275080971702827,59.0,0.9534346320063974,0.07763824186485088,0.9534346320063974,3.9,0.9683192290494123,0.05614633979255486,0.9683192290494123,9.14,0.9579204669110464,0.07321931491384899,0.9579204669110464,12.0,0.7332187894897422,0.26806746818846416,0.7332187894897422,27.5,0.9448660635742606,0.09065801095668337,0.9448660635742606,52.5,0.956620101950664,0.07401158370338674,0.956620101950664
74.1,0.9551384245800109,0.07346619724232435,0.9551384245800109,2530.0,0.9274098325549269,0.11718940429221106,0.9274098325549269,65.0,0.95321914246704,0.07793673357253286,0.95321914246704,3.1,0.9680206595387725,0.05658919668905481,0.9680206595387725,28.53,0.9574671596208579,0.07387348925888154,0.9574671596208579,24.0,0.7324847352421306,0.2680376787490608,0.7324847352421306,34.5,0.9447923520714203,0.09080100396713998,0.9447923520714203,69.0,0.9567083623634293,0.07390453629277095,0.9567083623634293
80.0,0.9547706486420338,0.07376056945995575,0.9547706486420338,2266.0,0.9277590749717339,0.11683937507856859,0.9277590749717339,20.0,0.9535804933306948,0.07744863502985946,0.9535804933306948,0.8,0.9679130694323155,0.05677873357522254,0.9679130694323155,26.94,0.9570875638335093,0.07438073323052095,0.9570875638335093,34.0,0.7321890131957438,0.2679712406850641,0.7321890131957438,35.3,0.9451904435521086,0.09035503621698801,0.9451904435521086,67.8,0.9564852423229667,0.07429878061507138,0.9564852423229667
78.0,0.9547303301304131,0.07379770384743567,0.9547303301304131,1716.0,0.9282197526694562,0.11643378103991806,0.9282197526694562,66.0,0.9540411710284169,0.07700954339319414,0.9540411710284169,-2.3,0.9684862293133896,0.05562633218060683,0.9684862293133896,20.54,0.9564878465234803,0.07553746573708188,0.9564878465234803,42.0,0.7318871910725214,0.267903658951956,0.7318871910725214,33.3,0.9455257888781035,0.08999579306994135,0.9455257888781035,67.5,0.9563527897775508,0.07455024381059537,0.9563527897775508
80.8,0.9550179880383417,0.07359418901594277,0.9550179880383417,2144.0,0.9286291997047239,0.11609049481671166,0.9286291997047239,22.0,0.9546737381041474,0.07624418834166345,0.9546737381041474,-1.6,0.9683511671305236,0.05578638983552039,0.9683511671305236,26.23,0.9561623597953844,0.0762878480109326,0.9561623597953844,47.0,0.7315792075929347,0.2678349369794455,0.7315792075929347,35.3,0.9456924293535798,0.0897808154796934,0.9456924293535798,67.5,0.9565019507505679,0.07436673991331458,0.9565019507505679
72.9,0.9555366328016538,0.07306843552057637,0.9555366328016538,1615.0,0.928504377660413,0.11623742255884216,0.928504377660413,62.0,0.955222867590301,0.07562839745906334,0.955222867590301,2.3,0.9683511671305236,0.05578638983552039,0.9683511671305236,16.83,0.9564100329483625,0.07591266213036328,0.9564100329483625,50.0,0.7310830633465979,0.26775396776801486,0.7310830633465979,32.2,0.9466965683133687,0.08745756234538223,0.9466965683133687,66.7,0.9565019507505679,0.07436673991331458,0.9565019507505679
74.1,0.9559571462582238,0.07232644495463382,0.9559571462582238,1710.0,0.928629199704724,0.11609049481671045,0.928629199704724,62.0,0.9555434839960147,0.07535697574013943,0.9555434839960147,-0.8,0.968705407777916,0.055345547509824115,0.968705407777916,18.75,0.9565711772551194,0.07574678469593524,0.9565711772551194,54.0,0.730442041625066,0.2676897358068766,0.730442041625066,32.9,0.9469308660682612,0.08717553822749954,0.9469308660682612,67.1,0.9565019507505679,0.07436673991331458,0.9565019507505679
63.5,0.956030857761064,0.07218017132614539,0.956030857761064,1815.0,0.9287564288313164,0.11590902047530437,0.9287564288313164,50.0,0.9559645406828966,0.07493556956476542,0.9559645406828966,0.0,0.9686270277152047,0.05546221155175979,0.9686270277152047,16.37,0.9568454078370529,0.07534135164518097,0.9568454078370529,57.0,0.7296983954136487,0.2676556759576076,0.7296983954136487,31.8,0.9470802746058836,0.08693228778001313,0.9470802746058836,68.2,0.9570166789155095,0.07352642653863736,0.9570166789155095
58.8,0.9555977809265112,0.07311643789153947,0.9555977809265112,1909.0,0.9285087556783382,0.1162615356561264,0.9285087556783382,50.0,0.9560628052982523,0.07480791178264906,0.9560628052982523,3.1,0.9687346178216618,0.055272379334342,0.9687346178216618,16.77,0.9567471432216972,0.07546907173536196,0.9567471432216972,59.0,0.7296983954136487,0.2676556759576076,0.7296983954136487,32.2,0.9470802746058836,0.0869322877800125,0.9470802746058836,69.0,0.9565836020809565,0.0744631171771244,0.9565836020809565
58.0,0.955597780926511,0.0731164378915382,0.955597780926511,1982.0,0.9280633553083072,0.11661872886219113,0.9280633553083072,50.0,0.9560628052982523,0.07480791178264971,0.9560628052982523,-3.1,0.9687346178216618,0.055272379334342,0.9687346178216618,17.21,0.9570312705346509,0.07519488372521217,0.9570312705346509,60.0,0.7296983954136487,0.2676556759576076,0.7296983954136487,32.2,0.9471878647123407,0.08675053007842413,0.9471878647123407,69.0,0.9561833448315564,0.07479948802397578,0.9561833448315564
59.2,0.9554164793172139,0.07344761694313534,0.9554164793172139,1984.0,0.9273864986618655,0.11734932976344237,0.9273864986618655,50.0,0.9559491275875756,0.07492318967662896,0.9559491275875756,3.1,0.9684869446686837,0.05565818174848479,0.9684869446686837,17.31,0.9570312705346509,0.07519488372521217,0.9570312705346509,57.0,0.7304225786227607,0.26769709158878513,0.7304225786227607,32.2,0.9467407938268153,0.0875079507160521,0.9467407938268153,63.8636053593179,0.9562775595399279,0.07470161133561651,0.9562775595399279
63.5,0.9556409632690742,0.07323327078433481,0.9556409632690742,1879.0,0.9277078833176837,0.11685955101797646,0.9277078833176837,57.0,0.9553467692913964,0.07567532353697894,0.9553467692913964,-1.6,0.9686141737952761,0.05545964332074447,0.9686141737952761,18.53,0.95699095202303,0.07523206034687496,0.95699095202303,55.0,0.7311269399893958,0.2677439077678656,0.7311269399893958,32.5,0.9462140896678102,0.08796425169616655,0.9462140896678102,68.6,0.9565252326929059,0.0743259646723932,0.9565252326929059
66.7,0.9554980638860109,0.07338383089158958,0.9554980638860109,1841.0,0.927671321686138,0.11690691208778553,0.927671321686138,56.0,0.9550747636105051,0.07599595165042977,0.9550747636105051,3.9,0.9681810969607233,0.05641656988825316,0.9681810969607233,18.65,0.95699095202303,0.07523206034687496,0.95699095202303,58.0,0.7321017215478441,0.2676271089927196,0.7321017215478441,32.5,0.9462140896678102,0.08796425169616655,0.9462140896678102,67.8,0.9562854042248421,0.07465207679460725,0.9562854042248421
64.7,0.9550447565958222,0.07403609661361207,0.9550447565958222,1941.0,0.9276022787431688,0.1169932372246171,0.9276022787431688,19.0,0.9552072161559211,0.07574505255960835,0.9552072161559211,-2.3,0.9679656074213657,0.05672494137937694,0.9679656074213657,19.25,0.9569555366859372,0.0752615438722688,0.9569555366859372,59.0,0.7329965288905421,0.26757166981654296,0.7329965288905421,32.9,0.9458935337806255,0.08816024761380138,0.9458935337806255,68.2,0.9563845330255939,0.07443216533781742,0.9563845330255939
35.3,0.9553044382678306,0.0735917407799194,0.9553044382678306,1498.0,0.9278944417266004,0.11653584979831544,0.9278944417266004,34.0,0.9550578076182986,0.07599237491068284,0.9550578076182986,7.0,0.9682577704047973,0.056226327251235136,0.9682577704047973,8.82,0.957207311911193,0.07465644725816287,0.957207311911193,57.0,0.7342485437937906,0.2671138586100689,0.7342485437937906,27.5,0.9458935337806255,0.08816024761380138,0.9458935337806255,69.8,0.9564582445284341,0.07428598362778889,0.9564582445284341
42.4,0.9552307267649904,0.07373778587920767,0.9552307267649904,1557.0,0.9286482713756706,0.1153157192623897,0.9286482713756706,35.0,0.9550383446159932,0.0760097702158347,0.9550383446159932,7.8,0.9680980599667818,0.05646773676341806,0.9680980599667818,9.63,0.9572073119111929,0.07465644725816285,0.9572073119111929,57.0,0.7353998181281194,0.26679158824337695,0.7353998181281194,28.2,0.9459300954121713,0.08811066585851553,0.9459300954121713,71.4,0.9564164260972687,0.07434877388377319,0.9564164260972687
43.1,0.9548584457515107,0.07431462446289815,0.9548584457515107,1543.0,0.9284251513352081,0.11568742174884396,0.9284251513352081,38.0,0.9551873956219837,0.07590960523472366,0.9551873956219837,2.3,0.9682056500732388,0.056278126681479516,0.9682056500732388,9.85,0.9568485014384328,0.07532145992501425,0.9568485014384328,56.0,0.736133872375731,0.266818119614578,0.736133872375731,28.2,0.9455458676414997,0.08895095523578304,0.9455458676414997,71.0,0.9561687529442905,0.07472436751955276,0.9561687529442905
45.9,0.9547233835686447,0.07446956630034922,0.9547233835686447,1544.0,0.9284251513352081,0.11568742174884396,0.9284251513352081,40.0,0.9548772003092363,0.07617529649457543,0.9548772003092363,7.8,0.9683165114473732,0.0561185138257233,0.9683165114473732,10.56,0.9565005593536594,0.07587298992707979,0.9565005593536594,57.0,0.7375336714358506,0.2661010321825262,0.7375336714358506,29.0,0.9454657496114515,0.08903944214697355,0.9454657496114515,70.2,0.9559371715981227,0.07519545113337907,0.9559371715981227
46.7,0.9539731574591649,0.07546401925036557,0.9539731574591649,1557.0,0.9280996646071122,0.1164001737000555,0.9280996646071122,40.0,0.9545241025920993,0.0764879307310884,0.9545241025920993,7.8,0.9679951267915551,0.056653369571632556,0.9679951267915551,10.95,0.9553576692858357,0.07836118797751432,0.9553576692858357,57.0,0.7382205090276014,0.265348914751357,0.7382205090276014,29.0,0.9447433338331669,0.08982306203761982,0.9447433338331669,70.2,0.9559988745819326,0.07511850679493992,0.9559988745819326
45.5,0.9537821780549823,0.07570934468627272,0.9537821780549823,1588.0,0.9278765445666497,0.11677136308995713,0.9278765445666497,39.0,0.9542030702400653,0.07693995994120484,0.9542030702400653,7.8,0.9678563756835201,0.056785202701865274,0.9678563756835201,10.93,0.9553382062835303,0.07837854145814496,0.9553382062835303,60.0,0.7382205090276014,0.265348914751357,0.7382205090276014,29.4,0.9443353561363268,0.09009852546285939,0.9443353561363268,70.6,0.9558638123990667,0.07527354523668137,0.9558638123990667
45.1,0.9538409190975581,0.07560444566190198,0.9538409190975581,1657.0,0.9275129679626265,0.11701486266296848,0.9275129679626265,38.0,0.9540954801336083,0.07712431557161835,0.9540954801336083,7.8,0.9678725911727407,0.05677216437986769,0.9678725911727407,11.12,0.9551227167441729,0.0786775322738876,0.9551227167441729,63.0,0.7373321668647458,0.2654138673760972,0.7373321668647458,29.4,0.9438223288274794,0.09050007954128893,0.9438223288274794,71.0,0.9555716494156351,0.07575951598381249,0.9555716494156351
44.7,0.9539146306003983,0.07545877385548111,0.9539146306003983,1737.0,0.9273506652131958,0.11708856502645525,0.9273506652131958,38.0,0.9538123333148347,0.07749071830641878,0.9538123333148347,2.3,0.9681124196408045,0.05643722040456842,0.9681124196408045,11.56,0.955155198055596,0.07863586543175805,0.955155198055596,63.0,0.7363638148622417,0.265541284119749,0.7363638148622417,29.8,0.9430795507128551,0.09128738926818554,0.9430795507128551,71.4,0.9549768405079819,0.07639644542169835,0.9549768405079819
45.5,0.9540672770249022,0.075075099157651,0.9540672770249022,1723.0,0.9272281295943815,0.11719377011778813,0.9272281295943815,41.0,0.9539524163613557,0.07730116932972869,0.9539524163613557,2.3,0.9677901707995902,0.05706514280595943,0.9677901707995902,11.56,0.9549250108058701,0.07889310007858481,0.9549250108058701,60.0,0.7359287524957466,0.26590077913000226,0.7359287524957466,29.8,0.9423302892077954,0.09207527262672306,0.9423302892077954,71.4,0.9543736953643803,0.07703599675044935,0.9543736953643803
46.3,0.9540254585937368,0.07513768159530139,0.9540254585937368,1604.0,0.927257351266768,0.11716117203496214,0.927257351266768,42.0,0.9538966372600138,0.07736590661735245,0.9538966372600138,6.2,0.9677314297570142,0.05717283646588649,0.9677314297570142,10.86,0.955156592152038,0.07842345045255526,0.955156592152038,55.0,0.7358910445697479,0.26591481109246845,0.7358910445697479,29.4,0.9422937275762497,0.09212448589366108,0.9422937275762497,71.0,0.954184763253978,0.07730517276767407,0.954184763253978
33.3,0.9541245873944886,0.07491837686581174,0.9541245873944886,1486.0,0.9274526135462416,0.1169973711860481,0.9274526135462416,21.0,0.9540577815667708,0.07720077783526594,0.9540577815667708,7.8,0.9673591487435346,0.05776434672888203,0.9673591487435346,4.5,0.9548357374072654,0.07882269990765431,0.9548357374072654,52.0,0.7358910445697479,0.26591481109246845,0.7358910445697479,20.4,0.9421340171382342,0.09235283219016874,0.9421340171382342,69.4,0.954184763253978,0.07730517276767407,0.954184763253978
18.0,0.9536915105599357,0.07585140230046382,0.9536915105599357,1447.0,0.9274526135462416,0.1169973711860481,0.9274526135462416,20.0,0.9544108792839077,0.0768885877487359,0.9544108792839077,14.8,0.9668724555507262,0.05846029303662294,0.9668724555507262,3.99,0.9543656399251433,0.07939211109257559,0.9543656399251433,53.0,0.7358910445697479,0.26591481109246845,0.7358910445697479,21.2,0.9418404902434048,0.09264880258964835,0.9418404902434048,63.5,0.9537691638897884,0.0779218202891771,0.9537691638897884
18.0,0.9534730590793443,0.07619044414904982,0.9534730590793443,1464.0,0.9271033711294346,0.1173471961704849,0.9271033711294346,20.0,0.9546918529242685,0.07665830214744765,0.9546918529242685,18.0,0.9662712723261598,0.0593912045293136,0.9662712723261598,3.93,0.953941595636215,0.07986413461483531,0.953941595636215,53.0,0.7358910445697479,0.26591481109246845,0.7358910445697479,21.6,0.9416250007040473,0.09293979990036373,0.9416250007040473,63.5,0.9534481315377544,0.07837296851377973,0.9534481315377544
18.8,0.95350962071089,0.07613995172170612,0.95350962071089,1465.0,0.9269227013614384,0.11750156608926432,0.9269227013614384,20.0,0.955060283947135,0.07630633485801197,0.955060283947135,14.1,0.965777399670534,0.06022768258108665,0.965777399670534,3.93,0.9535259962720253,0.08047949290078517,0.9535259962720253,53.0,0.7358910445697479,0.26591481109246845,0.7358910445697479,21.6,0.9412302568491732,0.09352159668530854,0.9412302568491732,63.5,0.9532922138455732,0.07854663682575572,0.9532922138455732
18.8,0.9537451186554287,0.07598336037780425,0.9537451186554287,1430.0,0.9269715504253196,0.11742669066236931,0.9269715504253196,20.0,0.955060283947135,0.07630633485801197,0.955060283947135,13.3,0.9653568862139641,0.060983217200247054,0.9653568862139641,3.83,0.9530310520644734,0.08106226102634531,0.9530310520644734,51.0,0.7369669866787089,0.2656781221781467,0.7369669866787089,21.2,0.9411193954750386,0.09367197415447906,0.9411193954750386,62.4,0.953106243676405,0.07884334560926005,0.953106243676405
18.8,0.9533861843301319,0.07627233775225244,0.9533861843301319,1363.0,0.9269715504253196,0.11742669066236931,0.9269715504253196,20.0,0.9547608958672376,0.07656603778416912,0.9547608958672376,13.3,0.9656165678859724,0.060530121144198736,0.9656165678859724,3.55,0.9524507240981461,0.08179601124066603,0.9524507240981461,47.0,0.7378553288415646,0.265613836853955,0.7378553288415646,21.2,0.9409869429296227,0.09391633718855379,0.9409869429296227,61.6,0.9530770220040183,0.0788782303163346,0.9530770220040183
19.6,0.9529075470180206,0.0767194911052404,0.9529075470180206,1231.0,0.9265873560354437,0.11784251872913612,0.9265873560354437,30.0,0.9541585375710586,0.07731608221722537,0.9541585375710586,8.6,0.9653179983753327,0.06097028935022199,0.9653179983753327,3.68,0.952015661731651,0.08242665480098717,0.952015661731651,30.0,0.7381552082082254,0.2656780650536971,0.7381552082082254,20.0,0.9405888514489344,0.09435847482610593,0.9405888514489344,59.2,0.9528650796779858,0.07911936946803802,0.9528650796779858
36.1,0.9525311895909588,0.07701546109780308,0.9525311895909588,786.0,0.9262761736155316,0.11806544592325308,0.9262761736155316,20.0,0.9539283503213326,0.07757332720566502,0.9539283503213326,0.0,0.9650557070658746,0.06132606078489698,0.9650557070658746,4.23,0.9521753721696665,0.08219392198577345,0.9521753721696665,26.0,0.7377392065954461,0.2657110474640022,0.7377392065954461,20.4,0.9402814274632928,0.09466219073579253,0.9402814274632928,56.1,0.9527597144725707,0.07921940196124877,0.9527597144725707
18.4,0.9522390266075272,0.07749904196539348,0.9522390266075272,1239.0,0.9263703883239031,0.11797549947659228,0.9263703883239031,21.0,0.9539575719937192,0.07753836704748863,0.9539575719937192,9.4,0.9646226302313217,0.06227665507642051,0.9646226302313217,3.39,0.9525367230333215,0.0817080380361245,0.9525367230333215,20.0,0.7373369615976928,0.2657366925561157,0.7373369615976928,20.0,0.9405198085059654,0.094447897907463,0.9405198085059654,61.6,0.9528334259754109,0.07907418819336277,0.9528334259754109
45.5,0.9522977676501032,0.07739443815101821,0.9522977676501032,819.0,0.9264976174504953,0.11779480285044158,0.9264976174504953,37.0,0.9541695143197516,0.07729655990273027,0.9541695143197516,3.1,0.9647217590320734,0.062053420459544886,0.9647217590320734,4.77,0.9525367230333215,0.0817080380361245,0.9525367230333215,8.0,0.7368717328658791,0.2657845454938631,0.7368717328658791,21.6,0.9406522610513814,0.09420374415228018,0.9406522610513814,44.3,0.9523219690781467,0.08011648829623283,0.9523219690781467
58.0,0.9522977676501032,0.07739443815101821,0.9522977676501032,1742.0,0.9272660396110429,0.11656852054696218,0.9272660396110429,43.0,0.9542505405964605,0.07722180547893111,0.9542505405964605,0.0,0.9649533403782412,0.061574520890059714,0.9649533403782412,16.37,0.9527256551437238,0.08144025304690501,0.9527256551437238,16.0,0.7368717328658791,0.2657845454938631,0.7368717328658791,32.5,0.9405446709449244,0.0943832586325108,0.9405446709449244,69.0,0.9527752763683354,0.07946917615901877,0.9527752763683354
74.5,0.9522167413733944,0.07746899803137637,0.9522167413733944,1622.0,0.9271753721159965,0.11670222734204369,0.9271753721159965,63.0,0.9540325050621893,0.07737945452489396,0.9540325050621893,1.6,0.9656755933070849,0.06028002913284777,0.9656755933070849,18.83,0.9525148591121443,0.0816595783142142,0.9525148591121443,30.0,0.7369825942400136,0.2656981471218525,0.7369825942400136,32.9,0.9402027830835749,0.09484068185564722,0.9402027830835749,66.3,0.9527015648654952,0.0796143497591434,0.9527015648654952
23.1,0.9522968594034426,0.07737879845997506,0.9522968594034426,2284.0,0.9272745009167483,0.11649398374294655,0.9272745009167483,68.0,0.9531578888479398,0.07874038552930884,0.9531578888479398,6.2,0.9655849258120381,0.060425485391548246,0.9655849258120381,6.62,0.95240399773801,0.08181340207986854,0.95240399773801,35.0,0.7363967722464535,0.26621441792249817,0.7363967722464535,24.3,0.9399551099305968,0.09520385001078127,0.9399551099305968,60.0,0.9526428238229193,0.07971886510476743,0.9526428238229193
87.5,0.9524240885300349,0.07718672698812618,0.9524240885300349,1861.0,0.9267630440194842,0.11748536130346862,0.9267630440194842,71.0,0.9522735465469537,0.08010336985077483,0.9522735465469537,0.0,0.9655849258120384,0.06042548539154826,0.9655849258120384,24.8,0.9526782283199433,0.08141167111760854,0.9526782283199433,45.0,0.7345941904696573,0.2677347367980798,0.7345941904696573,35.3,0.9399551099305968,0.09520385001078127,0.9399551099305968,65.5,0.9523506608394876,0.08020167910334979,0.9523506608394876
23.5,0.9525767349545388,0.07680396641014098,0.9525767349545388,2013.0,0.926935884323076,0.11713940273786315,0.926935884323076,54.0,0.9522410652355305,0.08014484476657292,0.9522410652355305,-0.8,0.9653252441400298,0.06087859366964294,0.9653252441400298,5.48,0.9530370387927033,0.0807520961891174,0.9530370387927033,46.0,0.7331943914095378,0.2684418100592458,0.7331943914095378,23.1,0.9404665668278608,0.09418441199529776,0.9404665668278608,56.9,0.9523506608394876,0.08020167910334915,0.9523506608394876
64.3,0.9530516302202571,0.07581006817056812,0.9530516302202571,1570.0,0.926935884323076,0.11713940273786315,0.926935884323076,52.0,0.9522085839241072,0.08018631666652233,0.9522085839241072,-5.5,0.9650655624680217,0.06133144942370137,0.9650655624680217,14.61,0.9532967204647118,0.08031058891590957,0.9532967204647118,48.0,0.732498045087925,0.2683979182921116,0.732498045087925,31.4,0.9408145089126342,0.09364983170728991,0.9408145089126342,67.8,0.9524497896402394,0.07998331386288027,0.9524497896402394
60.4,0.9531624915943915,0.07565542854794538,0.9531624915943915,1600.0,0.9268575042603648,0.117245415866001,0.9268575042603648,52.0,0.9520196518137051,0.08045418755492365,0.9520196518137051,-7.8,0.9648730831442944,0.0615620177648528,0.9648730831442944,14.42,0.9537297972992645,0.07938000383892527,0.9537297972992645,48.0,0.732498045087925,0.2683979182921116,0.732498045087925,31.0,0.9412058006968175,0.09296341798861026,0.9412058006968175,68.6,0.9523591221451929,0.08012474603151593,0.9523591221451929
60.4,0.9531332699220049,0.0756904133330062,0.9531332699220049,1608.0,0.926625922914197,0.11769030353999509,0.926625922914197,51.0,0.9515725809281796,0.08121884733007537,0.9515725809281796,-1.6,0.9650655624680216,0.06133144942370137,0.9650655624680216,14.31,0.9535438271300963,0.07967670041036821,0.9535438271300963,47.0,0.7332126363332313,0.26843547818819125,0.7332126363332313,31.0,0.9409253702867687,0.09349950748986638,0.9409253702867687,68.6,0.9521666428214658,0.08034815544421699,0.9521666428214658
62.0,0.9533242493261875,0.07544527161085045,0.9533242493261875,1571.0,0.9266996344170372,0.11755247386500578,0.9266996344170372,51.0,0.9511375185616848,0.08184910412004966,0.9511375185616848,-0.8,0.9652371862824332,0.061121009941020224,0.9652371862824332,14.2,0.9536128700730655,0.07958477888073846,0.9536128700730655,46.0,0.7331389248303911,0.26852493941714956,0.7331389248303911,31.0,0.9406776971337906,0.09386334624916898,0.9406776971337906,68.2,0.9519511532821084,0.08064559008960792,0.9519511532821084
65.1,0.9530256798155478,0.07587468383552166,0.9530256798155478,1542.0,0.9263408239442772,0.1181778610607136,0.9263408239442772,53.0,0.9509881100240624,0.08209431255199325,0.9509881100240624,0.8,0.9649480101881426,0.06146382314717189,0.9649480101881426,14.81,0.9535511670892555,0.07966121794726137,0.9535511670892555,47.0,0.7326222778950994,0.26890348833124045,0.7326222778950994,31.4,0.9405894367210254,0.09396649669430905,0.9405894367210254,67.8,0.9520000023459895,0.08056647175273975,0.9520000023459895
63.9,0.9526876546573759,0.0762876250491572,0.9526876546573759,1645.0,0.9257837558700135,0.11969125449522969,0.9257837558700135,52.0,0.9504766531267983,0.08313280410908734,0.9504766531267983,0.8,0.964179588027595,0.06279156306308233,0.964179588027595,15.76,0.9532301347372214,0.08011166542471508,0.9532301347372214,55.0,0.7329945589085791,0.26857526220628614,0.7329945589085791,31.8,0.9399075442940972,0.09460973178307862,0.9399075442940972,68.2,0.9519596838343686,0.080603192031827,0.9519596838343686
44.3,0.9523621679292802,0.0770345639981899,0.9523621679292802,1872.0,0.92480617433918,0.12189657485986628,0.92480617433918,29.0,0.9503038128232064,0.08349483014522541,0.9503038128232064,4.7,0.963549915200739,0.06373726608137002,0.963549915200739,10.57,0.9531310059364696,0.08033020987920171,0.9531310059364696,58.0,0.7334012242050785,0.2685536947695959,0.7334012242050785,28.2,0.9400151344005543,0.09443037944790951,0.9400151344005543,70.2,0.9520085328982497,0.0805240707362175,0.9520085328982497
36.1,0.9523621679292802,0.07703456399818927,0.9523621679292802,1938.0,0.9243528670489914,0.1225018255108171,0.9243528670489914,44.0,0.9499450023504463,0.08415130250541669,0.9499450023504463,7.0,0.9633274908715952,0.06393867955996713,0.9633274908715952,11.31,0.9530572944336295,0.08047537568697248,0.9530572944336295,59.0,0.7329026679020053,0.26847507232331375,0.7329026679020053,29.4,0.9400888459033944,0.09428846582430024,0.9400888459033944,72.9,0.951474341731003,0.08137299486373395,0.951474341731003
54.1,0.9522349388026878,0.07722664196819964,0.9522349388026878,1973.0,0.9238754623603675,0.1228645458783866,0.9238754623603675,47.0,0.9495099399839514,0.0847790106141843,0.9495099399839514,0.6281970010971596,0.9631780823339726,0.06419013646908961,0.9631780823339726,16.03,0.9529581656328777,0.08069383965911194,0.9529581656328777,58.0,0.7324122794584276,0.2687170875158042,0.7324122794584276,31.8,0.9399361994788905,0.09466304386610964,0.9399361994788905,69.8,0.9511757722203633,0.0817996216561152,0.9511757722203633
54.9,0.9522349388026878,0.07722664196819964,0.9522349388026878,1916.0,0.9237812476519962,0.12295368676064526,0.9237812476519962,46.0,0.9495517584151167,0.08471718024950915,0.9495517584151167,-3.9,0.9632269313978539,0.06410915348695291,0.9632269313978539,15.51,0.953349457417061,0.07999225096510748,0.953349457417061,56.0,0.7321806981122598,0.2690068006564515,0.7321806981122598,31.8,0.9397548978695932,0.09498417949183875,0.9397548978695932,69.4,0.9507426953858105,0.08272641852958061,0.9507426953858105
46.3,0.9522349388026878,0.07722664196819964,0.9522349388026878,1869.0,0.9233899558678129,0.12361323966550364,0.9233899558678129,28.0,0.9494193058697008,0.08496521737849182,0.9494193058697008,3.1,0.9630672209598383,0.06434790481808936,0.9630672209598383,6.29,0.9532170048716451,0.08024203104405209,0.9532170048716451,54.0,0.7311522202237648,0.2705180240827088,0.7311522202237648,23.1,0.9396224453241772,0.09522796497654541,0.9396224453241772,70.2,0.9504172086577145,0.08346952117577022,0.9504172086577145
41.6,0.9520033574565201,0.07769502921882442,0.9520033574565201,1440.0,0.9227741801317693,0.12446560298133041,0.9227741801317693,34.0,0.9493868245582776,0.08500638524160171,0.9493868245582776,4.7,0.9626759291756549,0.06506367029223438,0.9626759291756549,8.53,0.953389845175237,0.07987821264205469,0.953389845175237,52.0,0.7300404724118211,0.27127828430735124,0.7300404724118211,27.1,0.9395487338213372,0.0953697271481879,0.9395487338213372,70.6,0.9501575269857062,0.08390869898366869,0.9501575269857062
17.6,0.95192964595368,0.07784021259482979,0.95192964595368,1369.0,0.9222059123275901,0.12503613977798758,0.9222059123275901,21.0,0.9492759631841431,0.08515925045369972,0.9492759631841431,13.3,0.9621892359828466,0.06575227324390863,0.9621892359828466,3.57,0.9537694409625854,0.07937534482691766,0.9537694409625854,47.0,0.7294683084893638,0.2713725092833357,0.7294683084893638,20.4,0.9397671853019285,0.09504060834721724,0.9397671853019285,62.4,0.9503303672892981,0.08354680862708555,0.9503303672892981
19.2,0.9516726806903965,0.07809402271591877,0.9516726806903965,1250.0,0.9217779350593244,0.12537958680162825,0.9217779350593244,20.0,0.949312524815689,0.08510935149408998,0.949312524815689,6.2,0.9620400750098294,0.065938341360814,0.9620400750098294,3.41,0.953872021834028,0.07926285888575464,0.953872021834028,43.0,0.7287321438484469,0.27159477709706364,0.7287321438484469,20.4,0.9399022474847942,0.09489138252440538,0.9399022474847942,60.0,0.9501812742415285,0.08368916404474254,0.9501812742415285
21.2,0.9516726806903965,0.07809402271591877,0.9516726806903965,1153.0,0.9217779350593244,0.12537958680162825,0.9217779350593244,21.0,0.9494619333533113,0.08486509504881166,0.9494619333533113,0.0,0.9620400750098294,0.065938341360814,0.9620400750098294,3.59,0.9542292297598925,0.07891847728250868,0.9542292297598925,39.0,0.7277601697632816,0.2721012899723811,0.7277601697632816,19.6,0.9396888052392174,0.09515020459559598,0.9396888052392174,57.3,0.9501011562114804,0.08377860217571999,0.9501011562114804
20.8,0.951971250201036,0.0776659837384908,0.951971250201036,1054.0,0.9212992977472131,0.12578382558470372,0.9212992977472131,21.0,0.9497361639352446,0.0844656318697721,0.9497361639352446,6.2,0.9624348188647035,0.06533065375909876,0.9624348188647035,2.93,0.9543274943752484,0.07879148934733722,0.9543274943752484,36.0,0.7268831567863279,0.27246893062192046,0.7268831567863279,18.4,0.9392774487996715,0.09559926536945862,0.9392774487996715,58.4,0.9497801238594463,0.08422583366620248,0.9497801238594463
35.3,0.9519244484309354,0.07771382733323848,0.9519244484309354,836.0,0.9209521619925378,0.12601584101069915,0.9209521619925378,19.0,0.9499090042388365,0.0841040168647405,0.9499090042388365,4.7,0.9623657759217344,0.06542455440874874,0.9623657759217344,3.99,0.9545871760472567,0.0783487913778711,0.9545871760472567,33.0,0.7257502595953828,0.2732133529619777,0.7257502595953828,18.8,0.9390682894293853,0.0957791474174418,0.9390682894293853,58.0,0.9496450616765805,0.08437842981729161,0.9496450616765805
12.9,0.9519662668621007,0.07765151040558463,0.9519662668621007,1515.0,0.9211676515318954,0.1257399145136732,0.9211676515318954,29.0,0.9494759274042838,0.08502842897846456,0.9494759274042838,7.8,0.9623657759217344,0.06542455440875067,0.9623657759217344,3.98,0.9553758254676882,0.07628951864207072,0.9553758254676882,18.0,0.7251247673859498,0.2733208077250885,0.7251247673859498,21.6,0.9399476063448631,0.09363202680475392,0.9399476063448631,49.0,0.9495760187336114,0.08446957228165645,0.9495760187336114
100.0,0.9522466972721497,0.07710381367258895,0.9522466972721497,976.0,0.9214598145153269,0.12528898599333937,0.9214598145153269,66.0,0.9492282542513056,0.08539823000366425,0.9492282542513056,7.0,0.9623169268578532,0.06550539240080024,0.9623169268578532,12.49,0.9554834155741451,0.07610479830806474,0.9554834155741451,28.0,0.7245473815800617,0.2736153628576805,0.7245473815800617,31.0,0.9400458709602189,0.0935087225521301,0.9400458709602189,63.9,0.9495760187336114,0.08446957228165645,0.9495760187336114
80.8,0.9524809950270422,0.07681733602895117,0.9524809950270422,1536.0,0.9217402449253758,0.12477482319544725,0.9217402449253758,67.0,0.9487135260863643,0.08622461695046911,0.9487135260863643,0.0,0.9625485082040212,0.06502859139704699,0.9625485082040212,18.47,0.9555716759869102,0.07599808767497526,0.9555716759869102,40.0,0.7252094354210404,0.273481788010498,0.7252094354210404,32.9,0.9396788034264127,0.09371526286627123,0.9396788034264127,64.3,0.9495271696697303,0.08454826729012027,0.9495271696697303
67.5,0.9528777612277899,0.07629994327940272,0.9528777612277899,2084.0,0.9217110232529891,0.12480694187365325,0.9217110232529891,36.0,0.9485000838407871,0.08648821799778421,0.9485000838407871,3.1,0.9625903266351864,0.06496495210561821,0.9625903266351864,16.86,0.9557470566813969,0.07580611307945109,0.9557470566813969,44.0,0.7255885029629154,0.2734832216804946,0.7255885029629154,29.0,0.939703142355119,0.09369047827092987,0.939703142355119,68.2,0.9493660253629733,0.08471124068672935,0.9493660253629733
31.4,0.9528190201852139,0.07640468409098673,0.9528190201852139,1506.438032627222,0.9219294747335807,0.12449189690172176,0.9219294747335807,33.0,0.9482769638003246,0.08687582184288195,0.9482769638003246,-2.3,0.9625166151323463,0.06511285804062551,0.9625166151323463,5.72,0.9556982076175158,0.07588581862665347,0.9556982076175158,49.0,0.7253142416055405,0.2734167358606025,0.7253142416055405,23.5,0.939517172185951,0.09397951960857238,0.939517172185951,68.6,0.9485819353023803,0.08570527647888287,0.9485819353023803
35.7,0.9523621876619499,0.076965344701571,0.9523621876619499,1396.0,0.92222300162841,0.12421355366064346,0.92222300162841,20.0,0.948053843759862,0.08726323371544,0.948053843759862,-3.9,0.9625166151323463,0.0651128580406236,0.9625166151323463,7.38,0.9556982076175158,0.07588581862665347,0.9556982076175158,53.0,0.7246780024383356,0.2733456975106285,0.7246780024383356,25.9,0.9385395906551174,0.09624806687575516,0.9385395906551174,70.2,0.9478890885268452,0.08648398644228508,0.9478890885268452
18.4,0.9527101297467233,0.07641683845809066,0.9527101297467233,1443.0,0.9224613826710826,0.12401194466808234,0.9224613826710826,21.0,0.9478602181416819,0.08746645615873902,0.9478602181416819,14.8,0.9624429036295062,0.0652607405597932,0.9624429036295062,3.74,0.9559136971568732,0.07558599684660128,0.9559136971568732,51.0,0.7241778879080212,0.27357815071916186,0.7241778879080212,21.2,0.9386993010931329,0.09602137414350213,0.9386993010931329,64.3,0.9477396799892229,0.08672753873853196,0.9477396799892229
18.0,0.9527101297467233,0.07641683845808876,0.9527101297467233,1364.0,0.9223016722330671,0.12422929894906935,0.9223016722330671,20.0,0.9479728174831533,0.08733655901815733,0.9479728174831533,15.6,0.9625335711245527,0.06511625006503309,0.9625335711245527,3.75,0.9556952456762818,0.07592597040932504,0.9556952456762818,47.0,0.7236664310107572,0.27420922815172194,0.7236664310107572,20.8,0.9386209210304216,0.09613074592584565,0.9386209210304216,61.6,0.9473266982992545,0.08724963087925952,0.9473266982992545
19.2,0.9526513887041475,0.07652155197990096,0.9526513887041475,1243.0,0.9220095092496354,0.12468104782218874,0.9220095092496354,20.0,0.9478236565101361,0.08751617782006263,0.9478236565101361,15.6,0.9625335711245527,0.06511625006503309,0.9625335711245527,3.65,0.955636504633706,0.0760310717003873,0.955636504633706,43.0,0.7227505524637335,0.27562261268068894,0.7227505524637335,20.4,0.9384974846496635,0.09625812529772196,0.9384974846496635,58.8,0.9469319544443805,0.087837793588883,0.9469319544443805
22.4,0.9526513887041475,0.0765215519799016,0.9526513887041475,1141.0,0.9214928623143436,0.12532533691303424,0.9214928623143436,20.0,0.9476052050295446,0.0878502301907727,0.9476052050295446,3.9,0.9627245505287353,0.06486629539548577,0.9627245505287353,3.63,0.955215991177136,0.07677116176637742,0.955215991177136,39.0,0.7216217642615241,0.27635375754559816,0.7216217642615241,19.6,0.9383132688287988,0.0963999503212056,0.9383132688287988,58.0,0.9467017671946544,0.08809024844784048,0.9467017671946544
20.8,0.952359225720716,0.07700535132524225,0.952359225720716,1071.0,0.9207168768671499,0.12624874822808876,0.9207168768671499,21.0,0.9476260605388601,0.08783101088636763,0.9476260605388601,2.3,0.9628517796553276,0.06467024225889283,0.9628517796553276,3.53,0.9550809289942702,0.07692582216039297,0.9550809289942702,38.0,0.7200844454208193,0.2778586976431338,0.7200844454208193,18.8,0.9380042947904151,0.09667581445649036,0.9380042947904151,57.3,0.9463637420364828,0.08849572852640641,0.9463637420364828
20.8,0.9524209287045259,0.07692884862359399,0.9524209287045259,1506.438032627222,0.9207168768671499,0.12624874822808813,0.9207168768671499,20.0,0.9473368844445694,0.08815874217409003,0.9473368844445694,-0.8,0.9627491987838851,0.06478550168536656,0.9627491987838851,2.9,0.9548219856837613,0.07714407755973174,0.9548219856837613,36.0,0.7189474963141225,0.2785789067754603,0.7189474963141225,18.8,0.9376417874147501,0.09704631055084288,0.9376417874147501,60.8,0.9466851266923008,0.08798448478700052,0.9466851266923008
23.1,0.9528005244918742,0.07642538083084492,0.9528005244918742,886.0,0.920869523291654,0.125887699941925,0.920869523291654,32.0,0.9471444051208423,0.08837916959778484,0.9471444051208423,10.9,0.9630413617673168,0.06429220492480751,0.9630413617673168,3.7,0.9547237210684055,0.0772713092490153,0.9547237210684055,20.0,0.7174021291511059,0.28006755257082205,0.7174021291511059,19.6,0.9375511199197036,0.09718365504533988,0.9375511199197036,67.5,0.9467541696352698,0.08789391357533112,0.9467541696352698
48.04087253229345,0.9528695674348433,0.07633330434685022,0.9528695674348433,793.0,0.9203946280259356,0.12681959850182353,0.9203946280259356,32.0,0.9469289155814848,0.08867301552763311,0.9469289155814848,-2.3,0.9635162570330349,0.06328038726419698,0.9635162570330349,4.53,0.954489423313513,0.07755843908636688,0.954489423313513,0.0,0.7162572412400932,0.28077671272234034,0.7162572412400932,20.8,0.9374238907931114,0.09736968848358347,0.9374238907931114,55.3,0.9468278811381101,0.08775036794383194,0.9468278811381101
42.0,0.9525315422766716,0.07674600638176822,0.9525315422766716,787.0,0.9196123087745756,0.1280349780950589,0.9196123087745756,59.0,0.9469289155814848,0.08867301552763311,0.9469289155814848,1.6,0.963705189143437,0.06300553137790282,0.963705189143437,4.57,0.9540027301207046,0.07823425019930876,0.9540027301207046,3.0,0.7158204223591472,0.28092071615200487,0.7158204223591472,21.2,0.9364042260612382,0.09873712747069233,0.9364042260612382,54.9,0.9463995382171356,0.08828244486265184,0.9463995382171356
65.5,0.9526464869385859,0.0766560357762436,0.9526464869385859,1407.0,0.9193318783645267,0.128546783860649,0.9193318783645267,20.0,0.9464958387469321,0.08959219557039959,0.9464958387469321,1.6,0.9635557806058146,0.06325723933908942,0.9635557806058146,15.78,0.9538220603527083,0.07840181561293834,0.9538220603527083,20.0,0.7159523449935175,0.2808667847274956,0.7159523449935175,32.2,0.9358900641693204,0.09909159098131062,0.9358900641693204,56.1,0.9461810867365442,0.08861575766128657,0.9461810867365442
84.3,0.952225973482016,0.07739332361015902,0.952225973482016,1978.0,0.9190104937087085,0.12902731883763116,0.9190104937087085,20.0,0.9464958387469321,0.08959219557039831,0.9464958387469321,2.3,0.9634575159904589,0.06338719572831458,0.9634575159904589,25.58,0.9532062846166647,0.07931682552367854,0.9532062846166647,34.0,0.7165885841607224,0.2809494640943398,0.7165885841607224,35.3,0.9351103856452752,0.09987412623271825,0.9351103856452752,67.5,0.9461810867365442,0.08861575766128657,0.9461810867365442
61.6,0.951945543071967,0.07794092217097139,0.951945543071967,1735.0,0.9189222332959435,0.1291243055273431,0.9189222332959435,51.0,0.9457659303690766,0.09151710776530605,0.9457659303690766,-7.8,0.963457515990459,0.06338719572831396,0.963457515990459,15.69,0.9530662015701437,0.07950591223775472,0.9530662015701437,42.0,0.716068265133956,0.2808548451444428,0.716068265133956,31.8,0.9348705571772113,0.1001855390187712,0.9348705571772113,68.6,0.9457843205357966,0.08912390007099674,0.9457843205357966
58.4,0.95176424146267,0.07826981014457983,0.95176424146267,2151.0,0.9187974112516325,0.1292675988057201,0.9187974112516325,20.0,0.9455428103286141,0.09190229017220676,0.9455428103286141,3.9,0.963317432943938,0.06358088177789221,0.963317432943938,18.89,0.9531986541155597,0.07925607289539115,0.9531986541155597,44.0,0.7151368961597122,0.28090283041325664,0.7151368961597122,32.5,0.9350232036017153,0.09981404723790323,0.9350232036017153,69.8,0.9451575073095504,0.08975711947210532,0.9451575073095504
19.2,0.951705500420094,0.0783742959737423,0.951705500420094,1180.0,0.9187974112516325,0.1292675988057201,0.9187974112516325,20.0,0.945122296872044,0.09262679064147744,0.945122296872044,11.7,0.963317432943938,0.06358088177789221,0.963317432943938,3.25,0.9531249426127195,0.07940133295265595,0.9531249426127195,41.0,0.7145844600687717,0.28137001757718516,0.7145844600687717,19.2,0.9352045052110124,0.0994956497229343,0.9352045052110124,59.2,0.9450302781829581,0.08994587525481068,0.9450302781829581
20.0,0.9510758275932382,0.07929637765459699,0.9510758275932382,1120.0,0.9185377295796241,0.12967767361289634,0.9185377295796241,20.0,0.9447017834154741,0.09335061003616156,0.9447017834154741,4.7,0.9633761739865139,0.06347410177679255,0.9633761739865139,3.44,0.9528772694597415,0.0797741879649971,0.9528772694597415,39.0,0.714476869962315,0.28147220531012307,0.714476869962315,18.8,0.9349860537304209,0.0998219145316757,0.9349860537304209,58.4,0.9447367512881288,0.09024368005887329,0.9447367512881288
20.0,0.9504517713545028,0.0804676159701092,0.9504517713545028,1062.0,0.917993920594662,0.1303317470028925,0.917993920594662,20.0,0.9445081577972939,0.09355173986244092,0.9445081577972939,4.7,0.9634378769703237,0.06339573272008873,0.9634378769703237,2.8,0.9525968390496925,0.08032149166587897,0.9525968390496925,36.0,0.7143418077794492,0.28154279214504246,0.7143418077794492,18.8,0.9346381116456475,0.1003504544050218,0.9346381116456475,59.2,0.9445966682416077,0.09042925814210344,0.9445966682416077
21.6,0.9502174735996102,0.08075250268589675,0.9502174735996102,965.0,0.917568641006829,0.13063603162283552,0.917568641006829,23.0,0.9441258601622828,0.09386735108816734,0.9441258601622828,3.9,0.9633054244249076,0.0636506720284277,0.9633054244249076,2.88,0.9525085786369274,0.08042742571262208,0.9525085786369274,34.0,0.7138395491192505,0.2815609723419465,0.7138395491192505,18.8,0.9346381116456475,0.10035045440502055,0.9346381116456475,63.9,0.9443782167610163,0.09076136163833438,0.9443782167610163
25.1,0.9497219185624655,0.08120269218833168,0.9497219185624655,923.0,0.9171679572147257,0.1309045050333139,0.9171679572147257,24.0,0.9438470438670343,0.09405816658184471,0.9438470438670343,3.1,0.9629635365635582,0.06413171722497073,0.9629635365635582,3.19,0.952796743619823,0.08017586211177911,0.952796743619823,33.0,0.7138395491192505,0.2815609723419465,0.7138395491192505,18.8,0.9348096396171298,0.10021749727794968,0.9348096396171298,61.2,0.9444515759600721,0.09068554859901273,0.9444515759600721
24.3,0.9492352253696572,0.08187286234155251,0.9492352253696572,901.0,0.916759595469071,0.1311750139200365,0.916759595469071,26.0,0.943368406554923,0.09449105392658501,0.943368406554923,-3.9,0.9624293453963114,0.0650005433185707,0.9624293453963114,3.37,0.9526301031443467,0.08039437165738998,0.9526301031443467,31.0,0.7138395491192505,0.2815609723419465,0.7138395491192505,18.8,0.9342473605992235,0.10062159600770226,0.9342473605992235,63.5,0.9447726083121064,0.09024334139504891,0.9447726083121064
29.0,0.9490923259865938,0.08202096514964588,0.9490923259865938,861.0,0.916311271372777,0.13148529179344648,0.916311271372777,24.0,0.9432539943755945,0.0945886754342673,0.9432539943755945,-7.8,0.9621084906515388,0.06540770841669147,0.9621084906515388,3.51,0.9522808607275397,0.08076947671419601,0.9522808607275397,34.0,0.7144257765378189,0.28128370373066197,0.7144257765378189,19.2,0.9337160327025126,0.10097810904422294,0.9337160327025126,59.6,0.9453165465207934,0.0891746463079284,0.9453165465207934
43.1,0.9490365468852519,0.08208504904012408,0.9490365468852519,998.0,0.9161618628351547,0.13171246751448334,0.9161618628351547,37.0,0.943478870930508,0.0944518607115825,0.943478870930508,-3.9,0.9618488089795304,0.06585772292209158,0.9618488089795304,8.81,0.9522237449353859,0.08080870725916858,0.9522237449353859,34.0,0.7149278309616333,0.2809358880106448,0.7149278309616333,27.5,0.9337160327025126,0.10097810904422294,0.9337160327025126,67.1,0.9453902580236337,0.08903143929308206,0.9453902580236337
82.0,0.9488429212670716,0.0822895755785839,0.9488429212670716,1746.0,0.9155621455251254,0.1327781009353042,0.9155621455251254,67.0,0.9433987529004597,0.09453965405700084,0.9433987529004597,-3.1,0.9616890985415149,0.06609581182390398,0.9616890985415149,21.49,0.9520395291145212,0.08095614457294893,0.9520395291145212,41.0,0.714869267526319,0.2809556985973872,0.714869267526319,34.1,0.9331426385352767,0.10138371622368514,0.9331426385352767,65.9,0.9456300864916973,0.08871311849777407,0.9456300864916973
82.4,0.9485059020920037,0.08252440626491968,0.9485059020920037,2097.0,0.9148398925962821,0.13394336496103632,0.9148398925962821,57.0,0.943447601964341,0.09446204061430029,0.943447601964341,-3.1,0.9615084287735186,0.06626724578935575,0.9615084287735186,25.59,0.9519059357706241,0.08105185547466472,0.9519059357706241,45.0,0.714869267526319,0.2809556985973872,0.714869267526319,34.9,0.9326328846215549,0.10170194758580607,0.9326328846215549,67.5,0.9458160566608655,0.0884209199307671,0.9458160566608655
65.5,0.9486885040333344,0.08236881124285308,0.9486885040333344,2257.0,0.9141318868279797,0.1346577083439153,0.9141318868279797,56.0,0.9433203728377486,0.09464977662469937,0.9433203728377486,-3.1,0.9611750519796368,0.0666049893904654,0.9611750519796368,22.12,0.9518431544176089,0.08111073128396211,0.9518431544176089,47.0,0.714869267526319,0.2809556985973872,0.714869267526319,33.7,0.932768684792785,0.10159877402189821,0.932768684792785,69.4,0.945705195286731,0.08857273509012409,0.945705195286731
19.6,0.9488285870798554,0.08218112325656145,0.9488285870798554,2045.0,0.9134450492362289,0.13579380346285827,0.9134450492362289,58.0,0.9435016744470458,0.09432721978562267,0.9435016744470458,-1.6,0.9607388488146608,0.06709400192493563,0.9607388488146608,6.04,0.9519703835442013,0.08091925999410496,0.9519703835442013,48.0,0.714869267526319,0.2809556985973872,0.714869267526319,23.5,0.9326578234186504,0.10174664050117364,0.9326578234186504,61.2,0.945705195286731,0.08857273509012409,0.945705195286731
68.2,0.9487209969733984,0.08236374808240689,0.9487209969733984,1597.0,0.9128718893551551,0.1368265141675947,0.9128718893551551,58.0,0.9437415029151094,0.09401097118067914,0.9437415029151094,-4.7,0.9608172288773719,0.06697931023080152,0.9608172288773719,16.2,0.9523183256289747,0.08037244760521157,0.9523183256289747,50.0,0.714869267526319,0.2809556985973872,0.714869267526319,32.2,0.9325086624456332,0.10192060468687034,0.9325086624456332,67.5,0.9460640057594912,0.08792115345001046,0.9460640057594912
69.8,0.9487209969733984,0.08236374808240689,0.9487209969733984,1681.0,0.9124805975709717,0.1374710906933985,0.9124805975709717,58.0,0.9437415029151094,0.09401097118067914,0.9437415029151094,-0.8,0.9602175115673427,0.06814553565736735,0.9602175115673427,17.45,0.9523800286127846,0.08029616677958955,0.9523800286127846,51.0,0.714869267526319,0.2809556985973872,0.714869267526319,32.2,0.9329382983293069,0.10168857702662526,0.9329382983293069,67.8,0.9462759480855237,0.08768395895871633,0.9462759480855237
38.8,0.9484894156272307,0.08282901362044166,0.9484894156272307,1702.0,0.912285335291498,0.137627063647967,0.912285335291498,19.0,0.9439685144359095,0.09378472593793054,0.9439685144359095,3.1,0.9599698384143646,0.0685243751840255,0.9599698384143646,5.86,0.9521940584436164,0.08059222062309572,0.9521940584436164,45.0,0.7152689884748502,0.28081295311342847,0.7152689884748502,22.4,0.9335535109277081,0.10122335086659116,0.9335535109277081,69.0,0.9459171376127636,0.08833579150648134,0.9459171376127636
18.0,0.9486142376715416,0.08267386172729413,0.9486142376715416,1413.0,0.9125745113857887,0.1373291645505967,0.9125745113857887,21.0,0.9442222751931074,0.09348840769921128,0.9442222751931074,0.0,0.9597382570681968,0.06899897126239342,0.9597382570681968,3.9,0.9518914486225374,0.0809739966388885,0.9518914486225374,35.0,0.7151092780368347,0.280935424899136,0.7151092780368347,21.2,0.9340523575129958,0.10090691471605906,0.9340523575129958,61.2,0.9458846563013403,0.08837667028126057,0.9458846563013403
41.2,0.9488444249212677,0.08241949623715644,0.9488444249212677,887.0,0.9127236044335582,0.13720226677056832,0.9127236044335582,26.0,0.9441351549113859,0.09357082350335562,0.9441351549113859,4.7,0.959787106132078,0.06891854553803786,0.959787106132078,4.33,0.9519896453126454,0.08088601835692646,0.9519896453126454,26.0,0.7147145341819604,0.2812517144836369,0.7147145341819604,20.4,0.9342574286050375,0.10083092026403025,0.9342574286050375,63.5,0.9458846563013403,0.08837667028126057,0.9458846563013403
28.2,0.9492032353940278,0.08176320294712736,0.9492032353940278,1215.0,0.912534672323156,0.13744587737223563,0.912534672323156,29.0,0.9434129019825425,0.0948089164870293,0.9434129019825425,4.7,0.959647023085557,0.06911061593648635,0.959647023085557,4.07,0.9520162027416007,0.08085641461262283,0.9520162027416007,21.0,0.7143303399578022,0.28123503581262704,0.7143303399578022,17.6,0.9340606213965826,0.10096864400698247,0.9340606213965826,67.8,0.9458846563013403,0.08837667028126057,0.9458846563013403
36.1,0.9493558818185317,0.08138255633212925,0.9493558818185317,796.0,0.9119907341144686,0.13844509375658773,0.9119907341144686,29.0,0.9429760831015964,0.09518029352157947,0.9429760831015964,-2.3,0.959647023085557,0.06911061593648635,0.959647023085557,4.16,0.9520162027416007,0.08085641461262283,0.9520162027416007,16.0,0.7145801990240267,0.2813020797832423,0.7145801990240267,20.4,0.9339699539015361,0.10110501132988454,0.9339699539015361,54.9,0.9455632716455222,0.08888729779579145,0.9455632716455222
57.6,0.949404730882413,0.08130371419682313,0.949404730882413,1390.0,0.9120898629152204,0.13824303566923793,0.9120898629152204,20.0,0.943005304773983,0.09514633523666459,0.943005304773983,-0.8,0.9596958721494381,0.06903020420789584,0.9596958721494381,11.41,0.9523416894696966,0.0801110727005599,0.9523416894696966,17.0,0.715073146205115,0.28139792547879855,0.715073146205115,29.8,0.9340188029654173,0.10102861528245419,0.9340188029654173,67.1,0.9457863916859847,0.08850139468383499,0.9457863916859847
44.7,0.9496363122285807,0.08083758871224385,0.9496363122285807,864.0,0.9130382227736673,0.13612047309055553,0.9130382227736673,35.0,0.943130126818294,0.09499383711085924,0.943130126818294,-0.8,0.9592627953148851,0.0699717333878748,0.9592627953148851,4.87,0.9525276596388648,0.07981487412797912,0.9525276596388648,3.0,0.7161507090366035,0.28121402410981655,0.7161507090366035,21.6,0.9338787199188961,0.10121016479690542,0.9338787199188961,64.3,0.946354463869655,0.08797009106687156,0.946354463869655
77.3,0.9493154574838081,0.08123340883932571,0.9493154574838081,1273.0,0.9137433052891115,0.13497170001969674,0.9137433052891115,21.0,0.943270209864815,0.0948092667530349,0.943270209864815,7.0,0.9591602144434426,0.07008594475574587,0.9591602144434426,14.67,0.952429395023509,0.0799414863363563,0.952429395023509,17.0,0.7175521378736605,0.2805729109743903,0.7175521378736605,31.8,0.9339205383500615,0.1011502120019879,0.9339205383500615,54.1,0.9467551476617583,0.08767131678202565,0.9467551476617583
78.4,0.9492271970710429,0.08133884179972764,0.9492271970710429,1600.0,0.914451311057414,0.13425799200199712,0.914451311057414,63.0,0.9435924587060294,0.09421111780361709,0.9435924587060294,-0.8,0.9590868552443865,0.07016473181889891,0.9590868552443865,20.16,0.9524586166958957,0.07990666124286047,0.9524586166958957,31.0,0.7189519369337801,0.279926644677454,0.7189519369337801,33.7,0.9340453603943725,0.10100022909056124,0.9340453603943725,65.1,0.9470765323175767,0.08715955696563728,0.9470765323175767
20.4,0.9494868787430514,0.0808994357712871,0.9494868787430514,2121.0,0.9148921541144918,0.13395211913061925,0.9148921541144918,44.0,0.9431593818714764,0.09512422952471315,0.9431593818714764,6.2,0.9590178123014176,0.07025792513741615,0.9590178123014176,6.47,0.9529733448608372,0.07907323099346793,0.9529733448608372,34.0,0.7190942386193376,0.2799044869286631,0.7190942386193376,23.5,0.9345167702086039,0.10023608337629054,0.9345167702086039,62.4,0.9470765323175766,0.08715955696563726,0.9470765323175766
51.8,0.9497184600892191,0.08043316792923272,0.9497184600892191,1760.0,0.9148921541144918,0.13395211913061925,0.9148921541144918,19.0,0.9426844866057583,0.09609729293601617,0.9426844866057583,2.3,0.9592409323418801,0.06986160540945038,0.9592409323418801,13.14,0.9529733448608372,0.07907323099346793,0.9529733448608372,37.0,0.7181275163937707,0.279992260824966,0.7181275163937707,30.6,0.9345656192724852,0.1001595909925201,0.9345656192724852,70.2,0.9472654644279789,0.08689458052518209,0.9472654644279789
20.0,0.9498260501956761,0.08025011278003111,0.9498260501956761,1801.0,0.9148921541144918,0.13395211913061925,0.9148921541144918,33.0,0.9424529052595906,0.09655596686487582,0.9424529052595906,3.1,0.9590549621727119,0.07016204052065128,0.9590549621727119,5.12,0.9527502248203745,0.07946459080957842,0.9527502248203745,38.0,0.7167260875567137,0.2806359015072914,0.7167260875567137,23.1,0.9341813915018133,0.10098396193090466,0.9341813915018133,62.7,0.9473645932287305,0.08667817093221646,0.9473645932287305
36.5,0.9499532793222684,0.08005897791016461,0.9499532793222684,1934.0,0.9148921541144918,0.13395211913061741,0.9148921541144918,27.0,0.9424163436280447,0.09660501364075295,0.9424163436280447,2.3,0.959375994524746,0.06970518226070253,0.959375994524746,10.5,0.9530757115484704,0.07871815633010724,0.9530757115484704,41.0,0.7154756844216333,0.2810376254699309,0.7154756844216333,29.0,0.9341813915018133,0.10098396193090466,0.9341813915018133,72.9,0.9469315163941776,0.08759872331711831,0.9469315163941776
19.6,0.9499167176907226,0.08010910935260991,0.9499167176907226,1982.0,0.9147938894991361,0.13406724949992535,0.9147938894991361,19.0,0.9422669350904224,0.0968453970949374,0.9422669350904224,-0.8,0.9595914840641033,0.06940268726030478,0.9595914840641033,7.73,0.9534962250050404,0.07798073443426033,0.9534962250050404,38.0,0.7142067081574727,0.2825337892206029,0.7142067081574727,27.8,0.9344735544852449,0.10051780381153225,0.9344735544852449,63.1,0.9470639689395938,0.08735176659592361,0.9470639689395938
18.4,0.9497673091531001,0.08035424365405958,0.9497673091531001,1802.0,0.9144730347543635,0.13442782947205936,0.9144730347543635,19.0,0.942188555027711,0.09695517687886512,0.942188555027711,0.0,0.9598836470475348,0.06891254290563062,0.9598836470475348,4.88,0.9534225135022001,0.07812614226075995,0.9534225135022001,33.0,0.7136542720665324,0.2829985416166386,0.7136542720665324,22.7,0.9342922528759479,0.10083572394123379,0.9342922528759479,63.1,0.9479798474866175,0.08512721784123646,0.9479798474866175
17.6,0.9493342323185472,0.08128021619949205,0.9493342323185472,1540.0,0.9143482127100526,0.13456953468429295,0.9143482127100526,45.0,0.9418663061864968,0.09755140122640887,0.9418663061864968,7.0,0.9601433287195433,0.06846434673413436,0.9601433287195433,5.16,0.9534225135022002,0.07812614226075995,0.9534225135022002,32.0,0.7131395439015911,0.2834504239890457,0.7131395439015911,23.9,0.9346177396040436,0.10011225277820045,0.9346177396040436,62.7,0.9482602778966663,0.08458421735601547,0.9482602778966663
75.3,0.949433361119299,0.08106270811023891,0.949433361119299,1688.0,0.9143482127100526,0.13456953468429295,0.9143482127100526,61.0,0.9417171452134795,0.09772806747330413,0.9417171452134795,3.9,0.9604354917029749,0.0679736107698374,0.9604354917029749,18.64,0.953241211892903,0.0784555514202665,0.953241211892903,41.0,0.713498354374351,0.28307628846808963,0.713498354374351,32.9,0.9348695148292993,0.0995289068033206,0.9348695148292993,67.5,0.9486933547312192,0.08366088474015575,0.9486933547312192
64.3,0.949433361119299,0.08106270811023891,0.949433361119299,2101.0,0.9144265927727638,0.13446670675215108,0.9144265927727638,32.0,0.9415246658897523,0.09794501796241484,0.9415246658897523,-13.3,0.9602495215338067,0.06827481938110258,0.9602495215338067,19.32,0.9528824014201429,0.07911614517772826,0.9528824014201429,43.0,0.713605944480808,0.2829745987194075,0.713605944480808,32.5,0.9347703860285476,0.09974085832227426,0.9347703860285476,68.2,0.9487299163627649,0.08361096268613556,0.9487299163627649
16.9,0.9498538745758689,0.08032940750570058,0.9498538745758689,1395.0,0.9151134303645144,0.13332817572235522,0.9151134303645144,53.0,0.9420361227870164,0.09692519484451936,0.9420361227870164,10.9,0.9604811028799745,0.06779977816672429,0.9604811028799745,3.45,0.9527832726193911,0.07933470738485449,0.9527832726193911,39.0,0.7140764221843959,0.282636034559219,0.7140764221843959,19.6,0.9347703860285476,0.09974085832227426,0.9347703860285476,66.3,0.9493411661197662,0.08297674190527078,0.9493411661197662
31.8,0.9499027236397501,0.08025046546194002,0.9499027236397501,1265.0,0.9154583350552759,0.13311998053345442,0.9154583350552759,32.0,0.942195833225032,0.09669765071101222,0.942195833225032,4.7,0.961318601364287,0.06563761103636365,0.961318601364287,3.55,0.9527832726193913,0.0793347073848545,0.9527832726193913,30.0,0.7140592517709967,0.28264064388524496,0.7140592517709967,18.8,0.9348487660912587,0.09963230388357043,0.9348487660912587,64.3,0.9494102090627352,0.082885516449803,0.9494102090627352
15.3,0.9498290121369098,0.0803951035824729,0.9498290121369098,1338.0,0.9150860540417962,0.13364619832242172,0.9150860540417962,31.0,0.9421958332250321,0.09669765071101034,0.9421958332250321,10.2,0.9613923128671272,0.06548994183808617,0.9613923128671272,3.46,0.9529692427885593,0.07903820545877127,0.9529692427885593,23.0,0.7140946671080894,0.2826305834716591,0.7140946671080894,20.0,0.9346627959220905,0.09991847768291413,0.9346627959220905,59.6,0.9490683212013857,0.08335203717038461,0.9490683212013857
51.0,0.9500149823060781,0.08009982461599763,0.9500149823060781,1787.0,0.9153015435811536,0.13337420258525257,0.9153015435811536,62.0,0.9424189532654945,0.09631512079278366,0.9424189532654945,1.6,0.9615449592916311,0.0651014886430437,0.9615449592916311,14.38,0.9531016953339755,0.07878832877180283,0.9531016953339755,32.0,0.7138157327247374,0.28275773684093414,0.7138157327247374,32.2,0.9345552058156334,0.10009605350867269,0.9345552058156334,71.0,0.9492867726819773,0.08301637128307282,0.9492867726819773
44.7,0.9499243148110318,0.0802408450990332,0.9499243148110318,1805.0,0.9153816616112019,0.13329290858432788,0.9153816616112019,53.0,0.9428722605556831,0.09568312544504928,0.9428722605556831,-1.6,0.9614373691851741,0.06528872055320613,0.9614373691851741,16.89,0.9530034307186198,0.07891513304856919,0.9530034307186198,37.0,0.7135972812441459,0.2829379522110274,0.7135972812441459,31.8,0.93420726373086,0.10062421342278795,0.93420726373086,75.7,0.9492502110504314,0.08306634932197342,0.9492502110504314
34.9,0.9500840252490472,0.08000831677100236,0.9500840252490472,1881.0,0.9149809778190985,0.13355930652799425,0.9149809778190985,18.0,0.9427450314290908,0.09587056664000683,0.9427450314290908,-7.0,0.9613101400585817,0.06548437868278006,0.9613101400585817,9.53,0.9531631411566353,0.07868154164010252,0.9531631411566353,36.0,0.71374992766865,0.2827024103945063,0.71374992766865,27.8,0.9340964023567256,0.10077246084886786,0.9340964023567256,71.8,0.9491944319490896,0.08313038404933801,0.9491944319490896
17.6,0.9500840252490472,0.08000831677099984,0.9500840252490472,1718.0,0.91527314080253,0.13311443976114276,0.91527314080253,25.0,0.9426833284452809,0.0959449505503135,0.9426833284452809,3.9,0.9614177301650388,0.0652971953784711,0.9614177301650388,4.37,0.9534617106672749,0.07825293986438248,0.9534617106672749,35.0,0.7140036884258477,0.28255978512628815,0.7140036884258477,22.4,0.9345294791912785,0.0998715813613284,0.9345294791912785,63.1,0.9494128834296809,0.08279461745960283,0.9494128834296809
28.6,0.9499690805871327,0.08009758994230781,0.9499690805871327,1729.0,0.9153840021766644,0.13297358368981915,0.9153840021766644,44.0,0.9424897028271007,0.0961450358244397,0.9424897028271007,0.0,0.9617432168931346,0.06453868465884519,0.9617432168931346,7.52,0.9533125496942578,0.0784351785951012,0.9533125496942578,36.0,0.7147627561480081,0.2820677782642303,0.7147627561480081,26.3,0.9341313877105903,0.10030759943801842,0.9341313877105903,74.5,0.9495988535988491,0.08249995164095537,0.9495988535988491
61.6,0.9501636107965095,0.07990761043439187,0.9501636107965095,1857.0,0.9153840021766644,0.13297358368981915,0.9153840021766644,19.0,0.942964598092819,0.09517221743210935,0.942964598092819,4.7,0.9614914416678789,0.06514948381667762,0.9614914416678789,16.63,0.9529903008530435,0.07904548362311146,0.9529903008530435,38.0,0.7155936745936498,0.28181931927546877,0.7155936745936498,32.2,0.9339787412860865,0.10067862508296285,0.9339787412860865,69.0,0.9498173050794407,0.08216388069844603,0.9498173050794407
20.0,0.9505224212692697,0.07924936988769922,0.9505224212692697,1743.0,0.915160882136202,0.13333487440182082,0.915160882136202,21.0,0.9429645980928187,0.09517221743210932,0.9429645980928187,8.6,0.9611700570120607,0.06567728624251856,0.9611700570120607,4.47,0.9531429472775473,0.07866277855737261,0.9531429472775473,39.0,0.7160240380495123,0.2818256248768473,0.7160240380495123,21.2,0.9340778700868381,0.10046697049668861,0.9340778700868381,62.7,0.9499497576248567,0.08191533902298145,0.9499497576248567
19.2,0.9504317537742232,0.0793905549893504,0.9504317537742232,1091.0,0.9151190637050366,0.1333919683614454,0.9151190637050366,21.0,0.9430233391353948,0.09506982686666665,0.9430233391353948,0.6281970010971596,0.9610963455092207,0.0658249046105299,0.9610963455092207,3.64,0.9528625168674985,0.07921057498733235,0.9528625168674985,40.0,0.7157681544620884,0.2817575715534598,0.7157681544620884,18.8,0.93375648543102,0.10096630769399106,0.93375648543102,56.1,0.9504246528905749,0.08092694703438089,0.9504246528905749
21.6,0.950245783605055,0.07968611605812358,0.950245783605055,1133.0,0.9151974437677479,0.13328893344642875,0.9151974437677479,21.0,0.9428580305984047,0.09522105413129565,0.9428580305984047,3.9,0.9607740966680064,0.0664448538847161,0.9607740966680064,3.62,0.9525206290061489,0.07968032799735619,0.9525206290061489,43.0,0.715506778133139,0.28168819660301464,0.715506778133139,19.2,0.9332626127753939,0.10175055560437833,0.9332626127753939,56.9,0.9502530290761633,0.08113024388458073,0.9502530290761633
19.6,0.950319495107895,0.0795413540066907,0.950319495107895,1186.0,0.9140107028666283,0.13561638914277735,0.9140107028666283,20.0,0.9427673631033582,0.09535944241576215,0.9427673631033582,13.3,0.9611946101245764,0.06569554763810713,0.9611946101245764,3.54,0.951688525814566,0.08101450059556957,0.951688525814566,44.0,0.7150017922741218,0.28159131018583294,0.7150017922741218,19.6,0.9330909889609824,0.1019458187646887,0.9330909889609824,57.6,0.950351293691519,0.08100408162662832,0.950351293691519
22.4,0.950166848683391,0.07992270934535045,0.950166848683391,1130.0,0.9133545059916129,0.13729962221860315,0.9133545059916129,30.0,0.9429232807955396,0.09519075696499979,0.9429232807955396,1.6,0.961366233938988,0.06548681898125755,0.961366233938988,3.75,0.95162978477199,0.08111880793297566,0.95162978477199,38.0,0.7152441650259278,0.28148880354180567,0.7152441650259278,19.2,0.9331497300035584,0.10184505147380783,0.9331497300035584,57.3,0.9505241339951108,0.08064158299602314,0.9505241339951108
20.0,0.9499940083797991,0.08028519143451528,0.9499940083797991,1905.0,0.9136466689750445,0.13685689417310967,0.9136466689750445,26.0,0.9431829624675478,0.09475837960900003,0.9431829624675478,-0.8,0.9611802637698199,0.06578882609927975,0.9611802637698199,7.43,0.9515355700636186,0.08121550182206608,0.9515355700636186,42.0,0.7158682212646633,0.280813053853721,0.7158682212646633,28.2,0.9332187729465274,0.10175698547214937,0.9332187729465274,62.7,0.9500126770978469,0.08168030619126175,0.9500126770978469
38.4,0.9499940083797991,0.08028519143451528,0.9499940083797991,1460.0,0.9143517514904886,0.13570778446794737,0.9143517514904886,45.0,0.9429311872422922,0.09534866260706758,0.9429311872422922,3.9,0.9611384453386544,0.06585232804437433,0.9611384453386544,8.31,0.9511388038628709,0.08173002624001027,0.9511388038628709,45.0,0.7170243044324087,0.2805435809144957,0.7170243044324087,27.8,0.9333460020731198,0.10157250339134533,0.9333460020731198,73.7,0.9494395172167729,0.08279372559424004,0.9494395172167729
52.9,0.9498448474067821,0.08046635896066545,0.9498448474067821,1522.0,0.9142526226897368,0.13591069298163258,0.9142526226897368,46.0,0.9423580273612181,0.09644473151670471,0.9423580273612181,-7.0,0.9612121568414944,0.0657047048714855,0.9612121568414944,11.62,0.950459347095792,0.08267935502808456,0.950459347095792,47.0,0.7176621465118231,0.2806258467790845,0.7176621465118231,29.8,0.9333460020731198,0.1015725033913441,0.9333460020731198,68.6,0.9491409477061332,0.08321888358865849,0.9491409477061332
59.2,0.9492924113158417,0.08132846305690601,0.9492924113158417,1578.0,0.9135964258147216,0.1375942122124644,0.9135964258147216,51.0,0.9420371726164456,0.09683178265612533,0.9420371726164456,-8.6,0.9613615653791169,0.06545403723319362,0.9613615653791169,13.81,0.9497686672317112,0.08363337625367871,0.9497686672317112,50.0,0.7176621465118231,0.2806258467790845,0.7176621465118231,31.0,0.9334708241174305,0.10142268584839247,0.9334708241174305,68.6,0.9492681768327256,0.08302830002977804,0.9492681768327256
63.1,0.9487320170857227,0.08186284385477435,0.9487320170857227,1676.0,0.9131493549291962,0.13829691987787604,0.9131493549291962,53.0,0.9413686522059523,0.09758692621070246,0.9413686522059523,-3.1,0.9612831853164058,0.06556892445490493,0.9612831853164058,15.78,0.9489145337102765,0.08497161054302756,0.9489145337102765,52.0,0.7176621465118231,0.2806258467790845,0.7176621465118231,31.8,0.933258881791398,0.10165301530927755,0.933258881791398,68.2,0.9495278585047339,0.08258933528356727,0.9495278585047339
16.5,0.9487320170857227,0.08186284385477435,0.9487320170857227,1475.0,0.9132987634668188,0.13807170985204245,0.9132987634668188,45.0,0.941047267550134,0.098091683111563,0.941047267550134,-2.3,0.9614930767567886,0.06536176145678217,0.9614930767567886,3.95,0.9485890469821807,0.08571240464162105,0.9485890469821807,50.0,0.7181921916253262,0.28071925727768837,0.7181921916253262,20.4,0.9328258049568453,0.10255171674529753,0.9328258049568453,63.1,0.9494134463254053,0.08268917751504061,0.9494134463254053
53.3,0.9486328882849709,0.08208009514254364,0.9486328882849709,1388.0,0.9132987634668188,0.13807170985204245,0.9132987634668188,46.0,0.941199913974638,0.09771718220128363,0.941199913974638,-1.6,0.9613124069887924,0.06553329334119201,0.9613124069887924,10.77,0.9485890469821807,0.08571240464162105,0.9485890469821807,51.0,0.7192110134142389,0.2805895493559492,0.7192110134142389,29.4,0.9326529646532534,0.10290285364014075,0.9326529646532534,67.5,0.9490715584640558,0.08315577073299417,0.9490715584640558
52.5,0.9487235557800174,0.08193946298663785,0.9487235557800174,1390.0,0.9131861641253474,0.13818982677299002,0.9131861641253474,47.0,0.9413271431012303,0.09753034023632243,0.9413271431012303,3.9,0.9609917606944735,0.06583431660659622,0.9609917606944735,11.08,0.9484001148717786,0.08597803525816383,0.9484001148717786,51.0,0.720228214480624,0.2804578486038137,0.720228214480624,29.4,0.9326041155893724,0.10297902433503166,0.9326041155893724,67.8,0.9488855882948876,0.08345012643953607,0.9488855882948876
56.5,0.9486498442771774,0.08208377484740888,0.9486498442771774,1415.0,0.9127748076858012,0.13860444497458924,0.9127748076858012,47.0,0.9407259598766641,0.09840974153558009,0.9407259598766641,-1.6,0.9607783184488963,0.06610635772310818,0.9607783184488963,11.7,0.9481258842898451,0.08637643033736413,0.9481258842898451,52.0,0.7210840753320565,0.2804488037068573,0.7210840753320565,29.8,0.9322093717344981,0.10355024550350841,0.9322093717344981,67.8,0.948662468254425,0.08383861876819766,0.948662468254425
55.7,0.9487085853197532,0.08197988527747886,0.9487085853197532,1453.0,0.9129463356572837,0.13848265796183823,0.9129463356572837,48.0,0.9400491032302223,0.09916572572667107,0.9400491032302223,3.9,0.9606054781453045,0.06647569722465933,0.9606054781453045,11.79,0.94758681640354,0.0869758705821757,0.94758681640354,53.0,0.7210840753320565,0.2804488037068573,0.7210840753320565,29.8,0.9316470927165917,0.10395087338976139,0.9316470927165917,67.8,0.9478783781938319,0.08483253475233722,0.9478783781938319
55.3,0.9486597362558722,0.08205862864606081,0.9486597362558722,1462.0,0.912618091941677,0.13866748737774157,0.912618091941677,46.0,0.9401108062140322,0.09909179621162095,0.9401108062140322,3.9,0.9602575360605309,0.06703281228266726,0.9602575360605309,12.01,0.9470964279599623,0.08747610713889828,0.9470964279599623,54.0,0.7210840753320565,0.2804488037068573,0.7210840753320565,29.8,0.9309297946507126,0.10458811488859211,0.9309297946507126,67.8,0.9469337561930411,0.0862066460771785,0.9469337561930411
54.5,0.9487015546870374,0.0819967404134261,0.9487015546870374,1498.0,0.912618091941677,0.13866748737774157,0.912618091941677,47.0,0.9391949276670086,0.10128288505399628,0.9391949276670086,3.9,0.9596417603244874,0.06796197122701642,0.9596417603244874,12.3,0.9462120856589763,0.08882132624924353,0.9462120856589763,56.0,0.7205588924861862,0.2803583709412411,0.7205588924861862,30.2,0.9303145820523113,0.10504943345136263,0.9303145820523113,68.2,0.9465811735487284,0.08644531019742006,0.9465811735487284
54.5,0.9481577457020753,0.08270460068996612,0.9481577457020753,1561.0,0.912091387782672,0.13907423117213336,0.912091387782672,39.0,0.93948709065044,0.10081398090796484,0.93948709065044,3.9,0.9591826618065744,0.06846276967569534,0.9591826618065744,12.27,0.9458912309142037,0.08921281403787414,0.9458912309142037,58.0,0.7196323589148476,0.2804133565394172,0.7196323589148476,30.2,0.9297357851956204,0.10545177570480387,0.9297357851956204,69.0,0.9460962878208886,0.08684062477548479,0.9460962878208886
45.1,0.9479652663783482,0.08292635739216714,0.9479652663783482,1585.0,0.9115573896499103,0.13948238524282644,0.9115573896499103,18.0,0.939789700471519,0.1004442440423227,0.939789700471519,4.7,0.9590969504456872,0.06851583683068849,0.9590969504456872,10.86,0.9459696109769148,0.08910189804183564,0.9459696109769148,57.0,0.7191419704712697,0.2806362841003948,0.7191419704712697,29.0,0.9297723468271663,0.10540383828576247,0.9297723468271663,71.0,0.9453809880788298,0.08762413852695781,0.9453809880788298
18.0,0.9477533240523157,0.08316510917598054,0.9477533240523157,1508.0,0.9111777938625619,0.13993509647973668,0.9111777938625619,27.0,0.939542027318541,0.10080575386624756,0.939542027318541,0.0,0.9592078118198216,0.06835926177577453,0.9592078118198216,3.94,0.9462094394449786,0.08878337241632717,0.9462094394449786,53.0,0.7195387366720174,0.2803762594830969,0.7195387366720174,21.6,0.9298191485972669,0.10535868176682829,0.9298191485972669,62.0,0.9451920559684276,0.0878883728893179,0.9451920559684276
31.8,0.9469450519927155,0.0844751373504562,0.9469450519927155,1470.0,0.9111534549338555,0.1399577438055178,0.9111534549338555,31.0,0.9394438306284331,0.10089028011986978,0.9394438306284331,-0.8,0.9592984793148681,0.06821559119672828,0.9592984793148681,7.32,0.9459974971189461,0.08902030121307539,0.9459974971189461,54.0,0.7205559377384025,0.28024383595463065,0.7205559377384025,25.9,0.929023564387049,0.10661466054808233,0.929023564387049,72.5,0.9453245085138436,0.08764195539398843,0.9453245085138436
35.3,0.9467734281783039,0.08467693949480172,0.9467734281783039,1506.438032627222,0.9114740108210402,0.13978940294221703,0.9114740108210402,30.0,0.9398610056028665,0.10056543479122051,0.9398610056028665,3.9,0.9593768593775793,0.06810117950249392,0.9593768593775793,7.88,0.9459650158075229,0.08906116047316874,0.9459650158075229,54.0,0.7214117985898351,0.2802342296994775,0.7214117985898351,26.3,0.9287892666321566,0.1068856237465826,0.9287892666321566,71.4,0.9452756594499626,0.08772009511509984,0.9452756594499626
37.3,0.946828306517702,0.08463114042294782,0.946828306517702,1480.0,0.9120495640439265,0.13931115923717563,0.9120495640439265,37.0,0.9397667908944951,0.10065878346545921,0.9397667908944951,-2.3,0.9597564551649279,0.06759009715883411,0.9597564551649279,8.1,0.9460460420842316,0.08898816983348845,0.9460460420842316,33.67243525896414,0.7226573122923673,0.2798181913224897,0.7226573122923673,27.1,0.9287216093527404,0.10694897114018949,0.9287216093527404,71.4,0.9451028191463705,0.0880791351059832,0.9451028191463705
42.0,0.9465810890788042,0.08477172972944527,0.9465810890788042,1455.0,0.9127500887730128,0.1386046361580978,0.9127500887730128,41.0,0.9397110117931532,0.10072103621268308,0.9397110117931532,-2.3,0.9599280789793394,0.06738205465783853,0.9599280789793394,9.01,0.9456962257606438,0.08926542665144375,0.9456962257606438,53.0,0.7239011778022089,0.2793985541666077,0.7239011778022089,27.5,0.9280956896170732,0.10740957267871684,0.9280956896170732,70.2,0.9451028191463705,0.0880791351059832,0.9451028191463705
48.6,0.946054384919799,0.08522945977280033,0.946054384919799,1449.0,0.9128554539784277,0.138516411043765,0.9128554539784277,48.0,0.9395619187453838,0.10085878120154561,0.9395619187453838,8.6,0.9598693379367637,0.06748818555550967,0.9598693379367637,6.9,0.9454646444144761,0.0897273899413723,0.9454646444144761,53.0,0.723839474818399,0.27943667290977453,0.723839474818399,25.5,0.9280591279855276,0.10745732967199394,0.9280591279855276,68.6,0.9446007647225563,0.08875306930266366,0.9446007647225563
63.9,0.9452399563769885,0.08623012881343413,0.9452399563769885,1776.0,0.912818892346882,0.138561997773039,0.912818892346882,54.0,0.9391081821394044,0.10123203255657831,0.9391081821394044,-0.8,0.9599769280432204,0.06730152935617846,0.9599769280432204,17.04,0.9455722345209331,0.08954629405846516,0.9455722345209331,56.0,0.7238102531460123,0.2794537207877122,0.7238102531460123,32.2,0.9280591279855277,0.10745732967199396,0.9280591279855277,68.6,0.9445813017202509,0.08876997711271387,0.9445813017202509
62.7,0.9449925987138633,0.08649597036783238,0.9449925987138633,1886.0,0.9127945534181756,0.13858473595346743,0.9127945534181756,39.0,0.9390464791555945,0.10130572871893434,0.9390464791555945,-3.1,0.9599078851002515,0.06739502446506361,0.9599078851002515,17.9,0.9457877240602908,0.08925312590173308,0.9457877240602908,58.0,0.7235546867249236,0.27938889025135516,0.7235546867249236,32.5,0.9281717273269992,0.10733300997165815,0.9281717273269992,68.6,0.9446482937775702,0.08871835033245613,0.9446482937775702
43.5,0.9452757455326369,0.08613608026543844,0.9452757455326369,1937.0,0.9126808757074988,0.13868602925554438,0.9126808757074988,19.0,0.9389774362126254,0.10139447162569205,0.9389774362126254,0.8,0.9601263365808429,0.06705145858401113,0.9601263365808429,12.04,0.9457877240602907,0.0892531259017318,0.9457877240602907,55.0,0.7237433587417544,0.2793595558888726,0.7237433587417544,29.8,0.9281129862844232,0.1074328237708161,0.9281129862844232,71.4,0.944761971488247,0.08860630703300253,0.944761971488247
17.6,0.9459173337718555,0.08549513598483874,0.9459173337718555,1809.0,0.9124335180443737,0.13892691218101624,0.9124335180443737,34.0,0.9387297630596473,0.10175537248803701,0.9387297630596473,7.0,0.9598049519250248,0.06757781285522689,0.9598049519250248,4.78,0.9457877240602907,0.0892531259017318,0.9457877240602907,53.0,0.7238416233571101,0.2792950029569047,0.7238416233571101,22.7,0.9279532758464075,0.1076546251963519,0.9279532758464075,63.5,0.9447131224243659,0.08868434499919642,0.9447131224243659
46.3,0.9463656578681496,0.0851489495073369,0.9463656578681496,1786.0,0.9126088987388603,0.13875698715241594,0.9126088987388603,41.0,0.9386560515568072,0.10189647321805789,0.9386560515568072,-0.8,0.959632111621433,0.06794648902272489,0.959632111621433,12.35,0.9458202053717139,0.08921228203823393,0.9458202053717139,54.0,0.7241351502519395,0.27915858124526893,0.7241351502519395,30.2,0.9281442552505902,0.10742334893561263,0.9281442552505902,71.4,0.9448207125308229,0.08850329049668958,0.9448207125308229
46.3,0.9464928869947419,0.08495924794492726,0.9464928869947419,1805.0,0.9126283617411657,0.13874184368264944,0.9126283617411657,18.0,0.9389157332288155,0.10146814500055211,0.9389157332288155,2.3,0.9596321116214329,0.06794648902272488,0.9596321116214329,12.35,0.9460517867178816,0.08875000241237879,0.9460517867178816,54.0,0.7249319448762559,0.2791745161667498,0.7249319448762559,30.2,0.9280535877555437,0.1075580973211138,0.9280535877555437,71.4,0.9452763306008733,0.08815650402564201,0.9452763306008733
22.0,0.946434145952166,0.08506268622425246,0.946434145952166,1052.0,0.9124423915719975,0.13901229078785493,0.9124423915719975,27.0,0.9391473145749832,0.10101258210806464,0.9391473145749832,-1.6,0.959990922094193,0.06727662086276678,0.959990922094193,2.73,0.9460517867178816,0.08875000241237879,0.9460517867178816,51.0,0.7260750240278234,0.2788837137115697,0.7260750240278234,17.6,0.9279544589547919,0.10776749129698315,0.9279544589547919,60.8,0.9459843363691757,0.08737602596335793,0.9459843363691757
62.0,0.9464829950160472,0.08498430248058658,0.9464829950160472,1402.0,0.9121201427307832,0.13957270335650301,0.9121201427307832,32.0,0.9391891330061487,0.10095223130658418,0.9391891330061487,1.6,0.9601637623977849,0.06690767711591665,0.9601637623977849,5.25,0.9459780752150415,0.08889334128284271,0.9459780752150415,42.0,0.7264057020333856,0.2787806301946129,0.7264057020333856,21.6,0.9279544589547919,0.10776749129698315,0.9279544589547919,67.5,0.9462829058798153,0.0869537679507892,0.9462829058798153
20.8,0.9468084817441429,0.08424503285294896,0.9468084817441429,1902.0,0.9124789532035433,0.1389667454828476,0.9124789532035433,68.0,0.9391214757267324,0.10101688890182298,0.9391214757267324,6.2,0.9601637623977849,0.06690767711591665,0.9601637623977849,7.34,0.9457304020620635,0.08926060396849811,0.9457304020620635,44.0,0.7260234043983746,0.2789057320286617,0.7260234043983746,27.1,0.9277006981975942,0.10805392470570077,0.9277006981975942,63.1,0.9461580838355044,0.08710792039693802,0.9461580838355044
89.0,0.9469897833534402,0.08391915688235996,0.9469897833534402,2284.0,0.9127305992050738,0.13876457235521794,0.9127305992050738,52.0,0.9389561671897422,0.10116630529924837,0.9389561671897422,-9.4,0.9601637623977849,0.06690767711591665,0.9601637623977849,31.23,0.9458798105996858,0.08901802614862395,0.9458798105996858,54.0,0.7260234043983746,0.2789057320286617,0.7260234043983746,36.5,0.9275515372245768,0.10822577654001612,0.9275515372245768,67.5,0.9466695407327684,0.08607670089619014,0.9466695407327684
56.5,0.9475012402507041,0.08288522646740198,0.9475012402507041,2704.0,0.9127380802442899,0.13876246730272113,0.9127380802442899,42.0,0.9392351015730942,0.10088378834169992,0.9392351015730942,-3.1,0.9599824607884877,0.06724174351183736,0.9599824607884877,22.09,0.945842102673687,0.08905002414163311,0.945842102673687,57.0,0.7263919313445241,0.27891354523883977,0.7263919313445241,33.7,0.927619194503993,0.10816262172638944,0.927619194503993,71.8,0.94675666101449,0.08599332791882466,0.94675666101449
21.2,0.9476336927961202,0.08263744753985885,0.9476336927961202,2480.0,0.9128196648130867,0.13870794185647703,0.9128196648130867,44.0,0.9394986747254401,0.10061178910300458,0.9394986747254401,8.6,0.9602421424604962,0.06679304541387426,0.9602421424604962,6.76,0.9457514351786405,0.08918949987696097,0.9457514351786405,54.0,0.7266502123212196,0.27893378508626165,0.7266502123212196,25.1,0.9282621322897069,0.10727761157606484,0.9282621322897069,60.8,0.9470043341674681,0.08562476137867286,0.9470043341674681
42.0,0.9477412829025772,0.08245508448726857,0.9477412829025772,1455.0,0.9127289973180402,0.1388370083404791,0.9127289973180402,20.0,0.9391073829412568,0.10129363148721501,0.9391073829412568,3.1,0.9601096899150802,0.0670466124359408,0.9601096899150802,8.17,0.9459008437162628,0.0889469048028764,0.9459008437162628,48.0,0.7272675436261651,0.2788284526420298,0.7272675436261651,26.3,0.9295098802280511,0.10483850143440857,0.9295098802280511,69.8,0.947063075210044,0.08552128929117357,0.947063075210044
43.9,0.9473993950412276,0.08292083506358573,0.9473993950412276,918.0,0.912281926432515,0.1395383117876592,0.912281926432515,50.0,0.9391073829412568,0.10129363148721564,0.9391073829412568,1.6,0.9606536281237674,0.06594576380441482,0.9606536281237674,6.3,0.9459008437162628,0.0889469048028764,0.9459008437162628,47.0,0.7277053265440836,0.2788114281544779,0.7277053265440836,25.9,0.9297807425821469,0.10459031644903753,0.9297807425821469,66.3,0.9473148504352996,0.08492558518721319,0.9473148504352996
50.6,0.9467320204517822,0.0841260025461368,0.9467320204517822,1591.0,0.911708766551441,0.14056713691448933,0.911708766551441,22.0,0.9391073829412566,0.10129363148721499,0.9391073829412566,-2.3,0.9604220467775997,0.06642134318157024,0.9604220467775997,11.9,0.946223092557477,0.08834491071617544,0.946223092557477,47.0,0.7277053265440836,0.2788114281544779,0.7277053265440836,29.8,0.9302012560387171,0.10388433054748701,0.9302012560387171,68.6,0.9473148504352996,0.08492558518721319,0.9473148504352996
17.6,0.9466211590776478,0.08427848774206298,0.9466211590776478,1533.0,0.9121836618171592,0.1396524297275454,0.9121836618171592,21.0,0.9395544538267819,0.10054954663750951,0.9395544538267819,13.3,0.960588687253076,0.06619839314288598,0.960588687253076,4.03,0.9463959328610689,0.08798545560335969,0.9463959328610689,42.0,0.7273191744524785,0.2788132102396273,0.7273191744524785,22.0,0.9300518475010945,0.1041200289257114,0.9300518475010945,64.7,0.9475464317814675,0.08446145831361582,0.9475464317814675
18.8,0.9470620021347258,0.08393410868518388,0.9470620021347258,1349.0,0.9122912519236163,0.13948432827955073,0.9122912519236163,20.0,0.9406262500659869,0.09818912877779216,0.9406262500659869,7.0,0.9608691176631249,0.06564198108671011,0.9608691176631249,3.51,0.9464743129237801,0.08787437089475916,0.9464743129237801,35.0,0.726790103560298,0.27886596332562497,0.726790103560298,19.6,0.9306777672367615,0.10365593844716807,0.9306777672367615,62.0,0.947888319642817,0.08399618207097156,0.947888319642817
20.8,0.9473093597978509,0.08366691696952962,0.9473093597978509,1653.0,0.9122912519236163,0.13948432827955073,0.9122912519236163,21.0,0.9404768415283645,0.09842874569511054,0.9404768415283645,0.0,0.9611287993351331,0.0651924027482208,0.9611287993351331,5.0,0.9465035345961669,0.0878400392279996,0.9465035345961669,26.0,0.7270503937167938,0.27893052370859184,0.7270503937167938,22.7,0.9306359488055963,0.10371553896488736,0.9306359488055963,62.4,0.9479765800555822,0.08389116659030758,0.9479765800555822
21.2,0.9473093597978509,0.08366691696952962,0.9473093597978509,1133.0,0.9125716823336654,0.13898040586935254,0.9125716823336654,22.0,0.9407286167536203,0.09784095598902456,0.9407286167536203,0.0,0.9612814457596371,0.0648040144550598,0.9612814457596371,3.68,0.9469003007969145,0.08733091555415526,0.9469003007969145,20.0,0.7273049553474213,0.27899381299811626,0.7273049553474213,19.2,0.9306847978694773,0.10363959046206464,0.9306847978694773,57.3,0.9480841701620392,0.08370887306194558,0.9480841701620392
59.6,0.9466825465716048,0.08430495924533853,0.9466825465716048,1171.0,0.9130864104986068,0.13821887398984725,0.9130864104986068,49.0,0.9404650436012745,0.09811416161294174,0.9404650436012745,-1.6,0.9610094400787457,0.06512997796583696,0.9610094400787457,10.28,0.947221155541687,0.08693830807358298,0.947221155541687,32.0,0.72795631136507,0.2790570632127752,0.72795631136507,29.0,0.9308576381730692,0.10328941181605514,0.9308576381730692,58.4,0.9485312410475645,0.08294846956861746,0.9485312410475645
56.1,0.9459602936427615,0.08555385041674303,0.9459602936427615,1703.0,0.9137869352276929,0.13751046726825572,0.9137869352276929,35.0,0.939978350408466,0.09876822918435006,0.939978350408466,-4.7,0.960671414920574,0.0655506081701217,0.960671414920574,13.49,0.947221155541687,0.08693830807358298,0.947221155541687,42.0,0.7289602119243096,0.27890808785349425,0.7289602119243096,30.2,0.930313699964382,0.10433192134669558,0.930313699964382,69.0,0.9492534939764079,0.0816938484312632,0.9492534939764079
33.3,0.9456014831700011,0.0862062512248247,0.9456014831700011,2132.0,0.9139006129383698,0.13740886314317466,0.9139006129383698,25.0,0.9398511212818738,0.0989545980358817,0.9398511212818738,-0.8,0.9603126044478139,0.06622163165428475,0.9603126044478139,10.47,0.9470351853725187,0.08723128352204944,0.9470351853725187,44.0,0.7296243813007165,0.27896492160989705,0.7296243813007165,29.0,0.9300982104250245,0.104616128142281,0.9300982104250245,73.7,0.9494201344518842,0.08147644124422176,0.9494201344518842
20.0,0.9445973442102125,0.0885279280241598,0.9445973442102125,2128.0,0.9137577135553063,0.1375418329680538,0.9137577135553063,20.0,0.9397923802392978,0.0990563614409203,0.9397923802392978,0.0,0.9599283766771423,0.06708454086959566,0.9599283766771423,6.26,0.9466763748997585,0.0878838641112077,0.9466763748997585,37.0,0.7302868346169075,0.2790208925844625,0.7302868346169075,24.3,0.9299384999870091,0.1048389667551195,0.9299384999870091,63.1,0.9491459038699508,0.08187661862339897,0.9491459038699508
17.6,0.944217748422864,0.08902166926587396,0.944217748422864,1721.0,0.9136793334925951,0.1376443050318914,0.9136793334925951,20.0,0.939258189072051,0.09988268460868134,0.939258189072051,0.0,0.9595441822872663,0.06753870963351302,0.9595441822872663,4.47,0.9465687847933015,0.08806538420119699,0.9465687847933015,28.0,0.7304391979023135,0.278995830422517,0.7304391979023135,22.4,0.9295966121256594,0.10528660759896,0.9295966121256594,63.1,0.9491459038699509,0.08187661862339835,0.9491459038699509
19.6,0.9439970347972455,0.08919806988526582,0.9439970347972455,1233.0,0.913715895124141,0.1375986281533994,0.913715895124141,31.0,0.9395386194821,0.09934954931758914,0.9395386194821,10.2,0.9591127045074181,0.06797073269355623,0.9591127045074181,3.54,0.9462003537704352,0.08840911807765782,0.9462003537704352,21.0,0.7302090106525874,0.27911910158066333,0.7302090106525874,19.2,0.9291863626716276,0.10567551477625081,0.9291863626716276,59.2,0.9490516891615794,0.08197294290010565,0.9490516891615794
71.8,0.9442443058518192,0.08899257301552645,0.9442443058518192,1029.0,0.9132310093963011,0.13794993362318897,0.9132310093963011,63.0,0.9392643889001666,0.09973985118143548,0.9392643889001666,-0.8,0.9588728760393544,0.06829941703411437,0.9588728760393544,11.18,0.9463140314811119,0.08829681850999037,0.9463140314811119,24.0,0.7297810333843217,0.2792733601105139,0.7297810333843217,29.8,0.9293816249511012,0.10550885706929233,0.9293816249511012,63.5,0.9494722026181494,0.08124036913165084,0.9494722026181494
71.8,0.9443551672259537,0.08884107374068292,0.9443551672259537,1265.0,0.9132986666757175,0.13789020158199572,0.9132986666757175,57.0,0.9389854545168147,0.10002271853606697,0.9389854545168147,0.8,0.9587944959766432,0.06841374656860483,0.9587944959766432,13.16,0.9462003537704352,0.08840911807765782,0.9462003537704352,29.0,0.7303448226099446,0.2792062079461659,0.7303448226099446,30.6,0.9292690256096299,0.10563359377509335,0.9292690256096299,63.5,0.9491800396347178,0.08172094449536597,0.9491800396347178
65.9,0.9439828862124738,0.08940473005612264,0.9439828862124738,1515.0,0.9132986666757175,0.13789020158199514,0.9132986666757175,20.0,0.9393767463009981,0.09934044598758938,0.9393767463009981,-9.4,0.9592883686322693,0.06758797695179684,0.9592883686322693,14.38,0.9456307472660955,0.08927639866917342,0.9456307472660955,29.0,0.7304653758925688,0.27919404849451845,0.7304653758925688,31.0,0.9288894298222815,0.10611116785316974,0.9288894298222815,67.5,0.9488420144765461,0.08212991916522004,0.9488420144765461
18.0,0.9436240757397139,0.09005416701928666,0.9436240757397139,1378.0,0.9131320262002411,0.13808793285764204,0.9131320262002411,21.0,0.9393209671996561,0.09940274621644385,0.9393209671996561,7.8,0.9593992300064036,0.06743126026092357,0.9593992300064036,3.75,0.9452828051813222,0.08981567956361047,0.9452828051813222,23.0,0.7308858893491387,0.2787628936531313,0.7308858893491387,20.8,0.928847611391116,0.106170525389598,0.928847611391116,62.0,0.9487428856757945,0.08234716972517173,0.9487428856757945
19.2,0.9432367216386189,0.0904444901004777,0.9432367216386189,1050.0,0.9128398632168095,0.1385299682376526,0.9128398632168095,33.0,0.9392498733710374,0.09945910015271746,0.9392498733710374,3.9,0.9599382978927089,0.06681214438172785,0.9599382978927089,3.29,0.9449032093939738,0.09030931374342718,0.9449032093939738,18.0,0.7310950487194247,0.27868605038909006,0.7310950487194247,18.4,0.9288476113911159,0.10617052538959737,0.9288476113911159,59.6,0.9486320243016599,0.0825002285022573,0.9486320243016599
42.4,0.9432549665623126,0.09042950026292616,0.9432549665623126,801.0,0.9127889668591479,0.13857922433818431,0.9127889668591479,35.0,0.9389709389876856,0.09974204559516771,0.9389709389876856,-1.6,0.9600458879991658,0.06662539791626168,0.9600458879991658,4.41,0.9452238040451747,0.09006694253680113,0.9452238040451747,15.0,0.7313410796432258,0.2787460244377305,0.7313410796432258,20.8,0.929389846616261,0.10581704270554532,0.929389846616261,56.1,0.948378263544462,0.08280110451612047,0.948378263544462
39.2,0.9438230387459828,0.0899010638863752,0.9438230387459828,789.0,0.9125087294835841,0.13871603645713557,0.9125087294835841,18.0,0.9389092360038757,0.09981582695455561,0.9389092360038757,-2.3,0.9602613775385234,0.06632197860753505,0.9602613775385234,4.33,0.9454775648023725,0.0897691652612235,0.9454775648023725,12.0,0.7315813776707228,0.2788047373182175,0.7315813776707228,20.4,0.9294781070290262,0.10571645698717676,0.9294781070290262,56.9,0.9480363756831126,0.08326708347589677,0.9480363756831126
40.8,0.9438230387459828,0.0899010638863752,0.9438230387459828,1060.0,0.9122856094431216,0.13907458399592776,0.9122856094431216,36.0,0.9383652977951883,0.1008704114068408,0.9383652977951883,3.1,0.9599692145550917,0.06681312059698094,0.9599692145550917,6.11,0.9456372752403881,0.08953946137289481,0.9456372752403881,10.0,0.731815986412454,0.27886218875308766,0.731815986412454,21.6,0.9298693988132095,0.10504433480483817,0.9298693988132095,67.5,0.9480363756831126,0.08326708347589551,0.9480363756831126
42.0,0.9436905862005668,0.09014673386233503,0.9436905862005668,802.0,0.9122856094431216,0.13907458399592898,0.9122856094431216,43.0,0.9385194101342293,0.10073893093041243,0.9385194101342293,-1.6,0.9599692145550917,0.06681312059698222,0.9599692145550917,5.29,0.9456861243042692,0.08946138227693083,0.9456861243042692,15.0,0.7328094978829673,0.2787050705537547,0.7328094978829673,23.9,0.9297421696866172,0.10522755123742605,0.9297421696866172,51.8,0.9480852247469936,0.08318845966883982,0.9480852247469936
45.9,0.9437716124772756,0.09007404863682837,0.9437716124772756,1396.0,0.9127061228996916,0.13839956837742504,0.9127061228996916,20.0,0.9390308670314934,0.09972422390460538,0.9390308670314934,-2.3,0.9598165681305878,0.06720063103485478,0.9598165681305878,8.8,0.946096373758301,0.08905689617674453,0.946096373758301,16.0,0.7338012412908129,0.27854599066081936,0.7338012412908129,26.7,0.9298632430463584,0.10515355911481968,0.9298632430463584,63.1,0.948300714286351,0.08289295917440355,0.948300714286351
30.6,0.9440188835318494,0.08986884149369248,0.9440188835318494,837.0,0.9134947723201229,0.1364882648334812,0.9134947723201229,46.0,0.9390896080740694,0.09962259476895839,0.9390896080740694,-2.3,0.9598165681305878,0.0672006310348567,0.9598165681305878,5.11,0.9464382616196505,0.0885940856698135,0.9464382616196505,7.0,0.7345234942196562,0.2778004658028854,0.7345234942196562,23.1,0.9299930164566932,0.1050484633746914,0.9299930164566932,67.8,0.948359455328927,0.08278916170181282,0.948359455328927
47.8,0.9441589665783703,0.08968331015615849,0.9441589665783703,641.0,0.9138427144048964,0.13598715115209592,0.9138427144048964,33.0,0.9391971981805264,0.09944399166617648,0.9391971981805264,10.2,0.9597089780241307,0.06738726484038216,0.9597089780241307,4.41,0.9465365262350062,0.08846927226524277,0.9465365262350062,10.0,0.7345234942196562,0.2778004658028854,0.7345234942196562,21.6,0.9301066941673699,0.104940488070749,0.9301066941673699,44.3,0.94825186522247,0.08297161802284776,0.94825186522247
53.7,0.943940515097779,0.09001541293185607,0.943940515097779,970.0,0.9146250336562564,0.13478756841691233,0.9146250336562564,21.0,0.9396322605470214,0.09883073952713488,0.9396322605470214,-2.3,0.9598999574283132,0.06713857138499511,0.9598999574283132,7.63,0.9464628147321662,0.08861271353212305,0.9464628147321662,14.0,0.735668382130669,0.277046022090698,0.735668382130669,26.7,0.9301066941673699,0.104940488070749,0.9301066941673699,55.7,0.9482518652224701,0.08297161802284778,0.9482518652224701
18.8,0.9441264852669472,0.08972405530263408,0.9441264852669472,1118.0,0.9150806517263068,0.13447768832403917,0.9150806517263068,54.0,0.9397398506534783,0.09865192937503325,0.9397398506534783,1.6,0.9593267975472394,0.06827328942393202,0.9593267975472394,3.91,0.946140565890952,0.0892147842486321,0.946140565890952,19.0,0.7359624193529147,0.2769688131247874,0.7359624193529147,21.6,0.9301654352099459,0.10484027328796298,0.9301654352099459,58.4,0.9483425327175165,0.08283113389337539,0.9483425327175165
68.6,0.9441264852669472,0.08972405530263408,0.9441264852669472,1973.0,0.9151671067859316,0.1344161255673214,0.9151671067859316,20.0,0.9399211522627755,0.09833150708668073,0.9399211522627755,-14.1,0.9594343876536964,0.06808683531924986,0.9594343876536964,20.57,0.9463923411162075,0.088620687425607,0.9463923411162075,22.0,0.7349119349024934,0.2771949687081852,0.7349119349024934,33.3,0.9302978877553618,0.10460058140959297,0.9302978877553618,67.8,0.9483425327175165,0.08283113389337539,0.9483425327175165
18.8,0.9443580666131149,0.08926280712102853,0.9443580666131149,1631.0,0.9152625884455408,0.13435296680214795,0.9152625884455408,41.0,0.9403682231483008,0.09758528532639034,0.9403682231483008,3.1,0.9595835486267136,0.06790166056299603,0.9595835486267136,4.46,0.9469920584262368,0.08748545179592328,0.9469920584262368,24.0,0.7337859708865639,0.2775075266962631,0.7337859708865639,22.0,0.9308093446526259,0.10359784735100505,0.9308093446526259,62.7,0.9483425327175165,0.08283113389337603,0.9483425327175165
42.4,0.9445896479592828,0.08880132192522022,0.9445896479592828,2171.0,0.9150959479700644,0.13455187546555264,0.9150959479700644,20.0,0.9406736147318119,0.0972513403238318,0.9406736147318119,-7.0,0.9596911387331707,0.06771511079650544,0.9596911387331707,12.65,0.947173360035534,0.08716012677708619,0.947173360035534,25.0,0.732839551068373,0.27762139659528207,0.732839551068373,30.2,0.9308680856952017,0.10349746212544085,0.9308680856952017,71.8,0.9485670166693768,0.08262085204962034,0.9485670166693768
29.8,0.9448922577803618,0.08842537747763282,0.9448922577803618,2049.0,0.9151251696424512,0.13452035547882832,0.9151251696424512,18.0,0.9406736147318119,0.0972513403238318,0.9406736147318119,4.7,0.9596545771016248,0.06776628927085304,0.9596545771016248,10.68,0.947173360035534,0.08716012677708491,0.947173360035534,26.0,0.7325992530408759,0.27756328549503406,0.7325992530408759,29.4,0.9309587531902483,0.10336184598416015,0.9309587531902483,65.9,0.9487529868385449,0.08232644354878493,0.9487529868385449
19.6,0.9452645387938415,0.08786072464242527,0.9452645387938415,2036.0,0.9152967934568629,0.13433568940059748,0.9152967934568629,27.0,0.9411883428967532,0.09643878263023878,0.9411883428967532,0.0,0.959840547270793,0.0674651850850594,0.959840547270793,5.88,0.9466619031382699,0.08819135986052418,0.9466619031382699,22.0,0.7334844269223171,0.2771951430130664,0.7334844269223171,24.3,0.9307069779649926,0.10394148967018181,0.9307069779649926,63.1,0.9492644437358089,0.08128956191514021,0.9492644437358089
18.0,0.9450490492544841,0.08815402550433372,0.9450490492544841,1721.0,0.9152061259618163,0.13446561395362377,0.9152061259618163,36.0,0.9412301613279188,0.09637807792591734,0.9412301613279188,1.6,0.9599189273335044,0.06735064117119399,0.9599189273335044,4.56,0.9466130540743889,0.08826959459083197,0.9466130540743889,20.0,0.733769051913274,0.2771193162377833,0.733769051913274,22.0,0.9307069779649926,0.10394148967018181,0.9307069779649926,63.1,0.9492969250472322,0.08124827292859112,0.9492969250472322
74.5,0.9447972740292284,0.08874733619440678,0.9447972740292284,1929.0,0.914452296312746,0.1356495646401113,0.914452296312746,60.0,0.9406289781033526,0.09725811169989208,0.9406289781033526,3.1,0.9598063279920329,0.06748477964596843,0.9598063279920329,22.05,0.9461659831888637,0.0890257882080573,0.9461659831888637,33.0,0.7340208271385297,0.2767352089651136,0.7340208271385297,34.1,0.9301072606549634,0.10504466417839999,0.9301072606549634,67.8,0.9493556660898081,0.08114425386836631,0.9493556660898081
20.4,0.9452016956789879,0.08755970203715482,0.9452016956789879,1780.0,0.9145795254393384,0.13547407104339565,0.9145795254393384,50.0,0.9398605559428049,0.09852062149197428,0.9398605559428049,0.6281970010971596,0.9599791682956246,0.06711594897272052,0.9599791682956246,10.46,0.9462651119896153,0.08880987417767044,0.9462651119896153,38.0,0.7335877503039768,0.2773157819717383,0.7335877503039768,29.4,0.9304327473830591,0.1043262208039602,0.9304327473830591,62.4,0.9490334172485939,0.08175088470590715,0.9490334172485939
63.1,0.9453341482244039,0.08731323572070396,0.9453341482244039,1966.0,0.9143277502140827,0.13603368098064064,0.9143277502140827,20.0,0.9394274791082521,0.09942779165084795,0.9394274791082521,0.6281970010971596,0.9599791682956246,0.06711594897271925,0.9599791682956246,18.0,0.9460922716860235,0.08916912456621492,0.9460922716860235,40.0,0.7332335096565844,0.27753099937759335,0.7332335096565844,29.8,0.9305651999284752,0.10408637829531024,0.9305651999284752,68.6,0.948974676206018,0.08185482749877442,0.948974676206018
17.6,0.9455938298964124,0.08687745535777291,0.9455938298964124,1330.0,0.9145874318860909,0.13562762714257678,0.9145874318860909,30.0,0.9393392186954871,0.09953025877674644,0.9393392186954871,13.3,0.9599791682956246,0.06711594897272052,0.9599791682956246,3.69,0.9462782418551917,0.08887685579970685,0.9462782418551917,40.0,0.7324236895071605,0.2775420494890867,0.7324236895071605,20.4,0.9304327473830591,0.1043262208039602,0.9304327473830591,61.2,0.9486491894779221,0.08259674127885769,0.9486491894779221
48.6,0.9455938298964124,0.08687745535777229,0.9455938298964124,1355.0,0.9143356566608353,0.1361872002916297,0.9143356566608353,55.0,0.9396015100049452,0.09919553334122966,0.9396015100049452,2.3,0.9598297597580022,0.06736596817175709,0.9598297597580022,10.36,0.9460040112732584,0.08927340782586912,0.9460040112732584,42.0,0.7324236895071605,0.2775420494890867,0.7324236895071605,29.0,0.9303420798880127,0.1044616549582713,0.9303420798880127,67.5,0.9488088999159376,0.082364957899859,0.9488088999159376
67.1,0.9462178861351478,0.08571697109134739,0.9462178861351478,1440.0,0.9136057482829799,0.1380046810118424,0.9136057482829799,57.0,0.9397458759267572,0.09907846619095892,0.9397458759267572,0.6281970010971596,0.9598297597580022,0.06736596817175709,0.9598297597580022,14.07,0.9459133437782119,0.08941288895151851,0.9459133437782119,44.0,0.7324236895071605,0.2775420494890867,0.7324236895071605,31.0,0.9306900219727862,0.103937425317145,0.9306900219727862,66.3,0.9491469250741094,0.08195608327558027,0.9491469250741094
67.1,0.9466876128702203,0.08532654537057703,0.9466876128702203,1466.0,0.9134168161725775,0.1382484160504226,0.9134168161725775,55.0,0.9394889106634736,0.09932267806588348,0.9394889106634736,-7.0,0.9598297597580022,0.06736596817175645,0.9598297597580022,14.53,0.9459890776269255,0.08934826919706547,0.9459890776269255,44.0,0.7324236895071605,0.2775420494890867,0.7324236895071605,31.4,0.9314128246776445,0.10329864188533852,0.9314128246776445,66.7,0.9498474498031956,0.08116998221115723,0.9498474498031956
67.8,0.9463427081794589,0.0855626239610838,0.9463427081794589,1499.0,0.9130642335282648,0.13845622674908403,0.9130642335282648,56.0,0.9392704591828822,0.09965069062792978,0.9392704591828822,-0.8,0.9599741256798143,0.06724094444048358,0.9599741256798143,14.61,0.9456067799919144,0.0896661928781063,0.9456067799919144,46.0,0.7324236895071605,0.2775420494890867,0.7324236895071605,31.4,0.9309885914834258,0.10352820393713236,0.9309885914834258,66.7,0.9505402965787306,0.08038552755821751,0.9505402965787306
66.7,0.946416419682299,0.08541896507285572,0.946416419682299,1521.0,0.912704169844736,0.13866594147462633,0.912704169844736,56.0,0.9390107775108738,0.10007970439293737,0.9390107775108738,0.0,0.959932307248649,0.06730429625120285,0.959932307248649,15.13,0.9449556826831863,0.09042254198552976,0.9449556826831863,47.0,0.7324236895071605,0.2775420494890867,0.7324236895071605,31.4,0.9303679761955694,0.10399144658542255,0.9303679761955694,67.1,0.9506019995625407,0.08030940945580538,0.9506019995625407
66.3,0.9461646444570433,0.08601392996944479,0.9461646444570433,1622.0,0.9121213226480932,0.13914703946426485,0.9121213226480932,31.0,0.9389689590797085,0.10014008088322911,0.9389689590797085,0.0,0.9597725968106334,0.06754162637649355,0.9597725968106334,15.87,0.9436395468867623,0.09295776019677175,0.9436395468867623,51.0,0.7319035378765271,0.2774637485114636,0.7319035378765271,31.8,0.9293089796253496,0.1053487620924387,0.9293089796253496,67.8,0.9500904543963027,0.08076632829597596,0.9500904543963027
33.3,0.9452853275415654,0.08818350076683727,0.9452853275415654,1715.0,0.9115313594152247,0.1396292683499751,0.9115313594152247,28.0,0.9386475744238904,0.10064250666054214,0.9386475744238904,10.9,0.9594194990934964,0.06785932844044261,0.9594194990934964,8.45,0.9432064700522096,0.09387149704215556,0.9432064700522096,52.0,0.7309501924058297,0.27757353211660674,0.7309501924058297,27.1,0.9290492979533412,0.10577104483921083,0.9290492979533412,73.3,0.9495223822126325,0.08130445410559459,0.9495223822126325
16.9,0.9450133218606738,0.08849669561090753,0.9450133218606738,1714.0,0.9114503331385158,0.1396945276650499,0.9114503331385158,21.0,0.938256282639707,0.10132364232278039,0.938256282639707,0.0,0.9591363522747228,0.06823076545381103,0.9591363522747228,4.38,0.9428097038514619,0.09437559635109591,0.9428097038514619,44.0,0.7307642222366614,0.2777421517466365,0.7307642222366614,22.0,0.9281699810378635,0.1078797138836384,0.9281699810378635,69.4,0.9494606792288226,0.08138040924465675,0.9494606792288226
20.4,0.9445183776531219,0.08906930993492854,0.9445183776531219,984.0,0.9117072984017993,0.13947063046883418,0.9117072984017993,46.0,0.9384794026801696,0.10094400342141714,0.9384794026801696,9.4,0.9589208627353654,0.06853336545617185,0.9589208627353654,2.71,0.9425754060965694,0.09465441529162212,0.9425754060965694,36.0,0.7302928124224298,0.2781999711367658,0.7302928124224298,20.4,0.9279162202806657,0.10816619684416852,0.9279162202806657,62.4,0.9488044823538071,0.08317387164277831,0.9488044823538071
68.6,0.943945217772048,0.0901712304211848,0.943945217772048,1859.0,0.9118321204461104,0.13933011176526422,0.9118321204461104,70.0,0.9386607042894667,0.10062450470730225,0.9386607042894667,1.6,0.9591097948457675,0.06826097381578554,0.9591097948457675,19.91,0.9425245097389077,0.094708140425132,0.9425245097389077,44.0,0.7299705635812155,0.27856500229813547,0.7299705635812155,33.3,0.9278918813519595,0.10819022959571428,0.9278918813519595,69.0,0.9495343907316628,0.0812359085427531,0.9495343907316628
91.8,0.9441011354642294,0.09000143790623483,0.9441011354642294,2244.0,0.9115110880940762,0.13973743624553359,0.9115110880940762,23.0,0.9388335445930586,0.10027044196546629,0.9388335445930586,0.0,0.9594352815738635,0.06750539536818867,0.9594352815738635,31.17,0.9421449139515593,0.09519815237975203,0.9421449139515593,47.0,0.7295500501246456,0.2789953287849298,0.7295500501246456,36.9,0.927912736861275,0.10817194857267828,0.927912736861275,66.3,0.9494095686873518,0.08139142107567679,0.9494095686873518
82.4,0.9443072890469559,0.0898910482920391,0.9443072890469559,1527.0,0.9111268603234046,0.14052272170900654,0.9111268603234046,77.0,0.9388823936569397,0.10019354975678176,0.9388823936569397,-3.1,0.9590022047393106,0.06844734013109258,0.9590022047393106,19.81,0.9419955054139371,0.09543868086967523,0.9419955054139371,48.0,0.7295646426361231,0.278992151402633,0.7295646426361231,33.3,0.9278618405036134,0.1082239361973255,0.9278618405036134,69.0,0.9495824089909436,0.08102938131205809,0.9495824089909436
94.5,0.9445571879403024,0.0897429593910321,0.9445571879403024,1584.0,0.9107680498506445,0.14112700647825058,0.9107680498506445,45.0,0.9389312427208207,0.1001166490039597,0.9389312427208207,1.6,0.9590609457818865,0.06834137132041436,0.9590609457818865,22.27,0.942416018870507,0.09471810456231644,0.942416018870507,48.0,0.7295646426361231,0.278992151402633,0.7295646426361231,34.9,0.9285366093031615,0.10768850144749445,0.9285366093031615,62.4,0.9495086974881034,0.08117390599151844,0.9495086974881034
16.1,0.9446972709868234,0.08955728840212501,0.9446972709868234,1516.0,0.9110157230036227,0.14078918323012304,0.9110157230036227,20.0,0.9387785962963167,0.10048978047828976,0.9387785962963167,4.7,0.959151613276933,0.06819772302436167,0.959151613276933,3.92,0.9424897303733472,0.09457581323602679,0.9424897303733472,35.0,0.7297257869428802,0.2789174766512035,0.7297257869428802,21.2,0.9286149893658726,0.10758145366848622,0.9286149893658726,66.3,0.9495870775508146,0.08106184581379092,0.9495870775508146
19.2,0.9450560814595835,0.08890684655439542,0.9450560814595835,1206.0,0.9108663144660002,0.1410132714404208,0.9108663144660002,21.0,0.9386294353232995,0.10066529912928478,0.9386294353232995,-2.3,0.9593914417449968,0.0678689078048424,0.9593914417449968,7.2,0.9425879270634552,0.09449028679214698,0.9425879270634552,41.0,0.7302953934472195,0.27842430385963174,0.7302953934472195,27.5,0.9287275887073442,0.10745705895444359,0.9287275887073442,57.6,0.950089131974629,0.08037979298264036,0.950089131974629
31.8,0.9450560814595835,0.08890684655439542,0.9450560814595835,864.0,0.9106418305141398,0.14119921621224615,0.9106418305141398,20.0,0.9386294353232995,0.10066529912928417,0.9386294353232995,3.9,0.9593914417449967,0.0678689078048424,0.9593914417449967,3.16,0.9427280101099762,0.09430576391793213,0.9427280101099762,47.0,0.7303764197239283,0.2783929546006324,0.7303764197239283,17.6,0.9290301985284232,0.10709446764747273,0.9290301985284232,53.7,0.950391741795708,0.07999864789291423,0.950391741795708
18.8,0.9451148225021594,0.08880381320138346,0.9451148225021594,1310.0,0.9106661694428462,0.1411766189836491,0.9106661694428462,21.0,0.9383039485952037,0.10139198369358564,0.9383039485952037,17.2,0.9594332601761622,0.06780561960308744,0.9594332601761622,3.58,0.9426254292385337,0.09441509833325537,0.9426254292385337,52.0,0.730885260676138,0.2783502291134299,0.730885260676138,20.4,0.9293183635113188,0.10685858898915987,0.9293183635113188,62.0,0.9504593990751243,0.07993154451034826,0.9504593990751243
19.2,0.9453007926713276,0.08851181068123097,0.9453007926713276,1393.0,0.9109231347061296,0.140953400355983,0.9109231347061296,21.0,0.9381129691910209,0.10162750102687235,0.9381129691910209,15.6,0.9592604198725703,0.0681741025052273,0.9592604198725703,3.9,0.9421783583530083,0.09516483820803448,0.9421783583530083,42.0,0.7313089663629033,0.2783379322020405,0.7313089663629033,20.8,0.9295819366636646,0.10659175629902978,0.9295819366636646,62.4,0.9505151781764662,0.07986722371044624,0.9505151781764662
22.7,0.9451683401259117,0.08875809949614039,0.9451683401259117,1034.0,0.911001514768841,0.1408515934556527,0.911001514768841,24.0,0.9378194422961917,0.10191905969404759,0.9378194422961917,2.3,0.9597353151382884,0.06716842648420827,0.9597353151382884,3.31,0.9421783583530083,0.09516483820803448,0.9421783583530083,33.0,0.7305867134340597,0.27907726305127345,0.7305867134340597,18.0,0.9299542176771446,0.10604466246465531,0.9299542176771446,57.3,0.9505739192190421,0.0797629729257239,0.9505739192190421
25.9,0.9448264522645621,0.08922014349984769,0.9448264522645621,908.0,0.9114642488751171,0.14054465473584293,0.9114642488751171,41.0,0.9370353522355985,0.10288489550397574,0.9370353522355985,-5.5,0.9602067249525199,0.06636389081261793,0.9602067249525199,3.8,0.9423108108984244,0.0949203078849303,0.9423108108984244,33.0,0.7305083333713486,0.27913868425518,0.7305083333713486,22.0,0.9297729160678473,0.10635977814694492,0.9297729160678473,59.2,0.9507628513294443,0.07949541988638663,0.9507628513294443
68.2,0.944042362203969,0.0902050093827267,0.944042362203969,1685.0,0.912179548617176,0.13983560409966245,0.912179548617176,67.0,0.9360907302348077,0.10422312748243988,0.9360907302348077,-0.8,0.9600351011381083,0.06657218269106055,0.9600351011381083,17.01,0.9426330597396386,0.09432287098704574,0.9426330597396386,41.0,0.7305083333713486,0.27913868425518,0.7305083333713486,32.2,0.9297112130840375,0.10643226848037078,0.9297112130840375,67.8,0.9513152874203845,0.07863076963257241,0.9513152874203845
73.7,0.943423226931274,0.09083334743591981,0.943423226931274,2117.0,0.9122344269565742,0.13979516228058486,0.9122344269565742,47.0,0.9357833062491661,0.10452185507035026,0.9357833062491661,-7.8,0.9602582211785708,0.06617455140784628,0.9602582211785708,20.26,0.9424836512020163,0.0945636784941935,0.9424836512020163,44.0,0.7312482365964689,0.27916820443832513,0.7312482365964689,32.9,0.9293569724366452,0.1068342296358581,0.9293569724366452,67.8,0.9518345105401738,0.07816908301676971,0.9518345105401738
58.8,0.9430752848465005,0.09137064115583494,0.9430752848465005,2226.0,0.9120590462620874,0.13996479608689638,0.9120590462620874,29.0,0.9360754692325977,0.10405589421180415,0.9360754692325977,-7.0,0.9604813412190334,0.06577672815209293,0.9604813412190334,19.65,0.9420485888355212,0.09518103955704922,0.9420485888355212,46.0,0.7307159478126534,0.2790885433176622,0.7307159478126534,32.9,0.9285497510916809,0.10760972495467513,0.9285497510916809,70.2,0.9518345105401738,0.07816908301676971,0.9518345105401738
32.2,0.9431635452592658,0.09126692864071405,0.9431635452592658,2235.0,0.9114761990654447,0.14044459851427402,0.9114761990654447,36.0,0.9357544368805637,0.10448872489852976,0.9357544368805637,4.7,0.9607290143720114,0.0653969594687165,0.9607290143720114,11.04,0.9419795458925522,0.09527056262438985,0.9419795458925522,46.0,0.7297120472534135,0.27923947938119925,0.7297120472534135,29.4,0.9281909406189209,0.10824038486622105,0.9281909406189209,75.3,0.9518345105401738,0.07816908301676971,0.9518345105401738
22.0,0.9433571708774461,0.091065670666976,0.9433571708774461,2228.0,0.9110057213618569,0.14104205413650067,0.9110057213618569,21.0,0.9355947264425482,0.10471315849022364,0.9355947264425482,0.0,0.9606702733294354,0.06550330717536142,0.9606702733294354,6.23,0.9419377274613867,0.0953313716456674,0.9419377274613867,35.0,0.7292915337968436,0.27966915098413403,0.7292915337968436,24.7,0.9278923711082812,0.10864666049262352,0.9278923711082812,71.8,0.9521794152309352,0.0779285949845847,0.9521794152309352
16.5,0.9434725192976494,0.09098742648138985,0.9434725192976494,1411.0,0.9107135583784253,0.14148190643556718,0.9107135583784253,46.0,0.935421886138956,0.10506505121032644,0.935421886138956,10.2,0.9606702733294356,0.06550330717536143,0.9606702733294356,3.37,0.9419377274613867,0.0953313716456674,0.9419377274613867,28.0,0.7287976611412176,0.2801338928151105,0.7287976611412176,20.8,0.92744449568737,0.10910293012205882,0.92744449568737,61.2,0.9523978667115265,0.07759045919817269,0.9523978667115265
58.0,0.9438930327542194,0.09026360341052223,0.9438930327542194,1420.0,0.9102804815438724,0.14233763937323576,0.9102804815438724,55.0,0.9351820576708924,0.1053752539472978,0.9351820576708924,2.3,0.9605965618265955,0.0656508568894952,0.9605965618265955,12.52,0.9421287068655695,0.09509344939238701,0.9421287068655695,37.0,0.7282810142059257,0.28049972043960486,0.7282810142059257,30.6,0.92744449568737,0.1091029301220576,0.92744449568737,67.8,0.9528108484014948,0.07706097895483914,0.9528108484014948
67.8,0.9437070625850512,0.09055477393567367,0.9437070625850512,1909.0,0.9098375461114206,0.1428289866584402,0.9098375461114206,54.0,0.9350496051254764,0.10561625067455802,0.9350496051254764,-3.9,0.9608483370518512,0.06504078924432848,0.9608483370518512,19.07,0.94155910036123,0.09595249520790997,0.94155910036123,46.0,0.727847937371373,0.2810709479342288,0.727847937371373,32.9,0.9271026078260204,0.10954759109582238,0.9271026078260204,67.8,0.95289910881426,0.07695469472561887,0.95289910881426
65.5,0.9436380196420822,0.09064481762500175,0.9436380196420822,2349.0,0.9097591660487094,0.14293046213555852,0.9097591660487094,27.0,0.9351571952319335,0.10543920390321677,0.9351571952319335,-6.2,0.9605965618265955,0.0656508568894952,0.9605965618265955,23.01,0.9413117426981047,0.09621457099879702,0.9413117426981047,50.0,0.7274783354929745,0.281284170896495,0.7274783354929745,34.1,0.9265014246014541,0.11040400496927011,0.9265014246014541,70.2,0.95289910881426,0.07695469472561887,0.95289910881426
57.3,0.943530429535625,0.09082537604687071,0.943530429535625,1680.0,0.9095118083855843,0.14316917862436065,0.9095118083855843,47.0,0.9353756467125248,0.10511418304346772,0.9353756467125248,-0.8,0.9603488886736173,0.06603050308931921,0.9603488886736173,14.73,0.9411257725289365,0.0965036719801057,0.9411257725289365,33.67243525896414,0.7274783354929745,0.281284170896495,0.7274783354929745,31.4,0.9262615961333904,0.11070935045287984,0.9262615961333904,69.0,0.9529618901672753,0.07689546792326032,0.9529618901672753
56.5,0.9432988481894573,0.0912857979819662,0.9432988481894573,1743.0,0.9093623998479619,0.14339242957412854,0.9093623998479619,48.0,0.9350214060651324,0.1055195860836178,0.9350214060651324,2.3,0.9601173073274495,0.06650590104334245,0.9601173073274495,15.11,0.9410520610260963,0.09664558494801816,0.9410520610260963,52.0,0.7278827571427342,0.2804967133201921,0.7278827571427342,31.4,0.9260300147872227,0.11115554846518351,0.9260300147872227,69.0,0.9530727515414097,0.07674097078893871,0.9530727515414097
60.4,0.9432298052464883,0.0913757434797893,0.9432298052464883,1747.0,0.9092299473025458,0.14362039838771554,0.9092299473025458,57.0,0.9345275334095067,0.10630263655314123,0.9345275334095067,2.3,0.9597819620014547,0.06687987233013791,0.9597819620014547,15.94,0.9405806512118648,0.09741758075206997,0.9405806512118648,53.0,0.7278827571427342,0.2804967133201921,0.7278827571427342,31.8,0.9257378518037911,0.11161356642942895,0.9257378518037911,69.0,0.9529990400385697,0.07688640455916425,0.9529990400385697
69.4,0.9430485036371912,0.09169876422210325,0.9430485036371912,1755.0,0.9086567874214719,0.14464261847784252,0.9086567874214719,53.0,0.9344704176173528,0.10633939281515234,0.9344704176173528,0.0,0.959960276721611,0.06669766364424032,0.959960276721611,17.75,0.9400659230469234,0.09822900972928475,0.9400659230469234,51.0,0.7277099168391423,0.2807189110442255,0.7277099168391423,32.2,0.9250510142120404,0.11278374765078342,0.9250510142120404,67.8,0.9528130698694014,0.07718333662945742,0.9528130698694014
64.3,0.942727118981373,0.09220654762334675,0.942727118981373,1684.0,0.9087056364853531,0.14457092405924324,0.9087056364853531,53.0,0.9345437768164088,0.10626574673837111,0.9345437768164088,0.8,0.9597418252410196,0.06704124532232318,0.9597418252410196,16.46,0.9396126157567348,0.09885762116231643,0.9396126157567348,49.0,0.7267615569806953,0.28215701024678086,0.7267615569806953,31.8,0.9246039433265151,0.11350893921078382,0.9246039433265151,68.2,0.9529037373644479,0.07704154988510539,0.9529037373644479
65.5,0.942727118981373,0.09220654762334675,0.942727118981373,1636.0,0.9084871850047617,0.14487576960841322,0.9084871850047617,53.0,0.9343840663783933,0.10648954004621186,0.9343840663783933,2.3,0.9598005662835954,0.06693510226497153,0.9598005662835954,16.08,0.9396126157567348,0.09885762116231643,0.9396126157567348,50.0,0.7265431055001038,0.2823437868634822,0.7265431055001038,31.8,0.924496353220058,0.11368277338586096,0.924496353220058,68.2,0.9529595164657898,0.07697687041383812,0.9529595164657898
61.2,0.942800830484213,0.09206400806113604,0.942800830484213,1700.0,0.9080958932205783,0.1455132170207138,0.9080958932205783,30.0,0.934256837251801,0.10667358859741866,0.934256837251801,3.1,0.9601359116095902,0.06656114212277839,0.9601359116095902,15.47,0.9394632072191124,0.09909683989151645,0.9394632072191124,54.0,0.7259991672914167,0.28299306115851974,0.7259991672914167,31.8,0.9244376121774822,0.11378173455876696,0.9244376121774822,68.6,0.9529302947934032,0.0770118062398733,0.9529302947934032
21.2,0.9428792105469241,0.09195373983549324,0.9428792105469241,1164.0,0.9080958932205783,0.1455132170207138,0.9080958932205783,33.0,0.9344911350066935,0.10640066104476775,0.9344911350066935,4.7,0.9598610127053698,0.06677644002007732,0.9598610127053698,7.32,0.939163819139215,0.099344249517924,0.939163819139215,53.0,0.7264275102123909,0.2827211512904909,0.7264275102123909,26.7,0.9245282796725287,0.11364820358854835,0.9245282796725287,60.4,0.9529993377363721,0.07691975819614504,0.9529993377363721
35.7,0.942697908937627,0.09227651628877746,0.942697908937627,1448.0,0.9080221817177381,0.1456456306107554,0.9080221817177381,20.0,0.9344911350066935,0.10640066104476775,0.9344911350066935,7.0,0.9594097472389367,0.0672190182411713,0.9594097472389367,7.56,0.9389295213843225,0.09962056866752589,0.9389295213843225,50.0,0.7265257748277466,0.2826565329105082,0.7265257748277466,25.9,0.9241694691997685,0.11427342653409336,0.9241694691997685,71.0,0.9532336354912648,0.07663297895678134,0.9532336354912648
18.4,0.9429455820906051,0.09191137342322357,0.9429455820906051,1351.0,0.9082406331983297,0.1453411619363443,0.9082406331983297,21.0,0.9341069072360219,0.10722239359452033,0.9341069072360219,13.3,0.9589490695412144,0.06766570045253856,0.9589490695412144,3.83,0.9389295213843225,0.09962056866752526,0.9389295213843225,46.0,0.7271722939078764,0.28195375605487716,0.7271722939078764,20.8,0.9238993027922578,0.11447831576504398,0.9238993027922578,62.0,0.9537450923885288,0.07558773019158625,0.9537450923885288
22.7,0.9433207773156524,0.09152879128770024,0.9433207773156524,1452.0,0.9086129142118093,0.14482448902083656,0.9086129142118093,22.0,0.9339574986983993,0.10745868768251816,0.9339574986983993,17.2,0.9584792738417834,0.06811618999280397,0.9584792738417834,4.13,0.9389295213843225,0.09962056866752589,0.9389295213843225,39.0,0.7271722939078764,0.28195375605487716,0.7271722939078764,22.4,0.9240041606627784,0.11441752154630264,0.9240041606627784,63.8636053593179,0.9544673453173722,0.07431995160396503,0.9544673453173722
27.8,0.9435745380728502,0.09123210406598221,0.9435745380728502,1141.0,0.9091149686356239,0.14421086393954544,0.9091149686356239,20.0,0.9343780121549694,0.10675039932560186,0.9343780121549694,0.0,0.9584304247779022,0.0681965374474381,0.9584304247779022,3.63,0.9389660830158681,0.09957184856044957,0.9389660830158681,31.0,0.7271722939078764,0.28195375605487716,0.7271722939078764,23.5,0.9240752544913972,0.11436347958442103,0.9240752544913972,66.7,0.9545580128124187,0.0741776212317562,0.9545580128124187
19.6,0.9437900276122078,0.09094002644684576,0.9437900276122078,1461.0,0.9094991964062956,0.1434291324555585,0.9094991964062956,53.0,0.9343780121549693,0.10675039932560185,0.9343780121549693,10.2,0.9583886063467368,0.06825973625692522,0.9583886063467368,3.9,0.9394808111808096,0.09876223042059593,0.9394808111808096,31.0,0.7271722939078764,0.28195375605487716,0.7271722939078764,23.9,0.9240375465653982,0.11439354013024512,0.9240375465653982,60.4,0.9546197157962286,0.07410073611779001,0.9546197157962286
65.9,0.9438976177186648,0.09075942572474065,0.9438976177186648,1582.0,0.9094254849034554,0.14356195607008165,0.9094254849034554,58.0,0.9340569798029352,0.10718138951759569,0.9340569798029352,-0.8,0.9584994677208714,0.0681032589051631,0.9584994677208714,15.76,0.9398287532655832,0.09822997874125432,0.9398287532655832,36.0,0.7271722939078764,0.28195375605487716,0.7271722939078764,31.8,0.9232251155050675,0.11515793076807108,0.9232251155050675,67.8,0.9543965957557661,0.0744939983362529,0.9543965957557661
70.2,0.943799353103309,0.0908836014153242,0.943799353103309,1821.0,0.9090458891161071,0.14401163320447957,0.9090458891161071,37.0,0.9343824665310312,0.10646032941294406,0.9343824665310312,-7.8,0.9586103290950058,0.0679467435301184,0.9586103290950058,18.32,0.939642783096415,0.09851816541889012,0.939642783096415,38.0,0.7271722939078764,0.28195375605487716,0.7271722939078764,32.5,0.9225888677466452,0.11561134607144297,0.9225888677466452,67.8,0.9540752110999478,0.07501443549457273,0.9540752110999478
18.0,0.9438482021671902,0.09080576163096639,0.9438482021671902,1742.0,0.9090125032134871,0.1440340025473178,0.9090125032134871,42.0,0.9341227848590229,0.10688492990066654,0.9341227848590229,3.9,0.9586793720379748,0.06785342764482989,0.9586793720379748,7.36,0.9396103017849918,0.0985583806747211,0.9396103017849918,35.0,0.7278381693089445,0.2820149910806947,0.7278381693089445,27.5,0.9225155085475892,0.1156830920591407,0.9225155085475892,63.1,0.9539427585545318,0.07526511372612132,0.9539427585545318
49.4,0.9439069432097661,0.0907029922717952,0.9439069432097661,1713.0,0.9094356399721144,0.14376857062863155,0.9094356399721144,21.0,0.9342303749654799,0.10670822882308305,0.9342303749654799,0.0,0.9588118245833908,0.06760037736874967,0.9588118245833908,6.02,0.9396103017849916,0.09855838067472232,0.9396103017849916,29.0,0.7284861231961306,0.28207960607405314,0.7284861231961306,23.1,0.9226961783155855,0.11552931812084467,0.9226961783155855,70.2,0.9540699876811243,0.07507239272438909,0.9540699876811243
17.3,0.9440341723363584,0.09051459168358528,0.9440341723363584,1381.0,0.9096464360036939,0.14357523183583495,0.9096464360036939,55.0,0.9342792240293609,0.10663210150779213,0.9342792240293609,8.6,0.9589194146898479,0.06741395605625719,0.9589194146898479,5.25,0.9392489509213368,0.09903034097532214,0.9392489509213368,30.0,0.7292976695600911,0.28207748013567185,0.7292976695600911,24.3,0.922480688776228,0.11580818474398223,0.922480688776228,65.5,0.9543621506645558,0.07458704786800636,0.9543621506645558
62.0,0.9438025909901907,0.09097535953287396,0.9438025909901907,1599.0,0.9094923236646529,0.14369437534984483,0.9094923236646529,23.0,0.9340476426831932,0.10708365054728664,0.9340476426831932,-0.8,0.9588311542770827,0.0675218797696964,0.9588311542770827,14.6,0.9392071324901715,0.09909078176218912,0.9392071324901715,37.0,0.7301074897095153,0.28207413696952044,0.7301074897095153,31.4,0.9228649165468998,0.11500135623402334,0.9228649165468998,68.2,0.9542630218638041,0.07480644549750252,0.9542630218638041
18.0,0.9443140478874547,0.08994903638830243,0.9443140478874547,1751.0,0.9093110220553556,0.14399413079988405,0.9093110220553556,18.0,0.9342707627236557,0.10670730668937711,0.9342707627236557,0.0,0.9588311542770827,0.06752187976969577,0.9588311542770827,4.67,0.9395659429629316,0.09844815711757642,0.9395659429629316,34.0,0.7318931549000288,0.28060152036213915,0.7318931549000288,22.4,0.9231570795303313,0.11454605069178005,0.9231570795303313,63.5,0.95439547440922,0.0745556124396493,0.95439547440922
18.0,0.9447491102539498,0.08932756977456988,0.9447491102539498,1691.0,0.9096365087834516,0.1433073497072303,0.9096365087834516,19.0,0.9342499072143403,0.10672577887561346,0.9342499072143403,0.0,0.9591031599579741,0.06719741709826582,0.9591031599579741,4.42,0.9397961302126576,0.09820046638604718,0.9397961302126576,34.0,0.7329471648246769,0.28038546826411154,0.7329471648246769,22.4,0.923348058934514,0.11431762482928623,0.923348058934514,63.1,0.954535557455741,0.07436550287773792,0.954535557455741
17.6,0.9448739322982607,0.08917397436803456,0.9448739322982607,1271.0,0.9095674658404825,0.14338965096392756,0.9095674658404825,18.0,0.9343990681873574,0.10655219626884227,0.9343990681873574,9.4,0.9591256227993685,0.06717471258568039,0.9591256227993685,3.18,0.9396349859059007,0.09835913274616832,0.9396349859059007,23.0,0.7341722576413581,0.2799417268315385,0.7341722576413581,19.2,0.9231361166084815,0.11454199388535675,0.9231361166084815,75.3,0.9548565898077751,0.0739124323306382,0.9548565898077751
19.2,0.9447663421918036,0.08935496383665736,0.9447663421918036,1711.0,0.9097201122649865,0.14303636069221143,0.9097201122649865,46.0,0.9344981969881092,0.1063410599417531,0.9344981969881092,1.6,0.9588230129782894,0.06756387356071779,0.9588230129782894,4.41,0.939219386541711,0.09895602613267218,0.939219386541711,13.0,0.7338867957277334,0.2799262177264371,0.7338867957277334,22.4,0.9234616033365772,0.11383283501150637,0.9234616033365772,64.7,0.9551162714797833,0.07346813832255138,0.9551162714797833
45.9,0.9445997017163272,0.08956977497928853,0.9445997017163272,791.0,0.9097201122649865,0.14303636069221143,0.9097201122649865,74.0,0.9343072175839267,0.10657444263812851,0.9343072175839267,-1.6,0.9587247483629338,0.06769268667287853,0.9587247483629338,5.0,0.9387863097071582,0.0998623143967806,0.9387863097071582,16.0,0.733327940154843,0.2802237014450313,0.733327940154843,23.5,0.9232431518559858,0.11415102312497882,0.9232431518559858,55.3,0.955347852825951,0.0729970716333185,0.955347852825951
78.4,0.9443459409591295,0.0898672844955992,0.9443459409591295,1533.0,0.9097201122649865,0.14303636069221143,0.9097201122649865,19.0,0.9345387989300944,0.10612262717579625,0.9345387989300944,-8.6,0.9589989789448672,0.06728393969297708,0.9589989789448672,15.01,0.9382748528098941,0.1008766534766631,0.9382748528098941,14.0,0.733327940154843,0.2802237014450313,0.733327940154843,30.6,0.9227410974321714,0.1147929929857599,0.9227410974321714,63.1,0.9557809296605039,0.07206101304964808,0.9557809296605039
20.8,0.9442901618577874,0.08993053609521731,0.9442901618577874,934.0,0.9101245339147461,0.14191980961356873,0.9101245339147461,38.0,0.9344279375559599,0.1062702834336867,0.9344279375559599,3.1,0.9592975484555069,0.0668488652810821,0.9592975484555069,3.96,0.9379269107251206,0.10140692296337417,0.9379269107251206,9.0,0.7338299945786575,0.2798556427257882,0.7338299945786575,20.0,0.9217927375737245,0.11696304593714608,0.9217927375737245,67.5,0.9559993811410955,0.07172012253433699,0.9559993811410955
42.4,0.9447602593399095,0.08937320964785037,0.9447602593399095,805.0,0.9104833443875061,0.1413163427802571,0.9104833443875061,32.0,0.9344866785985358,0.10616962524272401,0.9344866785985358,3.1,0.9595373769235706,0.0665196576365847,0.9595373769235706,4.83,0.9379856517676964,0.10130553335991632,0.9379856517676964,14.0,0.7352059657571747,0.2791619046478274,0.7352059657571747,22.0,0.9213178423080063,0.1179006072530046,0.9213178423080063,51.8,0.9561485421141127,0.07153625345951685,0.9561485421141127
41.6,0.9448020777710747,0.08931192936395235,0.9448020777710747,775.0,0.9103236339494906,0.14152727753558367,0.9103236339494906,32.0,0.9345600377975918,0.10609596426687344,0.9345600377975918,-3.9,0.9600071726230017,0.0660678156985967,0.9600071726230017,4.55,0.9379856517676964,0.10130553335991632,0.9379856517676964,17.0,0.7361052628263026,0.2790807917542382,0.7361052628263026,20.8,0.921569617533262,0.11733119438117913,0.921569617533262,57.3,0.9561485421141127,0.07153625345951685,0.9561485421141127
80.8,0.945276973036793,0.08833305342980412,0.945276973036793,982.0,0.9101964048228983,0.14170093254938243,0.9101964048228983,67.0,0.9346018562287571,0.10603617974776278,0.9346018562287571,-4.7,0.9599706109914558,0.0661190754627073,0.9599706109914558,12.19,0.9383652475550449,0.10082049472853592,0.9383652475550449,13.0,0.7368275157551462,0.27833173499002933,0.7368275157551462,30.6,0.9220410273474935,0.11658697430640047,0.9220410273474935,55.7,0.9564707909553269,0.07092121888540469,0.9564707909553269
40.0,0.9453357140793689,0.08822995775658089,0.9453357140793689,774.0,0.9102701163257384,0.1415678259172732,0.9102701163257384,40.0,0.9347001208441129,0.10591499252161975,0.9347001208441129,-2.3,0.9598823505786908,0.06622725014568033,0.9598823505786908,4.67,0.9387565393392283,0.1001390603738878,0.9387565393392283,0.0,0.7368275157551462,0.27833173499002933,0.7368275157551462,22.4,0.922256516886851,0.11630844836259806,0.922256516886851,56.5,0.9566520925646241,0.07058916481761485,0.9566520925646241
47.8,0.9456278770628005,0.08775354399637421,0.9456278770628005,851.0,0.9111494332412163,0.1395363057076717,0.9111494332412163,48.0,0.9344846313047555,0.10620040207403936,0.9344846313047555,4.7,0.9598335015148095,0.06630782150948208,0.9598335015148095,5.5,0.9390787881804425,0.09954591290587161,0.9390787881804425,0.0,0.7373565866473264,0.27827230335395003,0.7373565866473264,23.5,0.9224424870560192,0.11602990860694277,0.9224424870560192,53.3,0.9565783810617839,0.07073566332296673,0.9565783810617839
65.1,0.9451948002282476,0.08867177010394857,0.9451948002282476,785.0,0.9123222770515236,0.13723028794316222,0.9123222770515236,52.0,0.9344554096323688,0.10623365432454206,0.9344554096323688,7.0,0.9594493071249337,0.06676225095761375,0.9594493071249337,7.61,0.9394010370216568,0.09895233476394487,0.9394010370216568,0.0,0.7376988879056358,0.278276288415084,0.7376988879056358,26.3,0.9221620566459703,0.11654717960576037,0.9221620566459703,56.1,0.9565783810617839,0.07073566332296673,0.9565783810617839
79.2,0.9447597378617527,0.08929387070160799,0.9447597378617527,791.0,0.9131294116205775,0.13631723548807728,0.9131294116205775,77.0,0.9343611949239974,0.10632577826123732,0.9343611949239974,5.5,0.9594493071249337,0.06676225095761375,0.9594493071249337,9.27,0.9391178902028832,0.09930580282522139,0.9391178902028832,3.0,0.7382461204361505,0.278200166622942,0.7382461204361505,27.8,0.9217652904452226,0.11702848803649707,0.9217652904452226,50.2,0.9563266058365283,0.07134136840430766,0.9563266058365283
73.7,0.9444389850472353,0.08964306807143302,0.9444389850472353,962.0,0.9138299363496638,0.13560732656785576,0.9138299363496638,60.0,0.9342751757932406,0.10638147837431368,0.9342751757932406,7.0,0.9595276871876448,0.06664770079640961,0.9595276871876448,12.08,0.9388216508058695,0.09950070321155324,0.9388216508058695,15.0,0.7379880302324489,0.27814054757145307,0.7379880302324489,30.6,0.921413188729204,0.11717259817331764,0.921413188729204,43.9,0.9561771972989059,0.07158969638230174,0.9561771972989059
28.6,0.9445126965500755,0.08950004346389116,0.9445126965500755,2304.0,0.913856493778619,0.13558068439556406,0.913856493778619,77.0,0.9345732787139015,0.1062022994016653,0.9345732787139015,7.0,0.9593610467121685,0.06687030112124545,0.9593610467121685,6.0,0.9388649691565795,0.09946057162334845,0.9388649691565795,19.0,0.7377238068658752,0.2780796951064882,0.7377238068658752,23.9,0.9214865479282599,0.11710107849369772,0.9214865479282599,54.5,0.9565314379462984,0.0711607652779168,0.9565314379462984
100.0,0.9450468877173221,0.08866259442169121,0.9450468877173221,1835.0,0.9135357409641017,0.13590019231211908,0.9135357409641017,75.0,0.9347545803231985,0.10588531297828774,0.9347545803231985,-4.7,0.9595520261163512,0.06662160462117687,0.9595520261163512,28.7,0.9394010370216568,0.09895233476394548,0.9394010370216568,32.0,0.7371283868760499,0.278016478249437,0.7371283868760499,36.9,0.9216462583662755,0.11688271886323302,0.9216462583662755,62.0,0.9567239172700255,0.07093433464709023,0.9567239172700255
18.8,0.9455182975315538,0.08788210508108064,0.9455182975315538,2163.0,0.9140699321313485,0.13512070152701103,0.9140699321313485,67.0,0.9349730318037901,0.10556055748352833,0.9349730318037901,-1.6,0.9593289060758886,0.06701881683192129,0.9593289060758886,6.32,0.9407171728180808,0.09643805318259657,0.9407171728180808,31.0,0.7367599558531835,0.2781718592216774,0.7367599558531835,23.5,0.9225679665866336,0.11591250700876404,0.9225679665866336,59.2,0.9565990952257146,0.07109252996375401,0.9565990952257146
91.4,0.9456507500769699,0.08763559316649033,0.9456507500769699,1666.0,0.9150297131249066,0.13384640922693786,0.9150297131249066,71.0,0.9351864740493671,0.1053056279947865,0.9351864740493671,-3.1,0.9589376142917053,0.0677305099887297,0.9589376142917053,23.05,0.9410093358015122,0.09596678255762363,0.9410093358015122,41.0,0.7371729375431517,0.27789210494762595,0.7371729375431517,34.9,0.9236372911796088,0.11457691918686268,0.9236372911796088,63.5,0.9566548743270564,0.07102721788560017,0.9566548743270564
31.8,0.9458001586145922,0.08739278140486369,0.9458001586145922,1976.0,0.9161879644237364,0.13153066825005422,0.9161879644237364,48.0,0.9354109580012273,0.10510420522418554,0.9354109580012273,-1.6,0.95889579586054,0.06779376571525411,0.95889579586054,7.96,0.9408566893770083,0.09634148514811619,0.9408566893770083,43.0,0.7382989015590811,0.2775747749477553,0.7382989015590811,25.1,0.9244497222399396,0.11381158610255375,0.9244497222399396,67.1,0.956544012952922,0.0711830248783812,0.956544012952922
42.7,0.9454413481418321,0.08804436310107709,0.9454413481418321,1471.0,0.9166084778803063,0.1308487568866231,0.9166084778803063,25.0,0.9355510410477483,0.10492289126271531,0.9355510410477483,-4.7,0.9588714569318337,0.06781981197880922,0.9588714569318337,9.44,0.9408566893770083,0.09634148514811619,0.9408566893770083,45.0,0.7389364043195342,0.27762628260561417,0.7389364043195342,27.8,0.924672842280402,0.11344126066290586,0.924672842280402,69.4,0.9558974938727922,0.07238938769944615,0.9558974938727922
17.6,0.9451158614137364,0.08878117319644739,0.9451158614137364,1546.0,0.9164271762710092,0.1311538455519327,0.9164271762710092,19.0,0.9357399731581505,0.10466515184053689,0.9357399731581505,-1.6,0.9596125650396048,0.06681795479859386,0.9596125650396048,3.91,0.9410060979146306,0.09610142738202608,0.9410060979146306,47.0,0.7382655156564613,0.2775846860778122,0.7382655156564613,22.0,0.9247976643247131,0.11329469091476972,0.9247976643247131,63.8636053593179,0.9556378122007838,0.07283437093333378,0.9556378122007838
45.9,0.9447936125725221,0.08938224339908672,0.9447936125725221,902.0,0.9165765848086316,0.13092650054110858,0.9165765848086316,44.0,0.9358382377735062,0.10454364594318302,0.9358382377735062,3.9,0.9594724819930837,0.06701029324572837,0.9594724819930837,5.01,0.940830717220144,0.09628622546358369,0.940830717220144,47.0,0.7376262448333403,0.27753232345976986,0.7376262448333403,21.6,0.9250514250819108,0.11301077688385636,0.9250514250819108,63.5,0.9553155633595696,0.07344818292657672,0.9553155633595696
40.0,0.9449664528761139,0.08902356978381944,0.9449664528761139,1305.0,0.9168555191919834,0.13066122181595902,0.9168555191919834,33.0,0.9362512194634744,0.10403644236618075,0.9362512194634744,-3.9,0.9594359203615378,0.06706148574114185,0.9594359203615378,7.72,0.9406397378159613,0.09652352458118911,0.9406397378159613,47.0,0.7369335857723471,0.2774951951912714,0.7369335857723471,26.3,0.9254310208692593,0.11253836551757616,0.9254310208692593,67.8,0.9553155633595696,0.07344818292657672,0.9553155633595696
44.7,0.9455396127571878,0.08791964340429208,0.9455396127571878,1286.0,0.917225121070382,0.13026510074340508,0.917225121070382,40.0,0.9366354472341462,0.10321131454785665,0.9366354472341462,-4.7,0.9593575402988267,0.0671759901010232,0.9593575402988267,8.9,0.94012500965102,0.09733550049641816,0.94012500965102,47.0,0.7366596697447907,0.2774321741761879,0.7366596697447907,27.5,0.9254310208692593,0.11253836551757616,0.9254310208692593,67.5,0.9557123295603173,0.07292766163752315,0.9557123295603173
51.8,0.9456302802522343,0.08778008096895151,0.9456302802522343,1295.0,0.9177417680056738,0.12962722850332042,0.9177417680056738,45.0,0.9368070710485579,0.10301539950296425,0.9368070710485579,3.9,0.9594063893627077,0.06709550624224088,0.9594063893627077,10.18,0.9397247524016197,0.09765526180214958,0.9397247524016197,47.0,0.7363795289188229,0.2773679299332078,0.7363795289188229,28.6,0.9248152451332157,0.11340034744806413,0.9248152451332157,66.3,0.9560333619123513,0.07247348811978446,0.9560333619123513
51.4,0.9457627327976503,0.08753352265671048,0.9457627327976503,1271.0,0.9180640168468881,0.1290592651555349,0.9180640168468881,54.0,0.9367846082071635,0.10303664219456395,0.9367846082071635,3.9,0.9595464724092289,0.06690319483204883,0.9595464724092289,9.93,0.9391723163106794,0.09849706753360685,0.9391723163106794,47.0,0.7357632448343361,0.27730545155309955,0.7357632448343361,28.6,0.9242624957448932,0.11374911563743441,0.9242624957448932,66.7,0.9558473917431831,0.07277231961105647,0.9558473917431831
71.8,0.9453276704311554,0.08815656987594063,0.9453276704311554,1315.0,0.91901631680123,0.12777406181444045,0.91901631680123,60.0,0.9362242139770445,0.10354971783159457,0.9362242139770445,-1.6,0.9599894078416806,0.06634256858980053,0.9599894078416806,13.82,0.9391357546791336,0.0985458418857394,0.9391357546791336,50.0,0.7349499824101597,0.2773179096132294,0.7349499824101597,31.0,0.9237928884619472,0.11399930060507783,0.9237928884619472,64.3,0.9557736802403429,0.0729185173663094,0.9557736802403429
76.9,0.9451366910269727,0.08839683226603345,0.9451366910269727,1376.0,0.9193371715460025,0.1274089006019044,0.9193371715460025,51.0,0.9360107717314674,0.10380538390273909,0.9360107717314674,-1.6,0.9601647885361674,0.06614781400359195,0.9601647885361674,15.72,0.9388880815261555,0.09890756388739932,0.9388880815261555,52.0,0.7335618540802482,0.27801098110218897,0.7335618540802482,31.8,0.923151610651638,0.11445481681706961,0.923151610651638,63.9,0.9556464511137507,0.07311190499864736,0.9556464511137507
56.9,0.9450291009205156,0.08857796618481978,0.9450291009205156,1435.0,0.9192234938353256,0.127512548494721,0.9192234938353256,40.0,0.9359116429307156,0.10401716704183882,0.9359116429307156,-3.1,0.9600328659017969,0.06628046576593401,0.9600328659017969,11.98,0.9384131862604372,0.09987386980274914,0.9384131862604372,54.0,0.7324975163726315,0.2782283006932243,0.7324975163726315,29.8,0.9227360112874483,0.11503244817030728,0.9227360112874483,67.5,0.9555877100711746,0.07321717341980949,0.9555877100711746
38.4,0.9449182395463812,0.08872961933541357,0.9449182395463812,1504.0,0.9188709111910129,0.12772647516083818,0.9188709111910129,39.0,0.9358040528242586,0.10419453970434069,0.9358040528242586,3.1,0.9599252757953399,0.06646724815178273,0.9599252757953399,8.61,0.938285957133845,0.10005973382618198,0.938285957133845,57.0,0.7313577808605627,0.2785314257600335,0.7313577808605627,27.1,0.9225205217480908,0.11531144520041894,0.9225205217480908,70.6,0.9556242717027206,0.07316644230804653,0.9556242717027206
37.6,0.9447585291083657,0.08895926240563118,0.9447585291083657,815.0,0.9192992541119874,0.12723061427930327,0.9192992541119874,36.0,0.9354826681684404,0.10469364749846549,0.9354826681684404,-8.6,0.9600244045960917,0.06624559572262048,0.9600244045960917,4.33,0.9378154794302572,0.10069922645538872,0.9378154794302572,58.0,0.730703061931186,0.27846968765853086,0.730703061931186,20.4,0.9220854593815958,0.1159040693158445,0.9220854593815958,58.0,0.9555655306601446,0.07327170472495408,0.9555655306601446
36.5,0.944469353014075,0.08928549385034812,0.944469353014075,812.0,0.9189778694561691,0.1277115891370814,0.9189778694561691,32.0,0.9352084375865071,0.10508044642014436,0.9352084375865071,-14.1,0.9598431029867945,0.06657973498994882,0.9598431029867945,4.25,0.9374362411745406,0.10103957831652456,0.9374362411745406,56.0,0.730703061931186,0.27846968765853086,0.730703061931186,20.8,0.9217646046368234,0.1162745913343125,0.9217646046368234,57.6,0.9553181729970195,0.07354429584418874,0.9553181729970195
42.0,0.9445430645169153,0.089142436287341,0.9445430645169153,789.0,0.918735496704363,0.12793218842839088,0.918735496704363,34.0,0.9352841714352206,0.10501798963194676,0.9352841714352206,-3.9,0.9596571328176263,0.06688101160372764,0.9596571328176263,4.47,0.9374362411745406,0.10103957831652456,0.9374362411745406,53.0,0.730703061931186,0.27846968765853086,0.730703061931186,21.2,0.9215511623912463,0.11652262627592706,0.9215511623912463,56.5,0.9547839818297726,0.07440038952602653,0.9547839818297726
39.6,0.9448416340275549,0.08872146385508725,0.9448416340275549,814.0,0.9186797176030211,0.1279911215947664,0.9186797176030211,35.0,0.9352292930958225,0.10506191370430466,0.9352292930958225,-6.2,0.9597647229240834,0.06669433193796225,0.9597647229240834,4.57,0.9376593612150032,0.10066024566441036,0.9376593612150032,47.0,0.7306159416494644,0.2785069385719473,0.7306159416494644,21.2,0.9209653403976862,0.11735835790767508,0.9209653403976862,55.7,0.954445956671601,0.0748147140510669,0.954445956671601
38.8,0.9450953947847527,0.08842346513583335,0.9450953947847527,814.0,0.9183875546195895,0.12843958975554004,0.9183875546195895,35.0,0.9350509783756663,0.10523146582229348,0.9350509783756663,-6.2,0.9597647229240834,0.06669433193796288,0.9597647229240834,4.5,0.9375484998408687,0.10080912479327123,0.9375484998408687,38.0,0.72976487767019,0.27887531141986616,0.72976487767019,20.8,0.9205302780311914,0.11794883200163041,0.9205302780311914,58.0,0.9540617289009292,0.0756685654804361,0.9540617289009292
38.8,0.9457145300574477,0.08779222433732273,0.9457145300574477,809.0,0.9181071242095405,0.1289504860509618,0.9181071242095405,32.0,0.9350509783756663,0.10523146582229348,0.9350509783756663,-6.2,0.9594661534134437,0.06712968663168922,0.9594661534134437,4.52,0.9379327276115406,0.09998141329993546,0.9379327276115406,17.0,0.7282531285072327,0.2804096864200887,0.7282531285072327,20.8,0.9204814289673101,0.11802307310227131,0.9204814289673101,54.9,0.9539541387944721,0.07585303460561088,0.9539541387944721
46.7,0.9463257798144489,0.08716306339363508,0.9463257798144489,1290.0,0.9180334127067005,0.12908594832553982,0.9180334127067005,70.0,0.9350509783756663,0.10523146582229348,0.9350509783756663,3.9,0.9592506638740862,0.06743264854337559,0.9592506638740862,8.03,0.9382582143396363,0.09925455446049121,0.9382582143396363,24.0,0.7273593739749579,0.2811663727379109,0.7273593739749579,27.8,0.9204013109372619,0.11810627875924942,0.9204013109372619,52.9,0.9539249171220854,0.07588804624623471,0.9539249171220854
85.9,0.9465356712548317,0.08696436161263002,0.9465356712548317,2298.0,0.9179258226002434,0.1292565330607406,0.9179258226002434,41.0,0.9351834309210822,0.10499041419137274,0.9351834309210822,3.1,0.9588893130104313,0.06792777160460546,0.9588893130104313,30.49,0.9382582143396363,0.09925455446049121,0.9382582143396363,29.0,0.727451323312892,0.2811362052205795,0.727451323312892,36.5,0.920590243047664,0.1178561101572103,0.920590243047664,67.5,0.9541383593676626,0.07562034412819052,0.9541383593676626
79.2,0.9462149184403146,0.08731511890491843,0.9462149184403146,1546.0,0.91765159201831,0.12962756920860444,0.91765159201831,20.0,0.9350021293117853,0.10530773840476891,0.9350021293117853,-0.8,0.9582331161354158,0.06974937433185814,0.9582331161354158,18.75,0.9380474183080569,0.09946599464240302,0.9380474183080569,36.0,0.7282447933503037,0.2811505751053559,0.7282447933503037,32.9,0.9203504145796004,0.11815719971997013,0.9203504145796004,65.1,0.9547496091246638,0.0749767788835103,0.9547496091246638
19.6,0.9462149184403145,0.08731511890491779,0.9462149184403145,942.0,0.917078432137236,0.13066967329599427,0.917078432137236,45.0,0.9352942922952168,0.10484246646613928,0.9352942922952168,-3.9,0.9582749345665813,0.06968625175146728,0.9582749345665813,3.86,0.9375725230423386,0.10043106254526861,0.9375725230423386,29.0,0.7287821705661932,0.2812343698296623,0.7287821705661932,20.8,0.9206100962516086,0.11774292078320266,0.9206100962516086,60.8,0.954935579293832,0.07467875246245959,0.954935579293832
74.1,0.94637462887833,0.08708479805069098,0.94637462887833,1508.0,0.917511508971789,0.12980103532477275,0.917511508971789,68.0,0.9352454432313357,0.1049187820745331,0.9352454432313357,5.5,0.958514763034645,0.06935814071691059,0.958514763034645,16.98,0.9374988115394985,0.1005720737203066,0.9374988115394985,37.0,0.72984650827381,0.2810266496358832,0.72984650827381,32.5,0.9206100962516086,0.11774292078320266,0.9206100962516086,66.7,0.9556578322226754,0.07340856235181634,0.9556578322226754
74.9,0.9458404377110832,0.08792445569814476,0.9458404377110832,1956.0,0.9178811108501874,0.12940420911179507,0.9178811108501874,56.0,0.9351129906859198,0.10515986180885804,0.9351129906859198,-3.9,0.958622353141102,0.06917197915940576,0.958622353141102,7.18,0.9372391298674903,0.10099991879583765,0.9372391298674903,41.0,0.7299202197766503,0.28093909576868364,0.7299202197766503,25.1,0.9202878474103943,0.11831667194336805,0.9202878474103943,66.3,0.9559201235321336,0.07305989689819568,0.9559201235321336
71.4,0.9458892867749643,0.08784627443230345,0.9458892867749643,1386.0,0.9186730864264742,0.12848181124406896,0.9186730864264742,60.0,0.9350328726558715,0.10524581630506734,0.9350328726558715,3.1,0.9584495128375101,0.06953988355155763,0.9584495128375101,14.68,0.9373128413703304,0.10085898470706146,0.9373128413703304,44.0,0.7296566466243044,0.281070883057076,0.7296566466243044,31.4,0.9203954375168514,0.11814429147255304,0.9203954375168514,64.7,0.9557388219228364,0.07339120776608417,0.9557388219228364
48.6,0.9449734082279406,0.09006291658214448,0.9449734082279406,1493.0,0.9186730864264742,0.12848181124406896,0.9186730864264742,30.0,0.9356024791602111,0.10439918978433749,0.9356024791602111,-8.6,0.9582766725339182,0.06990765075478432,0.9582766725339182,4.62,0.9374654877948343,0.1004865469105743,0.9374654877948343,33.0,0.7297473141193509,0.2809916021556923,0.7297473141193509,21.2,0.9210516343918668,0.1164329205924412,0.9210516343918668,64.3,0.9556800808802606,0.07349647006530657,0.9556800808802606
44.3,0.9450870859386176,0.08995098912656826,0.9450870859386176,779.0,0.9189562332452479,0.12814634631452912,0.9189562332452479,58.0,0.9364107512198112,0.10312378940860129,0.9364107512198112,-3.9,0.9586971859904883,0.06916196230003878,0.9586971859904883,4.61,0.9378622539955819,0.09998834163329126,0.9378622539955819,24.0,0.7296447332479082,0.2810446771071418,0.7296447332479082,21.2,0.9211458491002382,0.11634345027958756,0.9211458491002382,57.3,0.9553258402328682,0.07392410654585665,0.9553258402328682
77.3,0.9456314900396433,0.08942992143502222,0.9456314900396433,2299.0,0.9190553620459996,0.12794140521713115,0.9190553620459996,38.0,0.936650579687875,0.10281253162729391,0.936650579687875,-4.7,0.95851121582132,0.06946234743372327,0.95851121582132,27.34,0.9381845028367962,0.09939577274615012,0.9381845028367962,28.0,0.7297834843559433,0.2809925932962091,0.7297834843559433,35.3,0.9212783016456543,0.11610802727868658,0.9212783016456543,68.2,0.9550454098228193,0.07447465482421992,0.9550454098228193
96.9,0.9456639713510666,0.08938909140372954,0.9456639713510666,1416.0,0.9199712405930233,0.12582810166229355,0.9199712405930233,84.0,0.9367830322332911,0.10257067466810749,0.9367830322332911,6.2,0.9587916462313688,0.06890817698329728,0.9587916462313688,21.65,0.9380938353417497,0.0995329805497695,0.9380938353417497,32.0,0.7299702432879326,0.2809514548742309,0.7299702432879326,35.3,0.9213891630197887,0.11596398982983154,0.9213891630197887,61.2,0.9552638613034108,0.07413460401901409,0.9552638613034108
100.0,0.9451297801838198,0.09022674264038039,0.9451297801838198,1635.0,0.9203554683636951,0.1250279146510399,0.9203554683636951,86.0,0.9364844627226514,0.10298316110664202,0.9364844627226514,0.8,0.9590071357707265,0.06860570613746983,0.9590071357707265,27.08,0.9384906015424973,0.09903398119508897,0.9384906015424973,38.0,0.72973594553304,0.2810952954501213,0.72973594553304,37.6,0.9209967011781429,0.11613587533121203,0.9209967011781429,58.0,0.9557387565691291,0.0731363607870892,0.9557387565691291
100.0,0.9446760435778404,0.09060788689027326,0.9446760435778404,1931.0,0.9206358987737439,0.12451437976431425,0.9206358987737439,78.0,0.9366657643319486,0.10266481918922703,0.9366657643319486,-6.2,0.9592875661807753,0.06805097753357342,0.9592875661807753,32.2,0.9390053297074389,0.09822453309115725,0.9390053297074389,43.0,0.7287303488679991,0.28124173192746266,0.7287303488679991,38.8,0.9206176218924953,0.11629437421844539,0.9206176218924953,60.4,0.9558004595529389,0.07305930149731307,0.9558004595529389
94.5,0.9444947419685433,0.09093160420067169,0.9444947419685433,2128.0,0.9207746498817789,0.12439999996033033,0.9207746498817789,19.0,0.9369399949138819,0.10227661452680648,0.9369399949138819,-8.6,0.9593364152446565,0.06797054460015613,0.9593364152446565,30.35,0.939191299876607,0.09793651018830751,0.939191299876607,39.0,0.728983542859762,0.2812563562347518,0.728983542859762,36.9,0.9205590584571809,0.11634212149124287,0.9205590584571809,64.3,0.9558592005955148,0.07295399793472854,0.9558592005955148
40.0,0.944593870769295,0.09071630450637035,0.944593870769295,806.0,0.9209018790083713,0.12422147872380919,0.9209018790083713,36.0,0.9368291335397475,0.10242516990049051,0.9368291335397475,-7.0,0.9590965867765927,0.06829931360048028,0.9590965867765927,4.94,0.9390053297074388,0.09822453309115725,0.9390053297074388,23.0,0.7293531447381605,0.2810420876018774,0.7293531447381605,21.6,0.9204464591157094,0.11646410497768517,0.9204464591157094,67.1,0.9557097920578924,0.07320194155770515,0.9557097920578924
81.2,0.94423136339363,0.09109221467860176,0.94423136339363,1188.0,0.9211641703178292,0.12390145575874803,0.9211641703178292,76.0,0.9363424403469391,0.10307407441175005,0.9363424403469391,8.6,0.959223815903185,0.06810451931431365,0.959223815903185,15.08,0.9392530028604168,0.09786257925734965,0.9392530028604168,33.0,0.7294315248008716,0.2809810628590127,0.7294315248008716,32.2,0.9204707980444158,0.11644052956830157,0.9204707980444158,59.2,0.9556732304263466,0.07325267635260616,0.9556732304263466
92.5,0.9437780561034416,0.09172745801691297,0.9437780561034416,1851.0,0.9213308107933055,0.1236989777824582,0.9213308107933055,25.0,0.9368444947707536,0.10241453603578415,0.9368444947707536,1.6,0.959116225796728,0.06829092715688743,0.959116225796728,26.49,0.939331382923128,0.09775326754136272,0.939331382923128,42.0,0.7295540604196858,0.28093331447659975,0.7295540604196858,36.1,0.9202573557988387,0.11668810215932582,0.9202573557988387,64.3,0.9557516104890578,0.07313915231539819,0.9557516104890578
35.7,0.9436254096789375,0.09210404041650629,0.9436254096789375,828.0,0.9216229737767371,0.12324730809312245,0.9216229737767371,36.0,0.9372650082273236,0.10170149652766806,0.9372650082273236,0.0,0.9589433854931361,0.06865919274490109,0.9589433854931361,4.02,0.9393732013542934,0.09769275804642738,0.9393732013542934,47.0,0.7302054164373343,0.2809969494730122,0.7302054164373343,20.4,0.9201836442959986,0.11682491235696434,0.9201836442959986,56.5,0.9558103515316336,0.07303385950096745,0.9558103515316336
40.0,0.9435666686363616,0.09220668853780231,0.9435666686363616,804.0,0.9215937521043505,0.12327947011071981,0.9215937521043505,34.0,0.9372650082273236,0.10170149652766806,0.9372650082273236,-5.5,0.9589433854931362,0.06865919274490047,0.9589433854931362,4.47,0.9393732013542935,0.0976927580464274,0.9393732013542935,43.0,0.730728990152845,0.2810795152853791,0.730728990152845,20.8,0.9196721873987345,0.1178075339791322,0.9196721873987345,58.0,0.9557112227308818,0.07325377467058637,0.9557112227308818
38.4,0.9435248502051964,0.0922677500496088,0.9435248502051964,768.0,0.9217920201713835,0.1231826626467876,0.9217920201713835,35.0,0.9371052977893081,0.10192682496107877,0.9371052977893081,-7.0,0.9588208498743218,0.06877520766820094,0.9588208498743218,4.36,0.9392994898514534,0.09783428523803932,0.9392994898514534,33.0,0.7311604679326931,0.28089298971903937,0.7311604679326931,20.8,0.9187563088517109,0.11992805586969706,0.9187563088517109,56.5,0.9560326073866999,0.07273176674385708,0.9560326073866999
40.4,0.9436742587428187,0.09202627989037183,0.9436742587428187,781.0,0.921966822394011,0.12309858917366721,0.921966822394011,32.0,0.9374965895734914,0.1012468800952139,0.9374965895734914,-7.0,0.958928160443262,0.06868368062724878,0.958928160443262,4.2,0.9393483389153344,0.09775722299793266,0.9393483389153344,27.0,0.7312093169965742,0.28084780875863286,0.7312093169965742,20.8,0.9182542544278963,0.1205631422948536,0.9182542544278963,57.6,0.9561820159243225,0.07248365817690229,0.9561820159243225
44.3,0.9438457867143011,0.09189017013825806,0.9438457867143011,1337.0,0.9224122227640418,0.12274760925974769,0.9224122227640418,38.0,0.9378220763015872,0.10052083075035168,0.9378220763015872,6.2,0.958879311379381,0.06876404005537384,0.958879311379381,8.9,0.9400498260122653,0.09681991938375299,0.9400498260122653,23.0,0.7305350663179295,0.28101951493883925,0.7305350663179295,27.5,0.9179974131688393,0.12064217689244706,0.9179974131688393,67.5,0.9568870984397667,0.07122401237325682,0.9568870984397667
32.2,0.9441666414590737,0.09150056978619102,0.9441666414590737,818.0,0.9230721616854503,0.12203181316603995,0.9230721616854503,34.0,0.9383335331988513,0.09950683990110182,0.9383335331988513,4.7,0.9587886438843346,0.06890759035642177,0.9587886438843346,4.16,0.9401822785576814,0.09657623512843327,0.9401822785576814,2.0,0.7300906930954314,0.2810458164480389,0.7300906930954314,20.4,0.9181727938633261,0.1204673979892069,0.9181727938633261,65.1,0.9570599387433586,0.07085705272676346,0.9570599387433586
97.3,0.9440759739640272,0.09163953283683993,0.9440759739640272,716.0,0.9230987191144056,0.12200443165731337,0.9230987191144056,39.0,0.9386923436716113,0.09886504230248674,0.9386923436716113,-0.8,0.958915873010927,0.0687129451413176,0.958915873010927,5.54,0.9406153553922342,0.09566694929975417,0.9406153553922342,4.0,0.7291878205614476,0.28180558706405723,0.7291878205614476,24.7,0.9183959139037885,0.12010157806314038,0.9183959139037885,58.8,0.9572783902239501,0.07051538728932231,0.9572783902239501
40.0,0.944248814267619,0.09128156971951856,0.944248814267619,878.0,0.923490010898589,0.12134443777092808,0.923490010898589,42.0,0.9387509071069258,0.09881497543195779,0.9387509071069258,-1.6,0.958915873010927,0.0687129451413176,0.958915873010927,4.97,0.9406153553922342,0.09566694929975417,0.9406153553922342,1.0,0.7296582982650351,0.2814508231618293,0.7296582982650351,21.6,0.9183959139037885,0.12010157806314038,0.9183959139037885,53.3,0.9569529034958543,0.07126814002062715,0.9569529034958543
73.3,0.9444803956137868,0.09082063807486425,0.9444803956137868,681.0,0.923737684051567,0.12099552679764145,0.923737684051567,46.0,0.9389416994586464,0.09871809616155071,0.9389416994586464,-3.1,0.9588014608315982,0.06881562611446364,0.9588014608315982,7.79,0.9404425150886422,0.09602260005330013,0.9404425150886422,13.0,0.7306173996524747,0.28095131888685143,0.7306173996524747,27.1,0.9186763443138375,0.11958779434726892,0.9186763443138375,57.6,0.9563063844157245,0.07247500250385495,0.9563063844157245
16.5,0.9446693277241889,0.09055721564859558,0.9446693277241889,1148.0,0.9241289758357503,0.12033457733584867,0.9241289758357503,45.0,0.9390701638841432,0.09865821297625905,0.9390701638841432,-0.8,0.9588014608315982,0.06881562611446299,0.9588014608315982,2.37,0.9408755919231951,0.0951127830873609,0.9408755919231951,14.0,0.7312684969612031,0.2805686010197804,0.7312684969612031,17.3,0.9186073013708684,0.1196729113405547,0.9186073013708684,65.1,0.9565660660877328,0.07202958277578085,0.9565660660877328
46.3,0.9447058893557347,0.09050779965738653,0.9447058893557347,1214.0,0.9241980187787194,0.12024889037823079,0.9241980187787194,38.0,0.9391810252582774,0.098508799656725,0.9391810252582774,-2.3,0.9589611712696137,0.06857877105743516,0.9589611712696137,8.19,0.941048432226787,0.09475678520245397,0.941048432226787,15.0,0.7311459613423889,0.28061674427051975,0.7311459613423889,22.4,0.9195435993970045,0.1187070066915157,0.9195435993970045,60.4,0.9567473676970298,0.07169770303258945,0.9567473676970298
55.3,0.9447058893557347,0.09050779965738778,0.9447058893557347,754.0,0.9239748987382569,0.12061735398629739,0.9239748987382569,53.0,0.9395398357310377,0.09786597262859274,0.9395398357310377,-0.8,0.9586389224283993,0.06919631899081137,0.9586389224283993,5.09,0.9413288626368359,0.09422099298635737,0.9413288626368359,18.0,0.7304963014305412,0.280554514310323,0.7304963014305412,22.0,0.9202435334274246,0.11818097258088527,0.9202435334274246,51.0,0.9567473676970298,0.07169770303259008,0.9567473676970298
73.7,0.9445169572453326,0.09077124356572241,0.9445169572453326,1018.0,0.9237152170662486,0.12103258204552249,0.9237152170662486,65.0,0.9395398357310377,0.0978659726285946,0.9395398357310377,-0.8,0.9583646918464661,0.06960435095049476,0.9583646918464661,11.83,0.9413288626368359,0.09422099298635737,0.9413288626368359,28.0,0.7304963014305412,0.280554514310323,0.7304963014305412,30.6,0.920591475512198,0.11766847102570534,0.920591475512198,56.9,0.9566886266544541,0.07180318990757381,0.9566886266544541
79.2,0.9440551160259537,0.09115493329584351,0.9440551160259537,1474.0,0.9236160882654968,0.12123944337424039,0.9236160882654968,62.0,0.9395398357310375,0.09786597262859209,0.9395398357310375,-6.2,0.9578897965807478,0.07060728794011359,0.9578897965807478,17.57,0.940908349180266,0.0949408621603191,0.940908349180266,37.0,0.7304963014305412,0.280554514310323,0.7304963014305412,32.5,0.9204642463856058,0.11784782615825493,0.9204642463856058,64.3,0.9566149151516138,0.07194960088458657,0.9566149151516138
36.9,0.9437954343539454,0.0915887500129169,0.9437954343539454,1178.0,0.9240366017220668,0.12054634560085459,0.9240366017220668,46.0,0.9394073831856216,0.09810928992319333,0.9394073831856216,1.6,0.9577789352066135,0.07076336592199757,0.9577789352066135,8.3,0.9404334539145477,0.09591146558668644,0.9404334539145477,33.67243525896414,0.7310198751460519,0.28063663544565565,0.7310198751460519,27.1,0.9205549138806522,0.1177153657179136,0.9205549138806522,62.4,0.9565412036487738,0.07209598844576101,0.9565412036487738
58.4,0.9437465852900643,0.09166654439373935,0.9437465852900643,1257.0,0.924357986377885,0.12005974163271987,0.924357986377885,47.0,0.939459014011935,0.09806942543322894,0.939459014011935,4.7,0.9577789352066135,0.07076336592199757,0.9577789352066135,11.04,0.9403747128719718,0.09601348978945473,0.9403747128719718,40.0,0.7320220696806305,0.28048547004822,0.7320220696806305,29.0,0.9204642463856056,0.11784782615825612,0.9204642463856056,65.1,0.9564303422746393,0.07225165109845769,0.9564303422746393
14.1,0.9435652836807672,0.0919897055247846,0.9435652836807672,1264.0,0.9248446795706934,0.1194294615723057,0.9248446795706934,31.0,0.939532373210991,0.09799465156928816,0.939532373210991,-1.6,0.9577789352066135,0.07076336592199757,0.9577789352066135,3.38,0.9401887427028037,0.09630230482727374,0.9401887427028037,39.0,0.7334067759256646,0.2797997498437743,0.7334067759256646,18.8,0.9205751077597402,0.11770415021112804,0.9205751077597402,71.8,0.9560098288180694,0.07299407349009408,0.9560098288180694
37.3,0.943601845312313,0.09194041098787484,0.943601845312313,796.0,0.9250113200461697,0.11922519023088853,0.9250113200461697,31.0,0.9399075684360383,0.09761614822327784,0.9399075684360383,-6.2,0.9577464538951902,0.07080542887625109,0.9577464538951902,4.15,0.9399585554530776,0.09655058388370294,0.9399585554530776,39.0,0.7351941776059225,0.2783092445504928,0.7351941776059225,20.4,0.919975390449711,0.11878487503811153,0.919975390449711,55.7,0.9559022387116123,0.07317925512927742,0.9559022387116123
34.9,0.9440223587688831,0.09121690232378726,0.9440223587688831,1506.438032627222,0.9263680416502713,0.11676843002026642,0.9263680416502713,33.0,0.9399564174999193,0.09753901817525074,0.9399564174999193,-4.7,0.9578789064406062,0.07055305131991746,0.9578789064406062,4.13,0.9395743276824058,0.09738166306954299,0.9395743276824058,39.0,0.7362499344185807,0.2780857997832039,0.7362499344185807,20.4,0.9196832274662794,0.1192370143485612,0.9196832274662794,60.0,0.9561338200577801,0.07270770160429489,0.9561338200577801
35.3,0.9442322502092658,0.0910196796262708,0.9442322502092658,820.0,0.927312663651062,0.1154590711751213,0.927312663651062,33.0,0.9399381725762259,0.09755380533902776,0.9399381725762259,-0.8,0.9578789064406062,0.07055305131991874,0.9578789064406062,3.98,0.9394667375759489,0.09756058320103625,0.9394667375759489,39.0,0.7364904327942461,0.27802267231748595,0.7364904327942461,20.0,0.9199148088124472,0.11879629096905973,0.9199148088124472,54.5,0.9557495922871083,0.07356401677609666,0.9557495922871083
37.3,0.9442810992731469,0.09094180686643451,0.9442810992731469,808.0,0.9279995012428127,0.11428760383523982,0.9279995012428127,32.0,0.9399930509156238,0.097509159837124,0.9399930509156238,-0.8,0.9578789064406062,0.07055305131991874,0.9578789064406062,4.24,0.939540449078789,0.0974190066030161,0.939540449078789,40.0,0.7354934170241639,0.27818428403957723,0.7354934170241639,20.4,0.9198560677698712,0.11889436339089843,0.9198560677698712,54.1,0.9555311408065169,0.07390438818423742,0.9555311408065169
32.2,0.9445126806193147,0.09048077460961049,0.9445126806193147,823.0,0.9280986300435645,0.11407889505678062,0.9280986300435645,43.0,0.9395181556499058,0.09847742777069003,0.9395181556499058,-0.8,0.9574182287428842,0.07099731389779225,0.9574182287428842,3.42,0.939540449078789,0.0974190066030161,0.939540449078789,34.0,0.7354934170241639,0.27818428403957723,0.7354934170241639,17.6,0.9202891446044241,0.11801717867456608,0.9202891446044241,56.9,0.9554404733114704,0.07404690395460271,0.9554404733114704
36.1,0.9446033481143613,0.09034162791052464,0.9446033481143613,1506.438032627222,0.9272611315592519,0.11611854266258628,0.9272611315592519,34.0,0.9396506081953218,0.09823413042670553,0.9396506081953218,-1.6,0.9573938898141778,0.07102323327957281,0.9573938898141778,4.29,0.9396141605816292,0.09727740658915762,0.9396141605816292,15.0,0.7354934170241639,0.27818428403957723,0.7354934170241639,20.4,0.9203628561072643,0.11788044614282958,0.9203628561072643,63.9,0.955398654880305,0.07410963094037368,0.955398654880305
38.8,0.944834929460529,0.0898802759992881,0.944834929460529,778.0,0.927413777983756,0.11575296443760275,0.927413777983756,33.0,0.939246186545562,0.09940975105755788,0.939246186545562,-3.9,0.9574921544295335,0.07089496007589029,0.9574921544295335,4.32,0.9394413202780372,0.09763234503059696,0.9394413202780372,6.0,0.7353880518187487,0.27822839485371975,0.7353880518187487,20.8,0.9200706931238327,0.11833309482015841,0.9200706931238327,54.5,0.9555583653183206,0.0738745828275861,0.9555583653183206
37.6,0.9450533809411205,0.08954778791933637,0.9450533809411205,797.0,0.9269807011492032,0.1166388574191576,0.9269807011492032,34.0,0.939567218897596,0.09897330285909692,0.939567218897596,-3.9,0.9572090076107599,0.07126467245841012,0.9572090076107599,4.36,0.9394079343754175,0.09765745856372025,0.9394079343754175,2.0,0.7348494638878791,0.2783040279528684,0.7348494638878791,20.4,0.9201440523228887,0.11826179906785873,0.9201440523228887,58.4,0.9556490328133671,0.07373203138939118,0.9556490328133671
39.6,0.9452850349107733,0.08941450356491622,0.9452850349107733,788.0,0.9267002707391542,0.11715883611669844,0.9267002707391542,48.0,0.9399585106817794,0.09829011911205116,0.9399585106817794,2.3,0.9569858875702972,0.07165975651052744,0.9569858875702972,4.48,0.9392261071577324,0.09775626413166888,0.9392261071577324,10.0,0.7348178871676523,0.27831234826660434,0.7348178871676523,21.2,0.9205282467127645,0.11784971823773575,0.9205282467127645,56.5,0.9558806141595348,0.07326074608843894,0.9558806141595348
61.2,0.9452382331406727,0.08946137560642924,0.9452382331406727,1951.0,0.9267002707391542,0.11715883611669844,0.9267002707391542,46.0,0.9399950723133254,0.09824128536551205,0.9399950723133254,3.1,0.9569858875702972,0.07165975651052744,0.9569858875702972,18.95,0.9389215315247702,0.09795489305608013,0.9389215315247702,17.0,0.7351971254233688,0.2781571230385916,0.7351971254233688,32.9,0.920309795232173,0.11816577077841878,0.920309795232173,69.0,0.9558218731169589,0.07336603336072742,0.9558218731169589
55.7,0.945209011468286,0.08949560399803386,0.945209011468286,1546.0,0.9265405603011386,0.11737856733268558,0.9265405603011386,31.0,0.9399462232494442,0.09831838250755305,0.9399462232494442,3.9,0.9562356614608173,0.0726590478463726,0.9562356614608173,12.95,0.938869900698457,0.09799473486659231,0.938869900698457,18.0,0.7348428847759766,0.2783729945054205,0.7348428847759766,30.6,0.9202215348194078,0.11826397127145909,0.9202215348194078,68.6,0.9558218731169589,0.07336603336072742,0.9558218731169589
42.4,0.945209011468286,0.08949560399803386,0.945209011468286,730.0,0.9268327232845702,0.11692190915288297,0.9268327232845702,34.0,0.9400199347522842,0.09817678527328211,0.9400199347522842,5.5,0.955649434042249,0.07329469085472172,0.955649434042249,4.52,0.9385110902256969,0.09863700081558076,0.9385110902256969,13.0,0.734522030031204,0.2785788425951541,0.734522030031204,20.8,0.9202215348194078,0.11826397127145909,0.9202215348194078,59.6,0.955929463223416,0.07318088969780491,0.955929463223416
38.0,0.9448177196841026,0.09018670215866383,0.9448177196841026,800.0,0.9270055635881622,0.11657581621136125,0.9270055635881622,32.0,0.939545039486566,0.09914474644947184,0.939545039486566,1.6,0.9557401015372955,0.07315206947870902,0.9557401015372955,4.67,0.9387426715718646,0.09818095718537204,0.9387426715718646,5.0,0.734911524914304,0.27856737888508215,0.734911524914304,21.2,0.9201224060186561,0.11847024992288714,0.9201224060186561,57.3,0.9558218731169589,0.07336603336072742,0.9558218731169589
39.2,0.9442739106991405,0.09088656326974962,0.9442739106991405,801.0,0.926419741594602,0.1174173383624122,0.926419741594602,34.0,0.9396944480241884,0.09890551175934446,0.9396944480241884,0.0,0.9557889506011765,0.07307222037235704,0.9557889506011765,4.48,0.9385567014026965,0.09846877552039332,0.9385567014026965,5.0,0.73520556213655,0.27849108592714095,0.73520556213655,20.8,0.919647510752938,0.11940511492281647,0.919647510752938,56.1,0.9546636218181291,0.07586665961486208,0.9546636218181291
36.5,0.9443227597630217,0.09080867977240839,0.9443227597630217,826.0,0.9262949195502911,0.11756366335608985,0.9262949195502911,37.0,0.9396511296734785,0.09894571249774577,0.9396511296734785,0.0,0.9558476916437524,0.07296691897977184,0.9558476916437524,4.0,0.9385567014026965,0.09846877552039394,0.9385567014026965,9.0,0.7349810781846894,0.278584178429242,0.7349810781846894,20.0,0.919515058207522,0.11963958711397762,0.919515058207522,58.4,0.9543425894660951,0.07631897135938506,0.9543425894660951
40.4,0.9446068870759754,0.09054325253816421,0.9446068870759754,798.0,0.9261624670048749,0.11780034165717489,0.9261624670048749,34.0,0.9396511296734785,0.09894571249774577,0.9396511296734785,3.1,0.9559585530178869,0.0728114443093252,0.9559585530178869,4.55,0.9388371318127454,0.09793566037823577,0.9388371318127454,3.0,0.7356861607001338,0.2778418796723584,0.7356861607001338,20.8,0.919909802062396,0.11908425050851379,0.919909802062396,53.7,0.9544750420115111,0.07606832558074916,0.9544750420115111
42.7,0.9447050837660833,0.09045707056944803,0.9447050837660833,784.0,0.9259958265293986,0.118005177050385,0.9259958265293986,70.0,0.9393525601628387,0.09936081394353159,0.9393525601628387,2.3,0.9557725828487187,0.07311018446084565,0.9557725828487187,4.83,0.9387046792673294,0.09817876518579532,0.9387046792673294,4.0,0.7363768405642146,0.27731646788770414,0.7363768405642146,21.2,0.9196782207162283,0.11952489867118828,0.9196782207162283,55.7,0.9541946116014622,0.07661771474699174,0.9541946116014622
61.6,0.944511458147903,0.09065879428859401,0.944511458147903,1052.0,0.9262189465698611,0.11763515106435912,0.9262189465698611,37.0,0.9395019687004612,0.09912166908287559,0.9395019687004612,3.1,0.9558708474640745,0.07298236773239139,0.9558708474640745,10.07,0.938217986074521,0.09883138403663863,0.938217986074521,10.0,0.7367610683348864,0.2767785333130362,0.7367610683348864,28.6,0.9192940263263525,0.11993580811901834,0.9192940263263525,52.5,0.9541358705588864,0.07672259374594681,0.9541358705588864
72.2,0.9441987779015415,0.09086429960116736,0.9441987779015415,1041.0,0.9268700438785895,0.11691541295269423,0.9268700438785895,23.0,0.9399552759906498,0.09849327027114124,0.9399552759906498,3.9,0.9557216864910572,0.07316595125187854,0.9557216864910572,12.2,0.9379863321048681,0.09896101768253802,0.9379863321048681,22.0,0.7364402135901138,0.27698624721078285,0.7364402135901138,30.6,0.9187538027339479,0.12024281451417614,0.9187538027339479,61.6,0.9543171721681833,0.07639251819583247,0.9543171721681833
66.7,0.9441500307679156,0.09090074529217305,0.9441500307679156,1082.0,0.9272905573351594,0.11621752451861415,0.9272905573351594,59.0,0.9405584211342514,0.09787862545326009,0.9405584211342514,5.5,0.9554427521077051,0.07346256130416128,0.9554427521077051,11.06,0.937385148880302,0.09983593593429121,0.937385148880302,27.0,0.7357037526397457,0.2769636962727955,0.7357037526397457,29.8,0.9184058606491744,0.12075313993612588,0.9184058606491744,64.7,0.9540987206875919,0.07673168144677221,0.9540987206875919
69.0,0.9446536904184599,0.09045566491624606,0.9446536904184599,1438.0,0.9274718589444565,0.11590528822953257,0.9274718589444565,20.0,0.9411022301192135,0.09718597178819552,0.9411022301192135,-3.9,0.9555536134818396,0.0733072171737294,0.9555536134818396,14.98,0.9374960102544364,0.09968697180001905,0.9374960102544364,29.0,0.7349864209841567,0.27693159252310984,0.7349864209841567,31.4,0.91856557108719,0.12053628120511617,0.91856557108719,65.5,0.9539636585047261,0.07688614109532863,0.9539636585047261
52.2,0.9451980945194857,0.08993517440131474,0.9451980945194857,1011.0,0.9278631507286398,0.1152391070544464,0.9278631507286398,33.0,0.941726286357949,0.09603837773799732,0.941726286357949,3.1,0.9555117950506742,0.07336998472661624,0.9555117950506742,3.7,0.9380971934790027,0.09881183947629774,0.9380971934790027,23.0,0.7356488743003475,0.27698243428820485,0.7356488743003475,17.6,0.9186213501885317,0.12047690460324163,0.9186213501885317,63.5,0.9540519189174913,0.07677969484626672,0.9540519189174913
38.0,0.9450486859818633,0.09017741211070757,0.9450486859818633,722.0,0.9274908697151601,0.11578109001926394,0.9274908697151601,52.0,0.9418789327824528,0.09566325087155428,0.9418789327824528,3.1,0.955983204864906,0.07257233838849955,0.955983204864906,4.25,0.9382244226055949,0.09862584905382833,0.9382244226055949,19.0,0.7357425090738665,0.2769644525784425,0.7357425090738665,22.0,0.918699730251243,0.12037228615378809,0.918699730251243,48.6,0.9544432107016747,0.07607561990443228,0.9544432107016747
67.8,0.9450486859818633,0.09017741211070694,0.9450486859818633,1739.0,0.9271653829870641,0.11649300991737857,0.9271653829870641,20.0,0.9419865228889098,0.09548359736391074,0.9419865228889098,3.9,0.9558234944268903,0.07280771955660546,0.9558234944268903,19.21,0.9385466714468093,0.09803255692134571,0.9385466714468093,25.0,0.7360060822262123,0.276828409021962,0.7360060822262123,32.9,0.9190416181125924,0.11993641776948626,0.9190416181125924,67.8,0.9543525432066281,0.07621775116171017,0.9543525432066281
70.2,0.945356109967505,0.08987038496839554,0.945356109967505,1246.0,0.9273147915246867,0.11626014075001467,0.9273147915246867,73.0,0.9418005527197416,0.09577307718539355,0.9418005527197416,5.5,0.9552286855192371,0.07344667872891156,0.9552286855192371,14.67,0.939040544102435,0.09724130670400336,0.939040544102435,29.0,0.7360943426389776,0.2767739892601064,0.7360943426389776,31.8,0.9192647381530551,0.11957006749202286,0.9192647381530551,64.7,0.9546122248786365,0.07577434012982298,0.9546122248786365
87.1,0.9450352552227324,0.09026110790535119,0.9450352552227324,1530.0,0.9274960931339838,0.1159479034468724,0.9274960931339838,70.0,0.9418005527197416,0.09577307718539355,0.9418005527197416,-0.8,0.955228685519237,0.07344667872891154,0.955228685519237,19.95,0.9389987256712697,0.09730181179367124,0.9389987256712697,35.0,0.7359645692286426,0.2768199768034686,0.7359645692286426,33.7,0.9193065565842203,0.11951203101931855,0.9193065565842203,63.1,0.954702892373683,0.075632124147638,0.954702892373683
75.3,0.9442668330621847,0.09153596893624356,0.9442668330621847,1777.0,0.9276773947432809,0.11563553518864067,0.9276773947432809,53.0,0.9419733930233337,0.09541681623284382,0.9419733930233337,-1.6,0.9552705039504022,0.07338393503328199,0.9552705039504022,19.91,0.9389250141684296,0.09744330713784334,0.9389250141684296,37.0,0.7352263820637382,0.27679675370684265,0.7352263820637382,33.7,0.9195018188636941,0.11935055860033661,0.9195018188636941,66.7,0.9549546675989387,0.07502864258894605,0.9549546675989387
43.5,0.9441343805167687,0.091781536978885,0.9441343805167687,1785.0,0.9280144139183488,0.11541919046018172,0.9280144139183488,56.0,0.9416511441821194,0.09601341550057294,0.9416511441821194,-2.3,0.9550892023411051,0.0737149403668468,0.9550892023411051,6.46,0.939199244750363,0.09705249655227391,0.939199244750363,33.0,0.7358726198907085,0.2768518636411133,0.7358726198907085,23.1,0.9197494920166722,0.11900289862879912,0.9197494920166722,69.4,0.9547686974297704,0.07532660741146317,0.9547686974297704
71.4,0.9437013036822158,0.09269633747564568,0.9437013036822158,1093.0,0.9282487116732414,0.1151506527479686,0.9282487116732414,51.0,0.941303202097346,0.09654765958266331,0.941303202097346,4.7,0.9550473839099398,0.07377765644121573,0.9550473839099398,11.5,0.9388737580222671,0.09778091683595987,0.9388737580222671,35.0,0.7372555999212064,0.27614965262739116,0.7372555999212064,29.8,0.9194573290332406,0.11945483909462258,0.9194573290332406,62.0,0.9547268789986051,0.07538922968201052,0.9547268789986051
54.5,0.943963594991674,0.09235790118463266,0.943963594991674,1185.0,0.9282852733047872,0.11510318729262926,0.9282852733047872,38.0,0.9408283068316277,0.09751790010641459,0.9408283068316277,-1.6,0.9553278143199886,0.0732269022752844,0.9553278143199886,9.48,0.9386924564129699,0.0981010460176112,0.9386924564129699,36.0,0.7386368434619605,0.2754423649474002,0.7386368434619605,27.8,0.9189458721359767,0.12043511918981568,0.9189458721359767,64.7,0.9550964808770034,0.07495109165626375,0.9550964808770034
26.3,0.9441525271020763,0.0920949504339328,0.9441525271020763,1194.0,0.9282852733047872,0.11510318729262926,0.9282852733047872,32.0,0.9405478764215788,0.09805239476228807,0.9405478764215788,4.7,0.9554550434465809,0.07303360092144422,0.9554550434465809,2.71,0.93861874491013,0.0982424274631261,0.93861874491013,36.0,0.7393698210345744,0.2754603028964134,0.7393698210345744,18.4,0.9187645705266794,0.12074317238001041,0.9187645705266794,66.3,0.9554175132290376,0.07449792240642619,0.9554175132290376
40.4,0.9442849796474923,0.09184942114503311,0.9442849796474923,806.0,0.9282852733047872,0.11510318729262926,0.9282852733047872,33.0,0.9402059885602292,0.09850848605288744,0.9402059885602292,-1.6,0.9556147538845965,0.07279835761067294,0.9556147538845965,4.42,0.9387094124051765,0.09810500746709627,0.9387094124051765,36.0,0.7387287927998947,0.2754099234935968,0.7387287927998947,20.8,0.9190900572547751,0.12003995077847569,0.9190900572547751,54.1,0.955125350245606,0.07498388187055757,0.955125350245606
34.1,0.9441036780381952,0.09217275164695281,0.9441036780381952,804.0,0.9281136494903757,0.1152947400599443,0.9281136494903757,31.0,0.9398337075467493,0.09906552850187719,0.9398337075467493,3.1,0.9555071637781396,0.07298347795791515,0.9555071637781396,4.0,0.938667593974011,0.09816544968847447,0.938667593974011,36.0,0.7375001956836446,0.2758687334325794,0.7375001956836446,20.0,0.9189303468167597,0.12025704352941341,0.9189303468167597,58.8,0.955199061748446,0.07483795030352243,0.955199061748446
31.8,0.9442849796474923,0.09184942114503436,0.9442849796474923,805.0,0.9280027881162412,0.1154401117253668,0.9280027881162412,35.0,0.9399445689208838,0.09891602282607094,0.9399445689208838,1.6,0.9554583147142583,0.07306330585622356,0.9554583147142583,4.0,0.9392591450373401,0.0974480061018192,0.9392591450373401,36.0,0.7361172156531467,0.27657204862519097,0.7361172156531467,20.0,0.9194252910243116,0.11971929526107339,0.9194252910243116,58.8,0.9551403207058702,0.0749430590858862,0.9551403207058702
38.0,0.9446762714316757,0.09115944362137755,0.9446762714316757,796.0,0.9277796680757786,0.11581148734579576,0.9277796680757786,34.0,0.9401843973889475,0.09860231816236946,0.9401843973889475,1.6,0.9551986330422501,0.07350788335124055,0.9551986330422501,4.38,0.9396314260508197,0.09689071093329991,0.9396314260508197,19.0,0.7353873072752913,0.27784826109946514,0.7353873072752913,20.4,0.9196595887792042,0.11945487999485893,0.9196595887792042,54.9,0.9553920959311258,0.074339101186547,0.9553920959311258
36.9,0.9448491117352676,0.0908011437668546,0.9448491117352676,786.0,0.9274992376657297,0.11633222523902711,0.9274992376657297,52.0,0.9404159787351153,0.09814536639015826,0.9404159787351153,1.6,0.9550319925667737,0.07372817771678669,0.9550319925667737,3.57,0.9396314260508197,0.09689071093329991,0.9396314260508197,13.0,0.7352378987376689,0.27799132910541624,0.7352378987376689,18.4,0.9198192992172198,0.11923744253165693,0.9198192992172198,55.3,0.9553920959311258,0.074339101186547,0.9553920959311258
64.7,0.9453605686325316,0.08977347966932811,0.9453605686325316,1412.0,0.9275480867296109,0.11625723395601635,0.9275480867296109,32.0,0.9404159787351153,0.09814536639015826,0.9404159787351153,3.9,0.9547106079109556,0.0742492525844472,0.9547106079109556,13.96,0.939572685008244,0.09699257668113725,0.939572685008244,18.0,0.734819039471112,0.27814923636659716,0.734819039471112,27.8,0.9198192992172196,0.1192374425316569,0.9198192992172196,65.1,0.9555415044687482,0.0740914254150082,0.9555415044687482
44.7,0.9453605686325316,0.08977347966933,0.9453605686325316,750.0,0.9279610684195791,0.11576055767897084,0.9279610684195791,36.0,0.9407639208198889,0.09761228409820444,0.9407639208198889,6.2,0.9537819760392581,0.07563856204587997,0.9537819760392581,4.6,0.9397253314327478,0.09661853383841053,0.9397253314327478,13.0,0.7350667126240903,0.27793944392462494,0.7350667126240903,22.0,0.9197455877143795,0.1193739744032958,0.9197455877143795,54.5,0.9557534467947807,0.07384839517190522,0.9557534467947807
40.4,0.9451792670232344,0.09009761681212797,0.9451792670232344,810.0,0.9284359636852972,0.11481427125860866,0.9284359636852972,33.0,0.9412511396210851,0.09717901471887422,0.9412511396210851,-2.3,0.9535960058700899,0.07593600605982075,0.9535960058700899,4.48,0.9397990429355879,0.09647684016658259,0.9397990429355879,2.0,0.7353409432060236,0.2777148687735835,0.7353409432060236,20.8,0.9205830861986922,0.11735551401447943,0.9205830861986922,54.9,0.9559444261989634,0.07360212835219333,0.9559444261989634
39.6,0.9454512727041259,0.08978481875925268,0.9454512727041259,781.0,0.9290600199240328,0.11369570741028383,0.9290600199240328,31.0,0.9416189155590622,0.09689876976590373,0.9416189155590622,-1.6,0.953537264827514,0.07604085533276847,0.953537264827514,4.34,0.9397990429355879,0.09647684016658259,0.9397990429355879,0.0,0.7352427465159155,0.27775218198377316,0.7352427465159155,20.8,0.9217413374975219,0.11500293907032388,0.9217413374975219,56.9,0.9561172665025552,0.07323598548397676,0.9561172665025552
41.6,0.9451915910321175,0.09021972766199565,0.9451915910321175,796.0,0.9289608911232811,0.11390469852402202,0.9289608911232811,33.0,0.9417095830541085,0.09676072062125379,0.9417095830541085,-7.0,0.9533056834813463,0.07651022266054588,0.9533056834813463,4.54,0.9397403018930119,0.09657875211634959,0.9397403018930119,0.0,0.7351603049175792,0.27775896236465514,0.7351603049175792,20.8,0.9218661595418328,0.1148571426591023,0.9218661595418328,59.2,0.9556967530459853,0.0739777110171305,0.9556967530459853
40.8,0.9450924622313658,0.09043522773247445,0.9450924622313658,791.0,0.9295048293319683,0.11286948673768984,0.9295048293319683,34.0,0.941486463013646,0.09714282261508093,0.941486463013646,0.0,0.9530741021351783,0.07697935297411923,0.9530741021351783,4.73,0.9396327117865548,0.09675779972155468,0.9396327117865548,0.0,0.7347034723943152,0.2780471455370636,0.7347034723943152,21.2,0.921349512606541,0.11550681546004463,0.921349512606541,55.7,0.955725974718372,0.07394256730862844,0.955725974718372
42.7,0.9450924622313658,0.09043522773247445,0.9450924622313658,776.0,0.9298636398047284,0.11223960303707188,0.9298636398047284,35.0,0.9414231233685428,0.09718860630438036,0.9414231233685428,0.0,0.9530448804627917,0.07701429349253915,0.9530448804627917,4.71,0.9391212548892909,0.09777484174197647,0.9391212548892909,0.0,0.7343615845329657,0.27830183410045645,0.7343615845329657,21.6,0.9205123433811566,0.11627177921897416,0.9205123433811566,62.4,0.9557847157609479,0.07383732693906596,0.9557847157609479
40.4,0.945278432400534,0.0901435539670441,0.945278432400534,808.0,0.9295413909635142,0.11282185505893408,0.9295413909635142,35.0,0.9408368959499743,0.0977977309241523,0.9408368959499743,0.8,0.9529632958939949,0.07707757276365589,0.9529632958939949,4.42,0.9388981348488284,0.09815552611227628,0.9388981348488284,0.0,0.7335500381690053,0.2783124937158566,0.7335500381690053,20.8,0.9200418656775687,0.11688894643243752,0.9200418656775687,57.3,0.9566640326764259,0.07162867110544445,0.9566640326764259
38.0,0.9455588628105828,0.0896037322613607,0.9455588628105828,793.0,0.9294089384180981,0.1130601562966445,0.9294089384180981,33.0,0.9408368959499743,0.0977977309241523,0.9408368959499743,0.0,0.9525282335274997,0.07771075021834009,0.9525282335274997,4.4,0.9386177044387795,0.09868861403760767,0.9386177044387795,0.0,0.7317591942139953,0.2797956066002596,0.7317591942139953,20.8,0.9196830552048089,0.11750944114295599,0.9196830552048089,58.0,0.9569444630864747,0.07107628172051497,0.9569444630864747
41.6,0.9456325743134231,0.08946051842602679,0.9456325743134231,798.0,0.9296831690000316,0.1126784931034288,0.9296831690000316,54.0,0.9407096668233821,0.09798442567357583,0.9407096668233821,-3.1,0.9527095351367969,0.07738146795856765,0.9527095351367969,4.53,0.9385688553748982,0.0987655599502959,0.9385688553748982,7.0,0.7306965526121797,0.2800083105626412,0.7306965526121797,21.2,0.9195102149012168,0.11785227950997941,0.9195102149012168,54.9,0.9577819615707871,0.06892537259918027,0.9577819615707871
48.6,0.9458079550079097,0.08927332868350019,0.9458079550079097,1589.0,0.9302514368042107,0.11209453563726249,0.9302514368042107,28.0,0.940783378326222,0.09784267475295186,0.940783378326222,0.0,0.9530514229981466,0.07691078551338165,0.9530514229981466,12.29,0.9386936774192094,0.09861437927042825,0.9386936774192094,12.0,0.7296322149045629,0.2802187111316699,0.7296322149045629,30.2,0.9196818387156286,0.11766337650463297,0.9196818387156286,63.5,0.9578407026133631,0.06881957860955178,0.9578407026133631
60.8,0.94523834850357,0.09013968475776091,0.94523834850357,1009.0,0.930810292377101,0.1115137139779209,0.930810292377101,51.0,0.9410819478368617,0.09742636330546256,0.9410819478368617,0.0,0.952891712560131,0.07714464318735345,0.952891712560131,9.85,0.9385828160450749,0.09876369050843757,0.9385828160450749,15.0,0.7293480316804359,0.28015020022416715,0.7293480316804359,28.6,0.9195935783028634,0.11776154272893287,0.9195935783028634,62.7,0.9576091212671953,0.069292977027577,0.9576091212671953
59.6,0.945142866843961,0.09021028194255273,0.945142866843961,1279.0,0.9313123468009155,0.11086327717934735,0.9313123468009155,44.0,0.9414975472010514,0.09682743775927727,0.9414975472010514,0.8,0.9524936210794428,0.07760038284227957,0.9524936210794428,11.38,0.9387556563486668,0.0984093175459093,0.9387556563486668,16.0,0.7288577168669791,0.28006452731122844,0.7288577168669791,29.0,0.9193619969566956,0.1182023518592173,0.9193619969566956,63.1,0.9578275727477867,0.06895074022607679,0.9578275727477867
52.5,0.9450521993489145,0.09034953062733528,0.9450521993489145,1316.0,0.9314617553385377,0.11062829591169256,0.9314617553385377,43.0,0.9415759272637628,0.09671773968224003,0.9415759272637628,-5.5,0.9530380251804685,0.07706736613979517,0.9530380251804685,9.98,0.938656527547915,0.09862235600233495,0.938656527547915,15.0,0.7283627726594272,0.28035165664659545,0.7283627726594272,28.6,0.9196833816125138,0.1177178145253069,0.9196833816125138,64.3,0.9581080031578356,0.06839684412184303,0.9581080031578356
53.7,0.9449784878460744,0.0904925786561544,0.9449784878460744,1265.0,0.9314617553385378,0.11062829591169258,0.9314617553385378,57.0,0.9419238693485362,0.0961833830470788,0.9419238693485362,3.1,0.9527903520274905,0.07744078992362935,0.9527903520274905,10.46,0.938656527547915,0.09862235600233495,0.938656527547915,22.0,0.7275741232389957,0.2816656510228762,0.7275741232389957,29.4,0.920103895069084,0.11702652732941964,0.920103895069084,65.5,0.9577857543166213,0.069013862609069,0.9577857543166213
69.4,0.9450342669474163,0.09042930638714279,0.9450342669474163,2098.0,0.9317214370105462,0.11020611776286496,0.9317214370105462,48.0,0.9421756445737919,0.09559400800764381,0.9421756445737919,0.0,0.9531745797981622,0.07658887180742154,0.9531745797981622,22.9,0.9389779122037333,0.09811923310193335,0.9389779122037333,29.0,0.7275741232389957,0.2816656510228762,0.7275741232389957,34.5,0.9199638120225628,0.11720248118195649,0.9199638120225628,67.8,0.9572332456021959,0.06955790988662748,0.9572332456021959
71.4,0.944845334837014,0.0906928701613248,0.944845334837014,1546.0,0.9322653752192336,0.10916527657652844,0.9322653752192336,67.0,0.9423080971192079,0.09534953879920205,0.9423080971192079,-1.6,0.9534550102082111,0.07604010943925463,0.9534550102082111,17.29,0.9389779122037333,0.09811923310193335,0.9389779122037333,38.0,0.7271311878065441,0.2819422083930522,0.7271311878065441,32.9,0.9199345903501761,0.1172347632222683,0.9199345903501761,66.3,0.9568853035174226,0.07011177873976973,0.9568853035174226
77.6,0.9441684781905724,0.09145831423948488,0.9441684781905724,2009.0,0.9321329226738174,0.10940488984889045,0.9321329226738174,43.0,0.9425005764429352,0.09513184435802564,0.9425005764429352,0.0,0.9537067854334668,0.0754375763812384,0.9537067854334668,20.52,0.9390516237065732,0.09797778198621086,0.9390516237065732,43.0,0.7257363334297208,0.2826058112256228,0.7257363334297208,32.9,0.9196541599401271,0.11775006808082626,0.9196541599401271,67.1,0.9568364544535414,0.07019187913677147,0.9568364544535414
44.3,0.9440994352476033,0.09154834236317703,0.9440994352476033,2130.0,0.9319013413276497,0.10985459082417463,0.9319013413276497,43.0,0.9426672169184115,0.09491856420487063,0.9426672169184115,-5.5,0.9539299054739292,0.07504484426606181,0.9539299054739292,14.4,0.939283205052741,0.09752128516764501,0.939283205052741,43.0,0.7243398214953751,0.28326427683057986,0.7243398214953751,31.0,0.9198354615494244,0.11744108050175216,0.9198354615494244,71.8,0.9570961361255498,0.06974557114556702,0.9570961361255498
16.1,0.9443225552880657,0.09116373040225298,0.9443225552880657,1469.0,0.9320004701284013,0.10964443061722527,0.9320004701284013,36.0,0.942625398487246,0.09497943940880028,0.942625398487246,-0.8,0.9540205729689758,0.07490267088010685,0.9540205729689758,7.32,0.9393320541166222,0.09744420816181339,0.9393320541166222,33.67243525896414,0.7245741192502677,0.2831235406619533,0.7245741192502677,26.3,0.9196147479238057,0.11760501663550231,0.9196147479238057,65.5,0.9570595744940039,0.06979651969287332,0.9570595744940039
54.9,0.9442737062241847,0.09124159551420406,0.9442737062241847,1375.0,0.93148574196346,0.11044072344891993,0.93148574196346,49.0,0.9428163778914286,0.0947412439815352,0.9428163778914286,4.7,0.9543127359524074,0.07441730155859473,0.9543127359524074,11.16,0.939072372444614,0.09787386367188051,0.939072372444614,41.0,0.7256451444565174,0.2829265798889971,0.7256451444565174,29.8,0.9192937155717716,0.11802423700587801,0.9192937155717716,67.5,0.9569519843875469,0.06998228218566012,0.9569519843875469
58.4,0.9442737062241847,0.09124159551420344,0.9442737062241847,1481.0,0.9312260602914515,0.11086271382252898,0.9312260602914515,45.0,0.9425359474813797,0.09527781703647434,0.9425359474813797,-0.8,0.954620159938049,0.0741016164689779,0.954620159938049,12.88,0.9391141908757792,0.09781337863164721,0.9391141908757792,48.0,0.7259216371834778,0.282830026543371,0.7259216371834778,30.6,0.9187998429161458,0.11878549966880923,0.9187998429161458,67.8,0.9571704358681384,0.06964045923575873,0.9571704358681384
42.0,0.9445568530429583,0.09088344156048378,0.9445568530429583,1610.0,0.9311935789800284,0.11090207697717318,0.9311935789800284,20.0,0.9424772064388038,0.09538013559357522,0.9424772064388038,3.1,0.9549672956927243,0.07383883325380831,0.9549672956927243,9.64,0.9391141908757792,0.09781337863164721,0.9391141908757792,48.0,0.7255248709827302,0.2830937495459927,0.7255248709827302,27.1,0.9189322954615619,0.11855111352206388,0.9189322954615619,71.4,0.956896205286205,0.07004767802865398,0.956896205286205
34.1,0.944165561258775,0.09157343661415643,0.944165561258775,923.0,0.931416699020491,0.11052795425769832,0.931416699020491,35.0,0.9422429086839113,0.09565858990595963,0.9422429086839113,-3.9,0.9550260367353002,0.07373367725873897,0.9550260367353002,3.88,0.9390033295016448,0.09796286175587196,0.9390033295016448,48.0,0.7237239373986251,0.2845307303959633,0.7237239373986251,23.5,0.9184384228059359,0.11931174368891427,0.9184384228059359,52.2,0.9567467967485827,0.07029636920619503,0.9567467967485827
43.5,0.9432862443432971,0.09373290325680488,0.9432862443432971,1345.0,0.9314532606520366,0.11048011445213027,0.9314532606520366,44.0,0.9420127214341852,0.09590767173188074,0.9420127214341852,-3.9,0.9550260367353002,0.07373367725873897,0.9550260367353002,9.21,0.9386120377174615,0.09864540411860542,0.9386120377174615,50.0,0.7223257772715889,0.28518011749059097,0.7223257772715889,27.8,0.9180471310217526,0.11996842766291871,0.9180471310217526,68.2,0.9565236767081201,0.0706914722051518,0.9565236767081201
59.6,0.9431753829691627,0.0938836324824931,0.9431753829691627,1390.0,0.9314044115881556,0.11055577590440353,0.9314044115881556,64.0,0.9415656505486599,0.09665615743524124,0.9415656505486599,3.9,0.9545929599007473,0.07466818607629068,0.9545929599007473,12.28,0.9386120377174616,0.09864540411860606,0.9386120377174616,51.0,0.7210786246359729,0.28558576409875197,0.7210786246359729,30.2,0.9179982819578715,0.12004232720940514,0.9179982819578715,66.7,0.956804107118169,0.07013889523545867,0.956804107118169
76.5,0.9429808527597858,0.09406909033093468,0.9429808527597858,1439.0,0.9311058420775159,0.11096295702867476,0.9311058420775159,50.0,0.941203143172995,0.09702835154329376,0.941203143172995,0.0,0.9545145798380361,0.07478143237918855,0.9545145798380361,16.38,0.9386120377174616,0.09864540411860606,0.9386120377174616,55.0,0.7192727741491565,0.28699749123582524,0.7192727741491565,32.2,0.9178176121898752,0.12019419889328538,0.9178176121898752,64.3,0.957224620574739,0.06939454812830942,0.957224620574739
15.3,0.942407692878712,0.09516600086019836,0.942407692878712,1407.0,0.9307362401991175,0.11137431436067399,0.9307362401991175,30.0,0.9411613247418298,0.09708902536696491,0.9411613247418298,7.8,0.9543873507114439,0.0749742913114666,0.9543873507114439,3.67,0.9382897888762474,0.09923853186932777,0.9382897888762474,55.0,0.7184694418996013,0.2869661348604027,0.7184694418996013,20.0,0.9176682036522529,0.12042365661040036,0.9176682036522529,72.9,0.9577360774720032,0.06834071440528015,0.9577360774720032
40.0,0.9424860729414231,0.09505604298830757,0.9424860729414231,788.0,0.9301365228890882,0.11247273846897393,0.9301365228890882,34.0,0.9406271335745829,0.09791783347451942,0.9406271335745829,-3.9,0.9542747513699723,0.07510666595169817,0.9542747513699723,4.3,0.9385240866311398,0.09896233942570117,0.9385240866311398,52.0,0.7191340230411216,0.28704611612148523,0.7191340230411216,20.4,0.917247690195683,0.12111127268732927,0.917247690195683,52.9,0.9576872284081219,0.06842098271837618,0.9576872284081219
33.3,0.9424860729414231,0.09505604298830757,0.9424860729414231,808.0,0.9301365228890883,0.11247273846897396,0.9301365228890883,32.0,0.9404411634054147,0.098206359740987,0.9404411634054147,0.8,0.9540934497606753,0.0754369698339277,0.9540934497606753,4.16,0.9386837970691554,0.0987361128716457,0.9386837970691554,46.0,0.7192038266826577,0.2870339609403088,0.7192038266826577,20.4,0.917247690195683,0.12111127268732927,0.917247690195683,54.9,0.9576872284081218,0.06842098271837617,0.9576872284081218
36.1,0.9422629529009606,0.09543890147393015,0.9422629529009606,811.0,0.9301049461688616,0.11249458875119213,0.9301049461688616,31.0,0.9402180433649523,0.09858754216117485,0.9402180433649523,0.0,0.9544522602334353,0.07477407751465197,0.9544522602334353,4.16,0.9384522157229876,0.09919198789322176,0.9384522157229876,42.0,0.7186404373781474,0.2871095373048854,0.7186404373781474,20.4,0.9164653709443229,0.12232662314041845,0.9164653709443229,54.5,0.9576872284081218,0.06842098271837617,0.9576872284081218
52.2,0.9420313715547928,0.09589751094413364,0.9420313715547928,1456.0,0.9305464855485582,0.11209365279207748,0.9305464855485582,40.0,0.9403256334714092,0.09840857861479675,0.9403256334714092,3.1,0.9546657024790123,0.07450595955925975,0.9546657024790123,10.94,0.9382793754193958,0.09954609042285875,0.9382793754193958,45.0,0.7184598177730069,0.2871310263519801,0.7184598177730069,29.4,0.9155243674148927,0.12328550174793679,0.9155243674148927,68.2,0.9579469100801303,0.06797376395464184,0.9579469100801303
52.2,0.9414316542447637,0.09702085857609993,0.9414316542447637,1504.0,0.9304743036778621,0.11212253439124673,0.9304743036778621,50.0,0.9403256334714092,0.09840857861479675,0.9403256334714092,2.3,0.9549710940625237,0.07415859961842142,0.9549710940625237,12.66,0.9381392923728747,0.09972882747731922,0.9381392923728747,47.0,0.7189939854051307,0.28707207310483607,0.7189939854051307,30.2,0.914751573382613,0.12390327901170944,0.914751573382613,68.6,0.9580898094631936,0.06782195482199484,0.9580898094631936
47.5,0.9413068322004526,0.09717276794920421,0.9413068322004526,1592.0,0.9303838151985062,0.11215894535012555,0.9303838151985062,36.0,0.9402519219685691,0.09855020873717776,0.9402519219685691,-8.6,0.9554415717661112,0.07349250774878985,0.9554415717661112,11.08,0.9378185395583573,0.10007158280351783,0.9378185395583573,48.0,0.7193583561915965,0.28707405067793845,0.7193583561915965,29.0,0.9146596240446789,0.12397344636975874,0.9146596240446789,69.0,0.9580898094631938,0.06782195482199485,0.9580898094631938
40.0,0.9414721407374428,0.0970221871669744,0.9414721407374428,1599.0,0.9302748415327488,0.11220309949201371,0.9302748415327488,45.0,0.9405733066243874,0.0980460916645326,0.9405733066243874,0.8,0.9557895138508848,0.07294078238974258,0.9557895138508848,9.78,0.9375588578863491,0.10049973142000566,0.9375588578863491,49.0,0.7188581791659961,0.2869765240099834,0.7188581791659961,28.2,0.9147946862275447,0.12383321896423623,0.9147946862275447,71.8,0.9577917065425329,0.06801926982460951,0.9577917065425329
58.4,0.9419676957745875,0.09658497212526697,0.9419676957745875,1656.0,0.9301471637307739,0.11225526162766222,0.9301471637307739,19.0,0.9412198257045171,0.09687827283785266,0.9412198257045171,0.8,0.9558678939135961,0.07282721750147743,0.9558678939135961,14.55,0.9378642494698602,0.10016792269482608,0.9378642494698602,50.0,0.7182358370896036,0.2868874714672152,0.7182358370896036,31.4,0.915325230253649,0.12318558750730206,0.915325230253649,69.0,0.9576007271383502,0.06826718260644937,0.9576007271383502
42.7,0.9429718347343763,0.09427886498545453,0.9429718347343763,877.0,0.9302162066737428,0.11216830027055226,0.9302162066737428,34.0,0.9404311762840859,0.09888787529203809,0.9404311762840859,-4.7,0.9561901427548103,0.07221281276298237,0.9561901427548103,4.58,0.9384167581842856,0.09965455135237199,0.9384167581842856,47.0,0.7184074609040152,0.28679127987044956,0.7184074609040152,20.8,0.9162708645895205,0.12222617382125346,0.9162708645895205,65.5,0.9576007271383502,0.06826718260644937,0.9576007271383502
41.2,0.9432940835755905,0.0936807444103691,0.9432940835755905,783.0,0.929529369081992,0.11334453654895338,0.929529369081992,29.0,0.9403574647812457,0.09902948547645955,0.9403574647812457,-2.3,0.9563393037278276,0.0720289793965899,0.9563393037278276,4.55,0.9385150227996414,0.09953211044493479,0.9385150227996414,45.0,0.7191447476423223,0.2868511032799536,0.7191447476423223,20.8,0.916047744549058,0.12259049452204585,0.916047744549058,54.9,0.957477290757592,0.06840123594296482,0.957477290757592
40.8,0.9435242708253166,0.09343071672556798,0.9435242708253166,784.0,0.9293404369715899,0.11359851936419083,0.9293404369715899,32.0,0.9402080562436235,0.09926889147677916,0.9402080562436235,-2.3,0.9566328306226569,0.07172124330837026,0.9566328306226569,4.51,0.9384392889509278,0.09959528433897231,0.9384392889509278,42.0,0.7198255442730633,0.28692661422785576,0.7198255442730633,20.8,0.9159494799337022,0.12270702541424021,0.9159494799337022,58.4,0.9574981462669078,0.06838135270760619,0.9574981462669078
37.6,0.9433306452071364,0.09363153163429264,0.9433306452071364,818.0,0.9290050916455951,0.11394199154679599,0.9290050916455951,32.0,0.9402080562436235,0.09926889147677916,0.9402080562436235,-3.9,0.9570051116361368,0.07114221642474526,0.9570051116361368,4.04,0.9381074195596071,0.09988229051181546,0.9381074195596071,37.0,0.7201241339055902,0.2870037084234931,0.7201241339055902,19.6,0.9161404593378848,0.122482455675542,0.9161404593378848,56.5,0.9580096914331455,0.06791358127061273,0.9580096914331455
36.5,0.9431523304869802,0.09380505899880164,0.9431523304869802,811.0,0.9286462811728351,0.11457055590301138,0.9286462811728351,33.0,0.9397547489534349,0.09989711096066262,0.9397547489534349,-4.7,0.9568778825095444,0.07133611440182756,0.9568778825095444,4.06,0.9376603486740818,0.10062539929915368,0.9376603486740818,19.0,0.7204166054525125,0.2870794381603103,0.7204166054525125,20.4,0.9156655640721666,0.12341066253861337,0.9156655640721666,54.9,0.958301854416577,0.0674238602051561,0.958301854416577
36.5,0.9427542390062921,0.09424844416799144,0.9427542390062921,821.0,0.9286462811728351,0.11457055590301075,0.9286462811728351,35.0,0.9392675301522387,0.10032812186084766,0.9392675301522387,0.8,0.9568413208779986,0.07138698934168831,0.9568413208779986,4.11,0.9367810317586039,0.10276030500058286,0.9367810317586039,8.0,0.720703017767605,0.28715380271508584,0.720703017767605,20.4,0.9154521218265895,0.12365503497565555,0.9154521218265895,54.9,0.9580421727445688,0.06787140738782928,0.9580421727445688
36.5,0.9423954285335319,0.09489510348633247,0.9423954285335319,820.0,0.9286097195412892,0.11461806431394819,0.9286097195412892,32.0,0.939055587826206,0.10056041408813514,0.939055587826206,0.8,0.9569395854933543,0.0712588359376996,0.9569395854933543,4.09,0.9368801605593557,0.10254817169541793,0.9368801605593557,1.0,0.720983427570806,0.2872268016272512,0.720983427570806,20.4,0.9151028794097825,0.12399664411810751,0.9151028794097825,54.5,0.9574409895200026,0.06878723892937615,0.9574409895200026
37.3,0.942034077669877,0.09537009232951942,0.942034077669877,809.0,0.9288328395817518,0.11424601996240345,0.9288328395817518,33.0,0.9392787078666686,0.10018022947297689,0.9392787078666686,2.3,0.9567708806428359,0.07140868457766078,0.9567708806428359,4.02,0.9364888687751725,0.10322707020113502,0.9364888687751725,0.0,0.7212578895360405,0.28729843467315114,0.7212578895360405,20.4,0.9144794939151253,0.12438564465500111,0.9144794939151253,56.1,0.9574409895200026,0.06878723892937678,0.9574409895200026
52.9,0.9415803410638977,0.09574722595289215,0.9415803410638977,1302.0,0.9288328395817518,0.11424601996240283,0.9288328395817518,33.0,0.9396699996508519,0.09949778352534148,0.9396699996508519,-0.8,0.9567443232138806,0.07143872089521677,0.9567443232138806,10.92,0.9367678031585244,0.1029460673224239,0.9367678031585244,2.0,0.7218687576321213,0.28738252313583657,0.7218687576321213,29.8,0.9144794939151253,0.12438564465500111,0.9144794939151253,62.7,0.9572520574096004,0.06905900584186424,0.9572520574096004
40.8,0.9413579167347538,0.09593580563724745,0.9413579167347538,786.0,0.9287740985391759,0.11434547734321669,0.9287740985391759,46.0,0.9392977186373722,0.100054071856176,0.9392977186373722,3.9,0.9564229385580624,0.07196158830918391,0.9564229385580624,4.52,0.9368043647900701,0.1028976070556712,0.9368043647900701,2.0,0.7227488114721818,0.28735692175640976,0.7227488114721818,20.8,0.9144794939151253,0.12438564465500111,0.9144794939151253,55.7,0.9572520574096004,0.06905900584186424,0.9572520574096004
63.9,0.9414728613966683,0.09584945202530863,0.9414728613966683,928.0,0.9290056798853437,0.11389858835176538,0.9290056798853437,20.0,0.9391985898366205,0.10026707175841482,0.9391985898366205,-3.1,0.9568560153926152,0.07102393352990473,0.9568560153926152,9.01,0.9369119548965272,0.10271987027027858,0.9369119548965272,13.0,0.7227049606388859,0.28736561682644457,0.7227049606388859,28.2,0.9145578739778364,0.12428192578653356,0.9145578739778364,53.3,0.9570792171060085,0.06942636895519633,0.9570792171060085
55.3,0.9416588315658365,0.09556010115356478,0.9416588315658365,1254.0,0.9298261108209914,0.11263512881584001,0.9298261108209914,59.0,0.938980138356029,0.10059474899733722,0.938980138356029,3.9,0.9570373170019124,0.07069175438711746,0.9570373170019124,11.41,0.93737105341444,0.10224901980937479,0.93737105341444,26.0,0.7220519183196253,0.28729119211990917,0.7220519183196253,29.8,0.9152043930579663,0.12316871209060373,0.9152043930579663,65.5,0.9571575971687197,0.06931234689559304,0.9571575971687197
22.7,0.9419106067910923,0.0949707397266876,0.9419106067910923,2055.0,0.9300896839733372,0.11236975472185871,0.9300896839733372,53.0,0.9386997079459801,0.10112716013394174,0.9386997079459801,5.5,0.9568706765264361,0.07091301255109657,0.9568706765264361,5.4,0.9380505101815192,0.10132857814683256,0.9380505101815192,33.67243525896414,0.7213809839010282,0.2872198791834141,0.7213809839010282,22.7,0.9156758028721979,0.12243346825602813,0.9156758028721979,71.0,0.9570303680421273,0.06950652201911636,0.9570303680421273
69.0,0.9420919084003894,0.09464878103511931,0.9420919084003894,1658.0,0.9300896839733372,0.11236975472185871,0.9300896839733372,61.0,0.9383742212178842,0.10185374420290996,0.9383742212178842,-0.8,0.9570373170019124,0.07069175438711746,0.9570373170019124,17.55,0.9384347379521908,0.10050059218427802,0.9384347379521908,40.0,0.7207684487755649,0.28713513405923546,0.7207684487755649,32.5,0.9157176213033633,0.12237583167980326,0.9157176213033633,67.5,0.9569421076293622,0.06961401565071101,0.9569421076293622
19.6,0.9422243609458053,0.09440420304627442,0.9422243609458053,1571.0,0.9300206410303682,0.11245668703063473,0.9300206410303682,59.0,0.9387221633026578,0.1013233517282604,0.9387221633026578,2.3,0.9569589369392013,0.07080564771882843,0.9569589369392013,5.09,0.9387569867934051,0.09990779568813214,0.9387569867934051,44.0,0.7198833937384834,0.28715744452644804,0.7198833937384834,27.1,0.9164999405547231,0.12116168442556502,0.9164999405547231,62.7,0.9566166209012663,0.070366793591801,0.9566166209012663
71.0,0.942447480986268,0.0940211170705091,0.942447480986268,1505.0,0.930404835420244,0.11203673258105545,0.930404835420244,52.0,0.9388715718402801,0.1010847009094409,0.9388715718402801,2.3,0.9573177474119614,0.07013885861175968,0.9573177474119614,15.79,0.9393265932977446,0.09905405073689887,0.9393265932977446,48.0,0.7192675528628071,0.2870708733491512,0.7192675528628071,31.8,0.9173464460898428,0.12040399649797551,0.9173464460898428,65.9,0.9569754313740265,0.06970009730066819,0.9569754313740265
56.5,0.9427954230710415,0.09348520431220536,0.9427954230710415,1643.0,0.9304340570926307,0.11200383558681994,0.9304340570926307,48.0,0.9394712891503093,0.09996733843399064,0.9394712891503093,0.0,0.9574671559495838,0.06988998136790783,0.9574671559495838,13.91,0.9397395749877129,0.09854220062100735,0.9397395749877129,51.0,0.7192675528628071,0.2870708733491512,0.7192675528628071,31.0,0.9181146093156812,0.11978163966059288,0.9181146093156812,69.0,0.9568429788286105,0.06995233642232054,0.9568429788286105
60.0,0.9430430962240195,0.09312033619431369,0.9430430962240195,1723.0,0.9304758755237961,0.11194462253862676,0.9304758755237961,43.0,0.93887157184028,0.10108470090944026,0.93887157184028,0.8,0.9572811857804155,0.07018980516979288,0.9572811857804155,15.63,0.9397813934188781,0.09848169615862638,0.9397813934188781,52.0,0.7192675528628071,0.2870708733491512,0.7192675528628071,31.4,0.9184688499630735,0.1193905257694475,0.9184688499630735,69.0,0.9565832971566022,0.07039846020216678,0.9565832971566022
51.4,0.9431506863304765,0.09294014354879732,0.9431506863304765,1714.0,0.9307548099071481,0.11166843274289023,0.9307548099071481,43.0,0.9386596295142475,0.10131670530468023,0.9386596295142475,2.3,0.9571487332349994,0.07044206329952135,0.9571487332349994,13.16,0.9398551049217184,0.09834013926676664,0.9398551049217184,51.0,0.7190032190118942,0.2871615521288028,0.7190032190118942,30.6,0.9191153690432036,0.11826836227998776,0.9191153690432036,70.2,0.9559641618839073,0.07104953227165445,0.9559641618839073
47.8,0.9431088678993113,0.09300114201492833,0.9431088678993113,1688.0,0.93050713675417,0.11202296793099151,0.93050713675417,54.0,0.9382265526796947,0.10222130960694649,0.9382265526796947,3.9,0.9571487332349994,0.07044206329952135,0.9571487332349994,12.3,0.9400217453971947,0.09812812104841262,0.9400217453971947,52.0,0.7188956289054371,0.2872640275794542,0.7188956289054371,29.8,0.9192229591496606,0.11809623101318975,0.9192229591496606,70.2,0.9546074402798057,0.0736605488139189,0.9546074402798057
61.6,0.9434930956699829,0.09216485406667659,0.9434930956699829,1751.0,0.9308293855953842,0.11143975330643272,0.9308293855953842,31.0,0.937974777454439,0.10280622056858604,0.937974777454439,-2.3,0.9571162519235763,0.07048410632054443,0.9571162519235763,16.3,0.9402533267433625,0.09767113989052337,0.9402533267433625,52.0,0.7185701421773414,0.28771720709416754,0.7185701421773414,31.8,0.9193723676872829,0.11786593993170483,0.9193723676872829,68.6,0.9545290602170945,0.07377387975500642,0.9545290602170945
53.7,0.9438773234406547,0.0913278541192984,0.9438773234406547,1433.0,0.9307805365315032,0.11151530595374239,0.9307805365315032,49.0,0.9380335184970149,0.1027049127744409,0.9380335184970149,-0.8,0.9572563349700971,0.0702927966736658,0.9572563349700971,12.27,0.9402044776794815,0.09774829064113925,0.9402044776794815,53.0,0.7184118791647168,0.28776289250564885,0.7184118791647168,30.2,0.9190468809591871,0.11857017339780927,0.9190468809591871,68.2,0.9542264503960154,0.07415887934005717,0.9542264503960154
47.1,0.9440501637442466,0.09096991629684378,0.9440501637442466,1428.0,0.9305489551853353,0.11196375030130676,0.9305489551853353,40.0,0.9382872792542128,0.10241318818176962,0.9382872792542128,4.7,0.9576042770548707,0.06973875916940736,0.9576042770548707,10.04,0.9399447960074729,0.09817831134969209,0.9399447960074729,51.0,0.7184118791647168,0.28776289250564885,0.7184118791647168,28.2,0.9194311087298589,0.11776786135543975,0.9194311087298589,68.2,0.9540339710722883,0.0743839937264968,0.9540339710722883
48.2,0.944392051605596,0.0905089385243821,0.944392051605596,1420.0,0.9303998621375658,0.11209803759909187,0.9303998621375658,43.0,0.9384273623007338,0.10223081837410161,0.9384273623007338,3.9,0.9573445953828624,0.07018532611690786,0.9573445953828624,10.22,0.9399447960074729,0.09817831134969209,0.9399447960074729,52.0,0.7192493776490294,0.28643641137944414,0.7192493776490294,28.6,0.9198516221864288,0.11707681611143846,0.9198516221864288,68.6,0.9540339710722884,0.07438399372649872,0.9540339710722884
49.0,0.9442361339134148,0.09067870873996825,0.9442361339134148,1429.0,0.9302597790910445,0.11227709928742673,0.9302597790910445,32.0,0.9388604391352866,0.10132600474492555,0.9388604391352866,-0.8,0.9574846784293836,0.06999392219490312,0.9574846784293836,7.96,0.9397850855694574,0.09840498174870325,0.9397850855694574,52.0,0.7201431321813043,0.28570244338445555,0.7201431321813043,26.3,0.9196703205771315,0.11738588172970557,0.9196703205771315,68.2,0.9548714695566007,0.0722429032212419,0.9548714695566007
46.3,0.9445282968968464,0.09020367010332693,0.9445282968968464,1443.0,0.9300366590505821,0.1126502718445418,0.9300366590505821,39.0,0.9386791375259895,0.10164544426316781,0.9386791375259895,3.9,0.9573320320048797,0.0703798673751084,0.9573320320048797,9.64,0.9392326494785171,0.09924640822231502,0.9392326494785171,53.0,0.719795190096531,0.2860000584036528,0.719795190096531,28.2,0.9194974802735397,0.11772873795840465,0.9194974802735397,69.0,0.9546117878845924,0.07268740628942806,0.9546117878845924
41.6,0.9447759700498245,0.08983718086388376,0.9447759700498245,1461.0,0.9289271548853782,0.1149951299412258,0.9289271548853782,37.0,0.9386054260231493,0.1017865451535015,0.9386054260231493,-1.6,0.9574396221113366,0.07019406955098481,0.9574396221113366,9.06,0.9391250593720601,0.09942504156092082,0.9391250593720601,53.0,0.7183953910364113,0.2866365520903625,0.7183953910364113,27.5,0.9198197291147541,0.11715534450994615,0.9198197291147541,69.8,0.9544520774465769,0.07292239566714806,0.9544520774465769
40.4,0.9444545853940063,0.09034664239269807,0.9444545853940063,1452.0,0.9281587327248306,0.11622525830954626,0.9281587327248306,35.0,0.9384194558539811,0.10207360132088034,0.9384194558539811,3.9,0.9574396221113366,0.07019406955098481,0.9574396221113366,9.01,0.9388934780258923,0.09988098395032868,0.9388934780258923,52.0,0.7182008608270345,0.28671493315295005,0.7182008608270345,27.5,0.919712139008297,0.11732771553636662,0.919712139008297,70.2,0.9541689306278032,0.07329019903310395,0.9541689306278032
15.3,0.9438687634004461,0.09122303248543984,0.9438687634004461,846.0,0.9276873229105991,0.11697539107316307,0.9276873229105991,32.0,0.9386712310792369,0.10148819042175629,0.9386712310792369,-0.8,0.9577984325840967,0.06952668978354616,0.9577984325840967,4.51,0.9386417028006366,0.10046697737475137,0.9386417028006366,50.0,0.7182308145695179,0.2867088292510845,0.7182308145695179,22.4,0.919559492583793,0.11768967819359961,0.919559492583793,68.6,0.953624992419116,0.07437891963197718,0.953624992419116
40.4,0.9434774716162628,0.09191232901780612,0.9434774716162628,770.0,0.9276256199267893,0.11704698101581633,0.9276256199267893,34.0,0.9382916352918885,0.10197314386453082,0.9382916352918885,-0.8,0.9576171309747996,0.06985937498207571,0.9576171309747996,4.44,0.9381350863371496,0.10103508483124746,0.9381350863371496,36.0,0.7177059113698778,0.2867508284464475,0.7177059113698778,20.8,0.9189791646174658,0.11837099582153873,0.9189791646174658,57.3,0.9531716851289274,0.0750292964257929,0.9531716851289274
37.6,0.9434187305736869,0.09201497118333568,0.9434187305736869,800.0,0.9273620467744434,0.11731015391196627,0.9273620467744434,34.0,0.9379536101337168,0.10236945769370946,0.9379536101337168,-2.3,0.9575095408683426,0.07004524778519133,0.9575095408683426,3.97,0.9374444064730688,0.10196164373150816,0.9374444064730688,23.0,0.7179769222277881,0.28682286273653523,0.7179769222277881,20.4,0.9185200660995528,0.1188225638981514,0.9185200660995528,59.2,0.9529988448253355,0.07539390419557518,0.9529988448253355
39.6,0.9434187305736869,0.09201497118333568,0.9434187305736869,777.0,0.9277099888592168,0.11679267417027227,0.9277099888592168,31.0,0.9378553455183611,0.1024915156236503,0.9378553455183611,-2.3,0.9572960986227654,0.07031525807399595,0.9572960986227654,4.33,0.9370238930164988,0.10267472055540036,0.9370238930164988,5.0,0.7182421851638792,0.2868935289953278,0.7182421851638792,20.8,0.9188554114255476,0.11848568224883753,0.9188554114255476,56.5,0.9529401037827596,0.07549871535942393,0.9529401037827596
37.3,0.943034502803015,0.09285124831440436,0.943034502803015,801.0,0.9280322377004311,0.11621310246375907,0.9280322377004311,33.0,0.9377562167176093,0.10270389832444946,0.9377562167176093,-2.3,0.9570806090834081,0.07061674924923433,0.9570806090834081,4.34,0.9369455129537876,0.10278331192743179,0.9369455129537876,0.0,0.718501747991528,0.2869628280138982,0.718501747991528,20.4,0.9194694606104694,0.11809148769976408,0.9194694606104694,58.0,0.9531918790080153,0.07489638625867485,0.9531918790080153
38.0,0.9431327674183708,0.09272739361643706,0.9431327674183708,808.0,0.9280322377004311,0.11621310246375907,0.9280322377004311,34.0,0.9380158983896177,0.10227625826383924,0.9380158983896177,2.3,0.956940526036887,0.07080797257923202,0.956940526036887,4.31,0.9367726726501957,0.1031361246206622,0.9367726726501957,0.0,0.7190028478360762,0.2870578598059487,0.7190028478360762,20.4,0.9205536224115612,0.11676120971413283,0.9205536224115612,55.3,0.9532994691144722,0.07471197021363203,0.9532994691144722
39.2,0.9434707925765424,0.09232503021257354,0.9434707925765424,789.0,0.9279904192692658,0.11627194119341928,0.9279904192692658,39.0,0.9376211545347435,0.10285159582247251,0.9376211545347435,2.3,0.9565933902822119,0.07107250926518158,0.9565933902822119,4.54,0.9373068638174425,0.10231414309878681,0.9373068638174425,0.0,0.7196276130229692,0.28714062827733355,0.7196276130229692,20.8,0.9214802754204537,0.11579142634883396,0.9214802754204537,51.8,0.9532012044991167,0.07483922436132404,0.9532012044991167
61.2,0.943887967550976,0.09199462255355167,0.943887967550976,749.0,0.9281515635760227,0.11611877200040956,0.9281515635760227,50.0,0.9370180093911419,0.10346072820269964,0.9370180093911419,-1.6,0.9565346492396359,0.07117801613612819,0.9565346492396359,6.4,0.9376277185622152,0.10193124351280647,0.9376277185622152,12.0,0.7203950675215581,0.2871787270238071,0.7203950675215581,24.7,0.9220797347995978,0.11539638922131534,0.9220797347995978,56.1,0.9532012044991167,0.07483922436132404,0.9532012044991167
17.3,0.9437997071382108,0.09209835980602082,0.9437997071382108,1670.0,0.9284869089020175,0.11577647734903619,0.9284869089020175,65.0,0.9363330481313005,0.10421248159085124,0.9363330481313005,-1.6,0.9564656062966669,0.07127086138361856,0.9564656062966669,4.0,0.9380190103463985,0.10125087416125098,0.9380190103463985,22.0,0.719811828843834,0.2870908395078859,0.719811828843834,20.8,0.9219996167695494,0.11548000324094498,0.9219996167695494,61.2,0.9532894649118818,0.0747326850247283,0.9532894649118818
77.3,0.9436724780116185,0.09228649403489163,0.9436724780116185,2241.0,0.9284603514730623,0.11580423768621904,0.9284603514730623,68.0,0.9358998830277738,0.1045398873482653,0.9358998830277738,3.9,0.9563547449225326,0.07142660604995293,0.9563547449225326,20.19,0.9382099897505811,0.1010153078753425,0.9382099897505811,31.0,0.7188935367621113,0.28713895408448625,0.7188935367621113,26.7,0.9221396998160706,0.11530331948108563,0.9221396998160706,67.8,0.9530357041546839,0.07503732250742513,0.9530357041546839
83.9,0.9434835459012162,0.09254925396737221,0.9434835459012162,1655.0,0.9287826003142765,0.11522378871111963,0.9287826003142765,67.0,0.9355665062338918,0.1048537585192967,0.9355665062338918,-4.7,0.9563058958586514,0.07150659090233125,0.9563058958586514,21.09,0.9384991658448716,0.1006952167093882,0.9384991658448716,40.0,0.7177504576105439,0.28740501400301793,0.7177504576105439,34.1,0.9221905961737322,0.11525211663079633,0.9221905961737322,65.1,0.9530565596639994,0.07501769057919248,0.9530565596639994
80.8,0.943294613790814,0.0928119012648898,0.943294613790814,2113.0,0.9290630307243254,0.11470189857195215,0.9290630307243254,63.0,0.9356773676080263,0.10470572381101906,0.9356773676080263,3.9,0.9563324532876067,0.07147657205113497,0.9563324532876067,8.42,0.9383131956757034,0.10098245205980592,0.9383131956757034,42.0,0.717122367836746,0.2873198771489101,0.717122367836746,26.3,0.9220830060672751,0.11542522460303829,0.9220830060672751,67.5,0.9530565596639995,0.0750176905791925,0.9530565596639995
81.6,0.9430714937503516,0.0931956576863115,0.9430714937503516,1430.0,0.9289639019235736,0.1149107830834819,0.9289639019235736,67.0,0.9352931398373545,0.10552930691797703,0.9352931398373545,-4.7,0.9564649058330227,0.07122468893608704,0.9564649058330227,17.11,0.9383131956757034,0.1009824520598053,0.9383131956757034,43.0,0.7158768541342138,0.287712271951844,0.7158768541342138,32.5,0.9224084927953708,0.11471727840341353,0.9224084927953708,63.5,0.9529241071185834,0.07526807842448718,0.9529241071185834
85.5,0.9427910633403027,0.09373285081911546,0.9427910633403027,1416.0,0.9286834715135248,0.11543254707487294,0.9286834715135248,35.0,0.9349018480531712,0.10620566247725483,0.9349018480531712,-0.8,0.9563742383379761,0.07136761170909403,0.9563742383379761,17.78,0.9380509043662453,0.10131614291196454,0.9380509043662453,40.0,0.7151230244851436,0.28842179686152103,0.7151230244851436,32.9,0.9221567175701152,0.11528798155342558,0.9221567175701152,62.4,0.9526498765366501,0.0756716931876817,0.9526498765366501
61.6,0.943050745012311,0.09330013986157996,0.943050745012311,1859.0,0.9291165483480777,0.11454426504855966,0.9291165483480777,72.0,0.935153623278427,0.10562376382627905,0.935153623278427,5.5,0.9564329793805519,0.0712621356417656,0.9564329793805519,18.73,0.9377971436090473,0.10160807680581935,0.9377971436090473,41.0,0.7152221532858952,0.2882915316637374,0.7152221532858952,33.3,0.9217137821376635,0.11580053115843812,0.9217137821376635,69.4,0.9525592090416036,0.07581356862365105,0.9525592090416036
82.4,0.9431908280588321,0.09311533582561075,0.9431908280588321,2084.0,0.9292818568850677,0.11439916960145986,0.9292818568850677,68.0,0.9348313744372126,0.10621205059987446,0.9348313744372126,2.3,0.9561408163971203,0.07174964861443589,0.9561408163971203,25.87,0.9368604071239504,0.10294604772954759,0.9368604071239504,47.0,0.7158233365104616,0.2878172998738055,0.7158233365104616,35.3,0.9202350058430417,0.1182740616347478,0.9202350058430417,67.1,0.952907151126377,0.07526451660735302,0.952907151126377
68.2,0.9434139480992948,0.0927315062760297,0.9434139480992948,2350.0,0.9290882312668874,0.11459200027098729,0.9290882312668874,27.0,0.9345997930910449,0.10666400185976577,0.9345997930910449,-4.7,0.9564630652383347,0.07113469131842778,0.9564630652383347,24.7,0.936373713931142,0.10359470687471131,0.936373713931142,48.0,0.7156426667424653,0.28788149531700585,0.7156426667424653,34.5,0.9191840651131523,0.12053716835046537,0.9191840651131523,69.0,0.9530931212955454,0.07496717777046208,0.9530931212955454
56.9,0.9434139480992948,0.0927315062760297,0.9434139480992948,1560.0,0.9290882312668874,0.11459200027098729,0.9290882312668874,48.0,0.9344269527874529,0.10701511835176764,0.9344269527874529,-1.6,0.9567107383913128,0.07075804065584533,0.9567107383913128,13.0,0.9360523292753239,0.10409436803631066,0.9360523292753239,45.0,0.7162724047089539,0.28796851356439707,0.7162724047089539,30.6,0.919283193913904,0.12033134898876842,0.919283193913904,68.6,0.9532659615991372,0.07460245384754678,0.9532659615991372
20.4,0.9435046155943413,0.09259275795455993,0.9435046155943413,1137.0,0.928634923976699,0.11520417084926865,0.928634923976699,33.0,0.9343160914133185,0.10716264803623297,0.9343160914133185,0.0,0.9567107383913128,0.07075804065584533,0.9567107383913128,3.41,0.9360523292753239,0.10409436803631066,0.9360523292753239,42.0,0.7171249784346122,0.2879711158683172,0.7171249784346122,17.6,0.9193907840203611,0.12015942268620072,0.9193907840203611,60.4,0.9530062799271288,0.0750455004273209,0.9530062799271288
38.8,0.9428749427674852,0.09349650184861773,0.9428749427674852,783.0,0.9280491019831388,0.11604829716584046,0.9280491019831388,30.0,0.9342377113506074,0.10727049937017223,0.9342377113506074,-7.0,0.9573792588018062,0.06996961155946854,0.9573792588018062,4.25,0.9359275072310127,0.1042443185995303,0.9359275072310127,39.0,0.717797579882592,0.2880463990839571,0.717797579882592,20.4,0.9195205574306957,0.12005796092748572,0.9195205574306957,54.1,0.9530062799271287,0.0750455004273209,0.9530062799271287
35.3,0.9426433614213174,0.09395591679352519,0.9426433614213174,812.0,0.9280003548495129,0.1160826347513398,0.9280003548495129,32.0,0.9339154625093931,0.1078575704063701,0.9339154625093931,-3.9,0.9572885913067597,0.0701128027394565,0.9572885913067597,4.01,0.9359275072310127,0.1042443185995303,0.9359275072310127,32.0,0.7180498217167759,0.28811431968491436,0.7180498217167759,20.0,0.9200834551782938,0.11971365196009665,0.9200834551782938,56.9,0.9523194423353781,0.07628134130261367,0.9523194423353781
37.3,0.9422845509485573,0.09460260293794315,0.9422845509485573,799.0,0.9281863250186811,0.11580202413843549,0.9281863250186811,32.0,0.933750153972403,0.10800474981865968,0.933750153972403,-2.3,0.957036816081504,0.07071914910087193,0.957036816081504,4.21,0.9357780986933903,0.10448161550743192,0.9357780986933903,25.0,0.7182964445430876,0.2881808614643702,0.7182964445430876,20.4,0.9209010045460132,0.1189556363694635,0.9209010045460132,57.3,0.9521334721662099,0.07657815833391973,0.9521334721662099
38.4,0.9422845509485573,0.09460260293794251,0.9422845509485573,783.0,0.928606838475251,0.11510249012126021,0.928606838475251,37.0,0.933429121620369,0.1084349697323716,0.933429121620369,-2.3,0.9568874075438815,0.07096777521506853,0.9568874075438815,4.04,0.9360991310454244,0.10404876962821265,0.9360991310454244,18.0,0.7185374912384718,0.28824602563645596,0.7185374912384718,20.4,0.9208127441332481,0.11905383880700388,0.9208127441332481,59.2,0.9520825758085484,0.07663349769599141,0.9520825758085484
44.3,0.9421248405105418,0.09483052668317478,0.9421248405105418,1397.0,0.9288299585157135,0.11473056348949949,0.9288299585157135,27.0,0.9334878626629448,0.10833456964214752,0.9334878626629448,-3.9,0.9567549549984655,0.07121981388510681,0.9567549549984655,9.84,0.9367859686371751,0.10285622623317994,0.9367859686371751,25.0,0.7191717899193132,0.28832571967478865,0.7191717899193132,29.4,0.9204919913187307,0.11938225842457668,0.9204919913187307,63.1,0.9517468510537257,0.0768545353868427,0.9517468510537257
56.9,0.9414479838640999,0.09559041778737078,0.9414479838640999,1276.0,0.9290484099963051,0.11441026082269722,0.9290484099963051,58.0,0.9334878626629448,0.10833456964214752,0.9334878626629448,4.7,0.9571391827691373,0.07036159471587698,0.9571391827691373,12.24,0.9369804988465519,0.10267406699200593,0.9369804988465519,35.0,0.7200142740158761,0.2883228123201527,0.7200142740158761,30.2,0.9199341236230197,0.11972609822114234,0.9199341236230197,67.1,0.9514262951665412,0.077055767119167,0.9514262951665412
70.6,0.9407630226042586,0.09635216769775741,0.9407630226042586,1885.0,0.9293080916683133,0.11399039331434274,0.9293080916683133,55.0,0.9337448279262284,0.10809474612462264,0.9337448279262284,3.9,0.9573120230727292,0.06999437590187416,0.9573120230727292,19.78,0.9368485762121818,0.10279792819036639,0.9368485762121818,42.0,0.7206033960506927,0.2884077948986344,0.7206033960506927,31.0,0.9188597689781577,0.12105015327028171,0.9188597689781577,67.8,0.9507775908910966,0.07770930581403575,0.9507775908910966
47.1,0.9405033409322502,0.09678286138619287,0.9405033409322502,1427.0,0.9293963520810784,0.11389059446971829,0.9293963520810784,20.0,0.9342563730924662,0.10766216467136465,0.9342563730924662,0.8,0.9578559612814164,0.06889862974648867,0.9578559612814164,9.62,0.9367795332692126,0.10288631849289483,0.9367795332692126,41.0,0.7211781040215904,0.2884936635131643,0.7211781040215904,28.2,0.9187489076040232,0.12119310489345014,0.9187489076040232,66.7,0.9506667295169622,0.07786327489374699,0.9506667295169622
46.3,0.9395257594014166,0.0990510837498085,0.9395257594014166,812.0,0.929775947868427,0.1134158899372351,0.929775947868427,33.0,0.9348088818068917,0.10715565382555912,0.9348088818068917,-0.8,0.9580804452332767,0.06868258231414874,0.9580804452332767,4.42,0.9366303722961952,0.10306101365764651,0.9366303722961952,34.0,0.7222338608342486,0.2883047575108466,0.7222338608342486,20.4,0.9186506429886675,0.12131020633949872,0.9186506429886675,63.5,0.9507451095796734,0.0777507887702517,0.9507451095796734
51.0,0.9393026393609542,0.09943164905541174,0.9393026393609542,1047.0,0.930302652027432,0.11298364547600948,0.930302652027432,69.0,0.9351702326705466,0.1066894255835786,0.9351702326705466,7.0,0.9578915131228746,0.06895456953537654,0.9578915131228746,9.62,0.9364809637585729,0.10329870254430824,0.9364809637585729,36.0,0.7236133574869924,0.2876558441251169,0.7236133574869924,28.6,0.9188047553277084,0.12118562024728934,0.9188047553277084,65.9,0.9509340416900756,0.07748278198608344,0.9509340416900756
86.3,0.9390429576889459,0.0998607399676023,0.9390429576889459,1272.0,0.9303180132584382,0.11297328351615805,0.9303180132584382,68.0,0.935020824132924,0.10692611287217849,0.935020824132924,-2.3,0.9579652246257147,0.068807717928974,0.9579652246257147,16.19,0.9364809637585729,0.10329870254430824,0.9364809637585729,42.0,0.7238484696655187,0.28758013735100224,0.7238484696655187,32.5,0.9185243249176596,0.12169899833095317,0.9185243249176596,60.4,0.9508264515836184,0.07766638499368939,0.9508264515836184
77.3,0.938981254705136,0.09993452019258212,0.938981254705136,1462.0,0.9304671742314554,0.11280157673589729,0.9304671742314554,52.0,0.935020824132924,0.10692611287217849,0.935020824132924,-7.8,0.9578576345192575,0.06899378212253222,0.9578576345192575,14.54,0.936419260774763,0.10337201908559847,0.936419260774763,45.0,0.7235131243395241,0.28774632858557286,0.7235131243395241,31.4,0.9183995028733486,0.12184322341384834,0.9183995028733486,64.3,0.9509992918872104,0.07730308370362933,0.9509992918872104
58.8,0.9386224442323757,0.10057612998590909,0.9386224442323757,1477.0,0.9299404700724502,0.11323402337400398,0.9299404700724502,57.0,0.9352478356537242,0.10670551321725982,0.9352478356537242,-5.5,0.9579064835831388,0.068913527497553,0.9579064835831388,13.12,0.9366912664556544,0.1030664579049969,0.9366912664556544,43.0,0.7228574987044277,0.2882398996586724,0.7228574987044277,30.6,0.9186149924127059,0.12156724615779076,0.9186149924127059,68.2,0.9515334830544572,0.07645234267263742,0.9515334830544572
52.5,0.9385858826008301,0.1006247903042484,0.9385858826008301,1446.0,0.9297479907487229,0.11344454799399553,0.9297479907487229,20.0,0.9351861326699142,0.10677849051028539,0.9351861326699142,-5.5,0.9577792544565464,0.06910792194872445,0.9577792544565464,9.86,0.9371015159096862,0.10267251775664155,0.9371015159096862,42.0,0.7235731996102033,0.2880903143999356,0.7235731996102033,28.6,0.9187225825191631,0.12139561003957289,0.9187225825191631,67.8,0.9516607121810494,0.0762603178515161,0.9516607121810494
36.9,0.9382162807224315,0.10104422963126652,0.9382162807224315,914.0,0.9291748308676492,0.11451249521950228,0.9291748308676492,33.0,0.9351861326699142,0.10677849051028539,0.9351861326699142,3.1,0.9577526970275912,0.0691380578952153,0.9577526970275912,4.38,0.9367330848868198,0.10300638017624475,0.9367330848868198,40.0,0.7242151789172225,0.2877226479998589,0.7242151789172225,20.0,0.9183015258322812,0.12177667480339939,0.9183015258322812,57.3,0.9518101207186719,0.0760140018589639,0.9518101207186719
39.6,0.9376724717374696,0.10173217662377355,0.9376724717374696,790.0,0.9288052289892508,0.11492140426566014,0.9288052289892508,32.0,0.9353458431079298,0.10655452324754691,0.9353458431079298,-2.3,0.9575225097778653,0.06939837790501342,0.9575225097778653,4.52,0.9367764032375298,0.10296652042968661,0.9367764032375298,40.0,0.7238945842660215,0.28780436416236316,0.7238945842660215,20.8,0.9187293613970133,0.12157543680061585,0.9187293613970133,54.9,0.9521824017321516,0.07543985400933428,0.9521824017321516
38.8,0.9373920413274206,0.10226342215798301,0.9373920413274206,788.0,0.928417874888156,0.11529405378230989,0.928417874888156,32.0,0.9352382530014728,0.10673148234049595,0.9352382530014728,-2.3,0.9571019963212953,0.07014297404893921,0.9571019963212953,4.2,0.9369083258719,0.10284269474446647,0.9369083258719,42.0,0.7242299295920163,0.28763797166831256,0.7242299295920163,20.4,0.9192547477813012,0.12127175246896635,0.9192547477813012,56.9,0.9519286409749537,0.07574390291821953,0.9519286409749537
38.0,0.9377134259832389,0.10176231615569593,0.9377134259832389,782.0,0.9281297099052602,0.11552702132991592,0.9281297099052602,34.0,0.9353166330641839,0.1066234510711204,0.9353166330641839,-2.3,0.9570402933374853,0.07022033912708907,0.9570402933374853,4.16,0.9374119855224443,0.1024081925983303,0.9374119855224443,44.0,0.7248392466726539,0.2877134569762724,0.7248392466726539,20.4,0.9198440588011693,0.12088341388727321,0.9198440588011693,58.0,0.9516482105649048,0.07629180210879821,0.9516482105649048
36.5,0.9379358503123827,0.10157602426789612,0.9379358503123827,797.0,0.9278492794952113,0.11604806811502665,0.9278492794952113,32.0,0.9354894733677758,0.10627189028894503,0.9354894733677758,-2.3,0.9568543231683171,0.07051995293178716,0.9568543231683171,4.19,0.9375345211412586,0.10229956112357169,0.9375345211412586,46.0,0.7248392466726539,0.2877134569762724,0.7248392466726539,20.4,0.9201063501106275,0.12056288789735027,0.9201063501106275,55.7,0.9521596674621688,0.0752482443639599,0.9521596674621688
38.0,0.9377469182019805,0.10183508997440738,0.9377469182019805,774.0,0.9279183224381804,0.11596164502489649,0.9279183224381804,27.0,0.9356388819053981,0.1060349627785668,0.9356388819053981,-2.3,0.9565805466126979,0.07070606692204487,0.9565805466126979,4.32,0.9376129012039698,0.10219085024211856,0.9376129012039698,48.0,0.724269779491069,0.2876317127436627,0.724269779491069,20.4,0.9197571076938204,0.1209078866991462,0.9197571076938204,57.6,0.952292120007585,0.07499807138466491,0.952292120007585
42.4,0.9375284667213891,0.10216182318817438,0.9375284667213891,1597.0,0.9284525136054271,0.11515592870218057,0.9284525136054271,32.0,0.9352058050708454,0.10693416923470378,0.9352058050708454,4.7,0.9561268100067186,0.07110213400233956,0.9561268100067186,10.56,0.936608762244181,0.10447421942617498,0.936608762244181,48.0,0.7233233596728779,0.28772152398705875,0.7233233596728779,29.0,0.918845547832738,0.12186763519842832,0.918845547832738,60.0,0.952292120007585,0.07499807138466491,0.952292120007585
36.1,0.937636056827846,0.10198384633838657,0.937636056827846,728.0,0.9293318305209051,0.11305344735361339,0.9293318305209051,36.0,0.93454960819583,0.10868105421066585,0.93454960819583,6.2,0.9553427199461255,0.07211540831281904,0.9553427199461255,4.19,0.9360648240354936,0.1055232293129438,0.9360648240354936,46.0,0.7228665271496137,0.28799316672603437,0.7228665271496137,20.8,0.9185245154807039,0.12228494677181095,0.9185245154807039,65.1,0.9519008282234016,0.075700860843965,0.9519008282234016
37.3,0.9377050997708151,0.1018952949106588,0.9377050997708151,824.0,0.9295549505613675,0.11268069530749679,0.9295549505613675,31.0,0.9352795165736855,0.10679404310689616,0.9352795165736855,3.1,0.9553915690100067,0.07203554250739815,0.9553915690100067,4.44,0.9359911125326534,0.10566358730738754,0.9359911125326534,45.0,0.7229082817107614,0.2879858426476809,0.7229082817107614,20.4,0.9182440850706549,0.12279781002516356,0.9182440850706549,52.9,0.9516086652399701,0.07618449379586775,0.9516086652399701
38.0,0.9385425982551275,0.09981764338206597,0.9385425982551275,808.0,0.9299880273959205,0.11179019706630608,0.9299880273959205,31.0,0.9347680596764213,0.10780039316140991,0.9347680596764213,-3.1,0.9553178575071666,0.07218172202955489,0.9553178575071666,4.34,0.9357595311864856,0.10611630034091728,0.9357595311864856,33.67243525896414,0.7225550881806508,0.287965200894298,0.7225550881806508,20.4,0.9182440850706549,0.12279781002516356,0.9182440850706549,56.9,0.951667406282546,0.07607988440937306,0.951667406282546
36.5,0.9385914473190087,0.09974075466810499,0.9385914473190087,805.0,0.930211147436383,0.11141684049710844,0.930211147436383,35.0,0.9349493612857186,0.1074836420553482,0.9349493612857186,-3.1,0.9552102674007095,0.07236684920894286,0.9552102674007095,4.18,0.9354340444583898,0.10683865240430886,0.9354340444583898,41.0,0.7220364434173386,0.28818597952836644,0.7220364434173386,20.4,0.9178110082361022,0.1236705426706684,0.9178110082361022,55.3,0.9515349537371299,0.07632972899198374,0.9515349537371299
43.1,0.9385177358161687,0.09988199046771493,0.9385177358161687,1412.0,0.9303971176055512,0.11113451802073457,0.9303971176055512,47.0,0.9345337619215287,0.10807306658334825,0.9345337619215287,4.7,0.9552427487121329,0.07232496346637059,0.9552427487121329,8.74,0.9351117956171756,0.10742671895687957,0.9351117956171756,43.0,0.7214632835362647,0.28884072988381415,0.7214632835362647,24.7,0.9177034181296452,0.12384171356269032,0.9177034181296452,69.4,0.9513621134335379,0.07669342758092368,0.9513621134335379
51.0,0.9383929137718576,0.10003296930001244,0.9383929137718576,1416.0,0.9302304771300749,0.11134167743368376,0.9302304771300749,47.0,0.9342644000258772,0.1082304529005091,0.9342644000258772,-3.9,0.9552793103436785,0.07227421854132875,0.9552793103436785,10.73,0.9351495035431745,0.10739590600034338,0.9351495035431745,42.0,0.7222519329566961,0.2875507504427632,0.7222519329566961,29.0,0.9171780317453573,0.12414317959646988,0.9171780317453573,68.2,0.9514358249363782,0.07654824909138443,0.9514358249363782
62.4,0.9380548886136859,0.10043003273804745,0.9380548886136859,1395.0,0.9307325315538891,0.11069162767013882,0.9307325315538891,59.0,0.9341280500846867,0.10829132144477692,0.9341280500846867,0.8,0.9554117628890946,0.07202274517948713,0.9554117628890946,13.75,0.934877497862283,0.10769960616914857,0.934877497862283,43.0,0.7225899581148678,0.28735171113970087,0.7225899581148678,31.0,0.9162563235249992,0.12509808838493666,0.9162563235249992,67.1,0.9513621134335379,0.07669342758092368,0.9513621134335379
70.2,0.9376542048215823,0.10071992521167232,0.9376542048215823,1462.0,0.9312192247466975,0.11005123599458454,0.9312192247466975,20.0,0.9342552792112789,0.10810752260303456,0.9342552792112789,0.8,0.9550862761609988,0.07277342246238444,0.9550862761609988,15.22,0.9339407613771861,0.10902667051762173,0.9339407613771861,45.0,0.7226975482213249,0.2872482815126662,0.7226975482213249,31.8,0.9154287993168583,0.12584738155816438,0.9154287993168583,65.5,0.951229660888122,0.07694309978750852,0.951229660888122
43.9,0.9376542048215823,0.10071992521167232,0.9376542048215823,871.0,0.9316941200124158,0.10909830201097016,0.9316941200124158,33.0,0.93433365927399,0.1079997391254284,0.93433365927399,1.6,0.9548678246804073,0.07311371506789972,0.9548678246804073,4.34,0.9336810797051776,0.10945032867732105,0.9336810797051776,33.67243525896414,0.7226975482213248,0.2872482815126661,0.7226975482213248,20.8,0.9152428291476901,0.12612145149189585,0.9152428291476901,65.9,0.9505245783726777,0.078190430826431,0.9505245783726777
38.4,0.9377030538854636,0.10064316612028153,0.9377030538854636,761.0,0.9319284177673083,0.10882687962912412,0.9319284177673083,33.0,0.9342749182314143,0.10810026358877918,0.9342749182314143,-3.9,0.9547795642676422,0.07322060335670122,0.9547795642676422,4.34,0.9332061844394596,0.1104053538972204,0.9332061844394596,10.0,0.722010710629574,0.28795325742648975,0.722010710629574,20.8,0.914643111837661,0.12718950565779538,0.914643111837661,55.7,0.9502023295314634,0.07879887805158495,0.9502023295314634
37.6,0.9375782318411525,0.10079388947972942,0.9375782318411525,797.0,0.931901860338353,0.1088549654137734,0.931901860338353,33.0,0.934027560568289,0.10835670351871828,0.934027560568289,0.8,0.9550537948495754,0.07281528528637408,0.9550537948495754,4.32,0.9327528771492708,0.11102276741094615,0.9327528771492708,2.0,0.7214411041252347,0.2884283563177608,0.7214411041252347,20.4,0.9141717020234292,0.12792132629838757,0.9141717020234292,56.1,0.9502023295314634,0.07879887805158495,0.9502023295314634
34.1,0.9370615849058608,0.10146456728099391,0.9370615849058608,820.0,0.9316382871860072,0.1091219747921366,0.9316382871860072,33.0,0.9335501558796654,0.10873177005427927,0.9335501558796654,-1.6,0.955325800530467,0.07249375928563362,0.955325800530467,3.91,0.9322242303559318,0.1115917722993495,0.9322242303559318,0.0,0.7207633830062469,0.28854164306079777,0.7207633830062469,20.0,0.9135589226342842,0.12860594483381294,0.9135589226342842,58.0,0.9500210279221663,0.0791269455257914,0.9500210279221663
38.8,0.9371203259484366,0.10136328655042662,0.9371203259484366,795.0,0.9313128004579113,0.10983976839719914,0.9313128004579113,34.0,0.9328421501113631,0.10948405424736168,0.9328421501113631,-2.3,0.9554164680255135,0.07235111490031144,0.9554164680255135,4.39,0.9320750693829145,0.11176406518630141,0.9320750693829145,0.0,0.7198516688595826,0.28927329689024356,0.7198516688595826,20.4,0.9135171042031187,0.1286631339663523,0.9135171042031187,54.1,0.9502930336030577,0.07880913960032146,0.9502930336030577
40.8,0.9370785075172713,0.1014234662394983,0.9370785075172713,813.0,0.9310610252326557,0.11041790257421075,0.9310610252326557,32.0,0.9331141557922543,0.10918167197616621,0.9331141557922543,-2.3,0.9556761496975217,0.07190611252453444,0.9556761496975217,4.17,0.9325499646486329,0.11081102545241012,0.9325499646486329,0.0,0.7197700842907857,0.28929328613270416,0.7197700842907857,20.4,0.9136571872496398,0.12849042134910252,0.9136571872496398,57.3,0.9505354063548639,0.07856615636545357,0.9505354063548639
38.0,0.9373811173383503,0.10105504047842429,0.9373811173383503,813.0,0.9314815386892256,0.10971344686501776,0.9314815386892256,31.0,0.9336837622965939,0.10833944760845449,0.9336837622965939,-1.6,0.9553839867140901,0.07239300826578406,0.9553839867140901,4.39,0.9325499646486328,0.11081102545241009,0.9325499646486328,0.0,0.7203495407944177,0.28924415641044005,0.7203495407944177,20.4,0.9133364344351227,0.128812327936879,0.9133364344351227,56.9,0.9508896470022563,0.07814266897623792,0.9508896470022563
38.4,0.9378379498616143,0.10051610569018941,0.9378379498616143,808.0,0.9319881551527127,0.10915486292794112,0.9319881551527127,33.0,0.9341542400001817,0.10770706683752153,0.9341542400001817,2.3,0.9554258051452555,0.07233020720375001,0.9554258051452555,4.13,0.9326490934493846,0.11060080439248947,0.9326490934493846,0.0,0.7201170749939922,0.28918167712979453,0.7201170749939922,20.4,0.9127637295312947,0.12914895661996162,0.9127637295312947,56.9,0.9512276721604279,0.07773126851544371,0.9512276721604279
38.8,0.9385053244510597,0.09933503465516037,0.9385053244510597,808.0,0.9322517283050585,0.10888773942627852,0.9322517283050585,34.0,0.934788534265644,0.10709218864652287,0.934788534265644,2.3,0.9549142599790177,0.07279415568031702,0.9549142599790177,4.29,0.9330333212200562,0.10978188331275995,0.9330333212200562,0.0,0.7196458091101585,0.2890894219974336,0.7196458091101585,20.4,0.912218723289342,0.12944803512473607,0.912218723289342,56.5,0.9514996778413193,0.07741260245046322,0.9514996778413193
40.0,0.9384425430980445,0.09939170693423313,0.9384425430980445,806.0,0.9318527019480285,0.10927076734125299,0.9318527019480285,35.0,0.9348156963153141,0.10707553965809088,0.9348156963153141,3.9,0.9543461877953474,0.07334024717123135,0.9543461877953474,4.49,0.9327815459948006,0.11036121108213214,0.9327815459948006,0.0,0.7188342627461981,0.2890752437230109,0.7188342627461981,20.8,0.9115581501699607,0.12988788770317944,0.9115581501699607,52.5,0.9511200820539708,0.07791490553048462,0.9511200820539708
34.9,0.9385407397881524,0.09930713644488375,0.9385407397881524,803.0,0.9312611508846994,0.10997407273873466,0.9312611508846994,34.0,0.9344950073708144,0.10738077204269307,0.9344950073708144,5.5,0.9538194836363422,0.07380881420482786,0.9538194836363422,4.22,0.9335656360553937,0.10940682380566348,0.9335656360553937,0.0,0.7182162626014954,0.2889924757518086,0.7182162626014954,20.4,0.9119844255344494,0.12970724927883046,0.9119844255344494,57.6,0.9512694905915933,0.07766900296599787,0.9512694905915933
67.8,0.9386208578182007,0.09922028502322033,0.9386208578182007,1092.0,0.9313029693158649,0.10991470696399151,0.9313029693158649,57.0,0.9341037155866311,0.10805569954884274,0.9341037155866311,-3.1,0.9538703799940037,0.07375320823115016,0.9538703799940037,10.15,0.9338577990388253,0.10894365046224506,0.9338577990388253,16.0,0.7182162626014954,0.2889924757518086,0.7182162626014954,28.2,0.9122317831975746,0.12946402131001575,0.9122317831975746,58.0,0.9514814329176257,0.07742800335528927,0.9514814329176257
18.0,0.9395001747336785,0.09707749564090738,0.9395001747336785,1571.0,0.9309306883023852,0.11046117064485798,0.9309306883023852,56.0,0.9340300040837911,0.10819552876541019,0.9340300040837911,3.9,0.953811638951428,0.07385822478582349,0.953811638951428,11.35,0.93381598060766,0.1090032496283784,0.93381598060766,24.0,0.7182162626014954,0.2889924757518086,0.7182162626014954,29.8,0.9121191838561032,0.1295830228927815,0.9121191838561032,63.1,0.9513943126359042,0.07751265549489127,0.9513943126359042
18.4,0.9396326272790946,0.0968340061188455,0.9396326272790946,1616.0,0.9309823191286984,0.11042244865703409,0.9309823191286984,31.0,0.9338805955461685,0.10843164490863608,0.9338805955461685,9.4,0.953919229057885,0.07367356075420933,0.953919229057885,3.93,0.9341882616211398,0.10845423836852672,0.9341882616211398,19.0,0.7188071006965279,0.28907951527573855,0.7188071006965279,20.8,0.9122908076705148,0.12939820027814156,0.9122908076705148,62.0,0.9511200820539708,0.07791490553048462,0.9511200820539708
38.4,0.9398642086252623,0.09637691514858897,0.9398642086252623,802.0,0.9309405006975331,0.1104817677847231,0.9309405006975331,33.0,0.9336686532201363,0.10866050504759117,0.9336686532201363,-3.1,0.9538285615628385,0.07381583434703032,0.9538285615628385,4.26,0.9343376701587621,0.10821803663544734,0.9343376701587621,5.0,0.7189343298231203,0.28897789431109977,0.7189343298231203,20.4,0.9122419586066338,0.12947105120846158,0.9122419586066338,52.9,0.9510613410113951,0.07801933601629091,0.9510613410113951
34.9,0.9400370489288543,0.09602156992229784,0.9400370489288543,796.0,0.9308351354921179,0.11057554135506177,0.9308351354921179,31.0,0.933420980067158,0.10901713414351885,0.933420980067158,-3.9,0.953988272000854,0.07358116400068387,0.953988272000854,4.13,0.9345286495629448,0.10798498086588605,0.9345286495629448,0.0,0.7192762176844698,0.2887391315563431,0.7192762176844698,20.4,0.9122419586066338,0.12947105120846097,0.9122419586066338,55.3,0.9511101900752761,0.07794016447779882,0.9511101900752761
38.8,0.9398445696051272,0.0962384113491852,0.9398445696051272,806.0,0.9308351354921179,0.11057554135506052,0.9308351354921179,34.0,0.9333218512664062,0.10922771684301187,0.9333218512664062,1.6,0.9538388634632317,0.07382847933053205,0.9538388634632317,4.37,0.9348028801448781,0.10759936013826996,0.9348028801448781,0.0,0.7188393988035238,0.2888803476196817,0.7188393988035238,20.4,0.912330219019399,0.12937498403195835,0.912330219019399,56.1,0.9509829609486837,0.07813184168897849,0.9509829609486837
37.3,0.940017409908719,0.09588304881603552,0.940017409908719,819.0,0.9302911972834306,0.11161376506362654,0.9302911972834306,32.0,0.9336022816764551,0.10870113604464557,0.9336022816764551,1.6,0.9534800529904717,0.0744912650305097,0.9534800529904717,4.01,0.9349353326902942,0.10735871587530373,0.9349353326902942,0.0,0.7176526579024042,0.2903665827259017,0.7176526579024042,20.4,0.9111302131594214,0.13170645763425823,0.9111302131594214,55.3,0.9513671887193554,0.07728193673946102,0.9513671887193554
36.5,0.9398647634842152,0.09625733712328621,0.9398647634842152,792.0,0.9299657105553348,0.11232953825506163,0.9299657105553348,33.0,0.9338540569017109,0.108120798591948,0.9338540569017109,1.6,0.9529634060551796,0.07518944518122944,0.9529634060551796,4.38,0.9349353326902942,0.10735871587530373,0.9349353326902942,0.0,0.717052940592375,0.2910260447542438,0.717052940592375,20.4,0.9100365632054873,0.1330038330051055,0.9100365632054873,56.1,0.9512981457763864,0.07737378173692676,0.9512981457763864
38.4,0.9402560552683985,0.0955727802852693,0.9402560552683985,792.0,0.9296434617141206,0.11291183158904257,0.9296434617141206,28.0,0.9341344873117599,0.10759354780012764,0.9341344873117599,6.2,0.9523805588585368,0.07573825053856319,0.9523805588585368,4.36,0.9351584527307566,0.1069820314897906,0.9351584527307566,0.0,0.7156665182871248,0.291650365652178,0.7156665182871248,20.4,0.9090909288696158,0.13394378953443775,0.9090909288696158,57.6,0.9509767611205682,0.0778913926548844,0.9509767611205682
38.4,0.9404449873788007,0.09531165356685774,0.9404449873788007,786.0,0.9295972924824164,0.11294303766282546,0.9295972924824164,33.0,0.9337502595410881,0.10841444254377396,0.9337502595410881,-0.8,0.9523317097946555,0.07581765145558104,0.9523317097946555,4.37,0.9352660428372137,0.10680511841536464,0.9352660428372137,0.0,0.7148223281659005,0.2916447002279993,0.7148223281659005,20.4,0.9079880896650858,0.13523605327845853,0.9079880896650858,57.6,0.950783135502388,0.07809725968526855,0.950783135502388
37.3,0.9405233674415119,0.09520196982012345,0.9405233674415119,792.0,0.9299815202530882,0.11212806187047972,0.9299815202530882,34.0,0.9334580965576567,0.10887772026657824,0.9334580965576567,1.6,0.9523317097946556,0.07581765145558106,0.9523317097946556,4.41,0.9344285443529012,0.1088686298310102,0.9344285443529012,0.0,0.7134325037301877,0.2922612638652387,0.7134325037301877,20.4,0.9064763405021287,0.1376398570679526,0.9064763405021287,55.7,0.9507539138300013,0.07813207049351847,0.9507539138300013
35.7,0.9407122995519139,0.09494068347401867,0.9407122995519139,786.0,0.9304145970876411,0.11123684966107027,0.9304145970876411,33.0,0.9334162781264912,0.10893729269891494,0.9334162781264912,-3.1,0.9528483567299476,0.0751203287131618,0.9528483567299476,4.44,0.9340562633394215,0.1094176394975404,0.9340562633394215,0.0,0.7127948226419335,0.2921735324011949,0.7127948226419335,20.8,0.9055172391146891,0.13857182109880564,0.9055172391146891,55.7,0.950913624268017,0.07789896133536603,0.950913624268017
39.6,0.9405628910142915,0.09518084110285985,0.9405628910142915,789.0,0.9312032465080725,0.10926087634133701,0.9312032465080725,34.0,0.9330948934706729,0.10943331069199798,0.9330948934706729,-4.7,0.9531509665510266,0.0747362582763901,0.9531509665510266,4.05,0.933945401965287,0.10956481542300897,0.933945401965287,0.0,0.7119130921917568,0.2921825763107886,0.7119130921917568,20.4,0.905082176748194,0.13914031766527546,0.905082176748194,55.7,0.9504665533824916,0.07866384581266236,0.9504665533824916
38.0,0.9408851398555059,0.0945847218067888,0.9408851398555059,810.0,0.9312032465080725,0.10926087634133701,0.9312032465080725,35.0,0.9327738611186388,0.10986268495281237,0.9327738611186388,0.0,0.9532416340460731,0.07459418327105631,0.9532416340460731,4.22,0.9341013196574685,0.10940037622800738,0.9341013196574685,0.0,0.711062176023621,0.2921704945875434,0.711062176023621,20.4,0.9052313377212113,0.13897857659782897,0.9052313377212113,57.6,0.9503171448448693,0.07890936379782147,0.9503171448448693
39.6,0.941017592400922,0.09434048215782138,0.941017592400922,800.0,0.9312769580109125,0.10912160636055306,0.9312769580109125,33.0,0.9332487563843571,0.10890787770968235,0.9332487563843571,0.0,0.9529494710626415,0.07507890226486448,0.9529494710626415,4.24,0.933988720315997,0.1095254068793697,0.933988720315997,0.0,0.7099911508173711,0.292332599067101,0.7099911508173711,20.4,0.9052731561523767,0.13892249002452406,0.9052731561523767,55.7,0.9498457350306376,0.07969871110391959,0.9498457350306376
39.6,0.9406453113874421,0.09489972189758515,0.9406453113874421,776.0,0.9309290159261391,0.10964427882822896,0.9309290159261391,34.0,0.933307497426933,0.1088075294217352,0.933307497426933,1.6,0.9527807662121232,0.07522734470061128,0.9527807662121232,4.53,0.9342404955412527,0.10894502721581438,0.9342404955412527,0.0,0.7090260675248877,0.2923932847207112,0.7090260675248877,20.8,0.9052731561523767,0.13892249002452345,0.9052731561523767,54.9,0.9498457350306376,0.07969871110392021,0.9498457350306376
37.6,0.9406941604513233,0.09482238228374447,0.9406941604513233,788.0,0.9308801668622578,0.10971993502930447,0.9308801668622578,34.0,0.9333074974269331,0.10880752942173522,0.9333074974269331,-3.1,0.9527006481820749,0.07531777763796929,0.9527006481820749,4.34,0.9342233251278536,0.10895794702472211,0.9342233251278536,0.0,0.7076262684647681,0.2929908298458347,0.7076262684647681,20.4,0.905192129875668,0.13898719349210698,0.905192129875668,59.2,0.9497720235277975,0.07984338261723298,0.9497720235277975
38.8,0.940371911610109,0.09541828597034965,0.940371911610109,801.0,0.9310690989726601,0.10946466784703152,0.9310690989726601,34.0,0.9332317635782195,0.10886951071146007,0.9332317635782195,-4.7,0.952700648182075,0.07531777763797057,0.952700648182075,4.42,0.9348256834240326,0.10824602572982503,0.9348256834240326,0.0,0.7066090673983828,0.2930882125393545,0.7066090673983828,20.4,0.9055452275928049,0.13871809446061478,0.9055452275928049,58.0,0.9500036048739653,0.07937670543848531,0.9500036048739653
36.9,0.9399876838394372,0.09625022813962766,0.9399876838394372,808.0,0.9307705294620204,0.10987202670011947,0.9307705294620204,33.0,0.9332642448896427,0.10882997374289845,0.9332642448896427,0.8,0.9527424666132404,0.07525529916043854,0.9527424666132404,4.15,0.9351979644375122,0.1076960256207812,0.9351979644375122,0.0,0.7054577930640542,0.29332160653081873,0.7054577930640542,20.4,0.9056700496371157,0.13857868061700246,0.9056700496371157,57.3,0.9502190944133229,0.07907966610421807,0.9502190944133229
36.9,0.9399876838394372,0.09625022813962641,0.9399876838394372,799.0,0.930536231707128,0.11014278063585488,0.930536231707128,34.0,0.9331394228453317,0.1089787614142578,0.9331394228453317,1.6,0.9527424666132404,0.075255299160436,0.9527424666132404,4.24,0.934925958756621,0.10799965747951198,0.934925958756621,0.0,0.7043049069615573,0.29355213798385715,0.7043049069615573,20.4,0.9050144240020194,0.1394227647267372,0.9050144240020194,55.3,0.9501772759821575,0.0791417932698223,0.9501772759821575
38.0,0.9402681142494862,0.09571554891736003,0.9402681142494862,801.0,0.9306438218135848,0.10996722931053415,0.9306438218135848,34.0,0.933041158229976,0.10909938642034792,0.933041158229976,2.3,0.9523443751325522,0.0757117467457903,0.9523443751325522,4.13,0.9345346669724376,0.108674678813981,0.9345346669724376,0.0,0.7024942210718357,0.2948751628107783,0.7024942210718357,20.4,0.9038983218708748,0.14070258172024525,0.9038983218708748,56.9,0.9499052703012661,0.07945945974646848,0.9499052703012661
37.6,0.9403418257523262,0.09557369386934501,0.9403418257523262,796.0,0.9308836502816487,0.10965997777921627,0.9308836502816487,34.0,0.9328585562886452,0.10924665585409336,0.9328585562886452,2.3,0.9517544118996835,0.07626232483449807,0.9517544118996835,3.99,0.9344439994773911,0.10881037766669156,0.9344439994773911,0.0,0.7014705904495063,0.29496078408086307,0.7014705904495063,20.4,0.903162157229958,0.14120287483742525,0.903162157229958,57.6,0.9497558617636438,0.0797046929716211,0.9497558617636438
61.6,0.9401298834262938,0.09580737519940195,0.9401298834262938,1333.0,0.9309573617844888,0.10952079313326789,0.9309573617844888,54.0,0.9321505505203429,0.10999786925939989,0.9321505505203429,4.7,0.9517544118996835,0.07626232483449807,0.9517544118996835,14.02,0.9344439994773911,0.10881037766669156,0.9344439994773911,13.0,0.6996567249176673,0.2962676448928359,0.6996567249176673,31.4,0.9021901831447927,0.1421279019924178,0.9021901831447927,62.7,0.9491827018825697,0.08081897679491266,0.9491827018825697
66.7,0.940083081656193,0.09585362493914522,0.940083081656193,2752.0,0.9301687123640575,0.11149597517371312,0.9301687123640575,57.0,0.9313361219775323,0.11096000511322074,0.9313361219775323,3.9,0.9517544118996835,0.07626232483449807,0.9517544118996835,9.11,0.9344439994773911,0.10881037766669156,0.9344439994773911,22.0,0.6983983505413083,0.2966054668023882,0.6983983505413083,27.1,0.9014679302159493,0.14326556515842748,0.9014679302159493,69.8,0.9483542107291597,0.08183201381013622,0.9483542107291597
76.1,0.9399047669360369,0.09602601122524199,0.9399047669360369,2139.0,0.9300611222576005,0.11167124705623983,0.9300611222576005,22.0,0.9308612267118141,0.11191158070069576,0.9308612267118141,-3.9,0.9517544118996835,0.07626232483449807,0.9517544118996835,24.6,0.9341185127492952,0.1095306715859383,0.9341185127492952,32.0,0.6965813396500424,0.2978945124877513,0.6965813396500424,34.9,0.9012082485439409,0.14366247938476154,0.9012082485439409,67.8,0.9478603380735339,0.08264015044200974,0.9478603380735339
29.4,0.9396649384679732,0.09634026497412115,0.9396649384679732,1566.0,0.9299535321511435,0.11184647540388769,0.9299535321511435,53.0,0.9309688168182711,0.11173616361690952,0.9309688168182711,4.7,0.9520757965555018,0.07574369766499481,0.9520757965555018,10.07,0.9342913530528871,0.10918014949313415,0.9342913530528871,34.0,0.6947627687055963,0.2991722556686834,0.6947627687055963,29.4,0.9014600237691967,0.1431141109255143,0.9014600237691967,74.9,0.9475681750901022,0.0831193932864179,0.9475681750901022
61.2,0.9396061974253972,0.09644216919723636,0.9396061974253972,1741.0,0.9301263724547354,0.1114981274315084,0.9301263724547354,61.0,0.9312492472283201,0.11121183127568711,0.9312492472283201,-3.9,0.9520020850526617,0.07588904408029407,0.9520020850526617,16.09,0.9342913530528871,0.10918014949313415,0.9342913530528871,41.0,0.6933470676559633,0.299714980608118,0.6933470676559633,32.2,0.9015337352720367,0.1429826186986636,0.9015337352720367,68.6,0.9475094340475263,0.08322307511591245,0.9475094340475263
23.1,0.9396061974253972,0.09644216919723511,0.9396061974253972,1803.0,0.9298371963604448,0.11181144722353033,0.9298371963604448,70.0,0.9311758880292642,0.1112847691617805,0.9311758880292642,8.6,0.9518944949462047,0.07607305312323326,0.9518944949462047,4.66,0.934350094095463,0.10907969091736663,0.934350094095463,42.0,0.6928415372084684,0.29959258090614765,0.6928415372084684,22.4,0.9016831438096591,0.14276162884711543,0.9016831438096591,56.5,0.9479843293132446,0.08223808699377742,0.9479843293132446
89.4,0.9399316841534929,0.0957126642384983,0.9399316841534929,1470.0,0.9299620184047557,0.11166366963053609,0.9299620184047557,74.0,0.9307131539229878,0.11161594376868515,0.9307131539229878,3.9,0.9517620424007884,0.07632296333624085,0.9517620424007884,19.92,0.934630524505512,0.10855241346725873,0.934630524505512,48.0,0.691934214091041,0.2995623197891038,0.691934214091041,34.1,0.901855984113251,0.14243107819997958,0.901855984113251,61.6,0.9485812391204868,0.0816914475859322,0.9485812391204868
89.4,0.9399993414329093,0.09564755651019628,0.9399993414329093,1656.0,0.931053277646266,0.10932630278789715,0.931053277646266,53.0,0.9301692157143007,0.11265340635813809,0.9301692157143007,-5.5,0.9519146888252925,0.07594034744895817,0.9519146888252925,22.09,0.9347187849182771,0.10845140592040912,0.9347187849182771,52.0,0.6906665531192459,0.299875247534536,0.6906665531192459,34.5,0.9013810888475329,0.14333230439950442,0.9013810888475329,63.5,0.9490114919153398,0.08137848377692836,0.9490114919153398
60.8,0.9399406003903333,0.09574954457429917,0.9399406003903333,1770.0,0.9315799818052711,0.10889097497381832,0.9315799818052711,43.0,0.929946095673838,0.11302644706805812,0.929946095673838,7.0,0.9519635378891736,0.07586099100234699,0.9519635378891736,5.81,0.9349000865275743,0.1081347999851655,0.9349000865275743,52.0,0.6896289540671955,0.29993239708527203,0.6896289540671955,23.1,0.9014548003503728,0.14320084357804247,0.9014548003503728,68.6,0.9491831157297514,0.08117553569612297,0.9491831157297514
62.7,0.9400143118931735,0.0956077468272649,0.9400143118931735,1434.0,0.9318069933260712,0.10867185712262953,0.9318069933260712,47.0,0.930081157856704,0.11288167969332227,0.930081157856704,0.0,0.9520626666899253,0.07564226930457665,0.9520626666899253,13.39,0.9347924964211173,0.10831148118821093,0.9347924964211173,53.0,0.6878011940410371,0.3011730204295729,0.6878011940410371,30.6,0.9012688301812046,0.14346636231256923,0.9012688301812046,66.7,0.9489208244202932,0.08151921696664687,0.9489208244202932
59.2,0.9399654628292924,0.09568498261163405,0.9399654628292924,1461.0,0.931679764199479,0.10885501991716956,0.931679764199479,64.0,0.9308035736349886,0.1121302701928553,0.9308035736349886,6.2,0.95140646981491,0.0774449129644986,0.95140646981491,12.74,0.9345693763806547,0.108687680828268,0.9345693763806547,53.0,0.685971930252785,0.302402272464811,0.685971930252785,30.2,0.9011161837567007,0.14381584908339598,0.9011161837567007,67.5,0.9488132343138362,0.08170193640754804,0.9488132343138362
83.1,0.93974234278883,0.09606654709436031,0.93974234278883,1454.0,0.9318657343686472,0.10857167016879958,0.9318657343686472,66.0,0.9308035736349886,0.11213027019285471,0.9308035736349886,-0.8,0.9520061871249391,0.07629602855727592,0.9520061871249391,17.69,0.9346182254445358,0.10861162530598795,0.9346182254445358,52.0,0.6847719243928074,0.303753407493352,0.6847719243928074,32.9,0.9011749247992766,0.14372171164711517,0.9011749247992766,63.1,0.9491974620845081,0.08085555970096092,0.9491974620845081
67.5,0.9396098902434139,0.09631017640895931,0.9396098902434139,1377.0,0.932038574672239,0.10822191324818407,0.932038574672239,53.0,0.9304616857736391,0.11257572117222549,0.9304616857736391,-3.1,0.9518985970184821,0.07647999247211755,0.9518985970184821,13.95,0.9350532878110309,0.10800607931908712,0.9350532878110309,48.0,0.6840180947437372,0.30438747251374915,0.6840180947437372,31.0,0.9014225979522547,0.1433889715006218,0.9014225979522547,65.5,0.9491387210419322,0.0809595776182797,0.9491387210419322
69.0,0.9395107614426622,0.09652364910690299,0.9395107614426622,1327.0,0.932038574672239,0.10822191324818407,0.932038574672239,69.0,0.9304198673424737,0.11263490479998918,0.9304198673424737,5.5,0.9518567785873168,0.07654235595150274,0.9518567785873168,13.36,0.9363010357493752,0.10554801985254478,0.9363010357493752,51.0,0.6833581558223286,0.3046887238137357,0.6833581558223286,31.0,0.9015550504976708,0.14316328674694942,0.9015550504976708,64.3,0.9494010123513902,0.08061565245147179,0.9494010123513902
76.5,0.9387808530648065,0.09842793559332723,0.9387808530648065,1419.0,0.932038574672239,0.10822191324818407,0.932038574672239,71.0,0.9302532268669973,0.11284180152978057,0.9302532268669973,3.1,0.9517243260419008,0.0767921901178682,0.9517243260419008,16.03,0.9366224204051936,0.10504870595673005,0.9366224204051936,55.0,0.6824422772753052,0.30594260727693195,0.6824422772753052,32.2,0.900639171950647,0.1452115639395989,0.900639171950647,63.5,0.9496486855043683,0.08024452838609396,0.9496486855043683
64.3,0.9385290778395509,0.09901424197759351,0.9385290778395509,1535.0,0.9320710559836624,0.1081824139549767,0.9320710559836624,40.0,0.9302532268669973,0.11284180152978057,0.9302532268669973,0.0,0.9518234548426525,0.07657362433657305,0.9518234548426525,13.11,0.9367548729506096,0.1048071733705894,0.9367548729506096,56.0,0.6816738551147575,0.3065714346369807,0.6816738551147575,30.2,0.9005067194052311,0.14543667540021835,0.9005067194052311,65.5,0.9501235807700866,0.07925563992176995,0.9501235807700866
47.8,0.9385708962707162,0.09895384778586136,0.9385708962707162,1546.0,0.9318591136576296,0.10841079174484829,0.9318591136576296,47.0,0.9302532268669972,0.11284180152978056,0.9302532268669972,4.7,0.9515716796173967,0.0771745879799337,0.9515716796173967,10.74,0.9363217961160566,0.10570813752499815,0.9363217961160566,57.0,0.6798430952760799,0.3077602961495562,0.6798430952760799,29.4,0.9001224916345593,0.1462086133987818,0.9001224916345593,69.8,0.9498638990980782,0.0796958196252207,0.9498638990980782
17.3,0.9375424183822212,0.10126776039492438,0.9375424183822212,1262.0,0.931822552026084,0.10845873736452259,0.931822552026084,53.0,0.9301456367605402,0.11301693602882477,0.9301456367605402,10.2,0.9514222710797744,0.07742065405142885,0.9514222710797744,3.31,0.9360191862949776,0.10607456917715512,0.9360191862949776,55.0,0.6791874696409835,0.3081722463364632,0.6791874696409835,18.0,0.8994984353958239,0.14726493706749497,0.8994984353958239,67.1,0.9497041886600627,0.07992834037928075,0.9497041886600627
74.5,0.937468706879381,0.10140870075187343,0.937468706879381,1555.0,0.9320743272513398,0.10787955227485654,0.9320743272513398,63.0,0.9295598147669801,0.11386405034586046,0.9295598147669801,5.5,0.9515716796173967,0.0771745879799337,0.9515716796173967,17.99,0.9354460264139037,0.10715517767802596,0.9354460264139037,60.0,0.6801650511718172,0.30690091476160064,0.6801650511718172,32.9,0.8990513645102985,0.147949894317863,0.8990513645102985,66.3,0.9497629297026385,0.07982419074287368,0.9497629297026385
77.3,0.9374268884482156,0.10146890415089668,0.9374268884482156,1671.0,0.9318930256420426,0.10819512375408855,0.9318930256420426,58.0,0.9289041891318839,0.11475307358208237,0.9289041891318839,-6.2,0.9513561900780393,0.07747253267115345,0.9513561900780393,19.12,0.9350304270497141,0.1077451121494974,0.9350304270497141,64.0,0.6794351427939618,0.3080040540604133,0.6794351427939618,33.3,0.8986790834968187,0.14845857800294168,0.8986790834968187,65.9,0.9497263680710929,0.07987431994296222,0.9497263680710929
20.0,0.9375052685109267,0.10136013825976338,0.9375052685109267,1551.0,0.932167256223976,0.10781083106226946,0.932167256223976,26.0,0.9286810690914212,0.11512502894339381,0.9286810690914212,1.6,0.9515055986156618,0.07722649352369947,0.9515055986156618,4.29,0.9350891680922898,0.10764447310230503,0.9350891680922898,63.0,0.679979081002649,0.30744453438694136,0.679979081002649,20.8,0.8986053719939786,0.14858913052846853,0.8986053719939786,68.2,0.949445937661044,0.08041962821561535,0.949445937661044
37.3,0.9379482039433784,0.10083009864544891,0.9379482039433784,811.0,0.9320271731774549,0.10799094128217376,0.9320271731774549,31.0,0.928128633000481,0.11594518608214094,0.928128633000481,-2.3,0.9514149311206153,0.07736803306229822,0.9514149311206153,4.11,0.9354614491057697,0.1070940542510174,0.9354614491057697,64.0,0.679979081002649,0.30744453438694136,0.679979081002649,20.4,0.8986053719939787,0.14858913052846856,0.8986053719939787,53.3,0.949313485115628,0.08066823459497374,0.949313485115628
36.5,0.9382688928878782,0.10052122724049116,0.9382688928878782,810.0,0.9316290816967666,0.10842209521506496,0.9316290816967666,30.0,0.9275289156904518,0.11703717448155351,0.9275289156904518,-1.6,0.9512552206825997,0.07760136804989894,0.9512552206825997,4.05,0.9352678234875894,0.1072899955283339,0.9352678234875894,61.0,0.6805230192113364,0.30688372506068673,0.6805230192113364,20.0,0.8979588529138487,0.14966066401239136,0.8979588529138487,56.1,0.9492397736127878,0.08081274282028036,0.9492397736127878
34.1,0.9383764829943351,0.1003429032120302,0.9383764829943351,743.0,0.9311004349034276,0.10899173814666083,0.9311004349034276,49.0,0.9273560753868599,0.11738340141618418,0.9273560753868599,-1.6,0.9510662885721974,0.07786945221701887,0.9510662885721974,3.55,0.9348575740335575,0.10768096294168383,0.9348575740335575,56.0,0.6801387914406645,0.30734062726702055,0.6801387914406645,20.0,0.8974441247489073,0.1504004091702676,0.8974441247489073,60.4,0.9487648783470696,0.08179985820441565,0.9487648783470696
66.7,0.9392139814786477,0.09826224972340412,0.9392139814786477,1525.0,0.9308200044933786,0.10951664462083528,0.9308200044933786,63.0,0.9270141875255105,0.11782495955400077,0.9270141875255105,0.6281970010971596,0.9507449039163793,0.07838675669368723,0.9507449039163793,15.6,0.9348575740335575,0.10768096294168383,0.9348575740335575,55.0,0.6800468421027304,0.30736050642551666,0.6800468421027304,31.8,0.8972949637758901,0.15055846451446647,0.8972949637758901,66.7,0.9485738989428869,0.08204240321474239,0.9485738989428869
71.0,0.9391356014159363,0.09837150326088295,0.9391356014159363,1489.0,0.9312167706941263,0.10902642361991001,0.9312167706941263,33.0,0.9274710200487745,0.11730134156954852,0.9274710200487745,-10.9,0.9506542364213326,0.07852806064611162,0.9506542364213326,14.34,0.9347251214881416,0.10792153900053938,0.9347251214881416,53.0,0.6792822921330736,0.3074827055972604,0.6792822921330736,31.0,0.8974678040794819,0.15023129107241218,0.8974678040794819,65.5,0.948530580592177,0.0820838396883691,0.948530580592177
32.9,0.9390867523520553,0.09844851379282805,0.9390867523520553,802.0,0.931515340204766,0.10861856462770095,0.931515340204766,33.0,0.9275944564295325,0.11717855845837445,0.9275944564295325,3.9,0.9505294143770218,0.07868413732809632,0.9505294143770218,3.93,0.9351093492588132,0.10709949187582266,0.9351093492588132,56.0,0.678898064362402,0.30793780294380335,0.678898064362402,20.0,0.8971455552382677,0.15077684962709728,0.8971455552382677,62.4,0.9485794296560582,0.08200510948873621,0.9485794296560582
35.3,0.938959523225463,0.09863472378470241,0.938959523225463,801.0,0.9317013103739342,0.10833522533788395,0.9317013103739342,34.0,0.9278129079101239,0.1168593300838101,0.9278129079101239,3.1,0.9507107159863188,0.0783557937122118,0.9507107159863188,3.72,0.9351581983226945,0.1070233028848408,0.9351581983226945,57.0,0.6781094149419705,0.30908766388197134,0.6781094149419705,19.6,0.8971455552382677,0.15077684962709667,0.8971455552382677,60.8,0.948188137871875,0.08270202663486467,0.948188137871875
33.7,0.9386007127527031,0.09927681365450314,0.9386007127527031,808.0,0.9307237288431007,0.11056818357104593,0.9307237288431007,32.0,0.9287904894409577,0.11464070384385697,0.9287904894409577,1.6,0.9507107159863188,0.0783557937122118,0.9507107159863188,3.83,0.9352392245994033,0.10695287764509867,0.9352392245994033,53.0,0.6788393233198261,0.30798913295301555,0.6788393233198261,20.0,0.8966016170295804,0.15174833466697488,0.8966016170295804,53.3,0.9476185313675353,0.0835747821925781,0.9476185313675353
37.6,0.9386007127527031,0.09927681365450314,0.9386007127527031,801.0,0.9308763752676047,0.11020018763032076,0.9308763752676047,34.0,0.9285506609728938,0.11494585100244521,0.9285506609728938,0.6281970010971596,0.9505217838759167,0.07862355681935616,0.9505217838759167,4.23,0.9351485571043568,0.10708886162672569,0.9351485571043568,28.0,0.6786949573980139,0.30801918860450206,0.6786949573980139,20.4,0.8962793681883662,0.15229271705220226,0.8962793681883662,54.5,0.9471480536639476,0.08422981658818417,0.9471480536639476
36.9,0.938863004062161,0.0989423241914505,0.938863004062161,800.0,0.9313094521021575,0.10930712093815974,0.9313094521021575,42.0,0.9275221830843989,0.11721499101668835,0.9275221830843989,3.9,0.9504925622035301,0.07865834055889721,0.9504925622035301,4.31,0.9348862657948986,0.10741952323932727,0.9348862657948986,26.0,0.6787367119591615,0.308015643207997,0.6787367119591615,20.4,0.8956635924523224,0.15309541931621204,0.8956635924523224,56.5,0.9470497890485919,0.08435516233805766,0.9470497890485919
61.2,0.9390489742313293,0.09865449301296533,0.9390489742313293,1387.0,0.93154374985705,0.10903588578091176,0.93154374985705,26.0,0.9275221830843989,0.11721499101668835,0.9275221830843989,3.1,0.9507241435496978,0.07819099117300932,0.9507241435496978,12.5,0.9341021757343055,0.10837718838659743,0.9341021757343055,34.0,0.6784525846462078,0.30809696813859455,0.6784525846462078,30.6,0.8947865794753687,0.15380172250836013,0.8947865794753687,65.9,0.9471188319915609,0.08426428670944075,0.9471188319915609
19.6,0.9393515840524083,0.09828426290355904,0.9393515840524083,1110.0,0.9315925989209313,0.10896013157433365,0.9315925989209313,34.0,0.9280388300196907,0.11656105485325252,0.9280388300196907,-0.8,0.951045528205516,0.07767363296837719,0.951045528205516,3.07,0.9336816622777354,0.10908450683403924,0.9336816622777354,29.0,0.6796108359450376,0.30677950192409487,0.6796108359450376,17.3,0.8947865794753688,0.15380172250836016,0.8947865794753688,59.6,0.946816222170482,0.08464258014833419,0.946816222170482
38.0,0.9397238650658881,0.09772723673162509,0.9397238650658881,781.0,0.9320494314441954,0.10842900966796368,0.9320494314441954,34.0,0.9282619500601532,0.11618974017541994,0.9282619500601532,3.1,0.9511361957005625,0.07753218324009353,0.9511361957005625,4.33,0.9341565575434537,0.10812826622574573,0.9341565575434537,25.0,0.6811640353351257,0.3054972037391026,0.6811640353351257,20.4,0.8950670098854177,0.1533136145509614,0.8950670098854177,54.9,0.9471083851539135,0.08416422819591711,0.9471083851539135
35.7,0.9400042954759369,0.09719316441261992,0.9400042954759369,797.0,0.9322967891073206,0.10817325354513284,0.9322967891073206,34.0,0.9281321766498186,0.11629302806099069,0.9281321766498186,1.6,0.9509130756601,0.07792307845815993,0.9509130756601,4.04,0.9343092039679577,0.10775838100318744,0.9343092039679577,20.0,0.6816915217111182,0.30532688269756403,0.6816915217111182,20.4,0.8952854613660091,0.15301636724799214,0.8952854613660091,56.1,0.9468279547438646,0.08470663241728937,0.9468279547438646
37.6,0.93989670536948,0.09737219821007023,0.93989670536948,783.0,0.9322967891073206,0.10817325354513284,0.9322967891073206,35.0,0.9271579856462782,0.11761204563333687,0.9271579856462782,0.8,0.9509867871629403,0.07777806941555358,0.9509867871629403,3.97,0.9343580530318387,0.10768230122894777,0.9343580530318387,7.0,0.6810542008680538,0.3053656640691833,0.6810542008680538,20.4,0.894849258201033,0.15342544305468994,0.894849258201033,56.5,0.9463808838583394,0.08546469906841307,0.9463808838583394
42.4,0.939616274959431,0.09790614932658269,0.939616274959431,799.0,0.9326690701208004,0.10762494514602518,0.9326690701208004,62.0,0.9261768480683643,0.11893000680534901,0.9261768480683643,2.3,0.9509867871629403,0.07777806941555358,0.9509867871629403,4.88,0.9344571818325905,0.1074712950571416,0.9344571818325905,6.0,0.6806700066438953,0.30532157186198794,0.6806700066438953,22.0,0.8933119393603283,0.15575920455208203,0.8933119393603283,49.8,0.9463320347944583,0.08554304861226544,0.9463320347944583
59.2,0.939547232016462,0.09799520492246279,0.939547232016462,1441.0,0.9331395478243881,0.10699300954205421,0.9331395478243881,42.0,0.9253564171327165,0.12018214515861099,0.9253564171327165,1.6,0.951226615631004,0.07745476013829555,0.951226615631004,12.77,0.9340221194660957,0.10807663969706209,0.9340221194660957,11.0,0.681288072773213,0.3054592708136066,0.681288072773213,30.6,0.8923276366781353,0.15665584730670054,0.8923276366781353,60.4,0.9462244446880012,0.08572476153296082,0.9462244446880012
68.2,0.9389791598327919,0.09851586043927431,0.9389791598327919,1090.0,0.9329901392867658,0.10722906007044555,0.9329901392867658,57.0,0.9253564171327165,0.12018214515861221,0.9253564171327165,-3.1,0.9513994559345959,0.07709125564466242,0.9513994559345959,11.06,0.9339663403647538,0.10813799562025886,0.9339663403647538,21.0,0.6821689767030182,0.30552848755577916,0.6821689767030182,29.8,0.8922132244988069,0.15673894014007703,0.8922132244988069,62.0,0.9462244446880012,0.0857247615329583,0.9462244446880012
29.0,0.9383326407526619,0.09967945239170535,0.9383326407526619,1787.0,0.9322602309089102,0.10911069953435727,0.9322602309089102,67.0,0.9256284228136079,0.1198858477230242,0.9256284228136079,7.8,0.9514731674374359,0.07694610181311301,0.9514731674374359,4.79,0.9339297787332079,0.10818607955911114,0.9339297787332079,24.0,0.6827967308691991,0.3056636251987684,0.6827967308691991,21.6,0.8923208146052639,0.15657730818849927,0.8923208146052639,67.8,0.946046129967845,0.08590041976960196,0.946046129967845
74.5,0.9380112560968438,0.10018164885878443,0.9380112560968438,1302.0,0.9325857176370059,0.10839184337162414,0.9325857176370059,61.0,0.9261808589045484,0.1190706227059388,0.9261808589045484,2.3,0.9513740386366841,0.07716454247251123,0.9513740386366841,14.79,0.933978627797089,0.10811005762692123,0.933978627797089,31.0,0.6827967308691991,0.3056636251987684,0.6827967308691991,31.4,0.892832271502528,0.1556500713335855,0.892832271502528,62.4,0.9457741242869536,0.08621456402013541,0.9457741242869536
73.3,0.9380601051607248,0.10010482851237078,0.9380601051607248,1643.0,0.9328172989831738,0.1079414089149053,0.9328172989831738,45.0,0.9261808589045484,0.11907062270593757,0.9261808589045484,0.0,0.9515971586771467,0.07677326219434985,0.9515971586771467,17.66,0.9338174834903319,0.10826582276200489,0.9338174834903319,34.0,0.6827967308691991,0.3056636251987684,0.6827967308691991,32.5,0.8925699801930697,0.15594871683526443,0.8925699801930697,67.1,0.9454936938769046,0.08675552567396509,0.9454936938769046
67.8,0.9380601051607248,0.10010482851237078,0.9380601051607248,1143.0,0.9330977293932228,0.10741476148855265,0.9330977293932228,64.0,0.926217420536094,0.11902343795808358,0.926217420536094,-1.6,0.9517797606184774,0.07661595320921882,0.9517797606184774,11.55,0.934047670740058,0.10802236315413517,0.934047670740058,36.0,0.6827967308691991,0.3056636251987684,0.6827967308691991,30.2,0.8926117986242351,0.1558943906515678,0.8926117986242351,63.1,0.9456665341804965,0.08639608193751726,0.9456665341804965
81.6,0.9383855918888205,0.0993779043956418,0.9383855918888205,1244.0,0.9330977293932228,0.10741476148855265,0.9330977293932228,72.0,0.9261437090332539,0.11916106910861728,0.9261437090332539,3.1,0.9513884688342941,0.07731766608028895,0.9513884688342941,15.57,0.9339889296974822,0.10812285126602598,0.9339889296974822,42.0,0.6827967308691991,0.3056636251987684,0.6827967308691991,32.2,0.8924591521997312,0.15623792547131024,0.8924591521997312,61.2,0.9457647987958523,0.0862711569059749,0.9457647987958523
88.6,0.9380934289053889,0.09984663215270621,0.9380934289053889,1417.0,0.9329901392867658,0.10759113702803137,0.9329901392867658,65.0,0.9262996267254353,0.11899992572133736,0.9262996267254353,-4.7,0.9515209213797102,0.07706800076710435,0.9515209213797102,18.65,0.934047670740058,0.10802236315413517,0.934047670740058,46.0,0.6827967308691991,0.3056636251987684,0.6827967308691991,33.7,0.8928433799704029,0.1554779416039063,0.8928433799704029,61.2,0.9457647987958523,0.0862711569059749,0.9457647987958523
77.6,0.9381916935207448,0.09972426073957805,0.9381916935207448,1549.0,0.9328775399452943,0.10771620588395867,0.9328775399452943,69.0,0.9263464284955358,0.11895566451093904,0.9263464284955358,0.0,0.9515209213797102,0.07706800076710435,0.9515209213797102,17.82,0.9337221840119623,0.10874259390250195,0.9337221840119623,48.0,0.6827967308691991,0.3056636251987684,0.6827967308691991,32.9,0.8927442511696512,0.15567318101648,0.8927442511696512,65.5,0.9457647987958523,0.0862711569059749,0.9457647987958523
85.9,0.9384232748669126,0.09926865721722225,0.9384232748669126,1637.0,0.9323926542174544,0.10809344663309839,0.9323926542174544,62.0,0.9265695485359984,0.11858570586909219,0.9265695485359984,2.3,0.9511366936090384,0.07791813958584394,0.9511366936090384,21.37,0.9328063054649384,0.11090799488905023,0.9328063054649384,51.0,0.6827967308691991,0.3056636251987684,0.6827967308691991,34.1,0.8925257996890595,0.15596872200195544,0.8925257996890595,64.3,0.9459802883352098,0.08597717451999284,0.9459802883352098
74.5,0.9385961151705045,0.09891444366879146,0.9385961151705045,1683.0,0.9321306617655843,0.10822974605379977,0.9321306617655843,65.0,0.9271936047747338,0.11747223973258647,0.9271936047747338,3.1,0.9510809145076964,0.07798262287657719,0.9510809145076964,18.84,0.9331481933262881,0.11046060244192832,0.9331481933262881,51.0,0.6827967308691991,0.3056636251987684,0.6827967308691991,33.3,0.8931935842002033,0.155145609360935,0.8931935842002033,67.1,0.9460311846928714,0.08592274522970973,0.9460311846928714
32.2,0.9385472661066232,0.09899137582200151,0.9385472661066232,1742.0,0.9317805270007793,0.10843811972546323,0.9317805270007793,51.0,0.9271936047747338,0.11747223973258647,0.9271936047747338,0.8,0.9512964040470538,0.07768489010459993,0.9512964040470538,4.96,0.934084929811385,0.10913628818046234,0.934084929811385,53.0,0.6827967308691991,0.3056636251987684,0.6827967308691991,22.0,0.8943305333069002,0.15390145895237722,0.8943305333069002,66.7,0.9466727729320901,0.08528105101387706,0.9466727729320901
68.2,0.9384735546037831,0.09913266309000164,0.9384735546037831,1512.0,0.9322432611070557,0.10810486017812897,0.9322432611070557,53.0,0.9272354232058992,0.11741351465989132,0.9272354232058992,7.8,0.9518488401379942,0.07681865168238111,0.9518488401379942,15.24,0.9341957911855195,0.10898903552511097,0.9341957911855195,33.67243525896414,0.6838930709638252,0.3055724284054926,0.6838930709638252,31.8,0.8945902149789087,0.15351118018288393,0.8945902149789087,66.3,0.9471994770910951,0.08482298865157824,0.9471994770910951
55.3,0.9385844159779175,0.09898341553394885,0.9385844159779175,1689.0,0.9336147577241298,0.10560520666863757,0.9336147577241298,40.0,0.9274243553163013,0.11716098908020896,0.9274243553163013,6.2,0.9520965132909723,0.07644547472300586,0.9520965132909723,12.79,0.9343847232959217,0.1087325531576694,0.9343847232959217,63.0,0.6853133783601245,0.3050677075949191,0.6853133783601245,30.2,0.8944012828685065,0.15374536549944232,0.8944012828685065,69.0,0.9479991306209332,0.08382400282882618,0.9479991306209332
45.9,0.9389540178563159,0.09856296894697826,0.9389540178563159,1711.0,0.934421892293184,0.10463792290667444,0.934421892293184,49.0,0.9274933982592705,0.11707469632936932,0.9274933982592705,6.2,0.9522289658363884,0.07619548627798323,0.9522289658363884,12.48,0.9346384840531197,0.10844381655306155,0.9346384840531197,61.0,0.6871365800245758,0.3038460617426613,0.6871365800245758,30.2,0.8947805211242229,0.15344682231562223,0.8947805211242229,71.0,0.9483998144130364,0.08352282780750817,0.9483998144130364
58.8,0.9394407110491243,0.09790961886609449,0.9394407110491243,1660.0,0.9347427470379565,0.10425721527779702,0.9347427470379565,53.0,0.9277530799312786,0.11665638450655108,0.9277530799312786,0.0,0.9522289658363884,0.07619548627798323,0.9522289658363884,14.79,0.9351563236136085,0.10787653154990735,0.9351563236136085,59.0,0.6880158969400536,0.302597608006019,0.6880158969400536,31.4,0.8951123905155436,0.15319627611793707,0.8951123905155436,68.6,0.9485595248510521,0.08329126861212076,0.9485595248510521
52.5,0.9400703838759802,0.09701257795409379,0.9400703838759802,1617.0,0.9348828300844774,0.10407592638043066,0.9348828300844774,40.0,0.9282872710985256,0.11585123537795462,0.9282872710985256,3.9,0.9521672628525785,0.07627201907079184,0.9521672628525785,9.95,0.9356629400770956,0.10731428023842683,0.9356629400770956,57.0,0.688639953178789,0.3019857683437492,0.688639953178789,27.1,0.8955602659364549,0.1527817064250981,0.8955602659364549,68.2,0.9488803795958246,0.08289650338345411,0.9488803795958246
48.04087253229345,0.9403917685317985,0.09650804551210804,0.9403917685317985,1558.0,0.9346444490418047,0.10428619167266197,0.9346444490418047,42.0,0.9284626517930122,0.115673078812413,0.9284626517930122,3.1,0.9522555232653436,0.07616574313969171,0.9522555232653436,11.15,0.9362315957874876,0.10661726215906767,0.9362315957874876,57.0,0.6888808554168309,0.302027545271937,0.6888808554168309,29.4,0.8959058016063843,0.1524966656831225,0.8959058016063843,69.4,0.9490958691351822,0.08260065710853637,0.9490958691351822
54.5,0.9407531193954535,0.09603444933583404,0.9407531193954535,1565.0,0.934776329634396,0.10420620384995191,0.934776329634396,50.0,0.9290867080317476,0.11455505563543852,0.9290867080317476,3.1,0.9523113023666855,0.07610106250046174,0.9523113023666855,12.61,0.936714381118992,0.10606650902520649,0.936714381118992,57.0,0.6892092022215116,0.30206940382134284,0.6892092022215116,30.2,0.8967140736659844,0.15132654502867368,0.8967140736659844,68.6,0.9492771707444794,0.08227360204536202,0.9492771707444794
58.0,0.9412723425152425,0.09558844944270191,0.9412723425152425,1592.0,0.9347935000477953,0.10419318674107729,0.9347935000477953,49.0,0.9298160703844058,0.11380391261670371,0.9298160703844058,3.1,0.9523789596461018,0.07603352370865264,0.9523789596461018,13.8,0.9366467238395757,0.10613058846331103,0.9366467238395757,59.0,0.6894968601294403,0.3020324944447901,0.6894968601294403,31.0,0.8965176989690723,0.15145473491499717,0.8965176989690723,68.6,0.9493359117870552,0.08216964880593222,0.9493359117870552
53.7,0.9417055076187691,0.09525449195541746,0.9417055076187691,1630.0,0.9346859099413382,0.10437029862099015,0.9346859099413382,31.0,0.9301250444227896,0.11353670574055649,0.9301250444227896,5.5,0.9523789596461018,0.07603352370865202,0.9523789596461018,5.22,0.9367520890449906,0.10603557367285486,0.9367520890449906,53.0,0.6896240892560327,0.3019416677416113,0.6896240892560327,22.0,0.896620279840515,0.1513583054260325,0.896620279840515,68.6,0.9490841365617997,0.08276745128828489,0.9490841365617997
40.0,0.9420408529447639,0.09489855437858408,0.9420408529447639,800.0,0.9347416890426803,0.10430866063760094,0.9347416890426803,33.0,0.9298948571730636,0.11377755387964383,0.9298948571730636,-0.8,0.9521929894769335,0.07633040954701463,0.9521929894769335,4.41,0.9368840116793611,0.10591218416801272,0.9368840116793611,31.0,0.68994484207055,0.3018048572162452,0.68994484207055,20.4,0.8968155421199887,0.1512090208396377,0.8968155421199887,61.6,0.9491166178732228,0.08272622177987504,0.9491166178732228
38.8,0.94171982059273,0.09533771849292101,0.94171982059273,793.0,0.9346659551939667,0.10437112879948482,0.9346659551939667,47.0,0.9292080195813128,0.1149521376412703,0.9292080195813128,-2.3,0.9520435809393112,0.07657678458734876,0.9520435809393112,4.14,0.9367086309848744,0.10609417877882751,0.9367086309848744,17.0,0.6899733316728398,0.3018014418714296,0.6899733316728398,17.6,0.8966596244278072,0.1513581381922047,0.8966596244278072,60.8,0.9495133840739705,0.0822133523614651,0.9495133840739705
64.3,0.9415925914661376,0.0955249456361685,0.9415925914661376,1663.0,0.9346659551939667,0.10437112879948358,0.9346659551939667,20.0,0.9298753941707583,0.11379361729541707,0.9298753941707583,3.1,0.9520435809393112,0.07657678458734876,0.9520435809393112,16.73,0.9366820735559191,0.10612251784178603,0.9366820735559191,26.0,0.6894458452968472,0.30198223728935825,0.6894458452968472,32.2,0.8966087280701457,0.15140551672407704,0.8966087280701457,67.5,0.9495133840739705,0.0822133523614651,0.9495133840739705
66.7,0.9417878537456112,0.09535336922792423,0.9417878537456112,1356.0,0.9350640466746549,0.10393654314398228,0.9350640466746549,65.0,0.9294039843565267,0.11454658911757044,0.9294039843565267,-0.8,0.9521219610020225,0.07646401106817133,0.9521219610020225,13.8,0.936984683376998,0.1057557937098566,0.936984683376998,35.0,0.689318616170255,0.3020730042238058,0.689318616170255,31.4,0.897276102659591,0.1503206410246188,0.897276102659591,65.9,0.9498747349376253,0.08172900829364003,0.9498747349376253
79.2,0.9416959044076771,0.09542912373827298,0.9416959044076771,1864.0,0.9354436424620034,0.10345433850281413,0.9354436424620034,48.0,0.9295065652279693,0.11444130031275448,0.9295065652279693,1.6,0.9520482494991822,0.07660930933498475,0.9520482494991822,22.65,0.9372832528876377,0.10534393545004621,0.9372832528876377,41.0,0.6897096744321974,0.3021076193632763,0.6897096744321974,34.5,0.8974945541401824,0.15002174714965166,0.8974945541401824,66.3,0.9500019640642177,0.08153806061411129,0.9500019640642177
60.4,0.9417742844703882,0.09531928276987889,0.9417742844703882,1458.0,0.9359960785529436,0.10261926131256466,0.9359960785529436,50.0,0.9304807562315097,0.11311499692499943,0.9304807562315097,-3.9,0.9520970985630633,0.0765299749852563,0.9520970985630633,12.77,0.9373569643904779,0.10520333560899478,0.9373569643904779,51.0,0.6891113253531538,0.30198014236129433,0.6891113253531538,30.6,0.8979276309747353,0.14918365160394634,0.8979276309747353,67.1,0.9501095541706746,0.0813550705195184,0.9501095541706746
17.6,0.9422361256897672,0.09493877743942879,0.9422361256897672,1660.0,0.9364291553874965,0.10171721525110088,0.9364291553874965,32.0,0.9312951847743203,0.11215580840449352,0.9312951847743203,7.0,0.9529764154785413,0.07433284454180743,0.9529764154785413,4.38,0.937570406636055,0.1049475522072227,0.937570406636055,55.0,0.6881240947914075,0.3019937781023643,0.6881240947914075,21.6,0.8982972328531337,0.14880552628059118,0.8982972328531337,75.3,0.9503031797888548,0.08115003576516405,0.9503031797888548
37.6,0.942780529790793,0.09442247553451005,0.942780529790793,795.0,0.9373814553418385,0.10037322292150191,0.9373814553418385,35.0,0.9317435088706143,0.1118290675072915,0.9317435088706143,-3.9,0.9531577170878383,0.074002750824764,0.9531577170878383,4.16,0.9378122009160017,0.10480783483230614,0.9378122009160017,53.0,0.6881373597502654,0.3019926281610745,0.6881373597502654,20.0,0.8987627554546335,0.1486344141503108,0.8987627554546335,54.1,0.9506959780652646,0.08084988469430436,0.9506959780652646
61.6,0.943700825426542,0.09307266396437995,0.943700825426542,1803.0,0.9381734309181252,0.09940202515070233,0.9381734309181252,55.0,0.932042078381254,0.11142183644139032,0.932042078381254,3.1,0.9533761685684299,0.07366333123768738,0.9533761685684299,16.87,0.938348268781079,0.10430335151520036,0.938348268781079,57.0,0.6890827718808463,0.3020082281711564,0.6890827718808463,32.2,0.8996397684315873,0.14791859702977808,0.8996397684315873,68.2,0.9510806717282748,0.08055269348847711,0.9510806717282748
66.3,0.943560742380021,0.0932575892284405,0.943560742380021,1915.0,0.9386352721375041,0.09902534184960825,0.9386352721375041,42.0,0.932115789884094,0.11128259634317388,0.932115789884094,-0.8,0.9531445872222621,0.07413319052337052,0.9531445872222621,19.57,0.9381546431628989,0.10450061005969968,0.9381546431628989,60.0,0.6891734393758928,0.30194010851438546,0.6891734393758928,32.9,0.8994681446171757,0.14809664308616638,0.8994681446171757,67.8,0.9516167395933522,0.08002572253221402,0.9516167395933522
18.4,0.9436025608111863,0.09319656895229161,0.9436025608111863,1428.0,0.9387043150804731,0.09893646244740047,0.9387043150804731,28.0,0.9322183707555366,0.11117656748709527,0.9322183707555366,5.5,0.9535916581077872,0.07336381865839949,0.9535916581077872,3.59,0.9383730946434904,0.10417417147937984,0.9383730946434904,54.0,0.689773156685922,0.3013350651160633,0.689773156685922,20.4,0.8996278550551913,0.14788998543346785,0.8996278550551913,62.7,0.9517764500313679,0.07979269586251209,0.9517764500313679
36.5,0.9435537117473053,0.09327426226183616,0.9435537117473053,794.0,0.9386160546677079,0.09903888249601306,0.9386160546677079,29.0,0.9320958351367223,0.11128326398935243,0.9320958351367223,3.1,0.9535916581077872,0.07336381865839949,0.9535916581077872,4.11,0.9384023163158771,0.10414068789313034,0.9384023163158771,51.0,0.6893163241626579,0.30156781135941235,0.6893163241626579,20.0,0.8996968979981604,0.14780916805682198,0.8996968979981604,54.9,0.9517472283589813,0.07982749599892038,0.9517472283589813
36.9,0.9436613018537624,0.09309397811186862,0.9436613018537624,821.0,0.9383174851570683,0.09945342758975045,0.9383174851570683,33.0,0.9319346908299655,0.111438091183468,0.9319346908299655,-2.3,0.9535916581077872,0.07336381865839949,0.9535916581077872,3.87,0.9384640192996869,0.104067237824311,0.9384640192996869,48.0,0.6889321297727818,0.30174509153839096,0.6889321297727818,20.0,0.8994784465175688,0.14810951179854925,0.8994784465175688,53.7,0.951334246669013,0.0803551098543758,0.951334246669013
31.8,0.9437688919602193,0.09291365042701973,0.9437688919602193,820.0,0.9383174851570683,0.09945342758975045,0.9383174851570683,30.0,0.9323314570307131,0.11094798970756697,0.9323314570307131,-1.6,0.952861749729932,0.07531662711732956,0.952861749729932,3.41,0.9388990816661819,0.10345667941777652,0.9388990816661819,47.0,0.6885695611131292,0.30170697314173583,0.6885695611131292,19.6,0.8989956611860644,0.148611356887972,0.8989956611860644,56.9,0.951334246669013,0.08035510985437642,0.951334246669013
54.1,0.9437688919602193,0.09291365042701973,0.9437688919602193,1575.0,0.9385979155671172,0.09892075756116826,0.9385979155671172,31.0,0.9321822960576958,0.11112040951973072,0.9321822960576958,4.7,0.9527880382270917,0.07546213624333711,0.9527880382270917,14.06,0.9387914915597249,0.10363475876805908,0.9387914915597249,50.0,0.6891679101921728,0.30183452489961093,0.6891679101921728,31.0,0.8996518580610798,0.14696594877796743,0.8996518580610798,69.4,0.9512435791739665,0.08049632307590658,0.9512435791739665
27.5,0.9444362665496646,0.09171883802489078,0.9444362665496646,1658.0,0.9388721461490505,0.09853053458229434,0.9388721461490505,33.0,0.9324612304410477,0.11084334378251617,0.9324612304410477,4.7,0.9527292971845158,0.07556691795833059,0.9527292971845158,4.91,0.9390257893146174,0.10335948937456883,0.9390257893146174,48.0,0.6899761822517732,0.30118231375059573,0.6899761822517732,20.8,0.9003196425722236,0.14612773136179946,0.9003196425722236,73.3,0.9510133919242404,0.08075189826407699,0.9510133919242404
36.5,0.9457524023460885,0.08917953708812815,0.9457524023460885,806.0,0.9389797362555076,0.09835185297495323,0.9389797362555076,34.0,0.9327670113152597,0.1106635037133062,0.9327670113152597,0.0,0.9528693802310368,0.07537732717455993,0.9528693802310368,4.19,0.9393480381558317,0.10276725729483747,0.9393480381558317,43.0,0.690758501503133,0.30052991459880285,0.690758501503133,20.4,0.9010247250876678,0.14500573356709678,0.9010247250876678,58.8,0.9509809106128172,0.08079328890746634,0.9509809106128172
33.3,0.9464034996548167,0.08842159000184135,0.9464034996548167,827.0,0.9397019891843509,0.09712298211516188,0.9397019891843509,31.0,0.9326178503422425,0.11083606616209572,0.9326178503422425,3.1,0.9530447609255237,0.07518586011145902,0.9530447609255237,3.76,0.9394264182185428,0.10265834211779425,0.9394264182185428,41.0,0.6911426958930089,0.300350598074751,0.6911426958930089,19.6,0.9013232945983075,0.14462532067766934,0.9013232945983075,56.9,0.9512152083677097,0.08050815143097614,0.9512152083677097
38.0,0.946773101533215,0.08799287080410488,0.946773101533215,819.0,0.9399418176524147,0.09680891380292077,0.9399418176524147,31.0,0.9326979683722907,0.11075086053315004,0.9326979683722907,0.8,0.9531681973062817,0.07505338783976236,0.9531681973062817,3.86,0.939489199571558,0.10260181479963218,0.939489199571558,33.0,0.6911426958930089,0.300350598074751,0.6911426958930089,20.0,0.9013038315960022,0.1446400757436445,0.9013038315960022,54.9,0.9510903863233986,0.08066407255528585,0.9510903863233986
35.7,0.9471887008974048,0.08738566520689177,0.9471887008974048,809.0,0.9403031685160698,0.09633569529642183,0.9403031685160698,33.0,0.9330459104570642,0.11022745249764261,0.9330459104570642,0.8,0.9531681973062817,0.07505338783976236,0.9531681973062817,3.77,0.9396558400470343,0.10239064859600075,0.9396558400470343,13.0,0.6908143490883282,0.3003102451101235,0.6908143490883282,20.0,0.9012813687546078,0.144659285047099,0.9012813687546078,55.3,0.9506774046334305,0.08119091102764328,0.9506774046334305
36.9,0.9476357717829301,0.08662778959922926,0.9476357717829301,801.0,0.9403031685160698,0.09633569529642183,0.9403031685160698,31.0,0.9334155123354626,0.10981440127626518,0.9334155123354626,0.8,0.9526967874920501,0.07584724607853845,0.9526967874920501,4.18,0.9399278457279259,0.10208354034056281,0.9399278457279259,8.0,0.689987219431718,0.3005057443296569,0.689987219431718,20.4,0.9014948110001848,0.14442456822565886,0.9014948110001848,54.9,0.9502025093677122,0.08217945564689516,0.9502025093677122
34.9,0.9481224649757385,0.08596133171446527,0.9481224649757385,825.0,0.940756905122049,0.09595948216089606,0.940756905122049,32.0,0.9333129314640201,0.10992074741053291,0.9333129314640201,0.8,0.9524225569101167,0.07625058748349801,0.9524225569101167,3.74,0.9403629080944207,0.1014709614773304,0.9403629080944207,2.0,0.6895992364185282,0.300467292007208,0.6895992364185282,20.0,0.9014794497691788,0.1444339557871273,0.9014794497691788,55.3,0.9501033805669604,0.08239703716539445,0.9501033805669604
36.1,0.948080646544573,0.08602300289027304,0.948080646544573,804.0,0.9412283149362805,0.09518659282634133,0.9412283149362805,34.0,0.9331269612948518,0.11020433573111896,0.9331269612948518,2.3,0.9518256471028745,0.07680326749222736,0.9518256471028745,4.32,0.9404535755894672,0.10133356220201468,0.9404535755894672,0.0,0.6898563356268153,0.3005488841279876,0.6898563356268153,20.4,0.9013393667226577,0.1446013597954712,0.9013393667226577,56.5,0.9501299379959156,0.0823675432629054,0.9501299379959156
32.5,0.9482619481538702,0.08569698582935709,0.9482619481538702,828.0,0.9415087453463294,0.09465081548803513,0.9415087453463294,34.0,0.9328438144760782,0.11055162824839922,0.9328438144760782,3.9,0.950990370952813,0.07782527392276498,0.950990370952813,3.81,0.9405272870923075,0.10119211654906268,0.9405272870923075,0.0,0.6903517410406991,0.30067221689526513,0.6903517410406991,19.2,0.9008279098253936,0.145545397726797,0.9008279098253936,55.7,0.9504977139338927,0.08207820971096301,0.9504977139338927
37.3,0.9486207586266303,0.0850423737041435,0.9486207586266303,783.0,0.9416411978917454,0.0944064056383242,0.9416411978917454,33.0,0.9326303722305012,0.11080459808242582,0.9326303722305012,2.3,0.9504756427878716,0.07865746649602717,0.9504756427878716,4.36,0.9408995681057872,0.10063544703977909,0.9408995681057872,1.0,0.6909454593997378,0.3007961812757616,0.6909454593997378,20.8,0.9011867202981537,0.14495068550897863,0.9011867202981537,56.9,0.9508008691578473,0.08185670854428952,0.9508008691578473
47.8,0.9482484776131505,0.08561038354326271,0.9482484776131505,750.0,0.9417812809382664,0.0942220838124757,0.9417812809382664,36.0,0.9323081233892869,0.1113893101479426,0.9323081233892869,3.9,0.9505739074032272,0.07853101510792586,0.9505739074032272,2.64,0.9408995681057872,0.10063544703977909,0.9408995681057872,3.0,0.6910812595709679,0.3007678883041926,0.6910812595709679,23.1,0.9010594911715614,0.14512171488113923,0.9010594911715614,55.7,0.9508792492205586,0.08174453394085364,0.9508792492205586
42.7,0.9478896671403905,0.0862644984843507,0.9478896671403905,782.0,0.9418440622912817,0.09416481807497974,0.9418440622912817,34.0,0.9323590197469483,0.11133718946009512,0.9323590197469483,-3.1,0.9506540254332755,0.07844108316278545,0.9506540254332755,4.57,0.9410104294799216,0.10048593031717948,0.9410104294799216,0.0,0.6905984742394635,0.30100435351484073,0.6905984742394635,21.2,0.901035152242855,0.14514388712887832,0.901035152242855,52.9,0.9513731218761845,0.08093308580926904,0.9513731218761845
36.9,0.9481882366510301,0.08584092918735473,0.9481882366510301,815.0,0.9418858807224469,0.0941039641462856,0.9418858807224469,31.0,0.9326066928999266,0.11098164814757519,0.9326066928999266,1.6,0.9509282560152087,0.07803920397812933,0.9509282560152087,4.29,0.9413523173412711,0.10003010612221276,0.9413523173412711,0.0,0.6906976030402153,0.3008831518300061,0.6906976030402153,20.8,0.9011702144257208,0.14500947103094064,0.9011702144257208,53.7,0.951588611415542,0.08063591902013334,0.951588611415542
34.5,0.9484505279604882,0.08549874346108,0.9484505279604882,793.0,0.9421455623944555,0.093671820434294,0.9421455623944555,46.0,0.9327795332035184,0.11063202780822491,0.9327795332035184,1.6,0.9516644033645186,0.07723596586897294,0.9516644033645186,4.08,0.942147901551489,0.09874950265278952,0.942147901551489,2.0,0.692262170075847,0.2995469511030767,0.692262170075847,20.4,0.9017267112600653,0.14437268577950765,0.9017267112600653,54.5,0.9517273625235768,0.08051005507769879,0.9517273625235768
30.6,0.94803754627052,0.0860218190994203,0.94803754627052,760.0,0.9423575047204878,0.0934370652783099,0.9423575047204878,36.0,0.9332126100380712,0.10973712723136116,0.9332126100380712,-1.6,0.9522613131717608,0.07668366714335147,0.9522613131717608,4.85,0.9425201825649688,0.09819077126687877,0.9425201825649688,1.0,0.6934185752495844,0.2989260051063348,0.6934185752495844,23.1,0.9017894926130806,0.14432189321219382,0.9017894926130806,60.4,0.9517831416249188,0.08044566987385382,0.9517831416249188
39.6,0.9481972567085355,0.08579078007680926,0.9481972567085355,794.0,0.942538806329785,0.09311464145330571,0.942538806329785,35.0,0.9330599636135672,0.11010621323078452,0.9330599636135672,1.6,0.9525826978275791,0.07616487863053999,0.9525826978275791,4.48,0.9430641207736561,0.09712945708827955,0.9430641207736561,0.0,0.6942457049061945,0.2987240785267454,0.6942457049061945,20.8,0.9020412678383364,0.14377330353260342,0.9020412678383364,54.5,0.9515357839617934,0.0807151668195803,0.9515357839617934
41.6,0.9482215956372418,0.08576552358632834,0.9482215956372418,792.0,0.9428192367398339,0.09257742299703069,0.9428192367398339,54.0,0.9333076367665453,0.10975003349480629,0.9333076367665453,3.1,0.9523084672456457,0.07656807504913929,0.9523084672456457,4.64,0.9428912804700641,0.0974858572782024,0.9428912804700641,9.0,0.6957989042962828,0.29736636461083454,0.6957989042962828,21.2,0.9020412678383364,0.14377330353260342,0.9020412678383364,54.1,0.9513863754241711,0.08096066675741247,0.9513863754241711
56.1,0.9482215956372418,0.08576552358632834,0.9482215956372418,2206.0,0.9433358836751258,0.09189707141814109,0.9433358836751258,35.0,0.9340461051846095,0.10852670075099916,0.9340461051846095,3.1,0.9517779232195415,0.07727351964087541,0.9517779232195415,8.42,0.94292784210161,0.09743681616502742,0.94292784210161,21.0,0.6965107153727425,0.29725258555301387,0.6965107153727425,25.9,0.9017894926130806,0.14432189321219382,0.9017894926130806,69.0,0.9514451164667469,0.08085637889595733,0.9514451164667469
35.7,0.9485269872207531,0.08542445676525048,0.9485269872207531,1985.0,0.9433975866589356,0.09182236255998584,0.9433975866589356,36.0,0.9346926242647392,0.10737517323610093,0.9346926242647392,3.9,0.9513407238503149,0.07759184188899916,0.9513407238503149,10.63,0.9428810403315094,0.09748315102885598,0.9428810403315094,26.0,0.6966625888479441,0.29724761199969885,0.6966625888479441,29.0,0.9008736140660569,0.14636960254504527,0.9008736140660569,72.9,0.9512561843563447,0.0811238763839762,0.9512561843563447
79.2,0.9486295680921956,0.0853133373436325,0.9486295680921956,1376.0,0.9436572683309441,0.09138881421591213,0.9436572683309441,72.0,0.9346926242647392,0.10737517323610093,0.9346926242647392,-2.3,0.9513672812792701,0.07756216944113707,0.9513672812792701,16.06,0.9424722015930243,0.09780746080737172,0.9424722015930243,35.0,0.6957598964505216,0.29722618172505266,0.6957598964505216,32.2,0.9003179857449213,0.1466260453588735,0.9003179857449213,62.7,0.951334564419056,0.0810115812235689,0.951334564419056
85.9,0.9482572870787159,0.0858812467424874,0.9482572870787159,1799.0,0.9441914594981907,0.09055328411903883,0.9441914594981907,72.0,0.9343312734010844,0.10784085603820652,0.9343312734010844,0.0,0.9512348287338541,0.0778117221709954,0.9512348287338541,23.77,0.9420550266185909,0.09813467757893835,0.9420550266185909,42.0,0.6950980250499588,0.2971145450338996,0.6950980250499588,34.9,0.899510575282072,0.14721343335284415,0.899510575282072,65.1,0.951334564419056,0.08101158122356954,0.951334564419056
86.3,0.9476714650851558,0.08676437685027137,0.9476714650851558,2164.0,0.9446368598682217,0.09017566255875088,0.9446368598682217,67.0,0.9340689820916263,0.1081709649480947,0.9340689820916263,1.6,0.9514825018868321,0.07743907023393574,0.9514825018868321,28.49,0.9417856647229391,0.0982966720850184,0.9417856647229391,43.0,0.6950980250499588,0.2971145450338996,0.6950980250499588,35.7,0.898699112903471,0.14779986157834477,0.898699112903471,67.1,0.9512073352924637,0.08120289781418308,0.9512073352924637
78.8,0.9475220565475334,0.0870078227546,0.9475220565475334,1437.0,0.9452365771782508,0.08904372702994158,0.9452365771782508,67.0,0.9341715629630688,0.10806432094683427,0.9341715629630688,1.6,0.9512082713048987,0.07784138291747798,0.9512082713048987,16.95,0.9420330223860642,0.09803498579128171,0.9420330223860642,45.0,0.6950980250499588,0.2971145450338996,0.6950980250499588,32.5,0.8982458056132825,0.1483715288002966,0.8982458056132825,63.9,0.9519959847128953,0.07915373552405844,0.9519959847128953
74.5,0.9470471612818151,0.08798989954261024,0.9470471612818151,1511.0,0.9451289870717938,0.08922480858906769,0.9451289870717938,68.0,0.9339484429226063,0.10844029530997126,0.9339484429226063,0.6281970010971596,0.9511664528737335,0.07790363644171144,0.9511664528737335,16.64,0.9421406124925213,0.09785557019821027,0.9421406124925213,48.0,0.6944492026163472,0.2969999444169003,0.6944492026163472,32.2,0.8973299270662588,0.15040589927060707,0.8973299270662588,65.5,0.9522191047533578,0.07876264207047957,0.9522191047533578
82.7,0.9470471612818151,0.08798989954261151,0.9470471612818151,1641.0,0.9449476854624967,0.0895489631271502,0.9449476854624967,62.0,0.9337957964981024,0.10880991263386963,0.9337957964981024,-6.2,0.9508860224636846,0.07845042431112537,0.9508860224636846,20.16,0.941818363651307,0.09845145285193775,0.941818363651307,52.0,0.6931830690261597,0.29732321545173457,0.6931830690261597,33.7,0.8970556964843255,0.15076039142525874,0.8970556964843255,65.1,0.9522679538172388,0.07868340253988221,0.9522679538172388
71.0,0.9475586181790792,0.08695809944727176,0.9475586181790792,1755.0,0.9447587533520945,0.08981267545152806,0.9447587533520945,53.0,0.9341870882822858,0.10813555339954567,0.9341870882822858,-3.9,0.9506705329243271,0.07874783994163459,0.9506705329243271,18.49,0.9422025914219788,0.09761863604407277,0.9422025914219788,53.0,0.6917627616298606,0.2978640657319593,0.6917627616298606,27.23618212807402,0.8975271062985569,0.15005676073451538,0.8975271062985569,66.3,0.9525156269702169,0.07831052871018292,0.9525156269702169
62.7,0.9474594893783275,0.08717452779676908,0.9474594893783275,1754.0,0.9440719157603438,0.09102613710498438,0.9440719157603438,51.0,0.9344762643765763,0.10781930591169912,0.9344762643765763,3.9,0.9504976926207352,0.07911074323036714,0.9504976926207352,16.44,0.9427367825892256,0.0967880848506239,0.9427367825892256,51.0,0.6914862689029003,0.29793967444490677,0.6914862689029003,31.8,0.8976397056400284,0.14994274719965134,0.8976397056400284,68.6,0.9523908049259059,0.07846697987900889,0.9523908049259059
65.5,0.9472279080321596,0.08763794514722233,0.9472279080321596,1677.0,0.9440719157603438,0.09102613710498438,0.9440719157603438,66.0,0.9348350748493366,0.1071836507375632,0.9348350748493366,5.5,0.950448843556854,0.07918979846398207,0.950448843556854,16.43,0.9429084064036372,0.09658947892279346,0.9429084064036372,51.0,0.6920029158381922,0.29762598134532575,0.6920029158381922,32.2,0.898209312144368,0.14916355389741628,0.898209312144368,68.6,0.9520527797677343,0.07887868996839408,0.9520527797677343
80.8,0.947550156873374,0.0870345765095432,0.947550156873374,1712.0,0.9444875151245334,0.09042221910548036,0.9444875151245334,57.0,0.9352681516838892,0.10628495541125013,0.9352681516838892,-2.3,0.950090033084094,0.07984800589533685,0.950090033084094,20.46,0.9430137716090524,0.09649260375106435,0.9430137716090524,49.0,0.6926548010739436,0.2977438091650421,0.6926548010739436,27.1,0.8985789140227665,0.148785263221843,0.8985789140227665,65.5,0.9522018728155037,0.0787352492048058,0.9522018728155037
88.2,0.9476889079814088,0.08691028360975321,0.9476889079814088,1345.0,0.9447412758817313,0.0901248068574664,0.9447412758817313,75.0,0.9354175602215117,0.10604809406360145,0.9354175602215117,5.5,0.9503084845646855,0.07951113177980255,0.9503084845646855,17.28,0.9434050633932357,0.09580558385227966,0.9434050633932357,51.0,0.6932234567843356,0.29742385844788227,0.6932234567843356,32.9,0.8983473326765985,0.14920662955149108,0.8983473326765985,61.2,0.9524491082676487,0.07856415853978894,0.9524491082676487
89.8,0.9475082883762684,0.08701722518398869,0.9475082883762684,1435.0,0.9447830943128966,0.09006356123284048,0.9447830943128966,21.0,0.9354175602215118,0.10604809406359958,0.9354175602215118,-3.1,0.9509082018747146,0.078364989073294,0.9509082018747146,18.46,0.9434957308882821,0.09566713244449568,0.9434957308882821,55.0,0.6936076511742116,0.29724099046603286,0.6936076511742116,33.3,0.898055169693167,0.14963644678234395,0.898055169693167,61.6,0.9522684384996526,0.07873134013553056,0.9522684384996526
38.8,0.947594743435893,0.08694826551148148,0.947594743435893,865.0,0.9448418353554726,0.08996063275058493,0.9448418353554726,33.0,0.9355423822658226,0.10589848103998986,0.9355423822658226,-4.7,0.9512156258603564,0.07805187743003753,0.9512156258603564,4.59,0.9438938223689703,0.09522393471795396,0.9438938223689703,54.0,0.6945959502629645,0.2968322200829762,0.6945959502629645,20.4,0.8985252671752889,0.14914214462978972,0.8985252671752889,66.7,0.9524400623140643,0.0785271177580836,0.9524400623140643
37.3,0.9476272247473164,0.08690725290784229,0.9476272247473164,795.0,0.9453009338733855,0.08947875106823737,0.9453009338733855,34.0,0.9356114252087917,0.10581044979948548,0.9356114252087917,-3.9,0.9517636866037172,0.07757965516461875,0.9517636866037172,4.19,0.9441507876322539,0.09497720818152315,0.9441507876322539,52.0,0.6953486715989897,0.29667727254480025,0.6953486715989897,20.4,0.8987078691166198,0.149010006020853,0.8987078691166198,56.1,0.9525017652978742,0.07845070630266682,0.9525017652978742
36.1,0.9475839063966064,0.08694841815982074,0.9475839063966064,792.0,0.9453646149044209,0.08944014827613633,0.9453646149044209,32.0,0.9354385849051998,0.10616214678376504,0.9354385849051998,-3.9,0.9519196042958987,0.0774061480870685,0.9519196042958987,4.39,0.9443314574002502,0.09481481595952128,0.9443314574002502,49.0,0.6960086105203982,0.29635290500547584,0.6960086105203982,20.4,0.8988522350384318,0.14890739190745933,0.8988522350384318,56.5,0.9527909413921648,0.07811794885172725,0.9527909413921648
35.7,0.947764526001747,0.0868414522898591,0.947764526001747,790.0,0.9453646149044209,0.08944014827613633,0.9453646149044209,34.0,0.9355945025973812,0.10599681914002933,0.9355945025973812,-3.9,0.9518687079382372,0.07746142890876395,0.9518687079382372,4.21,0.9441820488626278,0.09505603340837587,0.9441820488626278,36.0,0.695692092349349,0.2963189971142812,0.695692092349349,20.0,0.8991729878529492,0.14859920547394156,0.8991729878529492,58.8,0.9528201630645514,0.07808305275007271,0.9528201630645514
36.9,0.9481143423253346,0.08656255038952028,0.9481143423253346,794.0,0.9454588296127925,0.08934500571194831,0.9454588296127925,34.0,0.9357556469041381,0.1058402958017814,0.9357556469041381,-3.9,0.951271798130995,0.07801297240098566,0.951271798130995,4.16,0.9445239367239773,0.09459646163846654,0.9445239367239773,17.0,0.6951976659162219,0.29631744975013563,0.6951976659162219,20.4,0.8993396283284255,0.14840722075666138,0.8993396283284255,58.0,0.9531424119057657,0.07747254068708746,0.9531424119057657
41.2,0.9484547464176335,0.08628771968414374,0.9484547464176335,780.0,0.9456082381504147,0.08910251897586313,0.9456082381504147,34.0,0.9354836412232468,0.1061446855532718,0.9354836412232468,-3.9,0.9508835928664586,0.07826855870883759,0.9508835928664586,4.27,0.9455524146124723,0.09225642534643791,0.9455524146124723,2.0,0.6954715580199007,0.2964006505767437,0.6954715580199007,20.8,0.8993661857573807,0.1483815049949761,0.8993661857573807,58.0,0.9533725991554918,0.07721551410422098,0.9533725991554918
39.6,0.9485781827983916,0.08615742420530217,0.9485781827983916,792.0,0.9454353978468231,0.08946144391473446,0.9454353978468231,33.0,0.935525459654412,0.10608483475242958,0.935525459654412,3.1,0.9502145262546745,0.07892758783961341,0.9502145262546745,4.18,0.9459854914470252,0.09133946308111293,0.9459854914470252,0.0,0.6951310523391724,0.2963645320311983,0.6951310523391724,20.4,0.8990451534053467,0.14877867711599954,0.8990451534053467,56.9,0.9533168200541497,0.07728021155703374,0.9533168200541497
35.3,0.9487054119249839,0.08596736099856771,0.9487054119249839,811.0,0.9463147147623007,0.08729269154336482,0.9463147147623007,33.0,0.9354347921593655,0.10622095083016296,0.9354347921593655,-1.6,0.9500586085624931,0.07910048896800352,0.9500586085624931,4.15,0.946933851305472,0.08908059461458878,0.946933851305472,0.0,0.6949731678415784,0.29637199515190576,0.6949731678415784,20.0,0.8991009325066885,0.1487226289394552,0.8991009325066885,54.5,0.9530276439598592,0.07761343300933081,0.9530276439598592
38.0,0.9488130020314409,0.08578514815526447,0.9488130020314409,806.0,0.9464223048687578,0.08711113769348695,0.9464223048687578,33.0,0.9354347921593655,0.10622095083016296,0.9354347921593655,-2.3,0.9500586085624931,0.07910048896800162,0.9500586085624931,4.14,0.947058673349783,0.08892655699015134,0.947058673349783,0.0,0.6953015146462591,0.2964090171974397,0.6953015146462591,20.4,0.8997249887454241,0.14766787381142527,0.8997249887454241,54.1,0.952289175541795,0.07888905341359556,0.952289175541795
39.2,0.9486220226272584,0.08602690497211585,0.9486220226272584,809.0,0.9465717134063802,0.0868680224765194,0.9465717134063802,33.0,0.9349327377355513,0.1068772879738761,0.9349327377355513,-2.3,0.9501173496050691,0.0789962455922187,0.9501173496050691,4.32,0.9470811361911774,0.08890469275799051,0.9470811361911774,0.0,0.6958223463185362,0.2964034699298526,0.6958223463185362,20.4,0.9000218039077601,0.14742923675683645,0.9000218039077601,57.6,0.952107873932498,0.07921789033744853,0.952107873932498
35.7,0.9488618510953221,0.08570658255796285,0.9488618510953221,807.0,0.9470047902409331,0.0859475158443484,0.9470047902409331,33.0,0.9343059245093049,0.10748997097933646,0.9343059245093049,-3.1,0.9498830518501764,0.07928138091925915,0.9498830518501764,4.12,0.9476336449056029,0.08837855460021563,0.9476336449056029,0.0,0.6955445118171016,0.2963193963081003,0.6955445118171016,20.0,0.901158753014457,0.14616283350354817,0.901158753014457,56.5,0.952107873932498,0.07921789033744853,0.952107873932498
37.6,0.9490215615333376,0.085475264436767,0.9490215615333376,797.0,0.947521437176225,0.08526007925157265,0.947521437176225,34.0,0.9339701997544826,0.10769477359497365,0.9339701997544826,1.6,0.9503161286847293,0.07835391913250445,0.9503161286847293,4.15,0.9481678360728496,0.08753737387478001,0.9481678360728496,0.0,0.6952611535274996,0.296233808087263,0.6952611535274996,20.4,0.9014641445979683,0.14586197031804837,0.9014641445979683,55.7,0.9520172064374515,0.0793593391512076,0.9520172064374515
36.5,0.9489431814706264,0.08558688539468565,0.9489431814706264,811.0,0.947734879421802,0.08499651364561642,0.947734879421802,32.0,0.9340392426974516,0.10760704935818081,0.9340392426974516,2.3,0.9504848335352477,0.07820648465841676,0.9504848335352477,4.12,0.9483994174190173,0.08707342973160755,0.9483994174190173,0.0,0.6947510408514416,0.29611319881555703,0.6947510408514416,20.4,0.9013758841852031,0.14595497904760762,0.9013758841852031,55.7,0.951926538942405,0.07950075958567956,0.951926538942405
38.8,0.9488355913641694,0.08576914838892954,0.9488355913641694,790.0,0.9476930609906365,0.08505819908126085,0.9476930609906365,32.0,0.9342146233919384,0.10742597072216621,0.9342146233919384,-3.1,0.951095159104456,0.07765118626186457,0.951095159104456,4.36,0.9487249041471132,0.0863332625280531,0.9487249041471132,33.67243525896414,0.6937119302457145,0.2961810893533281,0.6937119302457145,20.4,0.9006536312563597,0.14708834243656524,0.9006536312563597,56.5,0.9519631005739508,0.07945048568098101,0.9519631005739508
37.3,0.9491277543476009,0.08529001213702173,0.9491277543476009,800.0,0.9478457074151405,0.08467873057387583,0.9478457074151405,34.0,0.9350521218762505,0.10536168264418659,0.9350521218762505,-2.3,0.9511243807768426,0.07761634646138074,0.9511243807768426,4.28,0.9487737532109944,0.08625473326738191,0.9487737532109944,0.0,0.693681976503231,0.2961857450411253,0.693681976503231,20.4,0.8999009099203346,0.1475822408636698,0.8999009099203346,58.4,0.9516888699920176,0.07985244475234309,0.9516888699920176
36.5,0.9495407360375693,0.08476593070532408,0.9495407360375693,803.0,0.9481053890871487,0.08424094371426404,0.9481053890871487,57.0,0.9346170595097557,0.10596845813892124,0.9346170595097557,7.8,0.9511831218194186,0.07751188352674192,0.9511831218194186,4.09,0.9490951378668125,0.08574127608206947,0.9490951378668125,3.0,0.694779828151534,0.2960631354336716,0.694779828151534,20.4,0.8994064834872075,0.14777160700746214,0.8994064834872075,56.1,0.9512683565354475,0.08058751068157727,0.9512683565354475
70.6,0.9498995465103293,0.08410999692212748,0.9498995465103293,971.0,0.9479729365417328,0.08448863347851429,0.9479729365417328,51.0,0.933796628574108,0.10724530757938404,0.933796628574108,6.2,0.9508243113466586,0.07817127878970445,0.9508243113466586,10.96,0.9489457293291902,0.0859852899002744,0.9489457293291902,18.0,0.6958761682461604,0.29593812697843597,0.6958761682461604,30.2,0.8987364908419131,0.14813882026107253,0.8987364908419131,50.6,0.9508841287647759,0.08143598565936187,0.9508841287647759
40.4,0.9500723868139211,0.08374824972209823,0.9500723868139211,1393.0,0.9470526409059837,0.08585371531204858,0.9470526409059837,60.0,0.9339772983421043,0.10708747032844877,0.9339772983421043,6.2,0.9508243113466586,0.07817127878970193,0.9508243113466586,11.34,0.9485301299650004,0.08659437781015632,0.9485301299650004,25.0,0.6966499565623295,0.2960232697436284,0.6966499565623295,30.2,0.8971832914518247,0.15049523273086307,0.8971832914518247,75.7,0.9508423103336104,0.08149805755064331,0.9508423103336104
68.2,0.9505194576994465,0.08298610553118672,0.9505194576994465,2271.0,0.946557085868839,0.08629945427671826,0.946557085868839,19.0,0.93411236052497,0.10694107466074312,0.93411236052497,-5.5,0.9509643943931797,0.07798249520663789,0.9509643943931797,23.82,0.9482903014969367,0.0869143485884287,0.9482903014969367,30.0,0.6966499565623295,0.2960232697436284,0.6966499565623295,34.5,0.8963561617952147,0.15107757269663585,0.8963561617952147,68.6,0.9506896639091066,0.08187932265404392,0.9506896639091066
64.3,0.9507998881094953,0.08244088437965548,0.9507998881094953,1489.0,0.9461957350051842,0.08678014363187114,0.9461957350051842,63.0,0.9343641357502258,0.10635991380675419,0.9343641357502258,-1.6,0.9503646770831504,0.07912895274472916,0.9503646770831504,15.78,0.9479289506332819,0.08739580471110235,0.9479289506332819,34.0,0.6966499565623295,0.2960232697436284,0.6966499565623295,31.8,0.8960019211478223,0.15144449890011663,0.8960019211478223,67.5,0.9503308534363465,0.08253669698889664,0.9503308534363465
75.3,0.9512329649440482,0.08151389718974147,0.9512329649440482,1742.0,0.9461957350051842,0.08678014363187052,0.9461957350051842,65.0,0.9342240527037048,0.10654074237191484,0.9342240527037048,-0.8,0.9503321957717272,0.07917036685792601,0.9503321957717272,20.18,0.9480783591709041,0.08715230365260287,0.9480783591709041,40.0,0.6959980713265781,0.29590959644179343,0.6959980713265781,33.3,0.8960577002491642,0.1513888689836651,0.8960577002491642,66.3,0.9501816924633292,0.08271758431201577,0.9501816924633292
76.5,0.9510174754046906,0.08181074034285256,0.9510174754046906,2085.0,0.9465653368835826,0.08635089249473814,0.9465653368835826,24.0,0.9346445661602747,0.10583181116527428,0.9346445661602747,3.9,0.9502853940016264,0.07921804082652398,0.9502853940016264,24.18,0.948140062154714,0.08707685014716503,0.948140062154714,41.0,0.6949017312319518,0.2960348352394578,0.6949017312319518,34.5,0.8962761517297557,0.1510907407454902,0.8962761517297557,67.5,0.9498603078075109,0.08323271868807758,0.9498603078075109
36.1,0.9512084548088734,0.08156743914410237,0.9512084548088734,845.0,0.9468418296105431,0.0861095666874695,0.9468418296105431,30.0,0.9347764887946451,0.1057087377288801,0.9347764887946451,3.1,0.9499240431379714,0.07970357606123876,0.9499240431379714,4.06,0.9484623109959284,0.08647265259398103,0.9484623109959284,27.0,0.6947523226943294,0.2961597177616168,0.6947523226943294,20.0,0.8967700243853817,0.15036909985177122,0.8967700243853817,55.3,0.950000390854032,0.0830448962887597,0.950000390854032
38.4,0.9513750952843497,0.08134950314125867,0.9513750952843497,815.0,0.9466927365627736,0.08625089949918718,0.9466927365627736,43.0,0.9350035003154451,0.10548791363293356,0.9350035003154451,3.1,0.9495327513537881,0.08040252539466189,0.9495327513537881,3.59,0.9485424290259765,0.08638362068582972,0.9485424290259765,24.0,0.6947766616230356,0.2961499736261316,0.6947766616230356,19.2,0.8970216703869123,0.15017493690980022,0.8970216703869123,54.9,0.950049239917913,0.0829660804249135,0.950049239917913
67.5,0.9518654837279275,0.08084344166397292,0.9518654837279275,1250.0,0.9466927365627736,0.08625089949918718,0.9466927365627736,60.0,0.9346492596680527,0.10589298203721746,0.9346492596680527,3.1,0.9492850782008102,0.08077355781869497,0.9492850782008102,13.07,0.9489596040004101,0.08604838700970434,0.9489596040004101,33.0,0.695873001717662,0.29602510702329804,0.695873001717662,31.0,0.8975502305328827,0.1499680503302043,0.8975502305328827,63.9,0.9498261198774506,0.08335521106949242,0.9498261198774506
36.5,0.9520789259735044,0.08057750192464168,0.9520789259735044,1628.0,0.9466561749312278,0.08630059854473782,0.9466561749312278,48.0,0.9339698029009738,0.10680623231394126,0.9339698029009738,1.6,0.9496763699849935,0.0800749609434197,0.9496763699849935,5.35,0.9494066748859354,0.0852883110511353,0.9494066748859354,36.0,0.6960224102552843,0.29589978891485563,0.6960224102552843,22.0,0.8984985903913298,0.14789629462563472,0.8984985903913298,67.1,0.9497673788348748,0.08345914992020331,0.9497673788348748
49.0,0.9522602275828017,0.0802489348209352,0.9522602275828017,1244.0,0.9468746264118192,0.08596656363759694,0.9468746264118192,34.0,0.9340063645325195,0.1067580919353384,0.9340063645325195,3.9,0.9496763699849935,0.0800749609434197,0.9496763699849935,7.41,0.9495175362600697,0.08513543712430179,0.9495175362600697,39.0,0.6958537054047659,0.295946188239556,0.6958537054047659,25.5,0.8987170418719211,0.14759630455065953,0.8987170418719211,65.5,0.949738157162488,0.08349375343594401,0.949738157162488
43.5,0.9523189686253776,0.08014449809455265,0.9523189686253776,1318.0,0.9469822165182763,0.08578473995533473,0.9469822165182763,20.0,0.9346060818425488,0.1056508294624933,0.9346060818425488,3.1,0.9498948214655849,0.07973830166146707,0.9498948214655849,8.63,0.9498763467328298,0.08447966055790244,0.9498763467328298,42.0,0.6953347511160277,0.2958256649075437,0.6953347511160277,27.5,0.8987462635443079,0.14756592805271213,0.8987462635443079,67.8,0.9495889961894708,0.08367436145103566,0.9495889961894708
32.9,0.9525420886658401,0.0797534915285192,0.9525420886658401,925.0,0.9473036011740944,0.08527220290700378,0.9473036011740944,21.0,0.9348650251530577,0.10544598729280173,0.9348650251530577,0.0,0.9497219811619931,0.08010070518312919,0.9497219811619931,4.52,0.9498763467328298,0.08447966055790244,0.9498763467328298,45.0,0.6944553509483162,0.2957830265592096,0.6944553509483162,24.7,0.898993936697286,0.14723535692804818,0.898993936697286,51.4,0.9499802879736541,0.08297671501569383,0.9499802879736541
39.6,0.9528801138240118,0.0793418515781809,0.9528801138240118,875.0,0.9473454196052598,0.08521055535282172,0.9473454196052598,21.0,0.9347596599476428,0.10554082900319033,0.9347596599476428,0.0,0.9499404326425844,0.07976403388832105,0.9499404326425844,4.42,0.9498073037898608,0.08457082085136593,0.9498073037898608,44.0,0.6943334478678985,0.2958112860273921,0.6943334478678985,20.4,0.8988272962218096,0.1474274639102461,0.8988272962218096,64.3,0.9499802879736541,0.08297671501569383,0.9499802879736541
32.2,0.9528312647601306,0.07942111348276437,0.9528312647601306,818.0,0.9470246667907424,0.08556225702848619,0.9470246667907424,34.0,0.933755520987854,0.1078129761636951,0.933755520987854,3.1,0.9495199191860145,0.08049765810510762,0.9495199191860145,4.51,0.9496183716794586,0.08483706358581933,0.9496183716794586,33.0,0.6956041398197934,0.29548451743082055,0.6956041398197934,21.2,0.8987582532788405,0.14750821054886734,0.8987582532788405,67.8,0.9499802879736541,0.08297671501569383,0.9499802879736541
34.5,0.9527947031285847,0.07947143992789595,0.9527947031285847,796.0,0.9465297225831905,0.08613782149908944,0.9465297225831905,31.0,0.933434874693535,0.10808957694817885,0.933434874693535,6.2,0.949429251690968,0.08063855913582127,0.949429251690968,3.71,0.9493262086960271,0.08531661408143498,0.9493262086960271,21.0,0.6965928898079627,0.29545266389164454,0.6965928898079627,20.0,0.8991305342923203,0.14699907757809905,0.8991305342923203,58.8,0.9504917448709181,0.08193872818212472,0.9504917448709181
39.2,0.9531327282867567,0.07905957577848563,0.9531327282867567,808.0,0.9461349787283163,0.08672589164937249,0.9461349787283163,31.0,0.9333466142807698,0.10819045179971754,0.9333466142807698,-0.8,0.9492891686444469,0.08082660891222454,0.9492891686444469,3.99,0.948964857832372,0.08579927683789586,0.948964857832372,12.0,0.6962515249114836,0.2954213679658697,0.6962515249114836,20.4,0.8992629868377363,0.1467746056787791,0.8992629868377363,54.9,0.9504133648082069,0.08205083556117188,0.9504133648082069
36.9,0.9535457099767247,0.07853027183264753,0.9535457099767247,780.0,0.946093160297151,0.08678738383670881,0.946093160297151,33.0,0.9335402398989502,0.10799519107938145,0.9335402398989502,-2.3,0.9492154571416068,0.08097110081716226,0.9492154571416068,4.12,0.9489090787310301,0.08586312874114038,0.9489090787310301,3.0,0.6958490478162908,0.29539698087513977,0.6958490478162908,20.4,0.8993954393831525,0.1465500612754307,0.8993954393831525,58.0,0.9504133648082069,0.08205083556117188,0.9504133648082069
35.7,0.9535457099767247,0.07853027183264753,0.9535457099767247,791.0,0.946093160297151,0.08678738383670881,0.946093160297151,32.0,0.9337068803744265,0.10778655569525032,0.9337068803744265,2.3,0.9491078670351498,0.08115394486351951,0.9491078670351498,4.15,0.9487599177580129,0.0860431837157751,0.9487599177580129,2.0,0.6955979144375531,0.2953603875798228,0.6955979144375531,20.4,0.8988516303981903,0.14717705909593518,0.8988516303981903,60.0,0.9504458461196303,0.08200951589150422,0.9504458461196303
38.0,0.9538199405586582,0.07812705879300053,0.9538199405586582,807.0,0.946414192649185,0.08634297849040387,0.946414192649185,46.0,0.9339392662559802,0.10761075531194166,0.9339392662559802,-2.3,0.9492069958359016,0.08093647949231988,0.9492069958359016,4.22,0.9480830611115713,0.086815655947178,0.9480830611115713,5.0,0.6952772681432343,0.2954578417650874,0.6952772681432343,20.4,0.8979507892387399,0.14789454879121322,0.8979507892387399,55.7,0.9508663595762002,0.08127577602018413,0.9508663595762002
56.1,0.9537508976156891,0.07821910830452332,0.9537508976156891,1598.0,0.946414192649185,0.08634297849040387,0.946414192649185,42.0,0.9339980072985561,0.10751024105740106,0.9339980072985561,0.0,0.9493394483813177,0.08068794095252238,0.9493394483813177,14.71,0.9476902628351613,0.087112326156716,0.9476902628351613,19.0,0.6953330472445761,0.29543106075236175,0.6953330472445761,31.4,0.897418440303738,0.1481030767996442,0.897418440303738,62.0,0.9515980554526825,0.08029802233869957,0.9515980554526825
54.5,0.9537801192880757,0.07818417531959065,0.9537801192880757,1904.0,0.9460506160451618,0.08660484488770563,0.9460506160451618,20.0,0.9338485987609337,0.10774645754807174,0.9338485987609337,-5.5,0.949430115876364,0.08054705942091517,0.949430115876364,15.96,0.9472570977316347,0.08745268385395258,0.9472570977316347,27.0,0.6959710353895152,0.2955464663233243,0.6959710353895152,31.8,0.8968022331265534,0.14838932076907124,0.8968022331265534,69.4,0.9519612147696679,0.07998292927123095,0.9519612147696679
40.8,0.953347042453523,0.07911535630640333,0.953347042453523,1365.0,0.9463876352202298,0.08637222744746846,0.9463876352202298,19.0,0.9339477275616854,0.1075355856852791,0.9339477275616854,-1.6,0.9497105462864129,0.08000179866324161,0.9497105462864129,8.36,0.9472205361000889,0.08750237011293584,0.9472205361000889,28.0,0.6959710353895152,0.2955464663233243,0.6959710353895152,27.1,0.8960799801977097,0.14951377790503223,0.8960799801977097,68.6,0.9519346573407126,0.08001255541315946,0.9519346573407126
45.1,0.9536949845382965,0.0785670096213787,0.9536949845382965,785.0,0.9466922108531919,0.08616778866656746,0.9466922108531919,51.0,0.9342197332425769,0.10723220205057793,0.9342197332425769,-0.8,0.9499936931051866,0.07963791804680688,0.9499936931051866,4.97,0.9475036829188627,0.08714181057448661,0.9475036829188627,26.0,0.6965942311939889,0.29566248066933265,0.6965942311939889,21.6,0.8960799801977097,0.14951377790503223,0.8960799801977097,66.7,0.9518759162981366,0.08011695414211881,0.9518759162981366
80.0,0.9538222136648886,0.07837478437906635,0.9538222136648886,918.0,0.946965987408811,0.08598848993370033,0.946965987408811,56.0,0.9344428532830393,0.10685581492594592,0.9344428532830393,-0.8,0.9498702567244284,0.07976928852622256,0.9498702567244284,10.93,0.9475402445504083,0.08709209353175495,0.9475402445504083,29.0,0.6970273080285417,0.2951395191383928,0.6970273080285417,29.8,0.8960556412690034,0.14953566487757264,0.8960556412690034,58.4,0.9522347267708967,0.0794574980880949,0.9522347267708967
82.7,0.9537664345635468,0.07843944881185537,0.9537664345635468,1549.0,0.9474446247209223,0.08554929015732285,0.9474446247209223,68.0,0.9337377707675951,0.10805651499309193,0.9337377707675951,-4.7,0.9501506871344774,0.07922352339756022,0.9501506871344774,19.13,0.9477633645908708,0.08670487344251747,0.9477633645908708,39.0,0.6965942311939889,0.29566248066933265,0.6965942311939889,33.3,0.8961293527718435,0.14940562988354777,0.8961293527718435,64.7,0.9520102428190363,0.07966948986958496,0.9520102428190363
23.1,0.9537872900728622,0.07841987370680602,0.9537872900728622,1811.0,0.9477743373738324,0.08530045214674707,0.9477743373738324,26.0,0.9335883622299728,0.10829256866133881,0.9335883622299728,-1.6,0.9505790300554516,0.07868493853903026,0.9505790300554516,4.6,0.9478540320859173,0.08656482699417078,0.9478540320859173,38.0,0.6963424559687331,0.29601021355324586,0.6963424559687331,22.4,0.8958977714256757,0.14982547756644857,0.8958977714256757,54.1,0.9523999021677192,0.07930870270814648,0.9523999021677192
27.1,0.9540592957537537,0.07810042733774211,0.9540592957537537,828.0,0.9482350150715546,0.0848683061513237,0.9482350150715546,61.0,0.9335883622299728,0.10829256866133757,0.9335883622299728,3.9,0.9511827248593454,0.0781320328947404,0.9511827248593454,3.44,0.9480485622952941,0.08637667077322951,0.9480485622952941,35.0,0.6959093791341803,0.2965317587912476,0.6959093791341803,20.4,0.8960121836050043,0.14974099308047287,0.8960121836050043,62.7,0.953002260463898,0.07856148012358814,0.953002260463898
71.0,0.9543619055748327,0.07771675359709636,0.9543619055748327,1242.0,0.9485938255443146,0.08421340088248586,0.9485938255443146,20.0,0.9340632574956909,0.10733603180403632,0.9340632574956909,-1.6,0.9508239143865854,0.07879119392178534,0.9508239143865854,13.08,0.9486181687996337,0.08550515725556238,0.9486181687996337,38.0,0.6963424559687331,0.29601021355324675,0.6963424559687331,30.6,0.896427782969194,0.14919922731297616,0.896427782969194,62.7,0.9536929403279789,0.07760012409899635,0.9536929403279789
36.1,0.9546999307330044,0.0773034980842447,0.9546999307330044,799.0,0.9486844930393611,0.08407297906641006,0.9486844930393611,31.0,0.9341623862964427,0.10712506266018182,0.9341623862964427,3.1,0.9506838313400644,0.07897982707451169,0.9506838313400644,3.96,0.9490652396851589,0.08474512779644842,0.9490652396851589,35.0,0.6956862590937177,0.2970875182247128,0.6956862590937177,20.0,0.8968000639826738,0.148692433452524,0.8968000639826738,65.1,0.9536604590165557,0.07764175423239246,0.9536604590165557
61.6,0.9549154202723619,0.07700434516441935,0.9549154202723619,1139.0,0.9491959499366251,0.08303712025118375,0.9491959499366251,55.0,0.9345237371600975,0.10665920219547904,0.9345237371600975,2.3,0.9502996035693927,0.0798283902176316,0.9502996035693927,11.08,0.94911408874904,0.08466648543543137,0.94911408874904,37.0,0.6969227839350605,0.29568389226275016,0.6969227839350605,29.8,0.8975956481928916,0.1475237548892062,0.8975956481928916,63.9,0.9535460468372271,0.07774271106645528,0.9535460468372271
66.7,0.9550230103788189,0.07681980266038918,0.9550230103788189,1259.0,0.9497398881453124,0.08195880973608445,0.9497398881453124,55.0,0.9343939637497629,0.10676472882546968,0.9343939637497629,-7.0,0.9505800339794417,0.07928237463171336,0.9505800339794417,12.26,0.9491878002518802,0.0845222972992669,0.9491878002518802,40.0,0.6976526923129157,0.2945226768893535,0.6976526923129157,30.2,0.8984303068506676,0.14693645147692766,0.8984303068506676,63.9,0.9534676667745158,0.07785556698371666,0.9534676667745158
64.3,0.9550648288099842,0.07675722156052692,0.9550648288099842,1381.0,0.9495243986059551,0.08225502788306165,0.9495243986059551,28.0,0.9343939637497629,0.10676472882546968,0.9343939637497629,-2.3,0.9507397444174572,0.07904950616643285,0.9507397444174572,12.02,0.9496992571491442,0.08348608326556035,0.9496992571491442,42.0,0.6973473007294045,0.29466480853269383,0.6973473007294045,29.8,0.8989417637479317,0.14599615696440804,0.8989417637479317,65.9,0.9538806484644841,0.07732553155061081,0.9538806484644841
17.6,0.9551756901841186,0.07660232804857585,0.9551756901841186,1359.0,0.9495731457395808,0.08221787760745737,0.9495731457395808,33.0,0.9346416369027412,0.1064070707887154,0.9346416369027412,7.8,0.9509063848929336,0.07883125028850502,0.9509063848929336,3.48,0.9496208770864331,0.08359795818762106,0.9496208770864331,38.0,0.6974233709707907,0.29466229942176436,0.6974233709707907,20.8,0.8988016807014108,0.14616271966518835,0.8988016807014108,64.7,0.9546029013933276,0.07605887246223586,0.9546029013933276
43.5,0.9553485304877106,0.07623704386592642,0.9553485304877106,1276.0,0.949722306712598,0.08203704425774828,0.949722306712598,22.0,0.9347735595371113,0.10628407902826244,0.9347735595371113,0.0,0.951008965764376,0.07871909460780768,0.951008965764376,8.9,0.9497925009008445,0.08339526204256258,0.9497925009008445,36.0,0.6975053334883743,0.2946520739009789,0.6975053334883743,28.2,0.8988282381303659,0.14613695820983233,0.8988282381303659,67.5,0.9547248044737453,0.07595833508504686,0.9547248044737453
32.9,0.9552996814238295,0.07631669090953835,0.9552996814238295,801.0,0.9500054535313717,0.0816737653268913,0.9500054535313717,50.0,0.9348519395998226,0.1061760728084229,0.9348519395998226,0.0,0.9507347351824427,0.07912081568072112,0.9507347351824427,3.66,0.9495328192288364,0.08383414140872432,0.9495328192288364,32.0,0.6967230142370142,0.2953240655088637,0.6967230142370142,20.0,0.8988869791729418,0.14604325913050803,0.8988869791729418,60.4,0.9550727465585188,0.07540796229226943,0.9550727465585188
67.8,0.9555801118338785,0.0757665251889195,0.9555801118338785,1682.0,0.9500838335940829,0.08156168075895757,0.9500838335940829,64.0,0.9347902366160126,0.1062490481907863,0.9347902366160126,-7.8,0.9508748182289637,0.07893219195661041,0.9508748182289637,17.72,0.9498132496388851,0.08328978733035802,0.9498132496388851,41.0,0.6967230142370142,0.29532406550886325,0.6967230142370142,32.5,0.8995110354116774,0.1449869437747319,0.8995110354116774,67.5,0.9555058233930717,0.07447328541064287,0.9555058233930717
76.1,0.9556611381105872,0.07569151113306982,0.9556611381105872,2165.0,0.9502329266418524,0.08141900877283868,0.9502329266418524,52.0,0.9345717851354212,0.10657356963861132,0.9345717851354212,3.1,0.9508011067261236,0.07907709303761244,0.9508011067261236,23.74,0.9498749526226951,0.08321392410066514,0.9498749526226951,46.0,0.697030438222656,0.29520636864913086,0.697030438222656,27.5,0.9005395133001726,0.14282597783095646,0.9005395133001726,67.8,0.9555616024944136,0.07440825480877171,0.9555616024944136
64.3,0.9557228410943971,0.07561462384326033,0.9557228410943971,1584.0,0.9503235941368989,0.08127804991981842,0.9503235941368989,53.0,0.9345208887777596,0.10662610227101563,0.9345208887777596,-5.5,0.9510753373080569,0.07867532813198702,0.9510753373080569,15.32,0.9497842851276486,0.08335462429469531,0.9497842851276486,51.0,0.6971094702266876,0.29520270718685304,0.6971094702266876,31.8,0.9005395133001726,0.14282597783095646,0.9005395133001726,67.5,0.9553217740263499,0.0747339800890115,0.9553217740263499
65.5,0.955673992030516,0.0756943369619609,0.955673992030516,1729.0,0.950323594136899,0.08127804991981843,0.950323594136899,57.0,0.9349367315626304,0.10633491519371695,0.9349367315626304,-0.8,0.9510264882441759,0.07875445871633192,0.9510264882441759,17.76,0.9499977273732255,0.08308990956708566,0.9499977273732255,55.0,0.6961655854777145,0.29520629131079584,0.6961655854777145,32.2,0.9004778103163628,0.14289323915676108,0.9004778103163628,67.8,0.9551658563341685,0.07490863398036063,0.9551658563341685
68.2,0.9561272993207045,0.07504238197386631,0.9561272993207045,1855.0,0.950644626488933,0.08082953423989488,0.950644626488933,30.0,0.9352846736474038,0.10580840980081622,0.9352846736474038,-3.9,0.951026488244176,0.07875445871633194,0.951026488244176,5.94,0.9507897029495124,0.08208897638061635,0.9507897029495124,54.0,0.6961217346444186,0.2952128650854723,0.6961217346444186,23.5,0.9006667424267649,0.14265474645233087,0.9006667424267649,67.8,0.9551415174054622,0.07493438421610368,0.9551415174054622
38.0,0.9563086009300017,0.07471123824669741,0.9563086009300017,797.0,0.951017511892655,0.08051035275103542,0.951017511892655,32.0,0.9354373200719077,0.10543765670071087,0.9354373200719077,3.9,0.9513069186542249,0.0782076729158412,0.9513069186542249,3.98,0.9507572216380892,0.08213031031264333,0.9507572216380892,55.0,0.697029057761846,0.29523290292861176,0.697029057761846,20.4,0.9005558810526304,0.1427916238704311,0.9005558810526304,59.2,0.9554296823883577,0.07468033389436238,0.9554296823883577
27.1,0.9561488904919859,0.07494635058809013,0.9561488904919859,807.0,0.9512476991423812,0.08025471782217188,0.9512476991423812,32.0,0.9353100909453155,0.10562208848295615,0.9353100909453155,3.1,0.951434147780817,0.07801593343917529,0.951434147780817,3.73,0.9504740748193156,0.08249377935499785,0.9504740748193156,52.0,0.6976846833969422,0.2947825493768743,0.6976846833969422,20.0,0.9001836000391507,0.14330349645649113,0.9001836000391507,61.2,0.9558170364894527,0.07427762218487638,0.9558170364894527
52.2,0.9562723268727442,0.0748133526542906,0.9562723268727442,1444.0,0.9511570316473347,0.08039592637086021,0.9511570316473347,53.0,0.9351148286658417,0.105790067814411,0.9351148286658417,4.7,0.9519208409736254,0.07734204444841897,0.9519208409736254,11.31,0.950815962680665,0.08202617029061253,0.950815962680665,53.0,0.6982705053905024,0.2943402601371187,0.6982705053905024,29.4,0.9006540777427383,0.1427160569879457,0.9006540777427383,68.2,0.955966445027075,0.07402981632042659,0.955966445027075
63.9,0.9564439506871557,0.07460744953363316,0.9564439506871557,1467.0,0.9509903911718584,0.08061397294318641,0.9509903911718584,54.0,0.9343076940967877,0.1067572091003458,0.9343076940967877,-6.2,0.9523288186704654,0.07705827935568141,0.9523288186704654,13.67,0.9508745261159796,0.08197426136679449,0.9508745261159796,55.0,0.6988832847796477,0.29400922481125097,0.6988832847796477,31.0,0.9008477033609186,0.14253665742534075,0.9008477033609186,66.7,0.956386958483645,0.07328788612439002,0.956386958483645
57.6,0.9563456860718,0.07473518493816438,0.9563456860718,1506.0,0.9507057661809015,0.08082745571627942,0.9507057661809015,47.0,0.934375351376204,0.10669337338372803,0.934375351376204,-5.5,0.9529187819033341,0.07650780525023236,0.9529187819033341,12.16,0.9509871254574509,0.08184323484298459,0.9509871254574509,55.0,0.6989530884211838,0.2939996992205645,0.6989530884211838,30.2,0.900818481688532,0.1425672905021205,0.900818481688532,67.5,0.9563179155406759,0.07338056313412414,0.9563179155406759
51.8,0.9565346181822023,0.07446482248249478,0.9565346181822023,1524.0,0.9502450884831793,0.08126290096256009,0.9502450884831793,21.0,0.9350096456416661,0.10607762700783459,0.9350096456416661,2.3,0.9531077140137363,0.07623886884468756,0.9531077140137363,11.69,0.9513081578094849,0.08139455858014204,0.9513081578094849,55.0,0.6981074682875663,0.2939495811838196,0.6981074682875663,29.8,0.9008968617512433,0.14246702381850126,0.9008968617512433,68.6,0.956317915540676,0.07338056313412414,0.956317915540676
43.1,0.956823794276493,0.07412925035234624,0.956823794276493,814.0,0.9503333488959445,0.08115733168877705,0.9503333488959445,33.0,0.9354870503302898,0.10570044554892083,0.9354870503302898,0.0,0.953433200741832,0.07549103243445633,0.953433200741832,4.85,0.9517795676237166,0.08060471524601823,0.9517795676237166,52.0,0.6990931714677049,0.293911373073118,0.6990931714677049,20.8,0.9013673394548309,0.14187856368977267,0.9013673394548309,66.3,0.9563688118983376,0.07332476811668558,0.9563688118983376
32.9,0.957041829810764,0.0739702962089768,0.957041829810764,799.0,0.950504850499376,0.08105295591529244,0.950504850499376,33.0,0.9357265898156363,0.10557017923947845,0.9357265898156363,0.0,0.9533449403290668,0.07559751972177113,0.9533449403290668,4.01,0.9520112215933693,0.08046799453965733,0.9520112215933693,49.0,0.7001261882911922,0.29383063559994266,0.7001261882911922,20.0,0.9018186621131242,0.14172879431086527,0.9018186621131242,58.4,0.956463026606709,0.07322672430774865,0.956463026606709
31.8,0.9572285887427533,0.07383648916731389,0.9572285887427533,820.0,0.9507167928254086,0.08081293235610366,0.9507167928254086,48.0,0.9354789166626581,0.10592853951104118,0.9354789166626581,-7.0,0.9532542728340203,0.07573951624165526,0.9532542728340203,2.98,0.9519758062562765,0.08049710081065768,0.9519758062562765,48.0,0.6994104873854167,0.293950714729939,0.6994104873854167,18.8,0.9018186621131243,0.1417287943108665,0.9018186621131243,56.9,0.9562740944963068,0.07349730888635014,0.9562740944963068
60.0,0.9574002125571649,0.07363017820089197,0.9574002125571649,1319.0,0.950498341344817,0.08114966782850452,0.950498341344817,49.0,0.9349185224325391,0.10643899522470796,0.9349185224325391,4.7,0.9536747862905904,0.07500062925741725,0.9536747862905904,12.0,0.9518632069148051,0.08062844293058631,0.9518632069148051,49.0,0.6991753752068903,0.2940153048288449,0.6991753752068903,30.2,0.9018744412144661,0.14167208032874962,0.9018744412144661,65.5,0.9559261524115332,0.07404913849881697,0.9559261524115332
58.8,0.9575815141664621,0.07329828841167704,0.9575815141664621,1361.0,0.9502360500353589,0.08149389471690986,0.9502360500353589,37.0,0.9345462414190594,0.10698930584087234,0.9345462414190594,2.3,0.9538902758299479,0.07470131463008899,0.9538902758299479,11.58,0.9516400868743426,0.08101893902629415,0.9516400868743426,50.0,0.6996452809576533,0.2938190026910852,0.6996452809576533,29.8,0.9019735700152178,0.1414729537282715,0.9019735700152178,66.7,0.9560753133845505,0.07386564863566938,0.9560753133845505
36.1,0.9577087432930544,0.0731044946333264,0.9577087432930544,1385.0,0.9497265232737557,0.08200760693991334,0.9497265232737557,23.0,0.9341620136483876,0.10781085001372354,0.9341620136483876,-2.3,0.9542516266936028,0.07421160534630915,0.9542516266936028,6.96,0.9519322498577741,0.08053677278840939,0.9519322498577741,49.0,0.6994724406540614,0.294024014593975,0.6994724406540614,25.1,0.9020726988159696,0.141273779936184,0.9020726988159696,70.2,0.9559699481791355,0.07396665602458714,0.9559699481791355
29.8,0.9575762907476385,0.07335647101452082,0.9575762907476385,887.0,0.9495771147361332,0.082252388439034,0.9495771147361332,30.0,0.9339023319763794,0.10823496090838707,0.9339023319763794,3.9,0.9543422941886492,0.0740693000360122,0.9543422941886492,3.53,0.9521441921838066,0.08029621969937892,0.9521441921838066,45.0,0.6983295505862377,0.2954286436851698,0.6983295505862377,18.8,0.902199927942562,0.14110196950508655,0.902199927942562,52.9,0.955746828138673,0.07436055486918226,0.955746828138673
37.3,0.9565987092168049,0.075693448712575,0.9565987092168049,808.0,0.949271723152622,0.08259491401946736,0.949271723152622,33.0,0.9331800790475357,0.10944672325420843,0.9331800790475357,-2.3,0.9544747467340653,0.0738183421110528,0.9544747467340653,3.96,0.9521441921838066,0.08029621969937892,0.9521441921838066,40.0,0.6978727180629736,0.29567306539209764,0.6978727180629736,20.0,0.9020074486188348,0.14129884738340184,0.9020074486188348,52.9,0.955746828138673,0.07436055486918226,0.955746828138673
34.5,0.9563469339915491,0.07629786257942268,0.9563469339915491,804.0,0.9491644125836817,0.08268379108353133,0.9491644125836817,32.0,0.9331800790475359,0.10944672325421154,0.9331800790475359,-1.6,0.9544747467340653,0.0738183421110528,0.9544747467340653,3.96,0.9519947836461843,0.08054195857708478,0.9519947836461843,22.0,0.696315680028508,0.297041617741051,0.696315680028508,20.0,0.9017088791081951,0.14168072291839565,0.9017088791081951,58.8,0.9558716501829839,0.07420294382084025,0.9558716501829839
33.7,0.9562144814461331,0.07654900956252708,0.9562144814461331,795.0,0.9488437662893627,0.08297465923146344,0.9488437662893627,33.0,0.9332611053242447,0.10937669666126681,0.9332611053242447,3.9,0.954706328080233,0.07334770065090465,0.954706328080233,4.02,0.9516737512941503,0.0809912859479452,0.9516737512941503,10.0,0.6951592748547705,0.2976724522869447,0.6951592748547705,20.0,0.9014864547790513,0.14184802676259553,0.9014864547790513,60.8,0.9556827180725818,0.07447315021719622,0.9556827180725818
33.7,0.9564329329267245,0.07620897481717286,0.9564329329267245,817.0,0.9490707778101628,0.08274430682827377,0.9490707778101628,33.0,0.9330268075693521,0.10964844745671358,0.9330268075693521,1.6,0.9545173959698308,0.07361771103108244,0.9545173959698308,3.68,0.9518922027747417,0.08065405170650533,0.9518922027747417,2.0,0.6944740247346166,0.2977505818809124,0.6944740247346166,20.0,0.9009541058440492,0.14206163626733473,0.9009541058440492,56.1,0.9554937859621796,0.0747432439785911,0.9554937859621796
40.4,0.9564654142381479,0.07616715964935994,0.9564654142381479,791.0,0.9490342161786172,0.08279428252073748,0.9490342161786172,51.0,0.9325735002791636,0.11026608935220054,0.9325735002791636,-2.3,0.9546902362734226,0.0732521572198553,0.9546902362734226,4.45,0.9517846126682847,0.08083749895076037,0.9517846126682847,9.0,0.6940947864789001,0.29787013971845516,0.6940947864789001,20.8,0.9003054173554413,0.14239060124287858,0.9003054173554413,54.1,0.9554247430192105,0.07483571938109156,0.9554247430192105
53.7,0.9564145178804863,0.07622280983915673,0.9564145178804863,1770.0,0.9491079276814571,0.08264996221045627,0.9491079276814571,39.0,0.9320668838156765,0.11082449516483822,0.9320668838156765,0.0,0.9550124851146369,0.07263871315124995,0.9550124851146369,11.256157120272407,0.9518972120097562,0.08070619398137825,0.9518972120097562,16.0,0.694358359631246,0.29776130095968273,0.694358359631246,31.4,0.8998466616198818,0.14254006244714532,0.8998466616198818,69.0,0.9555230076345662,0.07470813210654409,0.9555230076345662
51.4,0.9560936631357138,0.07662339289451789,0.9560936631357138,1477.0,0.9496018003370831,0.08184065430981963,0.9496018003370831,42.0,0.9314203647355467,0.11196997496483264,0.9314203647355467,-3.1,0.9552601582676151,0.07226307953317512,0.9552601582676151,11.86,0.9516573835416924,0.0810289395790487,0.9516573835416924,23.0,0.6944022104645418,0.29775499910879794,0.6944022104645418,29.8,0.8994770597414833,0.1429216247891817,0.8994770597414833,67.8,0.9560795044689108,0.07398152897226638,0.9560795044689108
16.9,0.9560518447045483,0.07668605450295828,0.9560518447045483,1538.0,0.9498172898764404,0.08154431494656748,0.9498172898764404,39.0,0.9323687245939936,0.10976969703287232,0.9323687245939936,11.7,0.9554414598769121,0.07193173440129753,0.9554414598769121,3.97,0.9518170939797079,0.08079607017456311,0.9518170939797079,33.67243525896414,0.6933104525984786,0.29787651941995186,0.6933104525984786,20.8,0.8995461026844523,0.14284044339690777,0.8995461026844523,65.1,0.9560104615259417,0.07407412269302566,0.9560104615259417
61.6,0.9564869070710434,0.07604980749932386,0.9564869070710434,1557.0,0.9500082692806232,0.08130130865122354,0.9500082692806232,62.0,0.9327275350667537,0.10913641240824257,0.9327275350667537,5.5,0.9551610294668633,0.07248293936171778,0.9551610294668633,15.17,0.9519887177941195,0.08059233032226537,0.9519887177941195,28.0,0.6929612101816716,0.2980208754725203,0.6929612101816716,31.8,0.9001192625655262,0.14182915617015693,0.9001192625655262,67.5,0.9560721645097515,0.07399709933863584,0.9560721645097515
21.6,0.9566395534955473,0.07566512766449639,0.9566395534955473,2225.0,0.9502872036639751,0.08100893139410477,0.9502872036639751,67.0,0.9328091196355506,0.10907756414844984,0.9328091196355506,7.0,0.9554352600487966,0.07207723081513612,0.9554352600487966,6.32,0.9522404930193752,0.079991989377068,0.9522404930193752,33.67243525896414,0.6935774173588563,0.29798585960695223,0.6935774173588563,23.9,0.9006888690698658,0.14104215271766105,0.9006888690698658,57.3,0.9561338674935613,0.07392006542527854,0.9561338674935613
81.6,0.957110963309779,0.07486758597431134,0.957110963309779,1655.0,0.9504324692638074,0.08090675850986268,0.9504324692638074,69.0,0.9329189698982899,0.10900942118407253,0.9329189698982899,-4.7,0.9550510322781249,0.07293313092924593,0.9550510322781249,20.38,0.9521667815165351,0.08013703411221514,0.9521667815165351,39.0,0.6943007456980409,0.2978778818998174,0.6943007456980409,33.7,0.9012035972348073,0.14029376396816162,0.9012035972348073,65.5,0.9565622104145356,0.07337526636398692,0.9565622104145356
80.8,0.9574905590971272,0.0743605212526165,0.9574905590971272,2003.0,0.9505725523103284,0.08071846538703274,0.9505725523103284,52.0,0.9329990879283382,0.10892402502916079,0.9329990879283382,3.1,0.9550510322781249,0.07293313092924467,0.9550510322781249,24.47,0.9521343002051119,0.08017850261675881,0.9521343002051119,40.0,0.6946450900231466,0.2979159982027112,0.6946450900231466,34.9,0.9012035972348073,0.14029376396816162,0.9012035972348073,66.7,0.956883595070354,0.07285279076220731,0.956883595070354
66.3,0.9576815385013099,0.07411385548572463,0.9576815385013099,1335.0,0.9506716811110801,0.08050059290068068,0.9506716811110801,34.0,0.9333016977494172,0.10855992111416397,0.9333016977494172,3.1,0.9550021832142439,0.0730129197299674,0.9550021832142439,4.79,0.9521761186362773,0.08011627869723674,0.9521761186362773,37.0,0.6942210457342182,0.2981033177633304,0.6942210457342182,20.8,0.9013111873412644,0.14012816124063426,0.9013111873412644,64.7,0.9574275332790412,0.07175919516410482,0.9574275332790412
40.0,0.9575908710062635,0.07425670371267457,0.9575908710062635,793.0,0.9507699457264359,0.08037430259207622,0.9507699457264359,30.0,0.9334125591235516,0.10841274518227331,0.9334125591235516,-2.3,0.955080563276955,0.0728994641617836,0.955080563276955,4.49,0.9520164081982617,0.08034936020389007,0.9520164081982617,21.0,0.6939421113508663,0.2982144800601675,0.6939421113508663,20.4,0.9015210787816471,0.13995312825111295,0.9015210787816471,53.7,0.9577329248625525,0.07140981681877835,0.9577329248625525
34.9,0.9571558086397686,0.07489457988142037,0.9571558086397686,785.0,0.9505892759584397,0.08054079282106134,0.9505892759584397,33.0,0.933252848685536,0.1086358561987644,0.933252848685536,1.6,0.954660049820385,0.0736404633635334,0.954660049820385,4.14,0.9518029659526848,0.08061533125321206,0.9518029659526848,10.0,0.6933983023659042,0.29853282268627906,0.6933983023659042,20.4,0.9014918571092605,0.13998387487815864,0.9014918571092605,63.9,0.9579952161720107,0.07105975970864406,0.9579952161720107
27.5,0.9567025013495798,0.07554738303126578,0.9567025013495798,808.0,0.9503416028054616,0.08091224881763047,0.9503416028054616,38.0,0.9335125303575443,0.10821219359050906,0.9335125303575443,0.8,0.954552459713928,0.07382528745494045,0.954552459713928,3.87,0.9514487253052923,0.08103836118218705,0.9514487253052923,9.0,0.6927205812469164,0.29861032602679743,0.6927205812469164,20.0,0.9010950909085129,0.14044180091199046,0.9010950909085129,59.6,0.9578092460028425,0.07135953678925315,0.9578092460028425
53.3,0.956780881412291,0.07543391180298284,0.956780881412291,1721.0,0.950769945726436,0.08037430259207623,0.950769945726436,39.0,0.9335674086969424,0.10816855799194114,0.9335674086969424,5.5,0.9545524597139279,0.07382528745493917,0.9545524597139279,14.99,0.9514695808146079,0.08101889895836575,0.9514695808146079,16.0,0.6926957345214864,0.2986120985429876,0.6926957345214864,31.8,0.9013755213185617,0.1399454177823613,0.9013755213185617,68.6,0.9574837592747467,0.07211244682576717,0.9574837592747467
67.5,0.9565332082593129,0.07580938237364221,0.9565332082593129,1621.0,0.9508389886694049,0.0802827327161903,0.9508389886694049,23.0,0.9339957516179167,0.10765390714791617,0.9339957516179167,-0.8,0.954427637669617,0.07398270357568476,0.954427637669617,18.53,0.9513962216155519,0.08109612499985791,0.9513962216155519,29.0,0.6929767081618472,0.29854963614884045,0.6929767081618472,33.3,0.9012088808430854,0.14013952592372456,0.9012088808430854,67.5,0.9575913493812036,0.07192681173676138,0.9575913493812036
47.1,0.9564223468851786,0.07596461320620887,0.9564223468851786,1424.0,0.950802427037859,0.08033290804100772,0.950802427037859,56.0,0.934316317379972,0.10745414182924258,0.934316317379972,-1.6,0.9544601189810402,0.07394091117518344,0.9544601189810402,11.56,0.9515312837984177,0.08094273732155852,0.9515312837984177,33.0,0.6926311724919177,0.29866671195767003,0.6926311724919177,30.2,0.9015713882187506,0.1398037283738723,0.9015713882187506,69.4,0.9581028062784678,0.07087389859175752,0.9581028062784678
20.8,0.9566133262893611,0.0757185759897656,0.9566133262893611,1224.0,0.9506699744924431,0.08058191377545214,0.9506699744924431,34.0,0.934752520544948,0.10699911395041359,0.934752520544948,-2.3,0.9548757183452299,0.07332203455046908,0.9548757183452299,3.56,0.9521344289420195,0.08030785626318754,0.9521344289420195,27.0,0.6925492099743341,0.29867590530645377,0.6925492099743341,18.4,0.9017366967557405,0.13966879195688964,0.9017366967557405,60.4,0.9581028062784678,0.07087389859175752,0.9581028062784678
36.5,0.9566133262893611,0.07571857598976688,0.9566133262893611,787.0,0.9503127665665783,0.08092416449664748,0.9503127665665783,46.0,0.9350747693861623,0.10641115429219994,0.9350747693861623,1.6,0.9552430760025153,0.07307037278574831,0.9552430760025153,4.18,0.9520653859990503,0.08039956495710406,0.9520653859990503,17.0,0.6934915593027751,0.2986806896803301,0.6934915593027751,20.4,0.9016118747114297,0.13980728306975637,0.9016118747114297,55.3,0.958269446753944,0.07065231698667711,0.958269446753944
42.0,0.9562919416335429,0.0762399273521026,0.9562919416335429,868.0,0.9501530561285627,0.08115660137512404,0.9501530561285627,46.0,0.9349765047708066,0.10653234688243506,0.9349765047708066,-3.9,0.9554615274831066,0.07272992342550116,0.9554615274831066,4.76,0.951987005936339,0.08051200702686809,0.951987005936339,24.0,0.6944323650866897,0.29868383604100873,0.6944323650866897,22.7,0.9009878184726942,0.14087012180294772,0.9009878184726942,54.9,0.958269446753944,0.07065231698667711,0.958269446753944
54.1,0.9560603602873751,0.07671070931965186,0.9560603602873751,1323.0,0.9501042070646816,0.08123551981280806,0.9501042070646816,25.0,0.9345016095050884,0.10749033433088896,0.9345016095050884,-3.1,0.9554615274831068,0.07272992342550118,0.9554615274831068,10.69,0.9516659735843049,0.08096134038201876,0.9516659735843049,34.0,0.695371619115658,0.2986853452541889,0.695371619115658,29.4,0.9006671295281945,0.14114956772819567,0.9006671295281945,65.9,0.9581422176273517,0.07084656118328346,0.9581422176273517
17.3,0.955739327935341,0.07716347423976419,0.955739327935341,905.0,0.9502033358654334,0.08101781690357916,0.9502033358654334,35.0,0.933712960084657,0.10947546141714085,0.933712960084657,-2.3,0.9554615274831068,0.07272992342550118,0.9554615274831068,4.4,0.9513437247430907,0.08156964384408287,0.9513437247430907,38.0,0.6960457399391002,0.2987946475284627,0.6960457399391002,20.8,0.9002703633274468,0.14160644832461908,0.9002703633274468,60.4,0.9579693773237599,0.07121396669652807,0.9579693773237599
36.1,0.9555580263260439,0.07749393875218386,0.9555580263260439,781.0,0.9501342929224644,0.08110926434960931,0.9501342929224644,32.0,0.9336020987105226,0.10962256682931949,0.9336020987105226,3.1,0.9555083292532075,0.07268162959673974,0.9555083292532075,4.32,0.9511624231337936,0.08189761353818663,0.9511624231337936,32.0,0.6966246575483803,0.2989132845901059,0.6966246575483803,20.4,0.899266224367658,0.14374591355920516,0.899266224367658,55.3,0.9579693773237596,0.07121396669652998,0.9579693773237596
34.9,0.9552983446540357,0.07793736273576601,0.9552983446540357,810.0,0.9501342929224644,0.08110926434960995,0.9501342929224644,32.0,0.9336020987105226,0.10962256682931949,0.9336020987105226,-4.7,0.9559241720380782,0.07236702590275405,0.9559241720380782,3.96,0.9510389867530356,0.08202887785336184,0.9510389867530356,22.0,0.6972656792699119,0.29902554738841614,0.6972656792699119,19.6,0.8987723517120322,0.14447366220998353,0.8987723517120322,57.3,0.9577509258431682,0.07155574273652152,0.9577509258431682
41.2,0.9552494955901546,0.07801691824001904,0.9552494955901546,780.0,0.9502033358654334,0.08101781690357916,0.9502033358654334,42.0,0.9335330557675535,0.10971009350536083,0.9335330557675535,-4.7,0.9560908125135545,0.07214626447280151,0.9560908125135545,2.75,0.9505369323292212,0.08271082728515904,0.9505369323292212,17.0,0.6978779534526953,0.2991400656216568,0.6978779534526953,20.0,0.8983567523478424,0.14501939217962648,0.8983567523478424,55.7,0.9579445514613486,0.07134681260495754,0.9579445514613486
57.6,0.9550096671220908,0.07834161889740932,0.9550096671220908,1601.0,0.9505756168789132,0.0804466988100352,0.9505756168789132,59.0,0.9329988646003067,0.11052406087886486,0.9329988646003067,2.3,0.9560124324508433,0.07225991445726657,0.9560124324508433,14.23,0.9503026345743286,0.08299519015925459,0.9503026345743286,28.0,0.6984521145010745,0.29925633057425083,0.6984521145010745,31.4,0.8986781370036606,0.1445574251218894,0.8986781370036606,67.8,0.958093959998971,0.07109794650733264,0.958093959998971
18.4,0.9552021464458179,0.07811704130193696,0.9552021464458179,1600.0,0.9508677798623448,0.07996495152813561,0.9508677798623448,57.0,0.9326115104992119,0.11090065120262696,0.9326115104992119,-0.8,0.9564037242350267,0.07155241409325731,0.9564037242350267,3.86,0.9508465727830159,0.08191548827945748,0.9508465727830159,30.0,0.6984521145010745,0.29925633057425083,0.6984521145010745,22.0,0.8989991693556947,0.1441589505101792,0.8989991693556947,74.5,0.958038180897629,0.0711633651722934,0.958038180897629
63.9,0.9550424360078025,0.07835128322724029,0.9550424360078025,1522.0,0.9512157219471183,0.0794184915813734,0.9512157219471183,52.0,0.9326702515417877,0.11080050631099457,0.9326702515417877,-4.7,0.9565285462793376,0.07139431489105506,0.9565285462793376,14.61,0.9507141202375999,0.0821642861632868,0.9507141202375999,35.0,0.6977726577339954,0.29970501833329266,0.6977726577339954,31.4,0.8989699476833081,0.14418944899891475,0.8989699476833081,66.7,0.9581288483926755,0.0710201509081809,0.9581288483926755
63.5,0.9543125276299469,0.08030342397341969,0.9543125276299469,1805.0,0.9515699625945107,0.07899497673497875,0.9515699625945107,38.0,0.9333925044706312,0.10959054638666639,0.9333925044706312,-7.8,0.9567210256030647,0.07116793202765327,0.9567210256030647,17.39,0.9502936067810299,0.08289750399368265,0.9502936067810299,40.0,0.696618168719289,0.29991141398889615,0.696618168719289,32.2,0.8983234286031782,0.14526466844259173,0.8983234286031782,68.2,0.9578770731674198,0.07162682355892429,0.9578770731674198
17.3,0.9546604697147204,0.07975489688751901,0.9546604697147204,1364.0,0.9515374812830875,0.0790364548015104,0.9515374812830875,40.0,0.9333632827982445,0.1096236458722077,0.9333632827982445,-2.3,0.9566885442916414,0.07120992948022126,0.9566885442916414,3.77,0.9502517883498646,0.08295946857005301,0.9502517883498646,38.0,0.6954181628593116,0.3013041553285921,0.6954181628593116,20.0,0.898323428603178,0.14526466844259173,0.898323428603178,62.7,0.9572208762924044,0.0734438697405702,0.9572208762924044
48.2,0.9545528796082633,0.07993903197169402,0.9545528796082633,1272.0,0.9515374812830875,0.07903645480150914,0.9515374812830875,20.0,0.9330890522163111,0.11000798050634837,0.9330890522163111,0.0,0.9565072426823443,0.0715418795815405,0.9565072426823443,9.42,0.9503254998527045,0.08281495944137754,0.9503254998527045,37.0,0.6949850860247587,0.3018212218158243,0.6949850860247587,27.8,0.8992393071502018,0.14322246658833648,0.8992393071502018,66.7,0.9572208762924044,0.07344386974056893,0.9572208762924044
36.5,0.9543297595678009,0.08033089956384475,0.9543297595678009,801.0,0.9511244995931192,0.07956428038182253,0.9511244995931192,31.0,0.932961823089719,0.11019125396796582,0.932961823089719,3.9,0.956094260992376,0.07207605645237469,0.956094260992376,4.09,0.9500333368692729,0.08329552767030618,0.9500333368692729,29.0,0.6958122156813689,0.30162067704120715,0.6958122156813689,20.4,0.8994624271906643,0.14287105422450794,0.8994624271906643,54.5,0.9572208762924044,0.07344386974056893,0.9572208762924044
32.5,0.9544569886943932,0.08013876760514349,0.9544569886943932,805.0,0.950935567482717,0.07983193355045985,0.950935567482717,31.0,0.9328927801467498,0.11027866740365481,0.9328927801467498,3.1,0.9558599632374836,0.07236492612196263,0.9558599632374836,3.67,0.9501605659958653,0.08310475424647576,0.9501605659958653,22.0,0.6958122156813689,0.30162067704120715,0.6958122156813689,19.6,0.8993130186530419,0.14309136486900761,0.8993130186530419,63.8636053593179,0.9571132861859473,0.07362925623348776,0.9571132861859473
39.6,0.9545058377582742,0.08005939331794258,0.9545058377582742,795.0,0.951256213777036,0.07953924120488265,0.951256213777036,28.0,0.9330036415208841,0.11013177149868349,0.9330036415208841,-3.9,0.9558599632374836,0.07236492612196263,0.9558599632374836,4.29,0.9503132124203693,0.08272391280478553,0.9503132124203693,11.0,0.6958122156813689,0.30162067704120715,0.6958122156813689,20.0,0.899386730155882,0.14296023973384167,0.899386730155882,55.7,0.9570141573851956,0.073849430188618,0.9570141573851956
38.0,0.9549772475725058,0.0792659663164126,0.9549772475725058,777.0,0.9516017494469655,0.07920275954604603,0.9516017494469655,53.0,0.9331790222153707,0.1099514130003398,0.9331790222153707,-3.9,0.9555795328274347,0.0729162639968752,0.9555795328274347,4.26,0.9502140836196175,0.08294146487958039,0.9502140836196175,8.0,0.6958122156813689,0.30162067704120715,0.6958122156813689,20.8,0.8999864474659112,0.14192331003642705,0.8999864474659112,63.8636053593179,0.9568817048397795,0.07410110602446264,0.9568817048397795
56.9,0.9553568433598543,0.07876191239406131,0.9553568433598543,1761.0,0.9517000140623212,0.0790761954074596,0.9517000140623212,43.0,0.9333997358409895,0.1097824226692826,0.9333997358409895,0.0,0.9555178298436249,0.07299331252921845,0.9555178298436249,15.52,0.9502629326834987,0.08286262404978413,0.9502629326834987,16.0,0.6958122156813689,0.30162067704120665,0.6958122156813689,31.8,0.8999174045229422,0.1420046122613629,0.8999174045229422,68.6,0.9567691054983082,0.07423397560504277,0.9567691054983082
71.8,0.9549845623463745,0.07933687696645614,0.9549845623463745,1537.0,0.951939842530385,0.07875294143481085,0.951939842530385,25.0,0.9334879962537546,0.10968169144606663,0.9334879962537546,2.3,0.9550239571879988,0.07381276676656874,0.9550239571879988,17.03,0.9498158617979733,0.08362459947618331,0.9498158617979733,26.0,0.6960558246599244,0.30157004178505836,0.6960558246599244,32.5,0.8994367571617912,0.14216745963960697,0.8994367571617912,65.9,0.956629022451787,0.07442460035082703,0.956629022451787
21.2,0.9546257518736144,0.07999845612146429,0.9546257518736144,1236.0,0.9517670022267931,0.07911636663352918,0.9517670022267931,60.0,0.9333888674530029,0.1098922203581512,0.9333888674530029,3.9,0.9545756330917049,0.07416817856546631,0.9545756330917049,5.94,0.9492719235892862,0.08470204985055993,0.9492719235892862,29.0,0.6958365546100752,0.3016110774290871,0.6958365546100752,25.9,0.8998657736966289,0.14203981440236196,0.8998657736966289,61.2,0.9568887041237952,0.07397954634065282,0.9568887041237952
71.0,0.9548573332197822,0.07952923377971387,0.9548573332197822,1536.0,0.9519529723959613,0.07882017129008989,0.9519529723959613,40.0,0.9333888674530029,0.1098922203581512,0.9333888674530029,0.8,0.9540316948830176,0.07525689880949103,0.9540316948830176,15.78,0.9493137420204514,0.08464023346617493,0.9493137420204514,34.0,0.6958365546100752,0.3016110774290871,0.6958365546100752,31.0,0.9005547166819144,0.14166590877882543,0.9005547166819144,65.9,0.9568887041237952,0.07397954634065282,0.9568887041237952
42.7,0.9547582044190304,0.07974824022157496,0.9547582044190304,1694.0,0.9518623049009146,0.07896163251415068,0.9518623049009146,33.0,0.9338044668171924,0.10930444541116599,0.9338044668171924,0.8,0.9538650544075412,0.07547658714571673,0.9538650544075412,8.49,0.9498284701853928,0.08381240574952378,0.9498284701853928,27.0,0.6963994925614525,0.30173084187797017,0.6963994925614525,23.9,0.9013893753396905,0.14107033924923484,0.9013893753396905,71.4,0.956629022451787,0.07442460035082703,0.956629022451787
38.0,0.9548982874655515,0.07955881196822145,0.9548982874655515,798.0,0.9521427353109636,0.07841438655006945,0.9521427353109636,34.0,0.934076472498084,0.10900163315422864,0.934076472498084,-1.6,0.9539237954501171,0.0753716638630304,0.9539237954501171,4.05,0.9498702886165583,0.08375050958190451,0.9498702886165583,22.0,0.6970218346378451,0.30184579992697697,0.6970218346378451,20.0,0.9017861415404381,0.14061250001841788,0.9017861415404381,58.8,0.9564623819763107,0.07464510335374605,0.9564623819763107
30.2,0.9549307687769747,0.07951718615106627,0.9549307687769747,812.0,0.9520155061843713,0.07860623113702317,0.9520155061843713,31.0,0.9342606883189487,0.10886310494312126,0.9342606883189487,0.8,0.9540144629451636,0.07522952254218118,0.9540144629451636,3.53,0.9496471685760958,0.08413937531208399,0.9496471685760958,12.0,0.6976166121378292,0.3019622733256262,0.6976166121378292,19.6,0.9016510793575724,0.14074769624288602,0.9016510793575724,55.3,0.9563026715382952,0.07488026856526438,0.9563026715382952
34.1,0.9546964710220822,0.07980383545880304,0.9546964710220822,812.0,0.951755824512363,0.07904755091685134,0.951755824512363,38.0,0.9344323121333603,0.10866882077959505,0.9344323121333603,0.8,0.9534413030640896,0.07635192485541203,0.9534413030640896,3.41,0.9490313928400522,0.08504621303901887,0.9490313928400522,7.0,0.6978654245901802,0.30203908245038547,0.6978654245901802,19.6,0.9012897284939175,0.14118054695668697,0.9012897284939175,56.9,0.9561950814318381,0.07506529975854977,0.9561950814318381
49.8,0.9546964710220822,0.07980383545880304,0.9546964710220822,630.0,0.9518145655549388,0.0789431006038513,0.9518145655549388,60.0,0.934405754704405,0.10869700316195652,0.934405754704405,3.1,0.9531205502495724,0.07670924074287817,0.9531205502495724,4.31,0.9489726517974765,0.08514995162162825,0.9489726517974765,10.0,0.6984218973617151,0.3021558408198724,0.6984218973617151,22.4,0.9015081799745088,0.14087777443553998,0.9015081799745088,38.0,0.9560353709938225,0.07530032208551686,0.9560353709938225
78.8,0.9546455746644206,0.07985917383724458,0.9546455746644206,1082.0,0.9519874058585307,0.07857962434746603,0.9519874058585307,66.0,0.9342738320700348,0.1088195940501458,0.9342738320700348,3.1,0.952664932179522,0.07706508093793238,0.952664932179522,12.86,0.948457923632535,0.08597622564161007,0.948457923632535,24.0,0.6993086005914874,0.30217513934533624,0.6993086005914874,31.0,0.9017027101838856,0.14071231797143544,0.9017027101838856,55.7,0.955944703498776,0.07544278808132775,0.955944703498776
78.4,0.9547838184375611,0.07976544248534588,0.9547838184375611,2267.0,0.9516651570173165,0.07918895807088491,0.9516651570173165,50.0,0.9345640494750019,0.10864393910769361,0.9345640494750019,3.1,0.9523372602561115,0.07726898952380398,0.9523372602561115,26.45,0.9479640509769091,0.08678230208349134,0.9479640509769091,28.0,0.6999512828767628,0.30228206128477986,0.6999512828767628,32.5,0.9009756416325666,0.14114310955290996,0.9009756416325666,67.8,0.9560184150016161,0.07529675679844244,0.9560184150016161
82.0,0.9550162043191148,0.07957765697641962,0.9550162043191148,1467.0,0.9514791868481483,0.07948498246459718,0.9514791868481483,65.0,0.9348263407844601,0.1083137558434523,0.9348263407844601,-7.8,0.9527117339496227,0.07701716231545097,0.9527117339496227,17.45,0.9478769306951874,0.08686572905774917,0.9478769306951874,36.0,0.699350355152635,0.3021700032246411,0.699350355152635,32.5,0.900411520691592,0.14137969765764055,0.900411520691592,65.1,0.9562073471120183,0.07502660793106014,0.9562073471120183
77.6,0.9554695116093033,0.07892804319912483,0.9554695116093033,1921.0,0.9518125636420303,0.0791556258999447,0.9518125636420303,20.0,0.93524685424103,0.10760510355458351,0.93524685424103,-5.5,0.9528518169961436,0.07682778867414787,0.9528518169961436,22.89,0.9484129985602647,0.08634440884033932,0.9484129985602647,41.0,0.6982039702508545,0.30237789891298683,0.6982039702508545,34.5,0.8999114103281357,0.14155784064524474,0.8999114103281357,66.7,0.9563726556490085,0.07486927930820417,0.9563726556490085
43.5,0.9555432231121433,0.07878235916279365,0.9555432231121433,1314.0,0.9520356836824928,0.07876461537224147,0.9520356836824928,60.0,0.9353793067864461,0.10736433135275773,0.9353793067864461,3.9,0.9527611495010971,0.07696958723362823,0.9527611495010971,10.52,0.9484129985602648,0.08634440884033934,0.9484129985602648,42.0,0.6970559464159906,0.3025829065074132,0.6970559464159906,29.4,0.8993999534308715,0.14250185161736,0.8993999534308715,70.6,0.9562650655425514,0.07505432651329828,0.9562650655425514
69.0,0.9553619215028464,0.07911244268549827,0.9553619215028464,1468.0,0.9524561971390627,0.0780280941673849,0.9524561971390627,21.0,0.93524685424103,0.10760510355458351,0.93524685424103,-3.1,0.9525456599617398,0.07726799447708396,0.9525456599617398,14.8,0.9482205192365376,0.08656549559814006,0.9482205192365376,46.0,0.6962542348889628,0.30251500462050485,0.6962542348889628,31.4,0.899309285935825,0.1426282298607326,0.899309285935825,65.9,0.9565864501983696,0.07453259277776514,0.9565864501983696
33.7,0.955460186118202,0.07898530469765726,0.955460186118202,886.0,0.9527158788110711,0.0775861400450265,0.9527158788110711,31.0,0.9353451188563858,0.10748398216395144,0.9353451188563858,1.6,0.9524947636040781,0.07732332448165251,0.9524947636040781,3.53,0.9482205192365376,0.08656549559814006,0.9482205192365376,47.0,0.6962542348889628,0.30251500462050485,0.6962542348889628,19.2,0.8990777045896573,0.14305158658434255,0.8990777045896573,58.8,0.9568338078614949,0.07425984489690106,0.9568338078614949
36.9,0.9561470237099527,0.0777469725641241,0.9561470237099527,799.0,0.9525299086419029,0.07788283836510926,0.9525299086419029,30.0,0.9359916379365155,0.10632992482247831,0.9359916379365155,-3.9,0.9530094917690196,0.07648846330777027,0.9530094917690196,4.13,0.9481802007249168,0.08660178786332336,0.9481802007249168,45.0,0.696801530204585,0.3026337483189919,0.696801530204585,20.0,0.8987972741796083,0.14354551278153913,0.8987972741796083,57.3,0.9568847042191565,0.07420406234088756,0.9568847042191565
38.0,0.9565832268749287,0.07726544799890864,0.9565832268749287,775.0,0.952250974258551,0.07817693339300778,0.952250974258551,30.0,0.9354801810392516,0.10733738406263543,0.9354801810392516,1.6,0.953051310200185,0.07642601380409851,0.953051310200185,4.09,0.9482938784355937,0.08648899226413725,0.9482938784355937,38.0,0.697405745054487,0.3027488536939703,0.697405745054487,20.4,0.8990107164251854,0.14331136731842672,0.8990107164251854,56.5,0.9564879380184089,0.07472476741781187,0.9564879380184089
30.2,0.9569445777385835,0.07677516581031764,0.9569445777385835,799.0,0.9519767436766176,0.07857939465329647,0.9519767436766176,32.0,0.9355602990692998,0.10725155895433662,0.9355602990692998,1.6,0.9527770796182516,0.07682935505957107,0.9527770796182516,3.44,0.9481444698979712,0.08673265943670719,0.9481444698979712,30.0,0.6979834742458755,0.3028649229985568,0.6979834742458755,20.0,0.8992911468352344,0.14281722955915052,0.8992911468352344,62.0,0.9565171596907956,0.07468961369580498,0.9565171596907956
35.7,0.9570328381513488,0.07666833235159756,0.9570328381513488,800.0,0.951758292196026,0.07891713821514126,0.951758292196026,30.0,0.9356927516147158,0.10701064580423375,0.9356927516147158,0.8,0.9529367900562672,0.07659547577428118,0.9529367900562672,4.01,0.9478926946727154,0.08732844503469851,0.9478926946727154,21.0,0.6982235810064835,0.3029392830816588,0.6982235810064835,20.0,0.8991639177086421,0.142988114783413,0.8991639177086421,54.5,0.956735611171387,0.07434903562001621,0.956735611171387
36.9,0.9569591266485088,0.07681442527350034,0.9569591266485088,799.0,0.9517582921960261,0.07891713821514128,0.9517582921960261,47.0,0.9347151700838822,0.10925553640171078,0.9347151700838822,-4.7,0.9527554884469701,0.07692499315899234,0.9527554884469701,3.88,0.9478602133612922,0.08736945636394876,0.9478602133612922,18.0,0.6984582899974348,0.3030120810138098,0.6984582899974348,20.0,0.8987168468231167,0.1436748891788752,0.8987168468231167,56.9,0.9573052176757265,0.0734614338509072,0.9573052176757265
69.0,0.9566786962384598,0.07736514223954691,0.9566786962384598,1704.0,0.9519077007336485,0.07867121158710579,0.9519077007336485,60.0,0.9346125892124397,0.10936212554401283,0.9346125892124397,-2.3,0.9528112675483119,0.07686031832915734,0.9528112675483119,18.7,0.9482952757277872,0.08674416243789403,0.9482952757277872,28.0,0.6990081510562907,0.30312697842233116,0.6990081510562907,32.9,0.8987586652542822,0.1436195174791301,0.8987586652542822,67.5,0.9577019838764742,0.07293970749644084,0.9577019838764742
18.4,0.9563368083771102,0.07783766400539799,0.9563368083771102,1647.0,0.9517582921960261,0.07891713821514064,0.9517582921960261,59.0,0.9345017278383052,0.10950941118907268,0.9345017278383052,-1.6,0.9529238668897834,0.07672838111682995,0.9529238668897834,4.22,0.9484225048543796,0.08655424152258326,0.9484225048543796,31.0,0.6997756055548798,0.3031993363458879,0.6997756055548798,23.5,0.8984206400961104,0.14398029986841257,0.8984206400961104,74.9,0.957454310723496,0.07331622224516918,0.957454310723496
76.1,0.9561967253305892,0.07802766492006079,0.9561967253305892,1660.0,0.9519249326715025,0.07869859571149271,0.9519249326715025,66.0,0.9344459487369632,0.10957071972635629,0.9344459487369632,0.0,0.9524299942341575,0.0775434686666685,0.9524299942341575,19.03,0.9486568026092722,0.08627140137317155,0.9486568026092722,40.0,0.7003112964691577,0.30331274472084463,0.7003112964691577,32.9,0.8980726980113369,0.1444680949940612,0.8980726980113369,66.3,0.9574277532945408,0.073346229938841,0.9574277532945408
19.6,0.9565914691854633,0.07742898725286965,0.9565914691854633,1598.0,0.9524932004756815,0.07807713527882104,0.9524932004756815,51.0,0.9343552812419169,0.1097063167523388,0.9343552812419169,-1.6,0.9521468474153837,0.07790902701324777,0.9521468474153837,4.0,0.9484252212631042,0.08673567878381505,0.9484252212631042,43.0,0.7003112964691577,0.30331274472084463,0.7003112964691577,20.4,0.8983981847394328,0.14379125247075783,0.8983981847394328,62.4,0.9576501776236848,0.07314841657091363,0.9576501776236848
45.9,0.9567315522319845,0.0772388108064843,0.9567315522319845,1494.0,0.9528336045679804,0.07779771682670825,0.9528336045679804,45.0,0.9349411032354769,0.10885148997698767,0.9349411032354769,4.7,0.9521834090469297,0.07785867893954207,0.9521834090469297,10.02,0.9489190939187302,0.08592914215609526,0.9489190939187302,48.0,0.6997756055548798,0.3031993363458879,0.6997756055548798,28.6,0.8990411225251467,0.14296439771259462,0.8990411225251467,69.8,0.9576990266875658,0.07306839277618317,0.9576990266875658
57.3,0.9568587813585767,0.07704573033713692,0.9568587813585767,1589.0,0.9526411252442533,0.07802172377907467,0.9526411252442533,45.0,0.9353582782099105,0.10853218366730116,0.9353582782099105,-3.9,0.9518111280334498,0.07843188175633273,0.9518111280334498,13.47,0.9502352297151541,0.0833685651537719,0.9502352297151541,47.0,0.6997756055548798,0.3031993363458879,0.6997756055548798,31.0,0.8998831207499526,0.14237098648609037,0.8998831207499526,68.6,0.9577577677301417,0.07296286279345822,0.9577577677301417
47.1,0.9570512606823038,0.07682039623977457,0.9570512606823038,1582.0,0.952930301338544,0.07768878047104721,0.952930301338544,44.0,0.9357696346494565,0.10809103354279977,0.9357696346494565,2.3,0.9521366147615457,0.07768588314616186,0.9521366147615457,11.35,0.9509854558246341,0.08238471225207282,0.9509854558246341,47.0,0.6997756055548798,0.3031993363458879,0.6997756055548798,29.4,0.9007951837757007,0.14164498117152527,0.9007951837757007,69.4,0.9578484352251881,0.07281986473837757,0.9578484352251881
52.2,0.9572855584371964,0.07653221320961533,0.9572855584371964,1554.0,0.952930301338544,0.07768878047104721,0.952930301338544,44.0,0.9357138555481146,0.1081525275386006,0.9357138555481146,-3.1,0.9530849746199926,0.07539755564803612,0.9530849746199926,11.4,0.9514461335223563,0.08194940997887125,0.9514461335223563,46.0,0.7002086823894325,0.30267697767383483,0.7002086823894325,29.8,0.9014113909528852,0.14135194437163176,0.9014113909528852,69.0,0.9580800165713559,0.07234719237372553,0.9580800165713559
51.4,0.957508678477659,0.07613813066039012,0.957508678477659,1535.0,0.952930301338544,0.07768878047104721,0.952930301338544,40.0,0.9359676163053126,0.10786313908812116,0.9359676163053126,3.1,0.9530849746199926,0.07539755564803612,0.9530849746199926,10.58,0.9517675181781745,0.08143288843566526,0.9517675181781745,45.0,0.6991974905629327,0.30308183389835053,0.6991974905629327,29.0,0.9017702014256453,0.14075510282088757,0.9017702014256453,69.0,0.9581288656352371,0.07226708846210617,0.9581288656352371
47.5,0.9571864296364446,0.07675212893645514,0.9571864296364446,1519.0,0.9523738045041995,0.07841053966408444,0.9523738045041995,21.0,0.9361978035550385,0.10761889727246808,0.9361978035550385,-0.8,0.953359205201926,0.07499365782974207,0.953359205201926,10.41,0.9517058151943647,0.08150903981170192,0.9517058151943647,44.0,0.6982817808352867,0.30336017765428336,0.6982817808352867,29.0,0.90172838299448,0.14081083761005087,0.90172838299448,69.8,0.9582397270093714,0.072111121469032,0.9582397270093714
39.2,0.9573753617468468,0.07648190101098525,0.9573753617468468,882.0,0.9519376013392234,0.07888910901246442,0.9519376013392234,33.0,0.9362960002451465,0.10753544180455425,0.9362960002451465,-3.1,0.9534179462445018,0.07488876536142569,0.9534179462445018,4.65,0.951530434499878,0.0816990336855438,0.951530434499878,42.0,0.6979311251394476,0.3033151696454302,0.6979311251394476,20.8,0.9014940852395874,0.14106334843138088,0.9014940852395874,65.1,0.9583207532860802,0.07203555384623293,0.9583207532860802
40.8,0.9572324623637833,0.07663228923192397,0.9572324623637833,787.0,0.9513572733728962,0.07962322829988484,0.9513572733728962,31.0,0.9366431359998216,0.10729114108530012,0.9366431359998216,-2.3,0.9533592052019261,0.07499365782974145,0.9533592052019261,4.2,0.9513721714872535,0.08182986259004425,0.9513721714872535,35.0,0.6970082559797319,0.30358936217663546,0.6970082559797319,20.4,0.9015379360728832,0.14103761464020104,0.9015379360728832,55.7,0.9582131631796231,0.07222133044945538,0.9582131631796231
31.8,0.9575292775261196,0.0763503385401512,0.9575292775261196,730.0,0.9509470239188644,0.08003446099184111,0.9509470239188644,46.0,0.9373030749212301,0.10655073113558809,0.9373030749212301,3.1,0.9534209081857359,0.07491693413374635,0.9534209081857359,4.22,0.9516324575495041,0.0816419662315661,0.9516324575495041,31.0,0.6962631735424157,0.303688505731624,0.6962631735424157,20.8,0.9021504030379336,0.14074403602036942,0.9021504030379336,64.3,0.9582497248111691,0.07217040659122603,0.9582497248111691
59.2,0.9578097079361685,0.07579879456976106,0.9578097079361685,1613.0,0.9510578852929987,0.07988069428483863,0.9510578852929987,58.0,0.9372597565705203,0.10659045299778232,0.9372597565705203,-3.1,0.9537416610002531,0.07455888644461657,0.9537416610002531,14.35,0.9520480569136938,0.08102847651102935,0.9520480569136938,39.0,0.6962631735424157,0.303688505731624,0.6962631735424157,27.23618212807402,0.9028281241569213,0.14036847288991838,0.9028281241569213,68.2,0.9582822061225922,0.07212836527974166,0.9582822061225922
71.4,0.9577480049523586,0.07587585918981574,0.9577480049523586,2023.0,0.9513593416261743,0.07964189635262425,0.9513593416261743,59.0,0.9365375036416769,0.10780844332665546,0.9365375036416769,0.6281970010971596,0.9545560895430637,0.0735379285300616,0.9545560895430637,21.47,0.9518325673743364,0.0813257155883814,0.9518325673743364,46.0,0.6970064788979985,0.3037710757301995,0.6970064788979985,33.7,0.9033095273078044,0.14018998105246472,0.9033095273078044,67.8,0.9583605861853034,0.07201440663208673,0.9583605861853034
70.2,0.9577989013100202,0.07582010167321794,0.9577989013100202,2309.0,0.9515998400018398,0.0794630951767692,0.9515998400018398,53.0,0.9365375036416769,0.10780844332665483,0.9365375036416769,1.6,0.9547959180111275,0.07321219383068951,0.9547959180111275,24.23,0.9515479423833794,0.08153921736300719,0.9515479423833794,44.0,0.6980103794572382,0.30369744877981175,0.6980103794572382,34.5,0.9033095273078044,0.14018998105246472,0.9033095273078044,69.0,0.9585188491979278,0.07188079671088,0.9585188491979278
80.0,0.9576322608345439,0.07604066327934036,0.9576322608345439,1476.0,0.9518117823278723,0.0792223994608596,0.9518117823278723,70.0,0.9363190521610855,0.10813330050524851,0.9363190521610855,3.9,0.9546558349646064,0.07340253041592038,0.9546558349646064,17.69,0.9516605417248508,0.08140803283264775,0.9516605417248508,44.0,0.6985282190177272,0.30345413379942415,0.6985282190177272,32.9,0.9037159468007531,0.14006199075130477,0.9037159468007531,64.3,0.9590354961332197,0.07117629146878927,0.9590354961332197
86.7,0.9575296799631012,0.07615400493255893,0.9575296799631012,1489.0,0.9515196193444407,0.07970490185701902,0.9515196193444407,61.0,0.9363623705117953,0.10809369978192301,0.9363623705117953,-0.8,0.9550763484211763,0.07266142996426597,0.9550763484211763,18.72,0.9518202521628664,0.08117522618576961,0.9518202521628664,43.0,0.6991578918445832,0.30301171279237854,0.6991578918445832,33.3,0.903942958321553,0.13985886695424607,0.903942958321553,62.7,0.9591603181775308,0.07101765700211232,0.9591603181775308
20.8,0.9575296799631012,0.07615400493255893,0.9575296799631012,1420.0,0.9514707702805596,0.07978402032638444,0.9514707702805596,30.0,0.9361439190312039,0.10841842024116538,0.9361439190312039,7.0,0.9551380514049863,0.07258439994379864,0.9551380514049863,3.05,0.9518527334742897,0.08113380717683481,0.9518527334742897,33.0,0.6991578918445832,0.30301171279237854,0.6991578918445832,20.8,0.9041026687595687,0.13964946493101846,0.9041026687595687,68.2,0.9592021366086961,0.07095452275403474,0.9592021366086961
34.1,0.9575987229060703,0.07606139706176232,0.9575987229060703,787.0,0.9517409366880704,0.07956119840800291,0.9517409366880704,27.0,0.9362763715766199,0.10817750298522268,0.9362763715766199,-4.7,0.9559451859740403,0.07156277159673108,0.9559451859740403,3.96,0.9519676781362043,0.0810444437493765,0.9519676781362043,24.0,0.6988195858202815,0.30296346281322567,0.6988195858202815,20.0,0.9044052785806476,0.1393091412241816,0.9044052785806476,53.3,0.9599072191241405,0.06968944025672423,0.9599072191241405
53.7,0.9575987229060704,0.07606139706175978,0.9575987229060704,1336.0,0.9515980373050068,0.07971010429933326,0.9515980373050068,30.0,0.9364036007032122,0.10799319827190533,0.9364036007032122,4.7,0.9567448395038783,0.07054216166716096,0.9567448395038783,10.64,0.9522246433994878,0.08079133831419781,0.9522246433994878,37.0,0.6984299264715987,0.3030830232358529,0.6984299264715987,29.4,0.9044296175093539,0.13928669975260424,0.9044296175093539,65.9,0.9610167232893445,0.06720509919779026,0.9610167232893445
18.4,0.9577584333440858,0.07582607631028451,0.9577584333440858,1267.0,0.9517228593493178,0.07955396353162708,0.9517228593493178,32.0,0.9364036007032122,0.10799319827190533,0.9364036007032122,2.3,0.9572887777125655,0.06944742290459442,0.9572887777125655,3.25,0.9525969244129676,0.08021878237320788,0.9525969244129676,41.0,0.6985700095181198,0.30299667324653873,0.6985700095181198,18.4,0.9049462644446459,0.13866493556462192,0.9049462644446459,62.4,0.9612026934585125,0.06690342185509335,0.9612026934585125
38.4,0.9580181150160941,0.07538082932489684,0.9580181150160941,795.0,0.9517646777804832,0.07949174210139939,0.9517646777804832,32.0,0.9363702148005923,0.10801783872232576,0.9363702148005923,-3.9,0.9571393691749432,0.06969631878267075,0.9571393691749432,4.27,0.9528758587963195,0.07992516178276245,0.9528758587963195,39.0,0.6985211604542387,0.30303657431501074,0.6985211604542387,20.0,0.9054167421482335,0.13807118791078538,0.9054167421482335,54.1,0.9612515425223938,0.06682275621122459,0.9612515425223938
33.3,0.9584882124982161,0.07480697299086457,0.9584882124982161,794.0,0.9520855325252559,0.07909417250158789,0.9520855325252559,32.0,0.9363702148005923,0.10801783872232576,0.9363702148005923,3.1,0.9571882182388244,0.06961616546865637,0.9571882182388244,4.04,0.9532300994437118,0.07950099329144092,0.9532300994437118,34.0,0.6985799014968145,0.30298181617372266,0.6985799014968145,20.0,0.905543971274826,0.13789814318255952,0.905543971274826,60.4,0.9612149808908479,0.06687406022561349,0.9612149808908479
34.9,0.9588374549150234,0.07442686634803437,0.9588374549150234,810.0,0.9522153059355905,0.07898232027397353,0.9522153059355905,30.0,0.9367616304373122,0.10770746764789771,0.9367616304373122,0.8,0.957486787749464,0.06918271894395422,0.957486787749464,3.77,0.9533549214880227,0.07934452155197082,0.9533549214880227,28.0,0.6993284569751481,0.30288035923310835,0.6993284569751481,19.6,0.9061297932683859,0.13709220509924233,0.9061297932683859,61.2,0.9613286586015247,0.0667570975886481,0.9613286586015247
38.0,0.9591728002410181,0.07405594845600148,0.9591728002410181,808.0,0.9530474091271733,0.07764555562484891,0.9530474091271733,33.0,0.9369198934499366,0.10758344086680434,0.9369198934499366,-4.7,0.9577022772888215,0.06888076361648718,0.9577022772888215,4.24,0.9534540502887745,0.07912581934541528,0.9534540502887745,18.0,0.6993284569751481,0.30288035923310835,0.6993284569751481,20.4,0.9064129400871597,0.13676509835271153,0.9064129400871597,55.7,0.9618433867664662,0.0659080688662864,0.9618433867664662
65.9,0.9593652795647453,0.07382939470273901,0.9593652795647453,964.0,0.9532872375952373,0.07732142772233877,0.9532872375952373,61.0,0.9369198934499365,0.10758344086680434,0.9369198934499365,0.0,0.9580935690730049,0.06817052811485516,0.9580935690730049,9.2,0.9531285635606787,0.07987243241159302,0.9531285635606787,26.0,0.6996632899584324,0.3029274636097543,0.6996632899584324,27.8,0.9063863826582044,0.1367914243597106,0.9063863826582044,62.4,0.9621355497498977,0.06541561407831652,0.9621355497498977
72.2,0.9591700172852715,0.07400928616996535,0.9591700172852715,1449.0,0.9530556562490694,0.07779035117153076,0.9530556562490694,59.0,0.9368906717775499,0.10761675392590318,0.9368906717775499,0.0,0.9578751175924134,0.06851304660730208,0.9578751175924134,15.42,0.952937584156496,0.0801166305231706,0.952937584156496,37.0,0.7002939961347167,0.30289509466305264,0.7002939961347167,31.8,0.9058521914909576,0.13756204078756087,0.9058521914909576,64.7,0.9618878765969197,0.06579598343029873,0.9618878765969197
56.1,0.9593101003317925,0.07381803669137908,0.9593101003317925,1888.0,0.9526609123941953,0.07838642869325607,0.9526609123941953,51.0,0.9371529630870081,0.10728530971254233,0.9371529630870081,-8.6,0.9579488290952536,0.06836616371931932,0.9579488290952536,15.68,0.9525187248899393,0.08049139346719543,0.9525187248899393,41.0,0.7003689002627537,0.3028891768569453,0.7003689002627537,31.8,0.9053313598186805,0.1377790500836306,0.9053313598186805,68.6,0.9611827940814753,0.06706674328310597,0.9611827940814753
61.6,0.9595235425773696,0.07354817193190573,0.9595235425773696,2091.0,0.9522712530455125,0.07874770978746759,0.9522712530455125,46.0,0.9378940711947792,0.10633973788810809,0.9378940711947792,-1.6,0.9580075701378294,0.06826031553584062,0.9580075701378294,19.35,0.9522399085946909,0.0806883118179489,0.9522399085946909,44.0,0.6995247101415295,0.3028552092859512,0.6995247101415295,32.9,0.9048694196701027,0.13794457645864538,0.9048694196701027,68.6,0.9606661471461835,0.06777520726462934,0.9606661471461835
18.0,0.9596311326838267,0.07336226791770159,0.9596311326838267,1599.0,0.9521115426074969,0.07898104680108188,0.9521115426074969,30.0,0.9382669565985012,0.10603583413444892,0.9382669565985012,10.2,0.957616278353646,0.06897044558793494,0.957616278353646,3.96,0.9522074272832676,0.080729765122988,0.9522074272832676,41.0,0.6994848602424767,0.3028592865754163,0.6994848602424767,20.4,0.905063045288283,0.13776302992161837,0.905063045288283,65.1,0.9602190762606583,0.06855339899372342,0.9602190762606583
36.1,0.96002242446801,0.07265231667281376,0.96002242446801,784.0,0.9519449021320208,0.0791995881202483,0.9519449021320208,26.0,0.9385976346040634,0.10577589481268,0.9385976346040634,5.5,0.9575378982909349,0.06908455571586179,0.9575378982909349,4.12,0.9519477456112594,0.08117060341948698,0.9519477456112594,38.0,0.7003615316751243,0.3028748331308612,0.7003615316751243,20.4,0.9050141962244018,0.137834741944116,0.9050141962244018,63.5,0.960255637892204,0.06850221734953363,0.960255637892204
22.0,0.9597627427960016,0.0730993188997249,0.9597627427960016,1208.0,0.9516728964511293,0.07951791343823116,0.9516728964511293,28.0,0.938485035262592,0.10590208884645022,0.938485035262592,12.5,0.9574595182282238,0.06919864623844899,0.9574595182282238,3.66,0.951556453827076,0.08187057915195325,0.951556453827076,26.0,0.7009275230447268,0.3029852797908321,0.7009275230447268,20.4,0.9043901399856662,0.13890368356700813,0.9043901399856662,57.6,0.960132201511446,0.06863666090866287,0.960132201511446
38.4,0.9597627427960016,0.0730993188997249,0.9597627427960016,793.0,0.9513140859783691,0.08017692213247395,0.9513140859783691,46.0,0.9386578755661839,0.10554907125987298,0.9386578755661839,0.0,0.9572410667476322,0.06954068285144106,0.9572410667476322,3.57,0.9511093829415507,0.08263416446574874,0.9511093829415507,18.0,0.7011375849047898,0.3030502971150992,0.7011375849047898,20.4,0.9038734930503745,0.13952483169146288,0.9038734930503745,55.3,0.9596971391449509,0.06927895616134347,0.9596971391449509
57.3,0.9593471434318119,0.07372178663120454,0.9593471434318119,1640.0,0.9515945163884182,0.07963037630422169,0.9515945163884182,26.0,0.9388809956066464,0.10517025367366362,0.9388809956066464,1.6,0.9573811497941533,0.0693492075088932,0.9573811497941533,11.34,0.9512418354869667,0.08238531907785733,0.9512418354869667,18.0,0.7016772386467032,0.3031602906840154,0.7016772386467032,29.4,0.9030463633937644,0.14012361956615443,0.9030463633937644,68.6,0.9599448122979292,0.0689004290065734,0.9599448122979292
58.4,0.959133701186235,0.07399155712393694,0.959133701186235,1789.0,0.9516728964511293,0.07951791343823116,0.9516728964511293,21.0,0.9390407060446619,0.10494498430914036,0.9390407060446619,6.2,0.9578926066914174,0.06829516520649714,0.9578926066914174,16.45,0.9510298931609342,0.0826251447801216,0.9510298931609342,30.0,0.7021251140676142,0.30296867403761957,0.7021251140676142,32.2,0.902364853485745,0.14049979812557836,0.902364853485745,69.0,0.960105956604686,0.06873266711838709,0.960105956604686
52.2,0.9590918827550695,0.07405455401066,0.9590918827550695,1508.0,0.9516728964511293,0.07951791343823116,0.9516728964511293,66.0,0.9396647622833973,0.10380534139242735,0.9396647622833973,0.0,0.9583256835259703,0.06735431256681228,0.9583256835259703,13.94,0.950951513098223,0.0827372667148884,0.950951513098223,40.0,0.7018681488043308,0.30306047720099916,0.7018681488043308,31.0,0.90222610237771,0.14060865782701756,0.90222610237771,72.2,0.9600005913992711,0.06883473219073863,0.9600005913992711
81.2,0.959241291292692,0.07380578507010446,0.959241291292692,2088.0,0.9519471270330625,0.0791158654865545,0.9519471270330625,61.0,0.9397638910841491,0.10359259854163627,0.9397638910841491,3.1,0.9588123767187786,0.06666955438934943,0.9588123767187786,25.14,0.9512138044076812,0.08239308980894802,0.9512138044076812,44.0,0.7013497233882338,0.3029503218688976,0.7013497233882338,34.5,0.9020351229735274,0.14082519756120346,0.9020351229735274,67.1,0.9600988560146267,0.06870584612092259,0.9600988560146267
80.4,0.9595035826021501,0.07345577039403392,0.9595035826021501,1556.0,0.9522693758742768,0.07850631065621776,0.9522693758742768,67.0,0.9395323097379814,0.10404785751645018,0.9395323097379814,-3.1,0.9596043522950652,0.06564449953486345,0.9596043522950652,18.55,0.9514675651648791,0.08209107333418479,0.9514675651648791,51.0,0.7006115362233292,0.30287391352917736,0.7006115362233292,32.9,0.9029397529220092,0.14009574915269307,0.9029397529220092,64.7,0.9600005913992711,0.0688347321907399,0.9600005913992711
84.3,0.9595524316660311,0.07337559295101427,0.9595524316660311,1753.0,0.9526898893308468,0.07776947760164117,0.9526898893308468,71.0,0.9393569290434948,0.10423082661851032,0.9393569290434948,2.3,0.9602893135549067,0.06484280421657386,0.9602893135549067,22.15,0.9515093835960444,0.08202898197910673,0.9515093835960444,56.0,0.7000684402066637,0.3027624031941841,0.7000684402066637,34.5,0.9032620017632235,0.13954215923374244,0.9032620017632235,65.1,0.9600005913992711,0.06883473219073863,0.9600005913992711
85.9,0.9592498218449522,0.07376299047357443,0.9592498218449522,1881.0,0.9528615131452585,0.07756497902448645,0.9528615131452585,76.0,0.93927047398387,0.10429745757978666,0.93927047398387,2.3,0.9607848685920514,0.0643782281927269,0.9607848685920514,24.33,0.9516953537652126,0.08173344442487433,0.9516953537652126,60.0,0.7000684402066637,0.3027624031941841,0.7000684402066637,35.3,0.9032111054055619,0.13959067850986542,0.9032111054055619,65.5,0.960105956604686,0.06873266711838581,0.960105956604686
93.7,0.9590939041527707,0.07393862054925673,0.9590939041527707,2014.0,0.9531263504496303,0.07735968336964262,0.9531263504496303,75.0,0.9391749923242608,0.10436605443968601,0.9391749923242608,2.3,0.9606614322112933,0.0645132853896623,0.9606614322112933,28.18,0.9515427073407087,0.08211503734562445,0.9515427073407087,61.0,0.6994885839363523,0.3026518785961034,0.6994885839363523,36.5,0.9026769142383152,0.14035637210397647,0.9026769142383152,65.5,0.960105956604686,0.06873266711838581,0.960105956604686
93.7,0.9587864801671293,0.07425606097531892,0.9587864801671293,2065.0,0.9528057340439166,0.07762961648984963,0.9528057340439166,19.0,0.9391384306927149,0.10441460047580867,0.9391384306927149,0.0,0.9604137590583152,0.06489325280379511,0.9604137590583152,29.08,0.9506309931940444,0.08348457222422638,0.9506309931940444,58.0,0.6991313760104877,0.3027713874086659,0.6991313760104877,36.9,0.9020644472732651,0.14065049674376234,0.9020644472732651,65.1,0.9600767349322995,0.06876815113450181,0.9600767349322995
49.4,0.9586305624749478,0.07443151443421636,0.9586305624749478,1557.0,0.9528349557163033,0.07759470479533266,0.9528349557163033,50.0,0.9389825130005337,0.10458095073062303,0.9389825130005337,-0.8,0.9601953075777236,0.06523742158736247,0.9601953075777236,11.47,0.9505327285786888,0.08361052014389293,0.9505327285786888,57.0,0.6994769116804173,0.30265245917559785,0.6994769116804173,29.8,0.9020644472732651,0.14065049674376234,0.9020644472732651,70.6,0.9601843250387564,0.06858159477900563,0.9601843250387564
59.2,0.958594000843402,0.07448237448289308,0.958594000843402,1586.0,0.9530002642532933,0.0774384681361494,0.9530002642532933,48.0,0.9390501702799499,0.10451656166024283,0.9390501702799499,4.7,0.9600844462035892,0.06539453455210319,0.9600844462035892,13.94,0.9504961669471429,0.08366054931669012,0.9504961669471429,60.0,0.7006515560653885,0.30202450591718294,0.7006515560653885,31.0,0.9020644472732651,0.14065049674376234,0.9020644472732651,68.2,0.9601843250387564,0.06858159477900563,0.9601843250387564
51.0,0.9586822612561672,0.07437512140731507,0.9586822612561672,1662.0,0.953309238291677,0.07715094818327212,0.953309238291677,21.0,0.9392411496841324,0.10428135533614212,0.9392411496841324,4.7,0.9604224713617611,0.06497413450048281,0.9604224713617611,12.37,0.950371344902832,0.08381592260033718,0.950371344902832,60.0,0.701347747431157,0.3019474652398232,0.701347747431157,30.2,0.9020644472732651,0.14065049674376234,0.9020644472732651,69.0,0.9601354759748753,0.06866207383526829,0.9601354759748753
20.0,0.9591173236226621,0.07373588422293449,0.9591173236226621,1005.0,0.953642615085559,0.07682003513191422,0.953642615085559,33.0,0.93901802964367,0.1046605486052861,0.93901802964367,-0.8,0.9607056181805347,0.06460118549156821,0.9607056181805347,2.24,0.9504596053155971,0.08371057439324436,0.9504596053155971,57.0,0.7023625859595549,0.301537969854847,0.7023625859595549,19.2,0.9020278856417191,0.14069532611567284,0.9020278856417191,60.0,0.9605559894314453,0.06791427517790728,0.9605559894314453
32.2,0.9595086154068455,0.07302649740718271,0.9595086154068455,801.0,0.9537331167803325,0.0767541615790439,0.9537331167803325,32.0,0.9385466198294384,0.1054266416757402,0.9385466198294384,3.1,0.9605146387763521,0.06485061454570192,0.9605146387763521,4.06,0.9504596053155971,0.08371057439324436,0.9504596053155971,43.0,0.7027441049591987,0.30157516718769534,0.7027441049591987,20.0,0.9023697735030687,0.14027670801262632,0.9023697735030687,59.2,0.9606176924152552,0.0678364445825649,0.9606176924152552
36.9,0.9594395724638763,0.07311953022934295,0.9594395724638763,800.0,0.9537769676136284,0.07672320641643587,0.9537769676136284,30.0,0.9384559523343919,0.10556332725060544,0.9384559523343919,-7.0,0.9604558977337762,0.06495697014809358,0.9604558977337762,3.93,0.9501382206597789,0.08422554008964785,0.9501382206597789,20.0,0.7027441049591987,0.30157516718769534,0.7027441049591987,20.0,0.9024679701931766,0.14020065260959805,0.9024679701931766,54.1,0.960731370125932,0.06771967833448508,0.960731370125932
46.7,0.9595278328766416,0.07301204509215385,0.9595278328766416,687.0,0.9537769676136284,0.07672320641643587,0.9537769676136284,53.0,0.9383822408315518,0.10570408306107358,0.9383822408315518,3.1,0.9604140793026108,0.06502045613794503,0.9604140793026108,4.88,0.950138220659779,0.08422554008964786,0.950138220659779,18.0,0.7027441049591987,0.30157516718769534,0.7027441049591987,22.0,0.9023321700219467,0.14029368824564722,0.9023321700219467,63.5,0.9606205087517975,0.06787660099715534,0.9606205087517975
63.5,0.9588848950909277,0.0739547701963144,0.9588848950909277,1654.0,0.9537769676136284,0.07672320641643587,0.9537769676136284,22.0,0.9388536506457834,0.1049382820207312,0.9388536506457834,-3.9,0.9604140793026108,0.06502045613794567,0.9604140793026108,16.15,0.9495385033497498,0.08536697492634746,0.9495385033497498,26.0,0.7030396957306699,0.3016162710199679,0.7030396957306699,32.2,0.9014237998613304,0.14102252995745046,0.9014237998613304,68.2,0.9604315766413953,0.06814953969985867,0.9604315766413953
54.1,0.9583910224353018,0.0747768838238095,0.9583910224353018,1310.0,0.9535453862674607,0.07719253537067486,0.9535453862674607,68.0,0.939325060460015,0.10417165861810783,0.939325060460015,6.2,0.9604877908054509,0.06487288798241848,0.9604877908054509,11.28,0.9494276419756154,0.08551982563560977,0.9494276419756154,30.0,0.7033715651219906,0.3015170502912323,0.7033715651219906,30.2,0.9011814271095243,0.14123403579196808,0.9011814271095243,68.2,0.959879140550455,0.06902938055270959,0.959879140550455
79.6,0.9581755328959445,0.07507775292840663,0.9581755328959445,1543.0,0.9532649558574117,0.07774101509083059,0.9532649558574117,47.0,0.940078890109085,0.10292426966570771,0.940078890109085,-10.2,0.9601155097919711,0.06545665391231219,0.9601155097919711,18.35,0.9495942824510917,0.08530304483259536,0.9495942824510917,35.0,0.7030396957306699,0.3016162710199679,0.7030396957306699,32.9,0.9016950534152663,0.14103888021362607,0.9016950534152663,64.7,0.9598525831214997,0.06905959313915352,0.9598525831214997
33.7,0.9584559633059933,0.07452543420126069,0.9584559633059933,1691.0,0.9532649558574117,0.07774101509082997,0.9532649558574117,46.0,0.9403774596197246,0.10250993029833445,0.9403774596197246,3.9,0.9602968114012684,0.065122200621549,0.9602968114012684,8.47,0.9497051438252261,0.08515013848544271,0.9497051438252261,33.0,0.7029998458316172,0.30162061197987833,0.7029998458316172,27.1,0.902229244582513,0.1402746040654408,0.902229244582513,73.3,0.9601734378662723,0.06865470555341469,0.9601734378662723
50.2,0.9588147737787533,0.0738589119565676,0.9588147737787533,1666.0,0.9533138049212928,0.07766162731070979,0.9533138049212928,34.0,0.9397212627447092,0.10427039736154498,0.9397212627447092,3.1,0.9605283927474361,0.06464637412372343,0.9605283927474361,11.79,0.949985574235275,0.0846060652499686,0.949985574235275,24.0,0.7041361989362731,0.30139980587449394,0.7041361989362731,25.1,0.9024447341218704,0.14000890260348647,0.9024447341218704,69.8,0.960616373298724,0.06809448081828572,0.960616373298724
29.4,0.9590979205975271,0.07348927499191281,0.9590979205975271,845.0,0.9529924202654747,0.07818034897454215,0.9529924202654747,51.0,0.9399025643540065,0.10395106614085438,0.9399025643540065,-0.8,0.9603424225782679,0.06494825861644492,0.9603424225782679,3.29,0.9502086942757375,0.08421715650558505,0.9502086942757375,17.0,0.7050477259758051,0.30138416136353463,0.7050477259758051,19.2,0.9023770768424543,0.14006752161222666,0.9023770768424543,61.2,0.9613702029477943,0.06678678308140967,0.9613702029477943
63.1,0.9591763006602382,0.07337532052586168,0.9591763006602382,1663.0,0.953544856356415,0.07731269361850414,0.953544856356415,20.0,0.9402505064387799,0.10342046363626489,0.9402505064387799,5.5,0.9610723309561235,0.06297134841107406,0.9610723309561235,16.73,0.9504891246857864,0.08367249287984185,0.9504891246857864,26.0,0.7049813818211559,0.3013867585663239,0.7049813818211559,32.2,0.9022446242970383,0.14029390491508362,0.9022446242970383,67.8,0.9615933229882568,0.06638860575624445,0.9615933229882568
54.1,0.9591763006602382,0.07337532052586296,0.9591763006602382,1320.0,0.9534758134134459,0.07740477228361016,0.9534758134134459,49.0,0.9406227874522598,0.10286486374096261,0.9406227874522598,3.9,0.9612047835015396,0.06271694700886973,0.9612047835015396,10.59,0.9507722715045601,0.08330936843982348,0.9507722715045601,32.0,0.7047629303405646,0.3015568146583514,0.7047629303405646,29.4,0.9023770768424543,0.14006752161222724,0.9023770768424543,67.1,0.961704184362391,0.0662313367908183,0.961704184362391
63.9,0.9592546807229494,0.07326134645447156,0.9592546807229494,1724.0,0.953797198069264,0.07688549943708227,0.953797198069264,20.0,0.940701167514971,0.10275578564864674,0.940701167514971,1.6,0.961584379288888,0.062202662387538174,0.961584379288888,16.68,0.9508831328786945,0.08315601527486657,0.9508831328786945,39.0,0.704383692084848,0.301680880580611,0.704383692084848,32.2,0.9027926762066439,0.13951647088767768,0.9027926762066439,68.2,0.9618442674089122,0.06603839211599799,0.9618442674089122
37.3,0.9593622708294064,0.0730754669769929,0.9593622708294064,868.0,0.9549400881370879,0.07439989878501879,0.9549400881370879,32.0,0.940701167514971,0.10275578564864736,0.940701167514971,-3.9,0.9612255688161278,0.06287561960102292,0.9612255688161278,4.24,0.9511308060316725,0.0827849080719359,0.9511308060316725,35.0,0.7047318251989851,0.30171808511766557,0.7047318251989851,20.4,0.9032459834968327,0.13893670915918743,0.9032459834968327,52.5,0.962205618272567,0.06554087652833941,0.962205618272567
39.6,0.9596836554852246,0.07255121796820785,0.9596836554852246,785.0,0.9552754334630826,0.0740306905614038,0.9552754334630826,33.0,0.9407336488263942,0.10271566073063404,0.9407336488263942,-3.9,0.9609041841603096,0.0634040242462396,0.9609041841603096,4.27,0.951150269033978,0.0827677352795259,0.951150269033978,24.0,0.7055589548555953,0.3015046103944192,0.7055589548555953,20.4,0.903457925822865,0.13872404298938762,0.903457925822865,54.1,0.9624887650913406,0.06516733101811735,0.9624887650913406
