ENGINE_LOAD,ENGINE_LOAD_entropy,ENGINE_LOAD_complexity,ENGINE_LOAD_fisher,ENGINE_RPM,ENGINE_RPM_entropy,ENGINE_RPM_complexity,ENGINE_RPM_fisher,INTAKE_MANIFOLD_PRESSURE,INTAKE_MANIFOLD_PRESSURE_entropy,INTAKE_MANIFOLD_PRESSURE_complexity,INTAKE_MANIFOLD_PRESSURE_fisher,Short Term Fuel Trim Bank 1,Short Term Fuel Trim Bank 1_entropy,Short Term Fuel Trim Bank 1_complexity,Short Term Fuel Trim Bank 1_fisher,MAF,MAF_entropy,MAF_complexity,MAF_fisher,SPEED,SPEED_entropy,SPEED_complexity,SPEED_fisher,THROTTLE_POS,THROTTLE_POS_entropy,THROTTLE_POS_complexity,THROTTLE_POS_fisher,TIMING_ADVANCE,TIMING_ADVANCE_entropy,TIMING_ADVANCE_complexity,TIMING_ADVANCE_fisher
74.1,0.730267074347081,0.380203613624662,0.730267074347081,1297.0,0.7748527577596954,0.3529468796931973,0.7748527577596954,85.0,0.7664628120005705,0.3572211862766147,0.7664628120005705,0.0,0.7819752709949231,0.3484239508829175,0.7819752709949231,17.56,0.7780718838540365,0.34888480670953964,0.7780718838540365,25.0,0.6871656179301451,0.39392705253662286,0.6871656179301451,34.9,0.7625594248596835,0.3614179173201269,0.7625594248596835,52.2,0.7541694791005586,0.36540756222346255,0.7541694791005586
90.6,0.730267074347081,0.380203613624662,0.730267074347081,2562.0,0.7748527577596955,0.3529468796931963,0.7748527577596955,78.0,0.7593402987653429,0.36144405198156354,0.7593402987653429,4.7,0.776804451330139,0.35273762957165883,0.776804451330139,7.21,0.7780718838540365,0.34888480670953964,0.7780718838540365,41.0,0.6927028146004994,0.39516368710525357,0.6927028146004994,25.5,0.7677302445244679,0.35732831472246585,0.7677302445244679,64.3,0.7612919923357861,0.361296734564054,0.7612919923357861
90.6,0.7283153807766375,0.3802171870191254,0.7283153807766375,1726.0,0.7748527577596955,0.3529468796931963,0.7748527577596955,63.0,0.7541694791005586,0.36540756222346304,0.7541694791005586,-5.5,0.776804451330139,0.35273762957165883,0.776804451330139,23.28,0.7780718838540365,0.34888480670953964,0.7780718838540365,56.0,0.6891173115005884,0.39407160981102574,0.6891173115005884,34.9,0.7677302445244679,0.35732831472246585,0.7677302445244679,63.9,0.7612919923357861,0.361296734564054,0.7612919923357861
72.2,0.7334862004414219,0.37666800905693143,0.7334862004414219,1913.0,0.776804451330139,0.35273762957165833,0.776804451330139,52.0,0.7541694791005586,0.36540756222346304,0.7541694791005586,-0.8,0.776804451330139,0.35273762957165883,0.776804451330139,20.26,0.7729010641892521,0.3531506111856032,0.7729010641892521,60.0,0.6849971298879203,0.39274553242545734,0.6849971298879203,33.3,0.7729010641892521,0.3531506111856042,0.7729010641892521,67.5,0.7664628120005704,0.35722118627661564,0.7664628120005704
60.4,0.7334862004414219,0.37666800905693243,0.7334862004414219,2017.0,0.7684145055710139,0.3570444131236357,0.7684145055710139,38.0,0.7448370791265492,0.3690205975935695,0.7448370791265492,-6.2,0.776804451330139,0.35273762957165833,0.776804451330139,18.0,0.7696819380949114,0.35325272868015795,0.7696819380949114,61.0,0.6732869684652603,0.3937939410658437,0.6732869684652603,32.5,0.7729010641892521,0.3531506111856042,0.7729010641892521,68.6,0.7664628120005704,0.35722118627661564,0.7664628120005704
44.3,0.7241538004674124,0.3797843758160513,0.7241538004674124,2042.0,0.7632436859062297,0.3611438985174144,0.7632436859062297,39.0,0.7428853855561058,0.36910394966091903,0.7428853855561058,6.2,0.776804451330139,0.35273762957165833,0.776804451330139,13.5,0.7612919923357861,0.3574434091254385,0.7612919923357861,33.67243525896414,0.6681161488004761,0.39646133244603704,0.6681161488004761,30.6,0.7709493706188089,0.35334882404887896,0.7709493706188089,71.4,0.7593402987653428,0.3614440519815635,0.7593402987653428
34.9,0.7140703543061824,0.3824605688276855,0.7140703543061824,2016.0,0.7561211726710019,0.3652841819122918,0.7561211726710019,28.0,0.7428853855561058,0.36910394966091903,0.7428853855561058,7.0,0.776804451330139,0.35273762957165833,0.776804451330139,10.44,0.756121172671002,0.361457028889981,0.756121172671002,59.0,0.6681161488004761,0.39646133244603704,0.6681161488004761,29.0,0.7657785509540247,0.3575025904794028,0.7657785509540247,72.9,0.7500078987913332,0.36519306363106857,0.7500078987913332
26.7,0.7033623379710439,0.38468472253411456,0.7033623379710439,1932.0,0.7509503530062177,0.3691835283213276,0.7509503530062177,19.0,0.7500078987913333,0.3651930636310696,0.7500078987913333,0.0,0.776804451330139,0.35273762957165883,0.776804451330139,7.13,0.7541694791005585,0.36159028781613656,0.7541694791005585,54.0,0.6681161488004761,0.39646133244603704,0.6681161488004761,25.9,0.7638268573835811,0.35767134760720903,0.7638268573835811,75.7,0.7450952722948877,0.3647640327794818,0.7450952722948877
38.8,0.7033623379710439,0.38468472253411456,0.7033623379710439,793.0,0.7509503530062178,0.36918352832132767,0.7509503530062178,34.0,0.7500078987913333,0.3651930636310696,0.7500078987913333,-1.6,0.776804451330139,0.35273762957165883,0.776804451330139,4.13,0.7457795333414337,0.36544515741175937,0.7457795333414337,7.0,0.6752386620357036,0.39398079704203165,0.6752386620357036,20.4,0.7625594248596836,0.35755817669517714,0.7625594248596836,55.7,0.7379727590596601,0.3686073575051828,0.7379727590596601
39.2,0.7104848512062714,0.381523042688481,0.7104848512062714,788.0,0.7509503530062177,0.3691835283213276,0.7509503530062177,33.0,0.7551787184561176,0.36127742872936525,0.7551787184561176,2.3,0.7696819380949114,0.3571485203363973,0.7696819380949114,4.44,0.7457795333414337,0.36544515741175937,0.7457795333414337,0.0,0.6804094817004879,0.3912013676162967,0.6804094817004879,20.8,0.7612919923357861,0.3574434091254385,0.7612919923357861,50.2,0.7379727590596601,0.3686073575051828,0.7379727590596601
93.7,0.7137039773006122,0.3817930948214906,0.7137039773006122,2271.0,0.7593402987653428,0.36528749880519307,0.7593402987653428,20.0,0.7551787184561176,0.36127742872936525,0.7551787184561176,-5.5,0.7716336316653547,0.3569632073211981,0.7716336316653547,32.26,0.7489986594357743,0.3654918695351386,0.7489986594357743,35.0,0.685580301365272,0.3883338372513614,0.685580301365272,37.3,0.7632436859062296,0.3572806944638145,0.7632436859062296,65.9,0.7428853855561058,0.36910394966091903,0.7428853855561058
74.9,0.7137039773006122,0.3817930948214906,0.7137039773006122,1802.0,0.7593402987653428,0.36528749880519307,0.7593402987653428,55.0,0.7645111184301272,0.35739244080046206,0.7645111184301272,-0.8,0.776804451330139,0.35273762957165883,0.776804451330139,20.3,0.7522177855301153,0.3655254239055005,0.7522177855301153,43.0,0.6907511210300562,0.3853782059472232,0.6907511210300562,33.3,0.7716336316653547,0.3530575370499733,0.7716336316653547,66.3,0.7448370791265492,0.3690205975935695,0.7448370791265492
65.1,0.7065814640653847,0.38500130594590637,0.7065814640653847,2227.0,0.7593402987653428,0.36528749880519307,0.7593402987653428,30.0,0.7645111184301272,0.35739244080046206,0.7645111184301272,-7.8,0.7819752709949231,0.3484239508829175,0.7819752709949231,21.43,0.7573886051948995,0.3615858507699398,0.7573886051948995,47.0,0.6887994274596129,0.38526316129005017,0.6887994274596129,33.7,0.7716336316653547,0.3530575370499728,0.7716336316653547,69.0,0.7416179530322082,0.3689413529273233,0.7416179530322082
18.0,0.6994589508301571,0.3880680232893094,0.6994589508301571,2254.0,0.7509503530062177,0.3691835283213276,0.7509503530062177,35.0,0.7696819380949114,0.35325272868015845,0.7696819380949114,0.0,0.7819752709949231,0.3484239508829175,0.7819752709949231,6.1,0.7573886051948995,0.3615858507699398,0.7573886051948995,41.0,0.6868477338891695,0.38514259800374684,0.6868477338891695,24.3,0.7664628120005704,0.35722118627661564,0.7664628120005704,67.5,0.7344954397969808,0.37269366963285255,0.7344954397969808
98.4,0.6923364375949295,0.3909932468517045,0.6923364375949295,1937.0,0.7489986594357745,0.369282971526159,0.7489986594357745,69.0,0.7696819380949114,0.3532527286801574,0.7696819380949114,5.5,0.776804451330139,0.35273762957165883,0.776804451330139,28.56,0.7573886051948995,0.3615858507699398,0.7573886051948995,46.0,0.6920185535539537,0.38214673997308235,0.6920185535539537,36.9,0.7716336316653547,0.3530575370499728,0.7716336316653547,63.5,0.7293246201321967,0.37628307319405246,0.7293246201321967
86.3,0.6923364375949295,0.3909932468517045,0.6923364375949295,2410.0,0.7561211726710019,0.3652841819122918,0.7561211726710019,56.0,0.7696819380949113,0.3532527286801574,0.7696819380949113,-7.0,0.776804451330139,0.35273762957165883,0.776804451330139,27.71,0.7645111184301271,0.357392440800462,0.7645111184301271,55.0,0.6920185535539537,0.38214673997308235,0.6920185535539537,35.7,0.7716336316653547,0.3530575370499728,0.7716336316653547,67.8,0.7241538004674124,0.3797843758160503,0.7241538004674124
24.3,0.6994589508301571,0.38806802328931034,0.6994589508301571,2895.0,0.7612919923357861,0.361296734564054,0.7612919923357861,19.0,0.7748527577596955,0.3490249156206523,0.7748527577596955,3.9,0.7819752709949231,0.3484239508829175,0.7819752709949231,7.79,0.7716336316653547,0.3530575370499733,0.7716336316653547,57.0,0.6848960403187262,0.3850165160883105,0.6848960403187262,26.7,0.776804451330139,0.3488057868841294,0.776804451330139,76.5,0.733486200441422,0.37666800905693154,0.733486200441422
63.1,0.7101669671652956,0.38597251871664257,0.7101669671652956,1535.0,0.7664628120005705,0.3572211862766152,0.7664628120005705,39.0,0.7748527577596955,0.34902491562065335,0.7748527577596955,7.8,0.7871460906597074,0.3440221712549742,0.7871460906597074,14.43,0.7787561449005823,0.34858113951847486,0.7787561449005823,56.0,0.6868477338891695,0.38514259800374684,0.6868477338891695,31.4,0.7839269645653665,0.3442173513070906,0.7839269645653665,68.2,0.7418761462005469,0.37314026735901584,0.7418761462005469
46.7,0.7202504133265255,0.3834194127064159,0.7202504133265255,1547.0,0.7664628120005705,0.3572211862766152,0.7664628120005705,44.0,0.7696819380949113,0.3532527286801574,0.7696819380949113,0.0,0.7871460906597073,0.3440221712549742,0.7871460906597073,10.7,0.7787561449005822,0.34858113951847425,0.7787561449005822,57.0,0.6920185535539539,0.3821467399730824,0.6920185535539539,29.0,0.7839269645653665,0.3442173513070906,0.7839269645653665,70.2,0.7489986594357743,0.3692829715261584,0.7489986594357743
59.6,0.7273729265617532,0.37998613459419694,0.7273729265617532,1562.0,0.7716336316653546,0.3530575370499728,0.7716336316653546,50.0,0.7696819380949113,0.3532527286801574,0.7696819380949113,4.7,0.7871460906597074,0.34402217125497525,0.7871460906597074,13.52,0.7787561449005822,0.34858113951847425,0.7787561449005822,59.0,0.6920185535539539,0.3821467399730824,0.6920185535539539,31.0,0.7839269645653665,0.3442173513070906,0.7839269645653665,68.2,0.7489986594357743,0.3692829715261584,0.7489986594357743
51.8,0.7273729265617532,0.37998613459419694,0.7273729265617532,1690.0,0.7645111184301271,0.357392440800462,0.7645111184301271,37.0,0.7645111184301272,0.35739244080046206,0.7645111184301272,0.8,0.794268603894935,0.33924571061814474,0.794268603894935,12.61,0.7787561449005823,0.3485811395184743,0.7787561449005823,62.0,0.6848960403187262,0.3850165160883105,0.6848960403187262,30.2,0.7839269645653665,0.3442173513070906,0.7839269645653665,69.8,0.7541694791005585,0.36540756222346243,0.7541694791005585
43.5,0.7325437462265374,0.37644684055563904,0.7325437462265374,1694.0,0.7573886051948995,0.3615858507699398,0.7573886051948995,20.0,0.7645111184301272,0.35739244080046206,0.7645111184301272,-0.8,0.7994394235597191,0.334643792005459,0.7994394235597191,10.48,0.7787561449005823,0.3485811395184743,0.7787561449005823,61.0,0.6777735270834985,0.38774479842252824,0.6777735270834985,29.0,0.7890977842301509,0.3397654621565049,0.7890977842301509,71.8,0.7541694791005586,0.36540756222346255,0.7541694791005586
18.4,0.7377145658913216,0.37281944557788,0.7377145658913216,1638.0,0.7489986594357743,0.3654918695351391,0.7489986594357743,21.0,0.7696819380949114,0.35325272868015845,0.7696819380949114,0.0,0.7994394235597191,0.334643792005459,0.7994394235597191,4.2,0.7787561449005823,0.3485811395184743,0.7787561449005823,52.0,0.6843128688413744,0.38942596893073106,0.6843128688413744,21.6,0.7839269645653665,0.3442173513070906,0.7839269645653665,63.1,0.7541694791005585,0.36540756222346243,0.7541694791005585
19.2,0.7377145658913216,0.37281944557788094,0.7377145658913216,1324.0,0.7573886051948994,0.36158585076993977,0.7573886051948994,20.0,0.7748527577596955,0.34902491562065335,0.7748527577596955,1.6,0.794268603894935,0.33924571061814474,0.794268603894935,3.56,0.7694237449265728,0.3528070992355519,0.7694237449265728,41.0,0.6903847440244861,0.39086710805450775,0.6903847440244861,20.4,0.774594564591357,0.34857928730356635,0.774594564591357,60.0,0.7470469658653309,0.36937689610185964,0.7470469658653309
22.0,0.7428853855561057,0.369103949660919,0.7428853855561057,1100.0,0.7522177855301152,0.3655254239055005,0.7522177855301152,65.0,0.7832427035188206,0.34453090129427344,0.7832427035188206,6.2,0.794268603894935,0.33924571061814474,0.794268603894935,3.54,0.7593402987653427,0.35665290198504956,0.7593402987653427,40.0,0.7010927603596246,0.3889957898318623,0.7010927603596246,18.8,0.7645111184301271,0.35256866488819044,0.7645111184301271,56.9,0.7489986594357743,0.3692829715261589,0.7489986594357743
100.0,0.7428853855561058,0.36910394966091903,0.7428853855561058,1132.0,0.7541694791005585,0.365407562223463,0.7541694791005585,20.0,0.7832427035188206,0.34453090129427344,0.7832427035188206,3.1,0.794268603894935,0.33924571061814474,0.794268603894935,16.28,0.7541694791005586,0.36064903814270577,0.7541694791005586,43.0,0.7060053868560704,0.3898614875878249,0.7060053868560704,33.7,0.7593402987653427,0.35665290198504956,0.7593402987653427,54.9,0.7489986594357745,0.369282971526159,0.7489986594357745
96.9,0.7377145658913216,0.37281944557788094,0.7377145658913216,1732.0,0.7541694791005585,0.365407562223463,0.7541694791005585,49.0,0.7780718838540365,0.34888480670953964,0.7780718838540365,1.6,0.7890977842301506,0.34375952829162787,0.7890977842301506,23.58,0.7470469658653309,0.3646633123848871,0.7470469658653309,51.0,0.7079570804265137,0.38993831404589885,0.7079570804265137,34.9,0.7593402987653427,0.35665290198504956,0.7593402987653427,61.6,0.7438278397709902,0.37307027988965397,0.7438278397709902
91.0,0.7293246201321966,0.37628307319405385,0.7293246201321966,2228.0,0.7489986594357745,0.3692829715261585,0.7489986594357745,81.0,0.7729010641892521,0.3531506111856042,0.7729010641892521,-0.8,0.7890977842301506,0.34375952829162787,0.7890977842301506,30.29,0.7470469658653309,0.3646633123848871,0.7470469658653309,51.0,0.7047379543321728,0.3896055012936333,0.7047379543321728,36.9,0.7593402987653428,0.3566529019850496,0.7593402987653428,66.7,0.7438278397709902,0.37307027988965397,0.7438278397709902
22.0,0.722202106896969,0.37978185807303283,0.722202106896969,881.0,0.7489986594357743,0.3692829715261589,0.7489986594357743,31.0,0.7729010641892521,0.3531506111856042,0.7729010641892521,-2.3,0.7890977842301506,0.34375952829162787,0.7890977842301506,4.35,0.7470469658653309,0.3646633123848871,0.7470469658653309,50.0,0.7047379543321729,0.38960550129363297,0.7047379543321729,21.2,0.7593402987653428,0.3566529019850496,0.7593402987653428,62.7,0.738657020106206,0.37676948731394744,0.738657020106206
38.0,0.7202504133265256,0.37977382170088186,0.7202504133265256,797.0,0.7489986594357743,0.3692829715261589,0.7489986594357743,70.0,0.7780718838540365,0.34888480670953964,0.7780718838540365,-12.5,0.7839269645653665,0.348185245025909,0.7839269645653665,4.09,0.7418761462005468,0.3684593095578009,0.7418761462005468,51.0,0.7118604675674006,0.386472286286744,0.7118604675674006,20.0,0.7541694791005586,0.36064903814270527,0.7541694791005586,55.7,0.738657020106206,0.37676948731394744,0.738657020106206
20.4,0.7202504133265256,0.37977382170088186,0.7202504133265256,1420.0,0.7489986594357743,0.3692829715261589,0.7489986594357743,30.0,0.7780718838540365,0.34888480670953964,0.7780718838540365,1.6,0.7839269645653665,0.348185245025909,0.7839269645653665,3.45,0.7418761462005468,0.3684593095578009,0.7418761462005468,20.0,0.7170312872321848,0.38317112264948944,0.7170312872321848,20.8,0.7541694791005586,0.36064903814270527,0.7541694791005586,66.7,0.738657020106206,0.37676948731394744,0.738657020106206
39.6,0.7286403590856507,0.37650124037759175,0.7286403590856507,784.0,0.7541694791005585,0.365407562223463,0.7541694791005585,32.0,0.7780718838540365,0.34888480670953964,0.7780718838540365,-4.7,0.7839269645653665,0.348185245025909,0.7839269645653665,4.1,0.7418761462005468,0.3684593095578009,0.7418761462005468,0.0,0.7170312872321847,0.3831711226494894,0.7170312872321847,20.4,0.7541694791005586,0.36064903814270527,0.7541694791005586,57.6,0.7438278397709902,0.37307027988965397,0.7438278397709902
88.2,0.7357628723208782,0.372873341909761,0.7357628723208782,2431.0,0.7625594248596836,0.36141791732012696,0.7625594248596836,84.0,0.7780718838540365,0.34888480670953964,0.7780718838540365,5.5,0.7890977842301509,0.34375952829162687,0.7890977842301509,7.35,0.7418761462005468,0.3684593095578009,0.7418761462005468,32.0,0.722202106896969,0.37978185807303144,0.722202106896969,25.5,0.7593402987653428,0.3566529019850496,0.7593402987653428,63.1,0.7438278397709902,0.37307027988965397,0.7438278397709902
18.8,0.7409336919856625,0.3691817830991384,0.7409336919856625,2366.0,0.7677302445244679,0.35732831472246585,0.7677302445244679,71.0,0.7729010641892521,0.3531506111856042,0.7729010641892521,4.7,0.794268603894935,0.33924571061814474,0.794268603894935,6.71,0.7418761462005468,0.3684593095578009,0.7418761462005468,44.0,0.7150795936617416,0.3831391491710012,0.7150795936617416,24.3,0.7593402987653428,0.3566529019850496,0.7593402987653428,61.6,0.738657020106206,0.37676948731394744,0.738657020106206
78.8,0.7461045116504467,0.3654021233493136,0.7461045116504467,2293.0,0.7677302445244679,0.35732831472246585,0.7677302445244679,63.0,0.7729010641892521,0.3531506111856042,0.7729010641892521,-9.4,0.7994394235597191,0.334643792005459,0.7994394235597191,27.37,0.7438278397709901,0.368377007640413,0.7438278397709901,52.0,0.7109180133525163,0.3826173216416911,0.7109180133525163,35.7,0.7593402987653428,0.3566529019850496,0.7593402987653428,68.2,0.7438278397709902,0.37307027988965397,0.7438278397709902
20.4,0.7461045116504467,0.3654021233493136,0.7461045116504467,1826.0,0.7677302445244679,0.35732831472246585,0.7677302445244679,49.0,0.7677302445244679,0.35732831472246634,0.7677302445244679,2.3,0.794268603894935,0.33924571061814474,0.794268603894935,6.47,0.7489986594357745,0.36455707336116144,0.7489986594357745,53.0,0.707957080426514,0.3818880051588445,0.707957080426514,28.2,0.7522177855301153,0.3607792142727704,0.7522177855301153,76.9,0.7438278397709902,0.37307027988965397,0.7438278397709902
57.3,0.74805620522089,0.3653003528047574,0.74805620522089,1775.0,0.7625594248596839,0.361417917320126,0.7625594248596839,50.0,0.7593402987653428,0.361444051981563,0.7593402987653428,-3.1,0.794268603894935,0.33924571061814474,0.794268603894935,14.88,0.7489986594357743,0.3645570733611613,0.7489986594357743,54.0,0.707957080426514,0.3818880051588445,0.707957080426514,31.4,0.7573886051948995,0.35680701522145153,0.7573886051948995,69.0,0.7450952722948877,0.37323664680947977,0.7450952722948877
43.1,0.7522177855301153,0.3655254239055005,0.7522177855301153,1682.0,0.7606077312892403,0.36156825597072506,0.7606077312892403,47.0,0.7612919923357861,0.361296734564054,0.7612919923357861,3.9,0.7994394235597191,0.334643792005459,0.7994394235597191,10.83,0.7489986594357743,0.36455707336116083,0.7489986594357743,53.0,0.7066896479026165,0.38164945230378305,0.7066896479026165,30.2,0.7522177855301153,0.3607792142727704,0.7522177855301153,71.8,0.747046965865331,0.37315811947789507,0.747046965865331
56.5,0.7534852180540127,0.3656667034379744,0.7534852180540127,1790.0,0.7606077312892402,0.361568255970725,0.7606077312892402,32.0,0.7645111184301271,0.36126206004039624,0.7645111184301271,-4.7,0.7994394235597191,0.334643792005459,0.7994394235597191,14.92,0.7541694791005586,0.36064903814270527,0.7541694791005586,56.0,0.7015188282378321,0.3848332123946976,0.7015188282378321,31.4,0.7522177855301153,0.3607792142727694,0.7522177855301153,69.4,0.7450952722948877,0.37323664680947977,0.7450952722948877
28.2,0.758656037718797,0.3617130759921915,0.758656037718797,1890.0,0.7657785509540246,0.3575025904794033,0.7657785509540246,20.0,0.7645111184301271,0.36126206004039624,0.7645111184301271,0.0,0.794268603894935,0.33924571061814474,0.794268603894935,6.68,0.7590821055970043,0.360998420281918,0.7590821055970043,55.0,0.7066896479026165,0.38164945230378305,0.7066896479026165,23.5,0.7623012316913452,0.35711301087296277,0.7623012316913452,74.9,0.7522177855301153,0.3693328196978416,0.7522177855301153
34.1,0.758656037718797,0.3617130759921915,0.758656037718797,1870.0,0.7606077312892403,0.36156825597072506,0.7606077312892403,27.0,0.756121172671002,0.36528418191229184,0.756121172671002,1.6,0.794268603894935,0.33924571061814474,0.794268603894935,9.28,0.7590821055970043,0.360998420281918,0.7590821055970043,58.0,0.7118604675674006,0.3783775912736682,0.7118604675674006,27.8,0.7623012316913452,0.35711301087296277,0.7623012316913452,74.1,0.7573886051948995,0.365419418978585,0.7573886051948995
18.8,0.758656037718797,0.3617130759921915,0.758656037718797,1921.0,0.7606077312892403,0.36156825597072506,0.7606077312892403,28.0,0.7489986594357745,0.369282971526159,0.7489986594357745,3.1,0.7994394235597191,0.334643792005459,0.7994394235597191,5.32,0.7642529252617886,0.35694681022833497,0.7642529252617886,56.0,0.7066896479026165,0.38164945230378305,0.7066896479026165,23.1,0.7623012316913452,0.35711301087296277,0.7623012316913452,67.5,0.7625594248596836,0.36141791732012746,0.7625594248596836
36.5,0.7606077312892403,0.36156825597072506,0.7606077312892403,1892.0,0.7677302445244679,0.35732831472246684,0.7677302445244679,33.0,0.7438278397709905,0.37307027988965413,0.7438278397709905,1.6,0.794268603894935,0.33924571061814474,0.794268603894935,10.44,0.7642529252617886,0.35694681022833497,0.7642529252617886,58.0,0.7015188282378321,0.3848332123946976,0.7015188282378321,29.0,0.7571304120265611,0.36114068382020753,0.7571304120265611,72.9,0.767730244524468,0.3573283147224659,0.767730244524468
19.2,0.7657785509540244,0.3575025904794037,0.7657785509540244,1934.0,0.7748527577596954,0.35294687969319627,0.7748527577596954,20.0,0.7367053265357628,0.3768155376769705,0.7367053265357628,0.0,0.7890977842301509,0.34375952829162687,0.7890977842301509,5.07,0.7642529252617886,0.35694681022833497,0.7642529252617886,57.0,0.7015188282378321,0.3848332123946976,0.7015188282378321,23.5,0.7571304120265611,0.36114068382020753,0.7571304120265611,63.1,0.7625594248596836,0.36141791732012696,0.7625594248596836
49.0,0.7606077312892403,0.36156825597072506,0.7606077312892403,1659.0,0.7748527577596955,0.3529468796931963,0.7748527577596955,57.0,0.7367053265357628,0.376815537676971,0.7367053265357628,-7.0,0.7890977842301509,0.34375952829162687,0.7890977842301509,12.0,0.7642529252617886,0.35694681022833497,0.7642529252617886,49.0,0.7015188282378322,0.3848332123946977,0.7015188282378322,29.8,0.7519595923617767,0.3650802558282486,0.7519595923617767,70.2,0.7625594248596836,0.3614179173201259,0.7625594248596836
70.6,0.7606077312892403,0.36156825597072506,0.7606077312892403,1650.0,0.7748527577596955,0.3529468796931963,0.7748527577596955,55.0,0.7418761462005469,0.37314026735901584,0.7418761462005469,-5.5,0.7890977842301509,0.34375952829162737,0.7890977842301509,17.33,0.7642529252617885,0.3569468102283349,0.7642529252617885,52.0,0.7015188282378321,0.3848332123946976,0.7015188282378321,32.2,0.7519595923617767,0.3650802558282486,0.7519595923617767,67.5,0.7625594248596836,0.3614179173201259,0.7625594248596836
40.4,0.7657785509540244,0.3575025904794042,0.7657785509540244,1730.0,0.7696819380949113,0.35714852033639777,0.7696819380949113,20.0,0.7438278397709903,0.37307027988965447,0.7438278397709903,-4.7,0.7839269645653665,0.348185245025909,0.7839269645653665,9.38,0.7642529252617885,0.3569468102283349,0.7642529252617885,48.0,0.7108512282118417,0.38218913994823933,0.7108512282118417,27.1,0.7571304120265611,0.36114068382020753,0.7571304120265611,71.0,0.7573886051948995,0.365419418978584,0.7573886051948995
18.0,0.7657785509540244,0.3575025904794042,0.7657785509540244,1546.0,0.7696819380949113,0.35714852033639727,0.7696819380949113,21.0,0.7438278397709903,0.373070279889654,0.7438278397709903,0.0,0.7839269645653665,0.3481852450259095,0.7839269645653665,4.1,0.7694237449265728,0.3528070992355519,0.7694237449265728,37.0,0.7209346743730716,0.37956945928488706,0.7209346743730716,21.2,0.7642529252617886,0.35694681022833497,0.7642529252617886,62.7,0.7573886051948995,0.365419418978585,0.7573886051948995
22.4,0.7657785509540244,0.3575025904794042,0.7657785509540244,1100.0,0.7716336316653547,0.3569632073211975,0.7716336316653547,30.0,0.7406087136766494,0.37296928254839623,0.7406087136766494,-0.8,0.776804451330139,0.35273762957165883,0.776804451330139,3.4,0.769423744926573,0.352807099235551,0.769423744926573,17.0,0.7241538004674125,0.37978437581605035,0.7241538004674125,18.8,0.7642529252617886,0.35694681022833497,0.7642529252617886,56.9,0.7522177855301152,0.36933281969784154,0.7522177855301152
39.6,0.7657785509540244,0.3575025904794042,0.7657785509540244,793.0,0.7696819380949113,0.35714852033639727,0.7696819380949113,35.0,0.7438278397709903,0.373070279889654,0.7438278397709903,-2.3,0.7748527577596955,0.3529468796931963,0.7748527577596955,4.06,0.7674720513561295,0.3529972369865186,0.7674720513561295,1.0,0.7189829808026281,0.38319757749884614,0.7189829808026281,20.4,0.7623012316913452,0.35711301087296377,0.7623012316913452,53.7,0.7541694791005585,0.3692248366307884,0.7541694791005585
40.0,0.7677302445244679,0.35732831472246585,0.7677302445244679,802.0,0.7645111184301271,0.36126206004039724,0.7645111184301271,33.0,0.7522177855301152,0.36933281969784154,0.7522177855301152,1.6,0.7748527577596955,0.3529468796931963,0.7748527577596955,4.39,0.7745945645913571,0.3485792873035654,0.7745945645913571,0.0,0.7118604675674005,0.386472286286744,0.7118604675674005,20.8,0.7642529252617886,0.35694681022833497,0.7642529252617886,50.6,0.7541694791005585,0.3692248366307874,0.7541694791005585
85.9,0.7593402987653428,0.361444051981563,0.7593402987653428,1202.0,0.7696819380949113,0.35714852033639727,0.7696819380949113,57.0,0.7573886051948995,0.36541941897858554,0.7573886051948995,0.0,0.7819752709949231,0.3484239508829175,0.7819752709949231,16.54,0.7797653842561413,0.34426337443237875,0.7797653842561413,18.0,0.7118604675674005,0.386472286286744,0.7118604675674005,32.5,0.7642529252617886,0.35694681022833497,0.7642529252617886,51.8,0.7593402987653428,0.36528749880519307,0.7593402987653428
20.0,0.7593402987653428,0.361444051981563,0.7593402987653428,2384.0,0.7696819380949113,0.35714852033639727,0.7696819380949113,70.0,0.7593402987653428,0.36528749880519307,0.7593402987653428,5.5,0.7819752709949231,0.3484239508829175,0.7819752709949231,7.08,0.7745945645913571,0.3485792873035654,0.7745945645913571,36.0,0.7118604675674005,0.386472286286744,0.7118604675674005,24.7,0.7590821055970043,0.360998420281918,0.7590821055970043,74.5,0.7645111184301272,0.36126206004039624,0.7645111184301272
62.4,0.7541694791005586,0.36540756222346255,0.7541694791005586,1865.0,0.7696819380949113,0.35714852033639727,0.7696819380949113,62.0,0.7541694791005585,0.3692248366307874,0.7541694791005585,0.8,0.7871460906597074,0.3440221712549742,0.7871460906597074,17.41,0.7726428710209138,0.3487933621608708,0.7726428710209138,42.0,0.702528067593391,0.3890783432834453,0.702528067593391,32.5,0.7590821055970043,0.360998420281918,0.7590821055970043,68.6,0.7645111184301272,0.36126206004039624,0.7645111184301272
87.8,0.7541694791005586,0.36540756222346255,0.7541694791005586,2151.0,0.7645111184301269,0.3612620600403971,0.7645111184301269,21.0,0.7489986594357746,0.37307407351717936,0.7489986594357746,2.3,0.7871460906597074,0.3440221712549742,0.7871460906597074,28.45,0.7726428710209137,0.34879336216087076,0.7726428710209137,48.0,0.6976154410969454,0.38819553302191095,0.6976154410969454,36.1,0.7590821055970043,0.360998420281918,0.7590821055970043,67.1,0.7696819380949114,0.3571485203363973,0.7696819380949114
60.0,0.7593402987653427,0.36144405198156293,0.7593402987653427,1605.0,0.7645111184301269,0.3612620600403971,0.7645111184301269,71.0,0.7489986594357746,0.37307407351717936,0.7489986594357746,-3.1,0.7871460906597074,0.3440221712549742,0.7871460906597074,13.95,0.7674720513561295,0.3529972369865186,0.7674720513561295,51.0,0.6869074247618068,0.3900101698120808,0.6869074247618068,31.0,0.7642529252617885,0.3569468102283349,0.7642529252617885,68.6,0.7696819380949114,0.3571485203363973,0.7696819380949114
16.9,0.7625594248596836,0.36141791732012696,0.7625594248596836,1395.0,0.7645111184301269,0.36126206004039607,0.7645111184301269,44.0,0.7489986594357746,0.37307407351717986,0.7489986594357746,10.2,0.7871460906597074,0.3440221712549742,0.7871460906597074,3.29,0.7623012316913451,0.3571130108729632,0.7623012316913451,36.0,0.6869074247618067,0.3900101698120808,0.6869074247618067,20.8,0.7642529252617885,0.3569468102283349,0.7642529252617885,61.2,0.7696819380949114,0.3571485203363973,0.7696819380949114
100.0,0.7696819380949111,0.35714852033639716,0.7696819380949111,1251.0,0.7561211726710019,0.3652841819122918,0.7561211726710019,79.0,0.7541694791005586,0.3692248366307884,0.7541694791005586,9.4,0.7871460906597074,0.3440221712549742,0.7871460906597074,19.5,0.7674720513561295,0.3529972369865186,0.7674720513561295,44.0,0.6869074247618068,0.3900101698120808,0.6869074247618068,35.7,0.7694237449265727,0.35280709923555187,0.7694237449265727,55.3,0.7645111184301272,0.36126206004039624,0.7645111184301272
95.7,0.7696819380949111,0.35714852033639716,0.7696819380949111,1511.0,0.756121172671002,0.36528418191229284,0.756121172671002,68.0,0.7541694791005585,0.3692248366307874,0.7541694791005585,0.0,0.7871460906597074,0.3440221712549742,0.7871460906597074,21.09,0.7745945645913571,0.3485792873035664,0.7745945645913571,51.0,0.6976154410969454,0.38819553302191095,0.6976154410969454,34.5,0.774594564591357,0.34857928730356635,0.774594564591357,60.0,0.7645111184301272,0.36126206004039624,0.7645111184301272
79.6,0.7696819380949111,0.35714852033639716,0.7696819380949111,1718.0,0.7561211726710019,0.3652841819122918,0.7561211726710019,65.0,0.7593402987653428,0.36528749880519307,0.7593402987653428,2.3,0.7871460906597074,0.3440221712549742,0.7871460906597074,20.28,0.7694237449265728,0.3528070992355519,0.7694237449265728,54.0,0.702528067593391,0.38907834328344626,0.702528067593391,33.7,0.774594564591357,0.34857928730356635,0.774594564591357,65.9,0.7645111184301272,0.36126206004039624,0.7645111184301272
79.2,0.7645111184301271,0.3612620600403957,0.7645111184301271,2077.0,0.7612919923357861,0.361296734564054,0.7612919923357861,62.0,0.7541694791005585,0.3692248366307884,0.7541694791005585,-2.3,0.7871460906597074,0.3440221712549742,0.7871460906597074,24.7,0.7623012316913452,0.35711301087296426,0.7623012316913452,66.0,0.702528067593391,0.38907834328344626,0.702528067593391,34.9,0.774594564591357,0.34857928730356635,0.774594564591357,67.5,0.7696819380949114,0.3571485203363973,0.7696819380949114
33.7,0.7645111184301271,0.3612620600403957,0.7645111184301271,1859.0,0.7612919923357861,0.361296734564054,0.7612919923357861,30.0,0.7612919923357861,0.3651500600026695,0.7612919923357861,6.2,0.7871460906597074,0.3440221712549742,0.7871460906597074,9.34,0.7623012316913452,0.35711301087296277,0.7623012316913452,66.0,0.692444621432161,0.39121714554464165,0.692444621432161,27.8,0.774594564591357,0.3485792873035669,0.774594564591357,73.7,0.767730244524468,0.3573283147224659,0.767730244524468
62.7,0.7645111184301271,0.36126206004039624,0.7645111184301271,1649.0,0.7664628120005704,0.35722118627661564,0.7664628120005704,57.0,0.7593402987653428,0.36528749880519307,0.7593402987653428,-4.7,0.7923169103244917,0.33953229068782936,0.7923169103244917,15.16,0.7664628120005705,0.3572211862766147,0.7664628120005705,60.0,0.6904929278617177,0.3910907008305624,0.6904929278617177,31.8,0.7787561449005823,0.34858113951847486,0.7787561449005823,68.6,0.7696819380949114,0.3571485203363973,0.7696819380949114
19.6,0.7645111184301271,0.36126206004039624,0.7645111184301271,1617.0,0.7664628120005703,0.3572211862766156,0.7664628120005703,30.0,0.7593402987653428,0.36528749880519307,0.7593402987653428,3.1,0.7923169103244917,0.33953229068782936,0.7923169103244917,3.57,0.7696819380949113,0.35714852033639727,0.7696819380949113,61.0,0.6904929278617177,0.3910907008305628,0.6904929278617177,21.6,0.7819752709949231,0.3484239508829175,0.7819752709949231,72.5,0.767730244524468,0.3573283147224659,0.767730244524468
36.1,0.7645111184301271,0.36126206004039624,0.7645111184301271,1698.0,0.7677302445244678,0.35732831472246684,0.7677302445244678,20.0,0.7593402987653428,0.36528749880519307,0.7593402987653428,0.0,0.7974877299892758,0.33495430918148195,0.7974877299892758,9.1,0.776804451330139,0.35273762957165883,0.776804451330139,62.0,0.6904929278617177,0.3910907008305624,0.6904929278617177,27.8,0.7890977842301509,0.34375952829162737,0.7890977842301509,63.8636053593179,0.767730244524468,0.3573283147224659,0.767730244524468
19.6,0.7593402987653428,0.36528749880519307,0.7593402987653428,1155.0,0.7677302445244679,0.35732831472246585,0.7677302445244679,48.0,0.7593402987653428,0.36528749880519307,0.7593402987653428,0.8,0.7974877299892758,0.33495430918148195,0.7974877299892758,3.71,0.7819752709949231,0.34842395088291644,0.7819752709949231,43.0,0.6956637475265018,0.38809302541417073,0.6956637475265018,19.6,0.7871460906597073,0.3440221712549752,0.7871460906597073,60.0,0.7729010641892523,0.35315061118560326,0.7729010641892523
63.9,0.7593402987653428,0.36528749880519307,0.7593402987653428,1205.0,0.7677302445244679,0.35732831472246585,0.7677302445244679,20.0,0.7645111184301272,0.36126206004039624,0.7645111184301272,-2.3,0.7974877299892758,0.33495430918148195,0.7974877299892758,10.58,0.776804451330139,0.35273762957165883,0.776804451330139,35.0,0.7008345671912861,0.3850072490585766,0.7008345671912861,29.0,0.7800235774244798,0.34865713811079335,0.7800235774244798,63.9,0.7729010641892523,0.35315061118560326,0.7729010641892523
32.9,0.7645111184301271,0.36126206004039624,0.7645111184301271,848.0,0.767730244524468,0.3573283147224659,0.767730244524468,37.0,0.7573886051948995,0.365419418978585,0.7573886051948995,3.1,0.7974877299892756,0.3349543091814814,0.7974877299892756,3.57,0.7696819380949114,0.3571485203363973,0.7696819380949114,16.0,0.7027862607617296,0.38508581955997845,0.7027862607617296,19.6,0.7800235774244798,0.34865713811079335,0.7800235774244798,56.5,0.7729010641892523,0.35315061118560326,0.7729010641892523
44.7,0.7696819380949114,0.3571485203363973,0.7696819380949114,807.0,0.7625594248596836,0.36141791732012646,0.7625594248596836,36.0,0.7625594248596839,0.361417917320127,0.7625594248596839,-2.3,0.7974877299892758,0.33495430918148195,0.7974877299892758,4.78,0.7696819380949114,0.3571485203363973,0.7696819380949114,20.0,0.712118660735739,0.3824220265701025,0.712118660735739,23.1,0.7800235774244798,0.34865713811079335,0.7800235774244798,56.1,0.7657785509540247,0.3575025904794018,0.7657785509540247
19.2,0.7696819380949114,0.3571485203363973,0.7696819380949114,1142.0,0.7554369116244561,0.3655458205228453,0.7554369116244561,23.0,0.7696819380949113,0.35714852033639727,0.7696819380949113,-0.8,0.8026585496540599,0.3302882267359325,0.8026585496540599,5.8,0.7696819380949114,0.3571485203363973,0.7696819380949114,23.0,0.7140703543061825,0.3824605688276851,0.7140703543061825,25.9,0.7800235774244798,0.34865713811079335,0.7800235774244798,60.8,0.7709493706188087,0.35334882404887846,0.7709493706188087
18.4,0.7696819380949113,0.35714852033639727,0.7696819380949113,1100.0,0.7554369116244561,0.3655458205228453,0.7554369116244561,33.0,0.7696819380949113,0.35714852033639727,0.7696819380949113,-5.5,0.7974877299892756,0.3349543091814814,0.7974877299892756,3.47,0.7748527577596955,0.3529468796931968,0.7748527577596955,0.0,0.7088995346413981,0.3857301956753539,0.7088995346413981,18.4,0.7871460906597073,0.3440221712549752,0.7871460906597073,59.2,0.7709493706188087,0.35334882404887846,0.7709493706188087
40.0,0.7748527577596955,0.3529468796931968,0.7748527577596955,777.0,0.7554369116244561,0.3655458205228453,0.7554369116244561,57.0,0.7748527577596955,0.3529468796931979,0.7748527577596955,-2.3,0.7974877299892756,0.3349543091814814,0.7974877299892756,4.67,0.7748527577596955,0.3529468796931968,0.7748527577596955,6.0,0.7088995346413981,0.3857301956753534,0.7088995346413981,20.8,0.7871460906597073,0.3440221712549752,0.7871460906597073,52.9,0.7657785509540247,0.3575025904794018,0.7657785509540247
50.6,0.7748527577596955,0.3529468796931968,0.7748527577596955,1470.0,0.7554369116244561,0.3655458205228453,0.7554369116244561,31.0,0.7748527577596955,0.3529468796931979,0.7748527577596955,3.9,0.7974877299892758,0.33495430918148195,0.7974877299892758,10.21,0.7748527577596955,0.3529468796931968,0.7748527577596955,1.0,0.7140703543061824,0.382460568827685,0.7140703543061824,26.7,0.7871460906597073,0.3440221712549752,0.7871460906597073,57.3,0.7606077312892404,0.3615682559707251,0.7606077312892404
40.0,0.7748527577596955,0.3529468796931963,0.7748527577596955,758.0,0.7554369116244561,0.3655458205228453,0.7554369116244561,53.0,0.7696819380949113,0.35714852033639727,0.7696819380949113,-1.6,0.8026585496540599,0.33028822673593305,0.8026585496540599,4.3,0.7748527577596955,0.3529468796931963,0.7748527577596955,6.0,0.72119286754141,0.3791119275629266,0.72119286754141,20.8,0.7871460906597073,0.3440221712549752,0.7871460906597073,57.6,0.767730244524468,0.3573283147224659,0.767730244524468
73.3,0.7748527577596955,0.3529468796931968,0.7748527577596955,1336.0,0.7554369116244561,0.3655458205228453,0.7554369116244561,47.0,0.776804451330139,0.35273762957165883,0.776804451330139,0.0,0.8026585496540599,0.3302882267359325,0.8026585496540599,16.83,0.7748527577596955,0.3529468796931968,0.7748527577596955,14.0,0.72119286754141,0.3791119275629266,0.72119286754141,32.5,0.7871460906597073,0.3440221712549752,0.7871460906597073,58.0,0.7748527577596955,0.3529468796931963,0.7748527577596955
93.3,0.776804451330139,0.35273762957165883,0.776804451330139,1441.0,0.7554369116244561,0.3655458205228453,0.7554369116244561,64.0,0.776804451330139,0.35273762957165883,0.776804451330139,1.6,0.8026585496540599,0.3302882267359325,0.8026585496540599,20.7,0.7696819380949114,0.3571485203363973,0.7696819380949114,31.0,0.7170312872321847,0.37864692650856513,0.7170312872321847,34.5,0.7800235774244798,0.34865713811079335,0.7800235774244798,61.6,0.776804451330139,0.35273762957165883,0.776804451330139
18.8,0.7768044513301391,0.3527376295716589,0.7768044513301391,2186.0,0.7554369116244561,0.3655458205228453,0.7554369116244561,79.0,0.776804451330139,0.35273762957165883,0.776804451330139,3.9,0.7974877299892756,0.3349543091814814,0.7974877299892756,6.06,0.7625594248596839,0.361417917320126,0.7625594248596839,38.0,0.7156556708710555,0.37820301334429757,0.7156556708710555,23.5,0.7800235774244797,0.34865713811079535,0.7800235774244797,62.4,0.7696819380949114,0.3571485203363973,0.7696819380949114
95.7,0.776804451330139,0.35273762957165833,0.776804451330139,2009.0,0.7483143983892284,0.3695322299445533,0.7483143983892284,72.0,0.7716336316653547,0.3569632073211975,0.7716336316653547,-6.2,0.7974877299892756,0.3349543091814814,0.7974877299892756,28.53,0.7573886051948994,0.365419418978584,0.7573886051948994,48.0,0.7095837956879439,0.3770644381552029,0.7095837956879439,36.5,0.7800235774244797,0.34865713811079535,0.7800235774244797,63.5,0.7612919923357861,0.361296734564054,0.7612919923357861
86.7,0.776804451330139,0.35273762957165833,0.776804451330139,2511.0,0.7431435787244445,0.37330965551192985,0.7431435787244445,50.0,0.7716336316653546,0.3569632073211975,0.7716336316653546,0.0,0.8026585496540599,0.3302882267359325,0.8026585496540599,32.86,0.7502660919596718,0.36943528413576343,0.7502660919596718,52.0,0.6978736342652838,0.3788877330399265,0.6978736342652838,36.9,0.7800235774244798,0.3486571381107944,0.7800235774244798,67.8,0.7519595923617767,0.3650802558282476,0.7519595923617767
90.2,0.7839269645653666,0.348185245025908,0.7839269645653666,1462.0,0.7431435787244444,0.3733096555119308,0.7431435787244444,52.0,0.776804451330139,0.35273762957165883,0.776804451330139,1.6,0.8026585496540599,0.3302882267359325,0.8026585496540599,17.93,0.7470469658653309,0.36937689610185864,0.7470469658653309,47.0,0.6907511210300564,0.38188192739285326,0.6907511210300564,33.3,0.7780718838540365,0.34888480670953964,0.7780718838540365,69.8,0.7418761462005468,0.3684593095578009,0.7418761462005468
100.0,0.7890977842301509,0.34375952829162687,0.7890977842301509,1331.0,0.7431435787244444,0.3733096555119308,0.7431435787244444,60.0,0.7748527577596955,0.3529468796931968,0.7748527577596955,7.0,0.7955360364188324,0.3352593077283743,0.7955360364188324,20.24,0.7470469658653309,0.36937689610185964,0.7470469658653309,53.0,0.6927028146004998,0.3819815748059093,0.6927028146004998,36.1,0.7780718838540363,0.34888480670954003,0.7780718838540363,54.1,0.7470469658653309,0.3646633123848871,0.7470469658653309
80.4,0.7890977842301509,0.34375952829162687,0.7890977842301509,1521.0,0.7399244526301036,0.3732047361992452,0.7399244526301036,52.0,0.7800235774244798,0.3486571381107949,0.7800235774244798,-4.7,0.8026585496540599,0.33028822673593305,0.8026585496540599,17.85,0.7399244526301035,0.3732047361992466,0.7399244526301035,61.0,0.6927028146004998,0.3819815748059089,0.6927028146004998,32.5,0.7696819380949114,0.35325272868015895,0.7696819380949114,64.7,0.7522177855301153,0.3607792142727704,0.7522177855301153
60.8,0.7890977842301509,0.34375952829162687,0.7890977842301509,1720.0,0.7399244526301036,0.3732047361992452,0.7399244526301036,50.0,0.785194397089264,0.3442792955891904,0.785194397089264,-1.6,0.8078293693188443,0.3255340433511827,0.8078293693188443,15.51,0.7399244526301035,0.3732047361992461,0.7399244526301035,66.0,0.6885412342912745,0.3813409130066002,0.6885412342912745,31.8,0.7696819380949114,0.35325272868015845,0.7696819380949114,68.6,0.7522177855301153,0.3607792142727704,0.7522177855301153
65.5,0.7839269645653665,0.3481852450259095,0.7839269645653665,1695.0,0.7399244526301036,0.3732047361992462,0.7399244526301036,58.0,0.7800235774244798,0.3486571381107949,0.7800235774244798,2.3,0.8026585496540599,0.33028822673593305,0.8026585496540599,17.36,0.7399244526301035,0.3732047361992461,0.7399244526301035,63.0,0.6927028146004998,0.3819815748059089,0.6927028146004998,32.5,0.7696819380949113,0.3532527286801584,0.7696819380949113,68.2,0.7522177855301153,0.3607792142727704,0.7522177855301153
58.4,0.7819752709949231,0.3484239508829175,0.7819752709949231,1734.0,0.732801939394876,0.3768910825156232,0.732801939394876,48.0,0.785194397089264,0.3442792955891904,0.785194397089264,1.6,0.8078293693188441,0.32553404335118263,0.8078293693188441,14.7,0.7399244526301035,0.3732047361992466,0.7399244526301035,64.0,0.6998253278357273,0.3789579247175112,0.6998253278357273,31.4,0.7696819380949113,0.3532527286801584,0.7696819380949113,68.6,0.7573886051948995,0.35680701522145153,0.7573886051948995
50.6,0.7819752709949231,0.3484239508829175,0.7819752709949231,1772.0,0.732801939394876,0.3768910825156232,0.732801939394876,41.0,0.7903652167540484,0.33981335212838343,0.7903652167540484,-0.8,0.8026585496540599,0.33028822673593305,0.8026585496540599,13.57,0.7347536329653194,0.3768560694108629,0.7347536329653194,65.0,0.7049961475005115,0.3757520449059886,0.7049961475005115,30.6,0.7696819380949113,0.3532527286801584,0.7696819380949113,69.8,0.7522177855301153,0.3607792142727704,0.7522177855301153
28.2,0.7890977842301509,0.34375952829162687,0.7890977842301509,1776.0,0.736021065489217,0.37704253310708874,0.736021065489217,19.0,0.7851943970892641,0.34427929558919046,0.7851943970892641,0.0,0.7974877299892758,0.33495430918148195,0.7974877299892758,4.54,0.7347536329653194,0.3768560694108629,0.7347536329653194,56.0,0.6978736342652839,0.378887733039927,0.6978736342652839,21.6,0.7645111184301271,0.357392440800462,0.7645111184301271,71.0,0.7522177855301153,0.3607792142727704,0.7522177855301153
18.4,0.7890977842301509,0.34375952829162687,0.7890977842301509,1230.0,0.7431435787244445,0.3733096555119308,0.7431435787244445,27.0,0.776804451330139,0.3488057868841294,0.776804451330139,10.2,0.7974877299892758,0.33495430918148195,0.7974877299892758,3.53,0.7347536329653194,0.3768560694108629,0.7347536329653194,16.0,0.6927028146004998,0.3819815748059093,0.6927028146004998,19.2,0.7645111184301271,0.357392440800462,0.7645111184301271,61.2,0.747046965865331,0.3646633123848872,0.747046965865331
100.0,0.7890977842301509,0.34375952829162687,0.7890977842301509,1187.0,0.7431435787244444,0.3733096555119308,0.7431435787244444,72.0,0.7716336316653547,0.3530575370499728,0.7716336316653547,3.9,0.7974877299892758,0.33495430918148195,0.7974877299892758,16.04,0.7347536329653194,0.3768560694108629,0.7347536329653194,33.0,0.6927028146004998,0.3819815748059093,0.6927028146004998,32.5,0.7645111184301271,0.357392440800462,0.7645111184301271,51.4,0.7470469658653309,0.3646633123848871,0.7470469658653309
88.6,0.7890977842301509,0.34375952829162687,0.7890977842301509,1826.0,0.7431435787244445,0.3733096555119308,0.7431435787244445,71.0,0.7716336316653547,0.3530575370499728,0.7716336316653547,-3.1,0.7974877299892758,0.33495430918148195,0.7974877299892758,23.92,0.7399244526301035,0.3732047361992466,0.7399244526301035,46.0,0.6855803013652721,0.3848637311132961,0.6855803013652721,34.9,0.7696819380949113,0.3532527286801574,0.7696819380949113,65.1,0.747046965865331,0.3646633123848872,0.747046965865331
34.9,0.7890977842301509,0.34375952829162687,0.7890977842301509,1704.0,0.7431435787244445,0.3733096555119308,0.7431435787244445,56.0,0.7716336316653547,0.3530575370499728,0.7716336316653547,0.6281970010971596,0.7923169103244916,0.33953229068782886,0.7923169103244916,11.73,0.7470469658653309,0.36937689610185864,0.7470469658653309,55.0,0.6939702471243973,0.3822433661530488,0.6939702471243973,30.2,0.7696819380949113,0.3532527286801574,0.7696819380949113,62.4,0.7418761462005468,0.3684593095578014,0.7418761462005468
63.5,0.7942686038949351,0.33924571061814374,0.7942686038949351,1926.0,0.7379727590596603,0.3769989801401067,0.7379727590596603,41.0,0.7716336316653547,0.3530575370499728,0.7716336316653547,-7.8,0.7923169103244917,0.33953229068782886,0.7923169103244917,17.8,0.7541694791005585,0.365407562223463,0.7541694791005585,63.0,0.6939702471243973,0.3822433661530488,0.6939702471243973,32.5,0.7696819380949113,0.3532527286801574,0.7696819380949113,67.8,0.7470469658653309,0.3646633123848871,0.7470469658653309
45.9,0.7994394235597191,0.334643792005459,0.7994394235597191,2137.0,0.7379727590596602,0.3769989801401067,0.7379727590596602,33.0,0.7748527577596955,0.3529468796931968,0.7748527577596955,0.0,0.7871460906597073,0.34402217125497314,0.7871460906597073,14.43,0.7541694791005585,0.365407562223463,0.7541694791005585,64.0,0.6939702471243973,0.3822433661530488,0.6939702471243973,31.0,0.7696819380949113,0.3532527286801574,0.7696819380949113,71.8,0.7418761462005468,0.3684593095578014,0.7418761462005468
18.0,0.7994394235597191,0.334643792005459,0.7994394235597191,1394.0,0.7379727590596602,0.3769989801401067,0.7379727590596602,28.0,0.7677302445244679,0.35732831472246585,0.7677302445244679,7.8,0.7819752709949233,0.34842395088291755,0.7819752709949233,3.39,0.7541694791005585,0.36540756222346243,0.7541694791005585,26.0,0.6991410667891815,0.379135470076844,0.6991410667891815,20.4,0.7696819380949114,0.3532527286801574,0.7696819380949114,61.6,0.747046965865331,0.3646633123848872,0.747046965865331
37.3,0.7994394235597191,0.334643792005459,0.7994394235597191,793.0,0.7399244526301036,0.37694990854399346,0.7399244526301036,31.0,0.7593402987653428,0.361444051981562,0.7593402987653428,2.3,0.776804451330139,0.35273762957165883,0.776804451330139,4.22,0.7593402987653427,0.36144405198156243,0.7593402987653427,0.0,0.692018553553954,0.3821467399730825,0.692018553553954,20.0,0.7696819380949114,0.3532527286801574,0.7696819380949114,52.9,0.7418761462005468,0.3684593095578009,0.7418761462005468
64.3,0.7994394235597191,0.334643792005459,0.7994394235597191,1065.0,0.7450952722948878,0.3732366468094783,0.7450952722948878,32.0,0.7561211726710019,0.36145702888998094,0.7561211726710019,2.3,0.7716336316653547,0.3569632073211981,0.7716336316653547,9.78,0.7645111184301272,0.35739244080046206,0.7645111184301272,11.0,0.692018553553954,0.3821467399730825,0.692018553553954,28.6,0.7696819380949114,0.3532527286801574,0.7696819380949114,51.4,0.7418761462005468,0.3684593095578009,0.7418761462005468
30.6,0.794268603894935,0.33924571061814374,0.794268603894935,815.0,0.7502660919596718,0.36943528413576343,0.7502660919596718,34.0,0.7593402987653427,0.36144405198156293,0.7593402987653427,3.9,0.7664628120005704,0.3611006841315348,0.7664628120005704,3.5,0.7696819380949113,0.3532527286801574,0.7696819380949113,2.0,0.6971893732187382,0.3790627810032183,0.6971893732187382,19.6,0.7696819380949114,0.3532527286801574,0.7696819380949114,62.4,0.7418761462005469,0.368459309557801,0.7418761462005469
43.1,0.794268603894935,0.33924571061814374,0.794268603894935,776.0,0.7573886051948996,0.3654194189785841,0.7573886051948996,37.0,0.7677302445244679,0.35732831472246585,0.7677302445244679,3.1,0.7612919923357861,0.3651500600026695,0.7612919923357861,4.39,0.7716336316653547,0.3530575370499728,0.7716336316653547,33.67243525896414,0.6971893732187381,0.3790627810032182,0.6971893732187381,20.8,0.7780718838540365,0.34888480670953964,0.7780718838540365,51.8,0.747046965865331,0.3646633123848872,0.747046965865331
28.6,0.794268603894935,0.33924571061814374,0.794268603894935,841.0,0.7573886051948996,0.3654194189785841,0.7573886051948996,36.0,0.7677302445244678,0.3573283147224663,0.7677302445244678,-3.9,0.7612919923357861,0.3651500600026695,0.7612919923357861,6.18,0.7664628120005705,0.3572211862766137,0.7664628120005705,11.0,0.6971893732187382,0.3790627810032183,0.6971893732187382,26.3,0.7832427035188207,0.34453090129427344,0.7832427035188207,64.3,0.7522177855301153,0.3607792142727694,0.7522177855301153
13.3,0.7871460906597073,0.3440221712549742,0.7871460906597073,1469.0,0.7573886051948995,0.365419418978585,0.7573886051948995,32.0,0.7625594248596836,0.36141791732012696,0.7625594248596836,8.6,0.7612919923357861,0.3651500600026695,0.7612919923357861,3.15,0.7612919923357864,0.3612967345640541,0.7612919923357864,6.0,0.6971893732187381,0.3790627810032182,0.6971893732187381,20.0,0.7832427035188207,0.34453090129427344,0.7832427035188207,74.9,0.750266091959672,0.3609038717737033,0.750266091959672
60.8,0.7819752709949231,0.3484239508829175,0.7819752709949231,717.0,0.7522177855301152,0.36933281969784154,0.7522177855301152,49.0,0.7573886051948994,0.3654194189785855,0.7573886051948994,-4.7,0.7612919923357861,0.3651500600026695,0.7612919923357861,6.02,0.7612919923357864,0.3612967345640541,0.7612919923357864,14.0,0.6971893732187381,0.3790627810032182,0.6971893732187381,25.1,0.7780718838540365,0.3488848067095386,0.7780718838540365,59.2,0.750266091959672,0.3609038717737033,0.750266091959672
21.6,0.7871460906597074,0.3440221712549742,0.7871460906597074,1508.0,0.7593402987653428,0.36528749880519307,0.7593402987653428,19.0,0.7573886051948994,0.3654194189785855,0.7573886051948994,-1.6,0.7612919923357861,0.3651500600026695,0.7612919923357861,9.76,0.7684145055710138,0.35704441312363566,0.7684145055710138,15.0,0.6971893732187381,0.3790627810032182,0.6971893732187381,25.5,0.7800235774244798,0.34865713811079385,0.7800235774244798,65.5,0.750266091959672,0.3609038717737033,0.750266091959672
19.2,0.7871460906597074,0.3440221712549742,0.7871460906597074,1168.0,0.7664628120005705,0.3611006841315333,0.7664628120005705,32.0,0.7573886051948994,0.3654194189785855,0.7573886051948994,3.1,0.7612919923357861,0.3651500600026695,0.7612919923357861,3.78,0.7716336316653547,0.3569632073211975,0.7716336316653547,13.0,0.6971893732187381,0.3790627810032182,0.6971893732187381,18.8,0.7819752709949231,0.3484239508829175,0.7819752709949231,63.8636053593179,0.750266091959672,0.3609038717737033,0.750266091959672
40.0,0.7923169103244917,0.33953229068782936,0.7923169103244917,813.0,0.7716336316653547,0.3569632073211975,0.7716336316653547,55.0,0.7625594248596836,0.36141791732012696,0.7625594248596836,-2.3,0.7684145055710139,0.3609337895935407,0.7684145055710139,4.41,0.7716336316653546,0.3569632073211975,0.7716336316653546,5.0,0.6971893732187381,0.3790627810032182,0.6971893732187381,20.8,0.7819752709949231,0.3484239508829175,0.7819752709949231,52.9,0.750266091959672,0.3609038717737033,0.750266091959672
44.3,0.7974877299892756,0.3349543091814819,0.7974877299892756,1793.0,0.776804451330139,0.35273762957165883,0.776804451330139,19.0,0.7645111184301271,0.36126206004039624,0.7645111184301271,0.8,0.7684145055710138,0.36093378959354067,0.7684145055710138,11.66,0.7716336316653547,0.3569632073211975,0.7716336316653547,16.0,0.7023601928835222,0.3758907210941505,0.7023601928835222,29.8,0.781975270994923,0.34842395088291744,0.781975270994923,70.6,0.7573886051948996,0.3568070152214521,0.7573886051948996
61.2,0.7974877299892758,0.33495430918148195,0.7974877299892758,1441.0,0.776804451330139,0.35273762957165883,0.776804451330139,68.0,0.7645111184301271,0.36126206004039624,0.7645111184301271,6.2,0.7664628120005704,0.3611006841315348,0.7664628120005704,17.36,0.7664628120005704,0.3611006841315348,0.7664628120005704,32.0,0.7023601928835221,0.37589072109415045,0.7023601928835221,33.3,0.7819752709949231,0.3484239508829175,0.7819752709949231,67.8,0.7625594248596836,0.35274671523093115,0.7625594248596836
20.4,0.7974877299892756,0.3349543091814819,0.7974877299892756,2100.0,0.7716336316653547,0.3569632073211981,0.7716336316653547,72.0,0.7696819380949113,0.35714852033639777,0.7696819380949113,-1.6,0.7664628120005704,0.3611006841315348,0.7664628120005704,6.13,0.7664628120005705,0.36110068413153434,0.7664628120005705,40.0,0.6939702471243971,0.3787307937973599,0.6939702471243971,23.5,0.7819752709949231,0.3484239508829175,0.7819752709949231,63.5,0.7625594248596839,0.3527467152309312,0.7625594248596839
84.7,0.7923169103244917,0.33953229068782936,0.7923169103244917,2113.0,0.7645111184301271,0.36126206004039624,0.7645111184301271,61.0,0.7696819380949113,0.35714852033639727,0.7696819380949113,2.3,0.7612919923357861,0.3651500600026695,0.7612919923357861,26.56,0.7645111184301272,0.36126206004039624,0.7645111184301272,51.0,0.681844788934254,0.38002465918869477,0.681844788934254,35.7,0.776804451330139,0.35273762957165883,0.776804451330139,67.1,0.7625594248596839,0.3527467152309312,0.7625594248596839
17.6,0.7923169103244917,0.33953229068782936,0.7923169103244917,1291.0,0.7573886051948995,0.365419418978584,0.7573886051948995,21.0,0.7696819380949113,0.35714852033639727,0.7696819380949113,10.2,0.7529020465766612,0.36907856648736415,0.7529020465766612,3.5,0.7645111184301271,0.36126206004039624,0.7645111184301271,32.0,0.6798930953638107,0.3798981235779553,0.6798930953638107,20.4,0.776804451330139,0.35273762957165883,0.776804451330139,61.2,0.7573886051948995,0.35680701522145203,0.7573886051948995
20.8,0.7923169103244917,0.33953229068782936,0.7923169103244917,1017.0,0.7573886051948995,0.365419418978584,0.7573886051948995,37.0,0.7748527577596954,0.3529468796931973,0.7748527577596954,3.9,0.7477312269118771,0.3729137490635353,0.7477312269118771,2.65,0.7696819380949114,0.3571485203363973,0.7696819380949114,17.0,0.6831122214581515,0.3803007819614146,0.6831122214581515,18.4,0.7768044513301388,0.3527376295716588,0.7768044513301388,58.4,0.7522177855301153,0.3607792142727704,0.7522177855301153
43.5,0.7923169103244917,0.33953229068782936,0.7923169103244917,753.0,0.7522177855301152,0.36933281969784154,0.7522177855301152,32.0,0.7696819380949113,0.35714852033639727,0.7696819380949113,-1.6,0.7477312269118771,0.3729137490635353,0.7477312269118771,4.56,0.7696819380949114,0.3571485203363973,0.7696819380949114,2.0,0.6900668599835104,0.3820445951639852,0.6900668599835104,21.2,0.776804451330139,0.35273762957165883,0.776804451330139,54.9,0.747046965865331,0.3646633123848872,0.747046965865331
86.7,0.7974877299892758,0.33495430918148195,0.7974877299892758,1117.0,0.7450952722948878,0.3732366468094793,0.7450952722948878,35.0,0.7748527577596954,0.3529468796931978,0.7748527577596954,4.7,0.7529020465766612,0.36907856648736415,0.7529020465766612,15.91,0.7716336316653547,0.3569632073211975,0.7716336316653547,19.0,0.7017770214061705,0.3804368015093016,0.7017770214061705,32.2,0.776804451330139,0.35273762957165883,0.776804451330139,63.5,0.7418761462005468,0.3684593095578009,0.7418761462005468
16.1,0.7974877299892758,0.33495430918148195,0.7974877299892758,1781.0,0.7431435787244444,0.3733096555119313,0.7431435787244444,59.0,0.7748527577596955,0.3529468796931979,0.7748527577596955,0.0,0.7580728662414453,0.36515528297198996,0.7580728662414453,4.85,0.7664628120005704,0.3611006841315348,0.7664628120005704,22.0,0.6966062017413863,0.38356809737971753,0.6966062017413863,22.4,0.776804451330139,0.35273762957165883,0.776804451330139,75.3,0.747046965865331,0.3646633123848872,0.747046965865331
81.2,0.8026585496540599,0.3302882267359325,0.8026585496540599,2300.0,0.741191885154001,0.37337714558525215,0.741191885154001,24.0,0.7748527577596954,0.3529468796931978,0.7748527577596954,-5.5,0.7580728662414453,0.36515528297199046,0.7580728662414453,28.73,0.7612919923357861,0.3651500600026695,0.7612919923357861,33.67243525896414,0.6882162559822613,0.38621783686432315,0.6882162559822613,36.1,0.7716336316653546,0.3569632073211975,0.7716336316653546,67.5,0.7522177855301154,0.36077921427277043,0.7522177855301154
28.2,0.8026585496540599,0.33028822673593305,0.8026585496540599,1868.0,0.741191885154001,0.37337714558525215,0.741191885154001,63.0,0.7748527577596954,0.3529468796931973,0.7748527577596954,-0.8,0.7529020465766612,0.36907856648736415,0.7529020465766612,12.41,0.7664628120005704,0.3611006841315348,0.7664628120005704,42.0,0.6765060945596011,0.38744583475567645,0.6765060945596011,32.2,0.7716336316653546,0.3569632073211975,0.7716336316653546,76.9,0.7470469658653309,0.3646633123848871,0.7470469658653309
73.3,0.8078293693188443,0.32553404335118163,0.8078293693188443,2097.0,0.7483143983892284,0.3695322299445533,0.7483143983892284,49.0,0.7748527577596954,0.3529468796931973,0.7748527577596954,-4.7,0.7580728662414453,0.36515528297198896,0.7580728662414453,22.97,0.7716336316653547,0.3569632073211981,0.7716336316653547,44.0,0.6643806363694581,0.38821003279903926,0.6643806363694581,34.1,0.7716336316653546,0.3569632073211975,0.7716336316653546,67.8,0.7470469658653309,0.3646633123848871,0.7470469658653309
57.6,0.8078293693188443,0.32553404335118163,0.8078293693188443,2166.0,0.7554369116244561,0.3655458205228453,0.7554369116244561,58.0,0.7800235774244797,0.34865713811079485,0.7800235774244797,-6.2,0.7632436859062296,0.36114389851741435,0.7632436859062296,18.73,0.7768044513301391,0.3527376295716589,0.7768044513301391,46.0,0.6643806363694581,0.38821003279903926,0.6643806363694581,32.5,0.7716336316653546,0.3569632073211975,0.7716336316653546,69.8,0.7470469658653309,0.3646633123848871,0.7470469658653309
68.2,0.8078293693188441,0.32553404335118263,0.8078293693188441,2281.0,0.7625594248596836,0.36141791732012696,0.7625594248596836,55.0,0.7819752709949231,0.3484239508829175,0.7819752709949231,2.3,0.7580728662414452,0.3651552829719904,0.7580728662414452,23.04,0.7716336316653547,0.3569632073211981,0.7716336316653547,49.0,0.6643806363694581,0.38821003279903926,0.6643806363694581,34.1,0.7768044513301388,0.3527376295716588,0.7768044513301388,69.4,0.7571304120265611,0.36114068382020653,0.7571304120265611
55.3,0.8078293693188441,0.32553404335118263,0.8078293693188441,1742.0,0.7573886051948995,0.365419418978585,0.7573886051948995,63.0,0.7839269645653665,0.3481852450259095,0.7839269645653665,6.2,0.7580728662414453,0.36515528297199046,0.7580728662414453,19.48,0.7664628120005705,0.36110068413153434,0.7664628120005705,54.0,0.6590040714604561,0.3862082738969398,0.6590040714604561,33.7,0.776804451330139,0.35273762957165883,0.776804451330139,72.9,0.757130412026561,0.3611406838202064,0.757130412026561
58.8,0.8078293693188441,0.32553404335118263,0.8078293693188441,1777.0,0.7573886051948995,0.365419418978585,0.7573886051948995,50.0,0.7890977842301509,0.34375952829162687,0.7890977842301509,3.1,0.7580728662414453,0.36515528297199046,0.7580728662414453,15.21,0.7716336316653547,0.3569632073211975,0.7716336316653547,52.0,0.6538332517956721,0.3887479613199875,0.6538332517956721,31.4,0.7839269645653665,0.3481852450259095,0.7839269645653665,69.0,0.757130412026561,0.3611406838202064,0.757130412026561
85.1,0.8130001889836284,0.3206917590272292,0.8130001889836284,1657.0,0.7573886051948995,0.365419418978584,0.7573886051948995,51.0,0.7890977842301509,0.34375952829162687,0.7890977842301509,-0.8,0.7529020465766612,0.36907856648736465,0.7529020465766612,20.71,0.7716336316653547,0.3569632073211975,0.7716336316653547,51.0,0.6609557650308995,0.38641759805462855,0.6609557650308995,34.1,0.7839269645653665,0.3481852450259095,0.7839269645653665,65.9,0.7519595923617767,0.3650802558282476,0.7519595923617767
60.8,0.8181710086484126,0.3157613737640737,0.8181710086484126,1699.0,0.7573886051948995,0.365419418978585,0.7573886051948995,18.0,0.794268603894935,0.33924571061814474,0.794268603894935,2.3,0.7457795333414337,0.3729947737911614,0.7457795333414337,15.66,0.7716336316653547,0.3569632073211975,0.7716336316653547,50.0,0.6680782782661272,0.3839457410082596,0.6680782782661272,31.8,0.7890977842301509,0.34375952829162687,0.7890977842301509,68.6,0.757130412026561,0.361140683820207,0.757130412026561
38.4,0.8181710086484126,0.3157613737640737,0.8181710086484126,1652.0,0.7502660919596718,0.36943528413576343,0.7502660919596718,21.0,0.794268603894935,0.33924571061814474,0.794268603894935,-1.6,0.7406087136766494,0.37671791832179263,0.7406087136766494,9.1,0.7716336316653547,0.3569632073211981,0.7716336316653547,39.0,0.6752007915013548,0.3813323901808801,0.6752007915013548,27.8,0.7839269645653665,0.3481852450259095,0.7839269645653665,72.5,0.7623012316913452,0.35711301087296277,0.7623012316913452
87.8,0.8181710086484126,0.3157613737640737,0.8181710086484126,1348.0,0.7522177855301152,0.36933281969784154,0.7522177855301152,67.0,0.794268603894935,0.33924571061814474,0.794268603894935,0.8,0.7334862004414219,0.3803805937990388,0.7334862004414219,19.18,0.7664628120005704,0.36110068413153423,0.7664628120005704,48.0,0.6752007915013548,0.3813323901808801,0.6752007915013548,34.1,0.7787561449005823,0.3525228608209881,0.7787561449005823,65.5,0.7623012316913452,0.35711301087296277,0.7623012316913452
25.5,0.8181710086484126,0.3157613737640737,0.8181710086484126,1506.438032627222,0.7522177855301152,0.36933281969784154,0.7522177855301152,21.0,0.7994394235597191,0.334643792005459,0.7994394235597191,4.7,0.7241538004674124,0.38344972405155414,0.7241538004674124,3.3,0.7664628120005704,0.36110068413153423,0.7664628120005704,50.0,0.680371611166139,0.3784565886212119,0.680371611166139,20.4,0.7787561449005824,0.35252286082098866,0.7787561449005824,70.6,0.7674720513561295,0.3529972369865186,0.7674720513561295
23.1,0.8181710086484126,0.3157613737640737,0.8181710086484126,1086.0,0.7573886051948995,0.365419418978584,0.7573886051948995,29.0,0.799439423559719,0.33464379200545896,0.799439423559719,-2.3,0.7241538004674124,0.38344972405155414,0.7241538004674124,3.69,0.7716336316653547,0.3569632073211975,0.7716336316653547,30.0,0.6855424308309233,0.3754926861223413,0.6855424308309233,19.2,0.7716336316653546,0.3569632073211975,0.7716336316653546,56.5,0.7674720513561295,0.3529972369865186,0.7674720513561295
31.4,0.8252935218836404,0.31031268485400115,0.8252935218836404,801.0,0.7522177855301153,0.3693328196978416,0.7522177855301153,33.0,0.799439423559719,0.33464379200545896,0.799439423559719,0.8,0.7241538004674124,0.38344972405155414,0.7241538004674124,3.62,0.776804451330139,0.35273762957165883,0.776804451330139,0.0,0.6835907372604798,0.37539014764827083,0.6835907372604798,19.6,0.7768044513301388,0.3527376295716588,0.7768044513301388,62.0,0.7726428710209137,0.34879336216087076,0.7726428710209137
71.8,0.820122702218856,0.3153551081626964,0.820122702218856,795.0,0.7470469658653313,0.3731581194778952,0.7470469658653313,44.0,0.8046102432245033,0.3299537724535712,0.8046102432245033,3.1,0.7261054940378557,0.3834566017804262,0.7261054940378557,5.59,0.7716336316653547,0.3569632073211975,0.7716336316653547,12.0,0.6764682240252522,0.37819811883126053,0.6764682240252522,18.8,0.7768044513301388,0.3527376295716588,0.7768044513301388,60.0,0.7726428710209137,0.34879336216087076,0.7726428710209137
35.7,0.8149518825540718,0.32030943053218974,0.8149518825540718,2300.0,0.7470469658653313,0.3731581194778952,0.7470469658653313,65.0,0.8046102432245033,0.3299537724535712,0.8046102432245033,4.7,0.7283153807766375,0.3839035993449281,0.7283153807766375,6.54,0.7768044513301391,0.3527376295716589,0.7768044513301391,24.0,0.671297404360468,0.38102604617825164,0.671297404360468,23.9,0.7819752709949231,0.3484239508829175,0.7819752709949231,70.2,0.7674720513561295,0.3529972369865186,0.7674720513561295
72.9,0.8149518825540718,0.32030943053218974,0.8149518825540718,2296.0,0.7470469658653313,0.3731581194778952,0.7470469658653313,24.0,0.8046102432245033,0.3299537724535712,0.8046102432245033,-6.2,0.7283153807766375,0.3839035993449281,0.7283153807766375,25.72,0.7819752709949231,0.3484239508829175,0.7819752709949231,35.0,0.671297404360468,0.38102604617825164,0.671297404360468,35.3,0.7768044513301388,0.3527376295716588,0.7768044513301388,68.2,0.7674720513561295,0.3529972369865186,0.7674720513561295
71.8,0.820122702218856,0.3153551081626964,0.820122702218856,1775.0,0.7470469658653313,0.3731581194778952,0.7470469658653313,68.0,0.7994394235597191,0.334643792005459,0.7994394235597191,3.1,0.7283153807766375,0.3839035993449281,0.7283153807766375,17.89,0.7890977842301509,0.34375952829162737,0.7890977842301509,40.0,0.6584587705174534,0.38145082574437833,0.6584587705174534,32.5,0.7768044513301388,0.3527376295716588,0.7768044513301388,69.0,0.7674720513561295,0.3529972369865186,0.7674720513561295
67.5,0.8149518825540718,0.32030943053218974,0.8149518825540718,2017.0,0.7470469658653313,0.3731581194778952,0.7470469658653313,59.0,0.7994394235597191,0.334643792005459,0.7994394235597191,-0.8,0.7334862004414219,0.3803805937990388,0.7334862004414219,19.13,0.794268603894935,0.33924571061814474,0.794268603894935,43.0,0.6536988918451048,0.37947204038278154,0.6536988918451048,32.9,0.7768044513301388,0.3527376295716588,0.7768044513301388,67.8,0.776804451330139,0.3488057868841294,0.776804451330139
59.6,0.8149518825540718,0.32030943053218974,0.8149518825540718,2219.0,0.7470469658653313,0.3731581194778952,0.7470469658653313,19.0,0.7994394235597191,0.334643792005459,0.7994394235597191,-3.1,0.7406087136766494,0.37671791832179263,0.7406087136766494,17.55,0.7994394235597191,0.334643792005459,0.7994394235597191,41.0,0.6597262030413509,0.381769512763669,0.6597262030413509,32.2,0.7819752709949231,0.3484239508829175,0.7819752709949231,69.0,0.785194397089264,0.3442792955891904,0.785194397089264
17.6,0.8149518825540718,0.32030943053218974,0.8149518825540718,1752.0,0.7522177855301152,0.36933281969784154,0.7522177855301152,22.0,0.794268603894935,0.33924571061814474,0.794268603894935,0.0,0.7457795333414338,0.3729947737911605,0.7457795333414338,4.55,0.7974877299892758,0.33495430918148195,0.7974877299892758,27.0,0.6725648368843655,0.3813218021026036,0.6725648368843655,22.0,0.781975270994923,0.34842395088291744,0.781975270994923,63.5,0.7923169103244917,0.33953229068782936,0.7923169103244917
48.6,0.8149518825540718,0.32030943053218974,0.8149518825540718,1394.0,0.7489986594357745,0.369282971526159,0.7489986594357745,23.0,0.7923169103244917,0.33953229068782886,0.7923169103244917,6.2,0.7457795333414337,0.3729947737911614,0.7457795333414337,9.87,0.7923169103244916,0.3395322906878304,0.7923169103244916,31.0,0.6850639150285951,0.380418777709931,0.6850639150285951,29.0,0.7819752709949231,0.3484239508829175,0.7819752709949231,68.2,0.7974877299892758,0.33495430918148195,0.7974877299892758
18.0,0.8097810628892876,0.3251756519624815,0.8097810628892876,1497.0,0.741876146200547,0.37314026735901595,0.741876146200547,20.0,0.7974877299892758,0.33495430918148195,0.7974877299892758,15.6,0.7509503530062177,0.3691835283213276,0.7509503530062177,3.9,0.7871460906597073,0.3440221712549752,0.7871460906597073,30.0,0.6850639150285951,0.380418777709931,0.6850639150285951,21.6,0.7748527577596955,0.3529468796931963,0.7748527577596955,66.7,0.7923169103244917,0.33953229068782886,0.7923169103244917
38.8,0.8026585496540599,0.3302882267359325,0.8026585496540599,1459.0,0.7367053265357628,0.376815537676971,0.7367053265357628,41.0,0.7994394235597191,0.334643792005459,0.7994394235597191,8.6,0.756121172671002,0.36528418191229184,0.756121172671002,8.07,0.7923169103244917,0.33953229068782936,0.7923169103244917,32.0,0.6850639150285951,0.3804187777099305,0.6850639150285951,27.1,0.7748527577596955,0.3529468796931963,0.7748527577596955,70.6,0.7974877299892756,0.3349543091814819,0.7974877299892756
47.5,0.8026585496540599,0.3302882267359325,0.8026585496540599,1670.0,0.7367053265357627,0.376815537676971,0.7367053265357627,53.0,0.7942686038949349,0.33924571061814474,0.7942686038949349,-4.7,0.7489986594357745,0.3692829715261585,0.7489986594357745,11.52,0.7871460906597073,0.3440221712549752,0.7871460906597073,40.0,0.6850639150285951,0.380418777709931,0.6850639150285951,29.8,0.7748527577596955,0.3529468796931963,0.7748527577596955,71.0,0.7890977842301506,0.3397654621565047,0.7890977842301506
65.1,0.7974877299892758,0.33495430918148145,0.7974877299892758,2086.0,0.7283153807766376,0.3802171870191255,0.7283153807766376,19.0,0.7994394235597191,0.334643792005459,0.7994394235597191,0.0,0.7489986594357745,0.3692829715261585,0.7489986594357745,20.37,0.7890977842301506,0.34375952829162676,0.7890977842301506,46.0,0.6850639150285951,0.380418777709931,0.6850639150285951,33.3,0.7748527577596954,0.3529468796931973,0.7748527577596954,68.2,0.7890977842301506,0.3397654621565047,0.7890977842301506
20.0,0.7923169103244917,0.33953229068782886,0.7923169103244917,980.0,0.7199254350175125,0.38344159483594215,0.7199254350175125,23.0,0.7994394235597191,0.334643792005459,0.7994394235597191,-0.8,0.7438278397709903,0.373070279889654,0.7438278397709903,2.95,0.794268603894935,0.33924571061814474,0.794268603894935,28.0,0.6870156085990384,0.3805312548293151,0.6870156085990384,18.4,0.7800235774244798,0.34865713811079546,0.7800235774244798,62.4,0.7890977842301509,0.3397654621565049,0.7890977842301509
29.0,0.7923169103244917,0.33953229068782886,0.7923169103244917,798.0,0.710593035043503,0.38623177887815857,0.710593035043503,38.0,0.7994394235597191,0.334643792005459,0.7994394235597191,-3.9,0.7438278397709902,0.37307027988965397,0.7438278397709902,3.38,0.7994394235597191,0.334643792005459,0.7994394235597191,16.0,0.6786256628399132,0.38305228772920696,0.6786256628399132,19.6,0.7871460906597073,0.3440221712549752,0.7871460906597073,65.1,0.7890977842301509,0.3397654621565049,0.7890977842301509
41.6,0.7974877299892758,0.33495430918148145,0.7974877299892758,782.0,0.7118604675674004,0.3864722862867439,0.7118604675674004,32.0,0.7994394235597191,0.334643792005459,0.7994394235597191,-2.3,0.738657020106206,0.37676948731394744,0.738657020106206,4.48,0.8046102432245033,0.3299537724535712,0.8046102432245033,10.0,0.673454843175129,0.38587079834891264,0.673454843175129,20.8,0.794268603894935,0.33924571061814474,0.794268603894935,51.0,0.7923169103244917,0.33953229068782886,0.7923169103244917
47.8,0.7974877299892758,0.334954309181483,0.7974877299892758,741.0,0.7170312872321847,0.3831711226494894,0.7170312872321847,42.0,0.7994394235597191,0.334643792005459,0.7994394235597191,-3.9,0.7367053265357627,0.376815537676971,0.7367053265357627,4.86,0.8046102432245033,0.3299537724535712,0.8046102432245033,16.0,0.6682840235103448,0.38860120802941445,0.6682840235103448,22.4,0.794268603894935,0.33924571061814474,0.794268603894935,64.3,0.7923169103244918,0.3395322906878289,0.7923169103244918
42.7,0.8026585496540599,0.33028822673593305,0.8026585496540599,1541.0,0.7170312872321848,0.38317112264948944,0.7170312872321848,28.0,0.7994394235597191,0.334643792005459,0.7994394235597191,3.1,0.7367053265357627,0.37681553767697196,0.7367053265357627,9.68,0.8046102432245033,0.3299537724535712,0.8046102432245033,24.0,0.6695514560342425,0.3889164724997057,0.6695514560342425,28.2,0.794268603894935,0.33924571061814474,0.794268603894935,65.5,0.7923169103244917,0.33953229068782936,0.7923169103244917
21.6,0.7974877299892758,0.33495430918148195,0.7974877299892758,1893.0,0.7263636872061942,0.3802252417844572,0.7263636872061942,34.0,0.794268603894935,0.33924571061814474,0.794268603894935,8.6,0.7418761462005469,0.37314026735901684,0.7418761462005469,4.86,0.7994394235597191,0.33464379200545846,0.7994394235597191,27.0,0.6682840235103448,0.38860120802941395,0.6682840235103448,22.0,0.7890977842301509,0.34375952829162687,0.7890977842301509,72.2,0.7974877299892756,0.3349543091814814,0.7974877299892756
67.8,0.7923169103244916,0.33953229068782886,0.7923169103244916,1403.0,0.7263636872061942,0.3802252417844572,0.7263636872061942,47.0,0.7890977842301509,0.34375952829162737,0.7890977842301509,-6.2,0.7489986594357745,0.369282971526159,0.7489986594357745,15.02,0.794268603894935,0.33924571061814474,0.794268603894935,34.0,0.6609557650308995,0.3864175980546277,0.6609557650308995,31.8,0.7839269645653666,0.348185245025908,0.7839269645653666,66.7,0.7974877299892756,0.3349543091814814,0.7974877299892756
50.2,0.7923169103244917,0.33953229068782886,0.7923169103244917,1747.0,0.7315345068709785,0.3767000009286026,0.7315345068709785,51.0,0.7890977842301509,0.34375952829162687,0.7890977842301509,-3.1,0.756121172671002,0.36528418191229184,0.756121172671002,12.74,0.794268603894935,0.33924571061814474,0.794268603894935,38.0,0.6481171311878852,0.3865025092617276,0.6481171311878852,30.2,0.7839269645653666,0.348185245025908,0.7839269645653666,70.2,0.7974877299892756,0.3349543091814814,0.7974877299892756
80.4,0.7923169103244917,0.3395322906878305,0.7923169103244917,2018.0,0.7367053265357627,0.3730866591335449,0.7367053265357627,20.0,0.7839269645653665,0.348185245025909,0.7839269645653665,0.0,0.7612919923357861,0.361296734564054,0.7612919923357861,24.02,0.7994394235597191,0.334643792005459,0.7994394235597191,46.0,0.6481171311878852,0.3865025092617276,0.6481171311878852,34.9,0.7890977842301506,0.34375952829162676,0.7890977842301506,67.1,0.7923169103244917,0.33953229068782886,0.7923169103244917
38.4,0.7974877299892758,0.33495430918148195,0.7974877299892758,2281.0,0.7438278397709901,0.3693053503149382,0.7438278397709901,44.0,0.7839269645653665,0.3481852450259095,0.7839269645653665,0.0,0.7664628120005704,0.35722118627661514,0.7664628120005704,14.26,0.7923169103244916,0.33953229068782886,0.7923169103244916,47.0,0.6481171311878852,0.3865025092617276,0.6481171311878852,31.0,0.7839269645653665,0.348185245025908,0.7839269645653665,73.7,0.794268603894935,0.33924571061814474,0.794268603894935
53.3,0.7923169103244916,0.33953229068782886,0.7923169103244916,2365.0,0.7522177855301152,0.3655254239055005,0.7522177855301152,19.0,0.7787561449005823,0.3525228608209886,0.7787561449005823,-3.1,0.7748527577596954,0.35294687969319677,0.7748527577596954,18.61,0.7871460906597073,0.3440221712549752,0.7871460906597073,48.0,0.6401381264211956,0.38381499655433887,0.6401381264211956,32.5,0.7839269645653665,0.348185245025908,0.7839269645653665,71.8,0.7890977842301506,0.34375952829162676,0.7890977842301506
16.5,0.7871460906597074,0.3440221712549742,0.7871460906597074,1185.0,0.7554369116244561,0.3655458205228453,0.7554369116244561,36.0,0.7787561449005823,0.3525228608209886,0.7787561449005823,-2.3,0.7748527577596954,0.35294687969319677,0.7748527577596954,3.7,0.7871460906597073,0.3440221712549752,0.7871460906597073,46.0,0.642089819991639,0.3840774060273973,0.642089819991639,18.4,0.7839269645653665,0.348185245025908,0.7839269645653665,58.4,0.7890977842301506,0.34375952829162676,0.7890977842301506
47.1,0.7819752709949231,0.3484239508829175,0.7819752709949231,1258.0,0.7573886051948995,0.365419418978584,0.7573886051948995,19.0,0.7839269645653665,0.348185245025908,0.7839269645653665,3.9,0.7748527577596954,0.35294687969319677,0.7748527577596954,8.32,0.7871460906597073,0.3440221712549752,0.7871460906597073,44.0,0.6401381264211956,0.3838149965543393,0.6401381264211956,27.1,0.7839269645653665,0.348185245025908,0.7839269645653665,62.4,0.7942686038949349,0.33924571061814474,0.7942686038949349
36.5,0.776804451330139,0.35273762957165883,0.776804451330139,1199.0,0.7625594248596836,0.36141791732012746,0.7625594248596836,21.0,0.7787561449005823,0.3525228608209876,0.7787561449005823,4.7,0.7748527577596955,0.3529468796931979,0.7748527577596955,6.44,0.7819752709949231,0.3484239508829175,0.7819752709949231,40.0,0.6381864328507523,0.3835470684521506,0.6381864328507523,23.1,0.7839269645653665,0.348185245025908,0.7839269645653665,67.5,0.7994394235597191,0.334643792005459,0.7994394235597191
18.8,0.7768044513301388,0.3527376295716588,0.7768044513301388,1020.0,0.7625594248596836,0.36141791732012746,0.7625594248596836,66.0,0.7787561449005823,0.3525228608209886,0.7787561449005823,0.0,0.7696819380949113,0.35714852033639727,0.7696819380949113,2.92,0.7819752709949231,0.3484239508829175,0.7819752709949231,38.0,0.6330156131859681,0.3858321214157285,0.6330156131859681,18.8,0.7839269645653666,0.3481852450259085,0.7839269645653666,59.2,0.7994394235597191,0.334643792005459,0.7994394235597191
29.4,0.7819752709949231,0.3484239508829175,0.7819752709949231,1169.0,0.7625594248596836,0.36141791732012746,0.7625594248596836,88.0,0.773585325235798,0.35677237567686615,0.773585325235798,8.6,0.7748527577596954,0.3529468796931973,0.7748527577596954,2.41,0.7819752709949231,0.3484239508829175,0.7819752709949231,41.0,0.6258930999507404,0.387707752496106,0.6258930999507404,20.4,0.7890977842301509,0.34375952829162687,0.7890977842301509,60.8,0.7994394235597191,0.334643792005459,0.7994394235597191
100.0,0.7819752709949231,0.3484239508829175,0.7819752709949231,1470.0,0.7677302445244679,0.35732831472246684,0.7677302445244679,52.0,0.773585325235798,0.35677237567686615,0.773585325235798,5.5,0.7800235774244798,0.3486571381107949,0.7800235774244798,22.01,0.7819752709949231,0.3484239508829175,0.7819752709949231,50.0,0.6258930999507404,0.387707752496106,0.6258930999507404,35.7,0.7890977842301509,0.34375952829162687,0.7890977842301509,56.5,0.8046102432245033,0.3299537724535712,0.8046102432245033
73.7,0.7819752709949233,0.34842395088291755,0.7819752709949233,1700.0,0.7696819380949113,0.35714852033639727,0.7696819380949113,23.0,0.7684145055710138,0.36093378959354017,0.7684145055710138,-3.1,0.7800235774244798,0.3486571381107949,0.7800235774244798,18.79,0.7819752709949231,0.3484239508829175,0.7819752709949231,53.0,0.616560699976731,0.38866059000352554,0.616560699976731,32.9,0.7890977842301509,0.34375952829162687,0.7890977842301509,66.7,0.7994394235597191,0.334643792005459,0.7994394235597191
18.0,0.7748527577596955,0.3529468796931968,0.7748527577596955,1719.0,0.7645111184301271,0.36126206004039624,0.7645111184301271,47.0,0.7632436859062296,0.3650071025710132,0.7632436859062296,3.1,0.7729010641892522,0.35315061118560426,0.7729010641892522,4.54,0.7871460906597073,0.3440221712549752,0.7871460906597073,51.0,0.616560699976731,0.38866059000352554,0.616560699976731,22.4,0.7890977842301509,0.34375952829162687,0.7890977842301509,63.5,0.7994394235597191,0.334643792005459,0.7994394235597191
51.8,0.7800235774244798,0.3486571381107944,0.7800235774244798,1706.0,0.7593402987653428,0.36528749880519307,0.7593402987653428,19.0,0.7684145055710138,0.36093378959354017,0.7684145055710138,0.0,0.7696819380949113,0.3532527286801584,0.7696819380949113,10.73,0.7871460906597073,0.3440221712549752,0.7871460906597073,48.0,0.616560699976731,0.38866059000352554,0.616560699976731,29.4,0.7839269645653666,0.348185245025908,0.7839269645653666,69.0,0.8046102432245033,0.3299537724535712,0.8046102432245033
43.5,0.7748527577596955,0.3529468796931968,0.7748527577596955,1495.0,0.7593402987653428,0.36528749880519307,0.7593402987653428,19.0,0.7684145055710138,0.36093378959354067,0.7684145055710138,6.2,0.7645111184301272,0.35739244080046206,0.7645111184301272,9.33,0.7871460906597073,0.3440221712549752,0.7871460906597073,45.0,0.6236832132119586,0.3869554448172339,0.6236832132119586,27.8,0.7839269645653666,0.348185245025908,0.7839269645653666,70.2,0.7994394235597191,0.334643792005459,0.7994394235597191
19.6,0.7748527577596955,0.3529468796931968,0.7748527577596955,1004.0,0.7593402987653428,0.36528749880519307,0.7593402987653428,30.0,0.7684145055710138,0.36093378959354067,0.7684145055710138,-6.2,0.7696819380949113,0.3532527286801584,0.7696819380949113,2.81,0.7819752709949233,0.34842395088291755,0.7819752709949233,21.0,0.6165606999767309,0.3886605900035255,0.6165606999767309,18.0,0.7839269645653666,0.3481852450259085,0.7839269645653666,60.8,0.7994394235597191,0.334643792005459,0.7994394235597191
37.6,0.7696819380949113,0.35714852033639727,0.7696819380949113,764.0,0.7541694791005585,0.3692248366307874,0.7541694791005585,32.0,0.7684145055710138,0.36093378959354067,0.7684145055710138,3.9,0.776804451330139,0.3488057868841294,0.776804451330139,3.85,0.7871460906597073,0.3440221712549752,0.7871460906597073,5.0,0.6081707542176059,0.38979577619871997,0.6081707542176059,20.0,0.7890977842301509,0.34375952829162687,0.7890977842301509,57.6,0.7994394235597191,0.334643792005459,0.7994394235597191
80.4,0.7696819380949113,0.35714852033639727,0.7696819380949113,1016.0,0.7489986594357745,0.3730740735171808,0.7489986594357745,26.0,0.7684145055710138,0.36093378959354067,0.7684145055710138,-3.9,0.776804451330139,0.3488057868841294,0.776804451330139,10.94,0.7871460906597073,0.34402217125497575,0.7871460906597073,5.0,0.612332334526831,0.390991966751879,0.612332334526831,27.1,0.7942686038949351,0.33924571061814374,0.7942686038949351,53.7,0.794268603894935,0.33924571061814474,0.794268603894935
35.7,0.7696819380949113,0.35714852033639727,0.7696819380949113,802.0,0.7541694791005585,0.3692248366307874,0.7541694791005585,33.0,0.7632436859062294,0.36500710257101515,0.7632436859062294,-1.6,0.776804451330139,0.3488057868841294,0.776804451330139,4.01,0.7871460906597073,0.34402217125497575,0.7871460906597073,0.0,0.6161497589842952,0.3929166294266636,0.6161497589842952,20.0,0.799439423559719,0.33464379200545896,0.799439423559719,59.2,0.794268603894935,0.33924571061814474,0.794268603894935
36.1,0.7696819380949113,0.35714852033639727,0.7696819380949113,783.0,0.7593402987653429,0.3652874988051931,0.7593402987653429,33.0,0.7632436859062294,0.36500710257101465,0.7632436859062294,-1.6,0.7819752709949231,0.34446593577908347,0.7819752709949231,4.3,0.7819752709949231,0.3484239508829175,0.7819752709949231,2.0,0.6141980654138519,0.39254039743314,0.6141980654138519,20.4,0.7942686038949351,0.33924571061814374,0.7942686038949351,57.3,0.7994394235597191,0.334643792005459,0.7994394235597191
55.3,0.7748527577596955,0.3529468796931979,0.7748527577596955,946.0,0.7664628120005704,0.36110068413153423,0.7664628120005704,50.0,0.7684145055710139,0.3609337895935407,0.7684145055710139,0.6281970010971596,0.776804451330139,0.3488057868841294,0.776804451330139,9.57,0.7819752709949231,0.3484239508829175,0.7819752709949231,13.0,0.6193688850786361,0.39056868797664446,0.6193688850786361,28.6,0.7994394235597191,0.334643792005459,0.7994394235597191,63.1,0.7994394235597191,0.334643792005459,0.7994394235597191
32.2,0.7748527577596954,0.35294687969319677,0.7748527577596954,1517.0,0.7684145055710139,0.3609337895935407,0.7684145055710139,68.0,0.7632436859062296,0.3650071025710152,0.7632436859062296,-1.6,0.776804451330139,0.3488057868841294,0.776804451330139,9.27,0.7819752709949231,0.3484239508829175,0.7819752709949231,24.0,0.6264913983138638,0.3888372353617952,0.6264913983138638,28.2,0.794268603894935,0.33924571061814474,0.794268603894935,62.4,0.7974877299892758,0.33495430918148145,0.7974877299892758
80.0,0.7800235774244798,0.3486571381107944,0.7800235774244798,2328.0,0.7684145055710139,0.3609337895935407,0.7684145055710139,59.0,0.7684145055710138,0.36093378959354067,0.7684145055710138,1.6,0.776804451330139,0.3488057868841294,0.776804451330139,28.04,0.7748527577596955,0.3529468796931979,0.7748527577596955,33.0,0.6204640871176177,0.3862262160083316,0.6204640871176177,35.3,0.7890977842301509,0.34375952829162687,0.7890977842301509,67.5,0.7923169103244917,0.3395322906878305,0.7923169103244917
65.9,0.7800235774244798,0.34865713811079546,0.7800235774244798,2081.0,0.7664628120005705,0.3611006841315338,0.7664628120005705,68.0,0.7684145055710138,0.36093378959354067,0.7684145055710138,1.6,0.7716336316653546,0.3530575370499728,0.7716336316653546,17.47,0.7696819380949113,0.35714852033639727,0.7696819380949113,49.0,0.6121978788788142,0.38308287026988486,0.6121978788788142,32.2,0.7890977842301506,0.34375952829162676,0.7890977842301506,68.2,0.785194397089264,0.3442792955891904,0.785194397089264
37.3,0.7800235774244798,0.3486571381107949,0.7800235774244798,1613.0,0.7716336316653547,0.3569632073211975,0.7716336316653547,44.0,0.7684145055710138,0.36093378959354067,0.7684145055710138,3.1,0.7664628120005704,0.35722118627661514,0.7664628120005704,9.02,0.776804451330139,0.35273762957165883,0.776804451330139,49.0,0.6068841441509605,0.3805210506909583,0.6068841441509605,27.5,0.794268603894935,0.33924571061814474,0.794268603894935,72.5,0.785194397089264,0.3442792955891904,0.785194397089264
70.6,0.785194397089264,0.3442792955891904,0.785194397089264,1664.0,0.773585325235798,0.35677237567686515,0.773585325235798,33.0,0.773585325235798,0.35677237567686615,0.773585325235798,-5.5,0.7684145055710138,0.3570444131236367,0.7684145055710138,16.56,0.7839269645653665,0.3481852450259095,0.7839269645653665,52.0,0.6068841441509605,0.3805210506909583,0.6068841441509605,32.2,0.7994394235597191,0.334643792005459,0.7994394235597191,67.1,0.785194397089264,0.3442792955891904,0.785194397089264
81.6,0.7923169103244916,0.33953229068782986,0.7923169103244916,1782.0,0.7684145055710139,0.3609337895935407,0.7684145055710139,67.0,0.773585325235798,0.35677237567686615,0.773585325235798,3.1,0.776804451330139,0.35273762957165883,0.776804451330139,21.34,0.7890977842301509,0.34375952829162687,0.7890977842301509,58.0,0.6068841441509605,0.3805210506909583,0.6068841441509605,34.1,0.7994394235597191,0.334643792005459,0.7994394235597191,65.9,0.7800235774244798,0.34865713811079385,0.7800235774244798
78.0,0.7871460906597072,0.34402217125497514,0.7871460906597072,1991.0,0.7632436859062296,0.3650071025710147,0.7632436859062296,49.0,0.773585325235798,0.35677237567686615,0.773585325235798,-10.9,0.776804451330139,0.35273762957165883,0.776804451330139,18.91,0.7890977842301509,0.34375952829162687,0.7890977842301509,61.0,0.6068841441509605,0.3805210506909583,0.6068841441509605,32.2,0.794268603894935,0.33924571061814474,0.794268603894935,67.1,0.7800235774244798,0.3486571381107944,0.7800235774244798
38.4,0.7923169103244916,0.33953229068782986,0.7923169103244916,2034.0,0.7612919923357861,0.3651500600026695,0.7612919923357861,20.0,0.773585325235798,0.35677237567686615,0.773585325235798,0.0,0.776804451330139,0.35273762957165883,0.776804451330139,9.44,0.794268603894935,0.33924571061814474,0.794268603894935,56.0,0.615417004973155,0.3838395207841013,0.615417004973155,25.5,0.794268603894935,0.33924571061814474,0.794268603894935,70.2,0.785194397089264,0.3442792955891904,0.785194397089264
42.7,0.7923169103244916,0.33953229068782986,0.7923169103244916,803.0,0.7612919923357861,0.3651500600026695,0.7612919923357861,33.0,0.773585325235798,0.35677237567686615,0.773585325235798,1.6,0.7716336316653546,0.3569632073211975,0.7716336316653546,4.37,0.7942686038949351,0.33924571061814374,0.7942686038949351,14.0,0.6236832132119586,0.3869554448172343,0.6236832132119586,20.4,0.7994394235597191,0.334643792005459,0.7994394235597191,65.1,0.7851943970892641,0.34427929558919046,0.7851943970892641
32.5,0.7974877299892758,0.33495430918148195,0.7974877299892758,800.0,0.7593402987653428,0.36528749880519307,0.7593402987653428,29.0,0.7787561449005823,0.3525228608209886,0.7787561449005823,4.7,0.7664628120005704,0.3611006841315348,0.7664628120005704,3.86,0.7994394235597191,0.334643792005459,0.7994394235597191,3.0,0.6236832132119585,0.3869554448172342,0.6236832132119585,20.0,0.8046102432245033,0.3299537724535712,0.8046102432245033,58.0,0.7780718838540363,0.34888480670953953,0.7780718838540363
39.2,0.7923169103244916,0.3395322906878304,0.7923169103244916,807.0,0.7645111184301272,0.36126206004039624,0.7645111184301272,79.0,0.7787561449005822,0.35252286082098755,0.7787561449005822,3.1,0.7593402987653428,0.36528749880519307,0.7593402987653428,4.19,0.8046102432245033,0.3299537724535712,0.8046102432245033,13.0,0.6152932674528333,0.3882492003367489,0.6152932674528333,20.4,0.8097810628892875,0.3251756519624815,0.8097810628892875,55.7,0.7729010641892521,0.3531506111856042,0.7729010641892521
29.0,0.7871460906597074,0.3440221712549742,0.7871460906597074,2470.0,0.7593402987653428,0.36528749880519307,0.7593402987653428,80.0,0.7839269645653665,0.348185245025909,0.7839269645653665,5.5,0.7593402987653428,0.36528749880519307,0.7593402987653428,6.93,0.7994394235597191,0.334643792005459,0.7994394235597191,26.0,0.6101224477880492,0.39018408372596636,0.6101224477880492,25.1,0.8046102432245033,0.3299537724535712,0.8046102432245033,68.2,0.7780718838540365,0.34888480670953964,0.7780718838540365
91.0,0.794268603894935,0.33924571061814474,0.794268603894935,2633.0,0.7541694791005585,0.3692248366307874,0.7541694791005585,85.0,0.7839269645653665,0.348185245025909,0.7839269645653665,3.9,0.7593402987653428,0.36528749880519307,0.7593402987653428,25.71,0.794268603894935,0.33924571061814474,0.794268603894935,36.0,0.6142840280972746,0.391369701770775,0.6142840280972746,27.1,0.8046102432245033,0.3299537724535712,0.8046102432245033,66.3,0.7780718838540365,0.34888480670953964,0.7780718838540365
98.8,0.7994394235597191,0.334643792005459,0.7994394235597191,1867.0,0.7593402987653428,0.36528749880519307,0.7593402987653428,78.0,0.7839269645653665,0.3481852450259095,0.7839269645653665,-3.1,0.7593402987653428,0.36528749880519307,0.7593402987653428,27.83,0.7890977842301509,0.34375952829162687,0.7890977842301509,46.0,0.609236945952812,0.3889015573531155,0.609236945952812,36.9,0.7994394235597191,0.334643792005459,0.7994394235597191,62.0,0.7832427035188206,0.3445309012942729,0.7832427035188206
96.9,0.7923169103244917,0.33953229068782886,0.7923169103244917,2403.0,0.7645111184301272,0.36126206004039624,0.7645111184301272,33.0,0.7839269645653665,0.3481852450259095,0.7839269645653665,3.1,0.7541694791005585,0.3692248366307874,0.7541694791005585,33.98,0.7819752709949233,0.34842395088291755,0.7819752709949233,49.0,0.6007040851306172,0.3854378008284721,0.6007040851306172,37.3,0.7923169103244916,0.33953229068782886,0.7923169103244916,65.9,0.7832427035188206,0.3445309012942729,0.7832427035188206
48.04087253229344,0.7871460906597073,0.3440221712549742,0.7871460906597073,1660.0,0.7645111184301272,0.36126206004039624,0.7645111184301272,34.0,0.7787561449005823,0.3525228608209886,0.7787561449005823,3.9,0.7541694791005585,0.3692248366307884,0.7541694791005585,9.62,0.7819752709949233,0.34842395088291755,0.7819752709949233,50.0,0.5867515562570201,0.3834366693961553,0.5867515562570201,28.2,0.7871460906597073,0.3440221712549742,0.7871460906597073,72.2,0.7832427035188206,0.3445309012942729,0.7832427035188206
42.0,0.7871460906597073,0.3440221712549742,0.7871460906597073,1696.0,0.7645111184301272,0.36126206004039624,0.7645111184301272,18.0,0.773585325235798,0.35677237567686615,0.773585325235798,1.6,0.7593402987653428,0.36528749880519307,0.7593402987653428,10.58,0.7819752709949233,0.34842395088291755,0.7819752709949233,48.0,0.5847998626865769,0.38298804895221805,0.5847998626865769,29.0,0.7923169103244916,0.3395322906878293,0.7923169103244916,71.8,0.7832427035188206,0.3445309012942729,0.7832427035188206
17.6,0.7819752709949233,0.34842395088291755,0.7819752709949233,1550.0,0.7645111184301272,0.36126206004039624,0.7645111184301272,20.0,0.773585325235798,0.35677237567686615,0.773585325235798,3.1,0.7645111184301271,0.36126206004039624,0.7645111184301271,4.1,0.7819752709949231,0.3484239508829175,0.7819752709949231,31.0,0.5776773494513493,0.3840614684305271,0.5776773494513493,22.0,0.7974877299892758,0.33495430918148195,0.7974877299892758,62.7,0.7832427035188206,0.3445309012942729,0.7832427035188206
34.1,0.7839269645653666,0.348185245025908,0.7839269645653666,856.0,0.7696819380949114,0.3571485203363973,0.7696819380949114,57.0,0.7787561449005822,0.35252286082098755,0.7787561449005822,6.2,0.7696819380949113,0.35714852033639727,0.7696819380949113,4.39,0.776804451330139,0.35273762957165883,0.776804451330139,24.0,0.5692874036922242,0.38449675050107057,0.5692874036922242,21.2,0.7923169103244916,0.3395322906878293,0.7923169103244916,66.7,0.7832427035188206,0.3445309012942729,0.7832427035188206
100.0,0.776804451330139,0.35273762957165883,0.776804451330139,915.0,0.7645111184301272,0.36126206004039624,0.7645111184301272,58.0,0.776804451330139,0.35273762957165883,0.776804451330139,0.0,0.7696819380949113,0.35714852033639727,0.7696819380949113,14.35,0.776804451330139,0.35273762957165883,0.776804451330139,36.0,0.5621648904569967,0.38527010687404895,0.5621648904569967,34.9,0.7923169103244917,0.33953229068782936,0.7923169103244917,48.2,0.785194397089264,0.3442792955891904,0.785194397089264
66.7,0.7716336316653547,0.3569632073211975,0.7716336316653547,1299.0,0.7573886051948995,0.3654194189785845,0.7573886051948995,46.0,0.7696819380949114,0.3571485203363973,0.7696819380949114,-7.8,0.7696819380949114,0.3571485203363973,0.7696819380949114,12.79,0.776804451330139,0.35273762957165833,0.776804451330139,47.0,0.5709465996658095,0.38938825328566573,0.5709465996658095,30.6,0.7974877299892758,0.33495430918148195,0.7974877299892758,63.9,0.7800235774244798,0.3486571381107944,0.7800235774244798
18.0,0.7645111184301271,0.36126206004039624,0.7645111184301271,1560.0,0.7625594248596836,0.3614179173201259,0.7625594248596836,20.0,0.7645111184301271,0.36126206004039624,0.7645111184301271,0.0,0.7696819380949113,0.35714852033639727,0.7696819380949113,3.29,0.7819752709949231,0.3484239508829175,0.7819752709949231,42.0,0.5846502801527883,0.3918234344814905,0.5846502801527883,21.2,0.8026585496540599,0.3302882267359325,0.8026585496540599,70.6,0.7748527577596954,0.35294687969319627,0.7748527577596954
27.1,0.7593402987653429,0.3652874988051931,0.7593402987653429,797.0,0.7625594248596836,0.3614179173201259,0.7625594248596836,62.0,0.7645111184301271,0.36126206004039624,0.7645111184301271,-0.8,0.7664628120005705,0.3572211862766152,0.7664628120005705,3.28,0.7748527577596954,0.3529468796931978,0.7748527577596954,28.0,0.5846502801527883,0.3918234344814905,0.5846502801527883,20.4,0.8026585496540599,0.33028822673593305,0.8026585496540599,63.1,0.7800235774244798,0.34865713811079335,0.7800235774244798
80.4,0.7645111184301269,0.36126206004039607,0.7645111184301269,1500.0,0.7625594248596836,0.3614179173201259,0.7625594248596836,50.0,0.7645111184301271,0.36126206004039624,0.7645111184301271,0.0,0.7664628120005705,0.3572211862766152,0.7664628120005705,17.95,0.7696819380949113,0.35714852033639727,0.7696819380949113,36.0,0.5846502801527883,0.3918234344814905,0.5846502801527883,32.9,0.8078293693188441,0.32553404335118263,0.8078293693188441,63.9,0.7800235774244798,0.3486571381107944,0.7800235774244798
32.9,0.7696819380949113,0.35714852033639727,0.7696819380949113,1648.0,0.7645111184301271,0.36126206004039624,0.7645111184301271,32.0,0.7645111184301272,0.36126206004039624,0.7645111184301272,4.7,0.7593402987653428,0.3614440519815625,0.7593402987653428,7.99,0.7696819380949113,0.35714852033639727,0.7696819380949113,33.0,0.579479460488004,0.39329464667312475,0.579479460488004,26.7,0.8078293693188441,0.32553404335118263,0.8078293693188441,73.7,0.7729010641892522,0.3531506111856032,0.7729010641892522
20.0,0.7664628120005704,0.35722118627661514,0.7664628120005704,1605.0,0.7696819380949114,0.3571485203363973,0.7696819380949114,21.0,0.7645111184301271,0.36126206004039624,0.7645111184301271,0.0,0.7645111184301271,0.357392440800462,0.7645111184301271,5.93,0.7645111184301271,0.36126206004039624,0.7645111184301271,28.0,0.5846502801527882,0.3918234344814904,0.5846502801527882,22.4,0.8078293693188441,0.32553404335118263,0.8078293693188441,74.9,0.767730244524468,0.3573283147224659,0.767730244524468
19.6,0.7612919923357861,0.361296734564054,0.7612919923357861,1313.0,0.7645111184301271,0.36126206004039624,0.7645111184301271,95.0,0.7696819380949114,0.3571485203363973,0.7696819380949114,8.6,0.7645111184301271,0.357392440800462,0.7645111184301271,3.56,0.7645111184301271,0.36126206004039624,0.7645111184301271,27.0,0.5846502801527883,0.3918234344814905,0.5846502801527883,20.4,0.8078293693188441,0.32553404335118263,0.8078293693188441,59.6,0.7729010641892521,0.3531506111856042,0.7729010641892521
100.0,0.7612919923357864,0.3612967345640541,0.7612919923357864,1515.0,0.7645111184301271,0.36126206004039624,0.7645111184301271,45.0,0.7696819380949114,0.3571485203363973,0.7696819380949114,7.8,0.7645111184301272,0.35739244080046206,0.7645111184301272,21.55,0.7573886051948995,0.365419418978584,0.7573886051948995,37.0,0.5846502801527883,0.3918234344814905,0.5846502801527883,35.3,0.8078293693188441,0.32553404335118263,0.8078293693188441,55.7,0.7716336316653547,0.3530575370499728,0.7716336316653547
23.5,0.7612919923357864,0.3612967345640541,0.7612919923357864,1803.0,0.7593402987653428,0.36528749880519307,0.7593402987653428,20.0,0.7645111184301269,0.36126206004039607,0.7645111184301269,0.0,0.7645111184301271,0.357392440800462,0.7645111184301271,4.42,0.7625594248596835,0.3614179173201274,0.7625594248596835,31.0,0.5917727933880158,0.3907188376844467,0.5917727933880158,21.6,0.8078293693188441,0.32553404335118263,0.8078293693188441,75.7,0.7716336316653547,0.3530575370499728,0.7716336316653547
18.0,0.7612919923357861,0.361296734564054,0.7612919923357861,1376.0,0.7593402987653429,0.3652874988051931,0.7593402987653429,32.0,0.7645111184301269,0.36126206004039607,0.7645111184301269,8.6,0.7729010641892522,0.35315061118560426,0.7729010641892522,3.67,0.7625594248596836,0.36141791732012746,0.7625594248596836,2.0,0.5917727933880158,0.39071883768444626,0.5917727933880158,20.4,0.8078293693188441,0.32553404335118263,0.8078293693188441,61.2,0.7716336316653547,0.3530575370499728,0.7716336316653547
38.4,0.7612919923357861,0.361296734564054,0.7612919923357861,789.0,0.7645111184301272,0.36126206004039624,0.7645111184301272,31.0,0.7593402987653428,0.36528749880519307,0.7593402987653428,1.6,0.7729010641892522,0.35315061118560426,0.7729010641892522,4.27,0.7625594248596836,0.36141791732012746,0.7625594248596836,0.0,0.5866019737232316,0.3923020879216214,0.5866019737232316,20.8,0.8007068560836166,0.33061716238916317,0.8007068560836166,54.9,0.7664628120005705,0.35722118627661315,0.7664628120005705
37.6,0.7612919923357861,0.361296734564054,0.7612919923357861,808.0,0.7593402987653429,0.3652874988051931,0.7593402987653429,62.0,0.7541694791005585,0.3692248366307874,0.7541694791005585,3.9,0.7729010641892522,0.35315061118560426,0.7729010641892522,4.06,0.7573886051948995,0.365419418978584,0.7573886051948995,6.0,0.5866019737232316,0.3923020879216214,0.5866019737232316,20.4,0.7955360364188324,0.3352593077283743,0.7955360364188324,52.5,0.7716336316653547,0.3530575370499728,0.7716336316653547
44.7,0.7561211726710019,0.3652841819122918,0.7561211726710019,1292.0,0.7573886051948995,0.365419418978585,0.7573886051948995,32.0,0.7593402987653428,0.36528749880519307,0.7593402987653428,1.6,0.7800235774244798,0.34865713811079546,0.7800235774244798,1.97,0.7502660919596718,0.36943528413576343,0.7502660919596718,0.0,0.5949919194823566,0.39162829484779543,0.5949919194823566,19.2,0.7903652167540481,0.3398133521283833,0.7903652167540481,54.9,0.7716336316653546,0.3530575370499728,0.7716336316653546
52.5,0.7561211726710019,0.3652841819122918,0.7561211726710019,1633.0,0.7522177855301152,0.36933281969784204,0.7522177855301152,81.0,0.7593402987653428,0.36528749880519307,0.7593402987653428,3.1,0.7800235774244798,0.3486571381107944,0.7800235774244798,3.0,0.7522177855301153,0.3693328196978416,0.7522177855301153,9.0,0.6001627391471409,0.3899189522548605,0.6001627391471409,20.8,0.7974877299892758,0.33495430918148145,0.7974877299892758,64.7,0.7787561449005823,0.3485811395184743,0.7787561449005823
62.7,0.7612919923357864,0.3612967345640541,0.7612919923357864,2349.0,0.7438278397709902,0.37307027988965447,0.7438278397709902,72.0,0.7541694791005585,0.3692248366307874,0.7541694791005585,5.5,0.7871460906597073,0.3440221712549752,0.7871460906597073,6.77,0.747046965865331,0.37315811947789607,0.747046965865331,24.0,0.6053335588119251,0.3881215087227227,0.6053335588119251,24.7,0.8026585496540599,0.33028822673593305,0.8026585496540599,61.6,0.7839269645653666,0.3442173513070906,0.7839269645653666
86.3,0.7612919923357864,0.3612967345640541,0.7612919923357864,2267.0,0.7367053265357627,0.376815537676971,0.7367053265357627,55.0,0.7489986594357746,0.37307407351718086,0.7489986594357746,3.1,0.7871460906597074,0.3440221712549742,0.7871460906597074,26.24,0.7470469658653309,0.373158119477896,0.7470469658653309,30.0,0.6135997670507285,0.3914147657287691,0.6135997670507285,34.9,0.7974877299892758,0.334954309181483,0.7974877299892758,67.1,0.7839269645653666,0.3442173513070906,0.7839269645653666
37.6,0.7612919923357864,0.3612967345640541,0.7612919923357864,1704.0,0.7315345068709785,0.38040270705572404,0.7315345068709785,21.0,0.7561211726710019,0.3691113349346016,0.7561211726710019,-6.2,0.7871460906597073,0.3440221712549752,0.7871460906597073,8.64,0.7522177855301152,0.36933281969784154,0.7522177855301152,30.0,0.6135997670507285,0.3914147657287691,0.6135997670507285,26.7,0.7974877299892758,0.33495430918148195,0.7974877299892758,71.8,0.776804451330139,0.3488057868841294,0.776804451330139
18.4,0.7664628120005704,0.35722118627661414,0.7664628120005704,1330.0,0.7367053265357627,0.376815537676971,0.7367053265357627,28.0,0.7561211726710019,0.3691113349346016,0.7561211726710019,10.2,0.7871460906597073,0.3440221712549752,0.7871460906597073,3.42,0.747046965865331,0.37315811947789607,0.747046965865331,14.0,0.6267495914822023,0.39243628583129003,0.6267495914822023,20.4,0.7974877299892758,0.33495430918148195,0.7974877299892758,73.7,0.7716336316653546,0.3530575370499733,0.7716336316653546
34.1,0.7664628120005704,0.35722118627661464,0.7664628120005704,790.0,0.7367053265357627,0.376815537676971,0.7367053265357627,65.0,0.7561211726710019,0.3691113349346016,0.7561211726710019,-0.8,0.7871460906597073,0.3440221712549752,0.7871460906597073,3.75,0.7399244526301034,0.3769499085439929,0.7399244526301034,16.0,0.639588225325217,0.39298420650767335,0.639588225325217,22.0,0.7923169103244917,0.33953229068782886,0.7923169103244917,57.3,0.7664628120005704,0.35722118627661464,0.7664628120005704
73.3,0.7612919923357861,0.361296734564054,0.7612919923357861,1630.0,0.7399244526301036,0.37694990854399346,0.7399244526301036,20.0,0.7561211726710019,0.3691113349346016,0.7561211726710019,2.3,0.7871460906597073,0.3440221712549752,0.7871460906597073,17.95,0.7328019393948757,0.3806002038290813,0.7328019393948757,21.0,0.6520873034694463,0.39305906114552325,0.6520873034694463,32.5,0.7923169103244917,0.33953229068782886,0.7923169103244917,64.7,0.7716336316653546,0.3530575370499733,0.7716336316653546
17.3,0.7664628120005704,0.35722118627661464,0.7664628120005704,1322.0,0.7418761462005469,0.3768953183187476,0.7418761462005469,52.0,0.7561211726710019,0.3691113349346016,0.7561211726710019,-0.8,0.7819752709949231,0.3484239508829175,0.7819752709949231,3.53,0.7328019393948758,0.3806002038290814,0.7328019393948758,13.0,0.6592098167046739,0.3908044673276638,0.6592098167046739,19.2,0.7923169103244917,0.33953229068782886,0.7923169103244917,65.5,0.776804451330139,0.3488057868841294,0.776804451330139
78.4,0.7664628120005704,0.35722118627661464,0.7664628120005704,1210.0,0.7367053265357627,0.38054441622039803,0.7367053265357627,78.0,0.756121172671002,0.36911133493460163,0.756121172671002,3.9,0.7819752709949231,0.3484239508829175,0.7819752709949231,14.21,0.7379727590596601,0.37699898014010663,0.7379727590596601,30.0,0.6663323299399014,0.3884083797287922,0.6663323299399014,31.8,0.7923169103244917,0.33953229068782886,0.7923169103244917,60.8,0.7716336316653546,0.3530575370499728,0.7716336316653546
20.4,0.7664628120005704,0.35722118627661464,0.7664628120005704,1723.0,0.7367053265357627,0.38054441622039803,0.7367053265357627,70.0,0.756121172671002,0.36911133493460163,0.756121172671002,3.1,0.776804451330139,0.35273762957165883,0.776804451330139,13.71,0.7379727590596601,0.37699898014010763,0.7379727590596601,35.0,0.673454843175129,0.38587079834891264,0.673454843175129,31.0,0.7923169103244916,0.33953229068782886,0.7923169103244916,76.1,0.7716336316653546,0.3530575370499733,0.7716336316653546
84.7,0.7716336316653547,0.3530575370499728,0.7716336316653547,1880.0,0.7367053265357627,0.38054441622039753,0.7367053265357627,64.0,0.7561211726710019,0.3691113349346016,0.7561211726710019,1.6,0.7716336316653546,0.356963207321198,0.7716336316653546,23.63,0.7450952722948877,0.37323664680947977,0.7450952722948877,45.0,0.6747222756990265,0.3861720085089826,0.6747222756990265,34.9,0.7923169103244916,0.33953229068782886,0.7923169103244916,65.1,0.776804451330139,0.3488057868841294,0.776804451330139
18.8,0.776804451330139,0.3488057868841294,0.776804451330139,1675.0,0.7367053265357627,0.38054441622039753,0.7367053265357627,57.0,0.756121172671002,0.36911133493460163,0.756121172671002,2.3,0.7716336316653546,0.356963207321198,0.7716336316653546,9.88,0.7522177855301152,0.36933281969784154,0.7522177855301152,47.0,0.6693457107900246,0.3842525300097421,0.6693457107900246,28.2,0.7994394235597191,0.334643792005459,0.7994394235597191,62.7,0.776804451330139,0.3488057868841294,0.776804451330139
65.1,0.7839269645653665,0.3442173513070906,0.7839269645653665,1590.0,0.741876146200547,0.3768953183187476,0.741876146200547,53.0,0.7632436859062296,0.3650071025710147,0.7632436859062296,-7.0,0.7716336316653546,0.3569632073211975,0.7716336316653546,15.28,0.7593402987653428,0.36528749880519307,0.7593402987653428,51.0,0.65650707694701,0.384571316272941,0.65650707694701,31.8,0.7994394235597191,0.334643792005459,0.7994394235597191,67.5,0.776804451330139,0.3488057868841294,0.776804451330139
16.1,0.7839269645653666,0.3442173513070906,0.7839269645653666,1931.0,0.7418761462005469,0.3768953183187476,0.7418761462005469,19.0,0.7632436859062297,0.36500710257101426,0.7632436859062297,0.0,0.7716336316653546,0.3569632073211975,0.7716336316653546,4.97,0.7593402987653428,0.36528749880519307,0.7593402987653428,58.0,0.6504797657507639,0.38222515625215747,0.6504797657507639,23.1,0.8046102432245033,0.3299537724535712,0.8046102432245033,74.5,0.7716336316653547,0.3530575370499733,0.7716336316653547
17.3,0.7839269645653666,0.3442173513070906,0.7839269645653666,1496.0,0.7489986594357745,0.3730740735171803,0.7489986594357745,27.0,0.7632436859062296,0.3650071025710147,0.7632436859062296,6.2,0.776804451330139,0.35273762957165883,0.776804451330139,3.74,0.7645111184301271,0.36126206004039624,0.7645111184301271,26.0,0.6504797657507639,0.38222515625215747,0.6504797657507639,20.8,0.7994394235597191,0.334643792005459,0.7994394235597191,63.1,0.7716336316653547,0.3530575370499733,0.7716336316653547
88.6,0.7839269645653666,0.3442173513070906,0.7839269645653666,1325.0,0.7561211726710019,0.3691113349346016,0.7561211726710019,54.0,0.7632436859062296,0.3650071025710147,0.7632436859062296,-5.5,0.776804451330139,0.35273762957165883,0.776804451330139,15.77,0.7696819380949114,0.3571485203363973,0.7696819380949114,32.0,0.6504797657507639,0.38222515625215747,0.6504797657507639,32.2,0.7994394235597191,0.334643792005459,0.7994394235597191,59.2,0.776804451330139,0.3488057868841294,0.776804451330139
62.4,0.7787561449005823,0.3485811395184743,0.7787561449005823,1675.0,0.7612919923357861,0.3651500600026695,0.7612919923357861,52.0,0.7684145055710138,0.36093378959354067,0.7684145055710138,-8.6,0.7716336316653546,0.356963207321198,0.7716336316653546,15.53,0.7748527577596954,0.35294687969319677,0.7748527577596954,39.0,0.6556505854155481,0.3796780357809411,0.6556505854155481,31.8,0.7994394235597191,0.334643792005459,0.7994394235597191,68.2,0.7839269645653666,0.3442173513070906,0.7839269645653666
39.6,0.7787561449005823,0.3485811395184743,0.7787561449005823,1989.0,0.7541694791005585,0.3692248366307884,0.7541694791005585,31.0,0.7684145055710138,0.36093378959354067,0.7684145055710138,0.0,0.776804451330139,0.35273762957165883,0.776804451330139,11.17,0.7748527577596954,0.35294687969319627,0.7748527577596954,41.0,0.6627730986507758,0.3772193540332103,0.6627730986507758,29.4,0.7994394235597191,0.33464379200545846,0.7994394235597191,71.4,0.776804451330139,0.3488057868841294,0.776804451330139
54.1,0.7787561449005823,0.3485811395184743,0.7787561449005823,2282.0,0.7522177855301152,0.36933281969784154,0.7522177855301152,49.0,0.7684145055710138,0.36093378959354067,0.7684145055710138,-1.6,0.776804451330139,0.35273762957165883,0.776804451330139,18.75,0.7819752709949231,0.3484239508829175,0.7819752709949231,48.0,0.6545068904119724,0.37465518818594773,0.6545068904119724,32.9,0.8046102432245034,0.32995377245357127,0.8046102432245034,71.4,0.7780718838540365,0.34888480670953964,0.7780718838540365
59.2,0.7839269645653666,0.3442173513070906,0.7839269645653666,2388.0,0.7502660919596718,0.36943528413576343,0.7502660919596718,37.0,0.7664628120005704,0.3611006841315348,0.7664628120005704,-4.7,0.776804451330139,0.35273762957165883,0.776804451330139,20.97,0.7871460906597074,0.3440221712549742,0.7871460906597074,50.0,0.6479257231602211,0.3721109538731187,0.6479257231602211,33.3,0.7994394235597191,0.334643792005459,0.7994394235597191,71.0,0.7832427035188206,0.34453090129427344,0.7832427035188206
36.1,0.7787561449005823,0.34858113951847325,0.7787561449005823,2444.0,0.7470469658653309,0.36937689610185864,0.7470469658653309,53.0,0.7593402987653428,0.36528749880519307,0.7593402987653428,3.1,0.776804451330139,0.35273762957165883,0.776804451330139,13.24,0.7871460906597074,0.3440221712549742,0.7871460906597074,49.0,0.6479257231602212,0.3721109538731179,0.6479257231602212,30.6,0.7994394235597191,0.334643792005459,0.7994394235597191,75.3,0.7832427035188206,0.34453090129427344,0.7832427035188206
18.0,0.773585325235798,0.3528568267906565,0.773585325235798,1738.0,0.7450952722948877,0.36946530204842876,0.7450952722948877,51.0,0.7522177855301152,0.36933281969784154,0.7522177855301152,3.9,0.776804451330139,0.35273762957165883,0.776804451330139,8.01,0.7871460906597074,0.3440221712549742,0.7871460906597074,48.0,0.6530965428250054,0.3695168512620746,0.6530965428250054,27.23618212807402,0.794268603894935,0.33924571061814474,0.794268603894935,63.1,0.7832427035188206,0.34453090129427344,0.7832427035188206
44.3,0.7735853252357983,0.3528568267906566,0.7735853252357983,1349.0,0.7399244526301036,0.3732047361992452,0.7399244526301036,21.0,0.7502660919596718,0.36943528413576293,0.7502660919596718,0.0,0.776804451330139,0.35273762957165883,0.776804451330139,8.02,0.7871460906597074,0.3440221712549742,0.7871460906597074,46.0,0.6479257231602211,0.3721109538731187,0.6479257231602211,25.1,0.7890977842301509,0.34375952829162687,0.7890977842301509,67.8,0.7832427035188206,0.34453090129427344,0.7832427035188206
20.4,0.7787561449005824,0.3485811395184733,0.7787561449005824,1138.0,0.747046965865331,0.3693768961018587,0.747046965865331,30.0,0.7502660919596718,0.36943528413576293,0.7502660919596718,3.9,0.7819752709949231,0.3484239508829175,0.7819752709949231,3.57,0.7871460906597074,0.3440221712549742,0.7871460906597074,23.0,0.6530965428250054,0.3695168512620746,0.6530965428250054,18.8,0.7839269645653666,0.348185245025908,0.7839269645653666,58.8,0.7832427035188206,0.34453090129427344,0.7832427035188206
100.0,0.7787561449005824,0.3485811395184733,0.7787561449005824,1671.0,0.7489986594357745,0.369282971526159,0.7489986594357745,73.0,0.750266091959672,0.3694352841357631,0.750266091959672,0.0,0.7890977842301509,0.34375952829162687,0.7890977842301509,28.68,0.7871460906597073,0.3440221712549742,0.7871460906597073,44.0,0.6616294036471999,0.37216041396311944,0.6616294036471999,39.2,0.7787561449005824,0.3525228608209876,0.7787561449005824,56.1,0.7832427035188205,0.34453090129427283,0.7832427035188205
59.6,0.7787561449005824,0.3485811395184733,0.7787561449005824,2219.0,0.747046965865331,0.3693768961018587,0.747046965865331,78.0,0.7450952722948877,0.37323664680947977,0.7450952722948877,-0.8,0.7890977842301509,0.34375952829162687,0.7890977842301509,6.66,0.7871460906597073,0.3440221712549742,0.7871460906597073,48.0,0.6750664315507877,0.37175988100296997,0.6750664315507877,23.5,0.773585325235798,0.35677237567686515,0.773585325235798,67.8,0.7832427035188206,0.34453090129427394,0.7832427035188206
96.5,0.7787561449005824,0.3485811395184733,0.7787561449005824,1631.0,0.747046965865331,0.3693768961018587,0.747046965865331,65.0,0.7399244526301034,0.3769499085439929,0.7399244526301034,-3.1,0.7890977842301509,0.34375952829162687,0.7890977842301509,11.256157120272407,0.7871460906597073,0.3440221712549752,0.7871460906597073,51.0,0.683045436317477,0.3739443899198663,0.683045436317477,35.3,0.773585325235798,0.35677237567686515,0.773585325235798,61.6,0.785194397089264,0.3442792955891904,0.785194397089264
17.3,0.7787561449005824,0.3485811395184733,0.7787561449005824,1577.0,0.741876146200547,0.37314026735901595,0.741876146200547,24.0,0.7399244526301034,0.3769499085439934,0.7399244526301034,3.9,0.7890977842301509,0.34375952829162687,0.7890977842301509,4.14,0.7871460906597074,0.34402217125497525,0.7871460906597074,35.0,0.6907132504957075,0.37593676955464167,0.6907132504957075,20.8,0.773585325235798,0.35677237567686515,0.773585325235798,71.4,0.785194397089264,0.3442792955891904,0.785194397089264
74.9,0.7735853252357983,0.3528568267906566,0.7735853252357983,1260.0,0.7438278397709903,0.373070279889654,0.7438278397709903,43.0,0.7347536329653193,0.380575069339305,0.7347536329653193,6.2,0.7839269645653665,0.348185245025909,0.7839269645653665,14.88,0.794268603894935,0.33924571061814474,0.794268603894935,48.0,0.703212328639937,0.3745384430061131,0.703212328639937,31.8,0.7787561449005824,0.3525228608209876,0.7787561449005824,63.9,0.7923169103244917,0.33953229068782936,0.7923169103244917
43.1,0.7787561449005824,0.3485811395184733,0.7787561449005824,1682.0,0.7438278397709903,0.373070279889654,0.7438278397709903,19.0,0.7295828133005351,0.38411212919541515,0.7295828133005351,0.0,0.7787561449005823,0.3525228608209886,0.7787561449005823,5.29,0.7942686038949349,0.33924571061814474,0.7942686038949349,54.0,0.71533778683008,0.3726967079148949,0.71533778683008,21.6,0.7787561449005824,0.3525228608209876,0.7787561449005824,71.4,0.7923169103244917,0.33953229068782886,0.7923169103244917
36.9,0.7871460906597074,0.3440221712549732,0.7871460906597074,831.0,0.7470469658653314,0.37315811947789523,0.7470469658653314,46.0,0.7367053265357628,0.38054441622039814,0.7367053265357628,7.0,0.7735853252357979,0.35677237567686615,0.7735853252357979,4.2,0.794268603894935,0.33924571061814474,0.794268603894935,27.0,0.7205086064948644,0.36925269770207003,0.7205086064948644,20.4,0.7787561449005824,0.3525228608209876,0.7787561449005824,65.9,0.794268603894935,0.33924571061814474,0.794268603894935
89.8,0.7923169103244918,0.3395322906878289,0.7923169103244918,1482.0,0.7541694791005585,0.3692248366307874,0.7541694791005585,70.0,0.7418761462005469,0.3768953183187476,0.7418761462005469,0.8,0.7684145055710138,0.36093378959354067,0.7684145055710138,21.43,0.794268603894935,0.33924571061814474,0.794268603894935,41.0,0.7256794261596483,0.3657205865500429,0.7256794261596483,34.9,0.7787561449005823,0.3525228608209876,0.7787561449005823,61.6,0.794268603894935,0.33924571061814474,0.794268603894935
76.9,0.7923169103244918,0.3395322906878289,0.7923169103244918,2146.0,0.7541694791005585,0.3692248366307884,0.7541694791005585,53.0,0.7489986594357746,0.37307407351717886,0.7489986594357746,3.1,0.7612919923357861,0.3651500600026695,0.7612919923357861,23.69,0.7890977842301506,0.34375952829162787,0.7890977842301506,45.0,0.7256794261596483,0.3657205865500429,0.7256794261596483,34.1,0.776804451330139,0.35273762957165883,0.776804451330139,67.5,0.7994394235597191,0.334643792005459,0.7994394235597191
60.0,0.7974877299892758,0.33495430918148195,0.7974877299892758,1519.0,0.7541694791005585,0.3692248366307884,0.7541694791005585,75.0,0.7561211726710019,0.3691113349346016,0.7561211726710019,-8.6,0.7612919923357861,0.3651500600026695,0.7612919923357861,18.77,0.7890977842301506,0.34375952829162837,0.7890977842301506,48.0,0.7256794261596483,0.3657205865500429,0.7256794261596483,32.9,0.7696819380949113,0.35714852033639727,0.7696819380949113,67.8,0.7923169103244917,0.33953229068782886,0.7923169103244917
80.8,0.8026585496540599,0.33028822673593305,0.8026585496540599,1676.0,0.7612919923357861,0.3651500600026695,0.7612919923357861,31.0,0.7561211726710019,0.3691113349346016,0.7561211726710019,-15.6,0.7664628120005704,0.3611006841315348,0.7664628120005704,17.68,0.7942686038949349,0.33924571061814474,0.7942686038949349,33.67243525896414,0.7185569129244209,0.3692683758348523,0.7185569129244209,30.6,0.7645111184301271,0.36126206004039624,0.7645111184301271,65.5,0.7871460906597073,0.34402217125497575,0.7871460906597073
17.6,0.8026585496540599,0.33028822673593305,0.8026585496540599,1630.0,0.7664628120005704,0.3611006841315348,0.7664628120005704,20.0,0.7561211726710019,0.3691113349346016,0.7561211726710019,0.0,0.7612919923357861,0.3651500600026695,0.7612919923357861,4.3,0.7994394235597191,0.334643792005459,0.7994394235597191,45.0,0.7185569129244209,0.3692683758348523,0.7185569129244209,21.6,0.7645111184301271,0.36126206004039624,0.7645111184301271,64.3,0.7871460906597073,0.3440221712549752,0.7871460906597073
19.6,0.8026585496540599,0.33028822673593305,0.8026585496540599,1246.0,0.7664628120005704,0.3611006841315348,0.7664628120005704,52.0,0.7561211726710019,0.3691113349346016,0.7561211726710019,10.2,0.7664628120005705,0.36110068413153484,0.7664628120005705,3.52,0.8046102432245033,0.3299537724535712,0.8046102432245033,18.0,0.7302670743470807,0.3668668528556749,0.7302670743470807,19.2,0.7625594248596836,0.36141791732012696,0.7625594248596836,59.2,0.7871460906597073,0.3440221712549752,0.7871460906597073
48.04087253229344,0.8026585496540599,0.3302882267359325,0.8026585496540599,902.0,0.7664628120005704,0.3611006841315348,0.7664628120005704,59.0,0.7561211726710019,0.3691113349346016,0.7561211726710019,1.6,0.7612919923357861,0.3651500600026695,0.7612919923357861,14.75,0.8046102432245034,0.32995377245357127,0.8046102432245034,25.0,0.7415097691949767,0.36403454905572497,0.7415097691949767,31.8,0.7573886051948994,0.365419418978585,0.7573886051948994,64.7,0.7819752709949233,0.34842395088291755,0.7819752709949233
100.0,0.8097810628892876,0.3251756519624815,0.8097810628892876,1414.0,0.7645111184301271,0.36126206004039624,0.7645111184301271,82.0,0.7612919923357864,0.36515006000266953,0.7612919923357864,0.0,0.7612919923357861,0.3651500600026695,0.7612919923357861,24.99,0.8046102432245034,0.32995377245357127,0.8046102432245034,43.0,0.7522177855301153,0.3607792142727704,0.7522177855301153,40.8,0.7502660919596718,0.36943528413576343,0.7502660919596718,54.1,0.7819752709949231,0.3484239508829175,0.7819752709949231
98.0,0.8149518825540718,0.32030943053219024,0.8149518825540718,2288.0,0.7573886051948995,0.36541941897858604,0.7573886051948995,45.0,0.7664628120005704,0.3611006841315348,0.7664628120005704,-7.0,0.7664628120005704,0.3611006841315348,0.7664628120005704,33.33,0.8046102432245033,0.3299537724535712,0.8046102432245033,52.0,0.7522177855301153,0.3607792142727704,0.7522177855301153,37.6,0.7502660919596718,0.36943528413576343,0.7502660919596718,65.1,0.7819752709949231,0.3484239508829175,0.7819752709949231
69.4,0.8097810628892876,0.3251756519624815,0.8097810628892876,1777.0,0.7573886051948995,0.36541941897858554,0.7573886051948995,67.0,0.7612919923357864,0.36515006000266953,0.7612919923357864,-3.9,0.7664628120005705,0.36110068413153484,0.7664628120005705,17.28,0.8046102432245033,0.3299537724535712,0.8046102432245033,57.0,0.7415097691949767,0.36403454905572497,0.7415097691949767,32.5,0.7502660919596718,0.36943528413576293,0.7502660919596718,67.5,0.7819752709949233,0.34842395088291755,0.7819752709949233
80.0,0.8046102432245034,0.32995377245357127,0.8046102432245034,1948.0,0.7522177855301152,0.36933281969784154,0.7522177855301152,65.0,0.7612919923357864,0.36515006000266953,0.7612919923357864,-5.5,0.7612919923357861,0.3651500600026695,0.7612919923357861,23.57,0.8046102432245034,0.32995377245357127,0.8046102432245034,61.0,0.7302670743470808,0.36686685285567494,0.7302670743470808,34.5,0.750266091959672,0.3694352841357631,0.750266091959672,66.7,0.776804451330139,0.35273762957165883,0.776804451330139
54.1,0.8046102432245033,0.3299537724535712,0.8046102432245033,1939.0,0.7522177855301152,0.36933281969784154,0.7522177855301152,49.0,0.7664628120005704,0.3611006841315348,0.7664628120005704,5.5,0.7612919923357861,0.3651500600026695,0.7612919923357861,15.7,0.8046102432245034,0.32995377245357127,0.8046102432245034,60.0,0.7302670743470807,0.3668668528556749,0.7302670743470807,31.8,0.755436911624456,0.3655458205228463,0.755436911624456,69.8,0.7716336316653546,0.356963207321198,0.7716336316653546
58.4,0.7994394235597191,0.33464379200545846,0.7994394235597191,2012.0,0.7573886051948995,0.365419418978584,0.7573886051948995,48.0,0.7645111184301271,0.36126206004039624,0.7645111184301271,0.8,0.7541694791005585,0.3692248366307884,0.7541694791005585,17.31,0.8046102432245033,0.3299537724535712,0.8046102432245033,64.0,0.7302670743470807,0.3668668528556749,0.7302670743470807,32.2,0.7625594248596836,0.36141791732012696,0.7625594248596836,69.0,0.7716336316653546,0.3569632073211975,0.7716336316653546
56.9,0.8046102432245034,0.32995377245357127,0.8046102432245034,2128.0,0.7625594248596836,0.3614179173201259,0.7625594248596836,40.0,0.7573886051948994,0.3654194189785855,0.7573886051948994,0.0,0.7541694791005585,0.3692248366307874,0.7541694791005585,16.85,0.8046102432245033,0.3299537724535712,0.8046102432245033,65.0,0.7250962546822968,0.3704463009082525,0.7250962546822968,31.8,0.7625594248596836,0.36141791732012696,0.7625594248596836,69.8,0.7716336316653546,0.3569632073211975,0.7716336316653546
19.2,0.8046102432245034,0.32995377245357127,0.8046102432245034,1187.0,0.767730244524468,0.3573283147224659,0.767730244524468,28.0,0.7489986594357743,0.3692829715261589,0.7489986594357743,10.9,0.7522177855301152,0.36933281969784154,0.7522177855301152,3.55,0.7994394235597191,0.334643792005459,0.7994394235597191,19.0,0.7250962546822967,0.37044630090825237,0.7250962546822967,18.4,0.755436911624456,0.3655458205228463,0.755436911624456,60.8,0.7716336316653546,0.356963207321198,0.7716336316653546
60.8,0.8097810628892876,0.3251756519624815,0.8097810628892876,1403.0,0.767730244524468,0.3573283147224659,0.767730244524468,57.0,0.7489986594357745,0.369282971526159,0.7489986594357745,-1.6,0.7522177855301152,0.36933281969784154,0.7522177855301152,14.21,0.7974877299892758,0.334954309181483,0.7974877299892758,33.0,0.7179737414470692,0.3739389906976339,0.7179737414470692,31.8,0.7606077312892403,0.36156825597072506,0.7606077312892403,67.8,0.7664628120005704,0.3611006841315348,0.7664628120005704
70.2,0.8149518825540718,0.32030943053218974,0.8149518825540718,1655.0,0.7729010641892522,0.3531506111856032,0.7729010641892522,38.0,0.7541694791005586,0.36540756222346304,0.7541694791005586,-3.1,0.7522177855301152,0.36933281969784154,0.7522177855301152,17.01,0.7923169103244916,0.33953229068782986,0.7923169103244916,36.0,0.7108512282118415,0.3772901867060061,0.7108512282118415,32.5,0.7606077312892403,0.36156825597072506,0.7606077312892403,63.8636053593179,0.7664628120005704,0.3611006841315348,0.7664628120005704
54.5,0.8149518825540718,0.32030943053218974,0.8149518825540718,1797.0,0.7729010641892522,0.3531506111856032,0.7729010641892522,21.0,0.7612919923357861,0.361296734564054,0.7612919923357861,0.0,0.7522177855301152,0.36933281969784154,0.7522177855301152,10.69,0.7923169103244917,0.33953229068782886,0.7923169103244917,25.0,0.7108512282118415,0.3772901867060061,0.7108512282118415,28.2,0.7677302445244679,0.35732831472246585,0.7677302445244679,67.5,0.7664628120005704,0.3611006841315348,0.7664628120005704
20.8,0.8149518825540718,0.32030943053218974,0.8149518825540718,1067.0,0.767730244524468,0.3573283147224659,0.767730244524468,77.0,0.7664628120005704,0.35722118627661564,0.7664628120005704,-1.6,0.747046965865331,0.37315811947789507,0.747046965865331,2.95,0.7871460906597073,0.3440221712549752,0.7871460906597073,23.0,0.7160220478766257,0.37393481474450846,0.7160220478766257,18.4,0.7729010641892521,0.3531506111856042,0.7729010641892521,58.0,0.7716336316653546,0.356963207321198,0.7716336316653546
83.5,0.8149518825540718,0.32030943053218974,0.8149518825540718,1289.0,0.7625594248596839,0.361417917320126,0.7625594248596839,50.0,0.7664628120005704,0.35722118627661564,0.7664628120005704,-0.8,0.7541694791005585,0.3692248366307884,0.7541694791005585,15.86,0.7871460906597073,0.3440221712549752,0.7871460906597073,33.0,0.7160220478766257,0.37393481474450846,0.7160220478766257,32.2,0.7780718838540365,0.34888480670953964,0.7780718838540365,60.4,0.7716336316653546,0.356963207321198,0.7716336316653546
51.0,0.8149518825540718,0.32030943053218974,0.8149518825540718,1741.0,0.7625594248596839,0.361417917320126,0.7625594248596839,24.0,0.7664628120005704,0.3572211862766162,0.7664628120005704,-3.9,0.7541694791005585,0.3692248366307889,0.7541694791005585,12.8,0.7871460906597073,0.3440221712549752,0.7871460906597073,39.0,0.7160220478766257,0.37393481474450846,0.7160220478766257,30.2,0.7832427035188206,0.34453090129427344,0.7832427035188206,69.8,0.776804451330139,0.35273762957165883,0.776804451330139
18.8,0.8149518825540718,0.32030943053218974,0.8149518825540718,1891.0,0.7573886051948995,0.36541941897858554,0.7573886051948995,20.0,0.7612919923357861,0.3612967345640545,0.7612919923357861,0.0,0.7612919923357861,0.3651500600026695,0.7612919923357861,5.28,0.7923169103244917,0.33953229068782886,0.7923169103244917,38.0,0.7160220478766257,0.37393481474450846,0.7160220478766257,23.1,0.7832427035188206,0.34453090129427344,0.7832427035188206,63.1,0.7819752709949233,0.34842395088291755,0.7819752709949233
20.4,0.8149518825540718,0.32030943053218974,0.8149518825540718,879.0,0.7502660919596718,0.36943528413576343,0.7502660919596718,32.0,0.7664628120005704,0.35722118627661564,0.7664628120005704,12.5,0.7664628120005705,0.36110068413153484,0.7664628120005705,3.83,0.7923169103244917,0.33953229068782886,0.7923169103244917,12.0,0.7160220478766257,0.37393481474450846,0.7160220478766257,20.4,0.7832427035188205,0.3445309012942734,0.7832427035188205,67.8,0.7819752709949231,0.3484239508829175,0.7819752709949231
60.8,0.8097810628892876,0.3251756519624815,0.8097810628892876,1552.0,0.7502660919596718,0.36943528413576293,0.7502660919596718,51.0,0.7716336316653547,0.3530575370499728,0.7716336316653547,-3.9,0.7735853252357979,0.35677237567686615,0.7735853252357979,14.29,0.7923169103244917,0.33953229068782886,0.7923169103244917,18.0,0.7160220478766257,0.37393481474450846,0.7160220478766257,31.8,0.7780718838540365,0.34888480670953964,0.7780718838540365,52.5,0.776804451330139,0.35273762957165883,0.776804451330139
20.4,0.8046102432245034,0.32995377245357127,0.8046102432245034,1961.0,0.7502660919596718,0.36943528413576293,0.7502660919596718,21.0,0.7787561449005823,0.3485811395184743,0.7787561449005823,-1.6,0.7787561449005823,0.3525228608209886,0.7787561449005823,11.16,0.7974877299892758,0.334954309181483,0.7974877299892758,15.0,0.7160220478766257,0.37393481474450846,0.7160220478766257,29.0,0.785194397089264,0.3442792955891904,0.785194397089264,63.1,0.7819752709949231,0.3484239508829175,0.7819752709949231
20.4,0.8046102432245034,0.32995377245357127,0.8046102432245034,1257.0,0.7554369116244561,0.3655458205228453,0.7554369116244561,26.0,0.7787561449005823,0.3485811395184743,0.7787561449005823,4.7,0.7787561449005823,0.3525228608209886,0.7787561449005823,3.95,0.7994394235597191,0.334643792005459,0.7994394235597191,19.0,0.7160220478766257,0.37393481474450846,0.7160220478766257,22.4,0.785194397089264,0.3442792955891904,0.785194397089264,57.6,0.776804451330139,0.35273762957165883,0.776804451330139
35.3,0.8046102432245033,0.3299537724535712,0.8046102432245033,1733.0,0.7625594248596836,0.3614179173201259,0.7625594248596836,33.0,0.7839269645653665,0.3442173513070906,0.7839269645653665,0.0,0.7787561449005823,0.3525228608209891,0.7787561449005823,10.53,0.7994394235597191,0.334643792005459,0.7994394235597191,25.0,0.7160220478766257,0.37393481474450846,0.7160220478766257,29.4,0.7923169103244916,0.3395322906878293,0.7923169103244916,74.1,0.7819752709949231,0.3484239508829175,0.7819752709949231
19.6,0.799439423559719,0.33464379200545896,0.799439423559719,1203.0,0.7625594248596836,0.3614179173201259,0.7625594248596836,33.0,0.7890977842301506,0.3397654621565047,0.7890977842301506,11.7,0.7787561449005823,0.3525228608209886,0.7787561449005823,3.83,0.7942686038949349,0.33924571061814474,0.7942686038949349,14.0,0.7160220478766257,0.37393481474450846,0.7160220478766257,20.0,0.7923169103244916,0.3395322906878293,0.7923169103244916,69.4,0.7819752709949231,0.3484239508829175,0.7819752709949231
0.0,0.799439423559719,0.33464379200545896,0.799439423559719,0.0,0.7625594248596836,0.3614179173201259,0.7625594248596836,100.0,0.7942686038949348,0.3352254720667159,0.7942686038949348,0.0,0.7839269645653665,0.348185245025909,0.7839269645653665,0.0,0.7890977842301506,0.34375952829162676,0.7890977842301506,0.0,0.7272647427245216,0.3714887694498876,0.7272647427245216,29.4,0.7923169103244917,0.33953229068782936,0.7923169103244917,63.1,0.7819752709949231,0.3484239508829175,0.7819752709949231
47.5,0.7994394235597191,0.334643792005459,0.7994394235597191,873.0,0.7625594248596836,0.3614179173201259,0.7625594248596836,39.0,0.7994394235597191,0.33059738103772607,0.7994394235597191,3.9,0.776804451330139,0.35273762957165883,0.776804451330139,5.79,0.7839269645653666,0.3481852450259085,0.7839269645653666,4.0,0.7343872559597492,0.367832406143311,0.7343872559597492,23.9,0.7923169103244917,0.33953229068782936,0.7923169103244917,54.1,0.7871460906597073,0.3440221712549752,0.7871460906597073
43.9,0.794268603894935,0.33924571061814474,0.794268603894935,747.0,0.7625594248596836,0.3614179173201259,0.7625594248596836,39.0,0.8046102432245033,0.3258811890695348,0.8046102432245033,-4.7,0.7696819380949114,0.3571485203363973,0.7696819380949114,4.54,0.7839269645653666,0.348185245025908,0.7839269645653666,11.0,0.7363389495301924,0.36776891067961287,0.7363389495301924,21.6,0.7923169103244917,0.33953229068782936,0.7923169103244917,58.0,0.7871460906597073,0.3440221712549752,0.7871460906597073
76.5,0.7994394235597191,0.334643792005459,0.7994394235597191,993.0,0.7645111184301271,0.36126206004039624,0.7645111184301271,98.0,0.8046102432245033,0.3258811890695348,0.8046102432245033,0.0,0.776804451330139,0.35273762957165883,0.776804451330139,11.63,0.7890977842301509,0.34375952829162687,0.7890977842301509,20.0,0.7363389495301925,0.3677689106796129,0.7363389495301925,30.6,0.7871460906597072,0.34402217125497514,0.7871460906597072,56.1,0.7871460906597073,0.3440221712549752,0.7871460906597073
61.2,0.794268603894935,0.33924571061814474,0.794268603894935,1045.0,0.7593402987653428,0.36528749880519307,0.7593402987653428,48.0,0.8097810628892876,0.3210768961621404,0.8097810628892876,-2.3,0.776804451330139,0.35273762957165883,0.776804451330139,9.18,0.794268603894935,0.33924571061814474,0.794268603894935,22.0,0.7250962546822968,0.3704463009082515,0.7250962546822968,27.8,0.7819752709949231,0.3484239508829175,0.7819752709949231,60.0,0.7871460906597073,0.3440221712549752,0.7871460906597073
83.1,0.7890977842301506,0.34375952829162837,0.7890977842301506,1143.0,0.7541694791005585,0.3692248366307874,0.7541694791005585,75.0,0.8046102432245033,0.3258811890695348,0.8046102432245033,-5.5,0.776804451330139,0.35273762957165883,0.776804451330139,13.93,0.7890977842301509,0.34375952829162687,0.7890977842301509,23.0,0.7133860932596366,0.37268844894133796,0.7133860932596366,32.2,0.7819752709949231,0.3484239508829175,0.7819752709949231,58.4,0.7800235774244798,0.34865713811079546,0.7800235774244798
45.5,0.7839269645653665,0.34818524502591003,0.7839269645653665,1173.0,0.7470469658653313,0.3731581194778952,0.7470469658653313,82.0,0.7994394235597191,0.33059738103772607,0.7994394235597191,6.2,0.7819752709949231,0.3484239508829175,0.7819752709949231,1.98,0.7890977842301509,0.34375952829162737,0.7890977842301509,17.0,0.706263580024409,0.3759827063995976,0.706263580024409,17.3,0.7819752709949231,0.3484239508829175,0.7819752709949231,52.9,0.785194397089264,0.3442792955891904,0.785194397089264
95.7,0.7890977842301506,0.34375952829162787,0.7890977842301506,1608.0,0.738657020106206,0.37676948731394744,0.738657020106206,84.0,0.7994394235597191,0.33059738103772607,0.7994394235597191,-6.2,0.776804451330139,0.35273762957165883,0.776804451330139,22.64,0.7890977842301509,0.34375952829162687,0.7890977842301509,28.0,0.706263580024409,0.3759827063995976,0.706263580024409,35.7,0.7768044513301388,0.3527376295716588,0.7768044513301388,58.8,0.7800235774244798,0.3486571381107944,0.7800235774244798
100.0,0.794268603894935,0.33924571061814474,0.794268603894935,2645.0,0.7344954397969808,0.37641136270096615,0.7344954397969808,66.0,0.7994394235597191,0.33059738103772607,0.7994394235597191,3.1,0.776804451330139,0.35273762957165883,0.776804451330139,40.81,0.7890977842301509,0.34375952829162687,0.7890977842301509,31.0,0.7179737414470693,0.37393899069763403,0.7179737414470693,39.2,0.7768044513301388,0.3527376295716582,0.7768044513301388,65.1,0.7800235774244798,0.3486571381107944,0.7800235774244798
85.5,0.794268603894935,0.33924571061814474,0.794268603894935,1570.0,0.7396662594617651,0.3727600306168689,0.7396662594617651,70.0,0.8078293693188441,0.3255340433511821,0.8078293693188441,-6.2,0.776804451330139,0.35273762957165833,0.776804451330139,19.49,0.7839269645653666,0.3481852450259085,0.7839269645653666,36.0,0.7292164362949649,0.37145472972165905,0.7292164362949649,33.7,0.7768044513301388,0.3527376295716582,0.7768044513301388,63.1,0.7748527577596955,0.3529468796931979,0.7748527577596955
88.6,0.794268603894935,0.33924571061814474,0.794268603894935,1871.0,0.7344954397969807,0.3764113627009656,0.7344954397969807,74.0,0.8149518825540718,0.32030943053218974,0.8149518825540718,-0.8,0.776804451330139,0.35273762957165883,0.776804451330139,24.66,0.7839269645653666,0.348185245025908,0.7839269645653666,45.0,0.7292164362949649,0.37145472972165905,0.7292164362949649,35.3,0.7768044513301388,0.3527376295716582,0.7768044513301388,64.3,0.776804451330139,0.35273762957165883,0.776804451330139
89.0,0.7942686038949349,0.33924571061814474,0.7942686038949349,2404.0,0.739666259461765,0.3727600306168688,0.739666259461765,32.0,0.8149518825540718,0.32030943053218974,0.8149518825540718,3.1,0.776804451330139,0.35273762957165883,0.776804451330139,6.83,0.7890977842301509,0.34375952829162687,0.7890977842301509,49.0,0.7179737414470692,0.3739389906976339,0.7179737414470692,25.5,0.7768044513301388,0.3527376295716582,0.7768044513301388,66.3,0.7819752709949231,0.3484239508829175,0.7819752709949231
18.4,0.7871460906597073,0.3440221712549752,0.7871460906597073,1609.0,0.7396662594617651,0.3727600306168689,0.7396662594617651,20.0,0.8149518825540718,0.32030943053218974,0.8149518825540718,0.0,0.776804451330139,0.35273762957165883,0.776804451330139,4.32,0.7839269645653666,0.3481852450259085,0.7839269645653666,40.0,0.7231445611118534,0.3704715806905974,0.7231445611118534,22.0,0.7768044513301388,0.3527376295716582,0.7768044513301388,63.1,0.7819752709949231,0.3484239508829175,0.7819752709949231
22.7,0.7923169103244916,0.3395322906878304,0.7923169103244916,943.0,0.739666259461765,0.3727600306168688,0.739666259461765,43.0,0.8097810628892876,0.3251756519624815,0.8097810628892876,12.5,0.7716336316653546,0.356963207321198,0.7716336316653546,3.16,0.7787561449005824,0.3525228608209876,0.7787561449005824,25.0,0.7302670743470807,0.3668668528556749,0.7302670743470807,21.6,0.7768044513301388,0.3527376295716582,0.7768044513301388,59.6,0.7819752709949231,0.3484239508829175,0.7819752709949231
96.5,0.7974877299892758,0.33495430918148145,0.7974877299892758,1201.0,0.7416179530322085,0.372695097026725,0.7416179530322085,85.0,0.8046102432245033,0.3299537724535712,0.8046102432245033,0.0,0.7716336316653546,0.356963207321198,0.7716336316653546,18.13,0.773585325235798,0.35677237567686615,0.773585325235798,22.0,0.7354378940118651,0.36319930386389554,0.7354378940118651,34.5,0.7748527577596955,0.3529468796931963,0.7748527577596955,56.5,0.7819752709949231,0.3484239508829175,0.7819752709949231
26.7,0.7974877299892758,0.33495430918148145,0.7974877299892758,1194.0,0.7416179530322085,0.372695097026725,0.7416179530322085,65.0,0.7994394235597191,0.334643792005459,0.7994394235597191,-2.3,0.7716336316653546,0.356963207321198,0.7716336316653546,1.97,0.7787561449005823,0.3525228608209876,0.7787561449005823,16.0,0.7415097691949766,0.3640345490557249,0.7415097691949766,18.8,0.7800235774244797,0.34865713811079385,0.7800235774244797,59.6,0.776804451330139,0.35273762957165883,0.776804451330139
98.4,0.7974877299892758,0.33495430918148145,0.7974877299892758,1615.0,0.7509503530062178,0.36918352832132767,0.7509503530062178,21.0,0.7994394235597191,0.334643792005459,0.7994394235597191,4.7,0.776804451330139,0.35273762957165883,0.776804451330139,23.83,0.7787561449005824,0.3525228608209876,0.7787561449005824,25.0,0.7522177855301153,0.3607792142727704,0.7522177855301153,35.7,0.7780718838540365,0.34888480670953964,0.7780718838540365,61.6,0.7716336316653547,0.3569632073211975,0.7716336316653547
30.2,0.8046102432245033,0.3299537724535712,0.8046102432245033,894.0,0.7593402987653428,0.36528749880519307,0.7593402987653428,44.0,0.7994394235597191,0.334643792005459,0.7994394235597191,7.8,0.7819752709949231,0.3484239508829175,0.7819752709949231,3.92,0.7787561449005824,0.3525228608209876,0.7787561449005824,16.0,0.7573886051948996,0.3568070152214521,0.7573886051948996,19.2,0.7780718838540363,0.34888480670953953,0.7780718838540363,63.5,0.7716336316653547,0.3569632073211975,0.7716336316653547
49.8,0.8046102432245033,0.3299537724535712,0.8046102432245033,1441.0,0.7664628120005704,0.36110068413153423,0.7664628120005704,20.0,0.794268603894935,0.33924571061814474,0.794268603894935,6.2,0.7819752709949231,0.3484239508829175,0.7819752709949231,10.47,0.7839269645653665,0.348185245025908,0.7839269645653665,20.0,0.7573886051948996,0.3568070152214521,0.7573886051948996,29.4,0.7780718838540365,0.34888480670953964,0.7780718838540365,65.1,0.7716336316653547,0.3569632073211975,0.7716336316653547
44.7,0.8046102432245033,0.3299537724535712,0.8046102432245033,865.0,0.7612919923357861,0.3651500600026695,0.7612919923357861,35.0,0.794268603894935,0.33924571061814474,0.794268603894935,-0.8,0.7871460906597073,0.3440221712549742,0.7871460906597073,4.74,0.7839269645653666,0.348185245025908,0.7839269645653666,16.0,0.7573886051948995,0.35680701522145203,0.7573886051948995,21.2,0.7832427035188205,0.3445309012942734,0.7832427035188205,64.3,0.776804451330139,0.35273762957165883,0.776804451330139
40.0,0.7994394235597191,0.334643792005459,0.7994394235597191,797.0,0.7612919923357861,0.3651500600026695,0.7612919923357861,32.0,0.7890977842301509,0.34375952829162687,0.7890977842301509,-2.3,0.7923169103244917,0.33953229068782886,0.7923169103244917,4.39,0.7890977842301509,0.34375952829162687,0.7890977842301509,2.0,0.7625594248596836,0.35274671523093165,0.7625594248596836,20.8,0.7903652167540481,0.3398133521283833,0.7903652167540481,53.7,0.776804451330139,0.35273762957165883,0.776804451330139
38.8,0.7994394235597191,0.334643792005459,0.7994394235597191,796.0,0.7612919923357861,0.3651500600026695,0.7612919923357861,33.0,0.7890977842301509,0.34375952829162687,0.7890977842301509,-4.7,0.7974877299892758,0.33495430918148195,0.7974877299892758,4.13,0.7839269645653666,0.348185245025908,0.7839269645653666,0.0,0.7573886051948995,0.35680701522145203,0.7573886051948995,20.4,0.7832427035188206,0.34453090129427344,0.7832427035188206,58.0,0.776804451330139,0.35273762957165883,0.776804451330139
43.1,0.8046102432245033,0.3299537724535712,0.8046102432245033,827.0,0.7612919923357864,0.36515006000266953,0.7612919923357864,35.0,0.7890977842301509,0.34375952829162687,0.7890977842301509,-8.6,0.7974877299892758,0.33495430918148195,0.7974877299892758,4.55,0.7839269645653666,0.348185245025908,0.7839269645653666,13.0,0.7573886051948996,0.3568070152214521,0.7573886051948996,21.2,0.7748527577596955,0.34902491562065285,0.7748527577596955,52.9,0.776804451330139,0.35273762957165883,0.776804451330139
37.3,0.7994394235597191,0.334643792005459,0.7994394235597191,821.0,0.7612919923357861,0.3651500600026695,0.7612919923357861,29.0,0.7890977842301509,0.34375952829162687,0.7890977842301509,-2.3,0.7974877299892758,0.33495430918148195,0.7974877299892758,4.27,0.7839269645653666,0.348185245025908,0.7839269645653666,20.0,0.7522177855301153,0.3607792142727704,0.7522177855301153,20.4,0.7748527577596954,0.3490249156206528,0.7748527577596954,54.1,0.7716336316653547,0.3569632073211971,0.7716336316653547
40.4,0.7994394235597191,0.334643792005459,0.7994394235597191,1535.0,0.7612919923357861,0.3651500600026695,0.7612919923357861,36.0,0.7890977842301509,0.34375952829162687,0.7890977842301509,0.8,0.7923169103244917,0.33953229068782886,0.7923169103244917,8.77,0.7839269645653666,0.348185245025908,0.7839269645653666,23.0,0.7541694791005586,0.36064903814270527,0.7541694791005586,27.5,0.7748527577596954,0.3490249156206528,0.7748527577596954,72.9,0.776804451330139,0.35273762957165883,0.776804451330139
39.2,0.7994394235597191,0.334643792005459,0.7994394235597191,1965.0,0.7593402987653428,0.36528749880519307,0.7593402987653428,33.0,0.7890977842301509,0.34375952829162687,0.7890977842301509,-7.0,0.7923169103244917,0.33953229068782886,0.7923169103244917,11.46,0.7839269645653666,0.348185245025908,0.7839269645653666,27.0,0.7486322824302043,0.3600951981871267,0.7486322824302043,29.8,0.7748527577596954,0.3490249156206528,0.7748527577596954,72.5,0.7819752709949231,0.3484239508829175,0.7819752709949231
37.3,0.7923169103244917,0.33953229068782886,0.7923169103244917,2336.0,0.7541694791005585,0.3692248366307884,0.7541694791005585,20.0,0.7890977842301509,0.34375952829162687,0.7890977842301509,-5.5,0.7871460906597074,0.3440221712549732,0.7871460906597074,12.74,0.7787561449005823,0.3525228608209876,0.7787561449005823,28.0,0.7373895875823084,0.36312063123974325,0.7373895875823084,30.6,0.7748527577596954,0.3490249156206533,0.7748527577596954,74.5,0.776804451330139,0.35273762957165883,0.776804451330139
27.1,0.7994394235597191,0.334643792005459,0.7994394235597191,2245.0,0.7541694791005585,0.3692248366307874,0.7541694791005585,31.0,0.7839269645653666,0.348185245025908,0.7839269645653666,7.0,0.7871460906597074,0.3440221712549732,0.7871460906597074,9.32,0.773585325235798,0.35677237567686615,0.773585325235798,27.0,0.732218767917524,0.36681211733786045,0.732218767917524,27.8,0.7800235774244798,0.34470900162194473,0.7800235774244798,76.9,0.776804451330139,0.35273762957165883,0.776804451330139
45.1,0.7994394235597191,0.334643792005459,0.7994394235597191,2377.0,0.7541694791005585,0.3692248366307879,0.7541694791005585,39.0,0.7839269645653666,0.348185245025908,0.7839269645653666,-1.6,0.7819752709949233,0.34842395088291755,0.7819752709949233,15.93,0.773585325235798,0.35677237567686615,0.773585325235798,33.0,0.7270479482527401,0.37041550249677485,0.7270479482527401,31.8,0.7800235774244798,0.34470900162194523,0.7800235774244798,72.5,0.7716336316653547,0.3569632073211981,0.7716336316653547
20.0,0.8046102432245033,0.3299537724535712,0.8046102432245033,2323.0,0.7541694791005585,0.3692248366307874,0.7541694791005585,53.0,0.7890977842301509,0.34375952829162687,0.7890977842301509,-0.8,0.7871460906597074,0.3440221712549732,0.7871460906597074,6.03,0.773585325235798,0.35677237567686615,0.773585325235798,36.0,0.7250962546822968,0.3704463009082515,0.7250962546822968,25.9,0.7800235774244798,0.34470900162194473,0.7800235774244798,64.3,0.7716336316653547,0.3569632073211981,0.7716336316653547
67.5,0.7994394235597191,0.334643792005459,0.7994394235597191,1903.0,0.7541694791005586,0.3692248366307874,0.7541694791005586,57.0,0.7839269645653666,0.348185245025908,0.7839269645653666,-4.7,0.794268603894935,0.33924571061814474,0.794268603894935,18.96,0.7716336316653547,0.3569632073211971,0.7716336316653547,44.0,0.7179737414470693,0.37393899069763403,0.7179737414470693,33.3,0.7716336316653547,0.34915186677874854,0.7716336316653547,67.1,0.776804451330139,0.35273762957165883,0.776804451330139
67.1,0.7994394235597191,0.334643792005459,0.7994394235597191,2264.0,0.7593402987653428,0.36528749880519307,0.7593402987653428,55.0,0.7787561449005823,0.3525228608209886,0.7787561449005823,3.1,0.794268603894935,0.33924571061814474,0.794268603894935,22.5,0.7664628120005704,0.36110068413153423,0.7664628120005704,51.0,0.7114343996891933,0.3726746713386503,0.7114343996891933,34.1,0.773585325235798,0.34894127790444684,0.773585325235798,68.2,0.7819752709949231,0.3484239508829175,0.7819752709949231
63.9,0.8046102432245033,0.3299537724535712,0.8046102432245033,2598.0,0.7645111184301271,0.36126206004039624,0.7645111184301271,53.0,0.7787561449005823,0.3525228608209876,0.7787561449005823,-2.3,0.794268603894935,0.33924571061814474,0.794268603894935,24.48,0.7645111184301271,0.36126206004039624,0.7645111184301271,58.0,0.6993089414990503,0.3744368303383545,0.6993089414990503,34.5,0.7735853252357979,0.3489412779044468,0.7735853252357979,69.4,0.7819752709949231,0.3484239508829175,0.7819752709949231
61.2,0.7994394235597191,0.334643792005459,0.7994394235597191,2955.0,0.7645111184301271,0.36126206004039624,0.7645111184301271,49.0,0.7787561449005824,0.3525228608209876,0.7787561449005824,5.5,0.794268603894935,0.33924571061814474,0.794268603894935,26.94,0.7645111184301271,0.36126206004039624,0.7645111184301271,67.0,0.6868098633548207,0.3757542909600724,0.6868098633548207,35.3,0.7735853252357979,0.3489412779044468,0.7735853252357979,69.8,0.7819752709949231,0.3484239508829175,0.7819752709949231
39.6,0.8046102432245033,0.3299537724535712,0.8046102432245033,2383.0,0.7593402987653428,0.36528749880519307,0.7593402987653428,38.0,0.7716336316653547,0.3569632073211975,0.7716336316653547,0.8,0.7923169103244917,0.33953229068782886,0.7923169103244917,14.23,0.7696819380949114,0.3571485203363973,0.7696819380949114,72.0,0.6739712295118062,0.37662388954345916,0.6739712295118062,31.0,0.7819752709949231,0.34446593577908347,0.7819752709949231,74.5,0.7800235774244798,0.34865713811079546,0.7800235774244798
42.4,0.8046102432245033,0.3299537724535712,0.8046102432245033,2388.0,0.7645111184301271,0.36126206004039624,0.7645111184301271,20.0,0.7632436859062296,0.36114389851741435,0.7632436859062296,3.1,0.7923169103244917,0.33953229068782886,0.7923169103244917,15.38,0.7696819380949114,0.3571485203363973,0.7696819380949114,66.0,0.6688004098470219,0.37943191217303635,0.6688004098470219,31.4,0.7819752709949231,0.34446593577908347,0.7819752709949231,73.7,0.7748527577596955,0.3529468796931968,0.7748527577596955
19.2,0.7994394235597191,0.334643792005459,0.7994394235597191,1316.0,0.7645111184301271,0.36126206004039624,0.7645111184301271,27.0,0.7684145055710138,0.3570444131236367,0.7684145055710138,10.9,0.7871460906597074,0.3440221712549732,0.7871460906597074,3.57,0.7716336316653546,0.356963207321198,0.7716336316653546,17.0,0.6688004098470219,0.37943191217303635,0.6688004098470219,19.6,0.776804451330139,0.3488057868841294,0.776804451330139,74.1,0.7677302445244679,0.35732831472246585,0.7677302445244679
45.9,0.7994394235597191,0.334643792005459,0.7994394235597191,1243.0,0.7573886051948995,0.3654194189785845,0.7573886051948995,56.0,0.7632436859062296,0.36114389851741435,0.7632436859062296,7.8,0.7871460906597074,0.3440221712549742,0.7871460906597074,10.23,0.7768044513301391,0.3527376295716589,0.7768044513301391,24.0,0.6764682240252524,0.38162210363905186,0.6764682240252524,29.8,0.7716336316653547,0.3530575370499728,0.7716336316653547,63.9,0.7606077312892403,0.36156825597072506,0.7606077312892403
63.9,0.7942686038949349,0.33924571061814474,0.7942686038949349,2173.0,0.7573886051948995,0.365419418978585,0.7573886051948995,50.0,0.7684145055710138,0.3570444131236367,0.7684145055710138,-0.8,0.7871460906597074,0.3440221712549742,0.7871460906597074,20.5,0.776804451330139,0.35273762957165883,0.776804451330139,35.0,0.6837964825046976,0.38360675340137307,0.6837964825046976,33.3,0.7716336316653546,0.3530575370499728,0.7716336316653546,68.2,0.7606077312892402,0.361568255970725,0.7606077312892402
23.1,0.794268603894935,0.33924571061814474,0.794268603894935,2900.0,0.7573886051948995,0.36541941897858554,0.7573886051948995,44.0,0.7632436859062296,0.36114389851741435,0.7632436859062296,6.2,0.7871460906597074,0.3440221712549732,0.7871460906597074,7.76,0.776804451330139,0.35273762957165883,0.776804451330139,38.0,0.6889673021694818,0.38063821331956893,0.6889673021694818,25.9,0.7664628120005704,0.35722118627661514,0.7664628120005704,72.5,0.7657785509540246,0.3575025904794038,0.7657785509540246
55.7,0.794268603894935,0.33924571061814474,0.794268603894935,1948.0,0.7625594248596836,0.36141791732012746,0.7625594248596836,47.0,0.7632436859062296,0.36114389851741435,0.7632436859062296,-8.6,0.7871460906597074,0.3440221712549732,0.7871460906597074,16.47,0.7716336316653547,0.3569632073211975,0.7716336316653547,43.0,0.6816390436900366,0.37873224776916425,0.6816390436900366,31.8,0.7716336316653547,0.3530575370499728,0.7716336316653547,69.0,0.7729010641892522,0.35315061118560426,0.7729010641892522
54.1,0.7890977842301506,0.34375952829162787,0.7890977842301506,2171.0,0.7645111184301271,0.36126206004039624,0.7645111184301271,46.0,0.7716336316653545,0.35696320732119746,0.7716336316653545,-7.8,0.7871460906597074,0.3440221712549742,0.7871460906597074,17.4,0.7716336316653547,0.3569632073211975,0.7716336316653547,47.0,0.6759229230822495,0.3767588979369571,0.6759229230822495,32.5,0.7716336316653547,0.3530575370499728,0.7716336316653547,70.2,0.7645111184301271,0.357392440800462,0.7645111184301271
55.3,0.7890977842301506,0.34375952829162787,0.7890977842301506,2322.0,0.7593402987653428,0.36528749880519307,0.7593402987653428,47.0,0.7787561449005823,0.3525228608209876,0.7787561449005823,-1.6,0.7871460906597074,0.3440221712549742,0.7871460906597074,19.31,0.7716336316653547,0.3569632073211975,0.7716336316653547,50.0,0.6679439183155601,0.3744720945772498,0.6679439183155601,32.9,0.7716336316653547,0.3530575370499728,0.7716336316653547,71.0,0.7645111184301271,0.357392440800462,0.7645111184301271
19.2,0.7890977842301506,0.34375952829162787,0.7890977842301506,2438.0,0.7593402987653428,0.36528749880519307,0.7593402987653428,19.0,0.7787561449005823,0.3525228608209876,0.7787561449005823,0.0,0.7923169103244917,0.33953229068782886,0.7923169103244917,6.8,0.7664628120005704,0.3611006841315348,0.7664628120005704,32.0,0.6679439183155601,0.3744720945772498,0.6679439183155601,25.5,0.7664628120005704,0.35722118627661514,0.7664628120005704,78.8,0.7645111184301271,0.357392440800462,0.7645111184301271
18.8,0.7890977842301506,0.34375952829162837,0.7890977842301506,1210.0,0.7522177855301152,0.36933281969784154,0.7522177855301152,45.0,0.7787561449005823,0.3525228608209876,0.7787561449005823,10.9,0.7923169103244917,0.33953229068782886,0.7923169103244917,3.37,0.7664628120005704,0.3611006841315348,0.7664628120005704,20.0,0.6627730986507758,0.3772193540332103,0.6627730986507758,18.0,0.7664628120005705,0.3572211862766152,0.7664628120005705,60.4,0.7696819380949113,0.3532527286801584,0.7696819380949113
60.8,0.7871460906597073,0.3440221712549752,0.7871460906597073,1785.0,0.7522177855301152,0.36933281969784154,0.7522177855301152,58.0,0.7839269645653665,0.348185245025909,0.7839269645653665,-2.3,0.7923169103244917,0.33953229068782886,0.7923169103244917,17.32,0.7716336316653547,0.3569632073211981,0.7716336316653547,28.0,0.6556505854155482,0.3796780357809416,0.6556505854155482,32.5,0.7664628120005704,0.35722118627661514,0.7664628120005704,68.6,0.7696819380949113,0.3532527286801584,0.7696819380949113
67.1,0.7871460906597073,0.3440221712549752,0.7871460906597073,2468.0,0.7541694791005585,0.3692248366307874,0.7541694791005585,53.0,0.7787561449005823,0.3525228608209886,0.7787561449005823,-7.8,0.7923169103244917,0.33953229068782936,0.7923169103244917,24.5,0.7716336316653547,0.3569632073211975,0.7716336316653547,33.0,0.6556505854155481,0.3796780357809411,0.6556505854155481,34.5,0.7664628120005704,0.35722118627661514,0.7664628120005704,69.4,0.7716336316653546,0.3530575370499728,0.7716336316653546
21.2,0.7890977842301506,0.34375952829162787,0.7890977842301506,3234.0,0.7541694791005585,0.3692248366307874,0.7541694791005585,22.0,0.773585325235798,0.35677237567686615,0.773585325235798,0.0,0.7923169103244917,0.33953229068782886,0.7923169103244917,9.22,0.7716336316653547,0.3569632073211975,0.7716336316653547,25.0,0.6556505854155481,0.3796780357809411,0.6556505854155481,27.8,0.7664628120005704,0.35722118627661514,0.7664628120005704,76.1,0.7716336316653546,0.3530575370499738,0.7716336316653546
57.3,0.7839269645653665,0.348185245025909,0.7839269645653665,2041.0,0.7522177855301152,0.36933281969784154,0.7522177855301152,55.0,0.773585325235798,0.35677237567686615,0.773585325235798,6.2,0.7923169103244917,0.33953229068782936,0.7923169103244917,18.94,0.7696819380949114,0.3571485203363973,0.7696819380949114,32.0,0.6608214050803325,0.3770428143705207,0.6608214050803325,32.9,0.7612919923357861,0.361296734564054,0.7612919923357861,67.1,0.7716336316653546,0.3530575370499738,0.7716336316653546
58.4,0.7787561449005823,0.3525228608209886,0.7787561449005823,2952.0,0.7450952722948877,0.37323664680947977,0.7450952722948877,34.0,0.7787561449005823,0.3525228608209886,0.7787561449005823,-3.9,0.7851943970892641,0.34427929558919046,0.7851943970892641,27.06,0.7748527577596954,0.35294687969319677,0.7748527577596954,44.0,0.6608214050803325,0.3770428143705207,0.6608214050803325,35.3,0.7664628120005704,0.35722118627661514,0.7664628120005704,70.6,0.7716336316653547,0.3530575370499728,0.7716336316653547
24.7,0.7787561449005823,0.3525228608209891,0.7787561449005823,3720.0,0.7502660919596718,0.36943528413576293,0.7502660919596718,20.0,0.773585325235798,0.35677237567686615,0.773585325235798,0.0,0.7851943970892641,0.34427929558919046,0.7851943970892641,14.11,0.7748527577596954,0.35294687969319677,0.7748527577596954,46.0,0.6608214050803325,0.37704281437052106,0.6608214050803325,31.0,0.7664628120005704,0.35722118627661514,0.7664628120005704,72.2,0.7800235774244798,0.34865713811079385,0.7800235774244798
23.1,0.7787561449005823,0.3525228608209886,0.7787561449005823,2431.0,0.7450952722948877,0.37323664680947977,0.7450952722948877,21.0,0.7787561449005823,0.3525228608209876,0.7787561449005823,6.2,0.7923169103244917,0.33953229068782886,0.7923169103244917,8.52,0.7800235774244798,0.34865713811079385,0.7800235774244798,50.0,0.6473843771767448,0.37700846862776655,0.6473843771767448,27.5,0.773585325235798,0.3528568267906565,0.773585325235798,78.0,0.7800235774244798,0.34865713811079385,0.7800235774244798
18.4,0.7839269645653665,0.348185245025909,0.7839269645653665,2371.0,0.7502660919596718,0.36943528413576343,0.7502660919596718,20.0,0.773585325235798,0.35677237567686615,0.773585325235798,0.0,0.7903652167540484,0.33981335212838343,0.7903652167540484,6.8,0.7748527577596955,0.3529468796931963,0.7748527577596955,40.0,0.6422135575119605,0.379468257637028,0.6422135575119605,25.5,0.773585325235798,0.3528568267906565,0.773585325235798,63.9,0.7800235774244798,0.3486571381107944,0.7800235774244798
31.8,0.7839269645653666,0.3481852450259096,0.7839269645653666,848.0,0.7502660919596718,0.36943528413576293,0.7502660919596718,29.0,0.7684145055710138,0.36093378959354067,0.7684145055710138,1.6,0.7851943970892641,0.34427929558919046,0.7851943970892641,3.25,0.7748527577596955,0.3529468796931963,0.7748527577596955,14.0,0.6350910442767331,0.38156800625229625,0.6350910442767331,18.8,0.773585325235798,0.3528568267906565,0.773585325235798,67.8,0.7748527577596955,0.3529468796931979,0.7748527577596955
46.7,0.7787561449005823,0.3525228608209886,0.7787561449005823,1389.0,0.7573886051948995,0.365419418978584,0.7573886051948995,45.0,0.7684145055710139,0.3609337895935407,0.7684145055710139,2.3,0.7851943970892641,0.34427929558919046,0.7851943970892641,9.58,0.7696819380949114,0.3571485203363973,0.7696819380949114,25.0,0.6318719181823922,0.3809252749279846,0.6318719181823922,28.2,0.7664628120005704,0.35722118627661414,0.7664628120005704,66.7,0.7748527577596955,0.3529468796931979,0.7748527577596955
20.4,0.7787561449005823,0.3525228608209886,0.7787561449005823,2540.0,0.7573886051948996,0.3654194189785841,0.7573886051948996,54.0,0.773585325235798,0.35677237567686615,0.773585325235798,7.0,0.7903652167540484,0.33981335212838343,0.7903652167540484,7.3,0.7696819380949114,0.3571485203363973,0.7696819380949114,37.0,0.6247494049471647,0.38283699848346087,0.6247494049471647,25.5,0.7612919923357864,0.3612967345640541,0.7612919923357864,53.7,0.7800235774244798,0.3486571381107949,0.7800235774244798
66.7,0.7787561449005823,0.3525228608209886,0.7787561449005823,1919.0,0.7645111184301272,0.36126206004039624,0.7645111184301272,57.0,0.773585325235798,0.35677237567686615,0.773585325235798,-10.9,0.7974877299892758,0.33495430918148145,0.7974877299892758,19.22,0.767730244524468,0.3573283147224659,0.767730244524468,45.0,0.626701098517608,0.3831469335359451,0.626701098517608,32.9,0.7645111184301272,0.36126206004039624,0.7645111184301272,67.5,0.7748527577596955,0.3529468796931974,0.7748527577596955
64.7,0.7787561449005823,0.3525228608209886,0.7787561449005823,2305.0,0.7696819380949114,0.3571485203363973,0.7696819380949114,54.0,0.773585325235798,0.35677237567686615,0.773585325235798,-0.8,0.7974877299892758,0.33495430918148195,0.7974877299892758,22.32,0.7625594248596836,0.36141791732012696,0.7625594248596836,52.0,0.6213873637897542,0.38067976011851556,0.6213873637897542,34.1,0.7593402987653428,0.36528749880519307,0.7593402987653428,69.4,0.7696819380949113,0.35714852033639727,0.7696819380949113
63.9,0.7735853252357979,0.35677237567686615,0.7735853252357979,2650.0,0.7748527577596955,0.3529468796931963,0.7748527577596955,50.0,0.7787561449005823,0.3525228608209876,0.7787561449005823,4.7,0.7974877299892758,0.33495430918148195,0.7974877299892758,9.28,0.7625594248596836,0.36141791732012696,0.7625594248596836,57.0,0.6145573481513847,0.3776720269380619,0.6145573481513847,27.5,0.7593402987653428,0.36528749880519307,0.7593402987653428,69.8,0.7645111184301271,0.36126206004039624,0.7645111184301271
58.4,0.7716336316653546,0.3569632073211975,0.7716336316653546,1933.0,0.7696819380949115,0.3571485203363973,0.7696819380949115,46.0,0.7839269645653666,0.348185245025908,0.7839269645653666,0.8,0.7974877299892758,0.33495430918148145,0.7974877299892758,16.62,0.7696819380949114,0.3571485203363973,0.7696819380949114,61.0,0.6055423645610617,0.37416166291502867,0.6055423645610617,32.2,0.7541694791005586,0.3692248366307874,0.7541694791005586,69.0,0.7645111184301271,0.36126206004039624,0.7645111184301271
19.6,0.7664628120005704,0.36110068413153423,0.7664628120005704,2034.0,0.767730244524468,0.3573283147224659,0.767730244524468,19.0,0.7768044513301388,0.3527376295716588,0.7768044513301388,0.0,0.7974877299892758,0.334954309181483,0.7974877299892758,5.92,0.7645111184301271,0.36126206004039624,0.7645111184301271,51.0,0.6126056545809414,0.3773387320399626,0.6126056545809414,24.3,0.7522177855301152,0.36933281969784154,0.7522177855301152,77.3,0.7645111184301272,0.36126206004039624,0.7645111184301272
42.4,0.7612919923357864,0.36515006000266953,0.7612919923357864,1083.0,0.767730244524468,0.3573283147224659,0.767730244524468,36.0,0.7716336316653546,0.3569632073211975,0.7716336316653546,0.8,0.7974877299892758,0.334954309181483,0.7974877299892758,8.74,0.7645111184301271,0.36126206004039624,0.7645111184301271,40.0,0.619435670219311,0.38035985792466814,0.619435670219311,29.0,0.7573886051948995,0.365419418978585,0.7573886051948995,64.3,0.7645111184301271,0.36126206004039624,0.7645111184301271
40.0,0.7612919923357861,0.3651500600026695,0.7612919923357861,2001.0,0.7748527577596958,0.35294687969319694,0.7748527577596958,20.0,0.7645111184301271,0.36126206004039624,0.7645111184301271,-8.6,0.7923169103244917,0.33953229068782886,0.7923169103244917,11.88,0.7645111184301271,0.36126206004039624,0.7645111184301271,34.0,0.6194356702193109,0.3803598579246685,0.6194356702193109,29.8,0.7522177855301152,0.36933281969784154,0.7522177855301152,71.8,0.7645111184301271,0.36126206004039624,0.7645111184301271
17.6,0.7664628120005704,0.3611006841315348,0.7664628120005704,1466.0,0.7800235774244798,0.34865713811079385,0.7800235774244798,36.0,0.7573886051948994,0.365419418978585,0.7573886051948994,4.7,0.7923169103244917,0.33953229068782886,0.7923169103244917,3.54,0.7716336316653547,0.3569632073211981,0.7716336316653547,1.0,0.6142648505545266,0.3824177074143474,0.6142648505545266,20.8,0.7593402987653428,0.36528749880519257,0.7593402987653428,63.1,0.7696819380949113,0.35714852033639727,0.7696819380949113
44.3,0.7716336316653547,0.3569632073211981,0.7716336316653547,787.0,0.7800235774244798,0.34865713811079385,0.7800235774244798,35.0,0.7573886051948994,0.365419418978585,0.7573886051948994,11.7,0.7923169103244917,0.33953229068782886,0.7923169103244917,4.8,0.7716336316653546,0.356963207321198,0.7716336316653546,33.67243525896414,0.6142648505545266,0.3824177074143474,0.6142648505545266,22.0,0.7593402987653428,0.36528749880519257,0.7593402987653428,50.6,0.7748527577596955,0.3529468796931979,0.7748527577596955
37.3,0.776804451330139,0.35273762957165883,0.776804451330139,809.0,0.7871460906597074,0.3440221712549732,0.7871460906597074,33.0,0.7573886051948994,0.3654194189785855,0.7573886051948994,-3.1,0.7851943970892641,0.34427929558919046,0.7851943970892641,4.28,0.776804451330139,0.35273762957165833,0.776804451330139,0.0,0.6213873637897542,0.38067976011851556,0.6213873637897542,20.0,0.7561211726710019,0.3652841819122918,0.7561211726710019,56.5,0.7696819380949113,0.35714852033639727,0.7696819380949113
38.0,0.776804451330139,0.35273762957165883,0.776804451330139,789.0,0.7871460906597074,0.3440221712549732,0.7871460906597074,43.0,0.7573886051948994,0.365419418978585,0.7573886051948994,1.6,0.7800235774244799,0.34865713811079446,0.7800235774244799,4.51,0.7839269645653666,0.348185245025908,0.7839269645653666,6.0,0.635091044276733,0.38156800625229575,0.635091044276733,20.8,0.7561211726710019,0.3652841819122918,0.7561211726710019,56.1,0.776804451330139,0.35273762957165883,0.776804451330139
41.6,0.7819752709949231,0.3484239508829175,0.7819752709949231,1564.0,0.7819752709949231,0.34842395088291644,0.7819752709949231,35.0,0.7573886051948994,0.3654194189785855,0.7573886051948994,-7.0,0.7851943970892641,0.3442792955891894,0.7851943970892641,11.04,0.7839269645653666,0.3481852450259085,0.7839269645653666,16.0,0.6485280721803207,0.3819952237476601,0.6485280721803207,29.4,0.7593402987653428,0.36528749880519307,0.7593402987653428,61.2,0.776804451330139,0.35273762957165883,0.776804451330139
37.6,0.776804451330139,0.35273762957165883,0.776804451330139,2564.0,0.7768044513301391,0.3527376295716589,0.7768044513301391,49.0,0.7573886051948994,0.3654194189785855,0.7573886051948994,3.1,0.7871460906597074,0.3440221712549732,0.7871460906597074,14.44,0.7839269645653666,0.348185245025908,0.7839269645653666,22.0,0.6485280721803207,0.3819952237476601,0.6485280721803207,31.4,0.7593402987653428,0.36528749880519307,0.7593402987653428,75.7,0.7716336316653546,0.3569632073211975,0.7716336316653546
58.8,0.7716336316653547,0.3569632073211981,0.7716336316653547,1992.0,0.7768044513301391,0.35273762957165733,0.7768044513301391,46.0,0.7573886051948994,0.3654194189785855,0.7573886051948994,-7.0,0.7819752709949231,0.3484239508829175,0.7819752709949231,17.35,0.7839269645653665,0.348185245025909,0.7839269645653665,31.0,0.6402618639415171,0.3792202552885741,0.6402618639415171,32.5,0.7593402987653428,0.36528749880519307,0.7593402987653428,68.6,0.776804451330139,0.35273762957165883,0.776804451330139
20.0,0.7716336316653547,0.3569632073211981,0.7716336316653547,1964.0,0.7768044513301391,0.35273762957165783,0.7768044513301391,41.0,0.7573886051948994,0.3654194189785855,0.7573886051948994,4.7,0.7819752709949233,0.34842395088291755,0.7819752709949233,5.66,0.7890977842301509,0.34375952829162687,0.7890977842301509,34.0,0.633680696689766,0.37651839346091376,0.633680696689766,31.0,0.7612919923357861,0.3651500600026695,0.7612919923357861,63.5,0.776804451330139,0.35273762957165883,0.776804451330139
18.0,0.7716336316653547,0.3569632073211975,0.7716336316653547,1647.0,0.7819752709949233,0.34842395088291755,0.7819752709949233,21.0,0.7522177855301152,0.36933281969784154,0.7522177855301152,0.0,0.776804451330139,0.35273762957165833,0.776804451330139,11.256157120272407,0.7890977842301506,0.34375952829162676,0.7890977842301506,23.0,0.633680696689766,0.37651839346091337,0.633680696689766,23.1,0.756121172671002,0.36911133493460163,0.756121172671002,65.5,0.776804451330139,0.35273762957165883,0.776804451330139
18.8,0.7716336316653547,0.3569632073211975,0.7716336316653547,960.0,0.7871460906597074,0.3440221712549732,0.7871460906597074,93.0,0.7573886051948994,0.3654194189785855,0.7573886051948994,3.9,0.7716336316653547,0.3569632073211975,0.7716336316653547,2.69,0.7871460906597072,0.34402217125497514,0.7871460906597072,33.67243525896414,0.6285098770249818,0.37880031904167466,0.6285098770249818,18.8,0.7561211726710019,0.3691113349346016,0.7561211726710019,68.6,0.776804451330139,0.35273762957165883,0.776804451330139
100.0,0.7716336316653547,0.3569632073211975,0.7716336316653547,1235.0,0.7819752709949233,0.3484239508829165,0.7819752709949233,87.0,0.7625594248596836,0.36141791732012696,0.7625594248596836,5.5,0.7716336316653547,0.3569632073211975,0.7716336316653547,20.38,0.7871460906597072,0.34402217125497514,0.7871460906597072,31.0,0.6285098770249818,0.37880031904167466,0.6285098770249818,37.3,0.7561211726710019,0.3691113349346016,0.7561211726710019,51.0,0.7819752709949231,0.3484239508829175,0.7819752709949231
99.2,0.776804451330139,0.35273762957165883,0.776804451330139,2132.0,0.7748527577596958,0.3529468796931964,0.7748527577596958,77.0,0.7625594248596836,0.36141791732012696,0.7625594248596836,0.8,0.7716336316653547,0.3569632073211975,0.7716336316653547,31.72,0.7819752709949231,0.3484239508829175,0.7819752709949231,48.0,0.6285098770249818,0.37880031904167466,0.6285098770249818,37.6,0.7561211726710019,0.3691113349346016,0.7561211726710019,63.9,0.7890977842301506,0.34375952829162787,0.7890977842301506
89.4,0.776804451330139,0.35273762957165883,0.776804451330139,2419.0,0.767730244524468,0.3573283147224659,0.767730244524468,62.0,0.7625594248596836,0.36141791732012696,0.7625594248596836,-7.0,0.7716336316653547,0.3569632073211975,0.7716336316653547,32.56,0.7748527577596954,0.3529468796931973,0.7748527577596954,53.0,0.6233390573601977,0.3809941436832324,0.6233390573601977,37.3,0.7561211726710019,0.3691113349346016,0.7561211726710019,67.1,0.794268603894935,0.33924571061814474,0.794268603894935
74.5,0.773585325235798,0.3528568267906565,0.773585325235798,2670.0,0.7729010641892522,0.3531506111856032,0.7729010641892522,53.0,0.7541694791005586,0.36540756222346304,0.7541694791005586,-1.6,0.7716336316653548,0.35696320732119763,0.7716336316653548,29.21,0.7696819380949113,0.35714852033639727,0.7696819380949113,59.0,0.61621654412497,0.3827615467145341,0.61621654412497,35.7,0.7561211726710019,0.3691113349346016,0.7561211726710019,68.2,0.7871460906597073,0.3440221712549752,0.7871460906597073
18.4,0.7748527577596954,0.3529468796931978,0.7748527577596954,2887.0,0.7729010641892522,0.35315061118560426,0.7729010641892522,25.0,0.7448370791265491,0.3690205975935694,0.7448370791265491,3.9,0.7768044513301391,0.3527376295716589,0.7768044513301391,8.46,0.7645111184301271,0.36126206004039624,0.7645111184301271,33.67243525896414,0.6142648505545266,0.3824177074143478,0.6142648505545266,27.1,0.7489986594357745,0.3730740735171798,0.7489986594357745,80.4,0.7800235774244797,0.34865713811079535,0.7800235774244797
18.8,0.7677302445244679,0.35732831472246634,0.7677302445244679,2828.0,0.7677302445244679,0.35732831472246684,0.7677302445244679,20.0,0.7347536329653194,0.3722200519734308,0.7347536329653194,0.0,0.7696819380949114,0.3571485203363973,0.7696819380949114,8.08,0.7593402987653428,0.36528749880519307,0.7593402987653428,50.0,0.6142648505545266,0.3824177074143478,0.6142648505545266,26.7,0.7489986594357745,0.3730740735171798,0.7489986594357745,64.3,0.7748527577596955,0.3529468796931968,0.7748527577596955
69.8,0.7677302445244679,0.35732831472246684,0.7677302445244679,1858.0,0.7677302445244679,0.35732831472246684,0.7677302445244679,49.0,0.7347536329653194,0.3722200519734308,0.7347536329653194,6.2,0.7696819380949114,0.3571485203363973,0.7696819380949114,19.45,0.7593402987653428,0.36528749880519307,0.7593402987653428,43.0,0.6142648505545266,0.3824177074143478,0.6142648505545266,33.3,0.7489986594357745,0.3730740735171798,0.7489986594357745,67.5,0.7696819380949113,0.35714852033639727,0.7696819380949113
19.2,0.7677302445244679,0.35732831472246684,0.7677302445244679,2062.0,0.7625594248596835,0.3614179173201269,0.7625594248596835,44.0,0.7347536329653195,0.3722200519734308,0.7347536329653195,5.5,0.7696819380949114,0.3571485203363973,0.7696819380949114,5.91,0.7593402987653428,0.36528749880519307,0.7593402987653428,38.0,0.6213873637897543,0.3806797601185157,0.6213873637897543,24.3,0.7489986594357745,0.3730740735171798,0.7489986594357745,72.2,0.7645111184301271,0.36126206004039624,0.7645111184301271
18.4,0.7729010641892521,0.3531506111856042,0.7729010641892521,1755.0,0.7677302445244679,0.35732831472246585,0.7677302445244679,28.0,0.7295828133005351,0.3758159101616031,0.7295828133005351,0.0,0.7768044513301391,0.3527376295716589,0.7768044513301391,4.5,0.7645111184301271,0.36126206004039624,0.7645111184301271,27.0,0.635091044276733,0.38156800625229614,0.635091044276733,22.0,0.7541694791005586,0.3692248366307884,0.7541694791005586,67.1,0.7645111184301272,0.36126206004039724,0.7645111184301272
80.0,0.7677302445244679,0.35732831472246634,0.7677302445244679,1393.0,0.7625594248596836,0.3614179173201259,0.7625594248596836,58.0,0.7295828133005351,0.3758159101616031,0.7295828133005351,-5.5,0.7819752709949231,0.3484239508829175,0.7819752709949231,16.7,0.7716336316653547,0.3569632073211981,0.7716336316653547,35.0,0.6433572525155365,0.38443030617333834,0.6433572525155365,32.5,0.7541694791005585,0.3692248366307874,0.7541694791005585,63.9,0.7593402987653427,0.365287498805193,0.7593402987653427
29.4,0.7677302445244679,0.35732831472246634,0.7677302445244679,1774.0,0.7625594248596836,0.36141791732012696,0.7625594248596836,59.0,0.7295828133005351,0.3758159101616031,0.7295828133005351,3.9,0.7819752709949231,0.3484239508829175,0.7819752709949231,11.21,0.7768044513301391,0.3527376295716589,0.7768044513301391,41.0,0.6381864328507523,0.3867772876598123,0.6381864328507523,29.8,0.7593402987653428,0.36528749880519307,0.7593402987653428,74.9,0.7645111184301269,0.36126206004039607,0.7645111184301269
71.0,0.767730244524468,0.3573283147224669,0.767730244524468,2052.0,0.7625594248596835,0.3614179173201269,0.7625594248596835,58.0,0.7347536329653194,0.3722200519734308,0.7347536329653194,-3.1,0.7890977842301509,0.34375952829162687,0.7890977842301509,21.56,0.7716336316653547,0.3569632073211981,0.7716336316653547,47.0,0.6330156131859681,0.3890361682070864,0.6330156131859681,33.7,0.7541694791005585,0.3692248366307874,0.7541694791005585,67.8,0.7645111184301269,0.36126206004039607,0.7645111184301269
68.6,0.7677302445244679,0.35732831472246684,0.7677302445244679,2384.0,0.7625594248596835,0.36141791732012585,0.7625594248596835,54.0,0.7295828133005351,0.3758159101616031,0.7295828133005351,-3.9,0.794268603894935,0.33924571061814474,0.794268603894935,24.43,0.7664628120005704,0.3611006841315348,0.7664628120005704,53.0,0.6247494049471647,0.38599920536213367,0.6247494049471647,34.5,0.7489986594357745,0.3730740735171808,0.7489986594357745,69.4,0.7696819380949113,0.35714852033639727,0.7696819380949113
52.9,0.7677302445244679,0.35732831472246684,0.7677302445244679,2622.0,0.7554369116244561,0.3655458205228453,0.7554369116244561,30.0,0.7295828133005351,0.3758159101616031,0.7295828133005351,2.3,0.7890977842301509,0.34375952829162687,0.7890977842301509,20.8,0.7612919923357861,0.3651500600026695,0.7612919923357861,54.0,0.61621654412497,0.3827615467145341,0.61621654412497,33.3,0.7438278397709902,0.3768352094643706,0.7438278397709902,71.8,0.7696819380949114,0.3571485203363973,0.7696819380949114
19.2,0.7729010641892521,0.3531506111856042,0.7729010641892521,2109.0,0.7483143983892284,0.3695322299445533,0.7483143983892284,18.0,0.7240456166301809,0.3749889523608052,0.7240456166301809,9.4,0.794268603894935,0.33924571061814474,0.794268603894935,5.61,0.7593402987653428,0.36528749880519307,0.7593402987653428,51.0,0.6227977113767212,0.38567387306553236,0.6227977113767212,23.9,0.7367053265357626,0.380544416220399,0.7367053265357626,63.8636053593179,0.7696819380949113,0.35714852033639727,0.7696819380949113
72.5,0.7780718838540365,0.34888480670953964,0.7780718838540365,1282.0,0.755436911624456,0.3655458205228453,0.755436911624456,55.0,0.7292164362949651,0.37145472972165916,0.7292164362949651,-5.5,0.7994394235597191,0.334643792005459,0.7994394235597191,12.78,0.7645111184301271,0.36126206004039624,0.7645111184301271,40.0,0.6310639196155248,0.3887289057544419,0.6310639196155248,31.0,0.7367053265357626,0.380544416220399,0.7367053265357626,63.8636053593179,0.7696819380949113,0.35714852033639727,0.7696819380949113
80.0,0.7780718838540365,0.34888480670954014,0.7780718838540365,1394.0,0.7625594248596836,0.36141791732012696,0.7625594248596836,65.0,0.7292164362949651,0.37145472972165916,0.7292164362949651,-0.8,0.8046102432245033,0.3299537724535712,0.8046102432245033,16.22,0.7696819380949114,0.3571485203363973,0.7696819380949114,46.0,0.6358237982878733,0.3909035808702565,0.6358237982878733,32.2,0.7418761462005469,0.3768953183187486,0.7418761462005469,63.1,0.776804451330139,0.35273762957165883,0.776804451330139
77.6,0.7851943970892641,0.34427929558919046,0.7851943970892641,1593.0,0.7696819380949114,0.3571485203363973,0.7696819380949114,48.0,0.7399244526301034,0.3685360928460572,0.7399244526301034,-4.7,0.8097810628892876,0.3251756519624815,0.8097810628892876,18.24,0.7696819380949114,0.3571485203363973,0.7696819380949114,53.0,0.6415399188956603,0.3932763792426403,0.6415399188956603,32.9,0.7418761462005469,0.3768953183187486,0.7418761462005469,65.5,0.7819752709949231,0.3484239508829175,0.7819752709949231
50.6,0.7871460906597074,0.3440221712549742,0.7871460906597074,1817.0,0.7716336316653547,0.3569632073211981,0.7716336316653547,40.0,0.7428853855561058,0.36910394966091903,0.7428853855561058,-7.8,0.8149518825540718,0.32030943053218974,0.8149518825540718,13.54,0.7696819380949114,0.3571485203363973,0.7696819380949114,58.0,0.6415399188956602,0.39327637924264025,0.6415399188956602,30.6,0.747046965865331,0.37315811947789507,0.747046965865331,70.2,0.7819752709949231,0.3484239508829175,0.7819752709949231
18.0,0.7871460906597074,0.3440221712549742,0.7871460906597074,1593.0,0.7716336316653547,0.3569632073211975,0.7716336316653547,20.0,0.7409336919856625,0.3691817830991384,0.7409336919856625,0.0,0.820122702218856,0.3153551081626964,0.820122702218856,4.17,0.7684145055710138,0.35704441312363566,0.7684145055710138,54.0,0.6467107385604446,0.39093683080433517,0.6467107385604446,22.0,0.7489986594357746,0.37307407351717886,0.7489986594357746,63.1,0.7871460906597073,0.3440221712549752,0.7871460906597073
56.1,0.7871460906597074,0.3440221712549742,0.7871460906597074,1453.0,0.7716336316653546,0.356963207321198,0.7716336316653546,49.0,0.7357628723208782,0.372873341909761,0.7357628723208782,3.9,0.820122702218856,0.3153551081626964,0.820122702218856,11.67,0.7684145055710138,0.35704441312363566,0.7684145055710138,54.0,0.6551006843195696,0.3890889014080922,0.6551006843195696,29.8,0.7438278397709903,0.37683520946436966,0.7438278397709903,67.5,0.7871460906597073,0.3440221712549752,0.7871460906597073
52.5,0.7871460906597074,0.3440221712549742,0.7871460906597074,1503.0,0.7716336316653547,0.3569632073211981,0.7716336316653547,20.0,0.7409336919856625,0.3691817830991374,0.7409336919856625,-5.5,0.8130001889836285,0.32069175902722813,0.8130001889836285,9.87,0.7684145055710138,0.35704441312363566,0.7684145055710138,53.0,0.6602715039843537,0.38653515967482427,0.6602715039843537,24.7,0.7438278397709903,0.37683520946436966,0.7438278397709903,68.2,0.781975270994923,0.34842395088291744,0.781975270994923
18.4,0.7923169103244917,0.33953229068782886,0.7923169103244917,1411.0,0.7664628120005704,0.3611006841315348,0.7664628120005704,49.0,0.7409336919856625,0.3691817830991369,0.7409336919856625,14.8,0.8130001889836285,0.32069175902722813,0.8130001889836285,3.9,0.773585325235798,0.3528568267906565,0.773585325235798,50.0,0.6602715039843537,0.3865351596748234,0.6602715039843537,20.8,0.7489986594357746,0.37307407351717986,0.7489986594357746,63.9,0.7819752709949231,0.3484239508829175,0.7819752709949231
65.5,0.7923169103244917,0.33953229068782886,0.7923169103244917,1393.0,0.7612919923357861,0.3651500600026695,0.7612919923357861,55.0,0.7357628723208782,0.3728733419097605,0.7357628723208782,1.6,0.8181710086484126,0.31576137376407265,0.8181710086484126,13.16,0.7787561449005823,0.3485811395184743,0.7787561449005823,53.0,0.6727705821285833,0.3860061385477884,0.6727705821285833,30.6,0.7541694791005585,0.3692248366307874,0.7541694791005585,65.9,0.7819752709949231,0.3484239508829175,0.7819752709949231
63.5,0.7923169103244917,0.33953229068782936,0.7923169103244917,1470.0,0.7664628120005704,0.3611006841315348,0.7664628120005704,54.0,0.7377145658913216,0.37281944557788094,0.7377145658913216,0.8,0.8130001889836285,0.32069175902722813,0.8130001889836285,13.69,0.7787561449005823,0.3485811395184743,0.7787561449005823,56.0,0.6848960403187263,0.38501651608831056,0.6848960403187263,31.0,0.7541694791005585,0.3692248366307884,0.7541694791005585,66.7,0.776804451330139,0.35273762957165883,0.776804451330139
47.1,0.7871460906597074,0.3440221712549742,0.7871460906597074,1565.0,0.7664628120005704,0.3611006841315348,0.7664628120005704,38.0,0.739666259461765,0.3727600306168688,0.739666259461765,3.9,0.8058776757484007,0.32588691611075055,0.8058776757484007,10.81,0.776804451330139,0.3488057868841294,0.776804451330139,58.0,0.6914353820766022,0.3866112923109307,0.6914353820766022,29.4,0.7522177855301152,0.36933281969784154,0.7522177855301152,70.2,0.7748527577596955,0.3529468796931968,0.7748527577596955
46.7,0.7800235774244798,0.34865713811079385,0.7800235774244798,1554.0,0.7664628120005704,0.3611006841315348,0.7664628120005704,47.0,0.7344954397969807,0.3764113627009661,0.7344954397969807,3.9,0.8007068560836166,0.33061716238916317,0.8007068560836166,10.99,0.7716336316653547,0.3530575370499728,0.7716336316653547,56.0,0.6862645624118179,0.3895663863029426,0.6862645624118179,29.4,0.747046965865331,0.37315811947789507,0.747046965865331,70.2,0.776804451330139,0.35273762957165883,0.776804451330139
48.2,0.7748527577596955,0.3529468796931968,0.7748527577596955,1534.0,0.7612919923357861,0.3651500600026695,0.7612919923357861,18.0,0.7344954397969807,0.3764113627009661,0.7344954397969807,3.1,0.8007068560836167,0.3306171623891632,0.8007068560836167,10.73,0.7645111184301271,0.357392440800462,0.7645111184301271,55.0,0.6933870756470455,0.38672225394767323,0.6933870756470455,29.4,0.7522177855301152,0.36933281969784154,0.7522177855301152,69.8,0.776804451330139,0.35273762957165883,0.776804451330139
17.6,0.7748527577596955,0.3529468796931968,0.7748527577596955,1438.0,0.7612919923357861,0.3651500600026695,0.7612919923357861,45.0,0.7344954397969807,0.3764113627009661,0.7344954397969807,0.0,0.7955360364188324,0.3352593077283743,0.7955360364188324,3.84,0.7645111184301271,0.35739244080046095,0.7645111184301271,48.0,0.6953387692174888,0.3868276969552822,0.6953387692174888,20.8,0.7522177855301152,0.36933281969784154,0.7522177855301152,61.2,0.7787561449005823,0.3525228608209886,0.7787561449005823
16.1,0.776804451330139,0.35273762957165883,0.776804451330139,823.0,0.7561211726710019,0.3691113349346016,0.7561211726710019,48.0,0.7344954397969807,0.3764113627009661,0.7344954397969807,3.9,0.7955360364188324,0.3352593077283743,0.7955360364188324,4.42,0.7573886051948996,0.3615858507699384,0.7573886051948996,40.0,0.6953387692174888,0.3868276969552822,0.6953387692174888,20.4,0.7470469658653313,0.3731581194778952,0.7470469658653313,67.8,0.7839269645653665,0.3481852450259095,0.7839269645653665
66.3,0.776804451330139,0.35273762957165883,0.776804451330139,1366.0,0.7541694791005585,0.3692248366307874,0.7541694791005585,65.0,0.739666259461765,0.3727600306168688,0.739666259461765,-3.1,0.7955360364188324,0.3352593077283743,0.7955360364188324,13.55,0.7645111184301271,0.35739244080046095,0.7645111184301271,45.0,0.6882162559822613,0.3897012850460231,0.6882162559822613,31.0,0.7489986594357746,0.37307407351717886,0.7489986594357746,65.5,0.7839269645653666,0.3481852450259096,0.7839269645653666
75.3,0.7696819380949113,0.35714852033639727,0.7696819380949113,1570.0,0.7522177855301152,0.36933281969784154,0.7522177855301152,61.0,0.7344954397969807,0.3764113627009661,0.7344954397969807,-8.6,0.8007068560836166,0.33061716238916317,0.8007068560836166,17.17,0.7593402987653429,0.36144405198156254,0.7593402987653429,52.0,0.6862645624118179,0.3895663863029426,0.6862645624118179,32.5,0.7418761462005469,0.3768953183187476,0.7418761462005469,65.9,0.7890977842301506,0.34375952829162787,0.7890977842301506
71.4,0.7645111184301271,0.36126206004039624,0.7645111184301271,1774.0,0.7470469658653313,0.3731581194778952,0.7470469658653313,51.0,0.7344954397969807,0.3764113627009661,0.7344954397969807,-3.1,0.8078293693188441,0.32553404335118263,0.8078293693188441,18.92,0.7541694791005585,0.36540756222346144,0.7541694791005585,57.0,0.6778746166526928,0.3919639410760264,0.6778746166526928,32.9,0.7470469658653313,0.3731581194778952,0.7470469658653313,67.1,0.7839269645653665,0.348185245025909,0.7839269645653665
60.8,0.7625594248596836,0.3614179173201259,0.7625594248596836,1912.0,0.7386570201062062,0.3767694873139475,0.7386570201062062,20.0,0.7293246201321966,0.3799745938458608,0.7293246201321966,-7.0,0.8078293693188441,0.32553404335118263,0.8078293693188441,17.2,0.7541694791005586,0.36540756222346255,0.7541694791005586,52.0,0.6791420491765903,0.3922690248772022,0.6791420491765903,32.2,0.741876146200547,0.3768953183187476,0.741876146200547,68.6,0.7819752709949231,0.3484239508829175,0.7819752709949231
17.3,0.7573886051948995,0.365419418978584,0.7573886051948995,1563.0,0.7438278397709902,0.37307027988965397,0.7438278397709902,54.0,0.7293246201321966,0.3799745938458608,0.7293246201321966,0.0,0.8026585496540599,0.3302882267359325,0.8026585496540599,3.99,0.7625594248596836,0.3614179173201259,0.7625594248596836,46.0,0.6852139243597019,0.39377697663308836,0.6852139243597019,21.6,0.741876146200547,0.3768953183187476,0.741876146200547,63.1,0.7839269645653665,0.348185245025909,0.7839269645653665
68.6,0.7502660919596718,0.36943528413576343,0.7502660919596718,1712.0,0.7489986594357743,0.3692829715261584,0.7489986594357743,56.0,0.7344954397969807,0.3764113627009661,0.7344954397969807,-6.2,0.8026585496540599,0.3302882267359325,0.8026585496540599,17.37,0.7677302445244679,0.35732831472246585,0.7677302445244679,55.0,0.6923364375949295,0.3909932468517045,0.6923364375949295,32.5,0.7438278397709903,0.37683520946436966,0.7438278397709903,67.5,0.7890977842301506,0.34375952829162787,0.7890977842301506
66.7,0.7450952722948878,0.3732366468094788,0.7450952722948878,1849.0,0.7489986594357743,0.3692829715261584,0.7489986594357743,57.0,0.7344954397969807,0.3764113627009661,0.7344954397969807,0.0,0.7955360364188324,0.3352593077283743,0.7955360364188324,18.85,0.7677302445244679,0.35732831472246585,0.7677302445244679,58.0,0.6923364375949296,0.3909932468517046,0.6923364375949296,32.9,0.7489986594357747,0.3730740735171794,0.7489986594357747,67.8,0.7890977842301506,0.34375952829162787,0.7890977842301506
57.6,0.7450952722948878,0.3732366468094788,0.7450952722948878,1933.0,0.756121172671002,0.36528418191229184,0.756121172671002,19.0,0.739666259461765,0.3727600306168688,0.739666259461765,-3.9,0.7884135231836048,0.3400888949398052,0.7884135231836048,16.21,0.7625594248596836,0.36141791732012696,0.7625594248596836,52.0,0.6975072572597137,0.3879713402275836,0.6975072572597137,31.8,0.7438278397709903,0.37683520946436966,0.7438278397709903,69.0,0.7819752709949231,0.3484239508829175,0.7819752709949231
80.0,0.7399244526301036,0.3769499085439921,0.7399244526301036,1756.0,0.7580728662414453,0.36515528297198946,0.7580728662414453,70.0,0.7448370791265492,0.36902059759357,0.7448370791265492,6.2,0.7800235774244798,0.34470900162194473,0.7800235774244798,20.09,0.7625594248596835,0.36141791732012635,0.7625594248596835,54.0,0.6975072572597137,0.3879713402275836,0.6975072572597137,33.7,0.7438278397709903,0.37683520946436966,0.7438278397709903,66.7,0.776804451330139,0.35273762957165883,0.776804451330139
80.8,0.7379727590596603,0.3769989801401067,0.7379727590596603,1820.0,0.752902046576661,0.36907856648736403,0.752902046576661,47.0,0.7448370791265492,0.3690205975935695,0.7448370791265492,3.1,0.7748527577596955,0.34902491562065285,0.7748527577596955,21.67,0.7625594248596836,0.36141791732012646,0.7625594248596836,56.0,0.6975072572597137,0.3879713402275836,0.6975072572597137,34.1,0.7489986594357747,0.3730740735171794,0.7489986594357747,66.3,0.776804451330139,0.35273762957165883,0.776804451330139
40.0,0.7379727590596602,0.3769989801401067,0.7379727590596602,1795.0,0.7529020465766612,0.36907856648736415,0.7529020465766612,35.0,0.7448370791265492,0.3690205975935695,0.7448370791265492,0.0,0.7748527577596955,0.34902491562065335,0.7748527577596955,8.74,0.7677302445244679,0.35732831472246585,0.7677302445244679,52.0,0.7082152735948524,0.3859130605858123,0.7082152735948524,25.1,0.7541694791005585,0.3692248366307874,0.7541694791005585,72.2,0.7716336316653546,0.356963207321198,0.7716336316653546
18.4,0.7379727590596603,0.3769989801401067,0.7379727590596603,1684.0,0.7477312269118771,0.3729137490635353,0.7477312269118771,46.0,0.7519595923617767,0.3650802558282486,0.7519595923617767,3.1,0.7664628120005704,0.35334168842169555,0.7664628120005704,4.38,0.7729010641892522,0.35315061118560426,0.7729010641892522,53.0,0.713127900091298,0.3867111970376251,0.713127900091298,22.0,0.7541694791005585,0.3692248366307864,0.7541694791005585,63.1,0.7716336316653546,0.356963207321198,0.7716336316653546
52.5,0.7450952722948878,0.3732366468094788,0.7450952722948878,1798.0,0.7477312269118771,0.3729137490635353,0.7477312269118771,45.0,0.7539112859322201,0.3649619293962975,0.7539112859322201,-0.8,0.7612919923357864,0.3574434091254386,0.7612919923357864,13.88,0.7780718838540365,0.34888480670954014,0.7780718838540365,56.0,0.7224603000653075,0.38388157190857447,0.7224603000653075,31.0,0.7541694791005585,0.3692248366307874,0.7541694791005585,70.2,0.7716336316653546,0.356963207321198,0.7716336316653546
18.4,0.7502660919596718,0.36943528413576343,0.7502660919596718,1872.0,0.7477312269118771,0.3729137490635353,0.7477312269118771,18.0,0.7632436859062296,0.36114389851741435,0.7632436859062296,6.2,0.756121172671002,0.361457028889981,0.756121172671002,5.47,0.7851943970892641,0.34427929558919046,0.7851943970892641,52.0,0.7276311197300916,0.38043037768169957,0.7276311197300916,26.3,0.7541694791005585,0.3692248366307874,0.7541694791005585,69.4,0.7716336316653546,0.356963207321198,0.7716336316653546
18.0,0.7554369116244561,0.3655458205228453,0.7554369116244561,1694.0,0.7477312269118771,0.3729137490635353,0.7477312269118771,45.0,0.7632436859062296,0.36114389851741435,0.7632436859062296,5.5,0.7645111184301271,0.357392440800462,0.7645111184301271,4.47,0.7851943970892641,0.34427929558919046,0.7851943970892641,50.0,0.7224603000653075,0.38388157190857447,0.7224603000653075,22.0,0.7593402987653428,0.36528749880519307,0.7593402987653428,63.1,0.7716336316653546,0.356963207321198,0.7716336316653546
51.0,0.755436911624456,0.3655458205228453,0.755436911624456,1644.0,0.7425604072470929,0.3766608307005044,0.7425604072470929,49.0,0.7684145055710138,0.35704441312363566,0.7684145055710138,-3.1,0.7696819380949113,0.3532527286801584,0.7696819380949113,12.6,0.7851943970892641,0.3442792955891899,0.7851943970892641,48.0,0.7224603000653075,0.38388157190857447,0.7224603000653075,30.2,0.7593402987653428,0.36528749880519307,0.7593402987653428,69.4,0.776804451330139,0.35273762957165883,0.776804451330139
13.7,0.7502660919596718,0.36943528413576343,0.7502660919596718,1605.0,0.7425604072470929,0.3766608307005053,0.7425604072470929,20.0,0.7684145055710138,0.35704441312363566,0.7684145055710138,0.0,0.7748527577596955,0.34902491562065335,0.7748527577596955,3.76,0.7800235774244798,0.34865713811079385,0.7800235774244798,35.0,0.7224603000653075,0.38388157190857447,0.7224603000653075,21.6,0.7541694791005585,0.3692248366307874,0.7541694791005585,74.9,0.776804451330139,0.35273762957165883,0.776804451330139
21.2,0.7554369116244561,0.3655458205228453,0.7554369116244561,1120.0,0.7406087136766494,0.37671791832179263,0.7406087136766494,53.0,0.7684145055710138,0.35704441312363566,0.7684145055710138,-5.5,0.7696819380949114,0.35325272868015845,0.7696819380949114,3.58,0.7748527577596955,0.3529468796931963,0.7748527577596955,36.0,0.7224603000653075,0.38388157190857447,0.7224603000653075,18.8,0.7470469658653313,0.3731581194778952,0.7470469658653313,57.3,0.7716336316653546,0.356963207321198,0.7716336316653546
58.0,0.7554369116244561,0.3655458205228453,0.7554369116244561,1257.0,0.738657020106206,0.37676948731394744,0.738657020106206,34.0,0.7684145055710138,0.35704441312363566,0.7684145055710138,3.1,0.7696819380949113,0.3532527286801584,0.7696819380949113,10.12,0.7696819380949114,0.3571485203363973,0.7696819380949114,40.0,0.7224603000653075,0.38388157190857347,0.7224603000653075,24.7,0.7399244526301036,0.37694990854399246,0.7399244526301036,64.7,0.7645111184301271,0.36126206004039624,0.7645111184301271
38.0,0.7554369116244561,0.3655458205228453,0.7554369116244561,1582.0,0.7334862004414219,0.3803805937990388,0.7334862004414219,31.0,0.7684145055710139,0.3570444131236357,0.7684145055710139,-2.3,0.7645111184301271,0.357392440800462,0.7645111184301271,8.99,0.7645111184301271,0.36126206004039624,0.7645111184301271,52.0,0.7224603000653075,0.38388157190857397,0.7224603000653075,27.5,0.7399244526301036,0.37694990854399246,0.7399244526301036,72.2,0.7625594248596836,0.36141791732012646,0.7625594248596836
40.8,0.7554369116244561,0.3655458205228453,0.7554369116244561,1910.0,0.7283153807766375,0.3839035993449276,0.7283153807766375,20.0,0.7632436859062296,0.3611438985174149,0.7632436859062296,0.8,0.7593402987653429,0.36144405198156254,0.7593402987653429,11.42,0.7593402987653428,0.36528749880519307,0.7593402987653428,58.0,0.713127900091298,0.3867111970376251,0.713127900091298,29.8,0.7347536329653194,0.38057506933930413,0.7347536329653194,72.2,0.7573886051948995,0.365419418978585,0.7573886051948995
19.2,0.755436911624456,0.3655458205228453,0.755436911624456,1861.0,0.72119286754141,0.38731274299562307,0.72119286754141,19.0,0.7539112859322201,0.3649619293962965,0.7539112859322201,0.0,0.7645111184301272,0.35739244080046206,0.7645111184301272,5.32,0.7645111184301271,0.36126206004039624,0.7645111184301271,47.0,0.7060053868560704,0.3898614875878235,0.7060053868560704,23.1,0.7295828133005351,0.38411212919541515,0.7295828133005351,63.1,0.7502660919596718,0.36943528413576343,0.7502660919596718
17.6,0.7554369116244561,0.3655458205228453,0.7554369116244561,1584.0,0.7192411739709667,0.387281463410501,0.7192411739709667,35.0,0.7487404662674358,0.36883733757147547,0.7487404662674358,4.7,0.7645111184301272,0.35739244080046206,0.7645111184301272,4.39,0.7625594248596839,0.361417917320127,0.7625594248596839,49.0,0.7082152735948523,0.39038163101613477,0.7082152735948523,22.0,0.7224603000653075,0.3875383483894215,0.7224603000653075,62.7,0.7450952722948878,0.3732366468094788,0.7450952722948878
42.4,0.7502660919596718,0.36943528413576343,0.7502660919596718,1637.0,0.7263636872061942,0.3839017754952741,0.7263636872061942,50.0,0.7416179530322085,0.372695097026725,0.7416179530322085,-1.6,0.7729010641892521,0.3531506111856042,0.7729010641892521,10.3,0.7554369116244561,0.3655458205228453,0.7554369116244561,50.0,0.7166052193539774,0.3874370174459278,0.7166052193539774,28.6,0.7192411739709667,0.3872814634105006,0.7192411739709667,71.8,0.7450952722948878,0.3732366468094788,0.7450952722948878
57.3,0.7470469658653309,0.36937689610185864,0.7470469658653309,1688.0,0.7192411739709667,0.387281463410501,0.7192411739709667,48.0,0.7396662594617651,0.3727600306168694,0.7396662594617651,-3.9,0.7748527577596955,0.3529468796931963,0.7748527577596955,14.29,0.7554369116244561,0.3655458205228453,0.7554369116244561,51.0,0.723727732589205,0.3840991654583304,0.723727732589205,31.0,0.72119286754141,0.38731274299562407,0.72119286754141,69.0,0.7450952722948878,0.3732366468094788,0.7450952722948878
18.0,0.747046965865331,0.3693768961018587,0.747046965865331,1692.0,0.72119286754141,0.38731274299562307,0.72119286754141,20.0,0.739666259461765,0.3727600306168693,0.739666259461765,0.0,0.7800235774244799,0.3486571381107939,0.7800235774244799,4.63,0.7554369116244561,0.3655458205228453,0.7554369116244561,34.0,0.7237277325892051,0.38409916545833095,0.7237277325892051,22.0,0.7211928675414099,0.38731274299562396,0.7211928675414099,76.5,0.7450952722948878,0.3732366468094788,0.7450952722948878
19.2,0.747046965865331,0.3693768961018587,0.747046965865331,956.0,0.7283153807766376,0.3839035993449277,0.7283153807766376,36.0,0.739666259461765,0.3727600306168693,0.739666259461765,3.1,0.7748527577596955,0.3529468796931963,0.7748527577596955,2.88,0.7470469658653309,0.36937689610185864,0.7470469658653309,9.0,0.723727732589205,0.3840991654583309,0.723727732589205,19.6,0.7192411739709664,0.38728146341050046,0.7192411739709664,63.1,0.7502660919596718,0.36943528413576343,0.7502660919596718
40.4,0.747046965865331,0.3693768961018587,0.747046965865331,792.0,0.7334862004414219,0.3803805937990388,0.7334862004414219,32.0,0.739666259461765,0.3727600306168693,0.739666259461765,2.3,0.7748527577596955,0.3529468796931968,0.7748527577596955,4.52,0.7438278397709901,0.3693053503149382,0.7438278397709901,0.0,0.7166052193539773,0.3874370174459272,0.7166052193539773,20.4,0.7192411739709667,0.387281463410501,0.7192411739709667,52.9,0.7573886051948995,0.365419418978585,0.7573886051948995
43.9,0.747046965865331,0.3693768961018587,0.747046965865331,920.0,0.7315345068709785,0.38040270705572354,0.7315345068709785,45.0,0.7448370791265492,0.3690205975935695,0.7448370791265492,2.3,0.7800235774244799,0.3486571381107939,0.7800235774244799,6.63,0.7438278397709901,0.3693053503149382,0.7438278397709901,6.0,0.7082152735948523,0.39038163101613527,0.7082152735948523,26.3,0.7192411739709664,0.38728146341050046,0.7192411739709664,54.1,0.7645111184301271,0.36126206004039624,0.7645111184301271
18.4,0.7522177855301152,0.3655254239055005,0.7522177855301152,2464.0,0.7347536329653194,0.38057506933930413,0.7347536329653194,47.0,0.7489986594357745,0.3692829715261585,0.7489986594357745,-1.6,0.7748527577596955,0.3529468796931963,0.7748527577596955,6.49,0.7489986594357743,0.3654918695351371,0.7489986594357743,23.0,0.7049961475005112,0.3900479772809723,0.7049961475005112,24.7,0.7192411739709664,0.38728146341050046,0.7192411739709664,64.7,0.7696819380949114,0.3571485203363973,0.7696819380949114
62.0,0.7522177855301153,0.3655254239055005,0.7522177855301153,2054.0,0.7418761462005469,0.3768953183187476,0.7418761462005469,50.0,0.7522177855301152,0.36933281969784154,0.7522177855301152,-6.2,0.7748527577596955,0.3529468796931963,0.7748527577596955,19.02,0.7573886051948995,0.3615858507699398,0.7573886051948995,32.0,0.6966062017413862,0.39276420015626545,0.6966062017413862,32.9,0.7192411739709667,0.387281463410501,0.7192411739709667,68.2,0.7748527577596954,0.35294687969319677,0.7748527577596954
59.2,0.7522177855301152,0.3655254239055005,0.7522177855301152,2787.0,0.7489986594357746,0.37307407351717936,0.7489986594357746,46.0,0.7593402987653427,0.365287498805193,0.7593402987653427,-2.3,0.7748527577596955,0.3529468796931968,0.7748527577596955,24.92,0.7522177855301152,0.3655254239055005,0.7522177855301152,39.0,0.6882162559822611,0.39530318150621996,0.6882162559822611,34.5,0.7140703543061823,0.3905803928653091,0.7140703543061823,71.0,0.776804451330139,0.35273762957165883,0.776804451330139
63.1,0.7522177855301152,0.3655254239055005,0.7522177855301152,2144.0,0.7489986594357746,0.37307407351717886,0.7489986594357746,50.0,0.7593402987653428,0.36528749880519307,0.7593402987653428,-4.7,0.7696819380949114,0.3571485203363973,0.7696819380949114,19.98,0.7522177855301152,0.3655254239055005,0.7522177855301152,47.0,0.6788838560082517,0.3973571918139849,0.6788838560082517,33.3,0.7140703543061823,0.3905803928653091,0.7140703543061823,68.6,0.7819752709949231,0.3484239508829175,0.7819752709949231
59.6,0.7522177855301153,0.3655254239055005,0.7522177855301153,2378.0,0.7489986594357746,0.37307407351717886,0.7489986594357746,51.0,0.7593402987653428,0.36528749880519307,0.7593402987653428,0.0,0.7696819380949114,0.3571485203363973,0.7696819380949114,21.59,0.7573886051948994,0.3615858507699393,0.7573886051948994,51.0,0.6688004098470218,0.3989148130600374,0.6688004098470218,33.7,0.7192411739709667,0.3872814634105006,0.7192411739709667,70.6,0.7871460906597073,0.3440221712549742,0.7871460906597073
74.1,0.7593402987653428,0.3614440519815625,0.7593402987653428,2586.0,0.7541694791005585,0.3692248366307874,0.7541694791005585,20.0,0.7593402987653429,0.3652874988051931,0.7593402987653429,1.6,0.7696819380949114,0.3571485203363973,0.7696819380949114,28.96,0.7645111184301271,0.357392440800462,0.7645111184301271,56.0,0.6580923935118832,0.3999750235427875,0.6580923935118832,35.7,0.7263636872061943,0.3839017754952741,0.7263636872061943,69.0,0.7923169103244917,0.33953229068782886,0.7923169103244917
46.7,0.7593402987653428,0.3614440519815635,0.7593402987653428,1866.0,0.7593402987653429,0.3652874988051931,0.7593402987653429,46.0,0.7593402987653428,0.36528749880519307,0.7593402987653428,0.0,0.7696819380949114,0.3571485203363973,0.7696819380949114,16.17,0.7716336316653547,0.3530575370499728,0.7716336316653547,58.0,0.6552396444231124,0.3988137603939965,0.6552396444231124,31.8,0.7347536329653194,0.3805750693393051,0.7347536329653194,74.1,0.7974877299892758,0.33495430918148145,0.7974877299892758
59.2,0.7593402987653428,0.3614440519815635,0.7593402987653428,1683.0,0.7541694791005585,0.3692248366307874,0.7541694791005585,66.0,0.7664628120005705,0.36110068413153434,0.7664628120005705,7.0,0.7696819380949115,0.3571485203363973,0.7696819380949115,16.07,0.7716336316653547,0.3530575370499728,0.7716336316653547,53.0,0.6565070769470099,0.3991716674828111,0.6565070769470099,32.5,0.7399244526301035,0.37694990854399296,0.7399244526301035,69.4,0.8026585496540599,0.3302882267359325,0.8026585496540599
60.4,0.7593402987653428,0.3614440519815635,0.7593402987653428,1860.0,0.7457795333414338,0.3729947737911605,0.7457795333414338,53.0,0.773585325235798,0.35677237567686615,0.773585325235798,-3.1,0.7696819380949114,0.3571485203363973,0.7696819380949114,17.03,0.7716336316653547,0.3530575370499728,0.7716336316653547,58.0,0.6648970227061352,0.39724982068269143,0.6648970227061352,32.2,0.7399244526301035,0.37694990854399396,0.7399244526301035,68.6,0.8026585496540599,0.3302882267359325,0.8026585496540599
81.2,0.7593402987653428,0.3614440519815635,0.7593402987653428,2123.0,0.7457795333414338,0.3729947737911605,0.7457795333414338,65.0,0.7787561449005823,0.3525228608209876,0.7787561449005823,-3.1,0.7748527577596955,0.3529468796931963,0.7748527577596955,25.65,0.7716336316653547,0.3530575370499728,0.7716336316653547,68.0,0.676139717554031,0.3962341623653271,0.676139717554031,35.3,0.7450952722948877,0.37323664680947977,0.7450952722948877,67.5,0.8026585496540599,0.3302882267359325,0.8026585496540599
79.6,0.7593402987653428,0.3614440519815635,0.7593402987653428,2285.0,0.7457795333414338,0.3729947737911605,0.7457795333414338,62.0,0.7839269645653665,0.3481852450259095,0.7839269645653665,-3.9,0.7819752709949233,0.34842395088291755,0.7819752709949233,27.13,0.776804451330139,0.3488057868841294,0.776804451330139,73.0,0.6816769142243854,0.397572295956656,0.6816769142243854,35.7,0.7450952722948877,0.37323664680947977,0.7450952722948877,68.2,0.8026585496540598,0.330288226735933,0.8026585496540598
71.4,0.7593402987653428,0.3614440519815625,0.7593402987653428,2461.0,0.7457795333414338,0.3729947737911605,0.7457795333414338,58.0,0.7890977842301506,0.34375952829162837,0.7890977842301506,2.3,0.776804451330139,0.35273762957165883,0.776804451330139,26.53,0.7787561449005823,0.3485811395184743,0.7787561449005823,77.0,0.6780914111244744,0.39641921263346286,0.6780914111244744,34.9,0.7470469658653313,0.3731581194778952,0.7470469658653313,69.8,0.8026585496540599,0.3302882267359325,0.8026585496540599
20.0,0.7593402987653428,0.3614440519815625,0.7593402987653428,2317.0,0.7438278397709903,0.37307027988965447,0.7438278397709903,20.0,0.7890977842301509,0.34375952829162737,0.7890977842301509,0.0,0.7716336316653547,0.3569632073211975,0.7716336316653547,6.84,0.7819752709949233,0.34842395088291755,0.7819752709949233,63.0,0.6832622307892586,0.39362138210042263,0.6832622307892586,25.5,0.747046965865331,0.37315811947789507,0.747046965865331,63.5,0.7974877299892756,0.3349543091814819,0.7974877299892756
40.0,0.767730244524468,0.3573283147224659,0.767730244524468,2114.0,0.7522177855301152,0.36933281969784154,0.7522177855301152,80.0,0.7890977842301509,0.34375952829162737,0.7890977842301509,6.2,0.7716336316653547,0.3569632073211975,0.7716336316653547,16.74,0.7819752709949233,0.34842395088291755,0.7819752709949233,67.0,0.6832622307892586,0.39362138210042263,0.6832622307892586,32.5,0.7399244526301035,0.37694990854399396,0.7399244526301035,72.9,0.7974877299892758,0.33495430918148145,0.7974877299892758
100.0,0.7729010641892522,0.35315061118560426,0.7729010641892522,2261.0,0.7593402987653428,0.36528749880519307,0.7593402987653428,81.0,0.7839269645653665,0.3481852450259095,0.7839269645653665,2.3,0.7664628120005704,0.3611006841315348,0.7664628120005704,35.29,0.7768044513301391,0.3527376295716589,0.7768044513301391,71.0,0.685213924359702,0.39377697663308925,0.685213924359702,38.4,0.7399244526301035,0.37694990854399396,0.7399244526301035,67.1,0.7974877299892758,0.33495430918148145,0.7974877299892758
91.0,0.7780718838540365,0.3488848067095386,0.7780718838540365,2383.0,0.7593402987653429,0.3652874988051931,0.7593402987653429,21.0,0.7839269645653665,0.348185245025909,0.7839269645653665,-3.9,0.7664628120005704,0.3611006841315348,0.7664628120005704,10.03,0.7768044513301391,0.3527376295716589,0.7768044513301391,61.0,0.6923364375949295,0.3909932468517045,0.6923364375949295,26.3,0.7450952722948877,0.37323664680947977,0.7450952722948877,65.5,0.7974877299892758,0.33495430918148145,0.7974877299892758
19.6,0.7832427035188206,0.34453090129427344,0.7832427035188206,2018.0,0.7664628120005705,0.36110068413153484,0.7664628120005705,66.0,0.7839269645653665,0.3481852450259084,0.7839269645653665,-0.8,0.7664628120005704,0.3611006841315348,0.7664628120005704,6.12,0.7768044513301391,0.3527376295716589,0.7768044513301391,68.0,0.699458950830157,0.3880680232893107,0.699458950830157,29.8,0.7470469658653313,0.3731581194778952,0.7470469658653313,63.1,0.7974877299892758,0.33495430918148145,0.7974877299892758
77.6,0.7903652167540484,0.3398133521283824,0.7903652167540484,2326.0,0.7664628120005704,0.3611006841315348,0.7664628120005704,20.0,0.7839269645653665,0.34818524502591003,0.7839269645653665,1.6,0.7664628120005704,0.3611006841315348,0.7664628120005704,27.08,0.776804451330139,0.35273762957165883,0.776804451330139,72.0,0.699458950830157,0.3880680232893107,0.699458950830157,35.3,0.7541694791005585,0.3692248366307864,0.7541694791005585,68.2,0.7974877299892758,0.33495430918148195,0.7974877299892758
19.2,0.7955360364188324,0.3352593077283743,0.7955360364188324,2226.0,0.773585325235798,0.35677237567686615,0.773585325235798,21.0,0.7787561449005823,0.3525228608209891,0.7787561449005823,0.0,0.7664628120005704,0.36110068413153423,0.7664628120005704,6.49,0.7716336316653546,0.3569632073211975,0.7716336316653546,33.67243525896414,0.699458950830157,0.3880680232893107,0.699458950830157,24.7,0.7541694791005585,0.3692248366307874,0.7541694791005585,63.5,0.8026585496540599,0.33028822673593305,0.8026585496540599
18.8,0.7974877299892758,0.33495430918148195,0.7974877299892758,1367.0,0.7684145055710138,0.36093378959354067,0.7684145055710138,20.0,0.7787561449005823,0.3525228608209886,0.7787561449005823,3.9,0.7612919923357861,0.3651500600026695,0.7612919923357861,3.87,0.7716336316653546,0.3569632073211975,0.7716336316653546,29.0,0.7014106444006005,0.38815918772190505,0.7014106444006005,20.8,0.7522177855301152,0.36933281969784154,0.7522177855301152,60.4,0.7974877299892758,0.33495430918148195,0.7974877299892758
18.4,0.8026585496540599,0.33028822673593305,0.8026585496540599,938.0,0.7684145055710138,0.36093378959354067,0.7684145055710138,28.0,0.7787561449005823,0.3525228608209886,0.7787561449005823,13.3,0.7612919923357861,0.3651500600026695,0.7612919923357861,2.11,0.7716336316653547,0.3569632073211981,0.7716336316653547,22.0,0.6930206986414753,0.3908364023137931,0.6930206986414753,18.0,0.7522177855301152,0.36933281969784154,0.7522177855301152,67.8,0.7974877299892758,0.33495430918148195,0.7974877299892758
41.6,0.8026585496540599,0.33028822673593305,0.8026585496540599,779.0,0.761291992335786,0.36515006000266936,0.761291992335786,36.0,0.7787561449005823,0.3525228608209886,0.7787561449005823,0.0,0.7612919923357861,0.3651500600026695,0.7612919923357861,3.77,0.7716336316653547,0.3569632073211981,0.7716336316653547,10.0,0.691069005071032,0.3907127609126388,0.691069005071032,20.0,0.7573886051948995,0.365419418978585,0.7573886051948995,58.4,0.7974877299892758,0.33495430918148195,0.7974877299892758
47.1,0.7994394235597191,0.33059738103772607,0.7994394235597191,696.0,0.7580728662414453,0.36515528297199046,0.7580728662414453,20.0,0.7787561449005823,0.3525228608209886,0.7787561449005823,3.9,0.7664628120005705,0.36110068413153484,0.7664628120005705,6.92,0.7645111184301272,0.36126206004039624,0.7645111184301272,8.0,0.6878498789766913,0.39029849705249103,0.6878498789766913,27.5,0.7573886051948995,0.365419418978585,0.7573886051948995,55.3,0.799439423559719,0.33464379200545896,0.799439423559719
14.9,0.7942686038949348,0.33522547206671643,0.7942686038949348,900.0,0.7580728662414452,0.3651552829719904,0.7580728662414452,50.0,0.7716336316653546,0.3569632073211975,0.7716336316653546,0.0,0.7716336316653547,0.3569632073211981,0.7716336316653547,4.26,0.7593402987653428,0.36528749880519307,0.7593402987653428,13.0,0.6930206986414754,0.3873286361551494,0.6930206986414754,22.0,0.7573886051948995,0.365419418978585,0.7573886051948995,62.4,0.8046102432245033,0.32995377245357016,0.8046102432245033
56.5,0.7942686038949348,0.33522547206671643,0.7942686038949348,1557.0,0.7580728662414453,0.36515528297199096,0.7580728662414453,60.0,0.7664628120005704,0.36110068413153423,0.7664628120005704,-3.1,0.7716336316653547,0.3569632073211981,0.7716336316653547,13.0,0.7541694791005586,0.3692248366307884,0.7541694791005586,22.0,0.6930206986414754,0.38732863615515034,0.6930206986414754,29.8,0.7573886051948995,0.365419418978584,0.7573886051948995,74.1,0.7994394235597191,0.334643792005459,0.7994394235597191
72.5,0.7994394235597191,0.33059738103772607,0.7994394235597191,2053.0,0.7580728662414453,0.36515528297199046,0.7580728662414453,63.0,0.7645111184301271,0.36126206004039624,0.7645111184301271,1.6,0.7716336316653547,0.3569632073211975,0.7716336316653547,11.256157120272407,0.7541694791005585,0.3692248366307874,0.7541694791005585,28.0,0.6962398247358162,0.3877049085987387,0.6962398247358162,34.1,0.7502660919596718,0.36943528413576343,0.7502660919596718,67.8,0.799439423559719,0.33464379200545896,0.799439423559719
80.8,0.7994394235597191,0.33059738103772607,0.7994394235597191,1458.0,0.761291992335786,0.3651500600026699,0.761291992335786,67.0,0.7645111184301271,0.36126206004039624,0.7645111184301271,-10.9,0.7716336316653547,0.3569632073211975,0.7716336316653547,17.63,0.7541694791005585,0.3692248366307874,0.7541694791005585,36.0,0.6933870756470454,0.3867222539476732,0.6933870756470454,32.9,0.7502660919596718,0.36943528413576293,0.7502660919596718,63.5,0.8046102432245033,0.32995377245357016,0.8046102432245033
82.7,0.8046102432245033,0.32588118906953367,0.8046102432245033,1915.0,0.7664628120005704,0.3611006841315348,0.7664628120005704,65.0,0.7593402987653428,0.36528749880519307,0.7593402987653428,-7.8,0.7664628120005704,0.36110068413153423,0.7664628120005704,23.5,0.7561211726710019,0.3691113349346016,0.7561211726710019,45.0,0.6887994274596129,0.38526316129005067,0.6887994274596129,34.5,0.7431435787244443,0.3733096555119322,0.7431435787244443,66.3,0.8046102432245033,0.32995377245357016,0.8046102432245033
79.6,0.8130001889836284,0.3206917590272281,0.8130001889836284,2292.0,0.7716336316653546,0.3569632073211975,0.7716336316653546,58.0,0.7645111184301271,0.36126206004039624,0.7645111184301271,-0.8,0.7716336316653546,0.3569632073211975,0.7716336316653546,27.21,0.7509503530062179,0.37298450892733287,0.7509503530062179,48.0,0.681844788934254,0.3834758578047809,0.681844788934254,35.7,0.7347536329653193,0.3768560694108639,0.7347536329653193,68.2,0.7994394235597191,0.334643792005459,0.7994394235597191
82.4,0.8130001889836284,0.3206917590272281,0.8130001889836284,1678.0,0.776804451330139,0.35273762957165833,0.776804451330139,67.0,0.7645111184301272,0.36126206004039624,0.7645111184301272,2.3,0.7716336316653546,0.356963207321198,0.7716336316653546,20.32,0.7509503530062179,0.37298450892733287,0.7509503530062179,53.0,0.6745165304548087,0.38147471218539386,0.6745165304548087,33.7,0.7328019393948758,0.3768910825156241,0.7328019393948758,65.9,0.799439423559719,0.33464379200545896,0.799439423559719
81.6,0.8130001889836284,0.3206917590272281,0.8130001889836284,2143.0,0.776804451330139,0.35273762957165833,0.776804451330139,43.0,0.7696819380949113,0.35714852033639727,0.7696819380949113,-3.1,0.776804451330139,0.35273762957165883,0.776804451330139,26.39,0.756121172671002,0.36911133493460163,0.756121172671002,70.0,0.6616778966117941,0.38196343262810645,0.6616778966117941,35.3,0.7328019393948758,0.3768910825156241,0.7328019393948758,67.5,0.8046102432245033,0.3299537724535712,0.8046102432245033
41.2,0.8130001889836284,0.3206917590272281,0.8130001889836284,1506.438032627222,0.776804451330139,0.35273762957165883,0.776804451330139,42.0,0.7696819380949113,0.35714852033639727,0.7696819380949113,6.2,0.7839269645653665,0.348185245025909,0.7839269645653665,14.74,0.7612919923357864,0.36515006000266953,0.7612919923357864,73.0,0.6485280721803206,0.38199522374766004,0.6485280721803206,31.0,0.7399244526301035,0.3732047361992466,0.7399244526301035,73.3,0.8046102432245033,0.3299537724535712,0.8046102432245033
18.4,0.8130001889836284,0.3206917590272281,0.8130001889836284,2219.0,0.776804451330139,0.35273762957165883,0.776804451330139,20.0,0.7696819380949114,0.3571485203363973,0.7696819380949114,0.0,0.7839269645653665,0.348185245025909,0.7839269645653665,6.1,0.7612919923357861,0.3651500600026695,0.7612919923357861,62.0,0.6414055589450931,0.38417091793337044,0.6414055589450931,24.3,0.7470469658653309,0.36937689610185864,0.7470469658653309,76.9,0.7994394235597191,0.334643792005459,0.7994394235597191
71.0,0.8130001889836284,0.3206917590272281,0.8130001889836284,1855.0,0.776804451330139,0.35273762957165883,0.776804451330139,47.0,0.776804451330139,0.35273762957165883,0.776804451330139,7.0,0.7839269645653665,0.348185245025909,0.7839269645653665,19.89,0.7593402987653428,0.36528749880519307,0.7593402987653428,58.0,0.6465763786098773,0.3817597726140318,0.6465763786098773,33.7,0.7450952722948876,0.36946530204842776,0.7450952722948876,67.5,0.799439423559719,0.33464379200545896,0.799439423559719
18.4,0.8078293693188443,0.3255340433511827,0.8078293693188443,1907.0,0.776804451330139,0.35273762957165883,0.776804451330139,18.0,0.7716336316653546,0.3569632073211975,0.7716336316653546,0.0,0.7839269645653665,0.348185245025909,0.7839269645653665,5.11,0.7593402987653428,0.36528749880519307,0.7593402987653428,51.0,0.6381864328507522,0.3835470684521513,0.6381864328507522,23.1,0.747046965865331,0.3693768961018587,0.747046965865331,63.5,0.799439423559719,0.33464379200545896,0.799439423559719
81.6,0.8026585496540599,0.33028822673593305,0.8026585496540599,1754.0,0.781975270994923,0.34842395088291744,0.781975270994923,28.0,0.7716336316653546,0.3569632073211975,0.7716336316653546,7.0,0.7839269645653665,0.348185245025909,0.7839269645653665,21.43,0.7593402987653428,0.36528749880519307,0.7593402987653428,57.0,0.6381864328507522,0.3835470684521505,0.6381864328507522,33.7,0.7470469658653309,0.36937689610185864,0.7470469658653309,66.3,0.7994394235597191,0.334643792005459,0.7994394235597191
18.4,0.8046102432245033,0.3299537724535712,0.8046102432245033,1720.0,0.781975270994923,0.34842395088291744,0.781975270994923,19.0,0.776804451330139,0.35273762957165883,0.776804451330139,3.1,0.7839269645653665,0.348185245025909,0.7839269645653665,4.52,0.7593402987653428,0.36528749880519307,0.7593402987653428,25.0,0.6381864328507522,0.3835470684521505,0.6381864328507522,21.6,0.7470469658653309,0.36937689610185864,0.7470469658653309,63.5,0.8046102432245033,0.32995377245357016,0.8046102432245033
51.0,0.8097810628892876,0.3251756519624815,0.8097810628892876,799.0,0.7768044513301388,0.3527376295716588,0.7768044513301388,88.0,0.7819752709949231,0.3484239508829175,0.7819752709949231,4.7,0.7839269645653665,0.348185245025909,0.7839269645653665,3.91,0.7522177855301153,0.3693328196978416,0.7522177855301153,23.0,0.6381864328507522,0.3835470684521513,0.6381864328507522,20.4,0.7418761462005469,0.37314026735901584,0.7418761462005469,60.4,0.8046102432245033,0.3299537724535712,0.8046102432245033
100.0,0.8097810628892876,0.3251756519624815,0.8097810628892876,1282.0,0.7768044513301388,0.3527376295716588,0.7768044513301388,81.0,0.7819752709949231,0.3484239508829175,0.7819752709949231,0.0,0.7839269645653665,0.348185245025909,0.7839269645653665,21.5,0.7573886051948995,0.365419418978585,0.7573886051948995,38.0,0.6433572525155362,0.3811739145493701,0.6433572525155362,37.3,0.7489986594357743,0.3692829715261589,0.7489986594357743,52.2,0.8046102432245033,0.3299537724535712,0.8046102432245033
91.8,0.8046102432245033,0.3299537724535712,0.8046102432245033,1650.0,0.7696819380949113,0.35714852033639727,0.7696819380949113,74.0,0.7871460906597073,0.3440221712549742,0.7871460906597073,-6.2,0.7890977842301506,0.34375952829162787,0.7890977842301506,22.46,0.7645111184301271,0.36126206004039724,0.7645111184301271,33.67243525896414,0.6433572525155362,0.3811739145493701,0.6433572525155362,34.9,0.7489986594357745,0.369282971526159,0.7489986594357745,63.1,0.7994394235597191,0.334643792005459,0.7994394235597191
78.0,0.8046102432245033,0.3299537724535712,0.8046102432245033,2109.0,0.7696819380949113,0.35714852033639727,0.7696819380949113,38.0,0.7819752709949231,0.3484239508829175,0.7819752709949231,-3.9,0.7890977842301506,0.34375952829162787,0.7890977842301506,22.2,0.7645111184301271,0.36126206004039624,0.7645111184301271,68.0,0.6433572525155362,0.3811739145493701,0.6433572525155362,32.9,0.7489986594357745,0.369282971526159,0.7489986594357745,67.5,0.7923169103244917,0.33953229068782886,0.7923169103244917
49.0,0.7994394235597191,0.334643792005459,0.7994394235597191,2299.0,0.7645111184301271,0.36126206004039624,0.7645111184301271,39.0,0.7819752709949231,0.3484239508829175,0.7819752709949231,-1.6,0.7890977842301506,0.34375952829162787,0.7890977842301506,17.05,0.7645111184301271,0.36126206004039724,0.7645111184301271,70.0,0.6433572525155363,0.3811739145493706,0.6433572525155363,32.2,0.7489986594357743,0.3692829715261589,0.7489986594357743,72.2,0.7923169103244917,0.33953229068782886,0.7923169103244917
19.2,0.7994394235597191,0.334643792005459,0.7994394235597191,2212.0,0.7573886051948995,0.3654194189785845,0.7573886051948995,19.0,0.7819752709949231,0.3484239508829175,0.7819752709949231,0.0,0.7839269645653665,0.348185245025909,0.7839269645653665,6.29,0.7593402987653428,0.36528749880519307,0.7593402987653428,57.0,0.6517471982746614,0.37926052635549035,0.6517471982746614,24.7,0.7489986594357743,0.3692829715261589,0.7489986594357743,63.5,0.7871460906597074,0.3440221712549742,0.7871460906597074
18.8,0.794268603894935,0.33924571061814474,0.794268603894935,1271.0,0.7573886051948995,0.3654194189785845,0.7573886051948995,32.0,0.7819752709949231,0.3484239508829175,0.7819752709949231,11.7,0.7839269645653665,0.34818524502591003,0.7839269645653665,3.44,0.7645111184301271,0.36126206004039624,0.7645111184301271,20.0,0.6588697115098889,0.3768607560787002,0.6588697115098889,20.0,0.7489986594357743,0.3692829715261589,0.7489986594357743,61.2,0.7890977842301509,0.34375952829162687,0.7890977842301509
41.6,0.7890977842301509,0.34375952829162737,0.7890977842301509,797.0,0.7593402987653429,0.3652874988051931,0.7593402987653429,36.0,0.7890977842301509,0.34375952829162687,0.7890977842301509,3.9,0.7839269645653665,0.348185245025909,0.7839269645653665,4.55,0.7664628120005705,0.36110068413153484,0.7664628120005705,4.0,0.6576022789859917,0.37655001886342154,0.6576022789859917,20.8,0.7489986594357743,0.3692829715261589,0.7489986594357743,54.9,0.7890977842301506,0.34375952829162676,0.7890977842301506
43.5,0.7890977842301509,0.34375952829162737,0.7890977842301509,1503.0,0.7593402987653429,0.3652874988051931,0.7593402987653429,40.0,0.7890977842301509,0.34375952829162687,0.7890977842301509,0.0,0.7890977842301506,0.34375952829162837,0.7890977842301506,8.58,0.7684145055710138,0.3609337895935417,0.7684145055710138,16.0,0.650479765750764,0.3789327135969004,0.650479765750764,25.9,0.7509503530062178,0.36918352832132767,0.7509503530062178,61.2,0.7819752709949231,0.3484239508829175,0.7819752709949231
48.6,0.7839269645653666,0.348185245025908,0.7839269645653666,1825.0,0.7664628120005704,0.3611006841315348,0.7664628120005704,47.0,0.7839269645653665,0.348185245025909,0.7839269645653665,-1.6,0.7890977842301506,0.34375952829162837,0.7890977842301506,13.02,0.7684145055710138,0.36093378959354067,0.7684145055710138,25.0,0.6453089460859799,0.3814179055452207,0.6453089460859799,30.6,0.7509503530062177,0.3691835283213276,0.7509503530062177,63.8636053593179,0.7748527577596955,0.3529468796931963,0.7748527577596955
54.1,0.7787561449005823,0.3525228608209876,0.7787561449005823,2323.0,0.7664628120005704,0.3611006841315348,0.7664628120005704,33.0,0.7890977842301509,0.34375952829162687,0.7890977842301509,-3.9,0.7839269645653665,0.3481852450259095,0.7839269645653665,18.66,0.773585325235798,0.35677237567686615,0.773585325235798,33.0,0.6532879508526692,0.3840207179726529,0.6532879508526692,32.5,0.7509503530062177,0.3691835283213276,0.7509503530062177,71.0,0.7696819380949114,0.3571485203363973,0.7696819380949114
60.8,0.7716336316653547,0.3569632073211975,0.7716336316653547,1688.0,0.7684145055710138,0.36093378959354067,0.7684145055710138,55.0,0.7890977842301509,0.34375952829162687,0.7890977842301509,-3.1,0.7787561449005823,0.3525228608209886,0.7787561449005823,14.97,0.7684145055710138,0.3609337895935417,0.7684145055710138,40.0,0.6472606396564232,0.3816563779119403,0.6472606396564232,31.4,0.7509503530062177,0.3691835283213276,0.7509503530062177,68.6,0.7645111184301272,0.36126206004039624,0.7645111184301272
19.2,0.776804451330139,0.35273762957165883,0.776804451330139,1740.0,0.7684145055710138,0.36093378959354067,0.7684145055710138,49.0,0.794268603894935,0.33924571061814474,0.794268603894935,3.9,0.7839269645653665,0.348185245025909,0.7839269645653665,4.91,0.7684145055710138,0.3609337895935417,0.7684145055710138,44.0,0.6338236117528355,0.38120575424499853,0.6338236117528355,27.8,0.756121172671002,0.36528418191229184,0.756121172671002,60.8,0.7645111184301272,0.36126206004039624,0.7645111184301272
59.2,0.776804451330139,0.35273762957165883,0.776804451330139,1495.0,0.7684145055710138,0.36093378959354067,0.7684145055710138,50.0,0.7994394235597191,0.334643792005459,0.7994394235597191,2.3,0.7839269645653665,0.348185245025909,0.7839269645653665,13.04,0.7735853252357979,0.35677237567686615,0.7735853252357979,48.0,0.625290750930641,0.37813806168472536,0.625290750930641,30.6,0.7612919923357864,0.3612967345640541,0.7612919923357864,67.8,0.7716336316653547,0.3569632073211981,0.7716336316653547
57.3,0.7768044513301391,0.3527376295716589,0.7768044513301391,1621.0,0.773585325235798,0.35677237567686615,0.773585325235798,20.0,0.7994394235597191,0.334643792005459,0.7994394235597191,0.8,0.7787561449005823,0.3525228608209886,0.7787561449005823,13.98,0.773585325235798,0.35677237567686615,0.773585325235798,49.0,0.6113382220570439,0.3769431170976882,0.6113382220570439,31.0,0.7612919923357864,0.3612967345640541,0.7612919923357864,69.0,0.7645111184301272,0.36126206004039624,0.7645111184301272
20.8,0.7768044513301391,0.3527376295716589,0.7768044513301391,1001.0,0.7684145055710138,0.36093378959354067,0.7684145055710138,31.0,0.794268603894935,0.33924571061814474,0.794268603894935,0.0,0.7787561449005823,0.3525228608209891,0.7787561449005823,3.14,0.7735853252357979,0.35677237567686615,0.7735853252357979,33.67243525896414,0.6113382220570439,0.3769431170976882,0.6113382220570439,18.0,0.7612919923357864,0.3612967345640541,0.7612919923357864,63.5,0.7593402987653428,0.36528749880519307,0.7593402987653428
38.4,0.7768044513301391,0.3527376295716589,0.7768044513301391,779.0,0.7632436859062294,0.36500710257101465,0.7632436859062294,35.0,0.7890977842301509,0.34375952829162687,0.7890977842301509,-7.0,0.7716336316653546,0.3569632073211975,0.7716336316653546,4.26,0.7787561449005823,0.3525228608209886,0.7787561449005823,0.0,0.6113382220570439,0.3769431170976882,0.6113382220570439,20.4,0.7612919923357864,0.3612967345640541,0.7612919923357864,52.5,0.7522177855301153,0.3693328196978416,0.7522177855301153
41.2,0.7768044513301391,0.3527376295716589,0.7768044513301391,807.0,0.761291992335786,0.36515006000266936,0.761291992335786,38.0,0.7890977842301509,0.34375952829162687,0.7890977842301509,-2.3,0.7696819380949113,0.35714852033639777,0.7696819380949113,4.82,0.7787561449005823,0.3525228608209886,0.7787561449005823,3.0,0.619728167816169,0.3755702238487611,0.619728167816169,21.2,0.7664628120005704,0.35722118627661414,0.7664628120005704,53.7,0.750266091959672,0.3694352841357636,0.750266091959672
45.9,0.7768044513301391,0.3527376295716589,0.7768044513301391,1819.0,0.7632436859062296,0.3650071025710152,0.7632436859062296,21.0,0.7890977842301509,0.34375952829162687,0.7890977842301509,-3.9,0.7645111184301271,0.36126206004039624,0.7645111184301271,10.72,0.7839269645653665,0.348185245025909,0.7839269645653665,17.0,0.6268506810513965,0.37366022187654846,0.6268506810513965,29.0,0.7716336316653547,0.3530575370499728,0.7716336316653547,61.6,0.7573886051948996,0.3654194189785841,0.7573886051948996
46.3,0.7684145055710139,0.3570444131236357,0.7684145055710139,1703.0,0.7632436859062296,0.3650071025710152,0.7632436859062296,37.0,0.794268603894935,0.33924571061814474,0.794268603894935,3.1,0.7645111184301271,0.36126206004039624,0.7645111184301271,11.38,0.7839269645653666,0.3481852450259096,0.7839269645653666,27.0,0.6320215007161807,0.37135827980250563,0.6320215007161807,29.4,0.7716336316653547,0.3530575370499728,0.7716336316653547,71.4,0.7645111184301271,0.36126206004039624,0.7645111184301271
42.4,0.7684145055710139,0.3570444131236357,0.7684145055710139,2343.0,0.7632436859062296,0.3650071025710152,0.7632436859062296,21.0,0.794268603894935,0.33924571061814474,0.794268603894935,-5.5,0.7716336316653547,0.3569632073211975,0.7716336316653547,15.68,0.7819752709949231,0.3484239508829175,0.7819752709949231,31.0,0.6230065171258578,0.36814959702109185,0.6230065171258578,31.8,0.7716336316653547,0.3530575370499728,0.7716336316653547,73.7,0.7645111184301271,0.36126206004039624,0.7645111184301271
62.4,0.7684145055710139,0.3570444131236357,0.7684145055710139,1537.0,0.7684145055710138,0.36093378959354067,0.7684145055710138,67.0,0.7890977842301509,0.34375952829162687,0.7890977842301509,-6.2,0.7787561449005822,0.35252286082098755,0.7787561449005822,14.54,0.7800235774244798,0.3486571381107944,0.7800235774244798,37.0,0.6230065171258578,0.36814959702109185,0.6230065171258578,31.4,0.7748527577596955,0.3529468796931968,0.7748527577596955,69.0,0.7625594248596836,0.36141791732012696,0.7625594248596836
81.6,0.7632436859062297,0.3611438985174144,0.7632436859062297,1902.0,0.7684145055710138,0.36093378959354067,0.7684145055710138,78.0,0.7890977842301509,0.34375952829162737,0.7890977842301509,3.9,0.7839269645653665,0.3481852450259084,0.7839269645653665,23.42,0.7800235774244798,0.3486571381107944,0.7800235774244798,40.0,0.6230065171258578,0.36814959702109185,0.6230065171258578,34.5,0.7729010641892522,0.35315061118560426,0.7729010641892522,66.7,0.7677302445244679,0.35732831472246585,0.7677302445244679
94.9,0.7612919923357861,0.361296734564054,0.7612919923357861,1669.0,0.7684145055710138,0.36093378959354067,0.7684145055710138,77.0,0.794268603894935,0.33924571061814474,0.794268603894935,2.3,0.7890977842301509,0.34375952829162687,0.7890977842301509,23.98,0.7748527577596958,0.35294687969319694,0.7748527577596958,55.0,0.6230065171258578,0.36814959702109185,0.6230065171258578,35.7,0.7645111184301272,0.35739244080046206,0.7645111184301272,62.0,0.7606077312892403,0.36156825597072506,0.7606077312892403
82.7,0.7612919923357861,0.361296734564054,0.7612919923357861,2129.0,0.7684145055710138,0.36093378959354067,0.7684145055710138,63.0,0.794268603894935,0.33924571061814474,0.794268603894935,0.0,0.794268603894935,0.33924571061814474,0.794268603894935,25.0,0.7677302445244679,0.35732831472246684,0.7677302445244679,64.0,0.6230065171258578,0.36814959702109185,0.6230065171258578,34.9,0.7593402987653429,0.36144405198156254,0.7593402987653429,67.5,0.7534852180540127,0.3656667034379744,0.7534852180540127
42.0,0.756121172671002,0.36528418191229184,0.756121172671002,764.0,0.7684145055710138,0.36093378959354067,0.7684145055710138,79.0,0.7890977842301509,0.34375952829162687,0.7890977842301509,3.9,0.794268603894935,0.33924571061814474,0.794268603894935,4.58,0.7677302445244679,0.35732831472246684,0.7677302445244679,21.0,0.6320215007161807,0.3713582798025052,0.6320215007161807,23.5,0.7593402987653429,0.36144405198156254,0.7593402987653429,67.1,0.7534852180540127,0.3656667034379744,0.7534852180540127
79.2,0.756121172671002,0.36528418191229184,0.756121172671002,2114.0,0.7632436859062296,0.3650071025710152,0.7632436859062296,46.0,0.7819752709949231,0.3484239508829175,0.7819752709949231,-5.5,0.7994394235597191,0.334643792005459,0.7994394235597191,25.0,0.767730244524468,0.3573283147224659,0.767730244524468,50.0,0.6371923203809648,0.3689682367892595,0.6371923203809648,35.3,0.7645111184301271,0.357392440800462,0.7645111184301271,67.5,0.7534852180540127,0.3656667034379744,0.7534852180540127
18.8,0.7509503530062178,0.36918352832132767,0.7509503530062178,2485.0,0.7632436859062296,0.3650071025710152,0.7632436859062296,45.0,0.776804451330139,0.35273762957165883,0.776804451330139,4.7,0.7994394235597191,0.334643792005459,0.7994394235597191,7.17,0.7729010641892522,0.35315061118560426,0.7729010641892522,52.0,0.6320215007161807,0.3713582798025052,0.6320215007161807,25.9,0.7645111184301271,0.357392440800462,0.7645111184301271,63.9,0.758656037718797,0.3617130759921925,0.758656037718797
52.9,0.7509503530062178,0.36918352832132767,0.7509503530062178,1781.0,0.7632436859062297,0.3650071025710153,0.7632436859062297,19.0,0.7716336316653547,0.3569632073211981,0.7716336316653547,0.0,0.7994394235597191,0.334643792005459,0.7994394235597191,14.04,0.7729010641892522,0.35315061118560426,0.7729010641892522,51.0,0.6320215007161807,0.3713582798025052,0.6320215007161807,27.5,0.7645111184301271,0.357392440800462,0.7645111184301271,70.2,0.758656037718797,0.3617130759921925,0.758656037718797
40.8,0.756121172671002,0.36528418191229184,0.756121172671002,660.0,0.7632436859062296,0.3650071025710142,0.7632436859062296,44.0,0.7664628120005705,0.36110068413153484,0.7664628120005705,-0.8,0.7994394235597191,0.334643792005459,0.7994394235597191,3.67,0.7800235774244798,0.3486571381107944,0.7800235774244798,8.0,0.6371923203809648,0.3689682367892595,0.6371923203809648,20.4,0.7729010641892522,0.35315061118560426,0.7729010641892522,52.9,0.758656037718797,0.3617130759921925,0.758656037718797
42.7,0.7612919923357861,0.3612967345640545,0.7612919923357861,732.0,0.7632436859062296,0.3650071025710147,0.7632436859062296,33.0,0.7664628120005705,0.3611006841315338,0.7664628120005705,5.5,0.794268603894935,0.33924571061814474,0.794268603894935,4.58,0.7871460906597073,0.3440221712549742,0.7871460906597073,0.0,0.6511448492545621,0.36933319048731317,0.6511448492545621,21.2,0.7729010641892522,0.35315061118560426,0.7729010641892522,50.2,0.7534852180540127,0.3656667034379744,0.7534852180540127
49.8,0.7664628120005704,0.35722118627661414,0.7664628120005704,895.0,0.7632436859062296,0.3650071025710137,0.7632436859062296,58.0,0.7593402987653428,0.36528749880519307,0.7593402987653428,0.8,0.7890977842301509,0.34375952829162687,0.7890977842301509,9.96,0.7923169103244917,0.33953229068782936,0.7923169103244917,10.0,0.6459740295897777,0.371903355992018,0.6459740295897777,29.4,0.7729010641892522,0.35315061118560426,0.7729010641892522,52.9,0.7534852180540127,0.3656667034379744,0.7534852180540127
19.6,0.7664628120005704,0.35722118627661464,0.7664628120005704,1715.0,0.7684145055710138,0.36093378959354067,0.7684145055710138,60.0,0.7522177855301152,0.36933281969784154,0.7522177855301152,-1.6,0.7890977842301506,0.34375952829162676,0.7890977842301506,4.2,0.7923169103244917,0.33953229068782936,0.7923169103244917,33.67243525896414,0.6459740295897777,0.371903355992018,0.6459740295897777,20.8,0.767730244524468,0.3573283147224659,0.767730244524468,62.7,0.7534852180540127,0.3656667034379744,0.7534852180540127
79.6,0.7612919923357861,0.361296734564054,0.7612919923357861,1906.0,0.7632436859062296,0.3650071025710142,0.7632436859062296,29.0,0.7522177855301152,0.36933281969784154,0.7522177855301152,-5.5,0.7890977842301509,0.34375952829162687,0.7890977842301509,26.56,0.7974877299892758,0.33495430918148245,0.7974877299892758,33.0,0.6511448492545621,0.36933319048731317,0.6511448492545621,36.1,0.7729010641892521,0.3531506111856042,0.7729010641892521,67.5,0.7463627048187851,0.36962365712421147,0.7463627048187851
62.7,0.7664628120005705,0.3572211862766142,0.7664628120005705,1696.0,0.7561211726710019,0.3691113349346016,0.7561211726710019,52.0,0.7573886051948995,0.365419418978584,0.7573886051948995,-10.9,0.7819752709949231,0.3484239508829175,0.7819752709949231,15.29,0.7974877299892758,0.33495430918148245,0.7974877299892758,36.0,0.651144849254562,0.36933319048731317,0.651144849254562,31.8,0.7780718838540365,0.34888480670953964,0.7780718838540365,68.6,0.741191885154001,0.37337714558525115,0.741191885154001
21.2,0.7716336316653547,0.3530575370499728,0.7716336316653547,1928.0,0.7561211726710019,0.3691113349346016,0.7561211726710019,45.0,0.7522177855301152,0.36933281969784154,0.7522177855301152,0.0,0.7819752709949231,0.3484239508829175,0.7819752709949231,5.63,0.7974877299892758,0.33495430918148245,0.7974877299892758,33.0,0.651144849254562,0.36933319048731317,0.651144849254562,23.9,0.7780718838540365,0.34888480670953964,0.7780718838540365,73.7,0.7340693719187734,0.37708056744493906,0.7340693719187734
53.7,0.7664628120005704,0.35722118627661414,0.7664628120005704,1825.0,0.750950353006218,0.3729845089273329,0.750950353006218,46.0,0.7522177855301152,0.36933281969784154,0.7522177855301152,5.5,0.7871460906597073,0.3440221712549752,0.7871460906597073,14.72,0.7974877299892758,0.334954309181483,0.7974877299892758,42.0,0.651144849254562,0.36933319048731317,0.651144849254562,31.4,0.7780718838540365,0.34888480670953964,0.7780718838540365,69.8,0.7288985522539893,0.3806339169212362,0.7288985522539893
49.8,0.7716336316653547,0.3530575370499728,0.7716336316653547,2384.0,0.756121172671002,0.36911133493460163,0.756121172671002,20.0,0.7470469658653313,0.3731581194778952,0.7470469658653313,-0.8,0.7871460906597072,0.34402217125497514,0.7871460906597072,18.22,0.7923169103244917,0.33953229068782936,0.7923169103244917,48.0,0.6459740295897777,0.371903355992018,0.6459740295897777,32.5,0.7780718838540365,0.34888480670953964,0.7780718838540365,72.5,0.7288985522539893,0.3806339169212362,0.7288985522539893
43.5,0.7664628120005705,0.3572211862766147,0.7664628120005705,2382.0,0.7561211726710019,0.3691113349346016,0.7561211726710019,37.0,0.7450952722948878,0.3732366468094788,0.7450952722948878,6.2,0.781975270994923,0.34842395088291744,0.781975270994923,15.65,0.7871460906597074,0.34402217125497525,0.7871460906597074,53.0,0.6459740295897777,0.371903355992018,0.6459740295897777,31.8,0.7729010641892522,0.35315061118560426,0.7729010641892522,73.3,0.7288985522539891,0.3806339169212362,0.7288985522539891
42.7,0.7664628120005704,0.35722118627661464,0.7664628120005704,2657.0,0.7612919923357861,0.3651500600026695,0.7612919923357861,20.0,0.7399244526301036,0.3769499085439921,0.7399244526301036,-3.9,0.7819752709949231,0.3484239508829175,0.7819752709949231,17.39,0.7923169103244917,0.33953229068782936,0.7923169103244917,56.0,0.6391440139514082,0.36919474600374186,0.6391440139514082,32.2,0.7729010641892522,0.35315061118560426,0.7729010641892522,74.5,0.723727732589205,0.3840991654583309,0.723727732589205
19.2,0.7593402987653428,0.361444051981563,0.7593402987653428,2728.0,0.7664628120005704,0.36110068413153423,0.7664628120005704,18.0,0.7470469658653313,0.3731581194778952,0.7470469658653313,0.0,0.7819752709949231,0.3484239508829175,0.7819752709949231,7.99,0.7923169103244917,0.3395322906878299,0.7923169103244917,55.0,0.6443148336161926,0.3666926649449559,0.6443148336161926,26.7,0.7729010641892522,0.35315061118560426,0.7729010641892522,64.3,0.723727732589205,0.3840991654583309,0.723727732589205
18.4,0.7509503530062177,0.3653825477153214,0.7509503530062177,925.0,0.7664628120005704,0.36110068413153423,0.7664628120005704,34.0,0.7470469658653313,0.3731581194778952,0.7470469658653313,6.2,0.7819752709949231,0.3484239508829175,0.7819752709949231,3.92,0.7871460906597073,0.3440221712549742,0.7871460906597073,4.0,0.6391440139514082,0.36919474600374225,0.6391440139514082,20.4,0.7677302445244681,0.35732831472246596,0.7677302445244681,65.5,0.728898552253989,0.38063391692123616,0.728898552253989
45.5,0.7509503530062177,0.3653825477153214,0.7509503530062177,775.0,0.7716336316653547,0.3569632073211975,0.7716336316653547,47.0,0.7470469658653313,0.3731581194778952,0.7470469658653313,7.0,0.7819752709949231,0.3484239508829175,0.7819752709949231,4.63,0.7923169103244917,0.33953229068782886,0.7923169103244917,9.0,0.6443148336161926,0.3666926649449555,0.6443148336161926,21.2,0.7729010641892522,0.3531506111856032,0.7729010641892522,55.3,0.7288985522539891,0.3806339169212362,0.7288985522539891
51.0,0.756121172671002,0.361457028889981,0.756121172671002,1947.0,0.7716336316653547,0.3569632073211975,0.7716336316653547,50.0,0.7418761462005469,0.3768953183187476,0.7418761462005469,0.0,0.776804451330139,0.35273762957165883,0.776804451330139,15.45,0.7903652167540484,0.33981335212838343,0.7903652167540484,18.0,0.6391440139514084,0.36919474600374197,0.6391440139514084,31.8,0.7729010641892522,0.3531506111856032,0.7729010641892522,70.2,0.7360210654892166,0.3770425331070896,0.7360210654892166
69.0,0.752902046576661,0.36145684804538236,0.752902046576661,1832.0,0.7768044513301388,0.3527376295716588,0.7768044513301388,56.0,0.7399244526301035,0.37694990854399296,0.7399244526301035,-7.0,0.776804451330139,0.35273762957165883,0.776804451330139,19.43,0.7851943970892641,0.34427929558919046,0.7851943970892641,32.0,0.6391440139514084,0.36919474600374236,0.6391440139514084,33.3,0.7748527577596955,0.3529468796931968,0.7748527577596955,67.8,0.7360210654892166,0.3770425331070896,0.7360210654892166
20.4,0.761291992335786,0.3574434091254384,0.761291992335786,1932.0,0.7839269645653666,0.348185245025908,0.7839269645653666,67.0,0.7399244526301035,0.37694990854399296,0.7399244526301035,3.1,0.776804451330139,0.35273762957165883,0.776804451330139,15.11,0.7800235774244798,0.3486571381107944,0.7800235774244798,38.0,0.6391440139514084,0.36919474600374236,0.6391440139514084,32.2,0.7729010641892522,0.3531506111856032,0.7729010641892522,63.1,0.7360210654892166,0.3770425331070896,0.7360210654892166
78.0,0.7645111184301271,0.357392440800462,0.7645111184301271,2005.0,0.7890977842301509,0.34375952829162687,0.7890977842301509,53.0,0.7399244526301035,0.37694990854399296,0.7399244526301035,0.0,0.776804451330139,0.35273762957165883,0.776804451330139,23.77,0.7800235774244798,0.3486571381107944,0.7800235774244798,45.0,0.6391440139514084,0.36919474600374236,0.6391440139514084,34.5,0.7729010641892522,0.3531506111856032,0.7729010641892522,67.1,0.7360210654892166,0.3770425331070896,0.7360210654892166
73.7,0.7645111184301271,0.357392440800462,0.7645111184301271,1521.0,0.794268603894935,0.33924571061814474,0.794268603894935,63.0,0.7399244526301035,0.37694990854399296,0.7399244526301035,-4.7,0.7716336316653547,0.3569632073211975,0.7716336316653547,16.92,0.7851943970892641,0.34427929558919046,0.7851943970892641,50.0,0.6391440139514084,0.36919474600374236,0.6391440139514084,32.5,0.7780718838540365,0.34888480670953964,0.7780718838540365,65.9,0.7360210654892166,0.3770425331070896,0.7360210654892166
73.3,0.7645111184301272,0.35739244080046206,0.7645111184301272,1681.0,0.7994394235597191,0.334643792005459,0.7994394235597191,61.0,0.7450952722948878,0.3732366468094788,0.7450952722948878,-0.8,0.7768044513301388,0.3527376295716582,0.7768044513301388,18.46,0.7851943970892641,0.34427929558919046,0.7851943970892641,54.0,0.6391440139514084,0.36919474600374236,0.6391440139514084,32.9,0.7729010641892522,0.35315061118560426,0.7729010641892522,67.1,0.7411918851540009,0.3733771455852521,0.7411918851540009
52.9,0.7645111184301271,0.357392440800462,0.7645111184301271,1919.0,0.7994394235597191,0.334643792005459,0.7994394235597191,46.0,0.7470469658653314,0.3731581194778943,0.7470469658653314,-3.9,0.7768044513301388,0.3527376295716582,0.7768044513301388,15.33,0.7851943970892641,0.34427929558919046,0.7851943970892641,60.0,0.6391440139514084,0.36919474600374236,0.6391440139514084,31.4,0.7657785509540247,0.3575025904794028,0.7657785509540247,69.8,0.7411918851540009,0.3733771455852521,0.7411918851540009
48.6,0.7551787184561176,0.36127742872936525,0.7551787184561176,2171.0,0.794268603894935,0.33924571061814474,0.794268603894935,20.0,0.7522177855301152,0.36933281969784154,0.7522177855301152,0.0,0.7768044513301388,0.3527376295716582,0.7768044513301388,7.06,0.7780718838540365,0.34888480670953964,0.7780718838540365,64.0,0.6391440139514084,0.36919474600374236,0.6391440139514084,24.3,0.758656037718797,0.361713075992193,0.758656037718797,71.4,0.7328019393948758,0.3768910825156241,0.7328019393948758
50.2,0.7551787184561176,0.36127742872936525,0.7551787184561176,1830.0,0.7871460906597074,0.3440221712549732,0.7871460906597074,69.0,0.7573886051948995,0.365419418978585,0.7573886051948995,2.3,0.7819752709949231,0.3484239508829175,0.7819752709949231,13.89,0.7800235774244798,0.3486571381107944,0.7800235774244798,59.0,0.6391440139514084,0.36919474600374236,0.6391440139514084,31.0,0.7606077312892404,0.3615682559707251,0.7606077312892404,70.6,0.7256794261596483,0.3804359350509904,0.7256794261596483
79.6,0.7603495381209019,0.3572736928884609,0.7603495381209019,2026.0,0.7923169103244917,0.33953229068782886,0.7923169103244917,51.0,0.7573886051948995,0.36541941897858554,0.7573886051948995,-3.1,0.7871460906597073,0.3440221712549752,0.7871460906597073,24.68,0.7800235774244798,0.3486571381107944,0.7800235774244798,64.0,0.6391440139514084,0.36919474600374236,0.6391440139514084,34.9,0.7606077312892404,0.3615682559707251,0.7606077312892404,67.1,0.7328019393948758,0.3768910825156241,0.7328019393948758
48.2,0.7603495381209019,0.3572736928884609,0.7603495381209019,2155.0,0.7923169103244917,0.33953229068782886,0.7923169103244917,20.0,0.7625594248596835,0.3614179173201269,0.7625594248596835,2.3,0.7871460906597073,0.3440221712549752,0.7871460906597073,13.25,0.7800235774244798,0.34865713811079385,0.7800235774244798,62.0,0.6443148336161926,0.36669266494495717,0.6443148336161926,30.2,0.7554369116244561,0.3655458205228453,0.7554369116244561,70.6,0.7399244526301035,0.3732047361992466,0.7399244526301035
18.8,0.7603495381209019,0.3572736928884609,0.7603495381209019,1890.0,0.7923169103244917,0.33953229068782886,0.7923169103244917,18.0,0.7625594248596836,0.36141791732012746,0.7625594248596836,9.4,0.7871460906597073,0.3440221712549752,0.7871460906597073,4.45,0.7800235774244798,0.34865713811079385,0.7800235774244798,58.0,0.6494856532809767,0.36410248294696784,0.6494856532809767,21.6,0.7554369116244561,0.3655458205228453,0.7554369116244561,63.5,0.7450952722948877,0.36946530204842876,0.7450952722948877
63.9,0.7603495381209018,0.35727369288846084,0.7603495381209018,1590.0,0.7923169103244916,0.3395322906878293,0.7923169103244916,38.0,0.7677302445244679,0.35732831472246684,0.7677302445244679,0.8,0.7871460906597073,0.3440221712549752,0.7871460906597073,14.95,0.7800235774244798,0.34865713811079385,0.7800235774244798,59.0,0.6494856532809766,0.3641024829469678,0.6494856532809766,31.4,0.7554369116244561,0.3655458205228453,0.7554369116244561,67.8,0.7502660919596718,0.3656377669584069,0.7502660919596718
18.0,0.7603495381209018,0.35727369288846134,0.7603495381209018,1507.0,0.7923169103244916,0.3395322906878293,0.7923169103244916,55.0,0.7696819380949113,0.35714852033639727,0.7696819380949113,1.6,0.7871460906597073,0.3440221712549752,0.7871460906597073,3.83,0.7800235774244798,0.34865713811079385,0.7800235774244798,54.0,0.6494856532809766,0.3641024829469678,0.6494856532809766,21.6,0.7502660919596718,0.36943528413576343,0.7502660919596718,62.4,0.7502660919596718,0.3656377669584069,0.7502660919596718
78.8,0.7603495381209019,0.3572736928884609,0.7603495381209019,1254.0,0.7923169103244916,0.33953229068782886,0.7923169103244916,90.0,0.7645111184301271,0.36126206004039624,0.7645111184301271,10.2,0.7871460906597073,0.3440221712549752,0.7871460906597073,16.12,0.7800235774244798,0.34865713811079385,0.7800235774244798,49.0,0.6494856532809767,0.36410248294696784,0.6494856532809767,32.9,0.7502660919596718,0.36943528413576343,0.7502660919596718,63.5,0.7573886051948995,0.3615858507699398,0.7573886051948995
100.0,0.7551787184561176,0.36127742872936525,0.7551787184561176,1378.0,0.7974877299892756,0.3349543091814819,0.7974877299892756,91.0,0.756121172671002,0.36528418191229184,0.756121172671002,6.2,0.7871460906597073,0.3440221712549752,0.7871460906597073,22.59,0.7800235774244798,0.34865713811079385,0.7800235774244798,52.0,0.6443148336161926,0.3666926649449568,0.6443148336161926,37.3,0.7450952722948878,0.3732366468094788,0.7450952722948878,53.7,0.7593402987653427,0.36144405198156243,0.7593402987653427
63.5,0.7551787184561176,0.36127742872936525,0.7551787184561176,1554.0,0.8026585496540599,0.3302882267359325,0.8026585496540599,21.0,0.7561211726710019,0.3652841819122928,0.7561211726710019,0.0,0.7871460906597073,0.3440221712549752,0.7871460906597073,5.0,0.7800235774244798,0.34865713811079385,0.7800235774244798,55.0,0.6391440139514082,0.36919474600374186,0.6391440139514082,21.2,0.7450952722948878,0.3732366468094788,0.7450952722948878,58.0,0.7645111184301271,0.357392440800462,0.7645111184301271
21.6,0.7551787184561176,0.36127742872936525,0.7551787184561176,1140.0,0.8026585496540598,0.33028822673593244,0.8026585496540598,44.0,0.7612919923357861,0.361296734564054,0.7612919923357861,1.6,0.7871460906597073,0.3440221712549752,0.7871460906597073,3.76,0.7748527577596954,0.35294687969319677,0.7748527577596954,22.0,0.6443148336161926,0.3666926649449559,0.6443148336161926,19.2,0.7450952722948878,0.3732366468094793,0.7450952722948878,57.6,0.7729010641892522,0.35315061118560426,0.7729010641892522
60.8,0.7645111184301271,0.357392440800462,0.7645111184301271,1248.0,0.7974877299892758,0.33495430918148195,0.7974877299892758,58.0,0.7541694791005586,0.36540756222346304,0.7541694791005586,3.9,0.7871460906597073,0.3440221712549752,0.7871460906597073,12.73,0.7748527577596955,0.3529468796931968,0.7748527577596955,41.0,0.6443148336161926,0.3666926649449568,0.6443148336161926,31.0,0.7502660919596718,0.36943528413576343,0.7502660919596718,68.6,0.7780718838540365,0.34888480670953964,0.7780718838540365
25.5,0.7677302445244679,0.35732831472246684,0.7677302445244679,872.0,0.7903652167540484,0.33981335212838343,0.7903652167540484,23.0,0.7612919923357861,0.361296734564054,0.7612919923357861,-2.3,0.7871460906597073,0.3440221712549752,0.7871460906597073,4.45,0.7748527577596955,0.3529468796931968,0.7748527577596955,28.0,0.6443148336161926,0.3666926649449555,0.6443148336161926,21.6,0.7502660919596718,0.36943528413576343,0.7502660919596718,67.5,0.7832427035188206,0.34453090129427344,0.7832427035188206
21.2,0.7677302445244679,0.35732831472246684,0.7677302445244679,1264.0,0.7903652167540484,0.33981335212838343,0.7903652167540484,64.0,0.7684145055710139,0.3570444131236367,0.7684145055710139,2.3,0.7871460906597073,0.3440221712549752,0.7871460906597073,3.94,0.7748527577596955,0.3529468796931963,0.7748527577596955,22.0,0.6443148336161926,0.3666926649449559,0.6443148336161926,20.4,0.7450952722948877,0.37323664680947977,0.7450952722948877,58.8,0.7884135231836048,0.3400888949398052,0.7884135231836048
78.0,0.7677302445244679,0.35732831472246684,0.7677302445244679,1147.0,0.785194397089264,0.34427929558918985,0.785194397089264,67.0,0.7684145055710138,0.35704441312363566,0.7684145055710138,-3.1,0.7923169103244916,0.3395322906878304,0.7923169103244916,13.04,0.7819752709949233,0.3484239508829165,0.7819752709949233,29.0,0.6443148336161926,0.3666926649449568,0.6443148336161926,31.4,0.7522177855301152,0.36933281969784154,0.7522177855301152,59.2,0.7884135231836048,0.3400888949398052,0.7884135231836048
79.6,0.7696819380949113,0.35714852033639727,0.7696819380949113,2068.0,0.7800235774244797,0.34865713811079485,0.7800235774244797,46.0,0.776804451330139,0.35273762957165883,0.776804451330139,-7.8,0.7923169103244916,0.3395322906878304,0.7923169103244916,24.38,0.7871460906597074,0.3440221712549732,0.7871460906597074,47.0,0.6494856532809767,0.36410248294696745,0.6494856532809767,34.9,0.7573886051948995,0.365419418978585,0.7573886051948995,67.5,0.7832427035188207,0.34453090129427344,0.7832427035188207
24.7,0.7716336316653546,0.3569632073211975,0.7716336316653546,2270.0,0.7748527577596955,0.3529468796931979,0.7748527577596955,26.0,0.7819752709949231,0.3484239508829175,0.7819752709949231,0.0,0.7994394235597191,0.334643792005459,0.7994394235597191,8.61,0.7942686038949351,0.33924571061814374,0.7942686038949351,43.0,0.6443148336161926,0.36669266494495634,0.6443148336161926,25.9,0.7645111184301271,0.36126206004039624,0.7645111184301271,77.3,0.7903652167540484,0.33981335212838343,0.7903652167540484
18.8,0.7768044513301388,0.3527376295716588,0.7768044513301388,2105.0,0.781975270994923,0.34842395088291744,0.781975270994923,32.0,0.7819752709949231,0.3484239508829175,0.7819752709949231,9.4,0.8046102432245033,0.3299537724535712,0.8046102432245033,6.15,0.7994394235597191,0.334643792005459,0.7994394235597191,40.0,0.6582673624897898,0.36683464771183033,0.6582673624897898,26.7,0.7716336316653546,0.3569632073211975,0.7716336316653546,67.8,0.7903652167540484,0.33981335212838343,0.7903652167540484
41.2,0.7768044513301388,0.3527376295716588,0.7768044513301388,1992.0,0.781975270994923,0.34842395088291744,0.781975270994923,40.0,0.7819752709949233,0.34842395088291755,0.7819752709949233,-1.6,0.7994394235597191,0.334643792005459,0.7994394235597191,13.69,0.794268603894935,0.33924571061814374,0.794268603894935,42.0,0.6719710429767685,0.36652838094482826,0.6719710429767685,31.0,0.7664628120005704,0.3611006841315348,0.7664628120005704,71.8,0.7851943970892641,0.34427929558919046,0.7851943970892641
44.7,0.7768044513301388,0.3527376295716588,0.7768044513301388,2102.0,0.7890977842301509,0.34375952829162687,0.7890977842301509,20.0,0.7819752709949231,0.3484239508829175,0.7819752709949231,0.0,0.7994394235597191,0.334643792005459,0.7994394235597191,14.06,0.7942686038949351,0.33924571061814374,0.7942686038949351,33.0,0.6802372512155719,0.3688124825622675,0.6802372512155719,26.7,0.7664628120005704,0.36110068413153323,0.7664628120005704,71.4,0.785194397089264,0.3442792955891904,0.785194397089264
19.6,0.7696819380949113,0.35714852033639777,0.7696819380949113,1173.0,0.7890977842301509,0.34375952829162687,0.7890977842301509,35.0,0.7819752709949231,0.3484239508829175,0.7819752709949231,-0.8,0.7994394235597191,0.334643792005459,0.7994394235597191,3.47,0.7942686038949351,0.33924571061814374,0.7942686038949351,9.0,0.6882162559822614,0.37091229119920976,0.6882162559822614,18.4,0.7612919923357861,0.3651500600026695,0.7612919923357861,60.4,0.7903652167540481,0.3398133521283833,0.7903652167540481
74.5,0.7696819380949113,0.35714852033639777,0.7696819380949113,986.0,0.7890977842301509,0.34375952829162687,0.7890977842301509,70.0,0.7871460906597073,0.34402217125497464,0.7871460906597073,-3.1,0.7994394235597191,0.334643792005459,0.7994394235597191,10.91,0.7942686038949351,0.33924571061814374,0.7942686038949351,23.0,0.686264562411818,0.37083067564751987,0.686264562411818,30.2,0.7561211726710019,0.3691113349346016,0.7561211726710019,57.3,0.7903652167540481,0.3398133521283833,0.7903652167540481
78.8,0.7677302445244679,0.35732831472246684,0.7677302445244679,2279.0,0.794268603894935,0.33924571061814474,0.794268603894935,63.0,0.7923169103244917,0.33953229068782936,0.7923169103244917,-5.5,0.7994394235597191,0.33464379200545846,0.7994394235597191,27.99,0.7942686038949351,0.33924571061814374,0.7942686038949351,39.0,0.6810937427470338,0.37383883726183864,0.6810937427470338,35.7,0.7561211726710019,0.3691113349346016,0.7561211726710019,67.8,0.785194397089264,0.3442792955891904,0.785194397089264
20.4,0.7593402987653428,0.361444051981563,0.7593402987653428,2463.0,0.7994394235597191,0.334643792005459,0.7994394235597191,47.0,0.7923169103244917,0.33953229068782886,0.7923169103244917,-3.1,0.7994394235597191,0.33464379200545846,0.7994394235597191,13.58,0.7942686038949351,0.33924571061814374,0.7942686038949351,41.0,0.6882162559822614,0.37091229119920976,0.6882162559822614,32.2,0.7561211726710019,0.3691113349346016,0.7561211726710019,63.9,0.7800235774244798,0.3486571381107944,0.7800235774244798
19.2,0.7541694791005585,0.36540756222346243,0.7541694791005585,1999.0,0.7994394235597191,0.334643792005459,0.7994394235597191,33.0,0.7871460906597073,0.34402217125497464,0.7871460906597073,0.0,0.7994394235597191,0.334643792005459,0.7994394235597191,5.93,0.7942686038949351,0.33924571061814374,0.7942686038949351,37.0,0.6882162559822614,0.3709122911992088,0.6882162559822614,23.9,0.7561211726710019,0.3691113349346016,0.7561211726710019,76.5,0.7748527577596955,0.3529468796931979,0.7748527577596955
34.5,0.7489986594357743,0.3692829715261589,0.7489986594357743,1755.0,0.7994394235597191,0.334643792005459,0.7994394235597191,20.0,0.7923169103244916,0.33953229068782986,0.7923169103244916,4.7,0.8046102432245033,0.3299537724535712,0.8046102432245033,9.08,0.7994394235597191,0.334643792005459,0.7994394235597191,31.0,0.6933870756470457,0.36779209153934883,0.6933870756470457,27.5,0.7612919923357861,0.3651500600026695,0.7612919923357861,73.3,0.7748527577596955,0.3529468796931974,0.7748527577596955
20.0,0.7489986594357745,0.369282971526159,0.7489986594357745,1259.0,0.794268603894935,0.33924571061814474,0.794268603894935,33.0,0.7871460906597074,0.34402217125497525,0.7871460906597074,10.9,0.8046102432245033,0.3299537724535712,0.8046102432245033,3.59,0.7994394235597191,0.334643792005459,0.7994394235597191,12.0,0.7062257094900602,0.36633067085412574,0.7062257094900602,19.2,0.7612919923357861,0.3651500600026695,0.7612919923357861,59.6,0.7819752709949231,0.3484239508829175,0.7819752709949231
54.9,0.7541694791005585,0.36540756222346243,0.7541694791005585,1321.0,0.7890977842301506,0.34375952829162676,0.7890977842301506,67.0,0.7851943970892641,0.34427929558919046,0.7851943970892641,-1.6,0.8046102432245033,0.3299537724535712,0.8046102432245033,11.13,0.7994394235597191,0.334643792005459,0.7994394235597191,19.0,0.7187247876342895,0.3644319888522467,0.7187247876342895,29.8,0.7664628120005704,0.3611006841315348,0.7664628120005704,62.4,0.7819752709949231,0.3484239508829175,0.7819752709949231
80.8,0.761291992335786,0.3612967345640539,0.761291992335786,1987.0,0.7890977842301506,0.34375952829162676,0.7890977842301506,40.0,0.7851943970892641,0.34427929558919046,0.7851943970892641,1.6,0.8046102432245033,0.3299537724535712,0.8046102432245033,24.83,0.7942686038949351,0.33924571061814374,0.7942686038949351,30.0,0.7256794261596483,0.3657205865500429,0.7256794261596483,35.3,0.7716336316653547,0.3569632073211981,0.7716336316653547,66.3,0.7819752709949231,0.3484239508829175,0.7819752709949231
85.1,0.761291992335786,0.3612967345640539,0.761291992335786,1564.0,0.7890977842301509,0.34375952829162687,0.7890977842301509,77.0,0.7903652167540481,0.3398133521283833,0.7903652167540481,2.3,0.8097810628892875,0.3251756519624815,0.8097810628892875,20.26,0.7942686038949351,0.33924571061814374,0.7942686038949351,40.0,0.7373895875823084,0.36312063123974325,0.7373895875823084,34.1,0.7696819380949114,0.3571485203363973,0.7696819380949114,64.7,0.7819752709949231,0.3484239508829175,0.7819752709949231
92.2,0.761291992335786,0.3612967345640539,0.761291992335786,2143.0,0.7890977842301509,0.34375952829162687,0.7890977842301509,73.0,0.7903652167540481,0.3398133521283833,0.7903652167540481,-6.2,0.8046102432245033,0.3299537724535712,0.8046102432245033,30.15,0.7942686038949351,0.33924571061814374,0.7942686038949351,53.0,0.7373895875823084,0.36312063123974325,0.7373895875823084,36.9,0.7716336316653547,0.3569632073211981,0.7716336316653547,65.9,0.7800235774244799,0.3486571381107939,0.7800235774244799
84.7,0.761291992335786,0.3612967345640539,0.761291992335786,2703.0,0.7819752709949231,0.3484239508829175,0.7819752709949231,34.0,0.7903652167540481,0.3398133521283833,0.7903652167540481,3.1,0.8097810628892875,0.3251756519624815,0.8097810628892875,12.19,0.794268603894935,0.33924571061814374,0.794268603894935,54.0,0.7256794261596483,0.3657205865500429,0.7256794261596483,27.1,0.7716336316653547,0.3569632073211981,0.7716336316653547,67.8,0.7851943970892641,0.34427929558919046,0.7851943970892641
38.0,0.7541694791005585,0.36540756222346243,0.7541694791005585,2692.0,0.776804451330139,0.35273762957165883,0.776804451330139,19.0,0.785194397089264,0.34427929558918985,0.785194397089264,-4.7,0.8097810628892875,0.3251756519624815,0.8097810628892875,15.49,0.7942686038949351,0.33924571061814374,0.7942686038949351,48.0,0.718556912924421,0.36926837583485184,0.718556912924421,31.4,0.776804451330139,0.35273762957165883,0.776804451330139,76.5,0.7851943970892641,0.34427929558919046,0.7851943970892641
19.6,0.7541694791005585,0.36540756222346243,0.7541694791005585,2228.0,0.776804451330139,0.35273762957165883,0.776804451330139,20.0,0.7800235774244799,0.3486571381107939,0.7800235774244799,0.0,0.8097810628892875,0.3251756519624815,0.8097810628892875,6.51,0.794268603894935,0.33924571061814374,0.794268603894935,44.0,0.7133860932596366,0.37268844894133846,0.7133860932596366,25.1,0.7819752709949231,0.3484239508829175,0.7819752709949231,63.1,0.7800235774244798,0.34865713811079385,0.7800235774244798
46.7,0.7541694791005585,0.365407562223463,0.7541694791005585,2516.0,0.776804451330139,0.35273762957165883,0.776804451330139,21.0,0.7748527577596955,0.3529468796931963,0.7748527577596955,-4.7,0.8097810628892875,0.3251756519624815,0.8097810628892875,17.63,0.7942686038949351,0.33924571061814374,0.7942686038949351,48.0,0.7133860932596366,0.37268844894133846,0.7133860932596366,32.5,0.7819752709949231,0.3484239508829175,0.7819752709949231,73.3,0.7800235774244798,0.34865713811079385,0.7800235774244798
16.9,0.7489986594357743,0.3692829715261589,0.7489986594357743,1450.0,0.776804451330139,0.35273762957165833,0.776804451330139,29.0,0.7800235774244799,0.3486571381107939,0.7800235774244799,4.7,0.8097810628892875,0.3251756519624815,0.8097810628892875,3.6,0.7994394235597191,0.334643792005459,0.7994394235597191,12.0,0.7114343996891932,0.3726746713386512,0.7114343996891932,21.2,0.7890977842301509,0.34375952829162687,0.7890977842301509,64.3,0.7800235774244798,0.34865713811079385,0.7800235774244798
36.1,0.7489986594357743,0.3692829715261589,0.7489986594357743,809.0,0.7716336316653546,0.356963207321197,0.7716336316653546,35.0,0.7716336316653548,0.35305753704997284,0.7716336316653548,-3.1,0.8097810628892875,0.3251756519624815,0.8097810628892875,4.01,0.794268603894935,0.33924571061814474,0.794268603894935,0.0,0.7114343996891932,0.3726746713386512,0.7114343996891932,20.0,0.7890977842301509,0.34375952829162687,0.7890977842301509,56.1,0.7748527577596955,0.3529468796931963,0.7748527577596955
63.5,0.7489986594357743,0.3692829715261589,0.7489986594357743,1088.0,0.7716336316653546,0.3569632073211975,0.7716336316653546,24.0,0.7664628120005705,0.3572211862766137,0.7664628120005705,0.0,0.8097810628892875,0.3251756519624815,0.8097810628892875,10.61,0.794268603894935,0.33924571061814474,0.794268603894935,16.0,0.706263580024409,0.3759827063995976,0.706263580024409,29.0,0.7839269645653665,0.3481852450259095,0.7839269645653665,51.4,0.7696819380949114,0.3571485203363973,0.7696819380949114
58.8,0.7489986594357743,0.3692829715261589,0.7489986594357743,1350.0,0.7716336316653548,0.35696320732119763,0.7716336316653548,66.0,0.7612919923357861,0.361296734564054,0.7612919923357861,-3.9,0.8097810628892875,0.3251756519624815,0.8097810628892875,13.84,0.794268603894935,0.33924571061814474,0.794268603894935,26.0,0.706263580024409,0.3759827063995976,0.706263580024409,31.0,0.7890977842301509,0.34375952829162687,0.7890977842301509,69.0,0.7696819380949114,0.3571485203363973,0.7696819380949114
54.9,0.7541694791005586,0.36540756222346255,0.7541694791005586,1868.0,0.7664628120005704,0.3611006841315348,0.7664628120005704,50.0,0.7612919923357861,0.361296734564054,0.7612919923357861,0.0,0.8149518825540718,0.32030943053218974,0.8149518825540718,16.92,0.7994394235597191,0.334643792005459,0.7994394235597191,43.0,0.706263580024409,0.3759827063995976,0.706263580024409,32.2,0.7890977842301509,0.34375952829162687,0.7890977842301509,69.8,0.7748527577596955,0.3529468796931963,0.7748527577596955
56.1,0.7541694791005585,0.36540756222346243,0.7541694791005585,2553.0,0.7716336316653548,0.35696320732119763,0.7716336316653548,46.0,0.7612919923357864,0.3612967345640541,0.7612919923357864,2.3,0.8097810628892875,0.3251756519624815,0.8097810628892875,21.49,0.794268603894935,0.33924571061814474,0.794268603894935,56.0,0.6941381218342659,0.3775815722985627,0.6941381218342659,33.7,0.7890977842301509,0.34375952829162737,0.7890977842301509,71.4,0.7748527577596955,0.3529468796931963,0.7748527577596955
54.1,0.7541694791005585,0.36540756222346243,0.7541694791005585,2757.0,0.7664628120005704,0.36110068413153423,0.7664628120005704,43.0,0.7664628120005705,0.35722118627661315,0.7664628120005705,-0.8,0.8046102432245033,0.3299537724535712,0.8046102432245033,22.79,0.7871460906597073,0.34402217125497314,0.7871460906597073,57.0,0.6816390436900366,0.37873224776916425,0.6816390436900366,34.1,0.7890977842301509,0.34375952829162737,0.7890977842301509,72.2,0.7748527577596955,0.3529468796931963,0.7748527577596955
20.4,0.7593402987653427,0.36144405198156293,0.7593402987653427,1911.0,0.7664628120005704,0.3611006841315348,0.7664628120005704,28.0,0.7612919923357861,0.361296734564054,0.7612919923357861,-0.8,0.7994394235597191,0.334643792005459,0.7994394235597191,8.86,0.7871460906597073,0.3440221712549742,0.7871460906597073,56.0,0.6764682240252524,0.3816221036390528,0.6764682240252524,27.1,0.7890977842301506,0.34375952829162676,0.7890977842301506,77.3,0.776804451330139,0.35273762957165883,0.776804451330139
17.3,0.7593402987653428,0.361444051981562,0.7593402987653428,1448.0,0.7664628120005704,0.3611006841315348,0.7664628120005704,23.0,0.7541694791005585,0.36540756222346243,0.7541694791005585,7.0,0.8046102432245033,0.3299537724535712,0.8046102432245033,3.86,0.7923169103244916,0.33953229068782886,0.7923169103244916,32.0,0.6764682240252524,0.38162210363905186,0.6764682240252524,20.8,0.7890977842301506,0.34375952829162676,0.7890977842301506,62.0,0.776804451330139,0.35273762957165833,0.776804451330139
68.6,0.7541694791005586,0.36540756222346255,0.7541694791005586,1585.0,0.7612919923357861,0.3651500600026695,0.7612919923357861,67.0,0.7489986594357743,0.3692829715261589,0.7489986594357743,-2.3,0.8097810628892875,0.3251756519624815,0.8097810628892875,15.73,0.7871460906597074,0.3440221712549742,0.7871460906597074,41.0,0.674516530454809,0.38147471218539397,0.674516530454809,32.5,0.7839269645653666,0.348185245025908,0.7839269645653666,69.8,0.7716336316653547,0.3569632073211981,0.7716336316653547
83.9,0.7522177855301152,0.3655254239055005,0.7522177855301152,2570.0,0.7541694791005585,0.3692248366307884,0.7541694791005585,65.0,0.7489986594357743,0.3692829715261589,0.7489986594357743,0.8,0.8046102432245033,0.3299537724535712,0.8046102432245033,33.29,0.7871460906597074,0.3440221712549742,0.7871460906597074,53.0,0.6798930953638108,0.383339443579058,0.6798930953638108,36.9,0.7787561449005823,0.3525228608209876,0.7787561449005823,67.8,0.7664628120005704,0.3611006841315348,0.7664628120005704
84.7,0.7522177855301153,0.3655254239055005,0.7522177855301153,1785.0,0.7561211726710019,0.3691113349346016,0.7561211726710019,71.0,0.7541694791005586,0.36540756222346255,0.7541694791005586,-10.2,0.7994394235597191,0.334643792005459,0.7994394235597191,22.95,0.7819752709949231,0.3484239508829175,0.7819752709949231,54.0,0.6798930953638108,0.3833394435790571,0.6798930953638108,34.5,0.776804451330139,0.35273762957165883,0.776804451330139,65.1,0.773585325235798,0.35677237567686615,0.773585325235798
85.9,0.7522177855301153,0.3655254239055005,0.7522177855301153,1802.0,0.7561211726710019,0.3691113349346016,0.7561211726710019,20.0,0.7541694791005586,0.36540756222346255,0.7541694791005586,-2.3,0.7994394235597191,0.334643792005459,0.7994394235597191,22.98,0.7871460906597073,0.3440221712549752,0.7871460906597073,50.0,0.6715031496046858,0.3857019071546288,0.6715031496046858,34.9,0.7819752709949231,0.3484239508829175,0.7819752709949231,65.5,0.7716336316653547,0.3569632073211981,0.7716336316653547
18.4,0.7573886051948994,0.3615858507699388,0.7573886051948994,1544.0,0.7561211726710019,0.3691113349346016,0.7561211726710019,38.0,0.7612919923357861,0.361296734564054,0.7612919923357861,3.9,0.7994394235597191,0.334643792005459,0.7994394235597191,3.97,0.7923169103244917,0.33953229068782936,0.7923169103244917,40.0,0.6663323299399014,0.3884083797287922,0.6663323299399014,21.2,0.7819752709949231,0.3484239508829175,0.7819752709949231,62.7,0.7716336316653547,0.3569632073211981,0.7716336316653547
52.9,0.7645111184301271,0.357392440800462,0.7645111184301271,1378.0,0.7489986594357746,0.37307407351717936,0.7489986594357746,45.0,0.7612919923357861,0.361296734564054,0.7612919923357861,3.1,0.7994394235597191,0.334643792005459,0.7994394235597191,10.6,0.7923169103244917,0.33953229068782936,0.7923169103244917,49.0,0.6650648974160039,0.3880884973677048,0.6650648974160039,29.4,0.7819752709949231,0.3484239508829175,0.7819752709949231,67.8,0.7716336316653547,0.3569632073211981,0.7716336316653547
51.8,0.7716336316653547,0.3530575370499733,0.7716336316653547,1748.0,0.7489986594357746,0.37307407351717936,0.7489986594357746,33.0,0.7645111184301271,0.36126206004039624,0.7645111184301271,-4.7,0.7994394235597191,0.334643792005459,0.7994394235597191,13.48,0.7923169103244917,0.33953229068782936,0.7923169103244917,60.0,0.6702357170807882,0.38539607910376117,0.6702357170807882,30.6,0.7768044513301388,0.3527376295716588,0.7768044513301388,69.8,0.7716336316653547,0.3569632073211981,0.7716336316653547
34.5,0.7716336316653547,0.3530575370499733,0.7716336316653547,2094.0,0.7489986594357746,0.37307407351717936,0.7489986594357746,21.0,0.7664628120005704,0.36110068413153423,0.7664628120005704,1.6,0.794268603894935,0.33924571061814474,0.794268603894935,10.99,0.7923169103244917,0.33953229068782936,0.7923169103244917,61.0,0.677190355606147,0.38730685454820557,0.677190355606147,29.4,0.7716336316653547,0.3569632073211981,0.7716336316653547,73.3,0.7645111184301272,0.36126206004039624,0.7645111184301272
19.6,0.7664628120005704,0.35722118627661464,0.7664628120005704,1697.0,0.7438278397709903,0.37683520946436966,0.7438278397709903,22.0,0.7664628120005704,0.3611006841315348,0.7664628120005704,3.9,0.794268603894935,0.33924571061814474,0.794268603894935,4.63,0.7871460906597073,0.34402217125497575,0.7871460906597073,30.0,0.6889005170288072,0.3860617877579357,0.6889005170288072,22.0,0.776804451330139,0.35273762957165883,0.776804451330139,62.4,0.7645111184301272,0.36126206004039624,0.7645111184301272
93.3,0.7612919923357864,0.3612967345640541,0.7612919923357864,1405.0,0.7438278397709902,0.3768352094643711,0.7438278397709902,76.0,0.7664628120005704,0.3611006841315348,0.7664628120005704,-3.9,0.7871460906597074,0.3440221712549742,0.7871460906597074,19.55,0.7871460906597073,0.34402217125497575,0.7871460906597073,48.0,0.6949723922119186,0.3874368803121875,0.6949723922119186,34.5,0.776804451330139,0.35273762957165883,0.776804451330139,59.2,0.7645111184301272,0.36126206004039624,0.7645111184301272
88.6,0.7612919923357861,0.361296734564054,0.7612919923357861,1869.0,0.7489986594357746,0.37307407351717936,0.7489986594357746,72.0,0.761291992335786,0.3651500600026699,0.761291992335786,2.3,0.7819752709949233,0.34842395088291755,0.7819752709949233,25.1,0.7819752709949231,0.3484239508829175,0.7819752709949231,62.0,0.7056804085470574,0.3854207753793487,0.7056804085470574,35.7,0.7716336316653546,0.356963207321198,0.7716336316653546,65.1,0.7645111184301272,0.36126206004039624,0.7645111184301272
78.4,0.7664628120005704,0.35722118627661564,0.7664628120005704,2098.0,0.7438278397709902,0.3768352094643711,0.7438278397709902,21.0,0.761291992335786,0.3651500600026699,0.761291992335786,-5.5,0.7748527577596954,0.3529468796931978,0.7748527577596954,24.85,0.7748527577596955,0.3529468796931979,0.7748527577596955,47.0,0.7157638547082872,0.38294466955112383,0.7157638547082872,34.9,0.7684145055710138,0.35704441312363566,0.7684145055710138,67.5,0.7645111184301271,0.36126206004039624,0.7645111184301271
20.4,0.7612919923357861,0.361296734564054,0.7612919923357861,1186.0,0.7489986594357746,0.37307407351718036,0.7489986594357746,43.0,0.7664628120005704,0.36110068413153423,0.7664628120005704,-0.8,0.7748527577596954,0.3529468796931978,0.7748527577596954,3.82,0.7748527577596955,0.3529468796931979,0.7748527577596955,28.0,0.7179737414470692,0.38341717263271297,0.7179737414470692,18.4,0.7684145055710138,0.35704441312363566,0.7684145055710138,60.4,0.7716336316653548,0.35696320732119763,0.7716336316653548
48.6,0.7612919923357861,0.361296734564054,0.7612919923357861,945.0,0.7541694791005585,0.3692248366307874,0.7541694791005585,72.0,0.7716336316653546,0.3569632073211975,0.7716336316653546,-1.6,0.7748527577596954,0.3529468796931978,0.7748527577596954,6.3,0.7696819380949113,0.35714852033639727,0.7696819380949113,33.0,0.7170312872321848,0.38317112264948944,0.7170312872321848,25.5,0.7632436859062296,0.36114389851741435,0.7632436859062296,60.0,0.776804451330139,0.35273762957165833,0.776804451330139
80.4,0.7612919923357861,0.361296734564054,0.7612919923357861,1492.0,0.7489986594357746,0.37307407351718036,0.7489986594357746,69.0,0.7716336316653546,0.3569632073211975,0.7716336316653546,-4.7,0.7748527577596954,0.3529468796931978,0.7748527577596954,17.97,0.7696819380949113,0.35714852033639727,0.7696819380949113,50.0,0.7099087739969572,0.3864163757019183,0.7099087739969572,32.9,0.7632436859062296,0.36114389851741435,0.7632436859062296,64.3,0.7716336316653548,0.35696320732119763,0.7716336316653548
85.1,0.7612919923357861,0.361296734564054,0.7612919923357861,1754.0,0.7489986594357746,0.37307407351718036,0.7489986594357746,68.0,0.7664628120005704,0.36110068413153423,0.7664628120005704,-2.3,0.7748527577596954,0.3529468796931973,0.7748527577596954,22.17,0.7645111184301272,0.36126206004039724,0.7645111184301272,57.0,0.7027862607617296,0.3895201349733359,0.7027862607617296,34.5,0.7632436859062297,0.3611438985174134,0.7632436859062297,64.7,0.7664628120005704,0.36110068413153423,0.7664628120005704
87.5,0.7541694791005586,0.36540756222346155,0.7541694791005586,1961.0,0.7489986594357746,0.37307407351718036,0.7489986594357746,73.0,0.7716336316653547,0.3569632073211975,0.7716336316653547,-1.6,0.7800235774244798,0.34865713811079385,0.7800235774244798,25.52,0.7612919923357861,0.361296734564054,0.7612919923357861,62.0,0.6934538607877201,0.39192119646126206,0.6934538607877201,35.7,0.7612919923357864,0.3612967345640541,0.7612919923357864,66.3,0.7645111184301271,0.36126206004039624,0.7645111184301271
86.7,0.7541694791005586,0.36540756222346255,0.7541694791005586,2095.0,0.7470469658653313,0.3731581194778952,0.7470469658653313,71.0,0.7768044513301388,0.3527376295716582,0.7768044513301388,-8.6,0.781975270994923,0.34842395088291744,0.781975270994923,27.38,0.757130412026561,0.3611406838202075,0.757130412026561,65.0,0.6833704146264902,0.3938443748582032,0.6833704146264902,36.1,0.7580728662414453,0.36131825133469475,0.7580728662414453,66.7,0.7573886051948996,0.3654194189785851,0.7573886051948996
87.8,0.7593402987653429,0.36144405198156354,0.7593402987653429,2322.0,0.7438278397709903,0.37307027988965447,0.7438278397709903,70.0,0.7768044513301388,0.3527376295716582,0.7768044513301388,-6.2,0.7871460906597073,0.3440221712549742,0.7871460906597073,31.2,0.747046965865331,0.3646633123848872,0.747046965865331,75.0,0.679784911526579,0.39271837620160827,0.679784911526579,36.5,0.7487404662674358,0.36504754244078325,0.7487404662674358,67.5,0.7489986594357745,0.369282971526159,0.7489986594357745
19.2,0.7593402987653428,0.3614440519815625,0.7593402987653428,2631.0,0.7344954397969807,0.3764113627009656,0.7344954397969807,21.0,0.7716336316653546,0.3569632073211975,0.7716336316653546,4.7,0.7871460906597073,0.3440221712549742,0.7871460906597073,7.93,0.7418761462005468,0.3684593095578009,0.7418761462005468,75.0,0.6737130363434675,0.39117617321729276,0.6737130363434675,26.3,0.7435696466026516,0.3688610220930624,0.7435696466026516,78.8,0.739666259461765,0.3727600306168688,0.739666259461765
30.2,0.7645111184301271,0.357392440800462,0.7645111184301271,844.0,0.7396662594617651,0.3727600306168684,0.7396662594617651,46.0,0.7716336316653546,0.3569632073211975,0.7716336316653546,-2.3,0.7871460906597073,0.3440221712549742,0.7871460906597073,3.42,0.7418761462005468,0.3684593095578009,0.7418761462005468,23.0,0.6778746166526928,0.39196394107602595,0.6778746166526928,19.2,0.7364471333674241,0.3726427945340635,0.7364471333674241,52.9,0.7312763137026399,0.3762561352016003,0.7312763137026399
91.0,0.7729010641892522,0.35315061118560426,0.7729010641892522,1252.0,0.7416179530322085,0.372695097026726,0.7416179530322085,76.0,0.7664628120005703,0.36110068413153423,0.7664628120005703,3.1,0.7871460906597074,0.3440221712549742,0.7871460906597074,17.42,0.7347536329653195,0.3722200519734318,0.7347536329653195,33.0,0.6778746166526928,0.39196394107602595,0.6778746166526928,34.1,0.7293246201321966,0.37628307319405335,0.7293246201321966,58.4,0.7261054940378557,0.379781374929937,0.7261054940378557
38.8,0.7729010641892522,0.35315061118560426,0.7729010641892522,1687.0,0.7416179530322085,0.372695097026726,0.7416179530322085,28.0,0.7664628120005704,0.36110068413153423,0.7664628120005704,0.0,0.7871460906597074,0.3440221712549742,0.7871460906597074,9.9,0.7347536329653195,0.3722200519734318,0.7347536329653195,36.0,0.6707521034174653,0.39450801032596483,0.6707521034174653,30.2,0.7312763137026399,0.3762561352016013,0.7312763137026399,72.2,0.73127631370264,0.37625613520160134,0.73127631370264
16.9,0.7729010641892522,0.35315061118560426,0.7729010641892522,1647.0,0.7467887726969924,0.36893172689708825,0.7467887726969924,31.0,0.7716336316653545,0.35696320732119746,0.7716336316653545,3.1,0.7871460906597074,0.3440221712549742,0.7871460906597074,4.2,0.7418761462005468,0.3684593095578009,0.7418761462005468,30.0,0.6778746166526928,0.39196394107602595,0.6778746166526928,21.6,0.7332280072730832,0.37622367858001754,0.7332280072730832,63.1,0.7261054940378557,0.379781374929937,0.7261054940378557
18.0,0.7729010641892522,0.35315061118560426,0.7729010641892522,1366.0,0.7416179530322085,0.372695097026726,0.7416179530322085,26.0,0.7768044513301388,0.3527376295716588,0.7768044513301388,13.3,0.7923169103244917,0.33953229068782936,0.7923169103244917,3.67,0.7418761462005468,0.36845930955780043,0.7418761462005468,15.0,0.6694846708935678,0.3941842543237721,0.6694846708935678,20.4,0.7383988269378676,0.372586400806141,0.7383988269378676,62.0,0.73127631370264,0.37625613520160184,0.73127631370264
52.9,0.767730244524468,0.3573283147224659,0.767730244524468,1540.0,0.7364471333674241,0.3763703662171615,0.7364471333674241,67.0,0.7819752709949231,0.3484239508829175,0.7819752709949231,5.5,0.7974877299892756,0.3349543091814819,0.7974877299892756,16.16,0.7418761462005468,0.3684593095578009,0.7418761462005468,29.0,0.6601522709195583,0.3958993053843869,0.6601522709195583,31.8,0.7435696466026516,0.3688610220930628,0.7435696466026516,61.6,0.73127631370264,0.37625613520160184,0.73127631370264
79.2,0.7625594248596839,0.361417917320126,0.7625594248596839,2758.0,0.7364471333674241,0.3763703662171615,0.7364471333674241,43.0,0.7768044513301388,0.3527376295716582,0.7768044513301388,0.0,0.7994394235597191,0.334643792005459,0.7994394235597191,33.52,0.7347536329653194,0.3722200519734322,0.7347536329653194,39.0,0.6549814512547741,0.398378137446277,0.6549814512547741,36.9,0.7364471333674243,0.3726427945340636,0.7364471333674243,67.8,0.73127631370264,0.37625613520160084,0.73127631370264
49.4,0.7625594248596839,0.361417917320126,0.7625594248596839,2012.0,0.7364471333674241,0.3763703662171615,0.7364471333674241,26.0,0.7768044513301388,0.3527376295716582,0.7768044513301388,-7.0,0.794268603894935,0.33924571061814374,0.794268603894935,15.06,0.7367053265357628,0.37216720579151474,0.7367053265357628,46.0,0.6465915054956491,0.4001049103754186,0.6465915054956491,31.4,0.7383988269378676,0.372586400806141,0.7383988269378676,70.2,0.7261054940378557,0.379781374929937,0.7261054940378557
18.4,0.7696819380949114,0.3571485203363973,0.7696819380949114,2287.0,0.7364471333674241,0.3763703662171615,0.7364471333674241,20.0,0.7748527577596954,0.3529468796931978,0.7748527577596954,0.0,0.7890977842301509,0.34375952829162687,0.7890977842301509,6.54,0.7367053265357627,0.37216720579151374,0.7367053265357627,40.0,0.6414206858308649,0.402369549142345,0.6414206858308649,25.1,0.7383988269378676,0.372586400806141,0.7383988269378676,63.5,0.73127631370264,0.37625613520160134,0.73127631370264
19.2,0.776804451330139,0.35273762957165883,0.776804451330139,1527.0,0.7364471333674241,0.3763703662171615,0.7364471333674241,35.0,0.7748527577596954,0.3529468796931978,0.7748527577596954,4.7,0.794268603894935,0.33924571061814374,0.794268603894935,3.75,0.7418761462005468,0.3684593095578009,0.7418761462005468,9.0,0.6414206858308646,0.40236954914234496,0.6414206858308646,20.4,0.7383988269378676,0.372586400806141,0.7383988269378676,62.7,0.7261054940378557,0.379781374929937,0.7261054940378557
43.1,0.7819752709949233,0.34842395088291755,0.7819752709949233,775.0,0.7280571876082991,0.37977285541469297,0.7280571876082991,40.0,0.7800235774244798,0.3486571381107949,0.7800235774244798,-0.8,0.7871460906597074,0.3440221712549732,0.7871460906597074,4.75,0.7418761462005468,0.3684593095578009,0.7418761462005468,11.0,0.6414206858308648,0.40236954914234496,0.6414206858308648,21.2,0.7435696466026517,0.3688610220930624,0.7435696466026517,51.8,0.73127631370264,0.37625613520160134,0.73127631370264
47.1,0.7819752709949233,0.34842395088291755,0.7819752709949233,1014.0,0.7209346743730716,0.38321851371907023,0.7209346743730716,66.0,0.7800235774244797,0.34865713811079485,0.7800235774244797,-3.9,0.7923169103244917,0.33953229068782886,0.7923169103244917,7.95,0.7418761462005468,0.3684593095578009,0.7418761462005468,14.0,0.6382015597365239,0.4016544417792225,0.6382015597365239,25.9,0.7487404662674358,0.36504754244078275,0.7487404662674358,63.1,0.7261054940378557,0.379781374929937,0.7261054940378557
71.8,0.7787561449005823,0.3485811395184743,0.7787561449005823,1295.0,0.7209346743730716,0.3832185137190711,0.7209346743730716,44.0,0.7800235774244797,0.34865713811079485,0.7800235774244797,-7.0,0.7923169103244917,0.33953229068782936,0.7923169103244917,14.06,0.7418761462005468,0.3684593095578019,0.7418761462005468,19.0,0.6330307400717397,0.40379298819038867,0.6330307400717397,31.4,0.7487404662674358,0.36504754244078325,0.7487404662674358,62.7,0.7261054940378557,0.379781374929937,0.7261054940378557
16.9,0.773585325235798,0.3528568267906565,0.773585325235798,1338.0,0.7293246201321966,0.3799745938458618,0.7293246201321966,20.0,0.7800235774244797,0.34865713811079485,0.7800235774244797,2.3,0.7923169103244917,0.33953229068782886,0.7923169103244917,3.5,0.7347536329653194,0.3722200519734322,0.7347536329653194,16.0,0.6352406268105215,0.40457458774947197,0.6352406268105215,19.6,0.7416179530322082,0.3689413529273233,0.7416179530322082,62.0,0.7312763137026399,0.3762561352016013,0.7312763137026399
17.3,0.7684145055710139,0.3570444131236357,0.7684145055710139,1398.0,0.7192411739709664,0.38274332372034364,0.7192411739709664,21.0,0.785194397089264,0.34427929558918985,0.785194397089264,9.4,0.7974877299892758,0.33495430918148195,0.7974877299892758,3.82,0.7347536329653194,0.3722200519734322,0.7347536329653194,17.0,0.6404114464753059,0.40241210310445014,0.6404114464753059,20.8,0.7467887726969925,0.365151810381381,0.7467887726969925,63.1,0.7364471333674243,0.3726427945340636,0.7364471333674243
18.0,0.7684145055710138,0.35704441312363566,0.7684145055710138,1426.0,0.708533157635828,0.38506301464303005,0.708533157635828,22.0,0.7851943970892639,0.34427929558918985,0.7851943970892639,15.6,0.7974877299892756,0.3349543091814819,0.7974877299892756,3.9,0.7295828133005351,0.3758159101616041,0.7295828133005351,12.0,0.6488013922344309,0.4008309345874619,0.6488013922344309,21.2,0.7500078987913333,0.3651930636310696,0.7500078987913333,62.7,0.7416179530322082,0.3689413529273233,0.7416179530322082
35.7,0.7684145055710139,0.3570444131236357,0.7684145055710139,781.0,0.708533157635828,0.38506301464303005,0.708533157635828,36.0,0.7871460906597073,0.3440221712549752,0.7871460906597073,-5.5,0.7923169103244917,0.33953229068782936,0.7923169103244917,3.87,0.7295828133005351,0.3758159101616041,0.7295828133005351,0.0,0.6559239054696584,0.3987160420317052,0.6559239054696584,20.4,0.7500078987913333,0.3651930636310696,0.7500078987913333,57.3,0.7416179530322082,0.3689413529273233,0.7416179530322082
29.0,0.7632436859062297,0.3611438985174149,0.7632436859062297,2187.0,0.7137039773006123,0.38179309482149015,0.7137039773006123,50.0,0.7890977842301506,0.34375952829162676,0.7890977842301506,7.8,0.7923169103244917,0.33953229068782886,0.7923169103244917,6.45,0.7295828133005351,0.3758159101616041,0.7295828133005351,15.0,0.6539722118992151,0.39845425664747597,0.6539722118992151,23.1,0.7551787184561176,0.36127742872936525,0.7551787184561176,71.8,0.7416179530322083,0.36894135292732333,0.7416179530322083
76.5,0.7580728662414453,0.36515528297199046,0.7580728662414453,1402.0,0.7137039773006122,0.3817930948214906,0.7137039773006122,20.0,0.794268603894935,0.33924571061814474,0.794268603894935,-0.8,0.7923169103244917,0.33953229068782936,0.7923169103244917,16.45,0.7295828133005351,0.3758159101616041,0.7295828133005351,10.0,0.6539722118992151,0.39845425664747597,0.6539722118992151,32.5,0.7500078987913332,0.36519306363106857,0.7500078987913332,62.0,0.7416179530322082,0.3689413529273233,0.7416179530322082
33.3,0.7580728662414453,0.36515528297198896,0.7580728662414453,820.0,0.7137039773006122,0.3817930948214901,0.7137039773006122,43.0,0.794268603894935,0.33924571061814474,0.794268603894935,2.3,0.7974877299892758,0.33495430918148195,0.7974877299892758,3.37,0.7347536329653195,0.3722200519734318,0.7347536329653195,1.0,0.6539722118992151,0.39845425664747597,0.6539722118992151,25.9,0.7467887726969925,0.365151810381381,0.7467887726969925,51.8,0.7364471333674243,0.3726427945340636,0.7364471333674243
21.2,0.7580728662414453,0.36515528297198946,0.7580728662414453,1605.0,0.7188747969653965,0.3784350740607486,0.7188747969653965,49.0,0.794268603894935,0.33924571061814474,0.794268603894935,3.1,0.80265854965406,0.3302882267359331,0.80265854965406,11.04,0.7347536329653195,0.3722200519734318,0.7347536329653195,3.0,0.6623621576583403,0.39656975424938934,0.6623621576583403,29.8,0.7467887726969925,0.365151810381381,0.7467887726969925,58.0,0.7364471333674243,0.3726427945340636,0.7364471333674243
83.9,0.7632436859062297,0.3611438985174149,0.7632436859062297,1375.0,0.7240456166301807,0.37498895236080465,0.7240456166301807,21.0,0.7890977842301509,0.34375952829162687,0.7890977842301509,-1.6,0.7974877299892756,0.3349543091814814,0.7974877299892756,18.93,0.7418761462005468,0.3684593095578009,0.7418761462005468,18.0,0.6552396444231126,0.3988137603939958,0.6552396444231126,33.7,0.7551787184561176,0.36127742872936525,0.7551787184561176,51.8,0.7416179530322082,0.3689413529273223,0.7416179530322082
81.2,0.7664628120005705,0.36110068413153484,0.7664628120005705,1688.0,0.7240456166301807,0.37498895236080465,0.7240456166301807,60.0,0.7839269645653666,0.348185245025908,0.7839269645653666,-0.8,0.7974877299892758,0.33495430918148145,0.7974877299892758,18.53,0.747046965865331,0.3646633123848872,0.747046965865331,38.0,0.6580923935118834,0.3999750235427881,0.6580923935118834,32.9,0.7551787184561176,0.36127742872936525,0.7551787184561176,63.5,0.7416179530322082,0.3689413529273223,0.7416179530322082
82.7,0.7716336316653547,0.3569632073211975,0.7716336316653547,1987.0,0.7240456166301807,0.37498895236080465,0.7240456166301807,46.0,0.7839269645653666,0.348185245025908,0.7839269645653666,-1.6,0.7923169103244917,0.33953229068782886,0.7923169103244917,24.16,0.7418761462005468,0.3684593095578009,0.7418761462005468,43.0,0.6580923935118834,0.3999750235427881,0.6580923935118834,35.3,0.7551787184561176,0.36127742872936525,0.7551787184561176,66.3,0.7416179530322082,0.3689413529273223,0.7416179530322082
56.9,0.7716336316653547,0.3569632073211975,0.7716336316653547,1491.0,0.7240456166301807,0.37498895236080465,0.7240456166301807,28.0,0.7839269645653666,0.348185245025908,0.7839269645653666,6.2,0.7871460906597074,0.3440221712549732,0.7871460906597074,12.58,0.747046965865331,0.3646633123848872,0.747046965865331,47.0,0.6520205183287717,0.39818695263411463,0.6520205183287717,30.2,0.7551787184561176,0.36127742872936525,0.7551787184561176,67.5,0.7332280072730833,0.37251240069824026,0.7332280072730833
17.3,0.7716336316653547,0.3569632073211975,0.7716336316653547,1543.0,0.7292164362949651,0.37145472972165916,0.7292164362949651,32.0,0.7890977842301509,0.34375952829162687,0.7890977842301509,0.0,0.7871460906597074,0.3440221712549732,0.7871460906597074,4.03,0.747046965865331,0.3646633123848872,0.747046965865331,45.0,0.6436305725696467,0.3998617365383027,0.6436305725696467,21.2,0.7500078987913333,0.3651930636310686,0.7500078987913333,63.1,0.7416179530322083,0.36894135292732333,0.7416179530322083
67.5,0.7716336316653547,0.3569632073211975,0.7716336316653547,1564.0,0.7292164362949651,0.37145472972165916,0.7292164362949651,61.0,0.7871460906597074,0.3440221712549742,0.7871460906597074,5.5,0.7923169103244917,0.33953229068782886,0.7923169103244917,16.04,0.7399244526301034,0.3685360928460577,0.7399244526301034,52.0,0.6507530858048742,0.3978228309967977,0.6507530858048742,32.2,0.7428853855561058,0.36910394966091903,0.7428853855561058,66.7,0.7416179530322083,0.36894135292732333,0.7416179530322083
71.8,0.7716336316653547,0.3569632073211981,0.7716336316653547,1954.0,0.7240456166301807,0.37498895236080465,0.7240456166301807,41.0,0.7871460906597074,0.3440221712549732,0.7871460906597074,1.6,0.7923169103244917,0.33953229068782886,0.7923169103244917,20.57,0.7399244526301034,0.3685360928460577,0.7399244526301034,58.0,0.6507530858048742,0.3978228309967977,0.6507530858048742,33.7,0.7377145658913218,0.3728194455778801,0.7377145658913218,67.5,0.7416179530322082,0.3689413529273233,0.7416179530322082
52.9,0.7716336316653547,0.3569632073211981,0.7716336316653547,1593.0,0.7311681298654085,0.37141517136429797,0.7311681298654085,38.0,0.7871460906597074,0.3440221712549732,0.7871460906597074,4.7,0.7871460906597074,0.3440221712549732,0.7871460906597074,10.21,0.7399244526301034,0.3685360928460577,0.7399244526301034,57.0,0.6507530858048742,0.3978228309967977,0.6507530858048742,28.6,0.7428853855561058,0.36910394966091903,0.7428853855561058,66.7,0.7416179530322083,0.36894135292732333,0.7416179530322083
43.1,0.7664628120005705,0.36110068413153484,0.7664628120005705,1550.0,0.7382906431006357,0.36769989658678315,0.7382906431006357,46.0,0.7871460906597074,0.3440221712549732,0.7871460906597074,6.2,0.7871460906597074,0.3440221712549732,0.7871460906597074,9.58,0.7347536329653194,0.3722200519734322,0.7347536329653194,56.0,0.6559239054696584,0.39539604353416796,0.6559239054696584,28.2,0.7357628723208782,0.372873341909761,0.7357628723208782,71.0,0.7416179530322082,0.3689413529273233,0.7416179530322082
55.7,0.7612919923357861,0.3651500600026695,0.7612919923357861,1551.0,0.74346146276542,0.36394159785655544,0.74346146276542,64.0,0.7923169103244917,0.33953229068782886,0.7923169103244917,5.5,0.7819752709949233,0.34842395088291755,0.7819752709949233,15.22,0.7315345068709785,0.3720842949589025,0.7315345068709785,60.0,0.6559239054696584,0.3953960435341684,0.6559239054696584,31.8,0.7325437462265374,0.37273902610251175,0.7325437462265374,68.6,0.7467887726969925,0.365151810381381,0.7467887726969925
42.0,0.7612919923357861,0.3651500600026695,0.7612919923357861,1637.0,0.7382906431006357,0.36769989658678315,0.7382906431006357,32.0,0.7974877299892758,0.33495430918148145,0.7974877299892758,4.7,0.7819752709949231,0.3484239508829175,0.7819752709949231,8.91,0.7416179530322082,0.3689413529273233,0.7416179530322082,61.0,0.6559239054696584,0.39539604353416796,0.6559239054696584,27.5,0.7325437462265374,0.37273902610251175,0.7325437462265374,70.6,0.7519595923617767,0.3612741668962367,0.7519595923617767
45.5,0.7612919923357861,0.3651500600026695,0.7612919923357861,1718.0,0.7489986594357745,0.36455707336116094,0.7489986594357745,19.0,0.8026585496540599,0.3302882267359325,0.8026585496540599,0.0,0.7819752709949231,0.3484239508829175,0.7819752709949231,13.56,0.7509503530062178,0.36538254771532147,0.7509503530062178,64.0,0.6671666003175544,0.39454312309559286,0.6671666003175544,30.6,0.7418761462005468,0.36938521639928507,0.7418761462005468,74.9,0.7603495381209018,0.35727369288846084,0.7603495381209018
52.5,0.7612919923357861,0.3651500600026695,0.7612919923357861,1754.0,0.7489986594357745,0.36455707336116094,0.7489986594357745,18.0,0.8026585496540599,0.3302882267359325,0.8026585496540599,-3.1,0.7890977842301506,0.34375952829162676,0.7890977842301506,13.59,0.7593402987653428,0.3614440519815635,0.7593402987653428,61.0,0.6685422166786835,0.3950927051594387,0.6685422166786835,30.6,0.7502660919596718,0.3656377669584074,0.7502660919596718,69.8,0.7696819380949114,0.35325272868015845,0.7696819380949114
17.3,0.7664628120005705,0.36110068413153434,0.7664628120005705,1628.0,0.7489986594357745,0.36455707336116094,0.7489986594357745,20.0,0.8026585496540599,0.33028822673593305,0.8026585496540599,0.0,0.7839269645653665,0.3481852450259095,0.7839269645653665,4.17,0.7664628120005705,0.3572211862766152,0.7664628120005705,54.0,0.6685422166786834,0.39509270515943856,0.6685422166786834,22.4,0.7573886051948995,0.3615858507699398,0.7573886051948995,63.1,0.7780718838540365,0.34888480670953964,0.7780718838540365
20.0,0.7593402987653428,0.36528749880519307,0.7593402987653428,1214.0,0.7438278397709901,0.368377007640413,0.7438278397709901,24.0,0.7974877299892758,0.33495430918148195,0.7974877299892758,9.4,0.7839269645653665,0.348185245025909,0.7839269645653665,3.3,0.7664628120005705,0.3572211862766152,0.7664628120005705,28.0,0.6778746166526928,0.3932045269908511,0.6778746166526928,18.0,0.7573886051948995,0.3615858507699398,0.7573886051948995,73.7,0.785194397089264,0.3442792955891904,0.785194397089264
34.5,0.7593402987653428,0.36528749880519307,0.7593402987653428,831.0,0.7489986594357745,0.36455707336116094,0.7489986594357745,76.0,0.7923169103244916,0.3395322906878293,0.7923169103244916,-0.8,0.7819752709949231,0.3484239508829175,0.7819752709949231,4.21,0.7664628120005705,0.3572211862766152,0.7664628120005705,20.0,0.6862645624118178,0.3908223267513042,0.6862645624118178,20.0,0.7606077312892403,0.36156825597072506,0.7606077312892403,54.5,0.7903652167540484,0.3398133521283824,0.7903652167540484
100.0,0.7593402987653428,0.36528749880519307,0.7593402987653428,2174.0,0.7541694791005586,0.36064903814270527,0.7541694791005586,83.0,0.7871460906597073,0.3440221712549742,0.7871460906597073,2.3,0.7768044513301391,0.3527376295716589,0.7768044513301391,33.67,0.7664628120005705,0.3572211862766152,0.7664628120005705,34.0,0.6933870756470455,0.3879912293871389,0.6933870756470455,38.4,0.7606077312892403,0.36156825597072506,0.7606077312892403,65.9,0.7903652167540484,0.3398133521283824,0.7903652167540484
20.0,0.7541694791005585,0.3692248366307874,0.7541694791005585,2097.0,0.7541694791005586,0.36064903814270527,0.7541694791005586,58.0,0.7871460906597074,0.34402217125497525,0.7871460906597074,-3.1,0.7768044513301391,0.3527376295716589,0.7768044513301391,5.72,0.7664628120005705,0.3572211862766152,0.7664628120005705,54.0,0.6985578953118298,0.3849335605244668,0.6985578953118298,27.8,0.7625594248596836,0.36141791732012696,0.7625594248596836,60.8,0.7903652167540484,0.3398133521283824,0.7903652167540484
20.8,0.7612919923357861,0.3651500600026695,0.7612919923357861,1802.0,0.7593402987653429,0.3566529019850497,0.7593402987653429,50.0,0.7819752709949231,0.3484239508829175,0.7819752709949231,3.1,0.7819752709949231,0.3484239508829175,0.7819752709949231,4.32,0.7664628120005705,0.3572211862766152,0.7664628120005705,53.0,0.6933870756470455,0.3879912293871389,0.6933870756470455,22.0,0.767730244524468,0.3573283147224659,0.767730244524468,68.6,0.7903652167540484,0.3398133521283824,0.7903652167540484
47.1,0.7664628120005705,0.36110068413153484,0.7664628120005705,1772.0,0.7645111184301272,0.3525686648881895,0.7645111184301272,19.0,0.776804451330139,0.35273762957165883,0.776804451330139,-7.8,0.7819752709949233,0.34842395088291755,0.7819752709949233,10.2,0.7664628120005704,0.35722118627661414,0.7664628120005704,49.0,0.6966062017413863,0.3883688785771639,0.6966062017413863,29.0,0.767730244524468,0.3573283147224659,0.767730244524468,70.6,0.7851943970892641,0.34427929558919046,0.7851943970892641
18.0,0.7684145055710139,0.3609337895935418,0.7684145055710139,1424.0,0.7696819380949114,0.3483963268521293,0.7696819380949114,29.0,0.7716336316653547,0.3569632073211981,0.7716336316653547,8.6,0.7871460906597074,0.3440221712549742,0.7871460906597074,3.58,0.7612919923357861,0.361296734564054,0.7612919923357861,20.0,0.7037287149766138,0.38534975615320594,0.7037287149766138,20.4,0.7625594248596836,0.36141791732012696,0.7625594248596836,62.7,0.7800235774244798,0.34865713811079385,0.7800235774244798
38.4,0.7684145055710139,0.3609337895935418,0.7684145055710139,803.0,0.7696819380949114,0.3483963268521283,0.7696819380949114,68.0,0.7684145055710138,0.35704441312363566,0.7684145055710138,6.2,0.7923169103244917,0.33953229068782936,0.7923169103244917,6.44,0.7612919923357861,0.361296734564054,0.7612919923357861,27.0,0.7108512282118415,0.3821891399482392,0.7108512282118415,27.5,0.767730244524468,0.3573283147224659,0.767730244524468,54.1,0.7748527577596955,0.3529468796931963,0.7748527577596955
78.0,0.7684145055710139,0.3609337895935418,0.7684145055710139,2462.0,0.7696819380949114,0.3483963268521283,0.7696819380949114,23.0,0.7684145055710138,0.35704441312363566,0.7684145055710138,-1.6,0.7923169103244917,0.33953229068782886,0.7923169103244917,30.07,0.7612919923357861,0.361296734564054,0.7612919923357861,36.0,0.7121186607357389,0.3824220265701024,0.7121186607357389,36.1,0.767730244524468,0.3573283147224659,0.767730244524468,68.2,0.7748527577596955,0.3529468796931963,0.7748527577596955
100.0,0.7664628120005705,0.36110068413153484,0.7664628120005705,1808.0,0.7645111184301272,0.3525686648881895,0.7645111184301272,98.0,0.7632436859062297,0.3611438985174144,0.7632436859062297,9.4,0.7923169103244917,0.33953229068782936,0.7923169103244917,27.6,0.7561211726710019,0.3652841819122918,0.7561211726710019,42.0,0.712118660735739,0.3824220265701025,0.712118660735739,36.9,0.7696819380949114,0.3571485203363973,0.7696819380949114,60.8,0.7800235774244799,0.3486571381107939,0.7800235774244799
17.3,0.7612919923357861,0.3651500600026695,0.7612919923357861,1516.0,0.7593402987653429,0.3566529019850497,0.7593402987653429,30.0,0.7664628120005704,0.36110068413153423,0.7664628120005704,4.7,0.7994394235597191,0.334643792005459,0.7994394235597191,3.59,0.7561211726710019,0.3652841819122918,0.7561211726710019,21.0,0.7172894804005232,0.3790882358895713,0.7172894804005232,20.4,0.7696819380949113,0.35714852033639727,0.7696819380949113,73.7,0.7800235774244799,0.34865713811079446,0.7800235774244799
36.9,0.7593402987653428,0.36528749880519307,0.7593402987653428,790.0,0.7593402987653428,0.3566529019850496,0.7593402987653428,67.0,0.7664628120005704,0.36110068413153423,0.7664628120005704,2.3,0.8046102432245034,0.32995377245357127,0.8046102432245034,5.97,0.7561211726710019,0.3652841819122918,0.7561211726710019,29.0,0.7172894804005232,0.3790882358895713,0.7172894804005232,28.6,0.7748527577596955,0.3529468796931963,0.7748527577596955,54.5,0.7871460906597073,0.34402217125497314,0.7871460906597073
20.4,0.7593402987653428,0.36528749880519307,0.7593402987653428,2437.0,0.7593402987653429,0.3566529019850497,0.7593402987653429,52.0,0.7664628120005704,0.36110068413153423,0.7664628120005704,3.9,0.8046102432245033,0.3299537724535712,0.8046102432245033,6.73,0.7561211726710019,0.3652841819122918,0.7561211726710019,40.0,0.7172894804005232,0.3790882358895713,0.7172894804005232,24.7,0.7800235774244798,0.34865713811079385,0.7800235774244798,70.6,0.7923169103244917,0.33953229068782936,0.7923169103244917
43.1,0.7593402987653428,0.36528749880519307,0.7593402987653428,2068.0,0.7522177855301153,0.3607792142727704,0.7522177855301153,20.0,0.7664628120005704,0.3611006841315348,0.7664628120005704,-7.0,0.8046102432245033,0.3299537724535712,0.8046102432245033,12.43,0.7509503530062178,0.36918352832132767,0.7509503530062178,46.0,0.7244119936357509,0.37565701231474163,0.7244119936357509,29.4,0.7800235774244799,0.3486571381107939,0.7800235774244799,71.0,0.7974877299892756,0.3349543091814819,0.7974877299892756
17.3,0.7593402987653428,0.36528749880519307,0.7593402987653428,1754.0,0.750266091959672,0.3609038717737033,0.750266091959672,18.0,0.7664628120005704,0.3611006841315348,0.7664628120005704,0.0,0.8046102432245033,0.3299537724535712,0.8046102432245033,4.69,0.756121172671002,0.36528418191229184,0.756121172671002,51.0,0.7188747969653966,0.37479644582058225,0.7188747969653966,22.4,0.7748527577596955,0.3529468796931963,0.7748527577596955,76.1,0.8026585496540598,0.330288226735933,0.8026585496540598
36.5,0.7593402987653428,0.36528749880519307,0.7593402987653428,909.0,0.7450952722948877,0.3647640327794813,0.7450952722948877,33.0,0.7645111184301271,0.36126206004039624,0.7645111184301271,-1.6,0.7974877299892758,0.33495430918148245,0.7974877299892758,4.02,0.7541694791005586,0.36540756222346304,0.7541694791005586,22.0,0.7137039773006123,0.3781806389976283,0.7137039773006123,20.4,0.7696819380949114,0.3571485203363973,0.7696819380949114,52.2,0.8026585496540599,0.33028822673593305,0.8026585496540599
40.4,0.7612919923357861,0.3651500600026695,0.7612919923357861,778.0,0.7379727590596601,0.3686073575051828,0.7379727590596601,32.0,0.7696819380949114,0.3571485203363973,0.7696819380949114,3.1,0.7974877299892758,0.33495430918148245,0.7974877299892758,4.37,0.7593402987653428,0.361444051981563,0.7593402987653428,13.0,0.7208264905358399,0.3747948830609132,0.7208264905358399,20.8,0.7696819380949114,0.3571485203363973,0.7696819380949114,55.3,0.7974877299892756,0.3349543091814819,0.7974877299892756
57.3,0.7612919923357861,0.3651500600026695,0.7612919923357861,931.0,0.7379727590596601,0.3686073575051828,0.7379727590596601,56.0,0.7696819380949114,0.3571485203363973,0.7696819380949114,-3.9,0.7974877299892758,0.33495430918148145,0.7974877299892758,11.43,0.7612919923357861,0.361296734564054,0.7612919923357861,23.0,0.7263636872061943,0.3756421617305154,0.7263636872061943,30.2,0.7716336316653547,0.3569632073211975,0.7716336316653547,59.6,0.8026585496540599,0.33028822673593305,0.8026585496540599
62.7,0.7612919923357861,0.3651500600026695,0.7612919923357861,2237.0,0.74805620522089,0.3653003528047574,0.74805620522089,54.0,0.7696819380949114,0.3571485203363973,0.7696819380949114,-1.6,0.7974877299892758,0.33495430918148145,0.7974877299892758,22.58,0.7612919923357861,0.361296734564054,0.7612919923357861,33.0,0.7364471333674241,0.3726427945340635,0.7364471333674241,35.3,0.7696819380949114,0.3571485203363973,0.7696819380949114,69.0,0.8097810628892875,0.3251756519624815,0.8097810628892875
70.6,0.7593402987653428,0.36528749880519307,0.7593402987653428,1744.0,0.7573886051948995,0.3615858507699398,0.7573886051948995,65.0,0.7645111184301271,0.36126206004039624,0.7645111184301271,-4.7,0.7974877299892758,0.33495430918148145,0.7974877299892758,18.36,0.7612919923357861,0.361296734564054,0.7612919923357861,43.0,0.7406087136766494,0.37296928254839623,0.7406087136766494,34.1,0.7696819380949114,0.3571485203363973,0.7696819380949114,67.1,0.8149518825540718,0.32030943053219024,0.8149518825540718
17.6,0.7522177855301152,0.36933281969784154,0.7522177855301152,1664.0,0.7606077312892403,0.36156825597072506,0.7606077312892403,55.0,0.7696819380949114,0.3571485203363973,0.7696819380949114,3.1,0.7974877299892758,0.33495430918148245,0.7974877299892758,4.05,0.7664628120005704,0.35722118627661564,0.7664628120005704,45.0,0.7406087136766494,0.37296928254839623,0.7406087136766494,21.6,0.7748527577596958,0.3529468796931964,0.7748527577596958,62.7,0.8097810628892875,0.3251756519624815,0.8097810628892875
58.8,0.7522177855301152,0.36933281969784154,0.7522177855301152,1534.0,0.758656037718797,0.3617130759921925,0.758656037718797,41.0,0.7748527577596955,0.3529468796931968,0.7748527577596955,-5.5,0.7923169103244916,0.3395322906878293,0.7923169103244916,12.48,0.7735853252357983,0.3528568267906566,0.7735853252357983,48.0,0.7364471333674243,0.3726427945340636,0.7364471333674243,30.2,0.7800235774244798,0.34865713811079385,0.7800235774244798,67.5,0.8149518825540717,0.3203094305321897,0.8149518825540717
55.3,0.747046965865331,0.37315811947789507,0.747046965865331,1648.0,0.758656037718797,0.3617130759921925,0.758656037718797,52.0,0.776804451330139,0.35273762957165883,0.776804451330139,0.0,0.7923169103244917,0.33953229068782936,0.7923169103244917,14.36,0.776804451330139,0.35273762957165833,0.776804451330139,33.67243525896414,0.7312763137026399,0.3762561352016013,0.7312763137026399,31.0,0.7871460906597074,0.3440221712549732,0.7871460906597074,69.0,0.8201227022188562,0.3153551081626965,0.8201227022188562
17.6,0.747046965865331,0.37315811947789507,0.747046965865331,1713.0,0.758656037718797,0.3617130759921925,0.758656037718797,21.0,0.7819752709949231,0.3484239508829175,0.7819752709949231,0.0,0.7974877299892758,0.33495430918148195,0.7974877299892758,4.63,0.776804451330139,0.35273762957165833,0.776804451330139,44.0,0.7332280072730833,0.37622367858001754,0.7332280072730833,22.4,0.7819752709949231,0.3484239508829175,0.7819752709949231,63.5,0.8149518825540718,0.32030943053218974,0.8149518825540718
39.2,0.747046965865331,0.37315811947789507,0.747046965865331,790.0,0.758656037718797,0.3617130759921925,0.758656037718797,32.0,0.7819752709949231,0.3484239508829175,0.7819752709949231,3.1,0.8026585496540598,0.33028822673593244,0.8026585496540598,4.21,0.7696819380949114,0.3571485203363973,0.7696819380949114,7.0,0.7332280072730833,0.37622367858001854,0.7332280072730833,20.4,0.7819752709949233,0.34842395088291755,0.7819752709949233,56.1,0.8078293693188441,0.32553404335118263,0.8078293693188441
65.9,0.747046965865331,0.37315811947789607,0.747046965865331,1343.0,0.763826857383581,0.357671347607209,0.763826857383581,55.0,0.7819752709949231,0.3484239508829175,0.7819752709949231,-3.1,0.7974877299892758,0.33495430918148195,0.7974877299892758,13.46,0.7696819380949114,0.3571485203363973,0.7696819380949114,17.0,0.7383988269378676,0.372586400806142,0.7383988269378676,30.6,0.7819752709949231,0.3484239508829175,0.7819752709949231,62.0,0.8130001889836285,0.32069175902722813,0.8130001889836285
17.3,0.747046965865331,0.37315811947789507,0.747046965865331,1655.0,0.7638268573835811,0.35767134760720903,0.7638268573835811,62.0,0.7819752709949231,0.3484239508829175,0.7819752709949231,-0.8,0.7974877299892758,0.33495430918148195,0.7974877299892758,23.53,0.7645111184301272,0.36126206004039624,0.7645111184301272,30.0,0.7383988269378675,0.37258640080614197,0.7383988269378675,34.9,0.7819752709949231,0.3484239508829175,0.7819752709949231,63.5,0.8130001889836285,0.32069175902722813,0.8130001889836285
19.2,0.747046965865331,0.37315811947789607,0.747046965865331,2498.0,0.763826857383581,0.357671347607209,0.763826857383581,52.0,0.776804451330139,0.35273762957165883,0.776804451330139,6.2,0.7974877299892758,0.33495430918148195,0.7974877299892758,6.7,0.7593402987653428,0.36528749880519307,0.7593402987653428,34.0,0.7364471333674243,0.3726427945340636,0.7364471333674243,25.1,0.776804451330139,0.35273762957165883,0.776804451330139,68.2,0.8130001889836285,0.32069175902722813,0.8130001889836285
56.5,0.747046965865331,0.37315811947789507,0.747046965865331,1753.0,0.758656037718797,0.3617130759921925,0.758656037718797,27.0,0.776804451330139,0.35273762957165883,0.776804451330139,1.6,0.7974877299892758,0.33495430918148145,0.7974877299892758,13.47,0.7645111184301272,0.36126206004039724,0.7645111184301272,29.0,0.7416179530322082,0.3689413529273233,0.7416179530322082,30.6,0.7819752709949233,0.34842395088291755,0.7819752709949233,69.0,0.8130001889836285,0.32069175902722813,0.8130001889836285
55.7,0.7522177855301152,0.36933281969784154,0.7522177855301152,1975.0,0.758656037718797,0.3617130759921925,0.758656037718797,26.0,0.7696819380949113,0.35714852033639727,0.7696819380949113,-3.1,0.8026585496540599,0.33028822673593305,0.8026585496540599,18.35,0.7664628120005705,0.36110068413153484,0.7664628120005705,21.0,0.7500078987913333,0.3651930636310686,0.7500078987913333,32.9,0.7819752709949233,0.34842395088291755,0.7819752709949233,69.0,0.8078293693188441,0.32553404335118263,0.8078293693188441
83.9,0.747046965865331,0.37315811947789607,0.747046965865331,2042.0,0.758656037718797,0.3617130759921925,0.758656037718797,66.0,0.7768044513301388,0.3527376295716582,0.7768044513301388,-3.9,0.8026585496540599,0.33028822673593305,0.8026585496540599,25.63,0.7664628120005704,0.3611006841315348,0.7664628120005704,34.0,0.7500078987913333,0.3651930636310686,0.7500078987913333,35.3,0.7819752709949233,0.34842395088291755,0.7819752709949233,66.7,0.8026585496540598,0.33028822673593244,0.8026585496540598
19.6,0.7418761462005469,0.3768953183187486,0.7418761462005469,2380.0,0.7515335244835692,0.3657820677239708,0.7515335244835692,79.0,0.7819752709949231,0.3484239508829175,0.7819752709949231,2.3,0.8026585496540599,0.33028822673593305,0.8026585496540599,6.97,0.7612919923357861,0.3651500600026695,0.7612919923357861,40.0,0.7448370791265492,0.3690205975935695,0.7448370791265492,27.1,0.7819752709949231,0.3484239508829175,0.7819752709949231,63.1,0.8026585496540598,0.33028822673593244,0.8026585496540598
98.0,0.747046965865331,0.37315811947789607,0.747046965865331,2043.0,0.7444110112483417,0.369709565674739,0.7444110112483417,64.0,0.7871460906597073,0.3440221712549752,0.7871460906597073,-0.8,0.8026585496540599,0.33028822673593305,0.8026585496540599,30.06,0.7664628120005704,0.3611006841315348,0.7664628120005704,45.0,0.7428853855561058,0.36910394966091903,0.7428853855561058,37.3,0.7819752709949231,0.3484239508829175,0.7819752709949231,63.9,0.8026585496540598,0.33028822673593244,0.8026585496540598
91.4,0.7541694791005585,0.3692248366307874,0.7541694791005585,2247.0,0.7392401915835577,0.3734391170294403,0.7392401915835577,45.0,0.7819752709949231,0.3484239508829175,0.7819752709949231,-2.3,0.8026585496540599,0.33028822673593305,0.8026585496540599,29.75,0.7716336316653547,0.3569632073211981,0.7716336316653547,46.0,0.7399244526301034,0.36853609284605865,0.7399244526301034,36.5,0.7890977842301509,0.34375952829162687,0.7890977842301509,68.2,0.7974877299892758,0.33495430918148195,0.7974877299892758
49.8,0.7612919923357861,0.3651500600026695,0.7612919923357861,1522.0,0.7463627048187851,0.36962365712421147,0.7463627048187851,47.0,0.7819752709949231,0.3484239508829175,0.7819752709949231,3.1,0.8026585496540599,0.33028822673593305,0.8026585496540599,10.82,0.7716336316653547,0.3569632073211981,0.7716336316653547,44.0,0.7418761462005468,0.3684593095578009,0.7418761462005468,28.2,0.7890977842301509,0.34375952829162687,0.7890977842301509,69.0,0.7923169103244917,0.33953229068782886,0.7923169103244917
42.0,0.7684145055710138,0.36093378959354067,0.7684145055710138,1466.0,0.7534852180540128,0.36566670343797447,0.7534852180540128,19.0,0.7819752709949231,0.3484239508829175,0.7819752709949231,4.7,0.8026585496540599,0.33028822673593305,0.8026585496540599,6.76,0.7716336316653547,0.3569632073211981,0.7716336316653547,43.0,0.7367053265357627,0.37216720579151474,0.7367053265357627,21.6,0.7890977842301509,0.34375952829162687,0.7890977842301509,70.2,0.785194397089264,0.3442792955891904,0.785194397089264
18.0,0.7735853252357979,0.35677237567686615,0.7735853252357979,1385.0,0.7534852180540127,0.3656667034379744,0.7534852180540127,20.0,0.776804451330139,0.35273762957165833,0.776804451330139,16.4,0.8026585496540599,0.33028822673593305,0.8026585496540599,4.21,0.7716336316653547,0.3569632073211981,0.7716336316653547,41.0,0.7315345068709785,0.37578700108602403,0.7315345068709785,20.8,0.7890977842301506,0.34375952829162676,0.7890977842301506,62.7,0.7800235774244798,0.3486571381107944,0.7800235774244798
20.4,0.7735853252357979,0.35677237567686615,0.7735853252357979,1345.0,0.7450952722948877,0.36946530204842876,0.7450952722948877,50.0,0.7716336316653546,0.3569632073211975,0.7716336316653546,14.1,0.8026585496540599,0.33028822673593305,0.8026585496540599,3.63,0.7664628120005704,0.3611006841315348,0.7664628120005704,41.0,0.7263636872061943,0.3793186954413331,0.7263636872061943,20.8,0.7890977842301509,0.34375952829162687,0.7890977842301509,61.2,0.7800235774244798,0.3486571381107944,0.7800235774244798
58.4,0.7684145055710138,0.36093378959354067,0.7684145055710138,1369.0,0.7399244526301036,0.37320473619924716,0.7399244526301036,63.0,0.7716336316653546,0.3569632073211975,0.7716336316653546,10.2,0.8026585496540599,0.33028822673593305,0.8026585496540599,11.17,0.7716336316653546,0.3569632073211975,0.7716336316653546,45.0,0.7315345068709785,0.37578700108602403,0.7315345068709785,29.0,0.7890977842301509,0.34375952829162687,0.7890977842301509,67.1,0.7748527577596955,0.3529468796931963,0.7748527577596955
16.1,0.7684145055710138,0.3609337895935417,0.7684145055710138,1451.0,0.732801939394876,0.3768910825156232,0.732801939394876,30.0,0.7645111184301271,0.36126206004039624,0.7645111184301271,7.0,0.8097810628892875,0.3251756519624815,0.8097810628892875,3.56,0.7716336316653548,0.35696320732119763,0.7716336316653548,18.0,0.7315345068709785,0.3757870010860244,0.7315345068709785,20.8,0.7890977842301509,0.34375952829162687,0.7890977842301509,75.3,0.7696819380949114,0.3571485203363973,0.7696819380949114
39.2,0.7632436859062296,0.3650071025710152,0.7632436859062296,795.0,0.7276311197300918,0.3804303776816996,0.7276311197300918,35.0,0.7645111184301271,0.36126206004039624,0.7645111184301271,-3.9,0.8097810628892876,0.3251756519624815,0.8097810628892876,4.07,0.7716336316653547,0.3569632073211981,0.7716336316653547,0.0,0.7315345068709785,0.3757870010860249,0.7315345068709785,20.4,0.7839269645653666,0.348185245025908,0.7839269645653666,56.5,0.7696819380949114,0.3571485203363973,0.7696819380949114
100.0,0.7580728662414453,0.36899231460928517,0.7580728662414453,1303.0,0.7224603000653076,0.3838815719085746,0.7224603000653076,59.0,0.7645111184301271,0.36126206004039624,0.7645111184301271,0.8,0.8097810628892876,0.3251756519624815,0.8097810628892876,24.26,0.7645111184301271,0.36126206004039624,0.7645111184301271,17.0,0.7315345068709785,0.37578700108602403,0.7315345068709785,36.9,0.7839269645653665,0.348185245025908,0.7839269645653665,59.2,0.7645111184301272,0.36126206004039624,0.7645111184301272
65.9,0.7580728662414452,0.36899231460928517,0.7580728662414452,1682.0,0.7224603000653076,0.3838815719085746,0.7224603000653076,70.0,0.7645111184301271,0.36126206004039624,0.7645111184301271,-7.0,0.8046102432245033,0.3299537724535712,0.8046102432245033,15.84,0.7645111184301271,0.36126206004039624,0.7645111184301271,29.0,0.7315345068709785,0.37578700108602403,0.7315345068709785,31.8,0.7839269645653666,0.348185245025908,0.7839269645653666,67.8,0.7645111184301272,0.36126206004039624,0.7645111184301272
19.6,0.7580728662414452,0.36899231460928517,0.7580728662414452,2402.0,0.7172894804005232,0.38724466519624534,0.7172894804005232,76.0,0.7645111184301271,0.36126206004039724,0.7645111184301271,-3.1,0.8046102432245033,0.3299537724535712,0.8046102432245033,6.45,0.7664628120005704,0.36110068413153423,0.7664628120005704,40.0,0.7315345068709785,0.37578700108602403,0.7315345068709785,24.3,0.7890977842301509,0.34375952829162687,0.7890977842301509,75.3,0.7593402987653428,0.36528749880519307,0.7593402987653428
100.0,0.7580728662414452,0.36899231460928517,0.7580728662414452,2173.0,0.7088995346413982,0.3902030835339969,0.7088995346413982,78.0,0.7625594248596836,0.36141791732012696,0.7625594248596836,0.0,0.8046102432245033,0.3299537724535712,0.8046102432245033,39.14,0.7664628120005704,0.36110068413153423,0.7664628120005704,50.0,0.7315345068709785,0.37578700108602403,0.7315345068709785,42.7,0.7890977842301509,0.34375952829162687,0.7890977842301509,63.5,0.7645111184301271,0.36126206004039624,0.7645111184301271
75.7,0.7580728662414452,0.36899231460928517,0.7580728662414452,2106.0,0.7037287149766138,0.3933519835267056,0.7037287149766138,43.0,0.7625594248596836,0.36141791732012696,0.7625594248596836,2.3,0.7994394235597191,0.334643792005459,0.7994394235597191,20.72,0.7664628120005704,0.3611006841315348,0.7664628120005704,63.0,0.7315345068709785,0.37578700108602403,0.7315345068709785,32.2,0.7942686038949351,0.33924571061814374,0.7942686038949351,65.9,0.7645111184301271,0.36126206004039624,0.7645111184301271
18.0,0.7580728662414453,0.36899231460928517,0.7580728662414453,1651.0,0.6985578953118297,0.3964127825802129,0.6985578953118297,20.0,0.7573886051948994,0.3654194189785855,0.7573886051948994,0.0,0.7942686038949351,0.33924571061814374,0.7942686038949351,4.19,0.7664628120005705,0.3611006841315333,0.7664628120005705,49.0,0.7295828133005351,0.3758159101616041,0.7295828133005351,22.0,0.7994394235597191,0.334643792005459,0.7994394235597191,63.1,0.7696819380949114,0.3571485203363973,0.7696819380949114
38.0,0.7632436859062296,0.3650071025710152,0.7632436859062296,795.0,0.6892254953378203,0.39864427243356476,0.6892254953378203,32.0,0.7573886051948995,0.365419418978585,0.7573886051948995,-1.6,0.7942686038949351,0.33924571061814374,0.7942686038949351,4.04,0.773585325235798,0.35677237567686615,0.773585325235798,14.0,0.7244119936357509,0.37932366741057444,0.7244119936357509,20.4,0.8046102432245033,0.3299537724535712,0.8046102432245033,57.3,0.7696819380949114,0.3571485203363973,0.7696819380949114
17.3,0.7632436859062296,0.3650071025710152,0.7632436859062296,2444.0,0.687273801767377,0.3984870947942537,0.687273801767377,63.0,0.7573886051948995,0.365419418978585,0.7573886051948995,3.1,0.7942686038949351,0.33924571061814374,0.7942686038949351,6.34,0.773585325235798,0.35677237567686615,0.773585325235798,31.0,0.7192411739709668,0.3827433237203428,0.7192411739709668,23.9,0.8046102432245033,0.3299537724535712,0.8046102432245033,78.8,0.7696819380949114,0.3571485203363973,0.7696819380949114
18.4,0.7632436859062296,0.3650071025710147,0.7632436859062296,2629.0,0.6956637475265018,0.39600354457408915,0.6956637475265018,59.0,0.7573886051948995,0.365419418978585,0.7573886051948995,3.9,0.7890977842301509,0.34375952829162687,0.7890977842301509,7.31,0.773585325235798,0.35677237567686615,0.773585325235798,41.0,0.7192411739709667,0.3827433237203428,0.7192411739709667,25.9,0.8046102432245033,0.3299537724535712,0.8046102432245033,68.2,0.7696819380949114,0.3571485203363973,0.7696819380949114
87.8,0.756121172671002,0.36911133493460163,0.756121172671002,2175.0,0.6956637475265018,0.39600354457408915,0.6956637475265018,42.0,0.7573886051948995,0.365419418978585,0.7573886051948995,-1.6,0.7890977842301509,0.34375952829162687,0.7890977842301509,28.77,0.7787561449005824,0.3525228608209876,0.7787561449005824,49.0,0.7192411739709667,0.3827433237203428,0.7192411739709667,36.1,0.8046102432245033,0.3299537724535712,0.8046102432245033,67.5,0.7696819380949114,0.3571485203363973,0.7696819380949114
60.8,0.7509503530062179,0.37298450892733287,0.7509503530062179,1680.0,0.6956637475265018,0.39600354457408915,0.6956637475265018,68.0,0.7573886051948995,0.365419418978585,0.7573886051948995,2.3,0.7890977842301509,0.34375952829162687,0.7890977842301509,15.35,0.7787561449005824,0.3525228608209876,0.7787561449005824,54.0,0.708533157635828,0.38506301464303005,0.708533157635828,31.4,0.7994394235597191,0.334643792005459,0.7994394235597191,68.6,0.7645111184301271,0.36126206004039624,0.7645111184301271
82.4,0.7509503530062179,0.37298450892733287,0.7509503530062179,1850.0,0.7027862607617296,0.393077330114971,0.7027862607617296,73.0,0.7522177855301152,0.36933281969784154,0.7522177855301152,-0.8,0.7890977842301509,0.34375952829162687,0.7890977842301509,22.42,0.7839269645653666,0.348185245025908,0.7839269645653666,60.0,0.7024612824527163,0.38381261508353154,0.7024612824527163,34.5,0.8046102432245033,0.3299537724535712,0.8046102432245033,66.3,0.7593402987653428,0.36528749880519307,0.7593402987653428
21.6,0.7561211726710019,0.3691113349346016,0.7561211726710019,1985.0,0.7079570804265137,0.38993831404589885,0.7079570804265137,76.0,0.7522177855301152,0.36933281969784154,0.7522177855301152,-6.2,0.7890977842301509,0.34375952829162687,0.7890977842301509,11.256157120272407,0.7890977842301509,0.34375952829162687,0.7890977842301509,62.0,0.6978736342652839,0.38242006262558575,0.6978736342652839,23.5,0.8046102432245033,0.3299537724535712,0.8046102432245033,67.8,0.7541694791005585,0.3692248366307884,0.7541694791005585
92.5,0.7612919923357861,0.3651500600026695,0.7612919923357861,1723.0,0.707957080426514,0.3899383140458989,0.707957080426514,80.0,0.7509503530062178,0.36918352832132767,0.7509503530062178,-2.3,0.794268603894935,0.33924571061814474,0.794268603894935,23.55,0.794268603894935,0.33924571061814474,0.794268603894935,67.0,0.6857481760751409,0.38373213036883225,0.6857481760751409,35.3,0.8097810628892875,0.3251756519624815,0.8097810628892875,63.5,0.7541694791005586,0.3692248366307884,0.7541694791005586
61.6,0.7664628120005704,0.3611006841315348,0.7664628120005704,1524.0,0.7079570804265137,0.38993831404589885,0.7079570804265137,60.0,0.7509503530062178,0.36918352832132767,0.7509503530062178,6.2,0.794268603894935,0.33924571061814474,0.794268603894935,15.02,0.794268603894935,0.33924571061814474,0.794268603894935,59.0,0.6837964825046976,0.3836067534013727,0.6837964825046976,32.2,0.8097810628892875,0.3251756519624815,0.8097810628892875,72.2,0.7612919923357861,0.3651500600026695,0.7612919923357861
53.3,0.7716336316653546,0.356963207321198,0.7716336316653546,1617.0,0.7027862607617296,0.393077330114971,0.7027862607617296,20.0,0.7457795333414338,0.3729947737911605,0.7457795333414338,0.8,0.794268603894935,0.33924571061814474,0.794268603894935,11.68,0.7994394235597191,0.334643792005459,0.7994394235597191,56.0,0.6837964825046976,0.38360675340137307,0.6837964825046976,29.4,0.8097810628892875,0.3251756519624815,0.8097810628892875,68.6,0.7612919923357861,0.3651500600026695,0.7612919923357861
38.0,0.7664628120005704,0.36110068413153423,0.7664628120005704,882.0,0.7079570804265136,0.38993831404589874,0.7079570804265136,32.0,0.7438278397709903,0.373070279889653,0.7438278397709903,-2.3,0.7890977842301509,0.34375952829162687,0.7890977842301509,4.23,0.794268603894935,0.33924571061814474,0.794268603894935,31.0,0.6786256628399133,0.3864871925439752,0.6786256628399133,20.0,0.8097810628892875,0.3251756519624815,0.8097810628892875,64.3,0.7664628120005704,0.36110068413153423,0.7664628120005704
69.4,0.7716336316653546,0.356963207321198,0.7716336316653546,1715.0,0.7150795936617413,0.38675856776023043,0.7150795936617413,62.0,0.7470469658653313,0.3731581194778952,0.7470469658653313,-6.2,0.7890977842301509,0.34375952829162687,0.7890977842301509,17.23,0.7994394235597191,0.334643792005459,0.7994394235597191,41.0,0.6715031496046857,0.3891007609381061,0.6715031496046857,32.5,0.8149518825540718,0.32030943053218974,0.8149518825540718,67.5,0.7716336316653547,0.3569632073211981,0.7716336316653547
85.5,0.7716336316653546,0.356963207321198,0.7716336316653546,1500.0,0.722202106896969,0.3834373276935503,0.722202106896969,65.0,0.7470469658653313,0.3731581194778952,0.7470469658653313,-3.9,0.7839269645653666,0.348185245025908,0.7839269645653666,22.23,0.7994394235597191,0.334643792005459,0.7994394235597191,49.0,0.6643806363694583,0.3915728355512272,0.6643806363694583,35.3,0.8149518825540718,0.32030943053218974,0.8149518825540718,64.3,0.7716336316653547,0.3569632073211981,0.7716336316653547
59.2,0.7716336316653546,0.356963207321198,0.7716336316653546,1668.0,0.7293246201321966,0.3799745938458608,0.7293246201321966,68.0,0.7438278397709903,0.373070279889654,0.7438278397709903,-3.1,0.7839269645653666,0.348185245025908,0.7839269645653666,14.6,0.7994394235597191,0.334643792005459,0.7994394235597191,54.0,0.6572581231342307,0.3939034163833387,0.6572581231342307,31.0,0.8097810628892875,0.3251756519624815,0.8097810628892875,68.6,0.7716336316653547,0.3569632073211981,0.7716336316653547
47.8,0.776804451330139,0.35273762957165883,0.776804451330139,1897.0,0.7364471333674243,0.3763703662171607,0.7364471333674243,19.0,0.741876146200547,0.37314026735901595,0.741876146200547,0.0,0.7819752709949231,0.3484239508829175,0.7819752709949231,6.53,0.794268603894935,0.33924571061814474,0.794268603894935,53.0,0.6572581231342307,0.39390341638333787,0.6572581231342307,23.9,0.8097810628892875,0.3251756519624815,0.8097810628892875,70.2,0.7716336316653547,0.3569632073211981,0.7716336316653547
28.2,0.776804451330139,0.35273762957165883,0.776804451330139,1743.0,0.7457795333414338,0.3729947737911605,0.7457795333414338,23.0,0.741876146200547,0.37314026735901595,0.741876146200547,-0.8,0.7748527577596955,0.3529468796931968,0.7748527577596955,11.81,0.7890977842301509,0.34375952829162687,0.7890977842301509,48.0,0.6572581231342307,0.39390341638333787,0.6572581231342307,29.8,0.8046102432245033,0.3299537724535712,0.8046102432245033,63.1,0.7716336316653547,0.3569632073211981,0.7716336316653547
34.9,0.776804451330139,0.35273762957165883,0.776804451330139,824.0,0.7541694791005585,0.3692248366307874,0.7541694791005585,32.0,0.7418761462005469,0.37314026735901584,0.7418761462005469,3.9,0.7748527577596955,0.3529468796931968,0.7748527577596955,3.98,0.7890977842301509,0.34375952829162687,0.7890977842301509,37.0,0.6643806363694582,0.3915728355512271,0.6643806363694582,20.0,0.8046102432245033,0.3299537724535712,0.8046102432245033,58.4,0.7696819380949113,0.35714852033639727,0.7696819380949113
81.2,0.7768044513301391,0.3527376295716589,0.7768044513301391,2079.0,0.7593402987653428,0.36528749880519257,0.7593402987653428,31.0,0.7418761462005469,0.37314026735901584,0.7418761462005469,5.5,0.7748527577596955,0.3529468796931968,0.7748527577596955,9.23,0.794268603894935,0.33924571061814474,0.794268603894935,41.0,0.6643806363694582,0.3915728355512271,0.6643806363694582,25.9,0.8046102432245033,0.3299537724535712,0.8046102432245033,67.1,0.7696819380949113,0.35714852033639727,0.7696819380949113
37.3,0.7768044513301391,0.3527376295716589,0.7768044513301391,792.0,0.7645111184301271,0.36126206004039724,0.7645111184301271,33.0,0.7418761462005469,0.37314026735901584,0.7418761462005469,-2.3,0.7800235774244798,0.3486571381107949,0.7800235774244798,4.23,0.7994394235597191,0.334643792005459,0.7994394235597191,34.0,0.6715031496046857,0.3891007609381061,0.6715031496046857,20.4,0.8097810628892875,0.3251756519624815,0.8097810628892875,61.2,0.7696819380949113,0.35714852033639727,0.7696819380949113
51.0,0.776804451330139,0.35273762957165883,0.776804451330139,955.0,0.7696819380949113,0.35714852033639777,0.7696819380949113,90.0,0.741876146200547,0.37314026735901595,0.741876146200547,3.1,0.7800235774244798,0.34865713811079546,0.7800235774244798,10.68,0.7994394235597191,0.334643792005459,0.7994394235597191,42.0,0.6786256628399132,0.3864871925439751,0.6786256628399132,30.2,0.8149518825540717,0.32030943053219024,0.8149518825540717,54.9,0.7696819380949111,0.35714852033639716,0.7696819380949111
38.0,0.7768044513301391,0.3527376295716589,0.7768044513301391,1918.0,0.7748527577596954,0.3529468796931978,0.7748527577596954,65.0,0.741876146200547,0.37314026735901595,0.741876146200547,-1.6,0.7729010641892522,0.35315061118560426,0.7729010641892522,13.95,0.7994394235597191,0.334643792005459,0.7994394235597191,59.0,0.6837964825046974,0.3836067534013716,0.6837964825046974,31.0,0.8149518825540717,0.32030943053219024,0.8149518825540717,74.5,0.7696819380949111,0.35714852033639716,0.7696819380949111
84.3,0.7819752709949231,0.3484239508829175,0.7819752709949231,2025.0,0.7696819380949111,0.3571485203363977,0.7696819380949111,22.0,0.741876146200547,0.37314026735901595,0.741876146200547,-4.7,0.767730244524468,0.3573283147224659,0.767730244524468,24.69,0.7994394235597191,0.334643792005459,0.7994394235597191,57.0,0.6837964825046976,0.38360675340137307,0.6837964825046976,27.8,0.8078293693188441,0.32553404335118263,0.8078293693188441,66.7,0.7696819380949111,0.35714852033639716,0.7696819380949111
100.0,0.7819752709949231,0.3484239508829175,0.7819752709949231,1960.0,0.761291992335786,0.3612967345640539,0.761291992335786,19.0,0.7367053265357628,0.3768155376769705,0.7367053265357628,-5.5,0.767730244524468,0.3573283147224659,0.767730244524468,33.61,0.7994394235597191,0.334643792005459,0.7994394235597191,56.0,0.6889673021694818,0.38063821331956893,0.6889673021694818,65.1,0.8078293693188441,0.32553404335118263,0.8078293693188441,59.6,0.7645111184301271,0.36126206004039624,0.7645111184301271
51.8,0.7819752709949231,0.3484239508829175,0.7819752709949231,1793.0,0.761291992335786,0.3612967345640539,0.761291992335786,26.0,0.7367053265357627,0.376815537676971,0.7367053265357627,3.9,0.767730244524468,0.3573283147224659,0.767730244524468,12.91,0.7994394235597191,0.334643792005459,0.7994394235597191,48.0,0.7010927603596248,0.37920264052134034,0.7010927603596248,30.6,0.8026585496540598,0.33028822673593244,0.8026585496540598,71.8,0.7625594248596836,0.36141791732012746,0.7625594248596836
100.0,0.7819752709949231,0.3484239508829175,0.7819752709949231,1618.0,0.7664628120005704,0.35722118627661564,0.7664628120005704,47.0,0.741876146200547,0.37314026735901595,0.741876146200547,5.5,0.767730244524468,0.3573283147224659,0.767730244524468,23.26,0.7994394235597191,0.334643792005459,0.7994394235597191,50.0,0.6927028146004998,0.3819815748059093,0.6927028146004998,35.3,0.8026585496540598,0.33028822673593244,0.8026585496540598,67.1,0.7677302445244679,0.35732831472246684,0.7677302445244679
54.1,0.7819752709949231,0.3484239508829175,0.7819752709949231,1647.0,0.7664628120005704,0.35722118627661414,0.7664628120005704,21.0,0.741876146200547,0.37314026735901595,0.741876146200547,0.0,0.767730244524468,0.3573283147224659,0.767730244524468,5.65,0.8046102432245033,0.3299537724535712,0.8046102432245033,41.0,0.6927028146004998,0.3819815748059093,0.6927028146004998,22.0,0.8026585496540598,0.33028822673593244,0.8026585496540598,68.6,0.7729010641892521,0.3531506111856042,0.7729010641892521
74.1,0.7819752709949231,0.3484239508829175,0.7819752709949231,2120.0,0.7664628120005705,0.3572211862766142,0.7664628120005705,56.0,0.7470469658653309,0.36937689610185864,0.7470469658653309,1.6,0.767730244524468,0.3573283147224659,0.767730244524468,23.75,0.7994394235597191,0.334643792005459,0.7994394235597191,48.0,0.6927028146004998,0.3819815748059093,0.6927028146004998,34.5,0.7974877299892758,0.33495430918148195,0.7974877299892758,67.8,0.7729010641892521,0.3531506111856042,0.7729010641892521
19.6,0.7871460906597073,0.3440221712549742,0.7871460906597073,1799.0,0.7612919923357864,0.3612967345640541,0.7612919923357864,19.0,0.7470469658653309,0.36937689610185964,0.7470469658653309,-5.5,0.7625594248596836,0.3614179173201259,0.7625594248596836,4.78,0.7994394235597191,0.334643792005459,0.7994394235597191,47.0,0.6927028146004998,0.3819815748059093,0.6927028146004998,22.0,0.7923169103244917,0.33953229068782886,0.7923169103244917,63.8636053593179,0.7729010641892521,0.3531506111856042,0.7729010641892521
18.0,0.7871460906597074,0.3440221712549742,0.7871460906597074,1532.0,0.756121172671002,0.36528418191229184,0.756121172671002,27.0,0.747046965865331,0.3693768961018587,0.747046965865331,0.0,0.7625594248596836,0.36141791732012696,0.7625594248596836,4.11,0.8046102432245033,0.3299537724535712,0.8046102432245033,45.0,0.6978736342652839,0.378887733039927,0.6978736342652839,21.6,0.7974877299892758,0.33495430918148195,0.7974877299892758,62.4,0.7729010641892521,0.3531506111856042,0.7729010641892521
18.4,0.7871460906597074,0.3440221712549742,0.7871460906597074,1477.0,0.756121172671002,0.36528418191229184,0.756121172671002,20.0,0.747046965865331,0.3693768961018587,0.747046965865331,2.3,0.7625594248596836,0.3614179173201259,0.7625594248596836,3.95,0.8046102432245033,0.3299537724535712,0.8046102432245033,44.0,0.7044129760231599,0.3803176548672756,0.7044129760231599,21.2,0.7974877299892758,0.33495430918148145,0.7974877299892758,62.7,0.7677302445244679,0.35732831472246634,0.7677302445244679
19.2,0.7923169103244917,0.33953229068782886,0.7923169103244917,1475.0,0.7489986594357743,0.3692829715261589,0.7489986594357743,51.0,0.7470469658653309,0.36937689610185864,0.7470469658653309,12.5,0.7625594248596836,0.36141791732012696,0.7625594248596836,3.88,0.7974877299892758,0.33495430918148145,0.7974877299892758,48.0,0.7104848512062715,0.38152304268848014,0.7104848512062715,21.6,0.7923169103244916,0.33953229068782886,0.7923169103244916,63.1,0.7748527577596954,0.3529468796931978,0.7748527577596954
97.3,0.7923169103244917,0.33953229068782886,0.7923169103244917,1683.0,0.756121172671002,0.36528418191229284,0.756121172671002,52.0,0.741876146200547,0.37314026735901595,0.741876146200547,0.8,0.7625594248596836,0.3614179173201259,0.7625594248596836,24.59,0.7923169103244916,0.3395322906878304,0.7923169103244916,57.0,0.7104848512062715,0.38152304268847964,0.7104848512062715,35.7,0.7871460906597073,0.3440221712549752,0.7871460906597073,62.4,0.7800235774244798,0.3486571381107949,0.7800235774244798
18.4,0.7923169103244917,0.33953229068782886,0.7923169103244917,1856.0,0.7561211726710019,0.3652841819122928,0.7561211726710019,18.0,0.747046965865331,0.3693768961018587,0.747046965865331,3.9,0.767730244524468,0.3573283147224659,0.767730244524468,6.57,0.7923169103244916,0.3395322906878304,0.7923169103244916,54.0,0.7053140315414873,0.384754971093461,0.7053140315414873,27.8,0.7871460906597073,0.3440221712549752,0.7871460906597073,63.1,0.7800235774244798,0.3486571381107949,0.7800235774244798
39.2,0.7923169103244917,0.33953229068782886,0.7923169103244917,1747.0,0.7612919923357861,0.3612967345640545,0.7612919923357861,46.0,0.7522177855301152,0.3655254239055005,0.7522177855301152,-0.8,0.7748527577596955,0.3529468796931963,0.7748527577596955,10.16,0.7974877299892758,0.33495430918148145,0.7974877299892758,52.0,0.700143211876703,0.38789879855923987,0.700143211876703,28.6,0.7871460906597073,0.3440221712549752,0.7871460906597073,72.5,0.7800235774244797,0.34865713811079485,0.7800235774244797
88.2,0.7994394235597191,0.334643792005459,0.7994394235597191,1777.0,0.7593402987653427,0.36144405198156293,0.7593402987653427,18.0,0.7573886051948995,0.3615858507699398,0.7573886051948995,-2.3,0.7748527577596955,0.3529468796931968,0.7748527577596955,22.27,0.7974877299892758,0.33495430918148145,0.7974877299892758,49.0,0.6930206986414753,0.3908364023137931,0.6930206986414753,32.2,0.7871460906597073,0.3440221712549752,0.7871460906597073,64.7,0.7800235774244798,0.3486571381107949,0.7800235774244798
66.3,0.7994394235597191,0.334643792005459,0.7994394235597191,1558.0,0.7541694791005586,0.36540756222346255,0.7541694791005586,48.0,0.7593402987653428,0.3614440519815635,0.7593402987653428,5.5,0.7748527577596955,0.3529468796931968,0.7748527577596955,15.02,0.7974877299892758,0.33495430918148145,0.7974877299892758,47.0,0.6930206986414754,0.3908364023137936,0.6930206986414754,31.4,0.7923169103244916,0.33953229068782886,0.7923169103244916,69.8,0.7851943970892639,0.34427929558919035,0.7851943970892639
15.7,0.7994394235597191,0.334643792005459,0.7994394235597191,1532.0,0.7489986594357743,0.3692829715261584,0.7489986594357743,20.0,0.7645111184301272,0.35739244080046206,0.7645111184301272,0.0,0.7696819380949114,0.3571485203363973,0.7696819380949114,3.98,0.8026585496540599,0.3302882267359325,0.8026585496540599,43.0,0.6930206986414753,0.3908364023137935,0.6930206986414753,21.2,0.7994394235597191,0.334643792005459,0.7994394235597191,75.7,0.7903652167540481,0.3398133521283833,0.7903652167540481
28.6,0.7994394235597191,0.334643792005459,0.7994394235597191,1453.0,0.7522177855301152,0.36933281969784154,0.7522177855301152,47.0,0.7645111184301272,0.35739244080046206,0.7645111184301272,-1.6,0.7696819380949114,0.3571485203363973,0.7696819380949114,9.83,0.8026585496540599,0.3302882267359325,0.8026585496540599,47.0,0.7001432118767031,0.38789879855923903,0.7001432118767031,28.2,0.7994394235597191,0.334643792005459,0.7994394235597191,61.2,0.7974877299892758,0.33495430918148145,0.7974877299892758
17.6,0.8046102432245033,0.3299537724535712,0.8046102432245033,1524.0,0.7522177855301152,0.36933281969784154,0.7522177855301152,20.0,0.7645111184301271,0.357392440800462,0.7645111184301271,0.0,0.7696819380949114,0.3571485203363973,0.7696819380949114,4.1,0.8026585496540599,0.3302882267359325,0.8026585496540599,43.0,0.7053140315414873,0.38475497109346013,0.7053140315414873,21.2,0.7994394235597191,0.334643792005459,0.7994394235597191,67.1,0.8026585496540598,0.33028822673593244,0.8026585496540598
18.4,0.8046102432245034,0.32995377245357127,0.8046102432245034,1549.0,0.7470469658653313,0.3731581194778952,0.7470469658653313,22.0,0.7645111184301271,0.357392440800462,0.7645111184301271,0.0,0.7748527577596955,0.3529468796931968,0.7748527577596955,4.31,0.8026585496540599,0.3302882267359325,0.8026585496540599,36.0,0.7053140315414873,0.38475497109346013,0.7053140315414873,22.4,0.7994394235597191,0.334643792005459,0.7994394235597191,74.9,0.7974877299892758,0.33495430918148145,0.7974877299892758
34.5,0.8046102432245034,0.32995377245357127,0.8046102432245034,916.0,0.7470469658653313,0.3731581194778952,0.7470469658653313,76.0,0.7696819380949114,0.35325272868015845,0.7696819380949114,-2.3,0.7748527577596955,0.3529468796931968,0.7748527577596955,4.21,0.8078293693188441,0.3255340433511821,0.8078293693188441,22.0,0.7033623379710439,0.38468472253411456,0.7033623379710439,19.2,0.7923169103244917,0.33953229068782886,0.7923169103244917,52.2,0.8046102432245033,0.3299537724535712,0.8046102432245033
100.0,0.8046102432245033,0.3299537724535712,0.8046102432245033,1303.0,0.7489986594357746,0.37307407351717936,0.7489986594357746,72.0,0.7645111184301271,0.357392440800462,0.7645111184301271,0.8,0.7800235774244797,0.34865713811079535,0.7800235774244797,22.5,0.8078293693188441,0.3255340433511821,0.8078293693188441,38.0,0.6981915183062595,0.387804612893555,0.6981915183062595,46.7,0.7923169103244917,0.33953229068782886,0.7923169103244917,51.0,0.8026585496540599,0.3302882267359325,0.8026585496540599
32.5,0.7994394235597191,0.334643792005459,0.7994394235597191,838.0,0.7541694791005585,0.3692248366307864,0.7541694791005585,58.0,0.7593402987653429,0.36144405198156254,0.7593402987653429,-6.2,0.7800235774244798,0.3486571381107944,0.7800235774244798,3.72,0.8078293693188441,0.3255340433511821,0.8078293693188441,39.0,0.7088995346413982,0.3857301956753535,0.7088995346413982,20.0,0.7923169103244917,0.33953229068782886,0.7923169103244917,59.6,0.7955360364188324,0.3352593077283743,0.7955360364188324
20.4,0.794268603894935,0.33924571061814474,0.794268603894935,1833.0,0.7593402987653427,0.365287498805193,0.7593402987653427,61.0,0.7664628120005704,0.35722118627661414,0.7664628120005704,7.0,0.7800235774244797,0.34865713811079485,0.7800235774244797,5.59,0.8078293693188441,0.3255340433511821,0.8078293693188441,42.0,0.7140703543061824,0.3824605688276855,0.7140703543061824,23.5,0.7871460906597073,0.3440221712549752,0.7871460906597073,68.6,0.7955360364188324,0.3352593077283743,0.7955360364188324
22.4,0.794268603894935,0.33924571061814474,0.794268603894935,1880.0,0.7645111184301271,0.36126206004039624,0.7645111184301271,48.0,0.7664628120005704,0.35722118627661414,0.7664628120005704,-0.8,0.7871460906597073,0.3440221712549752,0.7871460906597073,5.05,0.8130001889836284,0.3206917590272292,0.8130001889836284,47.0,0.7033623379710439,0.38468472253411456,0.7033623379710439,22.7,0.7923169103244916,0.33953229068782886,0.7923169103244916,56.5,0.7955360364188324,0.3352593077283743,0.7955360364188324
61.2,0.794268603894935,0.33924571061814474,0.794268603894935,1818.0,0.7645111184301271,0.36126206004039624,0.7645111184301271,21.0,0.7664628120005705,0.3572211862766147,0.7664628120005705,-3.9,0.7871460906597073,0.3440221712549752,0.7871460906597073,16.21,0.8149518825540718,0.32030943053218974,0.8149518825540718,53.0,0.6992421563583757,0.3834827706401475,0.6992421563583757,31.8,0.7923169103244916,0.33953229068782886,0.7923169103244916,68.6,0.7903652167540481,0.3398133521283833,0.7903652167540481
17.6,0.794268603894935,0.33924571061814474,0.794268603894935,1676.0,0.7664628120005704,0.3611006841315348,0.7664628120005704,75.0,0.7664628120005705,0.3572211862766147,0.7664628120005705,1.6,0.7890977842301506,0.34375952829162787,0.7890977842301506,4.32,0.820122702218856,0.3153551081626964,0.820122702218856,49.0,0.7024612824527166,0.3838126150835316,0.7024612824527166,22.0,0.7923169103244917,0.33953229068782886,0.7923169103244917,63.1,0.7974877299892758,0.33495430918148195,0.7974877299892758
78.0,0.7994394235597191,0.334643792005459,0.7994394235597191,1669.0,0.7684145055710139,0.3609337895935407,0.7684145055710139,51.0,0.7716336316653547,0.3530575370499728,0.7716336316653547,3.1,0.7890977842301506,0.34375952829162787,0.7890977842301506,18.18,0.8252935218836402,0.3103126848540011,0.8252935218836402,53.0,0.7076321021175007,0.3806095078941016,0.7076321021175007,32.5,0.7923169103244917,0.33953229068782886,0.7923169103244917,65.9,0.8046102432245033,0.3299537724535712,0.8046102432245033
40.4,0.7994394235597191,0.334643792005459,0.7994394235597191,882.0,0.7664628120005704,0.3611006841315348,0.7664628120005704,34.0,0.7716336316653547,0.3530575370499728,0.7716336316653547,-2.3,0.7839269645653666,0.34818524502590903,0.7839269645653666,4.45,0.820122702218856,0.3153551081626964,0.820122702218856,23.0,0.7076321021175007,0.3806095078941016,0.7076321021175007,20.4,0.7923169103244917,0.33953229068782886,0.7923169103244917,64.3,0.7994394235597191,0.334643792005459,0.7994394235597191
38.0,0.794268603894935,0.33924571061814474,0.794268603894935,796.0,0.7632436859062296,0.3611438985174149,0.7632436859062296,31.0,0.7716336316653547,0.3530575370499728,0.7716336316653547,0.0,0.776804451330139,0.35273762957165883,0.776804451330139,4.05,0.820122702218856,0.3153551081626964,0.820122702218856,9.0,0.7076321021175007,0.3806095078941016,0.7076321021175007,20.0,0.7923169103244917,0.33953229068782886,0.7923169103244917,56.9,0.7994394235597191,0.334643792005459,0.7994394235597191
38.4,0.7994394235597191,0.334643792005459,0.7994394235597191,787.0,0.7590821055970044,0.36099842028191703,0.7590821055970044,34.0,0.7664628120005704,0.35722118627661364,0.7664628120005704,-1.6,0.7748527577596955,0.3529468796931979,0.7748527577596955,4.23,0.8149518825540718,0.32030943053218974,0.8149518825540718,0.0,0.7056804085470574,0.38055745772829996,0.7056804085470574,20.8,0.7923169103244916,0.3395322906878293,0.7923169103244916,57.3,0.7994394235597191,0.334643792005459,0.7994394235597191
68.6,0.7994394235597191,0.334643792005459,0.7994394235597191,1449.0,0.7539112859322201,0.364961929396298,0.7539112859322201,46.0,0.761291992335786,0.3612967345640539,0.761291992335786,1.6,0.7748527577596955,0.3529468796931963,0.7748527577596955,13.23,0.8149518825540718,0.32030943053218974,0.8149518825540718,18.0,0.6985578953118298,0.38365512191012097,0.6985578953118298,30.2,0.7871460906597073,0.3440221712549752,0.7871460906597073,58.0,0.7994394235597191,0.334643792005459,0.7994394235597191
93.3,0.794268603894935,0.33924571061814474,0.794268603894935,1921.0,0.7467887726969925,0.3689317268970883,0.7467887726969925,81.0,0.7645111184301271,0.36126206004039624,0.7645111184301271,-7.0,0.7800235774244798,0.34865713811079385,0.7800235774244798,26.56,0.8149518825540718,0.32030943053219024,0.8149518825540718,32.0,0.6985578953118298,0.38365512191012097,0.6985578953118298,36.1,0.7819752709949231,0.3484239508829175,0.7819752709949231,64.3,0.7994394235597191,0.334643792005459,0.7994394235597191
100.0,0.794268603894935,0.33924571061814474,0.794268603894935,1730.0,0.7467887726969925,0.3689317268970883,0.7467887726969925,90.0,0.7645111184301271,0.36126206004039624,0.7645111184301271,-3.1,0.7800235774244798,0.34865713811079546,0.7800235774244798,32.07,0.8097810628892875,0.3251756519624815,0.8097810628892875,47.0,0.7046297704949414,0.3849340786196491,0.7046297704949414,41.2,0.7819752709949231,0.3484239508829175,0.7819752709949231,58.4,0.7994394235597191,0.334643792005459,0.7994394235597191
19.6,0.7942686038949349,0.33924571061814474,0.7942686038949349,1863.0,0.7416179530322085,0.372695097026725,0.7416179530322085,67.0,0.7716336316653547,0.3569632073211981,0.7716336316653547,5.5,0.7851943970892641,0.34427929558919046,0.7851943970892641,13.01,0.8046102432245033,0.3299537724535712,0.8046102432245033,51.0,0.7046297704949414,0.3849340786196491,0.7046297704949414,34.1,0.7819752709949231,0.3484239508829175,0.7819752709949231,62.7,0.794268603894935,0.33924571061814474,0.794268603894935
70.2,0.794268603894935,0.33924571061814474,0.794268603894935,1979.0,0.7364471333674243,0.3763703662171607,0.7364471333674243,54.0,0.776804451330139,0.35273762957165883,0.776804451330139,-3.9,0.7903652167540484,0.33981335212838343,0.7903652167540484,20.64,0.7994394235597191,0.334643792005459,0.7994394235597191,62.0,0.6933870756470454,0.3867222539476732,0.6933870756470454,33.3,0.776804451330139,0.35273762957165883,0.776804451330139,67.8,0.7890977842301509,0.34375952829162687,0.7890977842301509
63.5,0.794268603894935,0.33924571061814474,0.794268603894935,2083.0,0.7457795333414338,0.37299477379116147,0.7457795333414338,19.0,0.7819752709949231,0.3484239508829175,0.7819752709949231,2.3,0.7851943970892641,0.34427929558919046,0.7851943970892641,19.9,0.7994394235597191,0.334643792005459,0.7994394235597191,64.0,0.6816769142243854,0.3880503550952071,0.6816769142243854,32.9,0.7716336316653547,0.3569632073211981,0.7716336316653547,68.6,0.7890977842301509,0.34375952829162687,0.7890977842301509
74.5,0.794268603894935,0.33924571061814474,0.794268603894935,2111.0,0.7457795333414338,0.37299477379116147,0.7457795333414338,77.0,0.7871460906597073,0.3440221712549752,0.7871460906597073,5.5,0.7800235774244798,0.34865713811079546,0.7800235774244798,23.3,0.7923169103244917,0.33953229068782936,0.7923169103244917,66.0,0.6695514560342423,0.3889164724997056,0.6695514560342423,34.5,0.7716336316653547,0.3569632073211975,0.7716336316653547,68.2,0.7839269645653666,0.348185245025908,0.7839269645653666
98.8,0.7890977842301506,0.34375952829162787,0.7890977842301506,2229.0,0.7477312269118771,0.3729137490635353,0.7477312269118771,54.0,0.7871460906597073,0.3440221712549752,0.7871460906597073,-6.2,0.7800235774244798,0.34865713811079385,0.7800235774244798,32.75,0.7871460906597073,0.3440221712549752,0.7871460906597073,65.0,0.6675997624637989,0.3887266654321744,0.6675997624637989,37.6,0.7716336316653547,0.3569632073211975,0.7716336316653547,65.1,0.7839269645653666,0.348185245025908,0.7839269645653666
64.3,0.7890977842301506,0.34375952829162787,0.7890977842301506,2143.0,0.7477312269118771,0.3729137490635353,0.7477312269118771,62.0,0.7923169103244917,0.33953229068782886,0.7923169103244917,-3.9,0.7800235774244797,0.34865713811079535,0.7800235774244797,20.72,0.7871460906597073,0.3440221712549752,0.7871460906597073,64.0,0.6604772492285714,0.39113982857435686,0.6604772492285714,33.3,0.7696819380949114,0.3571485203363973,0.7696819380949114,69.0,0.7787561449005823,0.3525228608209886,0.7787561449005823
77.3,0.7839269645653665,0.348185245025909,0.7839269645653665,2173.0,0.7457795333414338,0.3729947737911605,0.7457795333414338,21.0,0.7923169103244917,0.33953229068782886,0.7923169103244917,4.7,0.7871460906597074,0.3440221712549742,0.7871460906597074,24.8,0.7871460906597073,0.3440221712549752,0.7871460906597073,68.0,0.6726027074187143,0.39051658036210973,0.6726027074187143,34.9,0.7696819380949114,0.3571485203363973,0.7696819380949114,67.8,0.7839269645653666,0.348185245025908,0.7839269645653666
43.9,0.7890977842301506,0.34375952829162787,0.7890977842301506,1432.0,0.7457795333414338,0.37299477379116147,0.7457795333414338,18.0,0.7871460906597073,0.3440221712549742,0.7871460906597073,8.6,0.7890977842301509,0.34375952829162687,0.7890977842301509,15.5,0.7871460906597073,0.3440221712549752,0.7871460906597073,66.0,0.6843128688413745,0.3894259689307311,0.6843128688413745,32.5,0.7748527577596955,0.3529468796931968,0.7748527577596955,66.7,0.7839269645653666,0.348185245025908,0.7839269645653666
96.9,0.7890977842301506,0.34375952829162787,0.7890977842301506,1842.0,0.7457795333414338,0.3729947737911605,0.7457795333414338,18.0,0.7871460906597073,0.3440221712549742,0.7871460906597073,0.8,0.7890977842301506,0.34375952829162787,0.7890977842301506,25.47,0.7800235774244798,0.34865713811079546,0.7800235774244798,68.0,0.6955555636892703,0.3878691385367251,0.6955555636892703,35.7,0.776804451330139,0.35273762957165883,0.776804451330139,63.1,0.7839269645653666,0.348185245025908,0.7839269645653666
17.6,0.7890977842301506,0.34375952829162787,0.7890977842301506,1822.0,0.7457795333414338,0.3729947737911605,0.7457795333414338,75.0,0.794268603894935,0.33924571061814474,0.794268603894935,3.9,0.7819752709949231,0.3484239508829175,0.7819752709949231,4.87,0.7819752709949231,0.3484239508829175,0.7819752709949231,67.0,0.706263580024409,0.38584808382585045,0.706263580024409,22.4,0.776804451330139,0.35273762957165883,0.776804451330139,63.5,0.7787561449005823,0.3525228608209876,0.7787561449005823
94.5,0.794268603894935,0.33924571061814474,0.794268603894935,1869.0,0.7457795333414338,0.3729947737911605,0.7457795333414338,58.0,0.794268603894935,0.33924571061814474,0.794268603894935,7.0,0.776804451330139,0.35273762957165883,0.776804451330139,26.19,0.7819752709949231,0.3484239508829175,0.7819752709949231,72.0,0.706263580024409,0.38584808382585045,0.706263580024409,36.1,0.776804451330139,0.35273762957165883,0.776804451330139,64.3,0.7716336316653547,0.3569632073211975,0.7716336316653547
60.4,0.7994394235597191,0.334643792005459,0.7994394235597191,1988.0,0.7457795333414338,0.3729947737911605,0.7457795333414338,52.0,0.7890977842301509,0.34375952829162687,0.7890977842301509,3.1,0.776804451330139,0.35273762957165883,0.776804451330139,16.67,0.7819752709949231,0.3484239508829175,0.7819752709949231,76.0,0.706263580024409,0.38584808382585045,0.706263580024409,31.8,0.7716336316653546,0.3569632073211975,0.7716336316653546,67.8,0.7664628120005704,0.3611006841315348,0.7664628120005704
61.2,0.794268603894935,0.33924571061814474,0.794268603894935,2101.0,0.7457795333414338,0.37299477379116147,0.7457795333414338,54.0,0.7890977842301509,0.34375952829162687,0.7890977842301509,3.9,0.7696819380949113,0.35714852033639727,0.7696819380949113,19.3,0.7819752709949231,0.3484239508829175,0.7819752709949231,77.0,0.7062635800244091,0.3858480838258505,0.7062635800244091,32.9,0.7716336316653547,0.3569632073211975,0.7716336316653547,69.0,0.7716336316653547,0.3569632073211975,0.7716336316653547
65.5,0.794268603894935,0.33924571061814474,0.794268603894935,2115.0,0.7386570201062062,0.3767694873139475,0.7386570201062062,42.0,0.7839269645653666,0.348185245025908,0.7839269645653666,-2.3,0.7645111184301271,0.36126206004039624,0.7645111184301271,20.83,0.776804451330139,0.35273762957165883,0.776804451330139,74.0,0.7133860932596366,0.38265331653426155,0.7133860932596366,33.3,0.7716336316653547,0.3569632073211975,0.7716336316653547,68.6,0.7645111184301271,0.36126206004039624,0.7645111184301271
17.3,0.794268603894935,0.33924571061814474,0.794268603894935,1950.0,0.7386570201062062,0.3767694873139475,0.7386570201062062,29.0,0.776804451330139,0.35273762957165883,0.776804451330139,0.0,0.7645111184301271,0.36126206004039624,0.7645111184301271,5.23,0.776804451330139,0.35273762957165883,0.776804451330139,65.0,0.7133860932596366,0.38265331653426155,0.7133860932596366,22.7,0.7768044513301391,0.3527376295716589,0.7768044513301391,65.5,0.7593402987653428,0.36528749880519307,0.7593402987653428
56.5,0.7994394235597191,0.334643792005459,0.7994394235597191,1819.0,0.7386570201062062,0.3767694873139479,0.7386570201062062,17.0,0.776804451330139,0.35273762957165883,0.776804451330139,3.9,0.7593402987653428,0.36528749880519307,0.7593402987653428,15.32,0.7819752709949231,0.3484239508829175,0.7819752709949231,69.0,0.7133860932596366,0.38265331653426155,0.7133860932596366,31.4,0.7839269645653666,0.348185245025908,0.7839269645653666,69.0,0.7522177855301152,0.36933281969784154,0.7522177855301152
17.6,0.7994394235597191,0.334643792005459,0.7994394235597191,1868.0,0.7438278397709903,0.37307027988965447,0.7438278397709903,19.0,0.776804451330139,0.35273762957165883,0.776804451330139,0.0,0.7645111184301271,0.36126206004039624,0.7645111184301271,4.85,0.776804451330139,0.35273762957165833,0.776804451330139,64.0,0.7133860932596366,0.38265331653426155,0.7133860932596366,23.1,0.7890977842301509,0.34375952829162687,0.7890977842301509,63.5,0.7522177855301152,0.36933281969784154,0.7522177855301152
22.0,0.7923169103244917,0.3395322906878305,0.7923169103244917,956.0,0.7489986594357743,0.3692829715261589,0.7489986594357743,36.0,0.776804451330139,0.35273762957165883,0.776804451330139,10.2,0.7593402987653428,0.36528749880519307,0.7593402987653428,3.66,0.776804451330139,0.35273762957165833,0.776804451330139,56.0,0.7133860932596366,0.38265331653426105,0.7133860932596366,21.2,0.7839269645653666,0.3481852450259085,0.7839269645653666,61.2,0.7522177855301152,0.36933281969784204,0.7522177855301152
31.8,0.7871460906597073,0.3440221712549752,0.7871460906597073,800.0,0.7489986594357743,0.3692829715261589,0.7489986594357743,34.0,0.7696819380949113,0.35714852033639727,0.7696819380949113,4.7,0.7645111184301271,0.36126206004039624,0.7645111184301271,3.87,0.776804451330139,0.35273762957165833,0.776804451330139,45.0,0.706263580024409,0.38584808382585045,0.706263580024409,20.0,0.7839269645653666,0.3481852450259085,0.7839269645653666,62.7,0.7573886051948995,0.365419418978585,0.7573886051948995
34.9,0.7871460906597073,0.3440221712549752,0.7871460906597073,863.0,0.7438278397709903,0.373070279889654,0.7438278397709903,32.0,0.7625594248596836,0.36141791732012646,0.7625594248596836,3.1,0.7593402987653428,0.36528749880519307,0.7593402987653428,3.92,0.776804451330139,0.35273762957165883,0.776804451330139,29.0,0.7043118864539655,0.38577758843675725,0.7043118864539655,19.6,0.7890977842301509,0.34375952829162687,0.7890977842301509,54.5,0.7625594248596835,0.3614179173201269,0.7625594248596835
40.8,0.781975270994923,0.34842395088291744,0.781975270994923,788.0,0.7386570201062062,0.3767694873139475,0.7386570201062062,31.0,0.7573886051948995,0.365419418978585,0.7573886051948995,-8.6,0.7593402987653428,0.36528749880519307,0.7593402987653428,4.51,0.776804451330139,0.35273762957165883,0.776804451330139,19.0,0.703044453930068,0.38552620169619733,0.703044453930068,20.8,0.7890977842301509,0.34375952829162687,0.7890977842301509,55.7,0.7625594248596836,0.36141791732012696,0.7625594248596836
38.0,0.781975270994923,0.34842395088291744,0.781975270994923,794.0,0.7334862004414219,0.3803805937990388,0.7334862004414219,33.0,0.755436911624456,0.3655458205228453,0.755436911624456,-0.8,0.7645111184301272,0.36126206004039624,0.7645111184301272,4.13,0.7839269645653665,0.348185245025909,0.7839269645653665,4.0,0.6937120539560586,0.3879849991772982,0.6937120539560586,20.4,0.7890977842301509,0.34375952829162687,0.7890977842301509,58.0,0.7625594248596836,0.36141791732012696,0.7625594248596836
36.5,0.7819752709949231,0.3484239508829175,0.7819752709949231,779.0,0.7283153807766376,0.3839035993449281,0.7283153807766376,36.0,0.7554369116244561,0.3655458205228453,0.7554369116244561,0.0,0.7696819380949114,0.3571485203363973,0.7696819380949114,4.41,0.7890977842301509,0.34375952829162687,0.7890977842301509,0.0,0.6836286077948287,0.3899703930059146,0.6836286077948287,21.2,0.7890977842301509,0.34375952829162687,0.7890977842301509,59.6,0.7696819380949113,0.35714852033639727,0.7696819380949113
40.4,0.7819752709949231,0.3484239508829175,0.7819752709949231,794.0,0.7283153807766376,0.3839035993449281,0.7283153807766376,34.0,0.7554369116244561,0.3655458205228453,0.7554369116244561,-2.3,0.7645111184301271,0.36126206004039624,0.7645111184301271,4.45,0.7819752709949231,0.3484239508829175,0.7819752709949231,4.0,0.6804094817004879,0.3895246106168554,0.6804094817004879,20.8,0.7942686038949351,0.33924571061814374,0.7942686038949351,55.3,0.7696819380949113,0.35714852033639727,0.7696819380949113
63.5,0.7871460906597073,0.3440221712549752,0.7871460906597073,1226.0,0.7283153807766376,0.3839035993449281,0.7283153807766376,31.0,0.7554369116244561,0.3655458205228453,0.7554369116244561,-13.3,0.7645111184301271,0.36126206004039624,0.7645111184301271,10.92,0.7871460906597074,0.34402217125497525,0.7871460906597074,11.0,0.6823611752709312,0.389677201230513,0.6823611752709312,29.4,0.7890977842301509,0.34375952829162687,0.7890977842301509,52.2,0.7645111184301271,0.36126206004039624,0.7645111184301271
37.6,0.7819752709949231,0.3484239508829175,0.7819752709949231,826.0,0.7211928675414101,0.3873127429956232,0.7211928675414101,22.0,0.7625594248596836,0.36141791732012646,0.7625594248596836,0.8,0.7593402987653428,0.36528749880519307,0.7593402987653428,4.13,0.7871460906597074,0.34402217125497525,0.7871460906597074,17.0,0.6810937427470336,0.38938241279740526,0.6810937427470336,23.9,0.7839269645653665,0.3481852450259095,0.7839269645653665,61.6,0.7645111184301271,0.36126206004039624,0.7645111184301271
56.9,0.7748527577596955,0.3529468796931963,0.7748527577596955,1612.0,0.7263636872061943,0.3839017754952741,0.7263636872061943,72.0,0.7625594248596836,0.36141791732012646,0.7625594248596836,3.1,0.7593402987653428,0.36528749880519307,0.7593402987653428,13.71,0.7923169103244917,0.33953229068782886,0.7923169103244917,33.67243525896414,0.670385726411895,0.3908468847193141,0.670385726411895,31.0,0.7819752709949231,0.3484239508829175,0.7819752709949231,68.6,0.7645111184301271,0.36126206004039624,0.7645111184301271
24.7,0.7696819380949114,0.3571485203363973,0.7696819380949114,2608.0,0.7263636872061943,0.3839017754952741,0.7263636872061943,81.0,0.7625594248596836,0.36141791732012646,0.7625594248596836,6.2,0.7593402987653428,0.36528749880519307,0.7593402987653428,7.29,0.7923169103244917,0.33953229068782886,0.7923169103244917,39.0,0.6643138512287834,0.389245028885047,0.6643138512287834,25.5,0.7871460906597074,0.3440221712549732,0.7871460906597074,67.5,0.7593402987653428,0.36528749880519307,0.7593402987653428
100.0,0.7696819380949114,0.3571485203363973,0.7696819380949114,2075.0,0.7179737414470692,0.38705124012590686,0.7179737414470692,36.0,0.7625594248596836,0.36141791732012646,0.7625594248596836,0.8,0.7593402987653428,0.36528749880519307,0.7593402987653428,32.03,0.7974877299892758,0.33495430918148145,0.7974877299892758,50.0,0.6526036898061235,0.38990763949895524,0.6526036898061235,38.0,0.7871460906597074,0.3440221712549732,0.7871460906597074,62.7,0.7645111184301271,0.36126206004039624,0.7645111184301271
82.0,0.7696819380949114,0.3571485203363973,0.7696819380949114,1695.0,0.7179737414470692,0.38705124012590636,0.7179737414470692,99.0,0.7625594248596836,0.36141791732012646,0.7625594248596836,3.9,0.7561211726710019,0.3652841819122928,0.7561211726710019,20.0,0.80265854965406,0.33028822673593256,0.80265854965406,56.0,0.6404782316159805,0.39009441461722505,0.6404782316159805,33.3,0.7800235774244798,0.34865713811079385,0.7800235774244798,68.2,0.7696819380949114,0.3571485203363973,0.7696819380949114
100.0,0.7696819380949114,0.3571485203363973,0.7696819380949114,1955.0,0.7179737414470692,0.38705124012590636,0.7179737414470692,69.0,0.7625594248596836,0.36141791732012646,0.7625594248596836,1.6,0.7561211726710019,0.3652841819122928,0.7561211726710019,30.63,0.7974877299892758,0.33495430918148145,0.7974877299892758,61.0,0.6279791534717509,0.38980546458619364,0.6279791534717509,37.6,0.785194397089264,0.3442792955891904,0.785194397089264,60.0,0.7696819380949114,0.3571485203363973,0.7696819380949114
91.8,0.7748527577596955,0.3529468796931968,0.7748527577596955,2102.0,0.7128029217822849,0.3903361152704943,0.7128029217822849,55.0,0.7625594248596836,0.36141791732012646,0.7625594248596836,3.1,0.7612919923357861,0.361296734564054,0.7612919923357861,28.64,0.7923169103244917,0.3395322906878305,0.7923169103244917,61.0,0.6203113392935206,0.3870265156034154,0.6203113392935206,36.5,0.785194397089264,0.3442792955891904,0.785194397089264,65.9,0.7748527577596958,0.35294687969319694,0.7748527577596958
62.0,0.7748527577596955,0.3529468796931968,0.7748527577596955,1692.0,0.7160220478766256,0.39063560955677,0.7160220478766256,17.0,0.7677302445244679,0.35732831472246585,0.7677302445244679,8.6,0.7612919923357861,0.361296734564054,0.7612919923357861,16.39,0.7923169103244917,0.3395322906878305,0.7923169103244917,65.0,0.6071615148620468,0.3859585432805338,0.6071615148620468,32.2,0.7851943970892641,0.34427929558919046,0.7851943970892641,69.0,0.7819752709949231,0.3484239508829175,0.7819752709949231
18.0,0.7748527577596955,0.3529468796931968,0.7748527577596955,1770.0,0.72119286754141,0.38731274299562307,0.72119286754141,51.0,0.7625594248596836,0.36141791732012646,0.7625594248596836,10.2,0.7684145055710139,0.3570444131236367,0.7684145055710139,5.0,0.7923169103244917,0.33953229068782886,0.7923169103244917,67.0,0.5937244869584594,0.38441668612518964,0.5937244869584594,25.5,0.7800235774244798,0.34865713811079546,0.7800235774244798,63.5,0.7819752709949231,0.3484239508829175,0.7819752709949231
58.0,0.7800235774244798,0.34865713811079385,0.7800235774244798,1837.0,0.7263636872061942,0.3839017754952741,0.7263636872061942,67.0,0.7573886051948995,0.365419418978584,0.7573886051948995,6.2,0.7696819380949113,0.35714852033639727,0.7696819380949113,15.69,0.7923169103244917,0.33953229068782936,0.7923169103244917,69.0,0.5800208064714805,0.382400083624098,0.5800208064714805,31.4,0.7800235774244798,0.3486571381107944,0.7800235774244798,68.6,0.7871460906597074,0.34402217125497525,0.7871460906597074
91.0,0.7800235774244798,0.34865713811079385,0.7800235774244798,1900.0,0.7347536329653194,0.38057506933930463,0.7347536329653194,73.0,0.7573886051948995,0.365419418978584,0.7573886051948995,-3.1,0.7645111184301271,0.36126206004039624,0.7645111184301271,25.49,0.7923169103244917,0.3395322906878299,0.7923169103244917,72.0,0.5712390972626675,0.3785116398461482,0.5712390972626675,35.7,0.7800235774244798,0.34865713811079385,0.7800235774244798,65.5,0.7871460906597074,0.34402217125497525,0.7871460906597074
82.0,0.7800235774244798,0.34865713811079385,0.7800235774244798,2010.0,0.7334862004414219,0.3803805937990388,0.7334862004414219,65.0,0.7522177855301152,0.36933281969784154,0.7522177855301152,-3.9,0.7645111184301271,0.36126206004039624,0.7645111184301271,24.43,0.7994394235597191,0.334643792005459,0.7994394235597191,76.0,0.5570532940075603,0.37572467830514233,0.5570532940075603,34.9,0.7851943970892641,0.34427929558919046,0.7851943970892641,67.1,0.7923169103244917,0.33953229068782936,0.7923169103244917
22.0,0.7800235774244798,0.34865713811079385,0.7800235774244798,961.0,0.7386570201062062,0.3767694873139475,0.7386570201062062,33.0,0.7522177855301152,0.36933281969784154,0.7522177855301152,11.7,0.7696819380949113,0.35714852033639727,0.7696819380949113,3.05,0.794268603894935,0.33924571061814474,0.794268603894935,37.0,0.5671367401687902,0.37620018360424784,0.5671367401687902,20.0,0.7800235774244798,0.34865713811079385,0.7800235774244798,60.4,0.7974877299892758,0.334954309181483,0.7974877299892758
85.5,0.7800235774244798,0.34865713811079385,0.7800235774244798,1430.0,0.738657020106206,0.37676948731394744,0.738657020106206,23.0,0.7450952722948877,0.37323664680947927,0.7450952722948877,10.9,0.7696819380949113,0.35714852033639727,0.7696819380949113,18.56,0.7994394235597191,0.334643792005459,0.7994394235597191,29.0,0.5764691401427997,0.37609476003651343,0.5764691401427997,34.1,0.785194397089264,0.3442792955891904,0.785194397089264,59.2,0.8026585496540599,0.33028822673593305,0.8026585496540599
92.5,0.7748527577596955,0.3529468796931968,0.7748527577596955,1582.0,0.738657020106206,0.37676948731394744,0.738657020106206,82.0,0.7379727590596602,0.37699898014010713,0.7379727590596602,6.2,0.7748527577596955,0.3529468796931968,0.7748527577596955,26.92,0.8046102432245033,0.3299537724535712,0.8046102432245033,44.0,0.5848590859019248,0.3753907414718546,0.5848590859019248,36.9,0.7851943970892641,0.34427929558919046,0.7851943970892641,62.0,0.7974877299892758,0.33495430918148195,0.7974877299892758
100.0,0.7748527577596958,0.35294687969319694,0.7748527577596958,2398.0,0.738657020106206,0.37676948731394744,0.738657020106206,53.0,0.7308502458244325,0.38061981968972464,0.7308502458244325,3.1,0.7800235774244798,0.34865713811079546,0.7800235774244798,10.67,0.8046102432245033,0.3299537724535712,0.8046102432245033,53.0,0.5777365726666972,0.3765577428430009,0.5777365726666972,25.9,0.7851943970892641,0.34427929558919046,0.7851943970892641,62.4,0.7923169103244917,0.33953229068782886,0.7923169103244917
65.1,0.7819752709949231,0.3484239508829175,0.7819752709949231,1863.0,0.738657020106206,0.37676948731394744,0.738657020106206,19.0,0.7308502458244325,0.38061981968972464,0.7308502458244325,-3.1,0.785194397089264,0.3442792955891904,0.785194397089264,18.12,0.8046102432245033,0.3299537724535712,0.8046102432245033,62.0,0.5684041726926877,0.37668288695415225,0.5684041726926877,32.5,0.7851943970892641,0.34427929558919046,0.7851943970892641,68.2,0.7923169103244917,0.33953229068782936,0.7923169103244917
55.7,0.7819752709949231,0.3484239508829175,0.7819752709949231,1889.0,0.7367053265357628,0.3768155376769705,0.7367053265357628,50.0,0.7308502458244325,0.38061981968972464,0.7308502458244325,3.9,0.7903652167540481,0.3398133521283823,0.7903652167540481,14.9,0.8046102432245033,0.3299537724535712,0.8046102432245033,67.0,0.561121346672918,0.3729558492856307,0.561121346672918,31.4,0.7800235774244798,0.34865713811079385,0.7800235774244798,68.6,0.7871460906597074,0.3440221712549742,0.7871460906597074
64.3,0.7819752709949233,0.34842395088291755,0.7819752709949233,1844.0,0.7418761462005469,0.37314026735901584,0.7418761462005469,19.0,0.7379727590596601,0.37699898014010663,0.7379727590596601,-7.0,0.7903652167540481,0.3398133521283833,0.7903652167540481,16.02,0.8046102432245033,0.3299537724535712,0.8046102432245033,66.0,0.561121346672918,0.3729558492856307,0.561121346672918,31.8,0.7800235774244798,0.34865713811079385,0.7800235774244798,67.5,0.7923169103244916,0.3395322906878293,0.7923169103244916
36.1,0.7819752709949231,0.3484239508829175,0.7819752709949231,774.0,0.7418761462005469,0.37314026735901584,0.7418761462005469,35.0,0.7450952722948877,0.37323664680947927,0.7450952722948877,0.0,0.7903652167540481,0.3398133521283823,0.7903652167540481,4.2,0.8046102432245033,0.3299537724535712,0.8046102432245033,41.0,0.5682438599081457,0.3720456269913361,0.5682438599081457,20.4,0.7851943970892641,0.34427929558919046,0.7851943970892641,64.7,0.7974877299892758,0.334954309181483,0.7974877299892758
34.5,0.7819752709949231,0.3484239508829175,0.7819752709949231,798.0,0.7347536329653195,0.37685606941086297,0.7347536329653195,32.0,0.7502660919596718,0.36943528413576293,0.7502660919596718,-0.8,0.7903652167540481,0.3398133521283823,0.7903652167540481,3.75,0.7994394235597191,0.334643792005459,0.7994394235597191,9.0,0.5775762598821552,0.3718478197450422,0.5775762598821552,20.0,0.7851943970892641,0.34427929558919046,0.7851943970892641,56.9,0.80265854965406,0.3302882267359331,0.80265854965406
41.6,0.7871460906597074,0.34402217125497525,0.7871460906597074,807.0,0.7399244526301035,0.3732047361992466,0.7399244526301035,57.0,0.755436911624456,0.3655458205228453,0.755436911624456,2.3,0.785194397089264,0.3442792955891904,0.785194397089264,4.62,0.7994394235597191,0.334643792005459,0.7994394235597191,1.0,0.582649199163143,0.37454836221902144,0.582649199163143,20.8,0.7851943970892641,0.34427929558919046,0.7851943970892641,53.3,0.80265854965406,0.33028822673593256,0.80265854965406
80.0,0.7871460906597074,0.34402217125497525,0.7871460906597074,1565.0,0.7347536329653194,0.3768560694108629,0.7347536329653194,44.0,0.7625594248596836,0.36141791732012696,0.7625594248596836,-4.7,0.785194397089264,0.3442792955891904,0.785194397089264,18.83,0.8046102432245033,0.3299537724535712,0.8046102432245033,18.0,0.5897124891830225,0.37794597165669364,0.5897124891830225,33.3,0.7851943970892641,0.34427929558919046,0.7851943970892641,60.4,0.8026585496540599,0.3302882267359325,0.8026585496540599
54.9,0.7871460906597074,0.3440221712549742,0.7871460906597074,1773.0,0.7254212329913099,0.37999215671339936,0.7254212329913099,32.0,0.7573886051948994,0.3654194189785855,0.7573886051948994,-7.0,0.785194397089264,0.3442792955891904,0.785194397089264,13.16,0.8046102432245033,0.3299537724535712,0.8046102432245033,26.0,0.5897124891830225,0.37794597165669364,0.5897124891830225,30.6,0.7851943970892641,0.34427929558919046,0.7851943970892641,69.4,0.8026585496540599,0.3302882267359325,0.8026585496540599
21.6,0.7871460906597074,0.3440221712549742,0.7871460906597074,2182.0,0.7153377868300799,0.3826888375587534,0.7153377868300799,79.0,0.7645111184301271,0.36126206004039624,0.7645111184301271,7.0,0.7800235774244798,0.34865713811079546,0.7800235774244798,5.59,0.8097810628892876,0.3251756519624815,0.8097810628892876,34.0,0.5803800892090131,0.3783034689900714,0.5803800892090131,22.7,0.7903652167540484,0.3398133521283824,0.7903652167540484,74.1,0.7974877299892758,0.33495430918148145,0.7974877299892758
96.9,0.7871460906597074,0.34402217125497525,0.7871460906597074,1878.0,0.71533778683008,0.38268883755875294,0.71533778683008,33.0,0.7696819380949113,0.35714852033639727,0.7696819380949113,3.9,0.7748527577596955,0.3529468796931963,0.7748527577596955,27.26,0.8097810628892876,0.3251756519624815,0.8097810628892876,48.0,0.5661942859539059,0.3757781538933971,0.5661942859539059,36.5,0.7955360364188324,0.3352593077283743,0.7955360364188324,63.9,0.7923169103244917,0.3395322906878305,0.7923169103244917
62.4,0.7871460906597074,0.34402217125497525,0.7871460906597074,1663.0,0.7205086064948643,0.3793170554616613,0.7205086064948643,41.0,0.7748527577596954,0.3529468796931978,0.7748527577596954,-1.6,0.7748527577596954,0.3529468796931973,0.7748527577596954,13.72,0.8097810628892876,0.3251756519624815,0.8097810628892876,51.0,0.5517889466989087,0.3727793230489053,0.5517889466989087,31.0,0.7955360364188324,0.3352593077283743,0.7955360364188324,69.0,0.7923169103244917,0.3395322906878299,0.7923169103244917
42.0,0.7871460906597074,0.34402217125497525,0.7871460906597074,1724.0,0.7205086064948643,0.3793170554616623,0.7205086064948643,20.0,0.7800235774244797,0.34865713811079385,0.7800235774244797,-3.9,0.7696819380949113,0.35714852033639727,0.7696819380949113,9.91,0.8097810628892876,0.3251756519624815,0.8097810628892876,49.0,0.5498372531284653,0.37223815451028736,0.5498372531284653,28.2,0.8007068560836166,0.3306171623891621,0.8007068560836166,71.8,0.7923169103244917,0.3395322906878299,0.7923169103244917
18.4,0.7923169103244917,0.33953229068782886,0.7923169103244917,1220.0,0.7133860932596365,0.38265331653426093,0.7133860932596365,28.0,0.7800235774244798,0.34865713811079385,0.7800235774244798,8.6,0.7696819380949113,0.35714852033639727,0.7696819380949113,3.7,0.8149518825540718,0.32030943053218974,0.8149518825540718,39.0,0.5569597663636929,0.3715278738455501,0.5569597663636929,18.8,0.8007068560836166,0.3306171623891621,0.8007068560836166,74.5,0.7903652167540481,0.3398133521283833,0.7903652167540481
38.4,0.7871460906597074,0.34402217125497525,0.7871460906597074,805.0,0.7062635800244088,0.3858480838258508,0.7062635800244088,35.0,0.7800235774244798,0.34865713811079385,0.7800235774244798,-3.9,0.7696819380949113,0.35714852033639727,0.7696819380949113,4.18,0.8097810628892876,0.3251756519624815,0.8097810628892876,28.0,0.5517889466989087,0.3727793230489053,0.5517889466989087,20.4,0.7955360364188324,0.3352593077283743,0.7955360364188324,53.7,0.7974877299892758,0.33495430918148195,0.7974877299892758
34.1,0.7923169103244917,0.33953229068782886,0.7923169103244917,812.0,0.7049961475005113,0.38559971831838097,0.7049961475005113,32.0,0.7800235774244798,0.3486571381107949,0.7800235774244798,-2.3,0.7696819380949113,0.35714852033639727,0.7696819380949113,3.77,0.8097810628892876,0.3251756519624815,0.8097810628892876,21.0,0.5510379005116882,0.37239984702639095,0.5510379005116882,19.6,0.7955360364188324,0.3352593077283743,0.7955360364188324,57.6,0.8046102432245033,0.3299537724535712,0.8046102432245033
31.4,0.7923169103244917,0.33953229068782886,0.7923169103244917,793.0,0.7037287149766138,0.38534975615320594,0.7037287149766138,33.0,0.785194397089264,0.3442792955891904,0.785194397089264,0.8,0.7748527577596955,0.3529468796931968,0.7748527577596955,3.87,0.8097810628892876,0.3251756519624815,0.8097810628892876,24.0,0.5654432397666853,0.3754109533613972,0.5654432397666853,20.0,0.7903652167540484,0.3398133521283824,0.7903652167540484,59.6,0.7994394235597191,0.334643792005459,0.7994394235597191
85.9,0.7923169103244917,0.33953229068782886,0.7923169103244917,1578.0,0.7037287149766138,0.38534975615320594,0.7037287149766138,100.0,0.785194397089264,0.3442792955891904,0.785194397089264,5.5,0.7748527577596955,0.3529468796931968,0.7748527577596955,23.03,0.8097810628892876,0.3251756519624815,0.8097810628892876,43.0,0.5796290430217926,0.377948477205931,0.5796290430217926,35.3,0.7903652167540484,0.3398133521283824,0.7903652167540484,66.3,0.794268603894935,0.33924571061814474,0.794268603894935
100.0,0.7974877299892758,0.33495430918148195,0.7974877299892758,2345.0,0.6985578953118297,0.38846935353877643,0.6985578953118297,21.0,0.7923169103244917,0.33953229068782936,0.7923169103244917,-3.9,0.7819752709949231,0.3484239508829175,0.7819752709949231,43.45,0.8149518825540718,0.32030943053218974,0.8149518825540718,52.0,0.5935815718953897,0.3800139228227219,0.5935815718953897,83.5,0.7903652167540484,0.3398133521283824,0.7903652167540484,59.6,0.7871460906597073,0.3440221712549752,0.7871460906597073
81.2,0.7974877299892758,0.33495430918148195,0.7974877299892758,2037.0,0.701518828237832,0.38925953078834896,0.701518828237832,81.0,0.7923169103244917,0.33953229068782936,0.7923169103244917,0.8,0.7819752709949231,0.3484239508829175,0.7819752709949231,24.55,0.8097810628892876,0.3251756519624815,0.8097810628892876,65.0,0.5935815718953897,0.3800139228227219,0.5935815718953897,34.9,0.7903652167540484,0.3398133521283824,0.7903652167540484,67.1,0.794268603894935,0.33924571061814474,0.794268603894935
43.9,0.7974877299892758,0.334954309181483,0.7974877299892758,1754.0,0.7056804085470573,0.38987335177026,0.7056804085470573,65.0,0.7974877299892758,0.33495430918148195,0.7974877299892758,0.8,0.7819752709949233,0.34842395088291755,0.7819752709949233,11.62,0.8097810628892876,0.3251756519624815,0.8097810628892876,60.0,0.5935815718953897,0.3800139228227219,0.5935815718953897,29.8,0.7903652167540484,0.3398133521283824,0.7903652167540484,74.5,0.7994394235597191,0.334643792005459,0.7994394235597191
69.8,0.7974877299892758,0.33495430918148195,0.7974877299892758,1549.0,0.7128029217822848,0.38672822019360686,0.7128029217822848,46.0,0.7974877299892758,0.33495430918148195,0.7974877299892758,3.1,0.776804451330139,0.35273762957165883,0.776804451330139,15.85,0.8097810628892876,0.3251756519624815,0.8097810628892876,58.0,0.5935815718953897,0.3800139228227219,0.5935815718953897,31.8,0.7903652167540484,0.3398133521283824,0.7903652167540484,66.7,0.8046102432245034,0.32995377245357127,0.8046102432245034
17.3,0.7974877299892758,0.33495430918148195,0.7974877299892758,1568.0,0.7179737414470689,0.3834171726327143,0.7179737414470689,19.0,0.7923169103244917,0.33953229068782886,0.7923169103244917,0.0,0.776804451330139,0.35273762957165883,0.776804451330139,4.11,0.8097810628892876,0.3251756519624815,0.8097810628892876,57.0,0.5935815718953897,0.3800139228227219,0.5935815718953897,21.2,0.7903652167540484,0.3398133521283824,0.7903652167540484,74.5,0.8046102432245034,0.32995377245357127,0.8046102432245034
32.9,0.8026585496540599,0.3302882267359325,0.8026585496540599,858.0,0.7086413414730595,0.3861728470602422,0.7086413414730595,33.0,0.7903652167540484,0.3398133521283824,0.7903652167540484,3.9,0.776804451330139,0.35273762957165883,0.776804451330139,3.38,0.8026585496540599,0.3302882267359325,0.8026585496540599,38.0,0.5828735555602511,0.3797545481992428,0.5828735555602511,19.2,0.7851943970892641,0.3442792955891894,0.7851943970892641,55.3,0.8046102432245033,0.3299537724535712,0.8046102432245033
38.4,0.8026585496540599,0.3302882267359325,0.8026585496540599,793.0,0.7054222153787187,0.3858602500807211,0.7054222153787187,31.0,0.785194397089264,0.3442792955891904,0.785194397089264,-3.9,0.7839269645653665,0.34818524502591003,0.7839269645653665,4.33,0.7974877299892758,0.33495430918148145,0.7974877299892758,17.0,0.5716308607123554,0.37896719517280636,0.5716308607123554,20.4,0.7800235774244798,0.34865713811079385,0.7800235774244798,57.3,0.8046102432245033,0.3299537724535712,0.8046102432245033
31.8,0.8026585496540599,0.33028822673593305,0.8026585496540599,803.0,0.6960898154047093,0.3883578467612098,0.6960898154047093,34.0,0.7923169103244917,0.33953229068782886,0.7923169103244917,0.0,0.7787561449005823,0.3525228608209886,0.7787561449005823,3.68,0.7974877299892756,0.3349543091814814,0.7974877299892756,0.0,0.5599206992896951,0.3776592980863645,0.5599206992896951,20.0,0.7748527577596955,0.3529468796931968,0.7748527577596955,60.0,0.7974877299892758,0.33495430918148145,0.7974877299892758
46.7,0.8026585496540599,0.33028822673593305,0.8026585496540599,867.0,0.6909189957399251,0.3913589503467465,0.6909189957399251,28.0,0.7974877299892758,0.33495430918148195,0.7974877299892758,-3.1,0.7787561449005823,0.3525228608209886,0.7787561449005823,15.97,0.7923169103244916,0.3395322906878304,0.7923169103244916,6.0,0.554749879624911,0.3788975886227716,0.554749879624911,33.3,0.7748527577596955,0.3529468796931968,0.7748527577596955,51.0,0.7974877299892758,0.33495430918148145,0.7974877299892758
36.5,0.8026585496540599,0.33028822673593305,0.8026585496540599,803.0,0.6960898154047093,0.3883578467612098,0.6960898154047093,36.0,0.8026585496540599,0.3302882267359325,0.8026585496540599,0.8,0.7787561449005823,0.3525228608209886,0.7787561449005823,4.06,0.7974877299892758,0.33495430918148145,0.7974877299892758,0.0,0.554749879624911,0.37889758862277095,0.554749879624911,20.0,0.7696819380949114,0.3571485203363973,0.7696819380949114,56.5,0.8026585496540599,0.33028822673593305,0.8026585496540599
58.0,0.8078293693188441,0.32553404335118263,0.8078293693188441,1708.0,0.6909189957399251,0.3913589503467465,0.6909189957399251,41.0,0.8026585496540599,0.3302882267359325,0.8026585496540599,2.3,0.7839269645653665,0.34818524502591003,0.7839269645653665,16.09,0.7903652167540481,0.3398133521283833,0.7903652167540481,18.0,0.5631398253840361,0.37867967731060775,0.5631398253840361,32.2,0.7696819380949114,0.3571485203363973,0.7696819380949114,61.6,0.8078293693188443,0.3255340433511827,0.8078293693188443
62.7,0.8130001889836284,0.3206917590272281,0.8130001889836284,1857.0,0.6941381218342659,0.3917637689009333,0.6941381218342659,40.0,0.7974877299892758,0.33495430918148195,0.7974877299892758,3.1,0.7787561449005823,0.3525228608209891,0.7787561449005823,20.0,0.7955360364188324,0.3352593077283743,0.7955360364188324,31.0,0.5631398253840361,0.37867967731060775,0.5631398253840361,33.3,0.7645111184301271,0.36126206004039624,0.7645111184301271,68.6,0.8130001889836285,0.3206917590272292,0.8130001889836285
55.7,0.8078293693188441,0.3255340433511815,0.8078293693188441,1780.0,0.6857481760751409,0.3942719529930807,0.6857481760751409,73.0,0.7974877299892758,0.33495430918148195,0.7974877299892758,4.7,0.7787561449005823,0.3525228608209886,0.7787561449005823,13.26,0.7955360364188324,0.3352593077283743,0.7955360364188324,39.0,0.554749879624911,0.3788975886227716,0.554749879624911,31.0,0.7593402987653428,0.36528749880519307,0.7593402987653428,73.7,0.8078293693188443,0.3255340433511827,0.8078293693188443
74.9,0.8026585496540599,0.3302882267359325,0.8026585496540599,2024.0,0.6786256628399133,0.3969175434572411,0.6786256628399133,21.0,0.8026585496540599,0.33028822673593305,0.8026585496540599,1.6,0.7735853252357979,0.35677237567686615,0.7735853252357979,23.39,0.7955360364188324,0.3352593077283743,0.7955360364188324,43.0,0.540797350751314,0.3757749089060788,0.540797350751314,34.9,0.7593402987653428,0.36528749880519307,0.7593402987653428,67.5,0.8007068560836167,0.3306171623891632,0.8007068560836167
49.4,0.8026585496540599,0.33028822673593305,0.8026585496540599,2114.0,0.6808355495786953,0.39753696780687087,0.6808355495786953,35.0,0.8097810628892875,0.3251756519624815,0.8097810628892875,0.0,0.7735853252357979,0.35677237567686615,0.7735853252357979,15.29,0.7955360364188324,0.3352593077283743,0.7955360364188324,40.0,0.532407404992189,0.3755688037180191,0.532407404992189,31.4,0.7645111184301271,0.36126206004039624,0.7645111184301271,71.0,0.7955360364188324,0.3352593077283743,0.7955360364188324
61.6,0.8026585496540598,0.330288226735933,0.8026585496540598,1986.0,0.6901679495527046,0.39544844788441863,0.6901679495527046,56.0,0.8097810628892875,0.3251756519624815,0.8097810628892875,2.3,0.773585325235798,0.35677237567686615,0.773585325235798,18.13,0.8026585496540599,0.33028822673593305,0.8026585496540599,43.0,0.5324074049921889,0.37556880371801976,0.5324074049921889,32.5,0.7696819380949114,0.3571485203363973,0.7696819380949114,69.4,0.7955360364188324,0.3352593077283743,0.7955360364188324
33.7,0.7974877299892758,0.33495430918148195,0.7974877299892758,809.0,0.6985578953118297,0.3928769895659032,0.6985578953118297,46.0,0.8046102432245033,0.3299537724535712,0.8046102432245033,-1.6,0.7684145055710138,0.36093378959354017,0.7684145055710138,4.81,0.7974877299892758,0.33495430918148195,0.7974877299892758,39.0,0.5324074049921889,0.37556880371801976,0.5324074049921889,21.6,0.7696819380949113,0.35714852033639727,0.7696819380949113,67.8,0.7955360364188324,0.3352593077283743,0.7955360364188324
57.6,0.7974877299892758,0.33495430918148195,0.7974877299892758,1325.0,0.6985578953118297,0.3928769895659032,0.6985578953118297,55.0,0.7994394235597191,0.334643792005459,0.7994394235597191,4.7,0.7684145055710138,0.36093378959354067,0.7684145055710138,10.45,0.7974877299892758,0.33495430918148195,0.7974877299892758,44.0,0.544117566414849,0.37755609198240425,0.544117566414849,29.0,0.7696819380949113,0.35714852033639727,0.7696819380949113,65.1,0.7955360364188324,0.3352593077283743,0.7955360364188324
62.0,0.7974877299892758,0.33495430918148195,0.7974877299892758,1510.0,0.7017770214061705,0.3932532526084213,0.7017770214061705,52.0,0.7942686038949349,0.33924571061814474,0.7942686038949349,-3.9,0.7632436859062296,0.3650071025710147,0.7632436859062296,13.73,0.7974877299892758,0.33495430918148195,0.7974877299892758,50.0,0.5553602612627447,0.3790058291581368,0.5553602612627447,31.0,0.7696819380949114,0.3571485203363973,0.7696819380949114,67.1,0.7955360364188324,0.3352593077283743,0.7955360364188324
62.7,0.7974877299892758,0.334954309181483,0.7974877299892758,1727.0,0.6946545081709429,0.3961619279018351,0.6946545081709429,19.0,0.794268603894935,0.33924571061814474,0.794268603894935,-2.3,0.7632436859062296,0.3650071025710147,0.7632436859062296,16.37,0.8026585496540599,0.33028822673593305,0.8026585496540599,54.0,0.5567358776238738,0.37972483859181877,0.5567358776238738,31.8,0.7696819380949113,0.35714852033639727,0.7696819380949113,68.2,0.8026585496540599,0.33028822673593305,0.8026585496540599
18.0,0.7974877299892758,0.334954309181483,0.7974877299892758,1775.0,0.6862645624118179,0.3986259660656065,0.6862645624118179,18.0,0.7890977842301506,0.34375952829162676,0.7890977842301506,0.0,0.7632436859062296,0.3650071025710147,0.7632436859062296,4.83,0.7974877299892756,0.3349543091814819,0.7974877299892756,49.0,0.5668193237851038,0.38028021162673975,0.5668193237851038,22.4,0.7768044513301388,0.3527376295716588,0.7768044513301388,63.1,0.8078293693188441,0.32553404335118263,0.8078293693188441
21.6,0.7974877299892758,0.33495430918148195,0.7974877299892758,927.0,0.6810937427470336,0.4014246976114735,0.6810937427470336,33.0,0.794268603894935,0.33924571061814474,0.794268603894935,10.2,0.7632436859062296,0.3650071025710152,0.7632436859062296,3.99,0.7974877299892758,0.334954309181483,0.7974877299892758,28.0,0.5719901434498881,0.37887651237619435,0.5719901434498881,20.8,0.7839269645653665,0.348185245025909,0.7839269645653665,60.4,0.8026585496540599,0.33028822673593305,0.8026585496540599
36.9,0.7994394235597191,0.334643792005459,0.7994394235597191,791.0,0.6862645624118178,0.398625966065606,0.6862645624118178,32.0,0.794268603894935,0.33924571061814474,0.794268603894935,1.6,0.7684145055710138,0.3609337895935417,0.7684145055710138,4.21,0.7974877299892758,0.33495430918148145,0.7974877299892758,17.0,0.5791126566851156,0.37784210163605897,0.5791126566851156,20.0,0.7890977842301509,0.34375952829162687,0.7890977842301509,58.0,0.8026585496540599,0.33028822673593305,0.8026585496540599
79.2,0.7994394235597191,0.334643792005459,0.7994394235597191,1408.0,0.694654508170943,0.39616192790183424,0.694654508170943,72.0,0.7994394235597191,0.334643792005459,0.7994394235597191,3.1,0.7735853252357979,0.35677237567686615,0.7735853252357979,15.77,0.7974877299892758,0.33495430918148145,0.7974877299892758,32.0,0.5832742369943408,0.37915603842158146,0.5832742369943408,32.2,0.7942686038949349,0.33924571061814474,0.7942686038949349,62.0,0.7974877299892758,0.33495430918148195,0.7974877299892758
57.3,0.7994394235597191,0.334643792005459,0.7994394235597191,1872.0,0.7017770214061705,0.3932532526084213,0.7017770214061705,66.0,0.7994394235597191,0.334643792005459,0.7994394235597191,-1.6,0.7735853252357979,0.35677237567686615,0.7735853252357979,16.86,0.7923169103244917,0.33953229068782886,0.7923169103244917,40.0,0.5901042526327103,0.3824661571017964,0.5901042526327103,31.0,0.7942686038949349,0.33924571061814474,0.7942686038949349,62.7,0.7923169103244916,0.3395322906878293,0.7923169103244916
74.5,0.8046102432245034,0.32995377245357127,0.8046102432245034,1483.0,0.700509588882273,0.3929842603464101,0.700509588882273,51.0,0.7994394235597191,0.334643792005459,0.7994394235597191,-10.2,0.7787561449005823,0.3525228608209886,0.7787561449005823,15.38,0.7923169103244917,0.33953229068782936,0.7923169103244917,48.0,0.5944755331456797,0.38476496156865153,0.5944755331456797,31.4,0.7942686038949349,0.33924571061814474,0.7942686038949349,65.5,0.7851943970892641,0.34427929558919046,0.7851943970892641
63.9,0.8046102432245033,0.3299537724535712,0.8046102432245033,1611.0,0.7037287149766138,0.39335198352670653,0.7037287149766138,19.0,0.7923169103244916,0.33953229068782986,0.7923169103244916,0.8,0.7787561449005823,0.3525228608209886,0.7787561449005823,14.45,0.7994394235597191,0.334643792005459,0.7994394235597191,47.0,0.5985801610752578,0.3869020128502003,0.5985801610752578,25.5,0.7942686038949349,0.33924571061814474,0.7942686038949349,67.8,0.7780718838540365,0.34888480670953964,0.7780718838540365
55.3,0.8046102432245033,0.3299537724535712,0.8046102432245033,1555.0,0.7088995346413981,0.3902030835339964,0.7088995346413981,62.0,0.7871460906597072,0.34402217125497514,0.7871460906597072,3.9,0.7787561449005823,0.3525228608209886,0.7787561449005823,12.74,0.7994394235597191,0.334643792005459,0.7994394235597191,50.0,0.6065591658419474,0.390097254163193,0.6065591658419474,30.2,0.7890977842301506,0.34375952829162676,0.7890977842301506,68.2,0.7696819380949114,0.35325272868015845,0.7696819380949114
18.0,0.7994394235597191,0.334643792005459,0.7994394235597191,1625.0,0.7088995346413981,0.3902030835339964,0.7088995346413981,20.0,0.7871460906597072,0.34402217125497514,0.7871460906597072,0.0,0.7787561449005822,0.35252286082098855,0.7787561449005822,10.15,0.7994394235597191,0.334643792005459,0.7994394235597191,45.0,0.6142269800201776,0.39306740119897493,0.6142269800201776,29.0,0.7890977842301506,0.34375952829162676,0.7890977842301506,71.4,0.7603495381209019,0.3572736928884609,0.7603495381209019
19.2,0.7923169103244917,0.33953229068782886,0.7923169103244917,1462.0,0.7140703543061823,0.3869660826020865,0.7140703543061823,98.0,0.7871460906597072,0.34402217125497514,0.7871460906597072,9.4,0.7787561449005823,0.3525228608209891,0.7787561449005823,6.51,0.794268603894935,0.33924571061814474,0.794268603894935,46.0,0.6267260581644072,0.39375682387569655,0.6267260581644072,22.0,0.7839269645653665,0.3481852450259095,0.7839269645653665,61.6,0.7551787184561177,0.36127742872936536,0.7551787184561177
100.0,0.7923169103244917,0.33953229068782886,0.7923169103244917,1631.0,0.7140703543061823,0.3869660826020865,0.7140703543061823,69.0,0.7871460906597073,0.3440221712549742,0.7871460906597073,6.2,0.7787561449005822,0.35252286082098855,0.7787561449005822,25.89,0.794268603894935,0.33924571061814474,0.794268603894935,55.0,0.6388515163545502,0.3939625225158091,0.6388515163545502,37.3,0.7890977842301506,0.34375952829162676,0.7890977842301506,55.3,0.7500078987913333,0.3651930636310686,0.7500078987913333
19.2,0.7974877299892758,0.33495430918148195,0.7974877299892758,1664.0,0.7088995346413981,0.3902030835339964,0.7088995346413981,38.0,0.7871460906597074,0.34402217125497525,0.7871460906597074,0.0,0.7787561449005823,0.3525228608209886,0.7787561449005823,4.4,0.794268603894935,0.33924571061814474,0.794268603894935,46.0,0.6505616777772104,0.39368339724531787,0.6505616777772104,22.0,0.7890977842301509,0.34375952829162687,0.7890977842301509,62.7,0.7448370791265492,0.3690205975935695,0.7448370791265492
19.6,0.7994394235597191,0.33464379200545846,0.7994394235597191,1515.0,0.7140703543061823,0.3869660826020856,0.7140703543061823,59.0,0.7871460906597074,0.34402217125497525,0.7871460906597074,10.2,0.7787561449005823,0.3525228608209886,0.7787561449005823,3.56,0.7994394235597191,0.334643792005459,0.7994394235597191,47.0,0.6618043726251064,0.39291806588313605,0.6618043726251064,21.6,0.794268603894935,0.33924571061814474,0.794268603894935,65.5,0.7428853855561058,0.36910394966091903,0.7428853855561058
64.7,0.7994394235597191,0.334643792005459,0.7994394235597191,1594.0,0.72119286754141,0.38366238170111094,0.72119286754141,18.0,0.7871460906597073,0.3440221712549752,0.7871460906597073,2.3,0.7735853252357979,0.35677237567686615,0.7735853252357979,15.35,0.8046102432245033,0.3299537724535712,0.8046102432245033,48.0,0.6725123889602446,0.39166516465795986,0.6725123889602446,31.4,0.794268603894935,0.33924571061814474,0.794268603894935,67.5,0.7344954397969808,0.37269366963285255,0.7344954397969808
18.0,0.7994394235597191,0.334643792005459,0.7994394235597191,1558.0,0.729582813300535,0.38041930168327853,0.729582813300535,20.0,0.7819752709949231,0.3484239508829175,0.7819752709949231,0.0,0.7735853252357979,0.35677237567686615,0.7735853252357979,4.02,0.7994394235597191,0.334643792005459,0.7994394235597191,43.0,0.6825958351214747,0.389924245389448,0.6825958351214747,21.6,0.794268603894935,0.33924571061814474,0.794268603894935,62.7,0.7261054940378557,0.37610614807944875,0.7261054940378557
69.4,0.7994394235597191,0.334643792005459,0.7994394235597191,1546.0,0.734753632965319,0.37685606941086275,0.734753632965319,49.0,0.7748527577596955,0.3529468796931968,0.7748527577596955,-3.9,0.7787561449005822,0.35252286082098855,0.7787561449005822,15.06,0.7994394235597191,0.334643792005459,0.7994394235597191,49.0,0.6825958351214747,0.389924245389448,0.6825958351214747,31.4,0.794268603894935,0.33924571061814474,0.794268603894935,68.2,0.7209346743730716,0.37956945928488706,0.7209346743730716
44.3,0.794268603894935,0.33924571061814474,0.794268603894935,1642.0,0.734753632965319,0.37685606941086375,0.734753632965319,41.0,0.7677302445244679,0.35732831472246585,0.7677302445244679,0.0,0.7787561449005823,0.3525228608209886,0.7787561449005823,10.48,0.7994394235597191,0.334643792005459,0.7994394235597191,47.0,0.6825958351214747,0.389924245389448,0.6825958351214747,28.6,0.7890977842301506,0.34375952829162676,0.7890977842301506,71.4,0.7209346743730716,0.37956945928488706,0.7209346743730716
42.0,0.7994394235597191,0.334643792005459,0.7994394235597191,1617.0,0.734753632965319,0.37685606941086375,0.734753632965319,34.0,0.7677302445244679,0.35732831472246585,0.7677302445244679,4.7,0.7787561449005823,0.3525228608209886,0.7787561449005823,10.19,0.7994394235597191,0.334643792005459,0.7994394235597191,50.0,0.6825958351214747,0.389924245389448,0.6825958351214747,28.6,0.7839269645653665,0.3481852450259095,0.7839269645653665,71.8,0.7167730940638464,0.37910041337092665,0.7167730940638464
37.3,0.7994394235597191,0.334643792005459,0.7994394235597191,1682.0,0.734753632965319,0.37685606941086375,0.734753632965319,19.0,0.7606077312892403,0.36156825597072506,0.7606077312892403,0.0,0.7839269645653665,0.3481852450259095,0.7839269645653665,9.1,0.7994394235597191,0.334643792005459,0.7994394235597191,44.0,0.6825958351214747,0.389924245389448,0.6825958351214747,26.7,0.7890977842301506,0.34375952829162676,0.7890977842301506,72.5,0.713812161137844,0.3784057901663518,0.713812161137844
20.4,0.7994394235597191,0.334643792005459,0.7994394235597191,950.0,0.7347536329653193,0.3768560694108629,0.7347536329653193,34.0,0.7534852180540128,0.365666703437974,0.7534852180540128,11.7,0.7839269645653665,0.3481852450259084,0.7839269645653665,3.44,0.7923169103244917,0.33953229068782936,0.7923169103244917,19.0,0.6919282350954841,0.38769836760742576,0.6919282350954841,20.8,0.7890977842301509,0.34375952829162737,0.7890977842301509,60.4,0.7160220478766259,0.37886940357792753,0.7160220478766259
35.7,0.7923169103244917,0.33953229068782936,0.7923169103244917,786.0,0.7399244526301035,0.3732047361992466,0.7399244526301035,30.0,0.7463627048187851,0.36962365712421147,0.7463627048187851,-6.2,0.7890977842301506,0.34375952829162676,0.7890977842301506,3.91,0.7871460906597073,0.3440221712549752,0.7871460906597073,4.0,0.6960898154047093,0.3883578467612102,0.6960898154047093,20.0,0.7890977842301509,0.34375952829162737,0.7890977842301509,54.5,0.718982980802628,0.3795584016796479,0.718982980802628
36.1,0.7974877299892758,0.33495430918148145,0.7974877299892758,796.0,0.7305920526560941,0.3764767997811812,0.7305920526560941,32.0,0.7483143983892284,0.3695322299445528,0.7483143983892284,1.6,0.7871460906597074,0.3440221712549742,0.7871460906597074,4.18,0.7923169103244916,0.3395322906878293,0.7923169103244916,0.0,0.6953387692174888,0.3881002442109719,0.6953387692174888,20.4,0.7890977842301509,0.34375952829162687,0.7890977842301509,59.2,0.7273729265617532,0.37630449255737286,0.7273729265617532
40.0,0.7974877299892758,0.33495430918148195,0.7974877299892758,798.0,0.7305920526560941,0.3764767997811817,0.7305920526560941,53.0,0.7431435787244444,0.3733096555119318,0.7431435787244444,2.3,0.7890977842301506,0.3437595282916273,0.7890977842301506,4.34,0.7923169103244916,0.3395322906878293,0.7923169103244916,8.0,0.6882162559822611,0.39096079731060895,0.6882162559822611,20.4,0.794268603894935,0.33924571061814474,0.794268603894935,56.1,0.7273729265617532,0.37630449255737286,0.7273729265617532
56.5,0.7974877299892758,0.33495430918148195,0.7974877299892758,1821.0,0.7399244526301035,0.3732047361992461,0.7399244526301035,38.0,0.7483143983892284,0.3695322299445528,0.7483143983892284,-0.8,0.7890977842301506,0.3437595282916273,0.7890977842301506,15.87,0.7974877299892758,0.33495430918148145,0.7974877299892758,17.0,0.6862645624118178,0.3908223267513042,0.6862645624118178,32.9,0.7994394235597191,0.334643792005459,0.7994394235597191,63.1,0.7325437462265374,0.37273902610251175,0.7325437462265374
59.6,0.7923169103244917,0.33953229068782936,0.7923169103244917,1681.0,0.7418761462005469,0.37314026735901584,0.7418761462005469,57.0,0.7431435787244444,0.3733096555119313,0.7431435787244444,-3.9,0.794268603894935,0.33924571061814474,0.794268603894935,15.01,0.7974877299892758,0.33495430918148195,0.7974877299892758,28.0,0.6870156085990383,0.39109055765702033,0.6870156085990383,31.4,0.7994394235597191,0.334643792005459,0.7994394235597191,68.2,0.7273729265617532,0.37630449255737336,0.7273729265617532
55.7,0.7923169103244917,0.33953229068782936,0.7923169103244917,1618.0,0.7418761462005469,0.37314026735901584,0.7418761462005469,64.0,0.7502660919596718,0.36943528413576293,0.7502660919596718,-3.1,0.7994394235597191,0.334643792005459,0.7994394235597191,11.68,0.7923169103244916,0.3395322906878304,0.7923169103244916,34.0,0.6848057218602565,0.39050958631411864,0.6848057218602565,29.8,0.7942686038949349,0.33924571061814474,0.7942686038949349,69.0,0.7232113462525279,0.3758889882168058,0.7232113462525279
85.5,0.785194397089264,0.3442792955891904,0.785194397089264,1809.0,0.7489986594357745,0.369282971526159,0.7489986594357745,25.0,0.7554369116244561,0.36554582052284634,0.7554369116244561,1.6,0.7994394235597191,0.334643792005459,0.7994394235597191,22.92,0.7871460906597072,0.34402217125497514,0.7871460906597072,33.67243525896414,0.6825958351214747,0.389924245389448,0.6825958351214747,34.5,0.7890977842301506,0.34375952829162676,0.7890977842301506,65.5,0.7148214004934029,0.37907878325733724,0.7148214004934029
71.0,0.785194397089264,0.3442792955891904,0.785194397089264,1490.0,0.7541694791005586,0.36540756222346304,0.7541694791005586,63.0,0.750266091959672,0.3694352841357636,0.750266091959672,-3.1,0.7994394235597191,0.334643792005459,0.7994394235597191,14.23,0.7923169103244916,0.3395322906878304,0.7923169103244916,49.0,0.6848057218602565,0.39050958631411864,0.6848057218602565,31.8,0.7890977842301506,0.34375952829162676,0.7890977842301506,68.2,0.7189829808026281,0.37955840167964794,0.7189829808026281
55.3,0.785194397089264,0.3442792955891904,0.785194397089264,1769.0,0.7593402987653428,0.3614440519815625,0.7593402987653428,51.0,0.750266091959672,0.3694352841357636,0.750266091959672,0.8,0.794268603894935,0.33924571061814474,0.794268603894935,14.04,0.7974877299892758,0.33495430918148145,0.7974877299892758,55.0,0.6889673021694817,0.39122751331644945,0.6889673021694817,31.0,0.7890977842301506,0.34375952829162676,0.7890977842301506,69.0,0.7273729265617532,0.37630449255737336,0.7273729265617532
58.8,0.785194397089264,0.3442792955891904,0.785194397089264,1849.0,0.7593402987653428,0.3614440519815625,0.7593402987653428,19.0,0.750266091959672,0.3694352841357631,0.750266091959672,3.1,0.794268603894935,0.33924571061814474,0.794268603894935,16.23,0.7974877299892758,0.33495430918148195,0.7974877299892758,56.0,0.6880248479545973,0.39093918347207424,0.6880248479545973,31.8,0.794268603894935,0.33924571061814474,0.794268603894935,68.6,0.7273729265617531,0.3763044925573733,0.7273729265617531
29.8,0.7800235774244798,0.34865713811079385,0.7800235774244798,1525.0,0.7593402987653428,0.361444051981562,0.7593402987653428,20.0,0.750266091959672,0.3694352841357631,0.750266091959672,1.6,0.794268603894935,0.33924571061814474,0.794268603894935,4.13,0.7974877299892758,0.33495430918148195,0.7974877299892758,55.0,0.6880248479545973,0.39093918347207424,0.6880248479545973,20.8,0.794268603894935,0.33924571061814474,0.794268603894935,70.6,0.7222021068969688,0.37978185807303283,0.7222021068969688
38.8,0.7748527577596954,0.35294687969319627,0.7748527577596954,1472.0,0.7612919923357864,0.3612967345640541,0.7612919923357864,24.0,0.7554369116244561,0.3655458205228453,0.7554369116244561,7.0,0.7890977842301506,0.3437595282916273,0.7890977842301506,8.31,0.7974877299892758,0.33495430918148195,0.7974877299892758,52.0,0.6880248479545973,0.39093918347207424,0.6880248479545973,26.7,0.794268603894935,0.33924571061814474,0.794268603894935,71.0,0.7150795936617413,0.38313914917100106,0.7150795936617413
17.3,0.7819752709949231,0.3484239508829175,0.7819752709949231,1395.0,0.7664628120005705,0.35722118627661575,0.7664628120005705,28.0,0.7625594248596839,0.361417917320127,0.7625594248596839,14.8,0.7890977842301506,0.3437595282916273,0.7890977842301506,3.57,0.8026585496540599,0.3302882267359325,0.8026585496540599,41.0,0.6809023347193697,0.3936554396765371,0.6809023347193697,20.8,0.794268603894935,0.33924571061814474,0.794268603894935,67.1,0.7222021068969688,0.37978185807303283,0.7222021068969688
32.2,0.776804451330139,0.35273762957165883,0.776804451330139,796.0,0.7748527577596955,0.3529468796931979,0.7748527577596955,30.0,0.7696819380949114,0.3571485203363973,0.7696819380949114,7.0,0.7839269645653665,0.3481852450259095,0.7839269645653665,3.63,0.7974877299892758,0.33495430918148195,0.7974877299892758,28.0,0.6809023347193697,0.3936554396765371,0.6809023347193697,20.0,0.7942686038949351,0.33924571061814374,0.7942686038949351,65.5,0.7138121611378438,0.3829096748395454,0.7138121611378438
70.6,0.7716336316653547,0.3569632073211975,0.7716336316653547,1589.0,0.7800235774244798,0.3486571381107949,0.7800235774244798,22.0,0.7748527577596955,0.3529468796931963,0.7748527577596955,3.1,0.7787561449005823,0.3525228608209886,0.7787561449005823,17.65,0.7974877299892758,0.33495430918148195,0.7974877299892758,18.0,0.6759897082229241,0.3925962194846792,0.6759897082229241,32.5,0.7890977842301509,0.34375952829162687,0.7890977842301509,61.6,0.713812161137844,0.3829096748395454,0.713812161137844
20.4,0.7716336316653547,0.3569632073211981,0.7716336316653547,1883.0,0.7800235774244797,0.34865713811079535,0.7800235774244797,76.0,0.7800235774244798,0.34865713811079385,0.7800235774244798,-0.8,0.7839269645653665,0.348185245025909,0.7839269645653665,12.8,0.7974877299892758,0.33495430918148195,0.7974877299892758,35.0,0.6688671949876965,0.3951034206039838,0.6688671949876965,33.3,0.7942686038949351,0.33924571061814374,0.7942686038949351,63.1,0.7086413414730597,0.38617284706024224,0.7086413414730597
83.9,0.7632436859062296,0.3611438985174149,0.7632436859062296,1837.0,0.776804451330139,0.3488057868841294,0.776804451330139,79.0,0.7748527577596955,0.3529468796931968,0.7748527577596955,0.0,0.7890977842301509,0.34375952829162687,0.7890977842301509,22.66,0.8026585496540599,0.3302882267359325,0.8026585496540599,44.0,0.6688671949876965,0.3951034206039838,0.6688671949876965,34.5,0.7942686038949351,0.33924571061814374,0.7942686038949351,65.5,0.7034705218082754,0.3893479183417352,0.7034705218082754
22.4,0.7684145055710138,0.35704441312363566,0.7684145055710138,2036.0,0.7780718838540365,0.34888480670953964,0.7780718838540365,48.0,0.7800235774244798,0.34865713811079385,0.7800235774244798,6.2,0.7839269645653665,0.348185245025909,0.7839269645653665,4.97,0.8078293693188441,0.3255340433511821,0.8078293693188441,45.0,0.6659062620616941,0.3941673095642653,0.6659062620616941,22.7,0.7890977842301509,0.34375952829162687,0.7890977842301509,68.2,0.7034705218082754,0.3893479183417352,0.7034705218082754
18.0,0.7684145055710139,0.3570444131236357,0.7684145055710139,1464.0,0.7761201902835929,0.3491069566791531,0.7761201902835929,22.0,0.7800235774244798,0.34865713811079385,0.7800235774244798,10.2,0.7890977842301509,0.34375952829162737,0.7890977842301509,3.38,0.8026585496540599,0.3302882267359325,0.8026585496540599,39.0,0.6700678423709194,0.3950208537943889,0.6700678423709194,21.2,0.7839269645653666,0.348185245025908,0.7839269645653666,64.3,0.7022030892843779,0.38908873873213323,0.7022030892843779
30.2,0.7684145055710138,0.35704441312363566,0.7684145055710138,824.0,0.7709493706188087,0.35334882404887896,0.7709493706188087,29.0,0.7800235774244798,0.34865713811079385,0.7800235774244798,-4.7,0.7890977842301509,0.34375952829162687,0.7890977842301509,3.46,0.7974877299892758,0.33495430918148145,0.7974877299892758,34.0,0.6648970227061352,0.39763682397435085,0.6648970227061352,19.6,0.7839269645653666,0.348185245025908,0.7839269645653666,60.0,0.7022030892843779,0.38908873873213323,0.7022030892843779
34.9,0.7735853252357979,0.35285682679065644,0.7735853252357979,810.0,0.7657785509540247,0.3575025904794028,0.7657785509540247,31.0,0.7819752709949233,0.34842395088291755,0.7819752709949233,-7.8,0.7839269645653666,0.348185245025908,0.7839269645653666,3.93,0.7923169103244917,0.33953229068782936,0.7923169103244917,5.0,0.65650707694701,0.3995537874067999,0.65650707694701,20.0,0.7839269645653666,0.348185245025908,0.7839269645653666,56.5,0.7002513957139345,0.38899732994565683,0.7002513957139345
36.1,0.7787561449005823,0.3485811395184743,0.7787561449005823,812.0,0.7657785509540247,0.3575025904794018,0.7657785509540247,34.0,0.7768044513301388,0.3527376295716588,0.7768044513301388,0.0,0.776804451330139,0.35273762957165883,0.776804451330139,3.92,0.7923169103244917,0.33953229068782936,0.7923169103244917,0.0,0.65650707694701,0.3995537874067999,0.65650707694701,20.4,0.7787561449005824,0.3525228608209876,0.7787561449005824,59.6,0.6931288824787067,0.3919254443494419,0.6931288824787067
65.9,0.776804451330139,0.3488057868841294,0.776804451330139,1965.0,0.7657785509540246,0.35750259047940175,0.7657785509540246,54.0,0.7768044513301388,0.3527376295716588,0.7768044513301388,3.1,0.7819752709949231,0.3484239508829175,0.7819752709949231,20.16,0.7871460906597073,0.3440221712549752,0.7871460906597073,12.0,0.6582005773491149,0.400195526705777,0.6582005773491149,31.4,0.773585325235798,0.35677237567686515,0.773585325235798,52.9,0.6931288824787067,0.3919254443494419,0.6931288824787067
20.4,0.7716336316653546,0.3530575370499728,0.7716336316653546,2240.0,0.7729010641892522,0.3531506111856032,0.7729010641892522,51.0,0.776804451330139,0.35273762957165883,0.776804451330139,5.5,0.7819752709949231,0.3484239508829175,0.7819752709949231,5.98,0.7923169103244916,0.3395322906878293,0.7923169103244916,21.0,0.6604104640878968,0.4008862592637409,0.6604104640878968,23.9,0.7684145055710139,0.3609337895935407,0.7684145055710139,72.9,0.6931288824787067,0.3919254443494419,0.6931288824787067
51.8,0.7800235774244798,0.34865713811079546,0.7800235774244798,1915.0,0.7729010641892522,0.3531506111856032,0.7729010641892522,30.0,0.776804451330139,0.35273762957165883,0.776804451330139,3.1,0.7768044513301391,0.3527376295716589,0.7768044513301391,15.18,0.7974877299892758,0.33495430918148145,0.7974877299892758,17.0,0.6604104640878968,0.4008862592637409,0.6604104640878968,31.0,0.7684145055710139,0.3609337895935407,0.7684145055710139,69.8,0.6931288824787069,0.3919254443494419,0.6931288824787069
42.0,0.785194397089264,0.3442792955891904,0.785194397089264,760.0,0.7657785509540247,0.3575025904794018,0.7657785509540247,58.0,0.776804451330139,0.35273762957165883,0.776804451330139,3.9,0.7696819380949114,0.3571485203363973,0.7696819380949114,5.93,0.7974877299892758,0.33495430918148145,0.7974877299892758,26.0,0.6520205183287717,0.40268046394210577,0.6520205183287717,28.6,0.773585325235798,0.35677237567686515,0.773585325235798,61.2,0.6931288824787069,0.3919254443494419,0.6931288824787069
20.0,0.7800235774244797,0.34865713811079435,0.7800235774244797,1733.0,0.7657785509540246,0.35750259047940175,0.7657785509540246,35.0,0.7819752709949231,0.3484239508829175,0.7819752709949231,-1.6,0.7696819380949114,0.3571485203363973,0.7696819380949114,4.64,0.7974877299892758,0.33495430918148145,0.7974877299892758,36.0,0.6448980050935442,0.40468735900452796,0.6448980050935442,22.4,0.7664628120005705,0.3611006841315338,0.7664628120005705,62.0,0.6931288824787069,0.3919254443494419,0.6931288824787069
38.0,0.7748527577596954,0.3529468796931978,0.7748527577596954,1887.0,0.7638268573835811,0.35767134760720903,0.7638268573835811,20.0,0.7819752709949231,0.3484239508829175,0.7819752709949231,0.0,0.7748527577596958,0.35294687969319694,0.7748527577596958,10.83,0.7923169103244917,0.33953229068782936,0.7923169103244917,42.0,0.6413125019936332,0.40332457687767437,0.6413125019936332,29.4,0.7612919923357864,0.36515006000266953,0.7612919923357864,72.5,0.6911771889082635,0.391799061198363,0.6911771889082635
35.7,0.7748527577596955,0.3529468796931968,0.7748527577596955,853.0,0.7709493706188089,0.35334882404887896,0.7709493706188089,31.0,0.7871460906597074,0.3440221712549732,0.7871460906597074,3.1,0.7696819380949114,0.3571485203363973,0.7696819380949114,4.09,0.7871460906597073,0.3440221712549742,0.7871460906597073,35.0,0.6448980050935442,0.40468735900452796,0.6448980050935442,20.0,0.7612919923357861,0.3651500600026695,0.7612919923357861,56.1,0.6953387692174887,0.3924875687703688,0.6953387692174887
39.2,0.7819752709949231,0.3484239508829175,0.7819752709949231,768.0,0.7761201902835932,0.34910695667915326,0.7761201902835932,33.0,0.7800235774244798,0.34865713811079385,0.7800235774244798,-4.7,0.7696819380949114,0.3571485203363973,0.7696819380949114,4.32,0.7819752709949231,0.3484239508829175,0.7819752709949231,24.0,0.6429463115231008,0.4043716301953547,0.6429463115231008,20.4,0.7561211726710019,0.3691113349346016,0.7561211726710019,58.4,0.7037287149766138,0.38979001809609226,0.7037287149766138
45.1,0.7819752709949231,0.3484239508829175,0.7819752709949231,924.0,0.7709493706188089,0.35334882404887896,0.7709493706188089,62.0,0.7800235774244798,0.34865713811079385,0.7800235774244798,-3.9,0.7748527577596955,0.3529468796931974,0.7748527577596955,8.03,0.7819752709949231,0.3484239508829175,0.7819752709949231,29.0,0.651336257282226,0.40276847180987163,0.651336257282226,27.5,0.7561211726710019,0.3691113349346016,0.7561211726710019,60.4,0.7088995346413982,0.386614945687078,0.7088995346413982
48.04087253229344,0.776804451330139,0.35273762957165883,0.776804451330139,838.0,0.7709493706188089,0.35334882404887896,0.7709493706188089,27.0,0.7800235774244798,0.3486571381107944,0.7800235774244798,3.1,0.7819752709949231,0.3484239508829175,0.7819752709949231,3.98,0.7819752709949231,0.3484239508829175,0.7819752709949231,5.0,0.6597262030413511,0.4009880718990499,0.6597262030413511,20.0,0.761291992335786,0.36515006000266936,0.761291992335786,56.5,0.7088995346413982,0.386614945687078,0.7088995346413982
49.0,0.7684145055710139,0.3570444131236367,0.7684145055710139,1618.0,0.7780718838540365,0.3488848067095386,0.7780718838540365,21.0,0.7851943970892641,0.34427929558919046,0.7851943970892641,4.7,0.776804451330139,0.35273762957165883,0.776804451330139,12.75,0.7819752709949231,0.3484239508829175,0.7819752709949231,19.0,0.6668487162765786,0.39869349392345493,0.6668487162765786,30.6,0.7612919923357861,0.3651500600026695,0.7612919923357861,62.7,0.7037287149766138,0.38979001809609226,0.7037287149766138
67.5,0.7642529252617886,0.35694681022833497,0.7642529252617886,1818.0,0.7851943970892641,0.3442792955891884,0.7851943970892641,24.0,0.7800235774244798,0.34865713811079385,0.7800235774244798,-4.7,0.776804451330139,0.35273762957165883,0.776804451330139,18.61,0.7871460906597073,0.3440221712549752,0.7871460906597073,31.0,0.6616778966117944,0.40123884677110194,0.6616778966117944,32.9,0.7664628120005705,0.3611006841315338,0.7664628120005705,67.8,0.6985578953118297,0.3928769895659032,0.6985578953118297
61.6,0.7642529252617886,0.35694681022833497,0.7642529252617886,1550.0,0.7923169103244917,0.33953229068782936,0.7923169103244917,53.0,0.7800235774244798,0.34865713811079385,0.7800235774244798,3.9,0.776804451330139,0.35273762957165883,0.776804451330139,13.75,0.7871460906597073,0.3440221712549752,0.7871460906597073,36.0,0.6616778966117944,0.40123884677110194,0.6616778966117944,31.0,0.7664628120005705,0.3611006841315338,0.7664628120005705,69.0,0.6963480085730478,0.392322564024303,0.6963480085730478
87.5,0.7642529252617886,0.35694681022833497,0.7642529252617886,1343.0,0.7871460906597074,0.3440221712549732,0.7871460906597074,23.0,0.785194397089264,0.3442792955891904,0.785194397089264,-4.7,0.776804451330139,0.35273762957165883,0.776804451330139,16.72,0.7923169103244916,0.3395322906878293,0.7923169103244916,42.0,0.6665905231082401,0.40246165161831143,0.6665905231082401,32.5,0.7612919923357861,0.3651500600026695,0.7612919923357861,60.8,0.7034705218082753,0.38934791834173615,0.7034705218082753
34.1,0.7694237449265728,0.3528070992355519,0.7694237449265728,813.0,0.7800235774244797,0.34865713811079435,0.7800235774244797,32.0,0.7851943970892641,0.34427929558919046,0.7851943970892641,-2.3,0.7819752709949231,0.3484239508829175,0.7819752709949231,4.97,0.7923169103244916,0.3395322906878293,0.7923169103244916,19.0,0.6737130363434676,0.40007005660309625,0.6737130363434676,22.0,0.7664628120005705,0.3611006841315338,0.7664628120005705,68.2,0.7086413414730595,0.3861728470602422,0.7086413414730595
36.5,0.7694237449265728,0.3528070992355519,0.7694237449265728,794.0,0.7748527577596954,0.35294687969319627,0.7748527577596954,46.0,0.7923169103244917,0.33953229068782936,0.7923169103244917,1.6,0.7819752709949231,0.3484239508829175,0.7819752709949231,3.82,0.7871460906597073,0.34402217125497314,0.7871460906597073,9.0,0.6808355495786952,0.39753696780687076,0.6808355495786952,20.0,0.7716336316653547,0.3569632073211981,0.7716336316653547,57.6,0.7170312872321846,0.38317112264948977,0.7170312872321846
67.1,0.7694237449265728,0.3528070992355519,0.7694237449265728,2092.0,0.7696819380949114,0.3571485203363973,0.7696819380949114,61.0,0.7871460906597074,0.34402217125497525,0.7871460906597074,-0.8,0.7871460906597074,0.3440221712549742,0.7871460906597074,25.12,0.7923169103244917,0.33953229068782936,0.7923169103244917,23.0,0.6892254953378202,0.3951557159258596,0.6892254953378202,35.3,0.776804451330139,0.35273762957165883,0.776804451330139,63.1,0.7241538004674124,0.3797843758160503,0.7241538004674124
80.0,0.7745945645913571,0.3485792873035664,0.7745945645913571,2161.0,0.7696819380949114,0.3571485203363973,0.7696819380949114,52.0,0.7819752709949231,0.3484239508829175,0.7819752709949231,-5.5,0.794268603894935,0.33924571061814474,0.794268603894935,26.67,0.7923169103244917,0.33953229068782936,0.7923169103244917,32.0,0.6892254953378202,0.3951557159258596,0.6892254953378202,35.7,0.7716336316653547,0.3569632073211981,0.7716336316653547,67.1,0.7241538004674124,0.3797843758160503,0.7241538004674124
89.4,0.7696819380949114,0.3483963268521293,0.7696819380949114,1721.0,0.7645111184301269,0.36126206004039607,0.7645111184301269,71.0,0.781975270994923,0.34842395088291744,0.781975270994923,-3.9,0.7994394235597191,0.334643792005459,0.7994394235597191,19.26,0.7923169103244917,0.33953229068782936,0.7923169103244917,41.0,0.6875319949357154,0.3945910426469466,0.6875319949357154,32.9,0.7716336316653547,0.3569632073211981,0.7716336316653547,63.9,0.7293246201321966,0.37628307319405246,0.7293246201321966
35.3,0.7696819380949114,0.3483963268521293,0.7696819380949114,2075.0,0.7645111184301271,0.36126206004039624,0.7645111184301271,34.0,0.7819752709949231,0.3484239508829175,0.7819752709949231,-1.6,0.7994394235597191,0.334643792005459,0.7994394235597191,6.41,0.7871460906597073,0.34402217125497314,0.7871460906597073,38.0,0.6892254953378202,0.3951557159258596,0.6892254953378202,22.7,0.7716336316653547,0.3569632073211981,0.7716336316653547,67.1,0.7334862004414219,0.37666800905693243,0.7334862004414219
29.8,0.7696819380949113,0.34839632685212923,0.7696819380949113,843.0,0.7645111184301271,0.36126206004039624,0.7645111184301271,32.0,0.7871460906597073,0.3440221712549752,0.7871460906597073,1.6,0.8046102432245034,0.32995377245357127,0.8046102432245034,3.36,0.7871460906597074,0.3440221712549732,0.7871460906597074,31.0,0.6976154410969454,0.39259722251951157,0.6976154410969454,19.2,0.7664628120005705,0.3611006841315333,0.7664628120005705,60.0,0.7418761462005469,0.37314026735901684,0.7418761462005469
38.8,0.7748527577596955,0.34413588787686655,0.7748527577596955,802.0,0.7645111184301269,0.36126206004039607,0.7645111184301269,31.0,0.7923169103244917,0.3395322906878305,0.7923169103244917,-3.9,0.8097810628892875,0.3251756519624815,0.8097810628892875,4.03,0.7871460906597074,0.3440221712549732,0.7871460906597074,8.0,0.7047379543321729,0.38960550129363336,0.7047379543321729,20.4,0.7593402987653428,0.36528749880519307,0.7593402987653428,56.5,0.7489986594357745,0.369282971526159,0.7489986594357745
52.9,0.7696819380949114,0.3483963268521293,0.7696819380949114,1922.0,0.7645111184301271,0.36126206004039624,0.7645111184301271,58.0,0.7923169103244917,0.3395322906878305,0.7923169103244917,3.1,0.8046102432245033,0.3299537724535712,0.8046102432245033,5.27,0.7871460906597076,0.34402217125497325,0.7871460906597076,13.0,0.709908773996957,0.3864163757019181,0.709908773996957,30.2,0.7645111184301272,0.36126206004039624,0.7645111184301272,66.7,0.7541694791005586,0.36540756222346255,0.7541694791005586
20.4,0.7748527577596955,0.34413588787686655,0.7748527577596955,2390.0,0.7716336316653546,0.356963207321197,0.7716336316653546,77.0,0.7923169103244917,0.3395322906878305,0.7923169103244917,-1.6,0.8097810628892875,0.3251756519624815,0.8097810628892875,6.4,0.7871460906597074,0.3440221712549732,0.7871460906597074,28.0,0.709908773996957,0.3864163757019181,0.709908773996957,25.1,0.7716336316653547,0.3569632073211975,0.7716336316653547,74.1,0.7593402987653429,0.36144405198156204,0.7593402987653429
19.6,0.7696819380949114,0.3483963268521293,0.7696819380949114,2147.0,0.7664628120005704,0.36110068413153423,0.7664628120005704,79.0,0.7923169103244917,0.33953229068782936,0.7923169103244917,3.9,0.8097810628892875,0.3251756519624815,0.8097810628892875,5.87,0.7819752709949233,0.34842395088291755,0.7819752709949233,37.0,0.7150795936617413,0.38313914917100106,0.7150795936617413,23.5,0.7716336316653547,0.3569632073211975,0.7716336316653547,62.0,0.7664628120005705,0.35722118627661315,0.7664628120005705
90.2,0.7696819380949114,0.3483963268521293,0.7696819380949114,2015.0,0.7612919923357861,0.3651500600026695,0.7612919923357861,19.0,0.7923169103244917,0.3395322906878299,0.7923169103244917,1.6,0.8097810628892875,0.3251756519624815,0.8097810628892875,26.93,0.7748527577596955,0.3529468796931963,0.7748527577596955,43.0,0.7079570804265137,0.3863549464879599,0.7079570804265137,36.1,0.7664628120005705,0.3611006841315333,0.7664628120005705,65.1,0.7664628120005705,0.3572211862766142,0.7664628120005705
56.1,0.7696819380949114,0.3483963268521293,0.7696819380949114,1621.0,0.7612919923357864,0.36515006000266953,0.7612919923357864,45.0,0.7923169103244917,0.33953229068782886,0.7923169103244917,3.9,0.8046102432245033,0.3299537724535712,0.8046102432245033,11.6,0.7748527577596955,0.3529468796931963,0.7748527577596955,46.0,0.6995671346673886,0.3891656246058301,0.6995671346673886,30.2,0.7664628120005705,0.3611006841315333,0.7664628120005705,70.6,0.7664628120005705,0.3572211862766142,0.7664628120005705
38.0,0.7696819380949114,0.3483963268521293,0.7696819380949114,1553.0,0.7593402987653427,0.365287498805193,0.7593402987653427,20.0,0.7923169103244917,0.3395322906878305,0.7923169103244917,4.7,0.7994394235597191,0.334643792005459,0.7994394235597191,8.65,0.7800235774244798,0.34865713811079385,0.7800235774244798,45.0,0.6911771889082635,0.3917990611983635,0.6911771889082635,27.1,0.7716336316653547,0.3569632073211975,0.7716336316653547,71.0,0.7748527577596955,0.3529468796931968,0.7748527577596955
19.6,0.7645111184301272,0.3525686648881905,0.7645111184301272,944.0,0.7509503530062178,0.36918352832132767,0.7509503530062178,33.0,0.7923169103244917,0.3395322906878305,0.7923169103244917,9.4,0.794268603894935,0.33924571061814474,0.794268603894935,3.75,0.7800235774244798,0.3486571381107944,0.7800235774244798,39.0,0.6860063692434792,0.3947120649722181,0.6860063692434792,22.0,0.7716336316653547,0.3569632073211975,0.7716336316653547,60.0,0.776804451330139,0.35273762957165883,0.776804451330139
33.3,0.7593402987653429,0.3566529019850497,0.7593402987653429,806.0,0.7416179530322083,0.372695097026726,0.7416179530322083,31.0,0.7923169103244917,0.33953229068782886,0.7923169103244917,-2.3,0.7890977842301506,0.34375952829162787,0.7890977842301506,3.37,0.7748527577596955,0.3529468796931968,0.7748527577596955,42.0,0.6860063692434792,0.3947120649722181,0.6860063692434792,19.6,0.7645111184301272,0.36126206004039624,0.7645111184301272,53.7,0.7748527577596955,0.3529468796931968,0.7748527577596955
70.2,0.7593402987653429,0.3566529019850497,0.7593402987653429,2018.0,0.7344954397969807,0.3764113627009661,0.7344954397969807,35.0,0.7923169103244917,0.33953229068782886,0.7923169103244917,-1.6,0.7839269645653665,0.348185245025909,0.7839269645653665,17.21,0.7748527577596955,0.3529468796931968,0.7748527577596955,9.0,0.6808355495786952,0.39753696780687164,0.6808355495786952,30.2,0.7645111184301272,0.36126206004039624,0.7645111184301272,54.9,0.7748527577596955,0.3529468796931963,0.7748527577596955
25.1,0.7541694791005586,0.36064903814270527,0.7541694791005586,1445.0,0.7344954397969807,0.3764113627009661,0.7344954397969807,20.0,0.7923169103244917,0.3395322906878305,0.7923169103244917,5.5,0.7787561449005823,0.3525228608209886,0.7787561449005823,11.83,0.7748527577596955,0.3529468796931968,0.7748527577596955,19.0,0.6756647299139109,0.40027376970232126,0.6756647299139109,31.0,0.7573886051948994,0.3654194189785855,0.7573886051948994,68.2,0.7748527577596955,0.3529468796931968,0.7748527577596955
69.8,0.7593402987653429,0.3566529019850497,0.7593402987653429,1928.0,0.7344954397969807,0.3764113627009661,0.7344954397969807,63.0,0.7923169103244917,0.3395322906878305,0.7923169103244917,1.6,0.7787561449005823,0.3525228608209886,0.7787561449005823,21.46,0.7748527577596955,0.3529468796931968,0.7748527577596955,33.0,0.6756647299139109,0.40027376970232126,0.6756647299139109,33.7,0.7522177855301152,0.36933281969784154,0.7522177855301152,67.5,0.7748527577596954,0.35294687969319627,0.7748527577596954
20.8,0.7593402987653429,0.3566529019850497,0.7593402987653429,2071.0,0.739666259461765,0.3727600306168688,0.739666259461765,52.0,0.7923169103244916,0.33953229068782886,0.7923169103244916,2.3,0.776804451330139,0.35273762957165883,0.776804451330139,10.15,0.7748527577596955,0.3529468796931968,0.7748527577596955,36.0,0.6756647299139109,0.40027376970232126,0.6756647299139109,31.4,0.7522177855301152,0.36933281969784154,0.7522177855301152,63.5,0.7800235774244797,0.34865713811079385,0.7800235774244797
57.6,0.7593402987653429,0.3566529019850497,0.7593402987653429,1862.0,0.739666259461765,0.3727600306168688,0.739666259461765,19.0,0.7923169103244917,0.33953229068782886,0.7923169103244917,-1.6,0.7768044513301388,0.3527376295716588,0.7768044513301388,16.04,0.7800235774244798,0.3486571381107944,0.7800235774244798,40.0,0.6734548431751293,0.39963040711883346,0.6734548431751293,31.8,0.7502660919596718,0.36943528413576343,0.7502660919596718,68.6,0.7871460906597073,0.34402217125497314,0.7871460906597073
52.5,0.7541694791005586,0.36064903814270527,0.7541694791005586,1345.0,0.7377145658913216,0.37281944557788094,0.7377145658913216,25.0,0.7871460906597073,0.3440221712549752,0.7871460906597073,3.9,0.7768044513301388,0.3527376295716588,0.7768044513301388,10.93,0.7871460906597073,0.34402217125497314,0.7871460906597073,45.0,0.6717613427730244,0.39902242559973455,0.6717613427730244,29.4,0.7522177855301153,0.3693328196978416,0.7522177855301153,67.8,0.7923169103244917,0.33953229068782886,0.7923169103244917
18.4,0.7489986594357745,0.36455707336115994,0.7489986594357745,1480.0,0.7377145658913216,0.37281944557788094,0.7377145658913216,51.0,0.7787561449005823,0.3485811395184743,0.7787561449005823,13.3,0.7768044513301388,0.3527376295716588,0.7768044513301388,3.99,0.7923169103244917,0.33953229068782936,0.7923169103244917,47.0,0.6681758396731133,0.39781701824660776,0.6681758396731133,21.2,0.7522177855301152,0.36933281969784154,0.7522177855301152,65.1,0.7923169103244917,0.33953229068782886,0.7923169103244917
82.4,0.7590821055970044,0.36099842028191703,0.7590821055970044,1593.0,0.7325437462265374,0.3764468405556399,0.7325437462265374,24.0,0.7787561449005823,0.3485811395184743,0.7787561449005823,-4.7,0.776804451330139,0.35273762957165883,0.776804451330139,20.67,0.7923169103244917,0.33953229068782936,0.7923169103244917,48.0,0.6640556580604451,0.3963625113450329,0.6640556580604451,34.1,0.7522177855301152,0.36933281969784154,0.7522177855301152,65.9,0.7871460906597073,0.34402217125497314,0.7871460906597073
38.0,0.7684145055710138,0.35704441312363566,0.7684145055710138,1594.0,0.7325437462265374,0.37644684055563904,0.7325437462265374,26.0,0.7787561449005823,0.3485811395184743,0.7787561449005823,3.1,0.781975270994923,0.34842395088291744,0.781975270994923,14.18,0.7974877299892758,0.33495430918148195,0.7974877299892758,47.0,0.6640556580604451,0.3963625113450329,0.6640556580604451,31.0,0.7541694791005585,0.3692248366307889,0.7541694791005585,75.3,0.7923169103244917,0.33953229068782886,0.7923169103244917
62.0,0.7684145055710138,0.35704441312363566,0.7684145055710138,1588.0,0.7325437462265374,0.37644684055563904,0.7325437462265374,52.0,0.7787561449005823,0.3485811395184743,0.7787561449005823,-0.8,0.781975270994923,0.34842395088291744,0.781975270994923,14.39,0.7923169103244917,0.33953229068782936,0.7923169103244917,51.0,0.6681758396731133,0.39781701824660776,0.6681758396731133,31.4,0.7593402987653428,0.36528749880519307,0.7593402987653428,67.8,0.7923169103244917,0.33953229068782886,0.7923169103244917
17.3,0.773585325235798,0.3528568267906565,0.773585325235798,1677.0,0.7325437462265374,0.37644684055563904,0.7325437462265374,20.0,0.7787561449005823,0.3485811395184743,0.7787561449005823,0.0,0.7819752709949231,0.3484239508829175,0.7819752709949231,4.56,0.7871460906597074,0.3440221712549732,0.7871460906597074,45.0,0.6775082396471228,0.39597391602956666,0.6775082396471228,22.0,0.7645111184301271,0.36126206004039624,0.7645111184301271,76.1,0.7903652167540484,0.3398133521283824,0.7903652167540484
56.5,0.7664628120005704,0.35722118627661414,0.7664628120005704,2114.0,0.7325437462265373,0.3764468405556399,0.7325437462265373,75.0,0.773585325235798,0.3528568267906565,0.773585325235798,5.5,0.776804451330139,0.35273762957165883,0.776804451330139,17.36,0.7871460906597074,0.3440221712549732,0.7871460906597074,35.0,0.6846307528823502,0.39333637538034394,0.6846307528823502,34.1,0.7696819380949113,0.35714852033639727,0.7696819380949113,62.0,0.785194397089264,0.3442792955891904,0.785194397089264
100.0,0.7612919923357861,0.361296734564054,0.7612919923357861,2515.0,0.7325437462265373,0.3764468405556399,0.7325437462265373,20.0,0.773585325235798,0.3528568267906565,0.773585325235798,0.8,0.7839269645653665,0.3481852450259095,0.7839269645653665,40.75,0.7819752709949231,0.3484239508829175,0.7819752709949231,56.0,0.6898015725471345,0.3904306783158679,0.6898015725471345,40.4,0.7645111184301271,0.36126206004039624,0.7645111184301271,63.9,0.785194397089264,0.3442792955891904,0.785194397089264
57.6,0.7664628120005704,0.35722118627661464,0.7664628120005704,1836.0,0.7254212329913099,0.3799921567133998,0.7254212329913099,19.0,0.7684145055710139,0.3570444131236367,0.7684145055710139,3.9,0.7819752709949231,0.3484239508829175,0.7819752709949231,15.25,0.776804451330139,0.35273762957165883,0.776804451330139,49.0,0.6981915183062596,0.3878046128935551,0.6981915183062596,31.4,0.7593402987653428,0.36528749880519307,0.7593402987653428,69.0,0.7800235774244799,0.3486571381107939,0.7800235774244799
17.6,0.7664628120005704,0.35722118627661464,0.7664628120005704,1527.0,0.7222021068969688,0.37978185807303233,0.7222021068969688,54.0,0.7684145055710139,0.3570444131236367,0.7684145055710139,0.0,0.776804451330139,0.35273762957165883,0.776804451330139,4.12,0.7819752709949231,0.3484239508829175,0.7819752709949231,36.0,0.7065814640653847,0.385001305945905,0.7065814640653847,21.6,0.7593402987653428,0.36528749880519307,0.7593402987653428,62.7,0.7819752709949233,0.34842395088291755,0.7819752709949233
76.5,0.7612919923357861,0.361296734564054,0.7612919923357861,1818.0,0.7234695394208664,0.37999266020347205,0.7234695394208664,21.0,0.776804451330139,0.35273762957165883,0.776804451330139,-3.1,0.776804451330139,0.35273762957165883,0.776804451330139,22.71,0.7819752709949231,0.3484239508829175,0.7819752709949231,33.0,0.7065814640653847,0.38500130594590537,0.7065814640653847,34.5,0.7645111184301271,0.36126206004039624,0.7645111184301271,67.1,0.7819752709949233,0.34842395088291755,0.7819752709949233
63.9,0.7612919923357861,0.3612967345640545,0.7612919923357861,1601.0,0.7305920526560942,0.37647679978118176,0.7305920526560942,27.0,0.7819752709949231,0.3484239508829175,0.7819752709949231,3.1,0.781975270994923,0.34842395088291744,0.781975270994923,15.48,0.7819752709949231,0.3484239508829175,0.7819752709949231,27.0,0.7033623379710439,0.38468472253411456,0.7033623379710439,31.4,0.7645111184301271,0.36126206004039624,0.7645111184301271,67.5,0.776804451330139,0.35273762957165833,0.776804451330139
35.7,0.7684145055710139,0.3570444131236357,0.7684145055710139,792.0,0.7399244526301036,0.37320473619924716,0.7399244526301036,52.0,0.7871460906597073,0.3440221712549752,0.7871460906597073,3.9,0.7819752709949231,0.3484239508829175,0.7819752709949231,3.89,0.7819752709949231,0.3484239508829175,0.7819752709949231,29.0,0.7065814640653847,0.38500130594590637,0.7065814640653847,20.0,0.7696819380949114,0.3571485203363973,0.7696819380949114,62.7,0.7748527577596955,0.3529468796931963,0.7748527577596955
19.6,0.7684145055710139,0.3570444131236357,0.7684145055710139,2206.0,0.747046965865331,0.3693768961018587,0.747046965865331,68.0,0.785194397089264,0.3442792955891904,0.785194397089264,3.1,0.7819752709949231,0.3484239508829175,0.7819752709949231,6.46,0.7819752709949231,0.3484239508829175,0.7819752709949231,46.0,0.7137039773006123,0.3817930948214906,0.7137039773006123,23.9,0.7696819380949114,0.3571485203363973,0.7696819380949114,63.1,0.7748527577596955,0.3529468796931979,0.7748527577596955
19.2,0.773585325235798,0.3528568267906565,0.773585325235798,1945.0,0.7522177855301153,0.3655254239055005,0.7522177855301153,22.0,0.785194397089264,0.3442792955891904,0.785194397089264,3.1,0.7735853252357979,0.35285682679065644,0.7735853252357979,5.6,0.7819752709949231,0.3484239508829175,0.7819752709949231,49.0,0.7137039773006122,0.3817930948214901,0.7137039773006122,23.9,0.7716336316653547,0.3569632073211975,0.7716336316653547,63.1,0.7748527577596955,0.3529468796931979,0.7748527577596955
37.3,0.7735853252357983,0.3528568267906566,0.7735853252357983,789.0,0.7573886051948995,0.3615858507699398,0.7573886051948995,65.0,0.785194397089264,0.3442792955891904,0.785194397089264,-9.4,0.7735853252357979,0.35285682679065644,0.7735853252357979,3.94,0.7890977842301509,0.34375952829162687,0.7890977842301509,28.0,0.708533157635828,0.38506301464302906,0.708533157635828,20.0,0.776804451330139,0.35273762957165883,0.776804451330139,56.9,0.7819752709949231,0.3484239508829175,0.7819752709949231
100.0,0.7735853252357983,0.3528568267906566,0.7735853252357983,1610.0,0.7573886051948995,0.3615858507699398,0.7573886051948995,85.0,0.7800235774244798,0.3486571381107944,0.7800235774244798,2.3,0.7735853252357979,0.35285682679065644,0.7735853252357979,26.0,0.794268603894935,0.33924571061814474,0.794268603894935,45.0,0.7156556708710557,0.38182534778314586,0.7156556708710557,37.3,0.7716336316653547,0.3569632073211975,0.7716336316653547,59.6,0.7768044513301388,0.3527376295716588,0.7768044513301388
74.9,0.773585325235798,0.3528568267906565,0.773585325235798,2032.0,0.7573886051948995,0.3615858507699398,0.7573886051948995,27.0,0.7748527577596955,0.3529468796931968,0.7748527577596955,-3.9,0.7787561449005823,0.3485811395184743,0.7787561449005823,20.42,0.7890977842301509,0.34375952829162687,0.7890977842301509,52.0,0.7156556708710557,0.38182534778314586,0.7156556708710557,27.1,0.7716336316653547,0.3569632073211975,0.7716336316653547,67.1,0.7716336316653546,0.356963207321198,0.7716336316653546
31.0,0.773585325235798,0.3528568267906565,0.773585325235798,854.0,0.7522177855301153,0.3655254239055005,0.7522177855301153,33.0,0.7800235774244798,0.3486571381107944,0.7800235774244798,0.8,0.776804451330139,0.3488057868841294,0.776804451330139,3.26,0.7839269645653665,0.348185245025909,0.7839269645653665,17.0,0.7208264905358399,0.3784433899160656,0.7208264905358399,19.2,0.776804451330139,0.35273762957165883,0.776804451330139,58.4,0.7716336316653546,0.356963207321198,0.7716336316653546
43.1,0.773585325235798,0.3528568267906565,0.773585325235798,858.0,0.7522177855301153,0.3655254239055005,0.7522177855301153,30.0,0.7819752709949231,0.3484239508829175,0.7819752709949231,2.3,0.7716336316653547,0.3530575370499728,0.7716336316653547,9.94,0.7839269645653666,0.3481852450259096,0.7839269645653666,20.0,0.7208264905358399,0.3784433899160656,0.7208264905358399,29.0,0.776804451330139,0.35273762957165883,0.776804451330139,55.3,0.7716336316653546,0.356963207321198,0.7716336316653546
41.2,0.773585325235798,0.3528568267906565,0.773585325235798,1745.0,0.7522177855301153,0.3655254239055005,0.7522177855301153,72.0,0.776804451330139,0.35273762957165883,0.776804451330139,-2.3,0.7716336316653546,0.3530575370499728,0.7716336316653546,15.76,0.7787561449005823,0.3525228608209886,0.7787561449005823,34.0,0.7208264905358399,0.3784433899160656,0.7208264905358399,31.8,0.7819752709949231,0.3484239508829175,0.7819752709949231,72.5,0.7716336316653546,0.356963207321198,0.7716336316653546
78.0,0.7819752709949231,0.3484239508829175,0.7819752709949231,2291.0,0.7522177855301153,0.3655254239055005,0.7522177855301153,67.0,0.776804451330139,0.35273762957165883,0.776804451330139,-0.8,0.7716336316653546,0.3530575370499733,0.7716336316653546,27.91,0.7839269645653665,0.3481852450259095,0.7839269645653665,55.0,0.7156556708710555,0.38182534778314575,0.7156556708710555,35.7,0.776804451330139,0.35273762957165883,0.776804451330139,68.2,0.7716336316653546,0.356963207321198,0.7716336316653546
75.7,0.7871460906597074,0.3440221712549732,0.7871460906597074,2739.0,0.7522177855301153,0.3655254239055005,0.7522177855301153,65.0,0.7819752709949231,0.3484239508829175,0.7819752709949231,3.9,0.7716336316653546,0.3530575370499728,0.7716336316653546,8.49,0.7890977842301509,0.34375952829162687,0.7890977842301509,59.0,0.709583795687944,0.38065603943077203,0.709583795687944,25.1,0.7819752709949231,0.3484239508829175,0.7819752709949231,67.8,0.7664628120005705,0.36110068413153484,0.7664628120005705
84.3,0.7871460906597073,0.34402217125497314,0.7871460906597073,1995.0,0.7522177855301153,0.3655254239055005,0.7522177855301153,75.0,0.7819752709949231,0.3484239508829175,0.7819752709949231,-6.2,0.7716336316653547,0.3530575370499733,0.7716336316653547,25.17,0.794268603894935,0.33924571061814474,0.794268603894935,63.0,0.6978736342652838,0.38242006262558564,0.6978736342652838,35.3,0.7890977842301509,0.34375952829162737,0.7890977842301509,66.3,0.7664628120005704,0.36110068413153423,0.7664628120005704
95.7,0.7871460906597073,0.34402217125497314,0.7871460906597073,2134.0,0.7522177855301153,0.3655254239055005,0.7522177855301153,74.0,0.7819752709949231,0.3484239508829175,0.7819752709949231,-7.0,0.7800235774244798,0.34865713811079546,0.7800235774244798,30.51,0.7994394235597191,0.334643792005459,0.7994394235597191,66.0,0.690918995739925,0.3807396531806901,0.690918995739925,36.9,0.7890977842301509,0.34375952829162737,0.7890977842301509,64.7,0.7716336316653546,0.3569632073211975,0.7716336316653546
88.2,0.7871460906597074,0.3440221712549742,0.7871460906597074,2217.0,0.7593402987653428,0.3614440519815625,0.7593402987653428,78.0,0.7819752709949231,0.3484239508829175,0.7819752709949231,-1.6,0.7800235774244798,0.34865713811079546,0.7800235774244798,28.95,0.8046102432245033,0.3299537724535712,0.8046102432245033,67.0,0.6784199175956956,0.38176397646357885,0.6784199175956956,36.1,0.7839269645653665,0.3481852450259095,0.7839269645653665,67.1,0.776804451330139,0.35273762957165883,0.776804451330139
18.0,0.7923169103244917,0.33953229068782936,0.7923169103244917,1583.0,0.7645111184301271,0.357392440800462,0.7645111184301271,56.0,0.7819752709949231,0.3484239508829175,0.7819752709949231,3.1,0.7800235774244798,0.34865713811079546,0.7800235774244798,17.89,0.8097810628892875,0.3251756519624815,0.8097810628892875,64.0,0.6784199175956956,0.38176397646357885,0.6784199175956956,32.9,0.7890977842301509,0.34375952829162687,0.7890977842301509,64.7,0.7819752709949233,0.34842395088291755,0.7819752709949233
67.8,0.7974877299892758,0.33495430918148195,0.7974877299892758,1765.0,0.7645111184301271,0.357392440800462,0.7645111184301271,46.0,0.7819752709949231,0.3484239508829175,0.7819752709949231,-5.5,0.785194397089264,0.3442792955891904,0.785194397089264,17.09,0.8097810628892875,0.3251756519624815,0.8097810628892875,65.0,0.6835907372604798,0.37885018348735156,0.6835907372604798,32.5,0.7890977842301509,0.34375952829162687,0.7890977842301509,67.5,0.7819752709949231,0.3484239508829175,0.7819752709949231
18.0,0.7923169103244917,0.33953229068782886,0.7923169103244917,1759.0,0.7696819380949113,0.3532527286801584,0.7696819380949113,51.0,0.7819752709949231,0.3484239508829175,0.7819752709949231,1.6,0.785194397089264,0.3442792955891904,0.785194397089264,4.64,0.8046102432245033,0.3299537724535712,0.8046102432245033,64.0,0.6835907372604798,0.37885018348735156,0.6835907372604798,22.4,0.7839269645653666,0.3481852450259085,0.7839269645653666,67.1,0.7871460906597073,0.3440221712549752,0.7871460906597073
58.4,0.7974877299892758,0.33495430918148195,0.7974877299892758,1762.0,0.7696819380949114,0.35325272868015845,0.7696819380949114,19.0,0.7890977842301509,0.34375952829162687,0.7890977842301509,3.9,0.7903652167540484,0.33981335212838343,0.7903652167540484,15.34,0.7994394235597191,0.334643792005459,0.7994394235597191,65.0,0.6835907372604798,0.37885018348735156,0.6835907372604798,31.4,0.7787561449005823,0.3525228608209876,0.7787561449005823,68.6,0.7923169103244917,0.33953229068782936,0.7923169103244917
18.4,0.7974877299892758,0.33495430918148195,0.7974877299892758,1715.0,0.7696819380949114,0.35325272868015895,0.7696819380949114,20.0,0.7942686038949349,0.33924571061814474,0.7942686038949349,0.0,0.7903652167540484,0.33981335212838343,0.7903652167540484,4.72,0.794268603894935,0.33924571061814474,0.794268603894935,49.0,0.6835907372604798,0.37885018348735156,0.6835907372604798,22.4,0.7787561449005823,0.3525228608209876,0.7787561449005823,63.1,0.7923169103244916,0.3395322906878304,0.7923169103244916
19.2,0.7994394235597191,0.334643792005459,0.7994394235597191,1212.0,0.7645111184301272,0.35739244080046206,0.7645111184301272,31.0,0.794268603894935,0.33924571061814474,0.794268603894935,11.7,0.785194397089264,0.3442792955891904,0.785194397089264,3.54,0.7890977842301509,0.34375952829162687,0.7890977842301509,19.0,0.6835907372604799,0.37885018348735167,0.6835907372604799,18.8,0.7839269645653666,0.348185245025908,0.7839269645653666,60.0,0.7871460906597074,0.3440221712549742,0.7871460906597074
41.6,0.8046102432245033,0.3299537724535712,0.8046102432245033,906.0,0.7593402987653428,0.3614440519815625,0.7593402987653428,84.0,0.7923169103244917,0.33953229068782886,0.7923169103244917,3.1,0.7800235774244798,0.34865713811079546,0.7800235774244798,10.45,0.794268603894935,0.33924571061814374,0.794268603894935,28.0,0.6887615569252641,0.3758482895719228,0.6887615569252641,29.8,0.7839269645653666,0.348185245025908,0.7839269645653666,53.7,0.7871460906597074,0.3440221712549742,0.7871460906597074
20.8,0.8046102432245033,0.3299537724535712,0.8046102432245033,2053.0,0.7573886051948995,0.3615858507699388,0.7573886051948995,86.0,0.7923169103244917,0.33953229068782886,0.7923169103244917,5.5,0.7800235774244798,0.34865713811079546,0.7800235774244798,6.11,0.7890977842301509,0.34375952829162687,0.7890977842301509,39.0,0.6887615569252641,0.37584828957192234,0.6887615569252641,31.0,0.7787561449005823,0.3525228608209876,0.7787561449005823,61.6,0.7819752709949231,0.3484239508829175,0.7819752709949231
23.9,0.8046102432245033,0.3299537724535712,0.8046102432245033,1932.0,0.7522177855301152,0.3655254239055005,0.7522177855301152,20.0,0.7923169103244917,0.33953229068782886,0.7923169103244917,-2.3,0.7800235774244798,0.34865713811079546,0.7800235774244798,26.52,0.7839269645653665,0.348185245025908,0.7839269645653665,47.0,0.6960898154047093,0.37765907505334567,0.6960898154047093,34.9,0.776804451330139,0.35273762957165883,0.776804451330139,62.7,0.7819752709949231,0.3484239508829175,0.7819752709949231
100.0,0.8046102432245033,0.3299537724535712,0.8046102432245033,1943.0,0.7522177855301153,0.3655254239055005,0.7522177855301153,71.0,0.7974877299892758,0.33495430918148195,0.7974877299892758,3.9,0.7871460906597073,0.3440221712549752,0.7871460906597073,34.28,0.7839269645653666,0.3481852450259085,0.7839269645653666,34.0,0.6960898154047095,0.3776590750533458,0.6960898154047095,41.2,0.7819752709949231,0.3484239508829175,0.7819752709949231,61.6,0.7819752709949231,0.3484239508829175,0.7819752709949231
33.3,0.7994394235597191,0.334643792005459,0.7994394235597191,828.0,0.7606077312892403,0.36156825597072506,0.7606077312892403,30.0,0.7903652167540484,0.3398133521283824,0.7903652167540484,-3.9,0.7871460906597073,0.3440221712549752,0.7871460906597073,4.91,0.7839269645653666,0.348185245025908,0.7839269645653666,35.0,0.6909189957399251,0.38073965318068975,0.6909189957399251,22.0,0.7871460906597073,0.3440221712549742,0.7871460906597073,67.5,0.7748527577596954,0.35294687969319627,0.7748527577596954
35.3,0.794268603894935,0.33924571061814474,0.794268603894935,811.0,0.7606077312892403,0.36156825597072506,0.7606077312892403,33.0,0.7923169103244917,0.33953229068782886,0.7923169103244917,-9.4,0.7871460906597074,0.34402217125497525,0.7871460906597074,3.65,0.7839269645653666,0.348185245025908,0.7839269645653666,29.0,0.6909189957399251,0.38073965318068975,0.6909189957399251,19.6,0.7923169103244916,0.33953229068782886,0.7923169103244916,54.9,0.7664628120005704,0.35722118627661464,0.7664628120005704
37.3,0.7890977842301509,0.34375952829162737,0.7890977842301509,801.0,0.755436911624456,0.3655458205228453,0.755436911624456,32.0,0.7871460906597074,0.34402217125497525,0.7871460906597074,-7.0,0.7871460906597074,0.34402217125497525,0.7871460906597074,4.1,0.7839269645653666,0.3481852450259085,0.7839269645653666,10.0,0.6909189957399251,0.38073965318068975,0.6909189957399251,20.4,0.7974877299892758,0.33495430918148195,0.7974877299892758,57.6,0.7664628120005704,0.35722118627661364,0.7664628120005704
35.7,0.7839269645653665,0.348185245025909,0.7839269645653665,784.0,0.747046965865331,0.3693768961018587,0.747046965865331,35.0,0.7800235774244798,0.3486571381107944,0.7800235774244798,0.0,0.7871460906597074,0.34402217125497525,0.7871460906597074,4.0,0.7819752709949233,0.34842395088291755,0.7819752709949233,0.0,0.6909189957399251,0.38073965318068975,0.6909189957399251,20.0,0.7974877299892758,0.334954309181483,0.7974877299892758,62.0,0.7593402987653428,0.3614440519815625,0.7593402987653428
41.2,0.7839269645653665,0.34818524502591003,0.7839269645653665,799.0,0.7541694791005586,0.36540756222346304,0.7541694791005586,47.0,0.7851943970892641,0.34427929558919046,0.7851943970892641,1.6,0.7871460906597074,0.3440221712549742,0.7871460906597074,4.38,0.7819752709949233,0.34842395088291755,0.7819752709949233,6.0,0.6909189957399251,0.38073965318068975,0.6909189957399251,20.8,0.7974877299892758,0.334954309181483,0.7974877299892758,52.9,0.7664628120005704,0.35722118627661414,0.7664628120005704
16.5,0.7890977842301506,0.34375952829162837,0.7890977842301506,902.0,0.7541694791005585,0.365407562223463,0.7541694791005585,39.0,0.7903652167540481,0.3398133521283833,0.7903652167540481,7.0,0.7871460906597074,0.34402217125497525,0.7871460906597074,4.0,0.7819752709949233,0.34842395088291755,0.7819752709949233,0.0,0.6960898154047095,0.3776590750533458,0.6960898154047095,22.4,0.7974877299892758,0.33495430918148195,0.7974877299892758,60.4,0.7748527577596954,0.35294687969319627,0.7748527577596954
42.4,0.7890977842301506,0.34375952829162837,0.7890977842301506,816.0,0.7612919923357861,0.361296734564054,0.7612919923357861,51.0,0.7903652167540484,0.33981335212838343,0.7903652167540484,-0.8,0.7871460906597074,0.3440221712549742,0.7871460906597074,4.73,0.7871460906597074,0.3440221712549732,0.7871460906597074,13.0,0.6960898154047095,0.3776590750533458,0.6960898154047095,20.8,0.8026585496540599,0.33028822673593305,0.8026585496540599,52.9,0.7800235774244798,0.34865713811079385,0.7800235774244798
58.4,0.7890977842301506,0.34375952829162837,0.7890977842301506,2314.0,0.7612919923357861,0.361296734564054,0.7612919923357861,49.0,0.785194397089264,0.3442792955891904,0.785194397089264,-1.6,0.7871460906597074,0.3440221712549732,0.7871460906597074,20.08,0.7871460906597074,0.3440221712549732,0.7871460906597074,18.0,0.703212328639937,0.3745384430061131,0.703212328639937,33.3,0.8026585496540599,0.33028822673593305,0.8026585496540599,69.8,0.7800235774244797,0.34865713811079385,0.7800235774244797
20.8,0.7890977842301506,0.34375952829162837,0.7890977842301506,1504.0,0.7612919923357861,0.361296734564054,0.7612919923357861,34.0,0.7800235774244798,0.34865713811079546,0.7800235774244798,3.1,0.7871460906597074,0.3440221712549732,0.7871460906597074,2.9,0.7819752709949231,0.34842395088291644,0.7819752709949231,10.0,0.7083831483047212,0.3712577258940266,0.7083831483047212,20.4,0.8078293693188443,0.32553404335118163,0.8078293693188443,68.2,0.7748527577596955,0.3529468796931974,0.7748527577596955
42.4,0.7839269645653665,0.3481852450259095,0.7839269645653665,791.0,0.756121172671002,0.36528418191229284,0.756121172671002,35.0,0.7800235774244799,0.3486571381107939,0.7800235774244799,-3.1,0.7923169103244917,0.33953229068782886,0.7923169103244917,4.58,0.7819752709949231,0.34842395088291644,0.7819752709949231,13.0,0.7135539679695055,0.36788890784273826,0.7135539679695055,20.8,0.8078293693188443,0.32553404335118163,0.8078293693188443,52.9,0.7696819380949113,0.35714852033639727,0.7696819380949113
30.2,0.7839269645653665,0.348185245025909,0.7839269645653665,836.0,0.7509503530062177,0.3691835283213276,0.7509503530062177,32.0,0.7748527577596955,0.3529468796931963,0.7748527577596955,-11.7,0.7923169103244917,0.33953229068782886,0.7923169103244917,3.53,0.7819752709949233,0.3484239508829165,0.7819752709949233,15.0,0.7256794261596483,0.3657205865500429,0.7256794261596483,19.2,0.8078293693188443,0.32553404335118163,0.8078293693188443,59.6,0.7696819380949113,0.35714852033639727,0.7696819380949113
35.3,0.776804451330139,0.35273762957165883,0.776804451330139,828.0,0.7457795333414338,0.3729947737911605,0.7457795333414338,43.0,0.7748527577596955,0.3529468796931963,0.7748527577596955,-2.3,0.7871460906597073,0.34402217125497314,0.7871460906597073,3.46,0.776804451330139,0.35273762957165883,0.776804451330139,17.0,0.7302670743470807,0.3668668528556749,0.7302670743470807,19.6,0.8078293693188443,0.3255340433511827,0.8078293693188443,55.7,0.776804451330139,0.35273762957165883,0.776804451330139
55.7,0.7716336316653546,0.356963207321198,0.7716336316653546,1464.0,0.7541694791005585,0.3692248366307864,0.7541694791005585,62.0,0.7819752709949233,0.34842395088291755,0.7819752709949233,-1.6,0.7819752709949233,0.34842395088291755,0.7819752709949233,11.91,0.7716336316653547,0.3569632073211975,0.7716336316653547,45.0,0.723727732589205,0.3657602017891635,0.723727732589205,28.6,0.8078293693188443,0.3255340433511827,0.8078293693188443,68.2,0.7716336316653546,0.356963207321198,0.7716336316653546
45.9,0.776804451330139,0.35273762957165883,0.776804451330139,1500.0,0.7612919923357861,0.3651500600026695,0.7612919923357861,20.0,0.7871460906597074,0.3440221712549742,0.7871460906597074,5.5,0.7819752709949233,0.34842395088291755,0.7819752709949233,5.65,0.7645111184301271,0.36126206004039624,0.7645111184301271,44.0,0.7185569129244209,0.3692683758348523,0.7185569129244209,22.7,0.8026585496540599,0.3302882267359325,0.8026585496540599,69.8,0.7716336316653546,0.356963207321198,0.7716336316653546
51.8,0.7696819380949113,0.35714852033639727,0.7696819380949113,2350.0,0.7612919923357861,0.3651500600026695,0.7612919923357861,28.0,0.7923169103244917,0.33953229068782886,0.7923169103244917,0.8,0.7819752709949233,0.34842395088291755,0.7819752709949233,16.75,0.7625594248596836,0.36141791732012696,0.7625594248596836,48.0,0.7133860932596366,0.37268844894133846,0.7133860932596366,32.2,0.8026585496540599,0.3302882267359325,0.8026585496540599,72.2,0.7716336316653546,0.356963207321198,0.7716336316653546
19.2,0.7645111184301272,0.36126206004039624,0.7645111184301272,2170.0,0.7664628120005704,0.36110068413153423,0.7664628120005704,29.0,0.794268603894935,0.33924571061814474,0.794268603894935,7.8,0.7819752709949233,0.34842395088291755,0.7819752709949233,6.19,0.7573886051948995,0.365419418978585,0.7573886051948995,23.0,0.7133860932596366,0.37268844894133796,0.7133860932596366,23.9,0.8026585496540599,0.33028822673593305,0.8026585496540599,63.5,0.7716336316653546,0.356963207321198,0.7716336316653546
47.8,0.7573886051948995,0.365419418978585,0.7573886051948995,1583.0,0.7664628120005704,0.3611006841315348,0.7664628120005704,21.0,0.7890977842301509,0.34375952829162687,0.7890977842301509,-1.6,0.7819752709949233,0.34842395088291755,0.7819752709949233,21.2,0.7593402987653428,0.36528749880519307,0.7593402987653428,30.0,0.7133860932596366,0.37268844894133796,0.7133860932596366,33.7,0.8026585496540599,0.33028822673593305,0.8026585496540599,61.2,0.7716336316653546,0.356963207321198,0.7716336316653546
93.7,0.7573886051948995,0.365419418978585,0.7573886051948995,1951.0,0.7716336316653547,0.3569632073211975,0.7716336316653547,43.0,0.7890977842301509,0.34375952829162687,0.7890977842301509,-10.2,0.7768044513301391,0.3527376295716589,0.7768044513301391,27.62,0.7593402987653428,0.36528749880519307,0.7593402987653428,47.0,0.7185569129244209,0.36926837583485184,0.7185569129244209,36.5,0.8046102432245033,0.3299537724535712,0.8046102432245033,65.1,0.776804451330139,0.35273762957165883,0.776804451330139
23.1,0.7573886051948995,0.36541941897858554,0.7573886051948995,2256.0,0.7664628120005704,0.3611006841315348,0.7664628120005704,34.0,0.7890977842301509,0.34375952829162687,0.7890977842301509,7.0,0.7768044513301391,0.3527376295716584,0.7768044513301391,6.04,0.7522177855301152,0.36933281969784154,0.7522177855301152,52.0,0.7205086064948643,0.36925269770207,0.7205086064948643,23.5,0.8046102432245033,0.3299537724535712,0.8046102432245033,74.5,0.7768044513301388,0.3527376295716588,0.7768044513301388
33.7,0.7645111184301271,0.36126206004039624,0.7645111184301271,1758.0,0.7664628120005704,0.3611006841315348,0.7664628120005704,36.0,0.7890977842301509,0.34375952829162687,0.7890977842301509,3.9,0.7819752709949233,0.3484239508829165,0.7819752709949233,9.1,0.7470469658653313,0.3731581194778952,0.7470469658653313,52.0,0.7205086064948643,0.36925269770207,0.7205086064948643,27.8,0.8046102432245034,0.32995377245357127,0.8046102432245034,73.7,0.7716336316653546,0.3569632073211975,0.7716336316653546
32.5,0.7593402987653428,0.36528749880519307,0.7593402987653428,1667.0,0.7716336316653547,0.3569632073211975,0.7716336316653547,19.0,0.7890977842301509,0.34375952829162687,0.7890977842301509,3.1,0.7819752709949231,0.34842395088291644,0.7819752709949231,8.07,0.7418761462005469,0.3768953183187476,0.7418761462005469,47.0,0.7250962546822968,0.3704463009082525,0.7250962546822968,26.7,0.8046102432245034,0.32995377245357127,0.8046102432245034,74.1,0.7716336316653546,0.356963207321198,0.7716336316653546
34.1,0.7593402987653428,0.36528749880519307,0.7593402987653428,891.0,0.7696819380949113,0.35714852033639727,0.7696819380949113,35.0,0.7890977842301509,0.34375952829162687,0.7890977842301509,-2.3,0.7819752709949233,0.3484239508829165,0.7819752709949233,3.89,0.7418761462005469,0.3768953183187476,0.7418761462005469,37.0,0.7363389495301924,0.36776891067961237,0.7363389495301924,19.6,0.7994394235597191,0.334643792005459,0.7994394235597191,61.2,0.776804451330139,0.35273762957165883,0.776804451330139
39.2,0.7541694791005586,0.3692248366307884,0.7541694791005586,816.0,0.7645111184301271,0.36126206004039624,0.7645111184301271,32.0,0.794268603894935,0.33924571061814474,0.794268603894935,-4.7,0.7819752709949233,0.3484239508829165,0.7819752709949233,4.2,0.7418761462005469,0.3768953183187476,0.7418761462005469,0.0,0.7418761462005468,0.3684593095578019,0.7418761462005468,20.0,0.7994394235597191,0.334643792005459,0.7994394235597191,52.9,0.7819752709949231,0.3484239508829175,0.7819752709949231
21.6,0.7541694791005586,0.3692248366307874,0.7541694791005586,2812.0,0.7593402987653428,0.36528749880519307,0.7593402987653428,50.0,0.794268603894935,0.33924571061814474,0.794268603894935,-1.6,0.7819752709949231,0.3484239508829175,0.7819752709949231,6.92,0.7367053265357627,0.38054441622039803,0.7367053265357627,30.0,0.7399244526301034,0.3685360928460577,0.7399244526301034,25.1,0.794268603894935,0.33924571061814474,0.794268603894935,77.6,0.7819752709949231,0.3484239508829175,0.7819752709949231
19.6,0.7541694791005585,0.3692248366307884,0.7541694791005585,2433.0,0.7593402987653428,0.36528749880519307,0.7593402987653428,65.0,0.794268603894935,0.33924571061814474,0.794268603894935,5.5,0.7768044513301391,0.3527376295716584,0.7768044513301391,6.66,0.7367053265357627,0.38054441622039803,0.7367053265357627,45.0,0.7450952722948877,0.3647640327794813,0.7450952722948877,29.8,0.794268603894935,0.33924571061814474,0.794268603894935,64.3,0.7819752709949231,0.3484239508829175,0.7819752709949231
18.0,0.7593402987653428,0.36528749880519307,0.7593402987653428,2367.0,0.7593402987653428,0.36528749880519307,0.7593402987653428,31.0,0.7890977842301509,0.34375952829162687,0.7890977842301509,-1.6,0.7768044513301391,0.35273762957165783,0.7768044513301391,6.62,0.7367053265357627,0.38054441622039803,0.7367053265357627,48.0,0.7450952722948877,0.3647640327794813,0.7450952722948877,25.1,0.794268603894935,0.33924571061814474,0.794268603894935,76.5,0.7871460906597073,0.3440221712549752,0.7871460906597073
18.8,0.7645111184301271,0.36126206004039624,0.7645111184301271,2193.0,0.7593402987653428,0.36528749880519307,0.7593402987653428,22.0,0.7890977842301509,0.34375952829162687,0.7890977842301509,0.0,0.7748527577596958,0.3529468796931964,0.7748527577596958,6.25,0.7367053265357627,0.38054441622039803,0.7367053265357627,38.0,0.7418761462005469,0.3647042585980702,0.7418761462005469,24.7,0.794268603894935,0.33924571061814474,0.794268603894935,65.9,0.794268603894935,0.33924571061814474,0.794268603894935
41.6,0.7696819380949113,0.35714852033639727,0.7696819380949113,778.0,0.7573886051948994,0.3654194189785855,0.7573886051948994,36.0,0.7890977842301509,0.34375952829162687,0.7890977842301509,-1.6,0.7748527577596958,0.35294687969319694,0.7748527577596958,4.53,0.7315345068709785,0.3841054131828461,0.7315345068709785,25.0,0.7367053265357626,0.36843832724808706,0.7367053265357626,20.4,0.794268603894935,0.33924571061814474,0.794268603894935,60.4,0.794268603894935,0.33924571061814474,0.794268603894935
18.0,0.7696819380949113,0.35714852033639727,0.7696819380949113,1847.0,0.7573886051948994,0.3654194189785855,0.7573886051948994,48.0,0.7890977842301509,0.34375952829162687,0.7890977842301509,6.2,0.7819752709949233,0.34842395088291755,0.7819752709949233,4.97,0.7263636872061943,0.38757830920609193,0.7263636872061943,25.0,0.7315345068709785,0.372084294958903,0.7315345068709785,22.7,0.7890977842301509,0.34375952829162687,0.7890977842301509,63.5,0.7994394235597191,0.334643792005459,0.7994394235597191
20.0,0.7696819380949113,0.35714852033639727,0.7696819380949113,2320.0,0.7502660919596718,0.36943528413576343,0.7502660919596718,69.0,0.7890977842301509,0.34375952829162687,0.7890977842301509,-1.6,0.7819752709949233,0.34842395088291755,0.7819752709949233,6.28,0.7263636872061943,0.38757830920609193,0.7263636872061943,37.0,0.7315345068709785,0.372084294958903,0.7315345068709785,23.9,0.7819752709949231,0.3484239508829175,0.7819752709949231,63.1,0.7994394235597191,0.334643792005459,0.7994394235597191
81.6,0.7645111184301272,0.36126206004039624,0.7645111184301272,2087.0,0.7502660919596718,0.36943528413576293,0.7502660919596718,62.0,0.7890977842301509,0.34375952829162687,0.7890977842301509,0.0,0.7819752709949233,0.34842395088291755,0.7819752709949233,25.53,0.7263636872061942,0.3875783092060919,0.7263636872061942,41.0,0.7244119936357509,0.37565701231474163,0.7244119936357509,34.9,0.776804451330139,0.35273762957165883,0.776804451330139,67.5,0.7923169103244917,0.33953229068782886,0.7923169103244917
76.9,0.7593402987653428,0.36528749880519307,0.7593402987653428,1572.0,0.755436911624456,0.3655458205228453,0.755436911624456,57.0,0.794268603894935,0.33924571061814474,0.794268603894935,-6.2,0.7839269645653666,0.348185245025908,0.7839269645653666,17.78,0.7315345068709785,0.3841054131828461,0.7315345068709785,49.0,0.7188747969653966,0.37479644582058225,0.7188747969653966,32.5,0.7716336316653547,0.3569632073211981,0.7716336316653547,66.3,0.7851943970892641,0.34427929558919046,0.7851943970892641
18.4,0.7541694791005586,0.3692248366307879,0.7541694791005586,1647.0,0.7554369116244561,0.3655458205228453,0.7554369116244561,49.0,0.794268603894935,0.33924571061814474,0.794268603894935,-1.6,0.7839269645653666,0.348185245025908,0.7839269645653666,4.5,0.7367053265357627,0.38054441622039803,0.7367053265357627,33.67243525896414,0.7208264905358399,0.3747948830609132,0.7208264905358399,22.0,0.7716336316653547,0.3569632073211981,0.7716336316653547,75.7,0.7800235774244798,0.3486571381107944,0.7800235774244798
72.9,0.7489986594357745,0.3730740735171803,0.7489986594357745,1490.0,0.755436911624456,0.3655458205228453,0.755436911624456,72.0,0.7994394235597191,0.334643792005459,0.7994394235597191,5.5,0.7839269645653666,0.348185245025908,0.7839269645653666,17.26,0.7367053265357627,0.38054441622039803,0.7367053265357627,45.0,0.7208264905358399,0.3747948830609132,0.7208264905358399,32.5,0.7645111184301272,0.36126206004039624,0.7645111184301272,67.1,0.7800235774244798,0.3486571381107944,0.7800235774244798
21.6,0.741876146200547,0.3768953183187486,0.741876146200547,1130.0,0.755436911624456,0.3655458205228453,0.755436911624456,35.0,0.8046102432245034,0.32995377245357127,0.8046102432245034,3.1,0.7890977842301509,0.34375952829162687,0.7890977842301509,3.6,0.7438278397709903,0.37683520946437016,0.7438278397709903,44.0,0.7259973102006242,0.3712986518383263,0.7259973102006242,18.8,0.7716336316653546,0.356963207321198,0.7716336316653546,61.2,0.7800235774244798,0.3486571381107944,0.7800235774244798
41.2,0.7334862004414218,0.38038059379903877,0.7334862004414218,773.0,0.7522177855301153,0.3655254239055005,0.7522177855301153,28.0,0.7994394235597191,0.334643792005459,0.7994394235597191,-1.6,0.7890977842301509,0.34375952829162687,0.7890977842301509,4.45,0.7489986594357746,0.37307407351718036,0.7489986594357746,38.0,0.7311681298654084,0.3677143196765372,0.7311681298654084,20.8,0.7716336316653547,0.3569632073211981,0.7716336316653547,56.9,0.785194397089264,0.3442792955891904,0.785194397089264
54.5,0.7263636872061943,0.3839017754952756,0.7263636872061943,2033.0,0.7502660919596718,0.3656377669584069,0.7502660919596718,23.0,0.7994394235597191,0.334643792005459,0.7994394235597191,3.1,0.7890977842301509,0.34375952829162687,0.7890977842301509,16.69,0.7541694791005585,0.3692248366307874,0.7541694791005585,41.0,0.7311681298654084,0.3677143196765382,0.7311681298654084,30.6,0.7716336316653546,0.356963207321198,0.7716336316653546,69.8,0.785194397089264,0.3442792955891904,0.785194397089264
39.2,0.7315345068709783,0.380402707055725,0.7315345068709783,791.0,0.7573886051948995,0.3615858507699398,0.7573886051948995,34.0,0.7994394235597191,0.334643792005459,0.7994394235597191,-2.3,0.7890977842301509,0.34375952829162687,0.7890977842301509,4.17,0.7593402987653428,0.36528749880519257,0.7593402987653428,27.0,0.7311681298654081,0.3677143196765381,0.7311681298654081,20.4,0.7716336316653546,0.356963207321198,0.7716336316653546,53.3,0.785194397089264,0.3442792955891904,0.785194397089264
35.3,0.7367053265357627,0.37681553767697196,0.7367053265357627,821.0,0.7625594248596835,0.35755817669517653,0.7625594248596835,33.0,0.7994394235597191,0.334643792005459,0.7994394235597191,0.0,0.7890977842301506,0.34375952829162676,0.7890977842301506,3.63,0.7593402987653428,0.36528749880519307,0.7593402987653428,0.0,0.7259973102006242,0.3712986518383263,0.7259973102006242,19.6,0.7664628120005704,0.3611006841315348,0.7664628120005704,56.9,0.7851943970892641,0.34427929558919046,0.7851943970892641
40.4,0.7418761462005469,0.37314026735901684,0.7418761462005469,817.0,0.7677302445244678,0.3534424016812124,0.7677302445244678,76.0,0.7994394235597191,0.334643792005459,0.7994394235597191,3.1,0.7819752709949233,0.34842395088291755,0.7819752709949233,10.17,0.7645111184301271,0.36126206004039624,0.7645111184301271,8.0,0.7188747969653966,0.3747964458205813,0.7188747969653966,29.8,0.7735853252357979,0.35677237567686615,0.7735853252357979,54.1,0.785194397089264,0.3442792955891904,0.785194397089264
65.9,0.7489986594357745,0.369282971526159,0.7489986594357745,1509.0,0.7625594248596835,0.35755817669517653,0.7625594248596835,19.0,0.7994394235597191,0.334643792005459,0.7994394235597191,4.7,0.7819752709949233,0.34842395088291755,0.7819752709949233,20.99,0.7696819380949114,0.3571485203363973,0.7696819380949114,23.0,0.7137039773006123,0.3781806389976274,0.7137039773006123,34.1,0.7787561449005823,0.3525228608209886,0.7787561449005823,66.7,0.7903652167540484,0.33981335212838343,0.7903652167540484
75.3,0.7489986594357745,0.369282971526159,0.7489986594357745,2361.0,0.7573886051948995,0.3615858507699398,0.7573886051948995,49.0,0.8046102432245031,0.3299537724535712,0.8046102432245031,-3.9,0.7819752709949233,0.34842395088291755,0.7819752709949233,30.5,0.7696819380949114,0.3571485203363973,0.7696819380949114,37.0,0.7137039773006123,0.3781806389976274,0.7137039773006123,36.1,0.7787561449005823,0.3525228608209886,0.7787561449005823,68.6,0.785194397089264,0.3442792955891904,0.785194397089264
56.5,0.7489986594357745,0.369282971526159,0.7489986594357745,1785.0,0.7573886051948995,0.3615858507699398,0.7573886051948995,46.0,0.8046102432245031,0.3299537724535712,0.8046102432245031,2.3,0.7819752709949233,0.34842395088291755,0.7819752709949233,7.31,0.7696819380949114,0.3571485203363973,0.7696819380949114,35.0,0.7192411739709667,0.3791028410408145,0.7192411739709667,24.7,0.7787561449005823,0.3525228608209886,0.7787561449005823,66.7,0.7780718838540366,0.34888480670953964,0.7780718838540366
18.4,0.7489986594357745,0.369282971526159,0.7489986594357745,1602.0,0.7522177855301152,0.3655254239055005,0.7522177855301152,21.0,0.8046102432245031,0.3299537724535712,0.8046102432245031,0.0,0.7819752709949233,0.34842395088291755,0.7819752709949233,4.4,0.7645111184301271,0.36126206004039624,0.7645111184301271,27.0,0.7293246201321966,0.37628307319405246,0.7293246201321966,22.0,0.7735853252357979,0.35677237567686615,0.7735853252357979,63.1,0.7780718838540366,0.34888480670953964,0.7780718838540366
38.4,0.7541694791005586,0.36540756222346304,0.7541694791005586,801.0,0.7522177855301153,0.3655254239055005,0.7522177855301153,42.0,0.8046102432245031,0.3299537724535712,0.8046102432245031,3.1,0.7871460906597074,0.3440221712549742,0.7871460906597074,4.24,0.7645111184301271,0.36126206004039624,0.7645111184301271,23.0,0.7386570201062062,0.37303073015553545,0.7386570201062062,20.0,0.7684145055710138,0.36093378959354067,0.7684145055710138,52.9,0.7729010641892523,0.3531506111856043,0.7729010641892523
21.2,0.747046965865331,0.3693768961018587,0.747046965865331,2107.0,0.7522177855301153,0.3655254239055005,0.7522177855301153,19.0,0.8026585496540598,0.330288226735933,0.8026585496540598,-1.6,0.7871460906597074,0.3440221712549742,0.7871460906597074,6.08,0.7645111184301271,0.36126206004039624,0.7645111184301271,29.0,0.741876146200547,0.37314026735901595,0.741876146200547,26.7,0.773585325235798,0.35677237567686615,0.773585325235798,73.3,0.7780718838540365,0.34888480670953964,0.7780718838540365
19.2,0.747046965865331,0.3693768961018587,0.747046965865331,1506.438032627222,0.7470469658653309,0.36937689610185864,0.7470469658653309,35.0,0.8026585496540598,0.330288226735933,0.8026585496540598,0.0,0.7871460906597073,0.3440221712549752,0.7871460906597073,3.59,0.7645111184301271,0.36126206004039624,0.7645111184301271,25.0,0.7502660919596718,0.36943528413576293,0.7502660919596718,20.4,0.773585325235798,0.35677237567686615,0.773585325235798,65.5,0.7729010641892523,0.3531506111856043,0.7729010641892523
36.1,0.747046965865331,0.3693768961018587,0.747046965865331,799.0,0.747046965865331,0.3693768961018587,0.747046965865331,30.0,0.8026585496540599,0.33028822673593305,0.8026585496540599,-9.4,0.7871460906597073,0.3440221712549742,0.7871460906597073,4.04,0.7645111184301271,0.36126206004039624,0.7645111184301271,0.0,0.7554369116244561,0.3655458205228453,0.7554369116244561,20.0,0.773585325235798,0.35677237567686615,0.773585325235798,56.5,0.767730244524468,0.3573283147224659,0.767730244524468
58.0,0.7489986594357745,0.369282971526159,0.7489986594357745,1103.0,0.7418761462005468,0.3731402673590168,0.7418761462005468,50.0,0.7974877299892758,0.33495430918148195,0.7974877299892758,3.1,0.7871460906597074,0.3440221712549742,0.7871460906597074,9.42,0.7696819380949114,0.3571485203363973,0.7696819380949114,13.0,0.7554369116244561,0.3655458205228453,0.7554369116244561,29.4,0.773585325235798,0.35677237567686615,0.773585325235798,62.7,0.7696819380949114,0.3571485203363973,0.7696819380949114
52.9,0.7573886051948995,0.365419418978585,0.7573886051948995,3190.0,0.7367053265357626,0.37681553767697146,0.7367053265357626,49.0,0.7994394235597191,0.334643792005459,0.7994394235597191,1.6,0.7942686038949349,0.33924571061814474,0.7942686038949349,20.95,0.7696819380949114,0.3571485203363973,0.7696819380949114,44.0,0.7554369116244561,0.3655458205228453,0.7554369116244561,29.8,0.7787561449005823,0.3525228608209876,0.7787561449005823,72.2,0.7748527577596955,0.3529468796931968,0.7748527577596955
20.0,0.7522177855301153,0.3693328196978416,0.7522177855301153,2333.0,0.7315345068709783,0.3804027070557245,0.7315345068709783,25.0,0.7942686038949351,0.33924571061814374,0.7942686038949351,3.1,0.794268603894935,0.33924571061814474,0.794268603894935,6.92,0.7748527577596955,0.3529468796931968,0.7748527577596955,41.0,0.7554369116244561,0.3655458205228453,0.7554369116244561,25.5,0.7839269645653666,0.348185245025908,0.7839269645653666,63.5,0.7800235774244799,0.3486571381107939,0.7800235774244799
37.3,0.7541694791005586,0.3692248366307884,0.7541694791005586,798.0,0.738657020106206,0.37676948731394744,0.738657020106206,30.0,0.7994394235597191,0.334643792005459,0.7994394235597191,-3.1,0.7871460906597073,0.3440221712549752,0.7871460906597073,4.14,0.7748527577596955,0.3529468796931968,0.7748527577596955,38.0,0.7502660919596718,0.36943528413576293,0.7502660919596718,20.0,0.7819752709949233,0.34842395088291755,0.7819752709949233,51.4,0.7800235774244799,0.3486571381107939,0.7800235774244799
16.1,0.7612919923357861,0.3651500600026695,0.7612919923357861,1860.0,0.7399244526301035,0.37694990854399346,0.7399244526301035,55.0,0.7994394235597191,0.334643792005459,0.7994394235597191,3.1,0.7871460906597073,0.3440221712549752,0.7871460906597073,6.52,0.7696819380949114,0.3571485203363973,0.7696819380949114,29.0,0.7522177855301152,0.36933281969784154,0.7522177855301152,26.7,0.7871460906597074,0.3440221712549742,0.7871460906597074,76.1,0.7851943970892641,0.34427929558919046,0.7851943970892641
22.0,0.7612919923357861,0.3651500600026695,0.7612919923357861,2993.0,0.7399244526301035,0.37694990854399346,0.7399244526301035,56.0,0.7994394235597191,0.334643792005459,0.7994394235597191,3.9,0.7923169103244916,0.33953229068782886,0.7923169103244916,8.2,0.7645111184301271,0.36126206004039624,0.7645111184301271,40.0,0.7502660919596718,0.36943528413576343,0.7502660919596718,27.1,0.7871460906597074,0.3440221712549742,0.7871460906597074,72.9,0.785194397089264,0.3442792955891904,0.785194397089264
38.8,0.7612919923357861,0.3651500600026695,0.7612919923357861,2087.0,0.7399244526301035,0.37694990854399346,0.7399244526301035,39.0,0.7994394235597191,0.334643792005459,0.7994394235597191,0.8,0.7974877299892758,0.33495430918148195,0.7974877299892758,15.26,0.7625594248596836,0.36141791732012696,0.7625594248596836,43.0,0.7554369116244561,0.3655458205228453,0.7554369116244561,31.8,0.7871460906597074,0.3440221712549742,0.7871460906597074,74.9,0.7800235774244799,0.34865713811079546,0.7800235774244799
48.6,0.7664628120005705,0.36110068413153484,0.7664628120005705,2054.0,0.7328019393948758,0.3806002038290804,0.7328019393948758,48.0,0.7994394235597191,0.334643792005459,0.7994394235597191,-0.8,0.8026585496540598,0.33028822673593244,0.8026585496540598,17.29,0.7696819380949114,0.3571485203363973,0.7696819380949114,46.0,0.7625594248596836,0.36141791732012696,0.7625594248596836,32.5,0.7871460906597074,0.3440221712549742,0.7871460906597074,73.7,0.7819752709949231,0.3484239508829175,0.7819752709949231
48.04087253229344,0.7664628120005705,0.36110068413153484,0.7664628120005705,2251.0,0.7328019393948758,0.3806002038290804,0.7328019393948758,23.0,0.7994394235597191,0.334643792005459,0.7994394235597191,-6.2,0.8026585496540598,0.33028822673593244,0.8026585496540598,15.9,0.7716336316653547,0.3569632073211981,0.7716336316653547,48.0,0.7541694791005586,0.36540756222346255,0.7541694791005586,31.8,0.7800235774244799,0.3486571381107939,0.7800235774244799,72.2,0.776804451330139,0.35273762957165883,0.776804451330139
33.3,0.7645111184301271,0.36126206004039624,0.7645111184301271,2271.0,0.7379727590596601,0.37699898014010713,0.7379727590596601,33.0,0.7994394235597191,0.334643792005459,0.7994394235597191,-3.1,0.8026585496540598,0.33028822673593244,0.8026585496540598,11.6,0.776804451330139,0.35273762957165883,0.776804451330139,46.0,0.7470469658653309,0.36937689610185864,0.7470469658653309,30.6,0.776804451330139,0.3488057868841294,0.776804451330139,74.9,0.7716336316653547,0.3569632073211981,0.7716336316653547
45.5,0.7625594248596839,0.361417917320127,0.7625594248596839,2305.0,0.7399244526301035,0.37694990854399346,0.7399244526301035,46.0,0.7994394235597191,0.334643792005459,0.7994394235597191,-4.7,0.8026585496540599,0.3302882267359325,0.8026585496540599,16.53,0.7819752709949233,0.34842395088291755,0.7819752709949233,50.0,0.7470469658653309,0.36937689610185864,0.7470469658653309,32.2,0.7716336316653547,0.3530575370499728,0.7716336316653547,74.1,0.7645111184301272,0.36126206004039624,0.7645111184301272
62.4,0.7573886051948995,0.365419418978585,0.7573886051948995,1769.0,0.7470469658653313,0.3731581194778952,0.7470469658653313,39.0,0.7994394235597191,0.334643792005459,0.7994394235597191,-3.1,0.7974877299892758,0.33495430918148195,0.7974877299892758,17.35,0.776804451330139,0.35273762957165883,0.776804451330139,55.0,0.7418761462005471,0.37314026735901595,0.7418761462005471,32.5,0.7664628120005704,0.35722118627661414,0.7664628120005704,68.6,0.7645111184301272,0.36126206004039624,0.7645111184301272
36.9,0.750266091959672,0.3694352841357636,0.750266091959672,1873.0,0.7522177855301152,0.36933281969784154,0.7522177855301152,19.0,0.8046102432245033,0.3299537724535712,0.8046102432245033,-1.6,0.8026585496540599,0.33028822673593305,0.8026585496540599,12.13,0.776804451330139,0.35273762957165883,0.776804451330139,54.0,0.7470469658653309,0.36937689610185964,0.7470469658653309,30.2,0.7612919923357864,0.3612967345640541,0.7612919923357864,76.9,0.7573886051948995,0.365419418978585,0.7573886051948995
30.2,0.7450952722948877,0.37323664680947977,0.7450952722948877,1792.0,0.7573886051948995,0.365419418978584,0.7573886051948995,23.0,0.7994394235597191,0.334643792005459,0.7994394235597191,0.0,0.7974877299892758,0.33495430918148195,0.7974877299892758,4.44,0.7819752709949231,0.3484239508829175,0.7819752709949231,51.0,0.7399244526301036,0.3732047361992467,0.7399244526301036,22.4,0.7612919923357864,0.3612967345640541,0.7612919923357864,63.1,0.7522177855301152,0.36933281969784154,0.7522177855301152
46.7,0.7450952722948877,0.37323664680947977,0.7450952722948877,1650.0,0.7625594248596839,0.361417917320126,0.7625594248596839,48.0,0.794268603894935,0.33924571061814474,0.794268603894935,4.7,0.7974877299892758,0.33495430918148195,0.7974877299892758,11.78,0.7819752709949231,0.3484239508829175,0.7819752709949231,50.0,0.732801939394876,0.3768910825156232,0.732801939394876,29.8,0.7612919923357861,0.361296734564054,0.7612919923357861,71.4,0.7470469658653313,0.3731581194778952,0.7470469658653313
51.0,0.7450952722948878,0.3732366468094798,0.7450952722948878,1679.0,0.7573886051948995,0.365419418978584,0.7573886051948995,43.0,0.7994394235597191,0.334643792005459,0.7994394235597191,1.6,0.7923169103244917,0.33953229068782936,0.7923169103244917,5.49,0.7871460906597073,0.3440221712549752,0.7871460906597073,49.0,0.732801939394876,0.3768910825156232,0.732801939394876,22.7,0.7664628120005705,0.35722118627661315,0.7664628120005705,70.2,0.7541694791005585,0.3692248366307879,0.7541694791005585
67.8,0.7399244526301035,0.37694990854399346,0.7399244526301035,1728.0,0.7573886051948996,0.3654194189785841,0.7573886051948996,32.0,0.7994394235597191,0.334643792005459,0.7994394235597191,-4.7,0.7974877299892758,0.33495430918148195,0.7974877299892758,17.94,0.7923169103244917,0.3395322906878299,0.7923169103244917,53.0,0.732801939394876,0.3768910825156232,0.732801939394876,32.5,0.7664628120005705,0.35722118627661315,0.7664628120005705,67.5,0.7593402987653428,0.36528749880519307,0.7593402987653428
37.3,0.7450952722948878,0.3732366468094798,0.7450952722948878,1858.0,0.7573886051948996,0.3654194189785841,0.7573886051948996,33.0,0.7994394235597191,0.334643792005459,0.7994394235597191,-2.3,0.7974877299892758,0.33495430918148195,0.7974877299892758,12.63,0.7974877299892758,0.334954309181483,0.7974877299892758,52.0,0.732801939394876,0.3768910825156232,0.732801939394876,30.2,0.7664628120005705,0.35722118627661315,0.7664628120005705,76.1,0.7645111184301271,0.36126206004039624,0.7645111184301271
39.6,0.750266091959672,0.3694352841357631,0.750266091959672,1688.0,0.7645111184301272,0.36126206004039624,0.7645111184301272,48.0,0.7974877299892758,0.33495430918148195,0.7974877299892758,-1.6,0.80265854965406,0.33028822673593256,0.80265854965406,10.07,0.8026585496540599,0.3302882267359325,0.8026585496540599,51.0,0.732801939394876,0.3768910825156232,0.732801939394876,29.0,0.7664628120005705,0.35722118627661315,0.7664628120005705,73.3,0.7645111184301271,0.36126206004039624,0.7645111184301271
33.7,0.7554369116244561,0.3655458205228453,0.7554369116244561,866.0,0.7645111184301271,0.36126206004039624,0.7645111184301271,32.0,0.7974877299892758,0.33495430918148195,0.7974877299892758,-3.1,0.80265854965406,0.3302882267359331,0.80265854965406,3.51,0.8026585496540599,0.3302882267359325,0.8026585496540599,20.0,0.732801939394876,0.3768910825156232,0.732801939394876,19.6,0.7664628120005705,0.35722118627661315,0.7664628120005705,61.2,0.7645111184301271,0.36126206004039624,0.7645111184301271
31.8,0.7554369116244561,0.3655458205228453,0.7554369116244561,816.0,0.7625594248596835,0.36141791732012635,0.7625594248596835,35.0,0.7974877299892758,0.33495430918148195,0.7974877299892758,4.7,0.80265854965406,0.33028822673593256,0.80265854965406,4.17,0.7974877299892758,0.33495430918148195,0.7974877299892758,0.0,0.7340693719187733,0.377080567444939,0.7340693719187733,20.4,0.7612919923357864,0.3612967345640541,0.7612919923357864,54.5,0.7645111184301271,0.36126206004039624,0.7645111184301271
39.6,0.7606077312892404,0.3615682559707251,0.7606077312892404,818.0,0.7625594248596836,0.36141791732012646,0.7625594248596836,57.0,0.8026585496540599,0.33028822673593305,0.8026585496540599,2.3,0.80265854965406,0.33028822673593256,0.80265854965406,4.51,0.7923169103244917,0.3395322906878299,0.7923169103244917,2.0,0.7360210654892169,0.3770425331070892,0.7360210654892169,20.8,0.7541694791005586,0.36540756222346255,0.7541694791005586,52.5,0.7696819380949113,0.35714852033639727,0.7696819380949113
64.3,0.7606077312892403,0.36156825597072506,0.7606077312892403,2565.0,0.7625594248596836,0.36141791732012746,0.7625594248596836,55.0,0.7974877299892758,0.33495430918148195,0.7974877299892758,0.0,0.80265854965406,0.3302882267359331,0.80265854965406,25.21,0.7923169103244917,0.3395322906878299,0.7923169103244917,22.0,0.7360210654892169,0.37704253310708824,0.7360210654892169,34.9,0.7470469658653309,0.36937689610185864,0.7470469658653309,69.8,0.7645111184301271,0.36126206004039624,0.7645111184301271
17.3,0.7554369116244561,0.3655458205228453,0.7554369116244561,1684.0,0.7573886051948996,0.3654194189785841,0.7573886051948996,65.0,0.7974877299892758,0.33495430918148195,0.7974877299892758,-1.6,0.7974877299892758,0.33495430918148245,0.7974877299892758,6.25,0.785194397089264,0.3442792955891904,0.785194397089264,36.0,0.7308502458244326,0.3806198196897247,0.7308502458244326,26.3,0.7386570201062062,0.37303073015553545,0.7386570201062062,75.7,0.7645111184301269,0.36126206004039607,0.7645111184301269
43.1,0.7606077312892404,0.3615682559707251,0.7606077312892404,1920.0,0.7645111184301272,0.36126206004039624,0.7645111184301272,53.0,0.7974877299892758,0.33495430918148245,0.7974877299892758,3.1,0.8046102432245034,0.32995377245357127,0.8046102432245034,15.07,0.785194397089264,0.3442792955891904,0.785194397089264,42.0,0.7224603000653075,0.38388157190857447,0.7224603000653075,31.4,0.7386570201062062,0.37303073015553545,0.7386570201062062,73.7,0.7573886051948995,0.365419418978585,0.7573886051948995
20.4,0.7677302445244679,0.35732831472246585,0.7677302445244679,2085.0,0.7645111184301272,0.36126206004039624,0.7645111184301272,26.0,0.7923169103244917,0.33953229068782886,0.7923169103244917,1.6,0.8046102432245034,0.32995377245357127,0.8046102432245034,6.15,0.785194397089264,0.3442792955891904,0.785194397089264,31.0,0.7153377868300799,0.3872023483528591,0.7153377868300799,24.7,0.7386570201062062,0.37303073015553545,0.7386570201062062,76.5,0.7573886051948995,0.365419418978585,0.7573886051948995
40.8,0.7696819380949113,0.35714852033639727,0.7696819380949113,780.0,0.7716336316653546,0.356963207321197,0.7716336316653546,62.0,0.7923169103244917,0.33953229068782886,0.7923169103244917,2.3,0.8046102432245034,0.32995377245357127,0.8046102432245034,4.42,0.785194397089264,0.3442792955891904,0.785194397089264,25.0,0.7224603000653075,0.38388157190857447,0.7224603000653075,20.8,0.7438278397709901,0.3693053503149382,0.7438278397709901,54.1,0.7573886051948995,0.36541941897858554,0.7573886051948995
20.4,0.7696819380949113,0.35714852033639727,0.7696819380949113,2153.0,0.7716336316653546,0.356963207321198,0.7716336316653546,34.0,0.7923169103244917,0.33953229068782936,0.7923169103244917,-1.6,0.8046102432245033,0.3299537724535712,0.8046102432245033,5.97,0.7780718838540365,0.34888480670953964,0.7780718838540365,39.0,0.7308502458244325,0.38061981968972464,0.7308502458244325,27.5,0.738657020106206,0.3730307301555354,0.738657020106206,63.9,0.7645111184301272,0.36126206004039624,0.7645111184301272
19.2,0.7696819380949113,0.35714852033639727,0.7696819380949113,1982.0,0.7716336316653547,0.3569632073211971,0.7716336316653547,27.0,0.7923169103244917,0.33953229068782936,0.7923169103244917,0.0,0.8097810628892875,0.3251756519624815,0.8097810628892875,5.69,0.7729010641892521,0.3531506111856042,0.7729010641892521,35.0,0.7379727590596601,0.37699898014010663,0.7379727590596601,23.9,0.738657020106206,0.3730307301555354,0.738657020106206,63.1,0.7593402987653428,0.36528749880519307,0.7593402987653428
39.6,0.7696819380949113,0.35714852033639727,0.7696819380949113,798.0,0.7787561449005823,0.3525228608209876,0.7787561449005823,46.0,0.7974877299892758,0.33495430918148195,0.7974877299892758,-2.3,0.8097810628892875,0.3251756519624815,0.8097810628892875,4.38,0.7729010641892521,0.3531506111856042,0.7729010641892521,21.0,0.7431435787244443,0.37330965551193124,0.7431435787244443,20.4,0.738657020106206,0.3730307301555354,0.738657020106206,53.3,0.7522177855301152,0.36933281969784154,0.7522177855301152
100.0,0.7625594248596836,0.36141791732012696,0.7625594248596836,1262.0,0.7839269645653665,0.348185245025909,0.7839269645653665,60.0,0.7923169103244917,0.33953229068782886,0.7923169103244917,-3.1,0.8097810628892875,0.3251756519624815,0.8097810628892875,20.31,0.7729010641892521,0.3531506111856042,0.7729010641892521,33.0,0.7502660919596718,0.36943528413576293,0.7502660919596718,35.7,0.7386570201062062,0.37303073015553545,0.7386570201062062,63.8636053593179,0.7522177855301152,0.36933281969784154,0.7522177855301152
58.0,0.7625594248596836,0.36141791732012696,0.7625594248596836,1756.0,0.7839269645653665,0.348185245025908,0.7839269645653665,26.0,0.7923169103244916,0.33953229068782886,0.7923169103244916,3.1,0.8097810628892875,0.3251756519624815,0.8097810628892875,15.25,0.7780718838540365,0.34888480670953964,0.7780718838540365,35.0,0.7483143983892285,0.36953222994455287,0.7483143983892285,27.1,0.7457795333414334,0.3692199656014608,0.7457795333414334,69.4,0.7522177855301152,0.36933281969784154,0.7522177855301152
51.0,0.7625594248596836,0.36141791732012696,0.7625594248596836,1502.0,0.7839269645653665,0.348185245025908,0.7839269645653665,51.0,0.7923169103244917,0.33953229068782886,0.7923169103244917,6.2,0.8097810628892875,0.3251756519624815,0.8097810628892875,5.43,0.7729010641892522,0.35315061118560426,0.7729010641892522,29.0,0.7554369116244563,0.3655458205228454,0.7554369116244563,22.7,0.7477312269118769,0.36912906225884873,0.7477312269118769,68.6,0.7522177855301152,0.36933281969784154,0.7522177855301152
21.6,0.7625594248596836,0.36141791732012696,0.7625594248596836,1312.0,0.776804451330139,0.35273762957165883,0.776804451330139,31.0,0.7974877299892758,0.334954309181483,0.7974877299892758,7.0,0.8046102432245033,0.3299537724535712,0.8046102432245033,3.67,0.7677302445244679,0.35732831472246585,0.7677302445244679,17.0,0.7554369116244561,0.3655458205228453,0.7554369116244561,19.6,0.7509503530062177,0.3691835283213276,0.7509503530062177,71.4,0.7522177855301152,0.36933281969784154,0.7522177855301152
80.4,0.7625594248596836,0.36141791732012696,0.7625594248596836,1259.0,0.7716336316653547,0.3569632073211981,0.7716336316653547,71.0,0.7923169103244917,0.33953229068782936,0.7923169103244917,6.2,0.7994394235597191,0.334643792005459,0.7994394235597191,15.26,0.7677302445244679,0.35732831472246585,0.7677302445244679,28.0,0.7534852180540128,0.365666703437973,0.7534852180540128,32.5,0.7541694791005585,0.3692248366307874,0.7541694791005585,59.2,0.7522177855301152,0.36933281969784154,0.7522177855301152
85.9,0.7625594248596836,0.36141791732012696,0.7625594248596836,2099.0,0.7664628120005705,0.36110068413153484,0.7664628120005705,52.0,0.7871460906597074,0.3440221712549742,0.7871460906597074,3.1,0.794268603894935,0.33924571061814474,0.794268603894935,26.75,0.7677302445244679,0.35732831472246585,0.7677302445244679,45.0,0.7534852180540127,0.3656667034379729,0.7534852180540127,35.7,0.7541694791005585,0.3692248366307874,0.7541694791005585,67.1,0.7541694791005585,0.3692248366307874,0.7541694791005585
38.0,0.7677302445244679,0.35732831472246684,0.7677302445244679,2011.0,0.7716336316653547,0.3569632073211975,0.7716336316653547,21.0,0.7871460906597074,0.3440221712549732,0.7871460906597074,0.0,0.7890977842301509,0.34375952829162687,0.7890977842301509,7.51,0.7729010641892522,0.35315061118560426,0.7729010641892522,37.0,0.7554369116244561,0.3655458205228453,0.7554369116244561,25.9,0.7541694791005586,0.3692248366307884,0.7541694791005586,73.7,0.7541694791005586,0.3692248366307874,0.7541694791005586
82.0,0.7677302445244679,0.35732831472246684,0.7677302445244679,1342.0,0.776804451330139,0.35273762957165883,0.776804451330139,39.0,0.7819752709949231,0.3484239508829175,0.7819752709949231,-3.9,0.7890977842301509,0.34375952829162687,0.7890977842301509,16.86,0.7780718838540365,0.34888480670953964,0.7780718838540365,39.0,0.7625594248596836,0.36141791732012646,0.7625594248596836,32.5,0.7593402987653428,0.36528749880519307,0.7593402987653428,63.5,0.7541694791005585,0.3692248366307874,0.7541694791005585
21.6,0.7729010641892522,0.35315061118560426,0.7729010641892522,909.0,0.7748527577596955,0.3529468796931968,0.7748527577596955,32.0,0.7819752709949231,0.3484239508829175,0.7819752709949231,-2.3,0.7839269645653666,0.348185245025908,0.7839269645653666,4.41,0.785194397089264,0.3442792955891904,0.785194397089264,21.0,0.7677302445244679,0.35732831472246585,0.7677302445244679,18.8,0.7645111184301271,0.36126206004039624,0.7645111184301271,56.9,0.7541694791005585,0.3692248366307874,0.7541694791005585
28.2,0.7729010641892521,0.3531506111856042,0.7729010641892521,1948.0,0.7748527577596954,0.35294687969319677,0.7748527577596954,20.0,0.7871460906597074,0.3440221712549742,0.7871460906597074,0.0,0.7839269645653666,0.348185245025908,0.7839269645653666,8.53,0.7923169103244917,0.3395322906878305,0.7923169103244917,44.0,0.7748527577596954,0.35294687969319677,0.7748527577596954,27.5,0.7716336316653547,0.3569632073211975,0.7716336316653547,74.5,0.7541694791005585,0.3692248366307874,0.7541694791005585
32.5,0.7800235774244798,0.3486571381107949,0.7800235774244798,852.0,0.7800235774244798,0.3486571381107944,0.7800235774244798,32.0,0.7871460906597074,0.3440221712549742,0.7871460906597074,6.2,0.7787561449005823,0.3525228608209886,0.7787561449005823,3.88,0.7871460906597074,0.34402217125497525,0.7871460906597074,21.0,0.7748527577596955,0.3529468796931968,0.7748527577596955,19.6,0.7716336316653547,0.3569632073211981,0.7716336316653547,52.2,0.7470469658653313,0.3731581194778952,0.7470469658653313
77.6,0.7871460906597073,0.3440221712549752,0.7871460906597073,1577.0,0.7800235774244798,0.34865713811079385,0.7800235774244798,19.0,0.7819752709949233,0.34842395088291755,0.7819752709949233,3.1,0.7768044513301388,0.3527376295716588,0.7768044513301388,18.22,0.7871460906597074,0.34402217125497525,0.7871460906597074,38.0,0.7748527577596954,0.35294687969319677,0.7748527577596954,32.9,0.7716336316653547,0.3569632073211975,0.7716336316653547,65.5,0.7470469658653313,0.3731581194778952,0.7470469658653313
23.9,0.7871460906597073,0.3440221712549752,0.7871460906597073,1799.0,0.7800235774244798,0.3486571381107944,0.7800235774244798,31.0,0.7819752709949233,0.34842395088291755,0.7819752709949233,2.3,0.7716336316653547,0.3569632073211975,0.7716336316653547,5.36,0.7871460906597074,0.3440221712549742,0.7871460906597074,41.0,0.7748527577596954,0.35294687969319677,0.7748527577596954,25.9,0.7716336316653547,0.3569632073211975,0.7716336316653547,71.0,0.7470469658653313,0.3731581194778952,0.7470469658653313
33.3,0.7871460906597073,0.3440221712549752,0.7871460906597073,1960.0,0.7800235774244798,0.34865713811079546,0.7800235774244798,36.0,0.7819752709949231,0.3484239508829175,0.7819752709949231,-3.1,0.776804451330139,0.35273762957165883,0.776804451330139,11.55,0.7871460906597074,0.3440221712549742,0.7871460906597074,40.0,0.7748527577596954,0.35294687969319677,0.7748527577596954,31.0,0.7716336316653547,0.3569632073211975,0.7716336316653547,74.1,0.7522177855301152,0.36933281969784154,0.7522177855301152
19.6,0.7819752709949231,0.3484239508829175,0.7819752709949231,2022.0,0.785194397089264,0.3442792955891904,0.785194397089264,45.0,0.776804451330139,0.35273762957165883,0.776804451330139,-2.3,0.7696819380949114,0.3571485203363973,0.7696819380949114,11.13,0.7871460906597074,0.3440221712549742,0.7871460906597074,39.0,0.7664628120005704,0.35722118627661414,0.7664628120005704,30.6,0.7716336316653547,0.3569632073211981,0.7716336316653547,72.9,0.7573886051948995,0.3654194189785845,0.7573886051948995
61.6,0.7819752709949233,0.34842395088291755,0.7819752709949233,1976.0,0.7903652167540481,0.3398133521283833,0.7903652167540481,60.0,0.776804451330139,0.35273762957165883,0.776804451330139,-3.9,0.7696819380949114,0.3571485203363973,0.7696819380949114,22.02,0.7819752709949231,0.3484239508829175,0.7819752709949231,45.0,0.7664628120005704,0.35722118627661414,0.7664628120005704,33.7,0.7645111184301271,0.36126206004039624,0.7645111184301271,69.0,0.7645111184301271,0.36126206004039624,0.7645111184301271
48.04087253229344,0.7819752709949231,0.3484239508829175,0.7819752709949231,2160.0,0.7903652167540481,0.3398133521283833,0.7903652167540481,64.0,0.7716336316653547,0.3569632073211981,0.7716336316653547,3.9,0.7696819380949114,0.3571485203363973,0.7696819380949114,9.78,0.7871460906597074,0.3440221712549742,0.7871460906597074,43.0,0.7612919923357861,0.361296734564054,0.7612919923357861,29.4,0.7716336316653547,0.3569632073211981,0.7716336316653547,75.3,0.7612919923357861,0.361296734564054,0.7612919923357861
60.8,0.7819752709949231,0.3484239508829175,0.7819752709949231,2093.0,0.7903652167540481,0.3398133521283833,0.7903652167540481,55.0,0.7664628120005704,0.3611006841315348,0.7664628120005704,4.7,0.7645111184301271,0.36126206004039624,0.7645111184301271,6.8,0.7871460906597074,0.3440221712549742,0.7871460906597074,40.0,0.7612919923357861,0.361296734564054,0.7612919923357861,24.7,0.776804451330139,0.35273762957165883,0.776804451330139,68.2,0.7593402987653428,0.3614440519815625,0.7593402987653428
22.0,0.7890977842301509,0.34375952829162687,0.7890977842301509,1322.0,0.7903652167540481,0.3398133521283833,0.7903652167540481,52.0,0.7664628120005704,0.3611006841315348,0.7664628120005704,3.9,0.7696819380949114,0.3571485203363973,0.7696819380949114,4.71,0.7871460906597074,0.3440221712549732,0.7871460906597074,43.0,0.7612919923357861,0.361296734564054,0.7612919923357861,26.3,0.7768044513301391,0.3527376295716589,0.7768044513301391,64.7,0.7593402987653428,0.3614440519815625,0.7593402987653428
28.2,0.7890977842301509,0.34375952829162737,0.7890977842301509,829.0,0.7903652167540481,0.3398133521283833,0.7903652167540481,23.0,0.7664628120005704,0.3611006841315348,0.7664628120005704,3.1,0.7625594248596836,0.36141791732012696,0.7625594248596836,3.66,0.7871460906597074,0.3440221712549742,0.7871460906597074,40.0,0.7612919923357861,0.361296734564054,0.7612919923357861,20.0,0.7819752709949231,0.3484239508829175,0.7819752709949231,55.7,0.7541694791005585,0.365407562223463,0.7541694791005585
61.2,0.7890977842301509,0.34375952829162687,0.7890977842301509,1430.0,0.785194397089264,0.3442792955891904,0.785194397089264,64.0,0.7716336316653547,0.3569632073211975,0.7716336316653547,6.2,0.7625594248596836,0.36141791732012696,0.7625594248596836,16.33,0.7871460906597073,0.3440221712549742,0.7871460906597073,47.0,0.7664628120005704,0.35722118627661414,0.7664628120005704,32.2,0.7819752709949231,0.3484239508829175,0.7819752709949231,65.9,0.7612919923357861,0.361296734564054,0.7612919923357861
44.3,0.794268603894935,0.33924571061814474,0.794268603894935,1529.0,0.7871460906597073,0.3440221712549752,0.7871460906597073,48.0,0.7716336316653547,0.3569632073211975,0.7716336316653547,-1.6,0.7625594248596836,0.3614179173201259,0.7625594248596836,11.57,0.7819752709949231,0.3484239508829175,0.7819752709949231,45.0,0.7748527577596955,0.3529468796931963,0.7748527577596955,29.8,0.7871460906597073,0.3440221712549752,0.7871460906597073,72.9,0.7561211726710019,0.3652841819122918,0.7561211726710019
30.2,0.7890977842301509,0.34375952829162687,0.7890977842301509,872.0,0.794268603894935,0.33924571061814474,0.794268603894935,36.0,0.7716336316653547,0.3569632073211975,0.7716336316653547,4.7,0.767730244524468,0.3573283147224659,0.767730244524468,3.64,0.7871460906597074,0.3440221712549742,0.7871460906597074,20.0,0.776804451330139,0.35273762957165833,0.776804451330139,19.2,0.7871460906597073,0.3440221712549752,0.7871460906597073,57.6,0.7612919923357861,0.3612967345640545,0.7612919923357861
100.0,0.7890977842301509,0.34375952829162737,0.7890977842301509,1323.0,0.794268603894935,0.33924571061814474,0.794268603894935,71.0,0.776804451330139,0.35273762957165883,0.776804451330139,7.0,0.7729010641892521,0.3531506111856042,0.7729010641892521,19.8,0.781975270994923,0.34842395088291744,0.781975270994923,36.0,0.776804451330139,0.35273762957165833,0.776804451330139,34.5,0.7871460906597073,0.3440221712549752,0.7871460906597073,54.5,0.7561211726710019,0.3652841819122928,0.7561211726710019
80.4,0.7890977842301509,0.34375952829162687,0.7890977842301509,2053.0,0.794268603894935,0.33924571061814474,0.794268603894935,25.0,0.776804451330139,0.35273762957165883,0.776804451330139,0.8,0.767730244524468,0.3573283147224659,0.767730244524468,16.26,0.7819752709949231,0.3484239508829175,0.7819752709949231,41.0,0.776804451330139,0.35273762957165833,0.776804451330139,27.1,0.7871460906597073,0.3440221712549752,0.7871460906597073,66.7,0.7612919923357861,0.3612967345640545,0.7612919923357861
62.4,0.7890977842301509,0.34375952829162737,0.7890977842301509,1766.0,0.7871460906597073,0.3440221712549752,0.7871460906597073,21.0,0.7716336316653547,0.3569632073211975,0.7716336316653547,-0.8,0.7645111184301271,0.357392440800462,0.7645111184301271,16.1,0.7819752709949231,0.3484239508829175,0.7819752709949231,27.0,0.776804451330139,0.35273762957165883,0.776804451330139,32.2,0.7819752709949231,0.3484239508829175,0.7819752709949231,69.8,0.7612919923357861,0.361296734564054,0.7612919923357861
40.8,0.794268603894935,0.33924571061814474,0.794268603894935,788.0,0.7871460906597073,0.3440221712549752,0.7871460906597073,59.0,0.7716336316653547,0.3569632073211975,0.7716336316653547,3.1,0.7696819380949114,0.3532527286801574,0.7696819380949114,5.11,0.7819752709949231,0.3484239508829175,0.7819752709949231,25.0,0.776804451330139,0.35273762957165833,0.776804451330139,27.5,0.776804451330139,0.35273762957165883,0.776804451330139,55.7,0.7561211726710019,0.3652841819122918,0.7561211726710019
20.0,0.799439423559719,0.33464379200545896,0.799439423559719,2605.0,0.7923169103244917,0.33953229068782936,0.7923169103244917,28.0,0.776804451330139,0.35273762957165883,0.776804451330139,1.6,0.7748527577596955,0.34902491562065285,0.7748527577596955,8.65,0.7819752709949231,0.3484239508829175,0.7819752709949231,33.0,0.7819752709949233,0.34842395088291755,0.7819752709949233,25.9,0.7819752709949231,0.3484239508829175,0.7819752709949231,69.0,0.7561211726710019,0.3652841819122928,0.7561211726710019
38.4,0.8046102432245033,0.3299537724535712,0.8046102432245033,1828.0,0.7994394235597191,0.334643792005459,0.7994394235597191,21.0,0.7819752709949231,0.3484239508829175,0.7819752709949231,4.7,0.7748527577596955,0.34902491562065285,0.7748527577596955,10.67,0.776804451330139,0.35273762957165883,0.776804451330139,42.0,0.7819752709949233,0.34842395088291755,0.7819752709949233,29.4,0.7819752709949231,0.3484239508829175,0.7819752709949231,73.3,0.7561211726710019,0.3652841819122928,0.7561211726710019
35.7,0.8097810628892875,0.3251756519624815,0.8097810628892875,795.0,0.8046102432245034,0.32995377245357127,0.8046102432245034,32.0,0.7819752709949231,0.3484239508829175,0.7819752709949231,3.9,0.7748527577596955,0.34902491562065285,0.7748527577596955,4.02,0.776804451330139,0.35273762957165883,0.776804451330139,17.0,0.7890977842301509,0.34375952829162687,0.7890977842301509,20.4,0.7871460906597073,0.3440221712549752,0.7871460906597073,58.8,0.7509503530062178,0.36918352832132767,0.7509503530062178
16.9,0.8046102432245033,0.3299537724535712,0.8046102432245033,1295.0,0.7994394235597191,0.334643792005459,0.7994394235597191,36.0,0.7839269645653665,0.348185245025909,0.7839269645653665,7.8,0.7696819380949114,0.3532527286801574,0.7696819380949114,3.54,0.7839269645653664,0.3481852450259094,0.7839269645653664,6.0,0.794268603894935,0.33924571061814474,0.794268603894935,18.4,0.7819752709949231,0.3484239508829175,0.7819752709949231,69.8,0.7541694791005585,0.3692248366307879,0.7541694791005585
40.0,0.8046102432245033,0.3299537724535712,0.8046102432245033,769.0,0.7994394235597191,0.334643792005459,0.7994394235597191,41.0,0.7890977842301509,0.34375952829162687,0.7890977842301509,2.3,0.7748527577596958,0.3490249156206519,0.7748527577596958,3.44,0.7787561449005823,0.3525228608209891,0.7787561449005823,8.0,0.7890977842301506,0.34375952829162676,0.7890977842301506,20.8,0.7819752709949231,0.3484239508829175,0.7819752709949231,54.1,0.7593402987653428,0.36528749880519307,0.7593402987653428
25.5,0.8046102432245033,0.3299537724535712,0.8046102432245033,884.0,0.7994394235597191,0.334643792005459,0.7994394235597191,35.0,0.7890977842301509,0.34375952829162687,0.7890977842301509,3.9,0.7800235774244798,0.34470900162194473,0.7800235774244798,2.65,0.773585325235798,0.35677237567686615,0.773585325235798,14.0,0.7890977842301509,0.34375952829162687,0.7890977842301509,18.0,0.776804451330139,0.35273762957165883,0.776804451330139,58.0,0.7593402987653428,0.36528749880519307,0.7593402987653428
46.3,0.8046102432245033,0.3299537724535712,0.8046102432245033,1278.0,0.7994394235597191,0.334643792005459,0.7994394235597191,22.0,0.7890977842301509,0.34375952829162687,0.7890977842301509,3.1,0.7884135231836048,0.3400888949398052,0.7884135231836048,10.11,0.7684145055710138,0.36093378959354067,0.7684145055710138,20.0,0.7890977842301509,0.34375952829162687,0.7890977842301509,29.0,0.7768044513301391,0.3527376295716584,0.7768044513301391,66.7,0.7593402987653428,0.36528749880519307,0.7593402987653428
47.5,0.8046102432245033,0.3299537724535712,0.8046102432245033,1151.0,0.794268603894935,0.33924571061814474,0.794268603894935,45.0,0.7890977842301509,0.34375952829162687,0.7890977842301509,-5.5,0.793584342848389,0.3355587876461339,0.793584342848389,7.9,0.7664628120005705,0.36110068413153484,0.7664628120005705,12.0,0.7890977842301509,0.34375952829162687,0.7890977842301509,25.9,0.776804451330139,0.35273762957165883,0.776804451330139,60.8,0.7645111184301271,0.36126206004039624,0.7645111184301271
59.6,0.7994394235597191,0.334643792005459,0.7994394235597191,960.0,0.794268603894935,0.33924571061814474,0.794268603894935,66.0,0.7890977842301509,0.34375952829162687,0.7890977842301509,-0.8,0.7955360364188324,0.3352593077283743,0.7955360364188324,8.5,0.7664628120005705,0.36110068413153484,0.7664628120005705,9.0,0.7819752709949233,0.34842395088291755,0.7819752709949233,27.5,0.776804451330139,0.35273762957165883,0.776804451330139,59.2,0.7716336316653546,0.356963207321198,0.7716336316653546
79.2,0.7994394235597191,0.334643792005459,0.7994394235597191,788.0,0.7871460906597073,0.34402217125497575,0.7871460906597073,20.0,0.7839269645653665,0.348185245025909,0.7839269645653665,-2.3,0.7955360364188324,0.3352593077283743,0.7955360364188324,10.03,0.7664628120005705,0.36110068413153434,0.7664628120005705,6.0,0.7819752709949233,0.34842395088291755,0.7819752709949233,29.4,0.7819752709949231,0.3484239508829175,0.7819752709949231,66.3,0.7716336316653546,0.356963207321198,0.7716336316653546
35.3,0.7994394235597191,0.334643792005459,0.7994394235597191,801.0,0.7819752709949231,0.3484239508829175,0.7819752709949231,67.0,0.7839269645653665,0.348185245025909,0.7839269645653665,0.8,0.7955360364188324,0.3352593077283743,0.7955360364188324,4.14,0.7612919923357864,0.36515006000266953,0.7612919923357864,7.0,0.776804451330139,0.35273762957165883,0.776804451330139,25.5,0.7819752709949231,0.3484239508829175,0.7819752709949231,56.5,0.776804451330139,0.35273762957165883,0.776804451330139
66.7,0.7923169103244917,0.33953229068782886,0.7923169103244917,1378.0,0.776804451330139,0.35273762957165883,0.776804451330139,55.0,0.7839269645653665,0.348185245025909,0.7839269645653665,0.0,0.7903652167540484,0.33981335212838343,0.7903652167540484,13.1,0.7612919923357861,0.3651500600026695,0.7612919923357861,17.0,0.7716336316653547,0.3569632073211975,0.7716336316653547,30.6,0.7819752709949231,0.3484239508829175,0.7819752709949231,63.5,0.776804451330139,0.35273762957165883,0.776804451330139
20.8,0.785194397089264,0.3442792955891904,0.785194397089264,1999.0,0.776804451330139,0.35273762957165883,0.776804451330139,61.0,0.7839269645653665,0.348185245025909,0.7839269645653665,3.1,0.7884135231836048,0.3400888949398052,0.7884135231836048,9.27,0.7561211726710019,0.3691113349346016,0.7561211726710019,22.0,0.7716336316653547,0.3569632073211975,0.7716336316653547,28.6,0.7819752709949233,0.34842395088291755,0.7819752709949233,63.1,0.7787561449005823,0.3525228608209886,0.7787561449005823
74.5,0.7800235774244797,0.34865713811079435,0.7800235774244797,1933.0,0.7716336316653547,0.3569632073211981,0.7716336316653547,58.0,0.7890977842301509,0.34375952829162687,0.7890977842301509,-2.3,0.7832427035188206,0.34453090129427344,0.7832427035188206,22.42,0.7612919923357861,0.3651500600026695,0.7612919923357861,30.0,0.7664628120005704,0.3611006841315348,0.7664628120005704,34.1,0.7871460906597074,0.3440221712549742,0.7871460906597074,67.1,0.7787561449005823,0.3525228608209886,0.7787561449005823
72.2,0.7748527577596954,0.3529468796931973,0.7748527577596954,2624.0,0.7664628120005704,0.3611006841315348,0.7664628120005704,33.0,0.7890977842301506,0.34375952829162676,0.7890977842301506,0.0,0.785194397089264,0.3442792955891904,0.785194397089264,28.65,0.7664628120005705,0.3611006841315333,0.7664628120005705,32.0,0.7645111184301271,0.36126206004039624,0.7645111184301271,35.7,0.7871460906597074,0.3440221712549732,0.7871460906597074,69.4,0.7839269645653665,0.3481852450259095,0.7839269645653665
56.9,0.7800235774244797,0.3486571381107933,0.7800235774244797,1625.0,0.7716336316653546,0.356963207321198,0.7716336316653546,49.0,0.7890977842301509,0.34375952829162687,0.7890977842301509,-1.6,0.7800235774244798,0.34865713811079385,0.7800235774244798,13.93,0.7664628120005705,0.3611006841315333,0.7664628120005705,36.0,0.7561211726710019,0.3652841819122918,0.7561211726710019,31.0,0.7890977842301509,0.34375952829162687,0.7890977842301509,69.0,0.776804451330139,0.35273762957165883,0.776804451330139
22.7,0.7800235774244797,0.34865713811079435,0.7800235774244797,1501.0,0.776804451330139,0.35273762957165883,0.776804451330139,40.0,0.7839269645653666,0.348185245025908,0.7839269645653666,3.1,0.785194397089264,0.3442792955891904,0.785194397089264,7.28,0.7664628120005705,0.3611006841315333,0.7664628120005705,47.0,0.7519595923617767,0.3650802558282486,0.7519595923617767,25.9,0.7890977842301509,0.34375952829162687,0.7890977842301509,63.1,0.7716336316653546,0.3569632073211975,0.7716336316653546
44.3,0.7748527577596954,0.3529468796931973,0.7748527577596954,1600.0,0.776804451330139,0.35273762957165883,0.776804451330139,41.0,0.7839269645653666,0.348185245025908,0.7839269645653666,6.2,0.785194397089264,0.3442792955891904,0.785194397089264,10.46,0.7664628120005705,0.3611006841315333,0.7664628120005705,52.0,0.7470469658653309,0.3646633123848871,0.7470469658653309,27.23618212807402,0.7890977842301509,0.34375952829162687,0.7890977842301509,71.0,0.7664628120005704,0.3611006841315348,0.7664628120005704
56.5,0.7748527577596954,0.35294687969319627,0.7748527577596954,1553.0,0.776804451330139,0.35273762957165883,0.776804451330139,48.0,0.7839269645653666,0.348185245025908,0.7839269645653666,3.9,0.7800235774244798,0.3486571381107949,0.7800235774244798,12.69,0.7645111184301272,0.36126206004039624,0.7645111184301272,57.0,0.7363389495301924,0.36776891067961287,0.7363389495301924,30.6,0.7890977842301509,0.34375952829162687,0.7890977842301509,68.6,0.7664628120005705,0.36110068413153484,0.7664628120005705
42.7,0.7748527577596955,0.3529468796931963,0.7748527577596955,1758.0,0.776804451330139,0.35273762957165883,0.776804451330139,37.0,0.7839269645653666,0.3481852450259085,0.7839269645653666,4.7,0.7800235774244798,0.34865713811079546,0.7800235774244798,11.08,0.7696819380949114,0.3571485203363973,0.7696819380949114,67.0,0.7250962546822968,0.3704463009082515,0.7250962546822968,29.4,0.7890977842301509,0.34375952829162687,0.7890977842301509,71.8,0.7664628120005704,0.3611006841315348,0.7664628120005704
18.0,0.7748527577596955,0.3529468796931963,0.7748527577596955,1822.0,0.7819752709949231,0.3484239508829175,0.7819752709949231,19.0,0.7890977842301506,0.34375952829162676,0.7890977842301506,0.0,0.7800235774244798,0.3486571381107944,0.7800235774244798,4.95,0.776804451330139,0.35273762957165833,0.776804451330139,62.0,0.7302670743470808,0.36686685285567494,0.7302670743470808,22.7,0.794268603894935,0.33924571061814474,0.794268603894935,63.5,0.7664628120005704,0.3611006841315348,0.7664628120005704
26.7,0.7800235774244798,0.3486571381107944,0.7800235774244798,898.0,0.7871460906597073,0.3440221712549752,0.7871460906597073,33.0,0.7890977842301509,0.34375952829162687,0.7890977842301509,11.7,0.7748527577596955,0.3529468796931979,0.7748527577596955,3.82,0.776804451330139,0.35273762957165883,0.776804451330139,27.0,0.7354378940118651,0.36319930386389554,0.7354378940118651,20.0,0.794268603894935,0.33924571061814474,0.794268603894935,64.3,0.7593402987653428,0.36528749880519307,0.7593402987653428
71.8,0.7800235774244798,0.34865713811079335,0.7800235774244798,1320.0,0.7923169103244916,0.33953229068782886,0.7923169103244916,70.0,0.7890977842301509,0.34375952829162687,0.7890977842301509,3.1,0.7748527577596955,0.3529468796931979,0.7748527577596955,16.57,0.7696819380949113,0.35714852033639727,0.7696819380949113,34.0,0.7354378940118651,0.36319930386389554,0.7354378940118651,32.5,0.794268603894935,0.33924571061814474,0.794268603894935,60.4,0.7593402987653428,0.36528749880519307,0.7593402987653428
85.1,0.7871460906597073,0.3440221712549752,0.7871460906597073,1846.0,0.7871460906597073,0.3440221712549752,0.7871460906597073,69.0,0.7890977842301509,0.34375952829162687,0.7890977842301509,-7.8,0.7748527577596955,0.3529468796931979,0.7748527577596955,23.94,0.7645111184301272,0.36126206004039624,0.7645111184301272,46.0,0.7395580756245334,0.36412198162576187,0.7395580756245334,34.9,0.7890977842301509,0.34375952829162687,0.7890977842301509,65.5,0.7664628120005705,0.36110068413153484,0.7664628120005705
80.4,0.7871460906597073,0.3440221712549752,0.7871460906597073,2434.0,0.7819752709949231,0.3484239508829175,0.7819752709949231,24.0,0.7942686038949349,0.33924571061814474,0.7942686038949349,-3.9,0.7696819380949113,0.35714852033639727,0.7696819380949113,29.02,0.7645111184301272,0.36126206004039624,0.7645111184301272,52.0,0.7447288952893175,0.36032345616900924,0.7447288952893175,35.7,0.7890977842301509,0.34375952829162687,0.7890977842301509,68.6,0.7716336316653546,0.356963207321198,0.7716336316653546
32.2,0.7871460906597073,0.3440221712549752,0.7871460906597073,1700.0,0.7819752709949231,0.3484239508829175,0.7819752709949231,20.0,0.7994394235597191,0.334643792005459,0.7994394235597191,3.1,0.7645111184301271,0.36126206004039624,0.7645111184301271,8.08,0.7645111184301272,0.36126206004039624,0.7645111184301272,48.0,0.746680588859761,0.36021208649263453,0.746680588859761,26.7,0.7890977842301509,0.34375952829162687,0.7890977842301509,73.7,0.776804451330139,0.35273762957165883,0.776804451330139
19.2,0.7871460906597073,0.3440221712549752,0.7871460906597073,1419.0,0.7819752709949231,0.3484239508829175,0.7819752709949231,54.0,0.7994394235597191,0.33464379200545846,0.7994394235597191,14.1,0.7593402987653428,0.36528749880519307,0.7593402987653428,3.58,0.7645111184301272,0.36126206004039624,0.7645111184301272,28.0,0.7415097691949767,0.36403454905572497,0.7415097691949767,21.6,0.7890977842301509,0.34375952829162687,0.7890977842301509,63.1,0.7839269645653665,0.348185245025909,0.7839269645653665
78.8,0.7923169103244916,0.3395322906878304,0.7923169103244916,1470.0,0.776804451330139,0.35273762957165883,0.776804451330139,69.0,0.8046102432245033,0.3299537724535712,0.8046102432245033,-4.7,0.7593402987653428,0.36528749880519307,0.7593402987653428,16.97,0.7645111184301272,0.36126206004039624,0.7645111184301272,34.0,0.7343872559597491,0.3678324061433109,0.7343872559597491,32.5,0.7839269645653665,0.348185245025908,0.7839269645653665,64.7,0.7839269645653665,0.348185245025909,0.7839269645653665
80.0,0.7923169103244916,0.3395322906878304,0.7923169103244916,2175.0,0.776804451330139,0.35273762957165883,0.776804451330139,21.0,0.8097810628892875,0.3251756519624815,0.8097810628892875,-18.0,0.7593402987653428,0.36528749880519307,0.7593402987653428,24.48,0.7645111184301272,0.36126206004039624,0.7645111184301272,33.67243525896414,0.7343872559597491,0.3678324061433109,0.7343872559597491,34.5,0.7839269645653665,0.348185245025909,0.7839269645653665,67.8,0.7839269645653665,0.348185245025909,0.7839269645653665
17.6,0.7923169103244916,0.3395322906878304,0.7923169103244916,1459.0,0.7819752709949231,0.3484239508829175,0.7819752709949231,56.0,0.8149518825540718,0.32030943053219024,0.8149518825540718,4.7,0.7593402987653428,0.36528749880519307,0.7593402987653428,3.92,0.7696819380949113,0.35714852033639727,0.7696819380949113,29.0,0.7343872559597491,0.3678324061433109,0.7343872559597491,21.2,0.7890977842301509,0.34375952829162687,0.7890977842301509,62.0,0.7839269645653665,0.3481852450259095,0.7839269645653665
63.5,0.7923169103244916,0.3395322906878304,0.7923169103244916,1534.0,0.7819752709949231,0.3484239508829175,0.7819752709949231,47.0,0.8149518825540718,0.32030943053219024,0.8149518825540718,3.9,0.7541694791005585,0.3692248366307874,0.7541694791005585,14.79,0.776804451330139,0.35273762957165883,0.776804451330139,38.0,0.7292164362949651,0.37145472972165916,0.7292164362949651,31.4,0.7890977842301509,0.34375952829162687,0.7890977842301509,67.5,0.7890977842301509,0.34375952829162687,0.7890977842301509
18.0,0.7974877299892758,0.33495430918148145,0.7974877299892758,1324.0,0.7871460906597073,0.3440221712549752,0.7871460906597073,20.0,0.8078293693188441,0.32553404335118263,0.8078293693188441,-0.8,0.7541694791005585,0.3692248366307884,0.7541694791005585,3.62,0.776804451330139,0.35273762957165883,0.776804451330139,41.0,0.7292164362949651,0.37145472972165916,0.7292164362949651,19.2,0.7839269645653666,0.348185245025908,0.7839269645653666,61.6,0.7890977842301509,0.34375952829162687,0.7890977842301509
19.2,0.7974877299892758,0.33495430918148195,0.7974877299892758,1485.0,0.7871460906597073,0.3440221712549752,0.7871460906597073,21.0,0.8078293693188441,0.32553404335118263,0.8078293693188441,14.8,0.7541694791005586,0.3692248366307874,0.7541694791005586,4.41,0.7716336316653546,0.3569632073211975,0.7716336316653546,46.0,0.7292164362949649,0.37145472972165905,0.7292164362949649,22.0,0.7787561449005823,0.3525228608209876,0.7787561449005823,61.2,0.7890977842301509,0.34375952829162687,0.7890977842301509
23.5,0.7974877299892758,0.33495430918148195,0.7974877299892758,915.0,0.7890977842301509,0.34375952829162687,0.7890977842301509,20.0,0.8007068560836166,0.33061716238916317,0.8007068560836166,1.6,0.7593402987653428,0.36528749880519307,0.7593402987653428,3.85,0.7716336316653547,0.3569632073211975,0.7716336316653547,21.0,0.7343872559597492,0.367832406143311,0.7343872559597492,20.4,0.773585325235798,0.35677237567686615,0.773585325235798,58.0,0.7839269645653665,0.3481852450259084,0.7839269645653665
21.2,0.7974877299892758,0.33495430918148195,0.7974877299892758,958.0,0.7890977842301509,0.34375952829162687,0.7890977842301509,39.0,0.8007068560836166,0.33061716238916317,0.8007068560836166,-2.3,0.7612919923357861,0.3651500600026695,0.7612919923357861,2.7,0.776804451330139,0.35273762957165833,0.776804451330139,18.0,0.7343872559597491,0.3678324061433109,0.7343872559597491,18.0,0.773585325235798,0.35677237567686615,0.773585325235798,68.2,0.7890977842301509,0.34375952829162687,0.7890977842301509
69.0,0.7974877299892758,0.33495430918148195,0.7974877299892758,991.0,0.7890977842301509,0.34375952829162687,0.7890977842301509,57.0,0.8007068560836166,0.3306171623891621,0.8007068560836166,3.9,0.7612919923357861,0.3651500600026695,0.7612919923357861,9.93,0.776804451330139,0.35273762957165833,0.776804451330139,28.0,0.7292164362949651,0.37145472972165916,0.7292164362949651,29.0,0.773585325235798,0.35677237567686615,0.773585325235798,55.3,0.7819752709949231,0.3484239508829175,0.7819752709949231
72.2,0.7923169103244916,0.3395322906878304,0.7923169103244916,1470.0,0.7890977842301509,0.34375952829162687,0.7890977842301509,60.0,0.8007068560836166,0.33061716238916317,0.8007068560836166,-1.6,0.7612919923357861,0.3651500600026695,0.7612919923357861,16.03,0.7716336316653548,0.35696320732119763,0.7716336316653548,36.0,0.7292164362949651,0.37145472972165916,0.7292164362949651,32.2,0.7684145055710138,0.36093378959354067,0.7684145055710138,65.5,0.7800235774244798,0.3486571381107944,0.7800235774244798
72.5,0.794268603894935,0.33924571061814474,0.794268603894935,1891.0,0.7890977842301509,0.34375952829162687,0.7890977842301509,32.0,0.8078293693188441,0.32553404335118263,0.8078293693188441,1.6,0.7664628120005705,0.36110068413153484,0.7664628120005705,21.13,0.7716336316653548,0.35696320732119763,0.7716336316653548,39.0,0.7240456166301809,0.3749889523608052,0.7240456166301809,33.7,0.7684145055710138,0.36093378959354067,0.7684145055710138,67.5,0.7800235774244798,0.3486571381107944,0.7800235774244798
47.5,0.794268603894935,0.33924571061814474,0.794268603894935,1326.0,0.7890977842301509,0.34375952829162687,0.7890977842301509,45.0,0.8149518825540718,0.32030943053218974,0.8149518825540718,-4.7,0.7664628120005704,0.3611006841315348,0.7664628120005704,9.26,0.7716336316653547,0.3569632073211975,0.7716336316653547,41.0,0.7128029217822849,0.3773182997654685,0.7128029217822849,27.8,0.7684145055710138,0.36093378959354067,0.7684145055710138,67.8,0.7748527577596955,0.3529468796931968,0.7748527577596955
52.2,0.794268603894935,0.33924571061814474,0.794268603894935,1408.0,0.7839269645653665,0.3481852450259095,0.7839269645653665,44.0,0.8149518825540717,0.3203094305321897,0.8149518825540717,0.8,0.7716336316653546,0.356963207321198,0.7716336316653546,10.63,0.7716336316653547,0.3569632073211971,0.7716336316653547,44.0,0.7010927603596249,0.37920264052134084,0.7010927603596249,29.0,0.7684145055710138,0.36093378959354067,0.7684145055710138,68.2,0.7819752709949231,0.3484239508829175,0.7819752709949231
51.8,0.7890977842301509,0.34375952829162687,0.7890977842301509,1511.0,0.7839269645653665,0.3481852450259095,0.7839269645653665,37.0,0.8149518825540717,0.3203094305321897,0.8149518825540717,0.0,0.7716336316653546,0.3569632073211975,0.7716336316653546,11.55,0.7716336316653547,0.3569632073211975,0.7716336316653547,48.0,0.6889673021694818,0.38063821331956893,0.6889673021694818,29.8,0.773585325235798,0.35677237567686615,0.773585325235798,68.6,0.7839269645653665,0.3481852450259095,0.7839269645653665
19.6,0.7890977842301509,0.34375952829162687,0.7890977842301509,1183.0,0.7890977842301509,0.34375952829162737,0.7890977842301509,23.0,0.8149518825540717,0.3203094305321897,0.8149518825540717,11.7,0.7664628120005705,0.36110068413153484,0.7664628120005705,3.51,0.7696819380949114,0.3571485203363973,0.7696819380949114,30.0,0.6837964825046974,0.383606753401373,0.6837964825046974,19.6,0.773585325235798,0.35677237567686615,0.773585325235798,58.4,0.7890977842301509,0.34375952829162687,0.7890977842301509
17.3,0.7890977842301509,0.34375952829162687,0.7890977842301509,1344.0,0.7890977842301509,0.34375952829162687,0.7890977842301509,19.0,0.8149518825540717,0.3203094305321897,0.8149518825540717,16.4,0.7612919923357861,0.3651500600026695,0.7612919923357861,3.55,0.7696819380949114,0.3571485203363973,0.7696819380949114,23.0,0.6766739692694699,0.38633235984104425,0.6766739692694699,20.4,0.7787561449005823,0.3525228608209886,0.7787561449005823,61.2,0.7890977842301509,0.34375952829162687,0.7890977842301509
21.6,0.7890977842301509,0.34375952829162687,0.7890977842301509,1066.0,0.794268603894935,0.33924571061814474,0.794268603894935,24.0,0.8097810628892875,0.3251756519624815,0.8097810628892875,-1.6,0.7612919923357861,0.3651500600026695,0.7612919923357861,3.26,0.7645111184301272,0.36126206004039624,0.7645111184301272,19.0,0.6715031496046857,0.3891007609381061,0.6715031496046857,18.4,0.7787561449005823,0.3525228608209886,0.7787561449005823,57.6,0.7839269645653665,0.348185245025908,0.7839269645653665
31.8,0.7890977842301509,0.34375952829162687,0.7890977842301509,799.0,0.7994394235597191,0.33464379200545846,0.7994394235597191,32.0,0.8097810628892875,0.3251756519624815,0.8097810628892875,7.0,0.7612919923357861,0.3651500600026695,0.7612919923357861,3.69,0.7645111184301272,0.36126206004039624,0.7645111184301272,14.0,0.6766739692694699,0.38633235984104425,0.6766739692694699,20.0,0.773585325235798,0.35677237567686615,0.773585325235798,60.4,0.7890977842301509,0.34375952829162687,0.7890977842301509
40.4,0.7871460906597073,0.34402217125497314,0.7871460906597073,777.0,0.8046102432245033,0.3299537724535712,0.8046102432245033,33.0,0.8026585496540599,0.3302882267359325,0.8026585496540599,-1.6,0.7593402987653428,0.36528749880519307,0.7593402987653428,4.17,0.7645111184301272,0.36126206004039624,0.7645111184301272,7.0,0.6715031496046857,0.3891007609381061,0.6715031496046857,20.4,0.773585325235798,0.35677237567686615,0.773585325235798,60.0,0.7890977842301509,0.34375952829162687,0.7890977842301509
32.9,0.7819752709949233,0.34842395088291755,0.7819752709949233,800.0,0.7994394235597191,0.334643792005459,0.7994394235597191,29.0,0.8026585496540599,0.3302882267359325,0.8026585496540599,1.6,0.7593402987653428,0.36528749880519307,0.7593402987653428,3.76,0.7645111184301272,0.36126206004039624,0.7645111184301272,11.0,0.6663323299399015,0.3917810610959659,0.6663323299399015,20.0,0.7787561449005823,0.3525228608209886,0.7787561449005823,58.0,0.7942686038949351,0.33924571061814374,0.7942686038949351
35.7,0.7819752709949231,0.3484239508829175,0.7819752709949231,1495.0,0.7994394235597191,0.334643792005459,0.7994394235597191,45.0,0.8026585496540599,0.3302882267359325,0.8026585496540599,-8.6,0.7573886051948995,0.365419418978584,0.7573886051948995,7.88,0.7696819380949114,0.3571485203363973,0.7696819380949114,23.0,0.6611615102751174,0.3943732603146223,0.6611615102751174,26.3,0.7839269645653665,0.3481852450259095,0.7839269645653665,71.8,0.7942686038949351,0.33924571061814374,0.7942686038949351
54.9,0.7819752709949233,0.34842395088291755,0.7819752709949233,2125.0,0.7994394235597191,0.334643792005459,0.7994394235597191,37.0,0.8026585496540599,0.33028822673593305,0.8026585496540599,1.6,0.7625594248596836,0.36141791732012696,0.7625594248596836,16.17,0.7696819380949113,0.35714852033639727,0.7696819380949113,26.0,0.6611615102751174,0.3943732603146223,0.6611615102751174,29.4,0.7787561449005823,0.3525228608209886,0.7787561449005823,69.8,0.7994394235597191,0.334643792005459,0.7994394235597191
51.8,0.7819752709949233,0.34842395088291755,0.7819752709949233,1347.0,0.7974877299892758,0.33495430918148145,0.7974877299892758,44.0,0.8026585496540599,0.3302882267359325,0.8026585496540599,-4.7,0.7573886051948995,0.365419418978584,0.7573886051948995,10.41,0.7716336316653546,0.3569632073211975,0.7716336316653546,30.0,0.6486624321308879,0.39448279191511576,0.6486624321308879,29.0,0.7787561449005823,0.3525228608209886,0.7787561449005823,67.1,0.7994394235597191,0.334643792005459,0.7994394235597191
46.3,0.776804451330139,0.35273762957165883,0.776804451330139,1530.0,0.7923169103244916,0.33953229068782886,0.7923169103244916,20.0,0.8026585496540599,0.3302882267359325,0.8026585496540599,-0.8,0.7573886051948995,0.365419418978585,0.7573886051948995,9.4,0.776804451330139,0.35273762957165883,0.776804451330139,27.0,0.6415399188956603,0.3965235723226331,0.6415399188956603,24.7,0.7839269645653666,0.348185245025908,0.7839269645653666,69.0,0.7994394235597191,0.334643792005459,0.7994394235597191
20.0,0.7819752709949231,0.3484239508829175,0.7819752709949231,1160.0,0.785194397089264,0.3442792955891904,0.785194397089264,71.0,0.8026585496540599,0.3302882267359325,0.8026585496540599,1.6,0.7573886051948995,0.365419418978585,0.7573886051948995,3.55,0.776804451330139,0.35273762957165883,0.776804451330139,20.0,0.6344174056604327,0.39842285894914176,0.6344174056604327,19.2,0.7787561449005823,0.3525228608209876,0.7787561449005823,60.0,0.8046102432245033,0.3299537724535712,0.8046102432245033
96.5,0.7819752709949233,0.34842395088291755,0.7819752709949233,1116.0,0.785194397089264,0.3442792955891904,0.785194397089264,73.0,0.8026585496540599,0.3302882267359325,0.8026585496540599,-1.6,0.7522177855301152,0.36933281969784154,0.7522177855301152,15.31,0.7819752709949233,0.34842395088291755,0.7819752709949233,28.0,0.6415399188956603,0.3965235723226331,0.6415399188956603,32.9,0.7787561449005823,0.3525228608209876,0.7787561449005823,56.9,0.7994394235597191,0.334643792005459,0.7994394235597191
46.7,0.7819752709949233,0.34842395088291755,0.7819752709949233,2038.0,0.7903652167540484,0.33981335212838343,0.7903652167540484,22.0,0.7974877299892758,0.33495430918148195,0.7974877299892758,-0.8,0.7573886051948995,0.365419418978585,0.7573886051948995,14.08,0.776804451330139,0.35273762957165883,0.776804451330139,40.0,0.6434916124661036,0.3968201050434534,0.6434916124661036,30.6,0.7787561449005823,0.3525228608209876,0.7787561449005823,71.0,0.7994394235597191,0.334643792005459,0.7994394235597191
17.6,0.7819752709949233,0.34842395088291755,0.7819752709949233,1901.0,0.7903652167540484,0.33981335212838343,0.7903652167540484,19.0,0.7923169103244917,0.33953229068782936,0.7923169103244917,0.0,0.7573886051948995,0.365419418978585,0.7573886051948995,5.17,0.776804451330139,0.35273762957165883,0.776804451330139,33.0,0.6434916124661036,0.3968201050434534,0.6434916124661036,22.7,0.7787561449005823,0.3525228608209876,0.7787561449005823,63.5,0.7994394235597191,0.334643792005459,0.7994394235597191
18.8,0.7871460906597074,0.3440221712549732,0.7871460906597074,1369.0,0.7903652167540484,0.33981335212838343,0.7903652167540484,19.0,0.7871460906597074,0.34402217125497525,0.7871460906597074,8.6,0.7573886051948995,0.365419418978585,0.7573886051948995,3.67,0.776804451330139,0.35273762957165883,0.776804451330139,27.0,0.6486624321308879,0.39448279191511576,0.6486624321308879,21.2,0.7787561449005823,0.3525228608209876,0.7787561449005823,60.8,0.7942686038949351,0.33924571061814374,0.7942686038949351
31.8,0.7819752709949233,0.34842395088291755,0.7819752709949233,950.0,0.785194397089264,0.3442792955891904,0.785194397089264,33.0,0.7871460906597074,0.3440221712549742,0.7871460906597074,-7.0,0.7625594248596835,0.3614179173201269,0.7625594248596835,4.95,0.776804451330139,0.35273762957165883,0.776804451330139,30.0,0.6538332517956721,0.3920573778475744,0.6538332517956721,22.0,0.7839269645653666,0.348185245025908,0.7839269645653666,63.1,0.7942686038949351,0.33924571061814374,0.7942686038949351
21.2,0.7819752709949233,0.34842395088291755,0.7819752709949233,1019.0,0.7800235774244798,0.34865713811079385,0.7800235774244798,22.0,0.7819752709949231,0.3484239508829175,0.7819752709949231,3.1,0.7696819380949114,0.3571485203363973,0.7696819380949114,3.2,0.7819752709949231,0.3484239508829175,0.7819752709949231,28.0,0.6538332517956721,0.3920573778475744,0.6538332517956721,18.8,0.7839269645653666,0.348185245025908,0.7839269645653666,60.0,0.7890977842301509,0.34375952829162687,0.7890977842301509
20.4,0.776804451330139,0.35273762957165833,0.776804451330139,1163.0,0.7800235774244798,0.34865713811079385,0.7800235774244798,20.0,0.7819752709949231,0.3484239508829175,0.7819752709949231,3.1,0.7696819380949114,0.3571485203363973,0.7696819380949114,3.35,0.7890977842301509,0.34375952829162687,0.7890977842301509,19.0,0.6538332517956721,0.3920573778475744,0.6538332517956721,19.2,0.7890977842301509,0.34375952829162687,0.7890977842301509,58.4,0.7819752709949231,0.3484239508829175,0.7819752709949231
29.8,0.7819752709949231,0.3484239508829175,0.7819752709949231,828.0,0.7748527577596955,0.3529468796931968,0.7748527577596955,35.0,0.7871460906597074,0.3440221712549742,0.7871460906597074,1.6,0.7748527577596955,0.3529468796931963,0.7748527577596955,3.6,0.7890977842301509,0.34375952829162687,0.7890977842301509,10.0,0.6609557650308997,0.38976306561350516,0.6609557650308997,19.6,0.7839269645653666,0.348185245025908,0.7839269645653666,60.8,0.7819752709949231,0.3484239508829175,0.7819752709949231
54.1,0.7819752709949231,0.3484239508829175,0.7819752709949231,827.0,0.7748527577596955,0.3529468796931968,0.7748527577596955,32.0,0.794268603894935,0.33924571061814474,0.794268603894935,4.7,0.7800235774244798,0.34865713811079385,0.7800235774244798,5.96,0.7890977842301509,0.34375952829162687,0.7890977842301509,4.0,0.6538332517956721,0.39205737784757483,0.6538332517956721,24.7,0.7890977842301509,0.34375952829162687,0.7890977842301509,55.7,0.7819752709949231,0.3484239508829175,0.7819752709949231
42.4,0.7819752709949231,0.3484239508829175,0.7819752709949231,793.0,0.7748527577596955,0.3529468796931968,0.7748527577596955,71.0,0.7994394235597191,0.334643792005459,0.7994394235597191,5.5,0.785194397089264,0.3442792955891904,0.785194397089264,4.64,0.7890977842301509,0.34375952829162687,0.7890977842301509,9.0,0.6518815582252288,0.39180871933943207,0.6518815582252288,21.2,0.7890977842301509,0.34375952829162687,0.7890977842301509,53.7,0.7819752709949231,0.3484239508829175,0.7819752709949231
74.1,0.776804451330139,0.35273762957165833,0.776804451330139,1952.0,0.7748527577596955,0.3529468796931968,0.7748527577596955,20.0,0.8046102432245034,0.32995377245357127,0.8046102432245034,-5.5,0.7871460906597074,0.3440221712549742,0.7871460906597074,22.58,0.7890977842301509,0.34375952829162687,0.7890977842301509,17.0,0.6518815582252288,0.39180871933943207,0.6518815582252288,34.5,0.7839269645653666,0.348185245025908,0.7839269645653666,67.1,0.776804451330139,0.35273762957165883,0.776804451330139
76.9,0.776804451330139,0.35273762957165833,0.776804451330139,1533.0,0.7696819380949114,0.3571485203363973,0.7696819380949114,21.0,0.8046102432245034,0.32995377245357127,0.8046102432245034,2.3,0.7819752709949231,0.3484239508829175,0.7819752709949231,18.32,0.794268603894935,0.33924571061814474,0.794268603894935,24.0,0.644759044990001,0.39393208205702057,0.644759044990001,32.9,0.7839269645653666,0.348185245025908,0.7839269645653666,64.3,0.7716336316653546,0.356963207321198,0.7716336316653546
56.9,0.7839269645653665,0.348185245025909,0.7839269645653665,1178.0,0.7645111184301272,0.36126206004039624,0.7645111184301272,66.0,0.8046102432245034,0.32995377245357127,0.8046102432245034,-3.1,0.7800235774244798,0.34865713811079335,0.7800235774244798,11.53,0.794268603894935,0.33924571061814474,0.794268603894935,31.0,0.6319204111469866,0.3934891120388701,0.6319204111469866,30.2,0.7839269645653666,0.348185245025908,0.7839269645653666,69.0,0.7716336316653546,0.356963207321197,0.7716336316653546
80.4,0.7839269645653665,0.3481852450259095,0.7839269645653665,1689.0,0.7696819380949114,0.3571485203363973,0.7696819380949114,70.0,0.8046102432245033,0.3299537724535712,0.8046102432245033,-1.6,0.7748527577596955,0.3529468796931963,0.7748527577596955,21.0,0.794268603894935,0.33924571061814474,0.794268603894935,42.0,0.623941406380297,0.3905390300680611,0.623941406380297,33.7,0.7839269645653666,0.348185245025908,0.7839269645653666,65.9,0.7716336316653546,0.356963207321197,0.7716336316653546
83.5,0.7839269645653666,0.34818524502590903,0.7839269645653666,2209.0,0.7696819380949114,0.3571485203363973,0.7696819380949114,62.0,0.7994394235597191,0.334643792005459,0.7994394235597191,0.0,0.7748527577596955,0.3529468796931963,0.7748527577596955,27.66,0.7994394235597191,0.334643792005459,0.7994394235597191,46.0,0.617626891711937,0.3877333841053107,0.617626891711937,35.7,0.7839269645653666,0.348185245025908,0.7839269645653666,67.8,0.776804451330139,0.35273762957165883,0.776804451330139
73.7,0.7839269645653665,0.348185245025909,0.7839269645653665,1590.0,0.7696819380949114,0.3571485203363973,0.7696819380949114,59.0,0.7994394235597191,0.334643792005459,0.7994394235597191,-9.4,0.7748527577596955,0.3529468796931963,0.7748527577596955,17.53,0.794268603894935,0.33924571061814474,0.794268603894935,50.0,0.6090940308897425,0.38438745596482526,0.6090940308897425,32.5,0.7839269645653666,0.348185245025908,0.7839269645653666,66.3,0.7819752709949231,0.3484239508829175,0.7819752709949231
19.2,0.7787561449005823,0.3525228608209886,0.7787561449005823,1503.0,0.7696819380949114,0.3571485203363973,0.7696819380949114,22.0,0.7994394235597191,0.334643792005459,0.7994394235597191,3.1,0.7748527577596955,0.3529468796931968,0.7748527577596955,3.65,0.7890977842301509,0.34375952829162687,0.7890977842301509,46.0,0.607826598365845,0.38397046090250236,0.607826598365845,20.8,0.7787561449005823,0.3525228608209876,0.7787561449005823,62.7,0.7871460906597074,0.3440221712549742,0.7871460906597074
48.2,0.7735853252357979,0.3567723756768651,0.7735853252357979,1328.0,0.7625594248596836,0.3614179173201259,0.7625594248596836,42.0,0.7994394235597191,0.33464379200545846,0.7994394235597191,-1.6,0.7748527577596955,0.3529468796931963,0.7748527577596955,9.4,0.7839269645653665,0.348185245025909,0.7839269645653665,50.0,0.6215302788528236,0.38528049120470426,0.6215302788528236,27.8,0.773585325235798,0.35677237567686615,0.773585325235798,67.1,0.7871460906597074,0.3440221712549742,0.7871460906597074
18.8,0.773585325235798,0.35677237567686615,0.773585325235798,1355.0,0.7573886051948994,0.3654194189785845,0.7573886051948994,21.0,0.8046102432245033,0.3299537724535712,0.8046102432245033,17.2,0.7748527577596955,0.3529468796931963,0.7748527577596955,3.74,0.7890977842301506,0.34375952829162676,0.7890977842301506,45.0,0.6349673067564113,0.3861239866242559,0.6349673067564113,20.4,0.773585325235798,0.35677237567686615,0.773585325235798,62.7,0.7871460906597074,0.3440221712549742,0.7871460906597074
24.3,0.773585325235798,0.35677237567686615,0.773585325235798,987.0,0.7573886051948994,0.3654194189785855,0.7573886051948994,30.0,0.8046102432245033,0.3299537724535712,0.8046102432245033,8.6,0.7819752709949231,0.3484239508829175,0.7819752709949231,2.9,0.7839269645653665,0.348185245025908,0.7839269645653665,30.0,0.648117131187885,0.3865025092617275,0.648117131187885,18.4,0.773585325235798,0.35677237567686615,0.773585325235798,57.3,0.7871460906597073,0.3440221712549742,0.7871460906597073
42.0,0.7735853252357979,0.35677237567686615,0.7735853252357979,1524.0,0.7573886051948994,0.3654194189785855,0.7573886051948994,52.0,0.8097810628892875,0.3251756519624815,0.8097810628892875,-3.9,0.7871460906597074,0.3440221712549742,0.7871460906597074,9.28,0.7890977842301509,0.34375952829162687,0.7890977842301509,35.0,0.6609557650308995,0.3864175980546277,0.6609557650308995,29.0,0.7787561449005823,0.3525228608209881,0.7787561449005823,67.8,0.7819752709949231,0.3484239508829175,0.7819752709949231
61.2,0.773585325235798,0.35677237567686615,0.773585325235798,1792.0,0.7625594248596835,0.3614179173201269,0.7625594248596835,36.0,0.8097810628892875,0.3251756519624815,0.8097810628892875,3.1,0.7923169103244916,0.33953229068782886,0.7923169103244916,16.04,0.7890977842301509,0.34375952829162687,0.7890977842301509,38.0,0.6682840235103448,0.38860120802941395,0.6682840235103448,31.8,0.776804451330139,0.35273762957165883,0.776804451330139,68.6,0.7871460906597074,0.3440221712549742,0.7871460906597074
46.3,0.7716336316653547,0.3569632073211981,0.7716336316653547,1325.0,0.7625594248596835,0.36141791732012585,0.7625594248596835,37.0,0.8097810628892875,0.3251756519624815,0.8097810628892875,-2.3,0.7923169103244917,0.33953229068782886,0.7923169103244917,8.64,0.7890977842301509,0.34375952829162687,0.7890977842301509,43.0,0.6752386620357036,0.3905630357365756,0.6752386620357036,27.5,0.776804451330139,0.35273762957165833,0.776804451330139,67.5,0.7871460906597073,0.3440221712549742,0.7871460906597073
18.0,0.7716336316653546,0.3569632073211975,0.7716336316653546,1558.0,0.755436911624456,0.3655458205228463,0.755436911624456,19.0,0.8046102432245033,0.3299537724535712,0.8046102432245033,0.0,0.785194397089264,0.3442792955891904,0.785194397089264,4.04,0.7890977842301509,0.34375952829162687,0.7890977842301509,44.0,0.6752386620357036,0.3905630357365756,0.6752386620357036,22.0,0.776804451330139,0.35273762957165883,0.776804451330139,62.7,0.7871460906597073,0.3440221712549742,0.7871460906597073
18.4,0.7716336316653547,0.3569632073211981,0.7716336316653547,1422.0,0.755436911624456,0.3655458205228453,0.755436911624456,21.0,0.8046102432245033,0.3299537724535712,0.8046102432245033,15.6,0.7871460906597074,0.3440221712549732,0.7871460906597074,3.92,0.7890977842301509,0.34375952829162687,0.7890977842301509,41.0,0.6836286077948286,0.38819485548785,0.6836286077948286,21.2,0.776804451330139,0.35273762957165883,0.776804451330139,63.9,0.7871460906597074,0.3440221712549742,0.7871460906597074
45.5,0.7716336316653547,0.3569632073211981,0.7716336316653547,1348.0,0.755436911624456,0.3655458205228453,0.755436911624456,45.0,0.8097810628892875,0.3251756519624815,0.8097810628892875,0.0,0.7871460906597074,0.3440221712549732,0.7871460906597074,8.94,0.7839269645653666,0.348185245025908,0.7839269645653666,42.0,0.6907511210300562,0.3853782059472232,0.6907511210300562,27.5,0.7819752709949231,0.3484239508829175,0.7819752709949231,67.8,0.7871460906597073,0.3440221712549742,0.7871460906597073
50.2,0.7664628120005704,0.3611006841315348,0.7664628120005704,1407.0,0.755436911624456,0.3655458205228453,0.755436911624456,36.0,0.8046102432245033,0.3299537724535712,0.8046102432245033,3.9,0.7923169103244918,0.3395322906878289,0.7923169103244918,10.54,0.776804451330139,0.35273762957165883,0.776804451330139,43.0,0.6959219406948405,0.38233447370388346,0.6959219406948405,29.0,0.7787561449005824,0.34858113951847436,0.7787561449005824,68.2,0.7923169103244917,0.33953229068782886,0.7923169103244917
42.7,0.7664628120005704,0.3611006841315348,0.7664628120005704,1449.0,0.7502660919596718,0.36943528413576343,0.7502660919596718,33.0,0.8046102432245033,0.3299537724535712,0.8046102432245033,0.8,0.7974877299892758,0.33495430918148195,0.7974877299892758,9.15,0.776804451330139,0.35273762957165883,0.776804451330139,44.0,0.7010927603596248,0.3792026405213413,0.7010927603596248,27.5,0.7819752709949231,0.3484239508829175,0.7819752709949231,69.8,0.785194397089264,0.3442792955891904,0.785194397089264
58.4,0.7684145055710138,0.36093378959354067,0.7684145055710138,1543.0,0.7502660919596718,0.36943528413576343,0.7502660919596718,50.0,0.7994394235597191,0.334643792005459,0.7994394235597191,-0.8,0.7974877299892758,0.33495430918148145,0.7974877299892758,13.75,0.7748527577596955,0.3529468796931968,0.7748527577596955,49.0,0.6941381218342659,0.37758157229856365,0.6941381218342659,31.0,0.7800235774244798,0.3486571381107944,0.7800235774244798,68.2,0.785194397089264,0.3442792955891904,0.785194397089264
62.4,0.7632436859062296,0.3650071025710142,0.7632436859062296,1666.0,0.7522177855301152,0.36933281969784154,0.7522177855301152,51.0,0.7994394235597191,0.334643792005459,0.7994394235597191,-1.6,0.7974877299892758,0.33495430918148195,0.7974877299892758,15.71,0.7748527577596955,0.3529468796931968,0.7748527577596955,53.0,0.6887615569252641,0.37584828957192234,0.6887615569252641,31.8,0.7800235774244798,0.3486571381107944,0.7800235774244798,68.6,0.785194397089264,0.3442792955891904,0.785194397089264
57.6,0.7632436859062296,0.3650071025710147,0.7632436859062296,1803.0,0.7502660919596718,0.36943528413576343,0.7502660919596718,41.0,0.8046102432245034,0.32995377245357127,0.8046102432245034,-0.8,0.7974877299892758,0.33495430918148195,0.7974877299892758,15.34,0.7664628120005704,0.35722118627661564,0.7664628120005704,33.67243525896414,0.6868098633548206,0.3757542909600718,0.6868098633548206,31.4,0.7729010641892522,0.35315061118560426,0.7729010641892522,69.0,0.785194397089264,0.3442792955891904,0.785194397089264
44.7,0.7684145055710138,0.3609337895935417,0.7684145055710138,1900.0,0.7418761462005469,0.37314026735901584,0.7418761462005469,38.0,0.7994394235597191,0.334643792005459,0.7994394235597191,3.9,0.7974877299892758,0.33495430918148145,0.7974877299892758,12.63,0.7664628120005704,0.35722118627661414,0.7664628120005704,57.0,0.6868098633548206,0.3757542909600718,0.6868098633548206,30.2,0.7677302445244679,0.35732831472246684,0.7677302445244679,71.0,0.7903652167540484,0.33981335212838343,0.7903652167540484
43.5,0.7735853252357979,0.35677237567686615,0.7735853252357979,1914.0,0.7377145658913216,0.37281944557788,0.7377145658913216,31.0,0.7994394235597191,0.334643792005459,0.7994394235597191,6.2,0.7974877299892758,0.33495430918148145,0.7974877299892758,9.23,0.7664628120005704,0.35722118627661514,0.7664628120005704,56.0,0.691980683019605,0.3726882332117803,0.691980683019605,25.5,0.7625594248596836,0.36141791732012696,0.7625594248596836,71.4,0.7819752709949231,0.34446593577908347,0.7819752709949231
37.3,0.7735853252357979,0.35677237567686615,0.7735853252357979,1506.0,0.7377145658913216,0.37281944557788,0.7377145658913216,35.0,0.794268603894935,0.33924571061814474,0.794268603894935,0.0,0.7974877299892758,0.33495430918148145,0.7974877299892758,8.07,0.7716336316653546,0.3530575370499738,0.7716336316653546,55.0,0.691980683019605,0.3726882332117803,0.691980683019605,27.1,0.7573886051948995,0.365419418978585,0.7573886051948995,71.8,0.7726428710209137,0.34879336216087076,0.7726428710209137
40.0,0.7735853252357979,0.35677237567686615,0.7735853252357979,1408.0,0.739666259461765,0.3727600306168688,0.739666259461765,44.0,0.794268603894935,0.33924571061814474,0.794268603894935,1.6,0.7974877299892756,0.3349543091814819,0.7974877299892756,7.06,0.7664628120005704,0.35722118627661514,0.7664628120005704,50.0,0.691980683019605,0.3726882332117803,0.691980683019605,25.9,0.7625594248596836,0.36141791732012696,0.7625594248596836,69.8,0.7726428710209137,0.34879336216087076,0.7726428710209137
52.5,0.7787561449005823,0.3525228608209891,0.7787561449005823,1385.0,0.7383988269378676,0.372586400806141,0.7383988269378676,46.0,0.794268603894935,0.33924571061814374,0.794268603894935,-2.3,0.7974877299892756,0.3349543091814819,0.7974877299892756,10.66,0.7645111184301271,0.357392440800462,0.7645111184301271,51.0,0.6848581697843773,0.375654773719092,0.6848581697843773,29.4,0.767730244524468,0.3573283147224659,0.767730244524468,67.5,0.7726428710209137,0.34879336216087076,0.7726428710209137
43.5,0.7735853252357979,0.35677237567686615,0.7735853252357979,1406.0,0.73127631370264,0.37625613520160034,0.73127631370264,20.0,0.794268603894935,0.33924571061814474,0.794268603894935,3.1,0.7923169103244917,0.33953229068782886,0.7923169103244917,8.51,0.7645111184301271,0.357392440800462,0.7645111184301271,48.0,0.6900289894491616,0.3726126530771365,0.6900289894491616,26.7,0.7729010641892522,0.3531506111856032,0.7729010641892522,68.6,0.774594564591357,0.3485792873035648,0.774594564591357
19.6,0.7684145055710139,0.3609337895935407,0.7684145055710139,1168.0,0.73127631370264,0.37625613520160034,0.73127631370264,23.0,0.794268603894935,0.33924571061814474,0.794268603894935,3.1,0.7871460906597073,0.3440221712549752,0.7871460906597073,3.67,0.7645111184301271,0.357392440800462,0.7645111184301271,41.0,0.6971515026843892,0.36953407452428433,0.6971515026843892,19.6,0.7729010641892522,0.3531506111856032,0.7729010641892522,58.0,0.7674720513561293,0.3529972369865184,0.7674720513561293
39.6,0.7664628120005705,0.36110068413153484,0.7664628120005705,1349.0,0.73127631370264,0.37625613520160034,0.73127631370264,54.0,0.7890977842301509,0.34375952829162737,0.7890977842301509,6.2,0.7819752709949231,0.3484239508829175,0.7819752709949231,9.27,0.7645111184301271,0.357392440800462,0.7645111184301271,42.0,0.6971515026843892,0.3695340745242852,0.6971515026843892,29.0,0.7729010641892522,0.3531506111856032,0.7729010641892522,58.8,0.7674720513561293,0.3529972369865184,0.7674720513561293
59.6,0.7664628120005704,0.36110068413153423,0.7664628120005704,1598.0,0.73127631370264,0.37625613520160034,0.73127631370264,42.0,0.7819752709949231,0.3484239508829175,0.7819752709949231,-8.6,0.7819752709949231,0.3484239508829175,0.7819752709949231,13.95,0.7573886051948996,0.36158585076993993,0.7573886051948996,51.0,0.6919806830196048,0.3726882332117802,0.6919806830196048,30.6,0.767730244524468,0.3573283147224659,0.767730244524468,68.6,0.7674720513561295,0.3529972369865186,0.7674720513561295
70.6,0.7716336316653546,0.356963207321198,0.7716336316653546,1615.0,0.7261054940378558,0.3797813749299371,0.7261054940378558,61.0,0.7871460906597074,0.3440221712549742,0.7871460906597074,-7.8,0.7819752709949231,0.3484239508829175,0.7819752709949231,17.43,0.7573886051948996,0.36158585076993993,0.7573886051948996,52.0,0.6848581697843773,0.37565477371909156,0.6848581697843773,32.5,0.7696819380949113,0.35714852033639727,0.7696819380949113,67.5,0.7674720513561295,0.3529972369865186,0.7674720513561295
73.7,0.776804451330139,0.35273762957165883,0.776804451330139,1789.0,0.7261054940378558,0.3797813749299371,0.7261054940378558,62.0,0.7871460906597074,0.3440221712549742,0.7871460906597074,0.8,0.7819752709949231,0.3484239508829175,0.7819752709949231,20.02,0.7625594248596836,0.35755817669517714,0.7625594248596836,57.0,0.6720195359413628,0.37648336252083114,0.6720195359413628,33.3,0.7748527577596955,0.3529468796931968,0.7748527577596955,67.1,0.7674720513561295,0.3529972369865186,0.7674720513561295
76.5,0.7716336316653546,0.3569632073211975,0.7716336316653546,1880.0,0.7211928675414102,0.3791119275629268,0.7211928675414102,40.0,0.7871460906597074,0.34402217125497525,0.7871460906597074,-0.8,0.7871460906597074,0.3440221712549742,0.7871460906597074,20.94,0.7573886051948996,0.36158585076993993,0.7573886051948996,51.0,0.6796873501195931,0.37860879342184334,0.6796873501195931,32.9,0.7696819380949114,0.3571485203363973,0.7696819380949114,67.1,0.7603495381209019,0.3572736928884599,0.7603495381209019
58.4,0.7716336316653546,0.3569632073211975,0.7716336316653546,2246.0,0.7104848512062715,0.38152304268847964,0.7104848512062715,51.0,0.7871460906597074,0.34402217125497525,0.7871460906597074,6.2,0.7871460906597074,0.34402217125497475,0.7871460906597074,20.11,0.7522177855301153,0.3655254239055005,0.7522177855301153,46.0,0.6921864282638226,0.3774985509146481,0.6921864282638226,33.3,0.7612919923357861,0.361296734564054,0.7612919923357861,70.6,0.7696819380949113,0.3532527286801584,0.7696819380949113
57.3,0.7716336316653546,0.356963207321198,0.7716336316653546,2241.0,0.7104848512062715,0.38152304268847964,0.7104848512062715,37.0,0.7871460906597074,0.3440221712549742,0.7871460906597074,4.7,0.7819752709949231,0.3484239508829175,0.7819752709949231,8.44,0.7573886051948996,0.36158585076993943,0.7573886051948996,41.0,0.6991410667891814,0.37913547007684584,0.6991410667891814,25.9,0.7664628120005704,0.35722118627661414,0.7664628120005704,70.2,0.7780718838540365,0.34888480670953964,0.7780718838540365
53.3,0.7664628120005704,0.3611006841315348,0.7664628120005704,1345.0,0.7156556708710559,0.37820301334429723,0.7156556708710559,48.0,0.7819752709949231,0.3484239508829175,0.7819752709949231,-0.8,0.7819752709949231,0.3484239508829175,0.7819752709949231,10.5,0.7573886051948996,0.36158585076993943,0.7573886051948996,40.0,0.6959219406948406,0.37881202273320885,0.6959219406948406,29.0,0.7664628120005704,0.35722118627661414,0.7664628120005704,67.1,0.7729010641892522,0.35315061118560426,0.7729010641892522
43.9,0.761291992335786,0.36515006000266936,0.761291992335786,1426.0,0.7156556708710559,0.37820301334429723,0.7156556708710559,21.0,0.7819752709949231,0.3484239508829175,0.7819752709949231,3.1,0.7819752709949231,0.3484239508829175,0.7819752709949231,8.95,0.7522177855301153,0.3655254239055005,0.7522177855301153,40.0,0.6875319949357154,0.3815073308796405,0.6875319949357154,27.5,0.7664628120005704,0.35722118627661414,0.7664628120005704,69.4,0.7645111184301271,0.357392440800462,0.7645111184301271
48.6,0.7561211726710019,0.3691113349346016,0.7561211726710019,1151.0,0.7085331576358281,0.381476731235472,0.7085331576358281,48.0,0.7819752709949231,0.3484239508829175,0.7819752709949231,6.2,0.7871460906597073,0.3440221712549752,0.7871460906597073,8.49,0.7522177855301153,0.3655254239055005,0.7522177855301153,37.0,0.6833704146264902,0.3808398578304347,0.6833704146264902,27.5,0.7664628120005704,0.35722118627661464,0.7664628120005704,65.5,0.756121172671002,0.361457028889981,0.756121172671002
56.1,0.7561211726710019,0.3691113349346016,0.7561211726710019,1518.0,0.7137039773006123,0.3781806389976274,0.7137039773006123,39.0,0.7819752709949231,0.3484239508829175,0.7819752709949231,-3.9,0.7923169103244917,0.33953229068782936,0.7923169103244917,12.66,0.7522177855301153,0.3655254239055005,0.7522177855301153,49.0,0.6927028146004997,0.37847541763655523,0.6927028146004997,30.2,0.7664628120005704,0.35722118627661414,0.7664628120005704,68.2,0.756121172671002,0.361457028889981,0.756121172671002
31.0,0.7561211726710019,0.3691113349346016,0.7561211726710019,1657.0,0.716923103394953,0.378421239576301,0.716923103394953,20.0,0.7819752709949231,0.3484239508829175,0.7819752709949231,0.8,0.7923169103244917,0.3395322906878305,0.7923169103244917,7.7,0.7522177855301153,0.3655254239055005,0.7522177855301153,46.0,0.6959219406948405,0.3788120227332088,0.6959219406948405,26.3,0.7664628120005704,0.35722118627661414,0.7664628120005704,73.7,0.756121172671002,0.361457028889981,0.756121172671002
36.9,0.7612919923357861,0.3651500600026695,0.7612919923357861,884.0,0.716923103394953,0.378421239576301,0.716923103394953,33.0,0.7871460906597074,0.3440221712549742,0.7871460906597074,-0.8,0.794268603894935,0.33924571061814474,0.794268603894935,3.92,0.7606077312892403,0.36156825597072506,0.7606077312892403,26.0,0.7043118864539656,0.3759394730614403,0.7043118864539656,19.6,0.7664628120005705,0.35722118627661575,0.7664628120005705,50.2,0.756121172671002,0.361457028889981,0.756121172671002
38.8,0.7612919923357861,0.3651500600026695,0.7612919923357861,792.0,0.7149714098245097,0.3784018864627208,0.7149714098245097,30.0,0.7871460906597073,0.3440221712549742,0.7871460906597073,4.7,0.794268603894935,0.33924571061814474,0.794268603894935,4.25,0.7625594248596839,0.361417917320126,0.7625594248596839,17.0,0.7043118864539656,0.3759394730614393,0.7043118864539656,20.4,0.7696819380949113,0.35714852033639727,0.7696819380949113,56.1,0.756121172671002,0.361457028889981,0.756121172671002
82.0,0.7541694791005585,0.3692248366307874,0.7541694791005585,1596.0,0.7149714098245097,0.3784018864627208,0.7149714098245097,64.0,0.7871460906597073,0.3440221712549742,0.7871460906597073,-5.5,0.794268603894935,0.33924571061814474,0.794268603894935,20.15,0.767730244524468,0.3573283147224659,0.767730244524468,30.0,0.7114343996891932,0.3726746713386512,0.7114343996891932,33.7,0.7748527577596955,0.3529468796931968,0.7748527577596955,64.3,0.7612919923357861,0.3574434091254385,0.7612919923357861
19.6,0.7541694791005585,0.3692248366307874,0.7541694791005585,1790.0,0.7098005901597254,0.38171203301078716,0.7098005901597254,63.0,0.7871460906597074,0.3440221712549742,0.7871460906597074,-0.8,0.794268603894935,0.33924571061814474,0.794268603894935,5.03,0.7748527577596955,0.3529468796931963,0.7748527577596955,31.0,0.7231445611118534,0.37047158069059694,0.7231445611118534,23.5,0.7819752709949233,0.34842395088291755,0.7819752709949233,62.7,0.7664628120005704,0.35334168842169555,0.7664628120005704
62.0,0.7593402987653429,0.3652874988051931,0.7593402987653429,1569.0,0.7098005901597254,0.38171203301078716,0.7098005901597254,20.0,0.7923169103244917,0.33953229068782936,0.7923169103244917,-11.7,0.7890977842301509,0.34375952829162737,0.7890977842301509,12.95,0.7748527577596955,0.3529468796931963,0.7748527577596955,29.0,0.7283153807766374,0.3669160697443582,0.7283153807766374,30.2,0.7871460906597074,0.3440221712549732,0.7871460906597074,68.2,0.7748527577596955,0.34902491562065335,0.7748527577596955
19.2,0.7593402987653429,0.3652874988051931,0.7593402987653429,1323.0,0.7046297704949411,0.38493407861964896,0.7046297704949411,32.0,0.7871460906597074,0.3440221712549742,0.7871460906597074,9.4,0.794268603894935,0.33924571061814474,0.794268603894935,3.64,0.7748527577596955,0.3529468796931963,0.7748527577596955,19.0,0.7283153807766374,0.3669160697443582,0.7283153807766374,20.0,0.7923169103244917,0.33953229068782886,0.7923169103244917,64.7,0.7832427035188206,0.3445309012942729,0.7832427035188206
40.0,0.7541694791005585,0.3692248366307884,0.7541694791005585,792.0,0.6962398247358161,0.3877049085987386,0.6962398247358161,34.0,0.7871460906597074,0.3440221712549742,0.7871460906597074,-2.3,0.7890977842301509,0.34375952829162687,0.7890977842301509,4.41,0.776804451330139,0.35273762957165883,0.776804451330139,5.0,0.7231445611118534,0.37047158069059694,0.7231445611118534,20.4,0.7871460906597074,0.3440221712549742,0.7871460906597074,55.3,0.7884135231836048,0.3400888949398052,0.7884135231836048
42.0,0.7489986594357746,0.37307407351718036,0.7489986594357746,773.0,0.6962398247358162,0.3877049085987391,0.6962398247358162,54.0,0.7819752709949231,0.3484239508829175,0.7819752709949231,-1.6,0.7890977842301509,0.34375952829162687,0.7890977842301509,8.29,0.776804451330139,0.35273762957165883,0.776804451330139,19.0,0.7179737414470692,0.3739389906976339,0.7179737414470692,28.2,0.7871460906597074,0.3440221712549742,0.7871460906597074,58.4,0.793584342848389,0.3355587876461339,0.793584342848389
56.5,0.7489986594357746,0.37307407351718036,0.7489986594357746,1856.0,0.6962398247358162,0.3877049085987391,0.6962398247358162,39.0,0.7819752709949231,0.3484239508829175,0.7819752709949231,3.1,0.7890977842301509,0.34375952829162687,0.7890977842301509,10.45,0.776804451330139,0.35273762957165883,0.776804451330139,26.0,0.7128029217822849,0.3773182997654685,0.7128029217822849,26.7,0.7871460906597074,0.3440221712549742,0.7871460906597074,69.0,0.793584342848389,0.3355587876461339,0.793584342848389
39.2,0.756121172671002,0.36911133493460163,0.756121172671002,2329.0,0.7014106444006005,0.384608955345637,0.7014106444006005,34.0,0.7748527577596955,0.3529468796931963,0.7748527577596955,4.7,0.7890977842301509,0.34375952829162687,0.7890977842301509,8.09,0.776804451330139,0.35273762957165883,0.776804451330139,30.0,0.7128029217822849,0.3773182997654685,0.7128029217822849,25.9,0.7871460906597074,0.3440221712549742,0.7871460906597074,73.7,0.7884135231836048,0.3400888949398052,0.7884135231836048
42.4,0.756121172671002,0.36911133493460163,0.756121172671002,1572.0,0.6942881311653729,0.3875996856747906,0.6942881311653729,48.0,0.7748527577596955,0.3529468796931968,0.7748527577596955,-4.7,0.7890977842301509,0.34375952829162687,0.7890977842301509,9.92,0.776804451330139,0.35273762957165883,0.776804451330139,38.0,0.7010927603596248,0.37920264052134034,0.7010927603596248,28.2,0.7923169103244917,0.33953229068782936,0.7923169103244917,71.0,0.7903652167540481,0.3398133521283833,0.7903652167540481
57.3,0.7561211726710019,0.3691113349346016,0.7561211726710019,1988.0,0.6962398247358162,0.3877049085987391,0.6962398247358162,46.0,0.7748527577596955,0.3529468796931968,0.7748527577596955,-3.9,0.7890977842301509,0.34375952829162687,0.7890977842301509,17.37,0.776804451330139,0.35273762957165883,0.776804451330139,48.0,0.6889673021694818,0.38063821331956893,0.6889673021694818,32.2,0.7903652167540484,0.33981335212838343,0.7903652167540484,69.0,0.7903652167540481,0.3398133521283833,0.7903652167540481
18.8,0.7509503530062179,0.37298450892733287,0.7509503530062179,1512.0,0.6962398247358162,0.3877049085987391,0.6962398247358162,37.0,0.7819752709949231,0.3484239508829175,0.7819752709949231,3.1,0.7890977842301509,0.34375952829162687,0.7890977842301509,3.63,0.7819752709949231,0.3484239508829175,0.7819752709949231,51.0,0.6764682240252522,0.3816221036390518,0.6764682240252522,24.7,0.7955360364188324,0.3352593077283743,0.7955360364188324,62.7,0.7903652167540481,0.3398133521283833,0.7903652167540481
53.7,0.7438278397709903,0.37683520946436966,0.7438278397709903,1457.0,0.6962398247358161,0.3877049085987391,0.6962398247358161,23.0,0.7871460906597074,0.3440221712549742,0.7871460906597074,4.7,0.7890977842301506,0.34375952829162676,0.7890977842301506,11.81,0.7819752709949231,0.3484239508829175,0.7819752709949231,50.0,0.6764682240252522,0.38162210363905263,0.6764682240252522,29.8,0.7955360364188324,0.3352593077283743,0.7955360364188324,69.0,0.7903652167540481,0.3398133521283833,0.7903652167540481
31.0,0.7438278397709903,0.37683520946436966,0.7438278397709903,852.0,0.6940299379970344,0.3871604696415439,0.6940299379970344,49.0,0.7871460906597074,0.3440221712549742,0.7871460906597074,3.9,0.7890977842301509,0.34375952829162687,0.7890977842301509,5.82,0.7819752709949231,0.3484239508829175,0.7819752709949231,47.0,0.6835907372604799,0.3788501834873507,0.6835907372604799,24.7,0.7955360364188324,0.3352593077283743,0.7955360364188324,54.9,0.7832427035188205,0.3445309012942734,0.7832427035188205
61.2,0.7438278397709903,0.37683520946436966,0.7438278397709903,1554.0,0.7033623379710439,0.38468472253411456,0.7033623379710439,19.0,0.7871460906597074,0.34402217125497525,0.7871460906597074,-4.7,0.794268603894935,0.33924571061814474,0.794268603894935,13.84,0.7871460906597074,0.34402217125497525,0.7871460906597074,45.0,0.6855424308309233,0.37896260057640785,0.6855424308309233,31.0,0.7955360364188324,0.3352593077283743,0.7955360364188324,68.2,0.7832427035188205,0.34453090129427283,0.7832427035188205
18.0,0.7438278397709903,0.37683520946437016,0.7438278397709903,1470.0,0.7085331576358281,0.381476731235473,0.7085331576358281,26.0,0.7871460906597074,0.34402217125497525,0.7871460906597074,12.5,0.794268603894935,0.33924571061814474,0.794268603894935,4.11,0.7923169103244917,0.33953229068782886,0.7923169103244917,40.0,0.6784199175956956,0.38176397646357885,0.6784199175956956,21.2,0.7974877299892758,0.33495430918148195,0.7974877299892758,64.3,0.7832427035188205,0.34453090129427283,0.7832427035188205
28.6,0.7438278397709903,0.37683520946436966,0.7438278397709903,1351.0,0.7085331576358281,0.381476731235473,0.7085331576358281,20.0,0.7871460906597074,0.34402217125497525,0.7871460906597074,0.0,0.7994394235597191,0.334643792005459,0.7994394235597191,5.56,0.7923169103244917,0.33953229068782936,0.7923169103244917,36.0,0.6752007915013549,0.3813323901808802,0.6752007915013549,23.5,0.7923169103244917,0.3395322906878299,0.7923169103244917,71.4,0.7832427035188205,0.34453090129427283,0.7832427035188205
38.8,0.7489986594357746,0.37307407351717886,0.7489986594357746,871.0,0.7085331576358281,0.381476731235473,0.7085331576358281,30.0,0.7871460906597074,0.34402217125497525,0.7871460906597074,10.2,0.8046102432245033,0.3299537724535712,0.8046102432245033,4.26,0.7923169103244917,0.33953229068782936,0.7923169103244917,7.0,0.6783674696715748,0.38261813416156915,0.6783674696715748,19.6,0.7923169103244916,0.3395322906878293,0.7923169103244916,65.1,0.7780718838540363,0.34888480670953953,0.7780718838540363
56.9,0.7489986594357746,0.37307407351717886,0.7489986594357746,1094.0,0.7014106444006005,0.3846089553456374,0.7014106444006005,59.0,0.7871460906597074,0.34402217125497525,0.7871460906597074,3.9,0.8046102432245034,0.32995377245357127,0.8046102432245034,9.14,0.7871460906597074,0.3440221712549742,0.7871460906597074,12.0,0.6833704146264903,0.3842987784931852,0.6833704146264903,27.5,0.7923169103244917,0.33953229068782936,0.7923169103244917,52.5,0.7780718838540363,0.34888480670953953,0.7780718838540363
74.1,0.7470469658653313,0.3731581194778952,0.7470469658653313,2530.0,0.7065814640653847,0.38142490115333316,0.7065814640653847,65.0,0.7871460906597074,0.3440221712549742,0.7871460906597074,3.1,0.8097810628892876,0.3251756519624815,0.8097810628892876,28.53,0.7890977842301509,0.34375952829162687,0.7890977842301509,24.0,0.689909756384366,0.38589948582052747,0.689909756384366,34.5,0.7974877299892758,0.33495430918148195,0.7974877299892758,69.0,0.7729010641892521,0.3531506111856042,0.7729010641892521
80.0,0.7386570201062062,0.3767694873139475,0.7386570201062062,2266.0,0.7137039773006123,0.3781806389976288,0.7137039773006123,20.0,0.7923169103244917,0.33953229068782936,0.7923169103244917,0.8,0.8097810628892876,0.3251756519624815,0.8097810628892876,26.94,0.7819752709949231,0.3484239508829175,0.7819752709949231,34.0,0.6959816315674777,0.3872652278155792,0.6959816315674777,35.3,0.7923169103244917,0.33953229068782936,0.7923169103244917,67.8,0.7729010641892522,0.35315061118560426,0.7729010641892522
78.0,0.7334862004414219,0.3803805937990388,0.7334862004414219,1716.0,0.7188747969653966,0.37479644582058225,0.7188747969653966,66.0,0.7974877299892758,0.33495430918148245,0.7974877299892758,-2.3,0.8097810628892875,0.3251756519624815,0.8097810628892875,20.54,0.7819752709949231,0.3484239508829175,0.7819752709949231,42.0,0.6899097563843661,0.38589948582052847,0.6899097563843661,33.3,0.7923169103244916,0.3395322906878293,0.7923169103244916,67.5,0.7729010641892522,0.35315061118560426,0.7729010641892522
72.9,0.7334862004414219,0.3803805937990388,0.7334862004414219,1615.0,0.7220939230597374,0.3749990549826944,0.7220939230597374,62.0,0.7974877299892758,0.33495430918148145,0.7974877299892758,2.3,0.8097810628892875,0.3251756519624815,0.8097810628892875,16.83,0.7871460906597074,0.3440221712549742,0.7871460906597074,50.0,0.678199594961706,0.38716854304056775,0.678199594961706,32.2,0.7923169103244917,0.33953229068782936,0.7923169103244917,66.7,0.7780718838540363,0.34888480670953953,0.7780718838540363
63.5,0.7334862004414219,0.3803805937990388,0.7334862004414219,1815.0,0.7292164362949649,0.37145472972165905,0.7292164362949649,50.0,0.7974877299892758,0.33495430918148245,0.7974877299892758,0.0,0.8097810628892875,0.3251756519624815,0.8097810628892875,16.37,0.785194397089264,0.3442792955891904,0.785194397089264,57.0,0.6660741367715629,0.387974688656028,0.6660741367715629,31.8,0.7871460906597074,0.3440221712549742,0.7871460906597074,68.2,0.7780718838540363,0.34888480670953953,0.7780718838540363
63.5,0.7315345068709785,0.38040270705572404,0.7315345068709785,1879.0,0.7363389495301925,0.3677689106796129,0.7363389495301925,57.0,0.8026585496540599,0.3302882267359325,0.8026585496540599,-1.6,0.8149518825540718,0.32030943053218974,0.8149518825540718,18.53,0.785194397089264,0.3442792955891904,0.785194397089264,55.0,0.6609033171067789,0.39059305916347103,0.6609033171067789,32.5,0.7871460906597073,0.3440221712549742,0.7871460906597073,68.6,0.7780718838540365,0.34888480670953964,0.7780718838540365
64.7,0.7367053265357628,0.376815537676971,0.7367053265357628,1941.0,0.7363389495301924,0.36776891067961287,0.7363389495301924,19.0,0.80265854965406,0.33028822673593256,0.80265854965406,-2.3,0.8097810628892875,0.3251756519624815,0.8097810628892875,19.25,0.7903652167540481,0.3398133521283833,0.7903652167540481,59.0,0.6660741367715629,0.387974688656028,0.6660741367715629,32.9,0.7871460906597073,0.3440221712549742,0.7871460906597073,68.2,0.7780718838540365,0.34888480670953964,0.7780718838540365
35.3,0.7438278397709905,0.37307027988965413,0.7438278397709905,1498.0,0.7363389495301924,0.36776891067961287,0.7363389495301924,34.0,0.8046102432245033,0.3299537724535712,0.8046102432245033,7.0,0.8097810628892875,0.3251756519624815,0.8097810628892875,8.82,0.7955360364188324,0.3352593077283743,0.7955360364188324,57.0,0.6712449564363472,0.38526821720938315,0.6712449564363472,27.5,0.7890977842301506,0.34375952829162676,0.7890977842301506,69.8,0.7780718838540363,0.34888480670953953,0.7780718838540363
45.9,0.7438278397709905,0.37307027988965413,0.7438278397709905,1544.0,0.7363389495301924,0.36776891067961287,0.7363389495301924,40.0,0.8046102432245033,0.3299537724535712,0.8046102432245033,7.8,0.8097810628892875,0.3251756519624815,0.8097810628892875,10.56,0.7955360364188324,0.3352593077283743,0.7955360364188324,57.0,0.6764157761011315,0.38247364482353624,0.6764157761011315,29.0,0.7890977842301509,0.34375952829162687,0.7890977842301509,70.2,0.7780718838540363,0.34888480670953953,0.7780718838540363
46.3,0.7438278397709903,0.373070279889654,0.7438278397709903,1604.0,0.7415097691949767,0.36403454905572497,0.7415097691949767,42.0,0.7994394235597191,0.334643792005459,0.7994394235597191,6.2,0.8097810628892875,0.3251756519624815,0.8097810628892875,10.86,0.7955360364188324,0.3352593077283743,0.7955360364188324,55.0,0.6833704146264903,0.3842987784931852,0.6833704146264903,29.4,0.794268603894935,0.33924571061814474,0.794268603894935,71.0,0.7780718838540363,0.34888480670953953,0.7780718838540363
33.3,0.7438278397709905,0.37307027988965313,0.7438278397709905,1486.0,0.7415097691949767,0.36403454905572497,0.7415097691949767,21.0,0.7994394235597191,0.334643792005459,0.7994394235597191,7.8,0.8097810628892875,0.3251756519624815,0.8097810628892875,4.5,0.7955360364188324,0.3352593077283743,0.7955360364188324,52.0,0.6784577881300445,0.3833235816841899,0.6784577881300445,20.4,0.7994394235597191,0.334643792005459,0.7994394235597191,69.4,0.7780718838540365,0.34888480670953964,0.7780718838540365
18.0,0.7386570201062062,0.3767694873139475,0.7386570201062062,1447.0,0.7343872559597491,0.3678324061433109,0.7343872559597491,20.0,0.8046102432245033,0.3299537724535712,0.8046102432245033,14.8,0.8046102432245033,0.3299537724535712,0.8046102432245033,3.99,0.8007068560836166,0.33061716238916317,0.8007068560836166,53.0,0.6700678423709193,0.3856610731782674,0.6700678423709193,21.2,0.794268603894935,0.33924571061814474,0.794268603894935,63.5,0.7729010641892522,0.35315061118560426,0.7729010641892522
19.6,0.7438278397709905,0.37307027988965313,0.7438278397709905,1231.0,0.7259973102006241,0.3712986518383262,0.7259973102006241,30.0,0.8097810628892875,0.3251756519624815,0.8097810628892875,8.6,0.8046102432245033,0.3299537724535712,0.8046102432245033,3.68,0.8007068560836166,0.33061716238916317,0.8007068560836166,30.0,0.6648970227061352,0.3883492714739645,0.6648970227061352,20.0,0.794268603894935,0.33924571061814474,0.794268603894935,59.2,0.7780718838540365,0.34888480670953964,0.7780718838540365
36.1,0.7386570201062062,0.3767694873139475,0.7386570201062062,786.0,0.7208264905358399,0.3747948830609132,0.7208264905358399,20.0,0.8149518825540718,0.32030943053218974,0.8149518825540718,0.0,0.8046102432245033,0.3299537724535712,0.8046102432245033,4.23,0.8026585496540599,0.3302882267359325,0.8026585496540599,26.0,0.6597262030413511,0.3909493688304591,0.6597262030413511,20.4,0.7994394235597191,0.334643792005459,0.7994394235597191,56.1,0.785194397089264,0.3442792955891904,0.785194397089264
18.4,0.7386570201062062,0.3767694873139475,0.7386570201062062,1239.0,0.7208264905358399,0.3747948830609132,0.7208264905358399,21.0,0.8149518825540718,0.32030943053218974,0.8149518825540718,9.4,0.8046102432245031,0.3299537724535712,0.8046102432245031,3.39,0.8026585496540599,0.3302882267359325,0.8026585496540599,20.0,0.6643138512287835,0.39260749360020913,0.6643138512287835,20.0,0.7994394235597191,0.334643792005459,0.7994394235597191,61.6,0.785194397089264,0.3442792955891904,0.785194397089264
45.5,0.7386570201062062,0.3767694873139475,0.7386570201062062,819.0,0.7315345068709785,0.37208429495890205,0.7315345068709785,37.0,0.8149518825540718,0.32030943053218974,0.8149518825540718,3.1,0.7994394235597191,0.334643792005459,0.7994394235597191,4.77,0.8078293693188441,0.3255340433511821,0.8078293693188441,8.0,0.6648485297415407,0.39284349534780566,0.6648485297415407,21.6,0.799439423559719,0.33464379200545896,0.799439423559719,44.3,0.785194397089264,0.3442792955891904,0.785194397089264
58.0,0.7386570201062062,0.3767694873139475,0.7386570201062062,1742.0,0.7416179530322082,0.3689413529273233,0.7416179530322082,43.0,0.8097810628892875,0.3251756519624815,0.8097810628892875,0.0,0.7994394235597191,0.334643792005459,0.7994394235597191,16.37,0.8130001889836284,0.3206917590272292,0.8130001889836284,16.0,0.6555161297675313,0.3944884163660412,0.6555161297675313,32.5,0.7994394235597191,0.334643792005459,0.7994394235597191,69.0,0.785194397089264,0.3442792955891904,0.785194397089264
74.5,0.7386570201062062,0.3767694873139475,0.7386570201062062,1622.0,0.7509503530062178,0.36538254771532147,0.7509503530062178,63.0,0.8097810628892875,0.3251756519624815,0.8097810628892875,1.6,0.7942686038949351,0.33924571061814374,0.7942686038949351,18.83,0.8078293693188441,0.3255340433511821,0.8078293693188441,30.0,0.6503453101027471,0.396916950487569,0.6503453101027471,32.9,0.7923169103244916,0.3395322906878293,0.7923169103244916,66.3,0.785194397089264,0.3442792955891904,0.785194397089264
23.1,0.7386570201062062,0.3767694873139475,0.7386570201062062,2284.0,0.7593402987653428,0.3614440519815625,0.7593402987653428,68.0,0.8046102432245033,0.3299537724535712,0.8046102432245033,6.2,0.7994394235597191,0.334643792005459,0.7994394235597191,6.62,0.8026585496540599,0.3302882267359325,0.8026585496540599,35.0,0.6503453101027471,0.396916950487569,0.6503453101027471,24.3,0.7871460906597073,0.3440221712549742,0.7871460906597073,60.0,0.7903652167540481,0.3398133521283833,0.7903652167540481
87.5,0.7438278397709903,0.373070279889654,0.7438278397709903,1861.0,0.7593402987653428,0.3614440519815625,0.7593402987653428,71.0,0.7974877299892758,0.33495430918148195,0.7974877299892758,0.0,0.7994394235597191,0.334643792005459,0.7994394235597191,24.8,0.8097810628892876,0.3251756519624815,0.8097810628892876,45.0,0.6391026152548512,0.3973644885826677,0.6391026152548512,35.3,0.7871460906597073,0.3440221712549742,0.7871460906597073,65.5,0.7832427035188206,0.3445309012942729,0.7832427035188206
23.5,0.7509503530062177,0.3691835283213276,0.7509503530062177,2013.0,0.7664628120005705,0.3572211862766142,0.7664628120005705,54.0,0.7903652167540484,0.33981335212838343,0.7903652167540484,-0.8,0.7994394235597191,0.334643792005459,0.7994394235597191,5.48,0.8149518825540718,0.32030943053218974,0.8149518825540718,46.0,0.6325632734969753,0.3952027488569917,0.6325632734969753,23.1,0.7871460906597074,0.3440221712549742,0.7871460906597074,56.9,0.7800235774244798,0.34470900162194573,0.7800235774244798
64.3,0.756121172671002,0.36528418191229284,0.756121172671002,1570.0,0.7748527577596955,0.3529468796931963,0.7748527577596955,52.0,0.7903652167540484,0.33981335212838343,0.7903652167540484,-5.5,0.8046102432245033,0.3299537724535712,0.8046102432245033,14.61,0.8149518825540718,0.32030943053218974,0.8149518825540718,48.0,0.6297702152808418,0.39388677749372,0.6297702152808418,31.4,0.7923169103244916,0.33953229068782886,0.7923169103244916,67.8,0.785194397089264,0.3403049866840366,0.785194397089264
65.1,0.7561211726710019,0.3652841819122918,0.7561211726710019,1542.0,0.7748527577596955,0.3529468796931963,0.7748527577596955,53.0,0.7903652167540484,0.33981335212838343,0.7903652167540484,0.8,0.8046102432245033,0.3299537724535712,0.8046102432245033,14.81,0.8149518825540718,0.32030943053218974,0.8149518825540718,47.0,0.6278185217103984,0.3935537131643903,0.6278185217103984,31.4,0.7923169103244917,0.33953229068782936,0.7923169103244917,67.8,0.785194397089264,0.3403049866840366,0.785194397089264
44.3,0.7561211726710019,0.3652841819122918,0.7561211726710019,1872.0,0.7748527577596955,0.3529468796931963,0.7748527577596955,29.0,0.7851943970892641,0.34427929558919046,0.7851943970892641,4.7,0.8046102432245033,0.3299537724535712,0.8046102432245033,10.57,0.8149518825540718,0.32030943053218974,0.8149518825540718,58.0,0.6278185217103985,0.39355371316439036,0.6278185217103985,28.2,0.7923169103244917,0.33953229068782886,0.7923169103244917,70.2,0.7884135231836048,0.34008889493980415,0.7884135231836048
36.1,0.756121172671002,0.36528418191229184,0.756121172671002,1938.0,0.7696819380949114,0.3571485203363973,0.7696819380949114,44.0,0.7800235774244799,0.3486571381107939,0.7800235774244799,7.0,0.8046102432245033,0.3299537724535712,0.8046102432245033,11.31,0.8149518825540718,0.32030943053218974,0.8149518825540718,59.0,0.6278185217103985,0.39355371316439036,0.6278185217103985,29.4,0.7923169103244917,0.33953229068782936,0.7923169103244917,72.9,0.7884135231836048,0.3400888949398052,0.7884135231836048
54.1,0.7561211726710019,0.3652841819122918,0.7561211726710019,1973.0,0.7645111184301271,0.36126206004039624,0.7645111184301271,47.0,0.7748527577596955,0.3529468796931963,0.7748527577596955,0.6281970010971596,0.8097810628892875,0.3251756519624815,0.8097810628892875,16.03,0.8149518825540718,0.32030943053218974,0.8149518825540718,58.0,0.6329893413751826,0.3914026205487404,0.6329893413751826,31.8,0.7871460906597074,0.3440221712549742,0.7871460906597074,69.8,0.7884135231836048,0.3400888949398052,0.7884135231836048
46.3,0.7561211726710019,0.3652841819122918,0.7561211726710019,1869.0,0.7645111184301271,0.36126206004039624,0.7645111184301271,28.0,0.7748527577596955,0.3529468796931968,0.7748527577596955,3.1,0.8046102432245033,0.3299537724535712,0.8046102432245033,6.29,0.8149518825540718,0.32030943053219024,0.8149518825540718,54.0,0.6329893413751826,0.3914026205487404,0.6329893413751826,23.1,0.7890977842301509,0.34375952829162687,0.7890977842301509,70.2,0.7884135231836048,0.34008889493980415,0.7884135231836048
41.6,0.7645111184301269,0.36126206004039607,0.7645111184301269,1440.0,0.7645111184301269,0.36126206004039607,0.7645111184301269,34.0,0.7748527577596955,0.3529468796931968,0.7748527577596955,4.7,0.7994394235597191,0.334643792005459,0.7994394235597191,8.53,0.8149518825540718,0.32030943053219024,0.8149518825540718,52.0,0.6367248538062006,0.39305023397894157,0.6367248538062006,27.1,0.7819752709949231,0.3484239508829175,0.7819752709949231,70.6,0.7955360364188324,0.3352593077283743,0.7955360364188324
17.6,0.7716336316653546,0.356963207321198,0.7716336316653546,1369.0,0.7612919923357861,0.361296734564054,0.7612919923357861,21.0,0.7696819380949114,0.3571485203363973,0.7696819380949114,13.3,0.794268603894935,0.33924571061814474,0.794268603894935,3.57,0.8149518825540718,0.32030943053218974,0.8149518825540718,47.0,0.6254821589583047,0.39326349583890025,0.6254821589583047,20.4,0.7748527577596954,0.3529468796931978,0.7748527577596954,62.4,0.8026585496540599,0.33028822673593305,0.8026585496540599
21.2,0.7696819380949113,0.35714852033639727,0.7696819380949113,1153.0,0.7541694791005585,0.36540756222346243,0.7541694791005585,21.0,0.767730244524468,0.3573283147224659,0.767730244524468,0.0,0.7890977842301506,0.3437595282916273,0.7890977842301506,3.59,0.8097810628892875,0.3251756519624815,0.8097810628892875,39.0,0.6137719975356447,0.392977199541748,0.6137719975356447,19.6,0.7748527577596954,0.3529468796931983,0.7748527577596954,57.3,0.7974877299892758,0.33495430918148195,0.7974877299892758
35.3,0.7748527577596955,0.3529468796931968,0.7748527577596955,836.0,0.7457795333414334,0.3692199656014593,0.7457795333414334,19.0,0.7729010641892522,0.3531506111856032,0.7729010641892522,4.7,0.7890977842301506,0.3437595282916273,0.7890977842301506,3.99,0.8046102432245033,0.3299537724535712,0.8046102432245033,33.0,0.6100364851046267,0.39121992578115455,0.6100364851046267,18.8,0.7748527577596955,0.3529468796931974,0.7748527577596955,58.0,0.7974877299892758,0.33495430918148195,0.7974877299892758
12.9,0.7677302445244679,0.35732831472246585,0.7677302445244679,1515.0,0.7406087136766494,0.37296928254839623,0.7406087136766494,29.0,0.767730244524468,0.3573283147224659,0.767730244524468,7.8,0.7890977842301506,0.3437595282916273,0.7890977842301506,3.98,0.8046102432245034,0.32995377245357127,0.8046102432245034,18.0,0.6100364851046267,0.39121992578115455,0.6100364851046267,21.6,0.7800235774244798,0.34865713811079335,0.7800235774244798,49.0,0.7942686038949348,0.3352254720667159,0.7942686038949348
100.0,0.7625594248596839,0.361417917320127,0.7625594248596839,976.0,0.7406087136766494,0.37296928254839623,0.7406087136766494,66.0,0.767730244524468,0.3573283147224659,0.767730244524468,7.0,0.7942686038949349,0.33924571061814474,0.7942686038949349,12.49,0.8046102432245033,0.3299537724535712,0.8046102432245033,28.0,0.6100364851046267,0.39121992578115455,0.6100364851046267,31.0,0.7800235774244798,0.34865713811079335,0.7800235774244798,63.9,0.7942686038949348,0.3352254720667159,0.7942686038949348
80.8,0.7696819380949113,0.35714852033639727,0.7696819380949113,1536.0,0.7354378940118652,0.3766304985561297,0.7354378940118652,67.0,0.7677302445244679,0.35732831472246585,0.7677302445244679,0.0,0.794268603894935,0.33924571061814474,0.794268603894935,18.47,0.7994394235597191,0.334643792005459,0.7994394235597191,40.0,0.6169911236299854,0.39377736089315174,0.6169911236299854,32.9,0.7729010641892521,0.3531506111856042,0.7729010641892521,64.3,0.7974877299892756,0.3349543091814819,0.7974877299892756
67.5,0.7748527577596954,0.3529468796931973,0.7748527577596954,2084.0,0.7354378940118652,0.37663049855613057,0.7354378940118652,36.0,0.7729010641892522,0.3531506111856032,0.7729010641892522,3.1,0.794268603894935,0.33924571061814474,0.794268603894935,16.86,0.794268603894935,0.33924571061814474,0.794268603894935,44.0,0.6118203039652013,0.39568935715293596,0.6118203039652013,29.0,0.7657785509540246,0.3575025904794028,0.7657785509540246,68.2,0.7903652167540484,0.33981335212838343,0.7903652167540484
31.4,0.7800235774244798,0.3486571381107944,0.7800235774244798,1506.438032627222,0.7354378940118652,0.37663049855613057,0.7354378940118652,33.0,0.7729010641892522,0.35315061118560426,0.7729010641892522,-2.3,0.7994394235597191,0.334643792005459,0.7994394235597191,5.72,0.794268603894935,0.33924571061814474,0.794268603894935,49.0,0.5996948457750583,0.39480543303844867,0.5996948457750583,23.5,0.7657785509540246,0.3575025904794028,0.7657785509540246,68.6,0.785194397089264,0.3442792955891904,0.785194397089264
35.7,0.7729010641892521,0.3531506111856042,0.7729010641892521,1396.0,0.7302670743470808,0.3802036136246618,0.7302670743470808,20.0,0.7729010641892523,0.35315061118560326,0.7729010641892523,-3.9,0.7994394235597191,0.334643792005459,0.7994394235597191,7.38,0.7942686038949349,0.33924571061814474,0.7942686038949349,53.0,0.5871957676308288,0.39342493465990197,0.5871957676308288,25.9,0.7606077312892403,0.36156825597072506,0.7606077312892403,70.2,0.7780718838540365,0.34888480670953964,0.7780718838540365
18.4,0.7780718838540365,0.34888480670953964,0.7780718838540365,1443.0,0.7373895875823085,0.37658746942619614,0.7373895875823085,21.0,0.7729010641892522,0.3531506111856032,0.7729010641892522,14.8,0.7994394235597191,0.334643792005459,0.7994394235597191,3.74,0.794268603894935,0.33924571061814474,0.794268603894935,51.0,0.583976641536488,0.3924615632284329,0.583976641536488,21.2,0.7657785509540246,0.3575025904794028,0.7657785509540246,64.3,0.7729010641892522,0.35315061118560426,0.7729010641892522
18.0,0.7780718838540363,0.34888480670953953,0.7780718838540363,1364.0,0.7425604072470929,0.37290231631212356,0.7425604072470929,20.0,0.7729010641892522,0.3531506111856032,0.7729010641892522,15.6,0.7923169103244917,0.33953229068782936,0.7923169103244917,3.75,0.7871460906597073,0.3440221712549752,0.7871460906597073,47.0,0.583976641536488,0.3924615632284325,0.583976641536488,20.8,0.7657785509540247,0.3575025904794018,0.7657785509540247,61.6,0.7657785509540246,0.3575025904794033,0.7657785509540246
20.8,0.7729010641892522,0.35315061118560426,0.7729010641892522,1071.0,0.7354378940118652,0.37663049855613007,0.7354378940118652,21.0,0.767730244524468,0.3573283147224659,0.767730244524468,2.3,0.7871460906597073,0.3440221712549752,0.7871460906597073,3.53,0.7819752709949231,0.3484239508829175,0.7819752709949231,38.0,0.583976641536488,0.3924615632284325,0.583976641536488,18.8,0.758656037718797,0.3617130759921915,0.758656037718797,57.3,0.7606077312892403,0.36156825597072506,0.7606077312892403
23.1,0.7800235774244798,0.3486571381107944,0.7800235774244798,886.0,0.7312763137026399,0.3762561352016018,0.7312763137026399,32.0,0.7625594248596839,0.361417917320126,0.7625594248596839,10.9,0.7871460906597074,0.3440221712549742,0.7871460906597074,3.7,0.7735853252357979,0.35285682679065644,0.7735853252357979,20.0,0.571851183346345,0.39094769323206385,0.571851183346345,19.6,0.758656037718797,0.3617130759921915,0.758656037718797,67.5,0.7606077312892403,0.36156825597072506,0.7606077312892403
42.0,0.7748527577596955,0.3529468796931979,0.7748527577596955,787.0,0.7271147333934146,0.3758617758777346,0.7271147333934146,59.0,0.755436911624456,0.3655458205228453,0.755436911624456,1.6,0.7871460906597073,0.3440221712549752,0.7871460906597073,4.57,0.7684145055710139,0.3570444131236367,0.7684145055710139,3.0,0.5645229248668997,0.387712279922303,0.5645229248668997,21.2,0.7534852180540127,0.3656667034379744,0.7534852180540127,54.9,0.7606077312892403,0.36156825597072506,0.7606077312892403
61.6,0.7677302445244679,0.35732831472246585,0.7677302445244679,1735.0,0.7293246201321966,0.37628307319405246,0.7293246201321966,51.0,0.7502660919596718,0.36943528413576293,0.7502660919596718,-7.8,0.7819752709949231,0.3484239508829175,0.7819752709949231,15.69,0.776804451330139,0.35273762957165883,0.776804451330139,42.0,0.5716454381021272,0.38692592476775395,0.5716454381021272,31.8,0.7534852180540127,0.3656667034379744,0.7534852180540127,68.6,0.7554369116244561,0.3655458205228453,0.7554369116244561
58.4,0.7625594248596836,0.36141791732012696,0.7625594248596836,2151.0,0.7334862004414218,0.3766680090569324,0.7334862004414218,20.0,0.7554369116244561,0.3655458205228453,0.7554369116244561,3.9,0.7819752709949231,0.3484239508829175,0.7819752709949231,18.89,0.776804451330139,0.35273762957165883,0.776804451330139,44.0,0.5716454381021272,0.38692592476775395,0.5716454381021272,32.5,0.7534852180540127,0.3656667034379744,0.7534852180540127,69.8,0.7483143983892284,0.3695322299445533,0.7483143983892284
29.0,0.7625594248596836,0.36141791732012696,0.7625594248596836,861.0,0.7354378940118652,0.37663049855613007,0.7354378940118652,24.0,0.7606077312892404,0.3615682559707241,0.7606077312892404,-7.8,0.7748527577596955,0.3529468796931968,0.7748527577596955,3.51,0.776804451330139,0.35273762957165883,0.776804451330139,34.0,0.5716454381021272,0.38692592476775395,0.5716454381021272,19.2,0.7534852180540127,0.3656667034379744,0.7534852180540127,59.6,0.7483143983892284,0.3695322299445528,0.7483143983892284
82.0,0.7677302445244679,0.35732831472246585,0.7677302445244679,1746.0,0.7354378940118652,0.37663049855613007,0.7354378940118652,67.0,0.7606077312892403,0.36156825597072506,0.7606077312892403,-3.1,0.7748527577596955,0.3529468796931968,0.7748527577596955,21.49,0.7819752709949231,0.3484239508829175,0.7819752709949231,41.0,0.5716454381021273,0.38692592476775406,0.5716454381021273,34.1,0.7534852180540127,0.3656667034379744,0.7534852180540127,65.9,0.7483143983892284,0.3695322299445533,0.7483143983892284
19.6,0.7729010641892522,0.35315061118560426,0.7729010641892522,2045.0,0.7354378940118652,0.37663049855613007,0.7354378940118652,58.0,0.7606077312892404,0.3615682559707251,0.7606077312892404,-1.6,0.7800235774244798,0.34865713811079385,0.7800235774244798,6.04,0.7819752709949231,0.3484239508829175,0.7819752709949231,48.0,0.5841445162463568,0.38857348647236023,0.5841445162463568,23.5,0.7534852180540127,0.3656667034379744,0.7534852180540127,61.2,0.7483143983892284,0.3695322299445533,0.7483143983892284
38.8,0.7729010641892522,0.35315061118560426,0.7729010641892522,1702.0,0.7406087136766494,0.37296928254839573,0.7406087136766494,19.0,0.7554369116244563,0.3655458205228454,0.7554369116244563,3.1,0.7800235774244798,0.3486571381107944,0.7800235774244798,5.86,0.7819752709949231,0.3484239508829175,0.7819752709949231,45.0,0.5962699744364998,0.3897209822214965,0.5962699744364998,22.4,0.758656037718797,0.3617130759921925,0.758656037718797,69.0,0.7483143983892284,0.3695322299445533,0.7483143983892284
18.0,0.7729010641892522,0.35315061118560426,0.7729010641892522,1413.0,0.7354378940118652,0.37663049855613007,0.7354378940118652,21.0,0.7502660919596718,0.36943528413576343,0.7502660919596718,0.0,0.7800235774244798,0.34865713811079385,0.7800235774244798,3.9,0.7819752709949231,0.3484239508829175,0.7819752709949231,35.0,0.6008576226239324,0.39176027481015097,0.6008576226239324,21.2,0.7638268573835811,0.35767134760720903,0.7638268573835811,61.2,0.7431435787244445,0.3733096555119308,0.7431435787244445
41.2,0.7729010641892522,0.35315061118560426,0.7729010641892522,887.0,0.7332280072730833,0.37622367858001754,0.7332280072730833,26.0,0.750266091959672,0.3694352841357631,0.750266091959672,4.7,0.7851943970892641,0.34427929558919046,0.7851943970892641,4.33,0.7819752709949231,0.3484239508829175,0.7819752709949231,26.0,0.6021250551478299,0.3922073773506908,0.6021250551478299,20.4,0.7638268573835811,0.35767134760720903,0.7638268573835811,63.5,0.7483143983892284,0.3695322299445533,0.7483143983892284
57.6,0.7677302445244679,0.35732831472246585,0.7677302445244679,1390.0,0.7373895875823085,0.37658746942619614,0.7373895875823085,20.0,0.750266091959672,0.3694352841357631,0.750266091959672,-0.8,0.7903652167540484,0.3398133521283824,0.7903652167540484,11.41,0.7819752709949231,0.3484239508829175,0.7819752709949231,17.0,0.5964089345400427,0.389545221607292,0.5964089345400427,29.8,0.7638268573835811,0.35767134760720903,0.7638268573835811,67.1,0.7554369116244561,0.3655458205228453,0.7554369116244561
77.3,0.7606077312892403,0.36156825597072506,0.7606077312892403,1273.0,0.7373895875823085,0.37658746942619614,0.7373895875823085,21.0,0.7502660919596718,0.36943528413576293,0.7502660919596718,7.0,0.7955360364188324,0.3352593077283743,0.7955360364188324,14.67,0.7819752709949231,0.3484239508829175,0.7819752709949231,17.0,0.594199047801261,0.38868928261493324,0.594199047801261,31.8,0.758656037718797,0.361713075992192,0.758656037718797,54.1,0.7502660919596718,0.36943528413576343,0.7502660919596718
78.4,0.7522177855301152,0.3655254239055005,0.7522177855301152,1600.0,0.7373895875823085,0.37658746942619614,0.7373895875823085,63.0,0.7502660919596718,0.36943528413576293,0.7502660919596718,-0.8,0.7955360364188324,0.3352593077283743,0.7955360364188324,20.16,0.776804451330139,0.35273762957165883,0.776804451330139,31.0,0.6018668619794912,0.3917833070052051,0.6018668619794912,33.7,0.7502660919596718,0.3656377669584074,0.7502660919596718,65.1,0.7502660919596718,0.36943528413576343,0.7502660919596718
20.4,0.7573886051948995,0.3615858507699398,0.7573886051948995,2121.0,0.7322187679175244,0.3801845216010678,0.7322187679175244,44.0,0.7450952722948878,0.3732366468094788,0.7450952722948878,6.2,0.7903652167540481,0.3398133521283833,0.7903652167540481,6.47,0.776804451330139,0.35273762957165883,0.776804451330139,34.0,0.6072434268884931,0.394232825718157,0.6072434268884931,23.5,0.750266091959672,0.36563776695840744,0.750266091959672,62.4,0.7502660919596718,0.36943528413576343,0.7502660919596718
51.8,0.7573886051948995,0.3615858507699398,0.7573886051948995,1760.0,0.7373895875823085,0.37658746942619614,0.7373895875823085,19.0,0.7431435787244444,0.3733096555119308,0.7431435787244444,2.3,0.7903652167540481,0.3398133521283833,0.7903652167540481,13.14,0.776804451330139,0.35273762957165883,0.776804451330139,37.0,0.607658723655976,0.39445776110942277,0.607658723655976,30.6,0.7573886051948995,0.3615858507699393,0.7573886051948995,70.2,0.7554369116244561,0.3655458205228453,0.7554369116244561
20.0,0.7573886051948995,0.3615858507699398,0.7573886051948995,1801.0,0.7425604072470927,0.37290231631212345,0.7425604072470927,33.0,0.7483143983892284,0.3695322299445528,0.7483143983892284,3.1,0.7955360364188324,0.3352593077283743,0.7955360364188324,5.12,0.7696819380949113,0.35714852033639727,0.7696819380949113,38.0,0.6048656654398424,0.39305672987940343,0.6048656654398424,23.1,0.750266091959672,0.36563776695840744,0.750266091959672,62.7,0.7502660919596718,0.36943528413576343,0.7502660919596718
36.5,0.7657785509540246,0.3575025904794028,0.7657785509540246,1934.0,0.7425604072470929,0.37290231631212356,0.7425604072470929,27.0,0.7502660919596718,0.36943528413576293,0.7502660919596718,2.3,0.7903652167540484,0.33981335212838343,0.7903652167540484,10.5,0.7748527577596955,0.3529468796931974,0.7748527577596955,41.0,0.5923665872956131,0.39184301665197246,0.5923665872956131,29.0,0.7450952722948877,0.36946530204842776,0.7450952722948877,72.9,0.7502660919596718,0.36943528413576293,0.7502660919596718
19.6,0.7677302445244679,0.35732831472246585,0.7677302445244679,1982.0,0.7425604072470929,0.37290231631212356,0.7425604072470929,19.0,0.7573886051948995,0.365419418978584,0.7573886051948995,-0.8,0.7955360364188324,0.3352593077283743,0.7955360364188324,7.73,0.7800235774244797,0.34865713811079485,0.7800235774244797,38.0,0.583976641536488,0.3924615632284329,0.583976641536488,27.8,0.7534852180540128,0.36566670343797447,0.7534852180540128,63.1,0.7431435787244444,0.3733096555119308,0.7431435787244444
17.6,0.767730244524468,0.3573283147224659,0.767730244524468,1540.0,0.7373895875823085,0.37658746942619614,0.7373895875823085,45.0,0.7573886051948995,0.365419418978585,0.7573886051948995,7.0,0.7955360364188324,0.3352593077283743,0.7955360364188324,5.16,0.7800235774244798,0.3486571381107949,0.7800235774244798,32.0,0.5964757196807173,0.3939051489551074,0.5964757196807173,23.9,0.755436911624456,0.3655458205228453,0.755436911624456,62.7,0.7431435787244444,0.3733096555119308,0.7431435787244444
75.3,0.7729010641892522,0.35315061118560426,0.7729010641892522,1688.0,0.7322187679175244,0.3801845216010678,0.7322187679175244,61.0,0.7573886051948995,0.365419418978585,0.7573886051948995,3.9,0.7955360364188323,0.33525930772837426,0.7955360364188323,18.64,0.785194397089264,0.34427929558918985,0.785194397089264,41.0,0.6086011778708604,0.3948512043849726,0.6086011778708604,32.9,0.7606077312892403,0.36156825597072506,0.7606077312892403,67.5,0.7431435787244445,0.3733096555119308,0.7431435787244445
64.3,0.7729010641892522,0.35315061118560426,0.7729010641892522,2101.0,0.7373895875823085,0.37658746942619614,0.7373895875823085,32.0,0.7573886051948995,0.365419418978585,0.7573886051948995,-13.3,0.8026585496540598,0.330288226735933,0.8026585496540598,19.32,0.785194397089264,0.3442792955891904,0.785194397089264,43.0,0.6151405196287364,0.39724215447832995,0.6151405196287364,32.5,0.767730244524468,0.3573283147224659,0.767730244524468,68.2,0.7483143983892284,0.3695322299445528,0.7483143983892284
16.9,0.7800235774244798,0.3486571381107944,0.7800235774244798,1395.0,0.7425604072470929,0.37290231631212356,0.7425604072470929,53.0,0.7522177855301152,0.36933281969784154,0.7522177855301152,10.9,0.8026585496540599,0.33028822673593305,0.8026585496540599,3.45,0.785194397089264,0.3442792955891904,0.785194397089264,39.0,0.6183596457230772,0.3980572527917023,0.6183596457230772,19.6,0.767730244524468,0.3573283147224659,0.767730244524468,66.3,0.7483143983892284,0.3695322299445528,0.7483143983892284
31.8,0.7800235774244798,0.3486571381107944,0.7800235774244798,1265.0,0.7406087136766494,0.37296928254839623,0.7406087136766494,32.0,0.7573886051948995,0.365419418978584,0.7573886051948995,4.7,0.8026585496540599,0.33028822673593305,0.8026585496540599,3.55,0.7780718838540365,0.34888480670953964,0.7780718838540365,30.0,0.6183596457230771,0.39805725279170223,0.6183596457230771,18.8,0.767730244524468,0.3573283147224659,0.767730244524468,64.3,0.7483143983892284,0.3695322299445533,0.7483143983892284
15.3,0.7819752709949233,0.34842395088291755,0.7819752709949233,1338.0,0.7406087136766494,0.37296928254839623,0.7406087136766494,31.0,0.7645111184301272,0.36126206004039624,0.7645111184301272,10.2,0.8026585496540599,0.33028822673593305,0.8026585496540599,3.46,0.7832427035188206,0.3445309012942729,0.7832427035188206,23.0,0.6112371324878495,0.39954360020610014,0.6112371324878495,20.0,0.767730244524468,0.3573283147224659,0.767730244524468,59.6,0.741191885154001,0.37337714558525115,0.741191885154001
51.0,0.776804451330139,0.35273762957165833,0.776804451330139,1787.0,0.7457795333414334,0.3692199656014593,0.7457795333414334,62.0,0.7696819380949113,0.35714852033639727,0.7696819380949113,1.6,0.8097810628892876,0.3251756519624815,0.8097810628892876,14.38,0.7903652167540481,0.3398133521283833,0.7903652167540481,32.0,0.6112371324878496,0.39954360020610025,0.6112371324878496,32.2,0.7748527577596955,0.3529468796931963,0.7748527577596955,71.0,0.741191885154001,0.37337714558525115,0.741191885154001
44.7,0.7716336316653547,0.3569632073211981,0.7716336316653547,1805.0,0.7457795333414334,0.3692199656014593,0.7457795333414334,53.0,0.7696819380949113,0.35714852033639727,0.7696819380949113,-1.6,0.8078293693188441,0.32553404335118263,0.8078293693188441,16.89,0.7903652167540481,0.3398133521283833,0.7903652167540481,37.0,0.6112371324878495,0.39954360020610014,0.6112371324878495,31.8,0.7748527577596955,0.3529468796931963,0.7748527577596955,75.7,0.7483143983892284,0.3695322299445528,0.7483143983892284
34.9,0.7716336316653547,0.3569632073211975,0.7716336316653547,1881.0,0.7457795333414334,0.3692199656014593,0.7457795333414334,18.0,0.7748527577596955,0.3529468796931963,0.7748527577596955,-7.0,0.8026585496540599,0.3302882267359325,0.8026585496540599,9.53,0.7903652167540481,0.3398133521283833,0.7903652167540481,36.0,0.6177764742457255,0.4019585211117776,0.6177764742457255,27.8,0.7748527577596955,0.3529468796931968,0.7748527577596955,71.8,0.7534852180540128,0.3656667034379735,0.7534852180540128
17.6,0.7664628120005705,0.3611006841315338,0.7664628120005705,1718.0,0.7477312269118769,0.36912906225884873,0.7477312269118769,25.0,0.7729010641892521,0.3531506111856042,0.7729010641892521,3.9,0.7974877299892758,0.33495430918148195,0.7974877299892758,4.37,0.7903652167540481,0.3398133521283833,0.7903652167540481,35.0,0.6261664200048505,0.4008034408517441,0.6261664200048505,22.4,0.7748527577596955,0.3529468796931968,0.7748527577596955,63.1,0.7606077312892403,0.36156825597072506,0.7606077312892403
28.6,0.7593402987653428,0.36528749880519307,0.7593402987653428,1729.0,0.7509503530062178,0.36918352832132767,0.7509503530062178,44.0,0.767730244524468,0.3573283147224659,0.767730244524468,0.0,0.7923169103244916,0.33953229068782886,0.7923169103244916,7.52,0.7903652167540481,0.3398133521283833,0.7903652167540481,36.0,0.6261664200048506,0.4008034408517449,0.6261664200048506,26.3,0.776804451330139,0.35273762957165883,0.776804451330139,74.5,0.767730244524468,0.3573283147224659,0.767730244524468
61.6,0.7593402987653428,0.36528749880519307,0.7593402987653428,1857.0,0.7593402987653428,0.36528749880519257,0.7593402987653428,19.0,0.7625594248596836,0.3614179173201259,0.7625594248596836,4.7,0.7923169103244916,0.33953229068782886,0.7923169103244916,16.63,0.7903652167540481,0.3398133521283833,0.7903652167540481,38.0,0.6261664200048506,0.4008034408517449,0.6261664200048506,32.2,0.7748527577596955,0.3529468796931968,0.7748527577596955,69.0,0.767730244524468,0.3573283147224659,0.767730244524468
20.0,0.7593402987653428,0.36528749880519307,0.7593402987653428,1743.0,0.7593402987653427,0.3652874988051925,0.7593402987653427,21.0,0.7625594248596839,0.361417917320126,0.7625594248596839,8.6,0.7923169103244917,0.33953229068782886,0.7923169103244917,4.47,0.7903652167540481,0.3398133521283833,0.7903652167540481,39.0,0.6332889332400782,0.3990721298274424,0.6332889332400782,21.2,0.7696819380949114,0.3571485203363973,0.7696819380949114,62.7,0.767730244524468,0.3573283147224659,0.767730244524468
19.6,0.7541694791005585,0.3692248366307879,0.7541694791005585,1186.0,0.7593402987653428,0.36528749880519307,0.7593402987653428,20.0,0.7625594248596836,0.3614179173201259,0.7625594248596836,13.3,0.7923169103244916,0.33953229068782886,0.7923169103244916,3.54,0.7903652167540481,0.3398133521283833,0.7903652167540481,44.0,0.6328214666653139,0.3988361740139722,0.6328214666653139,19.6,0.7696819380949114,0.3571485203363973,0.7696819380949114,57.6,0.767730244524468,0.3573283147224659,0.767730244524468
22.4,0.7522177855301152,0.36933281969784204,0.7522177855301152,1130.0,0.7645111184301269,0.3612620600403971,0.7645111184301269,30.0,0.7573886051948995,0.365419418978584,0.7573886051948995,1.6,0.7871460906597073,0.3440221712549752,0.7871460906597073,3.75,0.785194397089264,0.3442792955891904,0.785194397089264,38.0,0.6399439799005414,0.39696867228712013,0.6399439799005414,19.2,0.7625594248596836,0.36141791732012746,0.7625594248596836,57.3,0.7729010641892522,0.3531506111856032,0.7729010641892522
20.0,0.7541694791005585,0.3692248366307884,0.7541694791005585,1905.0,0.7625594248596835,0.3614179173201269,0.7625594248596835,26.0,0.7645111184301271,0.36126206004039624,0.7645111184301271,-0.8,0.7871460906597073,0.3440221712549752,0.7871460906597073,7.43,0.7800235774244798,0.34865713811079546,0.7800235774244798,42.0,0.6451147995653258,0.39468045898703613,0.6451147995653258,28.2,0.7645111184301271,0.36126206004039624,0.7645111184301271,62.7,0.767730244524468,0.3573283147224659,0.767730244524468
38.4,0.7541694791005585,0.3692248366307884,0.7541694791005585,1460.0,0.7625594248596835,0.3614179173201269,0.7625594248596835,45.0,0.7696819380949114,0.3571485203363973,0.7696819380949114,3.9,0.7871460906597073,0.3440221712549752,0.7871460906597073,8.31,0.7729010641892521,0.3531506111856042,0.7729010641892521,45.0,0.6522373128005533,0.3925594254336317,0.6522373128005533,27.8,0.7645111184301271,0.36126206004039624,0.7645111184301271,73.7,0.7625594248596836,0.36141791732012696,0.7625594248596836
52.9,0.7593402987653428,0.36528749880519307,0.7593402987653428,1522.0,0.7573886051948994,0.3654194189785855,0.7573886051948994,46.0,0.7645111184301271,0.36126206004039624,0.7645111184301271,-7.0,0.7871460906597073,0.3440221712549752,0.7871460906597073,11.62,0.7657785509540246,0.3575025904794038,0.7657785509540246,47.0,0.6568249609879859,0.39427204451884307,0.6568249609879859,29.8,0.7645111184301271,0.36126206004039624,0.7645111184301271,68.6,0.7573886051948995,0.365419418978585,0.7573886051948995
63.1,0.7522177855301152,0.36933281969784154,0.7522177855301152,1676.0,0.7573886051948994,0.3654194189785855,0.7573886051948994,53.0,0.7573886051948995,0.365419418978584,0.7573886051948995,-3.1,0.7871460906597073,0.3440221712549752,0.7871460906597073,15.78,0.7573886051948994,0.3615858507699393,0.7573886051948994,52.0,0.6568249609879859,0.39427204451884307,0.6568249609879859,31.8,0.7645111184301271,0.36126206004039624,0.7645111184301271,68.2,0.7625594248596836,0.3614179173201259,0.7625594248596836
16.5,0.7470469658653313,0.3731581194778952,0.7470469658653313,1475.0,0.7522177855301152,0.36933281969784154,0.7522177855301152,45.0,0.7522177855301152,0.36933281969784154,0.7522177855301152,-2.3,0.7923169103244916,0.33953229068782986,0.7923169103244916,3.95,0.7522177855301152,0.3655254239055005,0.7522177855301152,50.0,0.6596777100767567,0.3954080057487317,0.6596777100767567,20.4,0.7645111184301271,0.36126206004039624,0.7645111184301271,63.1,0.767730244524468,0.3573283147224659,0.767730244524468
53.3,0.7470469658653313,0.3731581194778952,0.7470469658653313,1388.0,0.7573886051948994,0.3654194189785855,0.7573886051948994,46.0,0.7450952722948877,0.37323664680947927,0.7450952722948877,-1.6,0.7923169103244916,0.33953229068782986,0.7923169103244916,10.77,0.747046965865331,0.3693768961018587,0.747046965865331,51.0,0.6680676558358817,0.3933802827209245,0.6680676558358817,29.4,0.7593402987653428,0.36528749880519307,0.7593402987653428,67.5,0.7748527577596955,0.3529468796931963,0.7748527577596955
45.1,0.7470469658653313,0.3731581194778952,0.7470469658653313,1585.0,0.7573886051948994,0.3654194189785855,0.7573886051948994,18.0,0.7399244526301035,0.37694990854399296,0.7399244526301035,4.7,0.7974877299892758,0.33495430918148145,0.7974877299892758,10.86,0.7418761462005469,0.37314026735901684,0.7418761462005469,57.0,0.6680676558358817,0.3933802827209245,0.6680676558358817,29.0,0.7645111184301271,0.36126206004039624,0.7645111184301271,71.0,0.7800235774244799,0.34865713811079446,0.7800235774244799
18.0,0.7522177855301152,0.36933281969784154,0.7522177855301152,1508.0,0.7573886051948994,0.3654194189785855,0.7573886051948994,27.0,0.7399244526301035,0.37694990854399296,0.7399244526301035,0.0,0.7974877299892758,0.33495430918148195,0.7974877299892758,3.94,0.7418761462005469,0.37314026735901684,0.7418761462005469,53.0,0.6628968361710975,0.3959827845384087,0.6628968361710975,21.6,0.7593402987653428,0.36528749880519307,0.7593402987653428,62.0,0.7871460906597074,0.3440221712549742,0.7871460906597074
31.8,0.7593402987653428,0.36528749880519307,0.7593402987653428,1470.0,0.7573886051948994,0.3654194189785855,0.7573886051948994,31.0,0.7399244526301035,0.37694990854399296,0.7399244526301035,-0.8,0.8026585496540599,0.33028822673593305,0.8026585496540599,7.32,0.7399244526301035,0.3732047361992461,0.7399244526301035,54.0,0.6628968361710975,0.3959827845384087,0.6628968361710975,25.9,0.7664628120005703,0.36110068413153423,0.7664628120005703,72.5,0.7871460906597073,0.3440221712549742,0.7871460906597073
43.5,0.7593402987653428,0.36528749880519307,0.7593402987653428,1937.0,0.7625594248596835,0.3614179173201269,0.7625594248596835,19.0,0.732801939394876,0.38060020382908055,0.732801939394876,0.8,0.8026585496540599,0.33028822673593305,0.8026585496540599,12.04,0.7347536329653194,0.3768560694108629,0.7347536329653194,55.0,0.6628968361710975,0.3959827845384087,0.6628968361710975,29.8,0.7645111184301269,0.36126206004039607,0.7645111184301269,71.4,0.7871460906597074,0.3440221712549742,0.7871460906597074
17.6,0.7541694791005585,0.3692248366307874,0.7541694791005585,1809.0,0.7677302445244679,0.35732831472246784,0.7677302445244679,34.0,0.732801939394876,0.38060020382908055,0.732801939394876,7.0,0.8026585496540599,0.33028822673593305,0.8026585496540599,4.78,0.7347536329653194,0.3768560694108629,0.7347536329653194,53.0,0.6680676558358816,0.39338028272092446,0.6680676558358816,22.7,0.7645111184301271,0.36126206004039624,0.7645111184301271,63.5,0.7871460906597073,0.34402217125497314,0.7871460906597073
46.3,0.7489986594357747,0.3730740735171789,0.7489986594357747,1786.0,0.7748527577596955,0.3529468796931974,0.7748527577596955,41.0,0.7328019393948758,0.3806002038290804,0.7328019393948758,-0.8,0.8026585496540599,0.33028822673593305,0.8026585496540599,12.35,0.7418761462005469,0.37314026735901584,0.7418761462005469,54.0,0.6736048525062361,0.3947565491020693,0.6736048525062361,30.2,0.7696819380949113,0.35714852033639727,0.7696819380949113,71.4,0.7871460906597074,0.3440221712549732,0.7871460906597074
22.0,0.7561211726710019,0.3691113349346016,0.7561211726710019,1052.0,0.7819752709949233,0.34842395088291755,0.7819752709949233,27.0,0.7379727590596602,0.3769989801401067,0.7379727590596602,-1.6,0.8026585496540599,0.33028822673593305,0.8026585496540599,2.73,0.7489986594357745,0.369282971526159,0.7489986594357745,51.0,0.6836882986674658,0.39304019686242603,0.6836882986674658,17.6,0.7748527577596954,0.3529468796931973,0.7748527577596954,60.8,0.7871460906597074,0.3440221712549732,0.7871460906597074
62.0,0.7612919923357861,0.3651500600026695,0.7612919923357861,1402.0,0.7819752709949231,0.3484239508829175,0.7819752709949231,32.0,0.7379727590596602,0.3769989801401067,0.7379727590596602,1.6,0.7974877299892758,0.33495430918148195,0.7974877299892758,5.25,0.7541694791005585,0.36540756222346243,0.7541694791005585,42.0,0.6930206986414753,0.3908364023137935,0.6930206986414753,21.6,0.7819752709949231,0.3484239508829175,0.7819752709949231,67.5,0.7871460906597074,0.3440221712549732,0.7871460906597074
20.8,0.7664628120005705,0.3611006841315338,0.7664628120005705,1902.0,0.7890977842301509,0.34375952829162737,0.7890977842301509,68.0,0.7379727590596602,0.3769989801401067,0.7379727590596602,6.2,0.7974877299892758,0.33495430918148195,0.7974877299892758,7.34,0.7541694791005585,0.36540756222346243,0.7541694791005585,44.0,0.7014106444006003,0.3881591877219045,0.7014106444006003,27.1,0.7871460906597074,0.34402217125497525,0.7871460906597074,63.1,0.7871460906597074,0.3440221712549742,0.7871460906597074
89.0,0.7716336316653547,0.3569632073211975,0.7716336316653547,2284.0,0.7839269645653666,0.3481852450259096,0.7839269645653666,52.0,0.7360210654892169,0.3770425331070892,0.7360210654892169,-9.4,0.7974877299892758,0.33495430918148195,0.7974877299892758,31.23,0.7541694791005585,0.36540756222346243,0.7541694791005585,54.0,0.7014106444006003,0.3881591877219054,0.7014106444006003,36.5,0.7923169103244917,0.33953229068782936,0.7923169103244917,67.5,0.7819752709949231,0.3484239508829175,0.7819752709949231
56.5,0.776804451330139,0.35273762957165833,0.776804451330139,2704.0,0.7787561449005823,0.3525228608209886,0.7787561449005823,42.0,0.7431435787244444,0.3733096555119313,0.7431435787244444,-3.1,0.7974877299892758,0.33495430918148195,0.7974877299892758,22.09,0.7593402987653428,0.3614440519815625,0.7593402987653428,57.0,0.6981915183062595,0.38780461289355594,0.6981915183062595,33.7,0.7974877299892758,0.33495430918148195,0.7974877299892758,71.8,0.7871460906597074,0.3440221712549742,0.7871460906597074
21.2,0.7819752709949233,0.34842395088291755,0.7819752709949233,2480.0,0.7839269645653665,0.3481852450259095,0.7839269645653665,44.0,0.7483143983892285,0.36953222994455287,0.7483143983892285,8.6,0.7974877299892758,0.33495430918148145,0.7974877299892758,6.76,0.7541694791005585,0.36540756222346243,0.7541694791005585,54.0,0.6981915183062595,0.3878046128935545,0.6981915183062595,25.1,0.7974877299892758,0.33495430918148195,0.7974877299892758,60.8,0.7819752709949231,0.3484239508829175,0.7819752709949231
42.0,0.7819752709949233,0.3484239508829165,0.7819752709949233,1455.0,0.7839269645653665,0.348185245025909,0.7839269645653665,20.0,0.7483143983892284,0.3695322299445528,0.7483143983892284,3.1,0.7974877299892758,0.33495430918148195,0.7974877299892758,8.17,0.7593402987653428,0.3614440519815625,0.7593402987653428,48.0,0.7088995346413981,0.3857301956753539,0.7088995346413981,26.3,0.7974877299892758,0.33495430918148195,0.7974877299892758,69.8,0.7819752709949231,0.3484239508829175,0.7819752709949231
43.9,0.7819752709949233,0.3484239508829165,0.7819752709949233,918.0,0.7839269645653666,0.348185245025908,0.7839269645653666,50.0,0.7483143983892284,0.3695322299445528,0.7483143983892284,1.6,0.7994394235597191,0.334643792005459,0.7994394235597191,6.3,0.7541694791005586,0.36540756222346255,0.7541694791005586,47.0,0.7138121611378438,0.3865226782424394,0.7138121611378438,25.9,0.7974877299892758,0.33495430918148145,0.7974877299892758,66.3,0.7748527577596955,0.3529468796931963,0.7748527577596955
17.6,0.7819752709949233,0.34842395088291755,0.7819752709949233,1533.0,0.7890977842301506,0.34375952829162676,0.7890977842301506,21.0,0.7483143983892284,0.3695322299445528,0.7483143983892284,13.3,0.7994394235597191,0.334643792005459,0.7994394235597191,4.03,0.7593402987653428,0.3614440519815635,0.7593402987653428,42.0,0.7138121611378438,0.3865226782424394,0.7138121611378438,22.0,0.7974877299892758,0.33495430918148145,0.7974877299892758,64.7,0.7748527577596954,0.35294687969319627,0.7748527577596954
18.8,0.7819752709949231,0.3484239508829175,0.7819752709949231,1349.0,0.7890977842301509,0.34375952829162687,0.7890977842301509,20.0,0.7534852180540128,0.365666703437974,0.7534852180540128,7.0,0.7923169103244917,0.33953229068782936,0.7923169103244917,3.51,0.7645111184301272,0.35739244080046206,0.7645111184301272,35.0,0.7096505808286185,0.38597412038963413,0.7096505808286185,19.6,0.7923169103244917,0.33953229068782886,0.7923169103244917,62.0,0.7696819380949114,0.3571485203363973,0.7696819380949114
20.8,0.7871460906597074,0.3440221712549742,0.7871460906597074,1653.0,0.7890977842301506,0.34375952829162676,0.7890977842301506,21.0,0.7586560377187969,0.36171307599219193,0.7586560377187969,0.0,0.7871460906597074,0.3440221712549742,0.7871460906597074,5.0,0.7696819380949113,0.3532527286801584,0.7696819380949113,26.0,0.7047379543321729,0.38515887143224853,0.7047379543321729,22.7,0.7923169103244917,0.33953229068782886,0.7923169103244917,62.4,0.7696819380949113,0.35714852033639727,0.7696819380949113
59.6,0.7871460906597074,0.3440221712549742,0.7871460906597074,1171.0,0.794268603894935,0.33924571061814474,0.794268603894935,49.0,0.7638268573835811,0.35767134760720903,0.7638268573835811,-1.6,0.7871460906597074,0.34402217125497525,0.7871460906597074,10.28,0.7696819380949114,0.35325272868015845,0.7696819380949114,32.0,0.7096505808286186,0.38597412038963413,0.7096505808286186,29.0,0.7974877299892758,0.33495430918148195,0.7974877299892758,58.4,0.7696819380949113,0.35714852033639727,0.7696819380949113
56.1,0.7890977842301509,0.34375952829162687,0.7890977842301509,1703.0,0.794268603894935,0.33924571061814474,0.794268603894935,35.0,0.7689976770483655,0.35354151828302205,0.7689976770483655,-4.7,0.7871460906597074,0.34402217125497525,0.7871460906597074,13.49,0.7748527577596955,0.34902491562065285,0.7748527577596955,42.0,0.713812161137844,0.38652267824243997,0.713812161137844,30.2,0.7994394235597191,0.334643792005459,0.7994394235597191,69.0,0.7696819380949113,0.35714852033639727,0.7696819380949113
33.3,0.794268603894935,0.33924571061814474,0.794268603894935,2132.0,0.7994394235597191,0.334643792005459,0.7994394235597191,25.0,0.7638268573835811,0.35767134760720903,0.7638268573835811,-0.8,0.7923169103244917,0.3395322906878299,0.7923169103244917,10.47,0.776804451330139,0.3488057868841294,0.776804451330139,44.0,0.710593035043503,0.38623177887815857,0.710593035043503,29.0,0.794268603894935,0.33924571061814474,0.794268603894935,73.7,0.7645111184301271,0.36126206004039624,0.7645111184301271
20.0,0.799439423559719,0.33464379200545896,0.799439423559719,2128.0,0.794268603894935,0.33924571061814474,0.794268603894935,20.0,0.7709493706188087,0.35334882404887896,0.7709493706188087,0.0,0.7923169103244917,0.3395322906878305,0.7923169103244917,6.26,0.7800235774244798,0.3486571381107944,0.7800235774244798,37.0,0.710593035043503,0.38623177887815857,0.710593035043503,24.3,0.794268603894935,0.33924571061814474,0.794268603894935,63.1,0.7645111184301269,0.36126206004039607,0.7645111184301269
19.6,0.7994394235597191,0.334643792005459,0.7994394235597191,1233.0,0.794268603894935,0.33924571061814474,0.794268603894935,31.0,0.7780718838540363,0.34888480670953953,0.7780718838540363,10.2,0.7871460906597073,0.3440221712549752,0.7871460906597073,3.54,0.785194397089264,0.3442792955891904,0.785194397089264,21.0,0.7086413414730597,0.38617284706024135,0.7086413414730597,19.2,0.7890977842301509,0.34375952829162687,0.7890977842301509,59.2,0.7593402987653428,0.36528749880519307,0.7593402987653428
71.8,0.7994394235597191,0.334643792005459,0.7994394235597191,1029.0,0.7871460906597073,0.3440221712549752,0.7871460906597073,63.0,0.7780718838540363,0.34888480670953953,0.7780718838540363,-0.8,0.7871460906597073,0.3440221712549752,0.7871460906597073,11.18,0.785194397089264,0.3442792955891904,0.785194397089264,24.0,0.7034705218082755,0.3893479183417353,0.7034705218082755,29.8,0.7839269645653666,0.348185245025908,0.7839269645653666,63.5,0.7593402987653428,0.36528749880519307,0.7593402987653428
18.0,0.7994394235597191,0.334643792005459,0.7994394235597191,1378.0,0.7819752709949231,0.3484239508829175,0.7819752709949231,21.0,0.7800235774244798,0.3486571381107944,0.7800235774244798,7.8,0.7871460906597073,0.3440221712549752,0.7871460906597073,3.75,0.785194397089264,0.3442792955891904,0.785194397089264,23.0,0.7034705218082755,0.3893479183417353,0.7034705218082755,20.8,0.7839269645653666,0.348185245025908,0.7839269645653666,62.0,0.7541694791005585,0.3692248366307884,0.7541694791005585
19.2,0.7994394235597191,0.334643792005459,0.7994394235597191,1050.0,0.781975270994923,0.34842395088291744,0.781975270994923,33.0,0.776804451330139,0.3488057868841294,0.776804451330139,3.9,0.7923169103244917,0.33953229068782886,0.7923169103244917,3.29,0.785194397089264,0.3442792955891904,0.785194397089264,18.0,0.7086413414730597,0.38617284706024224,0.7086413414730597,18.4,0.7839269645653666,0.348185245025908,0.7839269645653666,59.6,0.7541694791005585,0.3692248366307884,0.7541694791005585
42.4,0.8046102432245033,0.3299537724535712,0.8046102432245033,801.0,0.7819752709949231,0.3484239508829175,0.7819752709949231,35.0,0.7819752709949231,0.34446593577908347,0.7819752709949231,-1.6,0.7923169103244917,0.33953229068782886,0.7923169103244917,4.41,0.785194397089264,0.3442792955891904,0.785194397089264,15.0,0.7034705218082754,0.3893479183417352,0.7034705218082754,20.8,0.7890977842301509,0.34375952829162687,0.7890977842301509,56.1,0.7612919923357861,0.3651500600026695,0.7612919923357861
39.2,0.8097810628892875,0.3251756519624815,0.8097810628892875,789.0,0.773585325235798,0.3528568267906565,0.773585325235798,18.0,0.7871460906597073,0.3400379837348365,0.7871460906597073,-2.3,0.7871460906597074,0.3440221712549742,0.7871460906597074,4.33,0.785194397089264,0.3442792955891904,0.785194397089264,12.0,0.6993089414990502,0.3887246738988362,0.6993089414990502,20.4,0.7839269645653666,0.348185245025908,0.7839269645653666,56.9,0.7541694791005585,0.3692248366307874,0.7541694791005585
40.8,0.8097810628892875,0.3251756519624815,0.8097810628892875,1060.0,0.7787561449005823,0.3485811395184743,0.7787561449005823,36.0,0.7942686038949349,0.33522547206671593,0.7942686038949349,3.1,0.7819752709949231,0.3484239508829175,0.7819752709949231,6.11,0.785194397089264,0.3442792955891904,0.785194397089264,10.0,0.6993089414990502,0.3887246738988362,0.6993089414990502,21.6,0.7839269645653666,0.348185245025908,0.7839269645653666,67.5,0.7489986594357746,0.37307407351718036,0.7489986594357746
42.0,0.8149518825540717,0.32030943053219024,0.8149518825540717,802.0,0.7735853252357979,0.35285682679065644,0.7735853252357979,43.0,0.7974877299892758,0.334954309181483,0.7974877299892758,-1.6,0.7819752709949231,0.3484239508829175,0.7819752709949231,5.29,0.7903652167540484,0.33981335212838343,0.7903652167540484,15.0,0.6993089414990502,0.3887246738988366,0.6993089414990502,23.9,0.7787561449005824,0.3525228608209876,0.7787561449005824,51.8,0.7418761462005469,0.3768953183187486,0.7418761462005469
45.9,0.8097810628892875,0.325175651962482,0.8097810628892875,1396.0,0.7735853252357979,0.35285682679065644,0.7735853252357979,20.0,0.7903652167540484,0.33981335212838343,0.7903652167540484,-2.3,0.7819752709949231,0.3484239508829175,0.7819752709949231,8.8,0.7923169103244917,0.33953229068782936,0.7923169103244917,16.0,0.6993089414990502,0.3887246738988366,0.6993089414990502,26.7,0.7787561449005824,0.3525228608209876,0.7787561449005824,63.1,0.7418761462005469,0.3768953183187486,0.7418761462005469
47.8,0.8149518825540718,0.32030943053219024,0.8149518825540718,641.0,0.773585325235798,0.3528568267906565,0.773585325235798,33.0,0.7884135231836049,0.3400888949398047,0.7884135231836049,10.2,0.776804451330139,0.35273762957165883,0.776804451330139,4.41,0.7923169103244917,0.33953229068782936,0.7923169103244917,10.0,0.7076988872581752,0.38591315592558845,0.7076988872581752,21.6,0.7787561449005824,0.3525228608209876,0.7787561449005824,44.3,0.7489986594357745,0.3730740735171803,0.7489986594357745
53.7,0.8149518825540718,0.32030943053218974,0.8149518825540718,970.0,0.7787561449005823,0.3485811395184743,0.7787561449005823,21.0,0.7832427035188206,0.34453090129427344,0.7832427035188206,-2.3,0.7819752709949231,0.3484239508829175,0.7819752709949231,7.63,0.7994394235597191,0.334643792005459,0.7994394235597191,14.0,0.7170312872321848,0.38317112264948944,0.7170312872321848,26.7,0.7787561449005823,0.3525228608209876,0.7787561449005823,55.7,0.7489986594357745,0.3730740735171803,0.7489986594357745
18.8,0.8097810628892875,0.325175651962482,0.8097810628892875,1118.0,0.7787561449005823,0.3485811395184743,0.7787561449005823,54.0,0.7832427035188206,0.34453090129427344,0.7832427035188206,1.6,0.7819752709949231,0.3484239508829175,0.7819752709949231,3.91,0.7994394235597191,0.334643792005459,0.7994394235597191,19.0,0.7254212329913099,0.3799921567133998,0.7254212329913099,21.6,0.7787561449005823,0.3525228608209876,0.7787561449005823,58.4,0.7541694791005586,0.3692248366307874,0.7541694791005586
68.6,0.8046102432245033,0.3299537724535712,0.8046102432245033,1973.0,0.7839269645653665,0.3442173513070906,0.7839269645653665,20.0,0.7832427035188206,0.34453090129427344,0.7832427035188206,-14.1,0.7819752709949231,0.3484239508829175,0.7819752709949231,20.57,0.7994394235597191,0.334643792005459,0.7994394235597191,22.0,0.7241538004674123,0.3797843758160503,0.7241538004674123,33.3,0.773585325235798,0.35677237567686615,0.773585325235798,67.8,0.7541694791005586,0.3692248366307874,0.7541694791005586
18.8,0.7994394235597191,0.334643792005459,0.7994394235597191,1631.0,0.7787561449005823,0.3485811395184743,0.7787561449005823,41.0,0.7832427035188206,0.3445309012942729,0.7832427035188206,3.1,0.7871460906597074,0.3440221712549742,0.7871460906597074,4.46,0.7994394235597191,0.334643792005459,0.7994394235597191,24.0,0.7241538004674123,0.3797843758160503,0.7241538004674123,22.0,0.773585325235798,0.35677237567686615,0.773585325235798,62.7,0.7541694791005586,0.3692248366307874,0.7541694791005586
42.4,0.7994394235597191,0.334643792005459,0.7994394235597191,2171.0,0.7787561449005823,0.3485811395184743,0.7787561449005823,20.0,0.7780718838540365,0.34888480670953964,0.7780718838540365,-7.0,0.7923169103244917,0.33953229068782936,0.7923169103244917,12.65,0.7994394235597191,0.334643792005459,0.7994394235597191,25.0,0.7228863679435149,0.37957499826099655,0.7228863679435149,30.2,0.7787561449005823,0.3525228608209876,0.7787561449005823,71.8,0.7593402987653428,0.36528749880519307,0.7593402987653428
29.8,0.7994394235597191,0.334643792005459,0.7994394235597191,2049.0,0.7839269645653665,0.3442173513070906,0.7839269645653665,18.0,0.7729010641892522,0.35315061118560426,0.7729010641892522,4.7,0.7923169103244917,0.33953229068782936,0.7923169103244917,10.68,0.7994394235597191,0.334643792005459,0.7994394235597191,26.0,0.7135539679695054,0.3824677968877651,0.7135539679695054,29.4,0.7787561449005823,0.3525228608209876,0.7787561449005823,65.9,0.7645111184301271,0.36126206004039624,0.7645111184301271
19.6,0.794268603894935,0.33924571061814474,0.794268603894935,2036.0,0.7787561449005823,0.3485811395184743,0.7787561449005823,27.0,0.7729010641892521,0.3531506111856042,0.7729010641892521,0.0,0.7974877299892758,0.33495430918148195,0.7974877299892758,5.88,0.7994394235597191,0.334643792005459,0.7994394235597191,22.0,0.7187247876342896,0.37911652485538616,0.7187247876342896,24.3,0.7787561449005823,0.3525228608209876,0.7787561449005823,63.1,0.7593402987653428,0.36528749880519307,0.7593402987653428
74.5,0.794268603894935,0.33924571061814474,0.794268603894935,1929.0,0.7787561449005823,0.3485811395184743,0.7787561449005823,60.0,0.7748527577596955,0.3529468796931968,0.7748527577596955,3.1,0.7923169103244916,0.33953229068782886,0.7923169103244916,22.05,0.7994394235597191,0.33464379200545846,0.7994394235597191,33.0,0.7187247876342896,0.37911652485538616,0.7187247876342896,34.1,0.7787561449005823,0.3525228608209876,0.7787561449005823,67.8,0.7593402987653428,0.36528749880519307,0.7593402987653428
20.4,0.794268603894935,0.33924571061814474,0.794268603894935,1780.0,0.7787561449005823,0.3485811395184743,0.7787561449005823,50.0,0.7748527577596955,0.3529468796931968,0.7748527577596955,0.6281970010971596,0.7994394235597191,0.334643792005459,0.7994394235597191,10.46,0.794268603894935,0.33924571061814474,0.794268603894935,38.0,0.7238956072990739,0.37567715188380524,0.7238956072990739,29.4,0.7839269645653665,0.3481852450259084,0.7839269645653665,62.4,0.7645111184301272,0.36126206004039624,0.7645111184301272
48.6,0.794268603894935,0.33924571061814474,0.794268603894935,1355.0,0.773585325235798,0.3528568267906565,0.773585325235798,55.0,0.7800235774244798,0.3486571381107949,0.7800235774244798,2.3,0.7994394235597191,0.334643792005459,0.7994394235597191,10.36,0.794268603894935,0.33924571061814474,0.794268603894935,42.0,0.7238956072990738,0.3756771518838052,0.7238956072990738,29.0,0.7890977842301509,0.34375952829162687,0.7890977842301509,67.5,0.7645111184301272,0.36126206004039624,0.7645111184301272
67.1,0.7890977842301509,0.34375952829162687,0.7890977842301509,1440.0,0.7684145055710139,0.3570444131236357,0.7684145055710139,57.0,0.7800235774244798,0.3486571381107949,0.7800235774244798,0.6281970010971596,0.794268603894935,0.33924571061814474,0.794268603894935,14.07,0.794268603894935,0.33924571061814474,0.794268603894935,44.0,0.7138121611378438,0.3784057901663531,0.7138121611378438,31.0,0.7890977842301509,0.34375952829162687,0.7890977842301509,66.3,0.7645111184301271,0.36126206004039624,0.7645111184301271
33.3,0.7890977842301509,0.34375952829162687,0.7890977842301509,1715.0,0.773585325235798,0.3528568267906565,0.773585325235798,28.0,0.7748527577596954,0.35294687969319677,0.7748527577596954,10.9,0.794268603894935,0.33924571061814474,0.794268603894935,8.45,0.794268603894935,0.33924571061814474,0.794268603894935,52.0,0.7031041448027052,0.3806857739976376,0.7031041448027052,27.1,0.7890977842301509,0.34375952829162687,0.7890977842301509,73.3,0.7696819380949114,0.3571485203363973,0.7696819380949114
16.9,0.7890977842301509,0.34375952829162687,0.7890977842301509,1714.0,0.773585325235798,0.3528568267906565,0.773585325235798,21.0,0.7748527577596955,0.3529468796931979,0.7748527577596955,0.0,0.794268603894935,0.33924571061814474,0.794268603894935,4.38,0.794268603894935,0.33924571061814474,0.794268603894935,44.0,0.6959816315674777,0.38374247471594447,0.6959816315674777,22.0,0.7890977842301509,0.34375952829162687,0.7890977842301509,69.4,0.7748527577596955,0.3529468796931968,0.7748527577596955
20.4,0.7890977842301509,0.34375952829162687,0.7890977842301509,984.0,0.7664628120005704,0.35722118627661414,0.7664628120005704,46.0,0.7748527577596955,0.3529468796931979,0.7748527577596955,9.4,0.794268603894935,0.33924571061814474,0.794268603894935,2.71,0.7890977842301509,0.34375952829162687,0.7890977842301509,36.0,0.6908108119026934,0.38677649831862926,0.6908108119026934,20.4,0.7819752709949231,0.3484239508829175,0.7819752709949231,62.4,0.7748527577596955,0.3529468796931968,0.7748527577596955
68.6,0.7839269645653665,0.3481852450259095,0.7839269645653665,1859.0,0.7664628120005705,0.3572211862766142,0.7664628120005705,70.0,0.7677302445244679,0.35732831472246585,0.7677302445244679,1.6,0.794268603894935,0.33924571061814474,0.794268603894935,19.91,0.794268603894935,0.33924571061814474,0.794268603894935,44.0,0.6908108119026934,0.38677649831862926,0.6908108119026934,33.3,0.7819752709949231,0.3484239508829175,0.7819752709949231,69.0,0.7748527577596955,0.3529468796931968,0.7748527577596955
91.8,0.7890977842301509,0.34375952829162687,0.7890977842301509,2244.0,0.7664628120005705,0.3572211862766142,0.7664628120005705,23.0,0.7645111184301271,0.357392440800462,0.7645111184301271,0.0,0.794268603894935,0.33924571061814474,0.794268603894935,31.17,0.7994394235597191,0.334643792005459,0.7994394235597191,47.0,0.6908108119026934,0.38677649831862926,0.6908108119026934,36.9,0.7871460906597073,0.3440221712549752,0.7871460906597073,66.3,0.7800235774244798,0.3486571381107944,0.7800235774244798
82.4,0.7839269645653665,0.3481852450259095,0.7839269645653665,1527.0,0.7716336316653547,0.3530575370499728,0.7716336316653547,77.0,0.7664628120005704,0.35722118627661564,0.7664628120005704,-3.1,0.794268603894935,0.33924571061814474,0.794268603894935,19.81,0.8046102432245033,0.3299537724535712,0.8046102432245033,48.0,0.6908108119026934,0.38677649831862926,0.6908108119026934,33.3,0.7871460906597073,0.3440221712549752,0.7871460906597073,69.0,0.7748527577596955,0.3529468796931968,0.7748527577596955
16.1,0.7839269645653665,0.348185245025909,0.7839269645653665,1516.0,0.7787561449005823,0.3485811395184743,0.7787561449005823,20.0,0.7716336316653546,0.3530575370499728,0.7716336316653546,4.7,0.7994394235597191,0.334643792005459,0.7994394235597191,3.92,0.8046102432245033,0.3299537724535712,0.8046102432245033,35.0,0.7015188282378321,0.3848332123946976,0.7015188282378321,21.2,0.7819752709949231,0.3484239508829175,0.7819752709949231,66.3,0.7696819380949114,0.3571485203363973,0.7696819380949114
19.2,0.7839269645653665,0.348185245025909,0.7839269645653665,1206.0,0.7871460906597073,0.3440221712549752,0.7871460906597073,21.0,0.7716336316653546,0.3530575370499728,0.7716336316653546,-2.3,0.794268603894935,0.33924571061814474,0.794268603894935,7.2,0.8046102432245033,0.3299537724535712,0.8046102432245033,41.0,0.7066896479026162,0.3816494523037829,0.7066896479026162,27.5,0.7890977842301509,0.34375952829162687,0.7890977842301509,57.6,0.7696819380949114,0.3571485203363973,0.7696819380949114
31.8,0.776804451330139,0.35273762957165883,0.776804451330139,864.0,0.7800235774244797,0.34865713811079485,0.7800235774244797,20.0,0.7664628120005705,0.3572211862766152,0.7664628120005705,3.9,0.7871460906597074,0.3440221712549742,0.7871460906597074,3.16,0.7994394235597191,0.334643792005459,0.7994394235597191,47.0,0.7118604675674006,0.3783775912736682,0.7118604675674006,17.6,0.794268603894935,0.33924571061814474,0.794268603894935,53.7,0.7696819380949114,0.3571485203363973,0.7696819380949114
18.8,0.7716336316653546,0.356963207321198,0.7716336316653546,1310.0,0.7780718838540363,0.34888480670953953,0.7780718838540363,21.0,0.7664628120005705,0.3572211862766152,0.7664628120005705,17.2,0.7871460906597074,0.34402217125497525,0.7871460906597074,3.58,0.7994394235597191,0.334643792005459,0.7994394235597191,52.0,0.7118604675674006,0.3783775912736682,0.7118604675674006,20.4,0.794268603894935,0.33924571061814474,0.794268603894935,62.0,0.7696819380949114,0.3571485203363973,0.7696819380949114
22.7,0.7716336316653546,0.356963207321198,0.7716336316653546,1034.0,0.7709493706188086,0.3533488240488794,0.7709493706188086,24.0,0.7664628120005705,0.3572211862766152,0.7664628120005705,2.3,0.7871460906597074,0.34402217125497525,0.7871460906597074,3.31,0.8046102432245033,0.3299537724535712,0.8046102432245033,33.0,0.7150795936617413,0.3786272674781024,0.7150795936617413,18.0,0.7890977842301509,0.34375952829162687,0.7890977842301509,57.3,0.7645111184301271,0.36126206004039624,0.7645111184301271
68.2,0.7716336316653547,0.3569632073211975,0.7716336316653547,1685.0,0.7657785509540244,0.3575025904794037,0.7657785509540244,67.0,0.7664628120005705,0.3572211862766152,0.7664628120005705,-0.8,0.7871460906597074,0.3440221712549742,0.7871460906597074,17.01,0.8046102432245033,0.3299537724535712,0.8046102432245033,41.0,0.7251630398229714,0.37587814136183606,0.7251630398229714,32.2,0.794268603894935,0.33924571061814474,0.794268603894935,67.8,0.7645111184301272,0.36126206004039624,0.7645111184301272
22.0,0.776804451330139,0.35273762957165883,0.776804451330139,2228.0,0.7657785509540244,0.3575025904794037,0.7657785509540244,21.0,0.7664628120005705,0.3572211862766152,0.7664628120005705,0.0,0.7871460906597074,0.34402217125497525,0.7871460906597074,6.23,0.7994394235597191,0.334643792005459,0.7994394235597191,35.0,0.732285553058199,0.3722963105503916,0.732285553058199,24.7,0.794268603894935,0.33924571061814474,0.794268603894935,71.8,0.7645111184301271,0.36126206004039624,0.7645111184301271
16.5,0.7716336316653547,0.3569632073211981,0.7716336316653547,1411.0,0.7657785509540244,0.3575025904794037,0.7657785509540244,46.0,0.7664628120005705,0.3572211862766152,0.7664628120005705,10.2,0.7871460906597074,0.34402217125497525,0.7871460906597074,3.37,0.8046102432245033,0.3299537724535712,0.8046102432245033,28.0,0.732285553058199,0.3722963105503916,0.732285553058199,20.8,0.794268603894935,0.33924571061814474,0.794268603894935,61.2,0.7716336316653547,0.3569632073211981,0.7716336316653547
58.0,0.7716336316653547,0.3569632073211981,0.7716336316653547,1420.0,0.7657785509540246,0.3575025904794038,0.7657785509540246,55.0,0.7612919923357861,0.361296734564054,0.7612919923357861,2.3,0.7871460906597074,0.3440221712549742,0.7871460906597074,12.52,0.7994394235597191,0.334643792005459,0.7994394235597191,37.0,0.7271147333934148,0.3758617758777338,0.7271147333934148,30.6,0.794268603894935,0.33924571061814474,0.794268603894935,67.8,0.776804451330139,0.35273762957165833,0.776804451330139
65.5,0.7768044513301391,0.3527376295716589,0.7768044513301391,2349.0,0.7657785509540246,0.3575025904794038,0.7657785509540246,27.0,0.7561211726710019,0.3652841819122918,0.7561211726710019,-6.2,0.7871460906597074,0.3440221712549742,0.7871460906597074,23.01,0.794268603894935,0.33924571061814474,0.794268603894935,50.0,0.7271147333934148,0.3758617758777338,0.7271147333934148,34.1,0.794268603894935,0.33924571061814474,0.794268603894935,70.2,0.7787561449005823,0.3525228608209886,0.7787561449005823
57.3,0.7819752709949233,0.34842395088291755,0.7819752709949233,1680.0,0.7657785509540246,0.3575025904794043,0.7657785509540246,47.0,0.7489986594357745,0.369282971526159,0.7489986594357745,-0.8,0.7923169103244916,0.3395322906878293,0.7923169103244916,14.73,0.794268603894935,0.33924571061814474,0.794268603894935,33.67243525896414,0.7219439137286304,0.3793391402658746,0.7219439137286304,31.4,0.7890977842301509,0.34375952829162687,0.7890977842301509,69.0,0.7787561449005823,0.3525228608209886,0.7787561449005823
69.4,0.7890977842301509,0.34375952829162687,0.7890977842301509,1755.0,0.7657785509540246,0.3575025904794043,0.7657785509540246,53.0,0.7470469658653309,0.36937689610185864,0.7470469658653309,0.0,0.7923169103244917,0.33953229068782936,0.7923169103244917,17.75,0.794268603894935,0.33924571061814474,0.794268603894935,51.0,0.7219439137286304,0.3793391402658746,0.7219439137286304,32.2,0.7890977842301509,0.34375952829162687,0.7890977842301509,67.8,0.7787561449005823,0.3525228608209886,0.7787561449005823
21.2,0.794268603894935,0.33924571061814474,0.794268603894935,1164.0,0.7657785509540246,0.3575025904794043,0.7657785509540246,33.0,0.747046965865331,0.3693768961018597,0.747046965865331,4.7,0.7974877299892758,0.33495430918148145,0.7974877299892758,7.32,0.794268603894935,0.33924571061814474,0.794268603894935,53.0,0.7167730940638463,0.38272840371481126,0.7167730940638463,26.7,0.7890977842301509,0.34375952829162687,0.7890977842301509,60.4,0.773585325235798,0.35677237567686615,0.773585325235798
35.7,0.794268603894935,0.33924571061814474,0.794268603894935,1448.0,0.7709493706188087,0.35334882404887846,0.7709493706188087,20.0,0.7522177855301152,0.3655254239055005,0.7522177855301152,7.0,0.7974877299892758,0.33495430918148145,0.7974877299892758,7.56,0.7890977842301509,0.34375952829162687,0.7890977842301509,50.0,0.7167730940638464,0.38272840371481226,0.7167730940638464,25.9,0.794268603894935,0.33924571061814474,0.794268603894935,71.0,0.7787561449005823,0.3525228608209886,0.7787561449005823
18.4,0.7994394235597191,0.334643792005459,0.7994394235597191,1351.0,0.7709493706188086,0.3533488240488799,0.7709493706188086,21.0,0.7606077312892403,0.36156825597072506,0.7606077312892403,13.3,0.7923169103244917,0.33953229068782886,0.7923169103244917,3.83,0.7890977842301509,0.34375952829162687,0.7890977842301509,46.0,0.711602274399062,0.3860295662245477,0.711602274399062,20.8,0.7871460906597073,0.3440221712549752,0.7871460906597073,62.0,0.7839269645653665,0.3481852450259095,0.7839269645653665
22.7,0.7994394235597191,0.334643792005459,0.7994394235597191,1452.0,0.7761201902835929,0.3491069566791526,0.7761201902835929,22.0,0.7657785509540246,0.3575025904794028,0.7657785509540246,17.2,0.7851943970892641,0.3442792955891899,0.7851943970892641,4.13,0.7819752709949233,0.34842395088291755,0.7819752709949233,39.0,0.7064314547342778,0.3892426277950817,0.7064314547342778,22.4,0.7871460906597073,0.3440221712549752,0.7871460906597073,63.8636053593179,0.7839269645653664,0.3481852450259094,0.7839269645653664
27.8,0.7994394235597191,0.334643792005459,0.7994394235597191,1141.0,0.7709493706188087,0.35334882404887996,0.7709493706188087,20.0,0.758656037718797,0.361713075992192,0.758656037718797,0.0,0.7851943970892641,0.3442792955891899,0.7851943970892641,3.63,0.776804451330139,0.35273762957165883,0.776804451330139,31.0,0.7015188282378321,0.388383992349997,0.7015188282378321,23.5,0.7871460906597073,0.3440221712549752,0.7871460906597073,66.7,0.7890977842301509,0.34375952829162737,0.7890977842301509
65.9,0.7923169103244916,0.33953229068782886,0.7923169103244916,1582.0,0.7657785509540246,0.3575025904794038,0.7657785509540246,58.0,0.7534852180540128,0.36566670343797447,0.7534852180540128,-0.8,0.7851943970892641,0.3442792955891899,0.7851943970892641,15.76,0.7716336316653547,0.3569632073211975,0.7716336316653547,36.0,0.7015188282378321,0.388383992349997,0.7015188282378321,31.8,0.7871460906597073,0.3440221712549752,0.7871460906597073,67.8,0.7942686038949349,0.33924571061814474,0.7942686038949349
18.0,0.7871460906597073,0.3440221712549752,0.7871460906597073,1742.0,0.7606077312892403,0.36156825597072506,0.7606077312892403,42.0,0.758656037718797,0.361713075992192,0.758656037718797,3.9,0.7851943970892641,0.3442792955891899,0.7851943970892641,7.36,0.7768044513301388,0.3527376295716588,0.7768044513301388,35.0,0.7034705218082754,0.3884699440703426,0.7034705218082754,27.5,0.7871460906597073,0.3440221712549752,0.7871460906597073,63.1,0.7994394235597191,0.334643792005459,0.7994394235597191
49.4,0.7871460906597073,0.3440221712549752,0.7871460906597073,1713.0,0.7606077312892403,0.36156825597072506,0.7606077312892403,21.0,0.758656037718797,0.361713075992193,0.758656037718797,0.0,0.7800235774244798,0.3486571381107944,0.7800235774244798,6.02,0.7819752709949233,0.34842395088291755,0.7819752709949233,29.0,0.7015188282378321,0.388383992349997,0.7015188282378321,23.1,0.7871460906597073,0.3440221712549752,0.7871460906597073,70.2,0.8046102432245031,0.3299537724535712,0.8046102432245031
17.3,0.7871460906597073,0.3440221712549752,0.7871460906597073,1381.0,0.7606077312892403,0.36156825597072506,0.7606077312892403,55.0,0.7534852180540128,0.36566670343797447,0.7534852180540128,8.6,0.7800235774244798,0.3486571381107944,0.7800235774244798,5.25,0.7819752709949233,0.34842395088291755,0.7819752709949233,30.0,0.7066896479026162,0.3852264046753879,0.7066896479026162,24.3,0.7871460906597073,0.3440221712549752,0.7871460906597073,65.5,0.8097810628892875,0.3251756519624815,0.8097810628892875
62.0,0.7923169103244917,0.33953229068782936,0.7923169103244917,1599.0,0.7677302445244679,0.35732831472246535,0.7677302445244679,23.0,0.7534852180540128,0.36566670343797447,0.7534852180540128,-0.8,0.7800235774244798,0.34865713811079385,0.7800235774244798,14.6,0.7819752709949231,0.3484239508829175,0.7819752709949231,37.0,0.7066896479026162,0.3852264046753879,0.7066896479026162,31.4,0.7923169103244916,0.3395322906878304,0.7923169103244916,68.2,0.8097810628892875,0.325175651962482,0.8097810628892875
18.0,0.7923169103244916,0.3395322906878293,0.7923169103244916,1751.0,0.7748527577596955,0.3529468796931968,0.7748527577596955,18.0,0.7534852180540128,0.36566670343797447,0.7534852180540128,0.0,0.7851943970892641,0.34427929558919046,0.7851943970892641,4.67,0.7819752709949233,0.34842395088291755,0.7819752709949233,34.0,0.7167730940638463,0.38272840371481215,0.7167730940638463,22.4,0.7923169103244916,0.3395322906878304,0.7923169103244916,63.5,0.8097810628892875,0.325175651962482,0.8097810628892875
17.6,0.7923169103244916,0.3395322906878293,0.7923169103244916,1271.0,0.7819752709949231,0.3484239508829175,0.7819752709949231,18.0,0.7534852180540128,0.36566670343797447,0.7534852180540128,9.4,0.7851943970892641,0.34427929558919046,0.7851943970892641,3.18,0.7819752709949233,0.34842395088291755,0.7819752709949233,23.0,0.7261054940378557,0.379781374929937,0.7261054940378557,19.2,0.7923169103244916,0.3395322906878304,0.7923169103244916,75.3,0.8046102432245033,0.3299537724535712,0.8046102432245033
19.2,0.7923169103244917,0.33953229068782886,0.7923169103244917,1711.0,0.7871460906597073,0.3440221712549752,0.7871460906597073,46.0,0.758656037718797,0.361713075992192,0.758656037718797,1.6,0.7851943970892641,0.34427929558919046,0.7851943970892641,4.41,0.776804451330139,0.35273762957165883,0.776804451330139,13.0,0.7293246201321966,0.3799745938458608,0.7293246201321966,22.4,0.7923169103244916,0.3395322906878304,0.7923169103244916,64.7,0.8046102432245033,0.3299537724535712,0.8046102432245033
45.9,0.794268603894935,0.33924571061814474,0.794268603894935,791.0,0.7871460906597073,0.3440221712549752,0.7871460906597073,74.0,0.758656037718797,0.361713075992193,0.758656037718797,-1.6,0.785194397089264,0.3442792955891904,0.785194397089264,5.0,0.7819752709949233,0.34842395088291755,0.7819752709949233,16.0,0.7293246201321966,0.3799745938458608,0.7293246201321966,23.5,0.7974877299892758,0.33495430918148195,0.7974877299892758,55.3,0.7994394235597191,0.334643792005459,0.7994394235597191
78.4,0.7994394235597191,0.334643792005459,0.7994394235597191,1533.0,0.7923169103244917,0.33953229068782936,0.7923169103244917,19.0,0.7586560377187969,0.36171307599219193,0.7586560377187969,-8.6,0.7800235774244798,0.3486571381107944,0.7800235774244798,15.01,0.7819752709949233,0.34842395088291755,0.7819752709949233,14.0,0.7273729265617532,0.37998613459419545,0.7273729265617532,30.6,0.7974877299892758,0.33495430918148195,0.7974877299892758,63.1,0.8046102432245033,0.3299537724535712,0.8046102432245033
20.8,0.7994394235597191,0.334643792005459,0.7994394235597191,934.0,0.7974877299892758,0.33495430918148195,0.7974877299892758,38.0,0.7534852180540128,0.36566670343797447,0.7534852180540128,3.1,0.7800235774244798,0.34865713811079385,0.7800235774244798,3.96,0.7819752709949233,0.34842395088291755,0.7819752709949233,9.0,0.7241538004674124,0.3797843758160503,0.7241538004674124,20.0,0.8026585496540599,0.3302882267359325,0.8026585496540599,67.5,0.8046102432245034,0.32995377245357127,0.8046102432245034
80.8,0.794268603894935,0.33924571061814474,0.794268603894935,982.0,0.8026585496540599,0.3302882267359325,0.8026585496540599,67.0,0.7534852180540128,0.36566670343797447,0.7534852180540128,-4.7,0.7729010641892521,0.3531506111856042,0.7729010641892521,12.19,0.7819752709949233,0.34842395088291755,0.7819752709949233,13.0,0.7241538004674124,0.3797843758160503,0.7241538004674124,30.6,0.8078293693188441,0.3255340433511821,0.8078293693188441,55.7,0.8046102432245034,0.32995377245357127,0.8046102432245034
40.0,0.7890977842301509,0.34375952829162687,0.7890977842301509,774.0,0.8026585496540598,0.330288226735933,0.8026585496540598,40.0,0.7534852180540128,0.36566670343797447,0.7534852180540128,-2.3,0.7729010641892522,0.35315061118560426,0.7729010641892522,4.67,0.7819752709949233,0.34842395088291755,0.7819752709949233,0.0,0.7293246201321966,0.37628307319405246,0.7293246201321966,22.4,0.8097810628892876,0.3251756519624815,0.8097810628892876,56.5,0.8046102432245034,0.32995377245357127,0.8046102432245034
79.2,0.7839269645653665,0.348185245025909,0.7839269645653665,791.0,0.8026585496540598,0.33028822673593244,0.8026585496540598,77.0,0.7606077312892403,0.36156825597072506,0.7606077312892403,5.5,0.767730244524468,0.3573283147224659,0.767730244524468,9.27,0.7871460906597074,0.3440221712549732,0.7871460906597074,3.0,0.7293246201321966,0.37628307319405246,0.7293246201321966,27.8,0.8097810628892876,0.3251756519624815,0.8097810628892876,50.2,0.8046102432245033,0.3299537724535712,0.8046102432245033
73.7,0.7787561449005824,0.35252286082098866,0.7787561449005824,962.0,0.807829369318844,0.325534043351182,0.807829369318844,60.0,0.7677302445244679,0.35732831472246585,0.7677302445244679,7.0,0.767730244524468,0.3573283147224659,0.767730244524468,12.08,0.7923169103244917,0.33953229068782886,0.7923169103244917,15.0,0.7312763137026399,0.3762561352016013,0.7312763137026399,30.6,0.8097810628892876,0.3251756519624815,0.8097810628892876,43.9,0.8097810628892875,0.325175651962482,0.8097810628892875
100.0,0.7839269645653665,0.3481852450259095,0.7839269645653665,1835.0,0.807829369318844,0.325534043351182,0.807829369318844,75.0,0.7748527577596955,0.3529468796931968,0.7748527577596955,-4.7,0.7729010641892522,0.35315061118560426,0.7729010641892522,28.7,0.7923169103244917,0.33953229068782886,0.7923169103244917,32.0,0.7344954397969806,0.3764113627009655,0.7344954397969806,36.9,0.8097810628892876,0.3251756519624815,0.8097810628892876,62.0,0.8149518825540718,0.32030943053219024,0.8149518825540718
18.8,0.7839269645653666,0.3481852450259096,0.7839269645653666,2163.0,0.807829369318844,0.325534043351182,0.807829369318844,67.0,0.7819752709949231,0.3484239508829175,0.7819752709949231,-1.6,0.7729010641892521,0.3531506111856042,0.7729010641892521,6.32,0.7871460906597073,0.34402217125497314,0.7871460906597073,31.0,0.7344954397969807,0.3764113627009656,0.7344954397969807,23.5,0.8046102432245033,0.3299537724535712,0.8046102432245033,59.2,0.820122702218856,0.31535510816269696,0.820122702218856
91.4,0.7839269645653665,0.3481852450259095,0.7839269645653665,1666.0,0.807829369318844,0.325534043351182,0.807829369318844,71.0,0.7871460906597073,0.3440221712549752,0.7871460906597073,-3.1,0.7780718838540363,0.34888480670953953,0.7780718838540363,23.05,0.7819752709949233,0.34842395088291755,0.7819752709949233,41.0,0.7416179530322085,0.372695097026726,0.7416179530322085,34.9,0.8046102432245033,0.3299537724535712,0.8046102432245033,63.5,0.820122702218856,0.3153551081626964,0.820122702218856
31.8,0.7839269645653665,0.348185245025909,0.7839269645653665,1976.0,0.807829369318844,0.3255340433511826,0.807829369318844,48.0,0.7871460906597073,0.3440221712549752,0.7871460906597073,-1.6,0.7780718838540365,0.34888480670953964,0.7780718838540365,7.96,0.7819752709949233,0.34842395088291755,0.7819752709949233,43.0,0.7467887726969925,0.3689317268970883,0.7467887726969925,25.1,0.8097810628892876,0.3251756519624815,0.8097810628892876,67.1,0.8149518825540718,0.32030943053218974,0.8149518825540718
42.7,0.7890977842301509,0.34375952829162687,0.7890977842301509,1471.0,0.8026585496540598,0.33028822673593244,0.8026585496540598,25.0,0.7871460906597073,0.3440221712549752,0.7871460906597073,-4.7,0.7780718838540365,0.34888480670953964,0.7780718838540365,9.44,0.7819752709949233,0.34842395088291755,0.7819752709949233,45.0,0.739666259461765,0.3727600306168688,0.739666259461765,27.8,0.8097810628892876,0.3251756519624815,0.8097810628892876,69.4,0.8149518825540718,0.32030943053218974,0.8149518825540718
17.6,0.794268603894935,0.33924571061814474,0.794268603894935,1546.0,0.7955360364188323,0.33525930772837426,0.7955360364188323,19.0,0.7923169103244916,0.33953229068782986,0.7923169103244916,-1.6,0.7780718838540365,0.34888480670953964,0.7780718838540365,3.91,0.776804451330139,0.35273762957165883,0.776804451330139,47.0,0.7295828133005351,0.3758159101616041,0.7295828133005351,22.0,0.8097810628892876,0.3251756519624815,0.8097810628892876,63.8636053593179,0.8149518825540718,0.32030943053219024,0.8149518825540718
71.8,0.794268603894935,0.33924571061814474,0.794268603894935,1315.0,0.8007068560836165,0.3306171623891631,0.8007068560836165,60.0,0.7923169103244916,0.33953229068782986,0.7923169103244916,-1.6,0.7780718838540365,0.34888480670953964,0.7780718838540365,13.82,0.776804451330139,0.35273762957165833,0.776804451330139,50.0,0.7240456166301807,0.3749889523608051,0.7240456166301807,31.0,0.8097810628892876,0.3251756519624815,0.8097810628892876,64.3,0.8097810628892875,0.3251756519624815,0.8097810628892875
56.9,0.794268603894935,0.33924571061814474,0.794268603894935,1435.0,0.7923169103244914,0.33552193075138537,0.7923169103244914,40.0,0.7974877299892758,0.33495430918148195,0.7974877299892758,-3.1,0.7800235774244798,0.34865713811079546,0.7800235774244798,11.98,0.7716336316653547,0.3569632073211975,0.7716336316653547,54.0,0.7128029217822848,0.37731829976546843,0.7128029217822848,29.8,0.8097810628892875,0.3251756519624815,0.8097810628892875,67.5,0.8097810628892875,0.3251756519624815,0.8097810628892875
38.4,0.7994394235597191,0.334643792005459,0.7994394235597191,1504.0,0.7871460906597073,0.34003798373483596,0.7871460906597073,39.0,0.7974877299892758,0.33495430918148195,0.7974877299892758,3.1,0.7871460906597074,0.34402217125497525,0.7871460906597074,8.61,0.7664628120005705,0.36110068413153434,0.7664628120005705,57.0,0.706263580024409,0.3759827063995976,0.706263580024409,27.1,0.8149518825540717,0.3203094305321897,0.8149518825540717,70.6,0.8097810628892875,0.3251756519624815,0.8097810628892875
37.6,0.7994394235597191,0.334643792005459,0.7994394235597191,815.0,0.7923169103244914,0.3355219307513859,0.7923169103244914,36.0,0.7974877299892758,0.33495430918148195,0.7974877299892758,-8.6,0.7871460906597074,0.34402217125497525,0.7871460906597074,4.33,0.7664628120005704,0.36110068413153423,0.7664628120005704,58.0,0.6993089414990502,0.37443683033835495,0.6993089414990502,20.4,0.8149518825540717,0.3203094305321897,0.8149518825540717,58.0,0.8149518825540718,0.32030943053218974,0.8149518825540718
36.5,0.8046102432245033,0.3299537724535712,0.8046102432245033,812.0,0.7923169103244914,0.3355219307513859,0.7923169103244914,32.0,0.7974877299892758,0.33495430918148195,0.7974877299892758,-14.1,0.7871460906597073,0.3440221712549752,0.7871460906597073,4.25,0.7664628120005704,0.36110068413153423,0.7664628120005704,56.0,0.7114343996891932,0.3726746713386512,0.7114343996891932,20.8,0.8097810628892876,0.3251756519624815,0.8097810628892876,57.6,0.8149518825540718,0.32030943053218974,0.8149518825540718
42.0,0.8046102432245033,0.3299537724535712,0.8046102432245033,789.0,0.7871460906597073,0.34003798373483546,0.7871460906597073,34.0,0.7974877299892758,0.33495430918148195,0.7974877299892758,-3.9,0.7819752709949231,0.3484239508829175,0.7819752709949231,4.47,0.7664628120005704,0.3611006841315348,0.7664628120005704,53.0,0.7179737414470692,0.3739389906976339,0.7179737414470692,21.2,0.8046102432245033,0.3299537724535712,0.8046102432245033,56.5,0.8097810628892876,0.3251756519624815,0.8097810628892876
46.7,0.8097810628892875,0.3251756519624815,0.8097810628892875,1290.0,0.7871460906597073,0.34003798373483546,0.7871460906597073,70.0,0.7974877299892758,0.33495430918148195,0.7974877299892758,3.9,0.781975270994923,0.34842395088291744,0.781975270994923,8.03,0.7664628120005705,0.36110068413153484,0.7664628120005705,24.0,0.7240456166301807,0.37498895236080465,0.7240456166301807,27.8,0.7994394235597191,0.334643792005459,0.7994394235597191,52.9,0.8149518825540718,0.32030943053218974,0.8149518825540718
85.9,0.8046102432245033,0.3299537724535712,0.8046102432245033,2298.0,0.7819752709949231,0.34446593577908347,0.7819752709949231,41.0,0.7974877299892758,0.33495430918148195,0.7974877299892758,3.1,0.7819752709949231,0.3484239508829175,0.7819752709949231,30.49,0.7664628120005704,0.3611006841315348,0.7664628120005704,29.0,0.7169231033949532,0.3784212395763011,0.7169231033949532,36.5,0.7994394235597191,0.334643792005459,0.7994394235597191,67.5,0.8097810628892876,0.3251756519624815,0.8097810628892876
79.2,0.7994394235597191,0.334643792005459,0.7994394235597191,1546.0,0.776804451330139,0.3488057868841294,0.776804451330139,20.0,0.8026585496540599,0.33028822673593305,0.8026585496540599,-0.8,0.7871460906597073,0.3440221712549752,0.7871460906597073,18.75,0.7664628120005704,0.3611006841315348,0.7664628120005704,36.0,0.7169231033949532,0.3784212395763011,0.7169231033949532,32.9,0.794268603894935,0.33924571061814474,0.794268603894935,65.1,0.8046102432245033,0.3299537724535712,0.8046102432245033
19.6,0.7942686038949349,0.33924571061814474,0.7942686038949349,942.0,0.7787561449005824,0.3485811395184733,0.7787561449005824,45.0,0.8026585496540599,0.33028822673593305,0.8026585496540599,-3.9,0.7923169103244916,0.3395322906878293,0.7923169103244916,3.86,0.7664628120005704,0.3611006841315348,0.7664628120005704,29.0,0.7220939230597374,0.3749990549826944,0.7220939230597374,20.8,0.794268603894935,0.33924571061814474,0.794268603894935,60.8,0.8046102432245033,0.3299537724535712,0.8046102432245033
74.1,0.7994394235597191,0.334643792005459,0.7994394235597191,1508.0,0.7787561449005823,0.3485811395184743,0.7787561449005823,68.0,0.80265854965406,0.33028822673593256,0.80265854965406,5.5,0.7923169103244916,0.3395322906878293,0.7923169103244916,16.98,0.7664628120005704,0.36110068413153423,0.7664628120005704,37.0,0.7240456166301807,0.37498895236080465,0.7240456166301807,32.5,0.7890977842301509,0.34375952829162687,0.7890977842301509,66.7,0.8046102432245033,0.3299537724535712,0.8046102432245033
74.9,0.7942686038949349,0.33924571061814474,0.7942686038949349,1956.0,0.7787561449005823,0.3485811395184743,0.7787561449005823,56.0,0.8026585496540599,0.3302882267359325,0.8026585496540599,-3.9,0.785194397089264,0.3442792955891904,0.785194397089264,7.18,0.7716336316653547,0.3569632073211981,0.7716336316653547,41.0,0.7295828133005351,0.3758159101616041,0.7295828133005351,25.1,0.794268603894935,0.33924571061814474,0.794268603894935,66.3,0.8046102432245033,0.3299537724535712,0.8046102432245033
71.4,0.7942686038949349,0.33924571061814474,0.7942686038949349,1386.0,0.7787561449005823,0.3485811395184743,0.7787561449005823,60.0,0.8026585496540599,0.33028822673593305,0.8026585496540599,3.1,0.7800235774244797,0.34865713811079385,0.7800235774244797,14.68,0.7645111184301271,0.36126206004039624,0.7645111184301271,44.0,0.7325437462265375,0.37644684055563904,0.7325437462265375,31.4,0.7890977842301509,0.34375952829162687,0.7890977842301509,64.7,0.8046102432245033,0.3299537724535712,0.8046102432245033
48.6,0.7994394235597191,0.334643792005459,0.7994394235597191,1493.0,0.773585325235798,0.3528568267906565,0.773585325235798,30.0,0.7974877299892758,0.334954309181483,0.7974877299892758,-8.6,0.7800235774244797,0.34865713811079385,0.7800235774244797,4.62,0.7696819380949113,0.35714852033639727,0.7696819380949113,33.0,0.7377145658913218,0.3728194455778801,0.7377145658913218,21.2,0.7890977842301509,0.34375952829162737,0.7890977842301509,64.3,0.8046102432245033,0.3299537724535712,0.8046102432245033
77.3,0.7994394235597191,0.334643792005459,0.7994394235597191,2299.0,0.7684145055710138,0.35704441312363566,0.7684145055710138,38.0,0.7974877299892758,0.334954309181483,0.7974877299892758,-4.7,0.7800235774244797,0.34865713811079435,0.7800235774244797,27.34,0.7645111184301271,0.36126206004039624,0.7645111184301271,28.0,0.7428853855561058,0.36910394966091903,0.7428853855561058,35.3,0.7942686038949349,0.33924571061814474,0.7942686038949349,68.2,0.7974877299892758,0.33495430918148195,0.7974877299892758
100.0,0.794268603894935,0.33924571061814474,0.794268603894935,1635.0,0.7632436859062297,0.3611438985174134,0.7632436859062297,86.0,0.7974877299892758,0.334954309181483,0.7974877299892758,0.8,0.7800235774244797,0.34865713811079435,0.7800235774244797,27.08,0.7573886051948995,0.36541941897858554,0.7573886051948995,38.0,0.74805620522089,0.3653003528047569,0.74805620522089,37.6,0.794268603894935,0.33924571061814474,0.794268603894935,58.0,0.7974877299892758,0.33495430918148195,0.7974877299892758
94.5,0.794268603894935,0.33924571061814474,0.794268603894935,2128.0,0.7632436859062296,0.36114389851741435,0.7632436859062296,19.0,0.7974877299892758,0.33495430918148195,0.7974877299892758,-8.6,0.7800235774244797,0.34865713811079435,0.7800235774244797,30.35,0.7573886051948995,0.3654194189785845,0.7573886051948995,39.0,0.74805620522089,0.3653003528047569,0.74805620522089,36.9,0.7871460906597073,0.34402217125497575,0.7871460906597073,64.3,0.7974877299892758,0.33495430918148195,0.7974877299892758
40.0,0.7923169103244916,0.33953229068782886,0.7923169103244916,806.0,0.7561211726710019,0.3652841819122918,0.7561211726710019,36.0,0.8026585496540599,0.33028822673593305,0.8026585496540599,-7.0,0.7800235774244799,0.34865713811079446,0.7800235774244799,4.94,0.7573886051948995,0.36541941897858554,0.7573886051948995,23.0,0.7551787184561177,0.36127742872936536,0.7551787184561177,21.6,0.7890977842301506,0.34375952829162837,0.7890977842301506,67.1,0.7923169103244917,0.33953229068782886,0.7923169103244917
81.2,0.794268603894935,0.33924571061814474,0.794268603894935,1188.0,0.7467887726969925,0.3689317268970883,0.7467887726969925,76.0,0.7974877299892758,0.334954309181483,0.7974877299892758,8.6,0.7851943970892641,0.34427929558919046,0.7851943970892641,15.08,0.7573886051948995,0.36541941897858554,0.7573886051948995,33.0,0.7551787184561177,0.36127742872936536,0.7551787184561177,32.2,0.7890977842301506,0.34375952829162787,0.7890977842301506,59.2,0.7923169103244917,0.33953229068782886,0.7923169103244917
92.5,0.7871460906597073,0.3440221712549752,0.7871460906597073,1851.0,0.7448370791265492,0.3690205975935695,0.7448370791265492,25.0,0.7890977842301509,0.3397654621565049,0.7890977842301509,1.6,0.7871460906597074,0.3440221712549742,0.7871460906597074,26.49,0.7625594248596836,0.36141791732012696,0.7625594248596836,42.0,0.7500078987913333,0.3651930636310696,0.7500078987913333,36.1,0.7819752709949231,0.3484239508829175,0.7819752709949231,64.3,0.7923169103244917,0.33953229068782886,0.7923169103244917
35.7,0.794268603894935,0.33924571061814474,0.794268603894935,828.0,0.7448370791265492,0.3690205975935695,0.7448370791265492,36.0,0.7819752709949231,0.34446593577908347,0.7819752709949231,0.0,0.7871460906597074,0.34402217125497525,0.7871460906597074,4.02,0.7625594248596836,0.36141791732012696,0.7625594248596836,47.0,0.7448370791265492,0.3690205975935695,0.7448370791265492,20.4,0.7819752709949231,0.3484239508829175,0.7819752709949231,56.5,0.7923169103244917,0.33953229068782886,0.7923169103244917
40.0,0.7994394235597191,0.334643792005459,0.7994394235597191,804.0,0.7448370791265492,0.3690205975935695,0.7448370791265492,34.0,0.7819752709949231,0.34446593577908347,0.7819752709949231,-5.5,0.7871460906597074,0.34402217125497525,0.7871460906597074,4.47,0.7696819380949114,0.3571485203363973,0.7696819380949114,43.0,0.7396662594617651,0.3727600306168694,0.7396662594617651,20.8,0.7819752709949231,0.3484239508829175,0.7819752709949231,58.0,0.7923169103244917,0.33953229068782886,0.7923169103244917
44.3,0.7994394235597191,0.334643792005459,0.7994394235597191,1337.0,0.7448370791265492,0.3690205975935695,0.7448370791265492,38.0,0.7819752709949231,0.34446593577908347,0.7819752709949231,6.2,0.7871460906597074,0.34402217125497525,0.7871460906597074,8.9,0.7645111184301271,0.36126206004039624,0.7645111184301271,23.0,0.7344954397969807,0.3764113627009656,0.7344954397969807,27.5,0.7819752709949231,0.3484239508829175,0.7819752709949231,67.5,0.7923169103244917,0.33953229068782886,0.7923169103244917
32.2,0.794268603894935,0.33924571061814474,0.794268603894935,818.0,0.7448370791265492,0.3690205975935695,0.7448370791265492,34.0,0.776804451330139,0.3488057868841294,0.776804451330139,4.7,0.7871460906597074,0.34402217125497525,0.7871460906597074,4.16,0.7645111184301271,0.36126206004039624,0.7645111184301271,2.0,0.7344954397969808,0.37641136270096565,0.7344954397969808,20.4,0.7819752709949233,0.34842395088291755,0.7819752709949233,65.1,0.7923169103244917,0.33953229068782886,0.7923169103244917
97.3,0.7942686038949349,0.33924571061814474,0.7942686038949349,716.0,0.7448370791265492,0.3690205975935695,0.7448370791265492,39.0,0.7819752709949231,0.34446593577908347,0.7819752709949231,-0.8,0.7871460906597074,0.3440221712549742,0.7871460906597074,5.54,0.7645111184301271,0.36126206004039624,0.7645111184301271,4.0,0.7261054940378558,0.3797813749299371,0.7261054940378558,24.7,0.7819752709949233,0.34842395088291755,0.7819752709949233,58.8,0.7923169103244916,0.33953229068782886,0.7923169103244916
