ENGINE_LOAD,ENGINE_LOAD_entropy,ENGINE_LOAD_complexity,ENGINE_LOAD_fisher,ENGINE_RPM,ENGINE_RPM_entropy,ENGINE_RPM_complexity,ENGINE_RPM_fisher,INTAKE_MANIFOLD_PRESSURE,INTAKE_MANIFOLD_PRESSURE_entropy,INTAKE_MANIFOLD_PRESSURE_complexity,INTAKE_MANIFOLD_PRESSURE_fisher,Short Term Fuel Trim Bank 1,Short Term Fuel Trim Bank 1_entropy,Short Term Fuel Trim Bank 1_complexity,Short Term Fuel Trim Bank 1_fisher,MAF,MAF_entropy,MAF_complexity,MAF_fisher,SPEED,SPEED_entropy,SPEED_complexity,SPEED_fisher,THROTTLE_POS,THROTTLE_POS_entropy,THROTTLE_POS_complexity,THROTTLE_POS_fisher,TIMING_ADVANCE,TIMING_ADVANCE_entropy,TIMING_ADVANCE_complexity,TIMING_ADVANCE_fisher
18.4,0.7890977842301509,0.34375952829162687,0.7890977842301509,2404.0,0.7645111184301271,0.36126206004039624,0.7645111184301271,78.0,0.7787561449005823,0.3485811395184743,0.7787561449005823,5.5,0.7748527577596955,0.3529468796931968,0.7748527577596955,6.41,0.7645111184301271,0.36126206004039624,0.7645111184301271,63.0,0.6681161488004762,0.39307962217187054,0.6681161488004762,30.6,0.7923169103244916,0.33953229068782886,0.7923169103244916,63.5,0.7994394235597191,0.334643792005459,0.7994394235597191
100.0,0.794268603894935,0.33924571061814474,0.794268603894935,2133.0,0.7716336316653547,0.3569632073211975,0.7716336316653547,73.0,0.7787561449005823,0.3485811395184743,0.7787561449005823,-6.2,0.7748527577596955,0.3529468796931979,0.7748527577596955,32.09,0.7645111184301271,0.36126206004039624,0.7645111184301271,66.0,0.6631132038455607,0.3912435167707139,0.6631132038455607,37.6,0.7871460906597074,0.3440221712549742,0.7871460906597074,64.3,0.8046102432245033,0.3299537724535712,0.8046102432245033
52.9,0.794268603894935,0.33924571061814474,0.794268603894935,2214.0,0.7696819380949114,0.3571485203363973,0.7696819380949114,59.0,0.7787561449005823,0.3485811395184743,0.7787561449005823,-4.7,0.7748527577596955,0.3529468796931979,0.7748527577596955,6.94,0.7645111184301271,0.36126206004039624,0.7645111184301271,64.0,0.6631132038455608,0.3912435167707139,0.6631132038455608,24.3,0.7923169103244917,0.33953229068782886,0.7923169103244917,68.2,0.8097810628892875,0.3251756519624815,0.8097810628892875
72.9,0.794268603894935,0.33924571061814474,0.794268603894935,2166.0,0.7768044513301391,0.35273762957165733,0.7768044513301391,34.0,0.773585325235798,0.3528568267906565,0.773585325235798,-3.1,0.7748527577596955,0.3529468796931968,0.7748527577596955,22.95,0.7645111184301271,0.36126206004039624,0.7645111184301271,67.0,0.6579423841807766,0.3937977245728135,0.6579423841807766,34.1,0.7923169103244916,0.33953229068782886,0.7923169103244916,68.6,0.8149518825540718,0.32030943053218974,0.8149518825540718
52.5,0.794268603894935,0.33924571061814474,0.794268603894935,2293.0,0.7716336316653547,0.3569632073211975,0.7716336316653547,19.0,0.773585325235798,0.3528568267906565,0.773585325235798,3.1,0.7748527577596955,0.3529468796931974,0.7748527577596955,17.96,0.7645111184301271,0.36126206004039624,0.7645111184301271,65.0,0.6579423841807766,0.3937977245728135,0.6579423841807766,32.5,0.7871460906597073,0.3440221712549752,0.7871460906597073,72.2,0.8149518825540718,0.32030943053219024,0.8149518825540718
90.2,0.7994394235597191,0.334643792005459,0.7994394235597191,1828.0,0.7768044513301391,0.35273762957165733,0.7768044513301391,47.0,0.7735853252357979,0.35285682679065644,0.7735853252357979,6.2,0.7748527577596955,0.3529468796931968,0.7748527577596955,23.74,0.7716336316653547,0.3569632073211975,0.7716336316653547,57.0,0.6631132038455607,0.3912435167707147,0.6631132038455607,34.9,0.7871460906597073,0.3440221712549752,0.7871460906597073,65.5,0.820122702218856,0.3153551081626964,0.820122702218856
18.0,0.7994394235597191,0.334643792005459,0.7994394235597191,1490.0,0.7819752709949233,0.34842395088291755,0.7819752709949233,31.0,0.7787561449005823,0.3485811395184743,0.7787561449005823,3.9,0.7748527577596955,0.3529468796931968,0.7748527577596955,3.8,0.7787561449005823,0.3525228608209886,0.7787561449005823,18.0,0.6663323299399015,0.3917810610959659,0.6663323299399015,20.8,0.794268603894935,0.33924571061814474,0.794268603894935,62.7,0.820122702218856,0.3153551081626964,0.820122702218856
92.2,0.7994394235597191,0.334643792005459,0.7994394235597191,2249.0,0.7819752709949233,0.34842395088291755,0.7819752709949233,20.0,0.773585325235798,0.3528568267906565,0.773585325235798,-2.3,0.7748527577596955,0.3529468796931968,0.7748527577596955,31.18,0.7839269645653666,0.348185245025908,0.7839269645653666,37.0,0.6643806363694582,0.3915728355512271,0.6643806363694582,36.9,0.794268603894935,0.33924571061814474,0.794268603894935,66.7,0.8149518825540718,0.32030943053218974,0.8149518825540718
59.2,0.7994394235597191,0.334643792005459,0.7994394235597191,2160.0,0.7819752709949233,0.34842395088291755,0.7819752709949233,66.0,0.7684145055710139,0.3570444131236367,0.7684145055710139,7.0,0.7748527577596955,0.3529468796931968,0.7748527577596955,17.34,0.7890977842301509,0.34375952829162687,0.7890977842301509,45.0,0.6643806363694582,0.3915728355512271,0.6643806363694582,31.8,0.794268603894935,0.33924571061814474,0.794268603894935,71.4,0.8149518825540718,0.32030943053219024,0.8149518825540718
81.6,0.794268603894935,0.33924571061814474,0.794268603894935,2360.0,0.7819752709949233,0.34842395088291755,0.7819752709949233,52.0,0.773585325235798,0.3528568267906565,0.773585325235798,3.1,0.7800235774244798,0.34865713811079546,0.7800235774244798,21.61,0.7839269645653666,0.348185245025908,0.7839269645653666,53.0,0.659209816704674,0.3941410976635466,0.659209816704674,32.5,0.7994394235597191,0.334643792005459,0.7994394235597191,68.2,0.8149518825540718,0.32030943053218974,0.8149518825540718
63.9,0.794268603894935,0.33924571061814474,0.794268603894935,2125.0,0.7819752709949233,0.34842395088291755,0.7819752709949233,43.0,0.773585325235798,0.3528568267906565,0.773585325235798,2.3,0.7800235774244798,0.34865713811079546,0.7800235774244798,20.02,0.7839269645653666,0.348185245025908,0.7839269645653666,67.0,0.6467107385604446,0.39421019630063425,0.6467107385604446,33.3,0.8046102432245031,0.3299537724535712,0.8046102432245031,69.0,0.8149518825540718,0.32030943053218974,0.8149518825540718
54.1,0.794268603894935,0.33924571061814474,0.794268603894935,2222.0,0.7819752709949233,0.34842395088291755,0.7819752709949233,50.0,0.773585325235798,0.3528568267906565,0.773585325235798,-6.2,0.7819752709949231,0.3484239508829175,0.7819752709949231,18.39,0.7890977842301509,0.34375952829162687,0.7890977842301509,68.0,0.6390429243822141,0.3915766932824427,0.6390429243822141,32.5,0.8097810628892875,0.3251756519624815,0.8097810628892875,71.4,0.8097810628892875,0.3251756519624815,0.8097810628892875
42.4,0.794268603894935,0.33924571061814474,0.794268603894935,2266.0,0.7871460906597074,0.3440221712549732,0.7871460906597074,19.0,0.773585325235798,0.3528568267906565,0.773585325235798,0.0,0.7819752709949231,0.3484239508829175,0.7819752709949231,8.44,0.794268603894935,0.33924571061814474,0.794268603894935,65.0,0.6390429243822141,0.3915766932824427,0.6390429243822141,25.9,0.8097810628892875,0.3251756519624815,0.8097810628892875,63.8636053593179,0.8097810628892875,0.3251756519624815,0.8097810628892875
19.6,0.794268603894935,0.33924571061814474,0.794268603894935,1039.0,0.7871460906597073,0.34402217125497314,0.7871460906597073,34.0,0.773585325235798,0.3528568267906565,0.773585325235798,4.7,0.7839269645653665,0.348185245025908,0.7839269645653665,3.21,0.794268603894935,0.33924571061814474,0.794268603894935,16.0,0.630652978623089,0.3930971322353846,0.630652978623089,18.4,0.8046102432245033,0.3299537724535712,0.8046102432245033,57.3,0.8097810628892875,0.3251756519624815,0.8097810628892875
65.5,0.794268603894935,0.33924571061814474,0.794268603894935,1048.0,0.7923169103244917,0.33953229068782886,0.7923169103244917,46.0,0.773585325235798,0.3528568267906565,0.773585325235798,-3.9,0.7839269645653665,0.348185245025909,0.7839269645653665,9.47,0.7871460906597073,0.3440221712549752,0.7871460906597073,18.0,0.6287012850526456,0.39276946834790283,0.6287012850526456,27.5,0.7994394235597191,0.334643792005459,0.7994394235597191,56.5,0.8149518825540717,0.3203094305321897,0.8149518825540717
48.6,0.794268603894935,0.33924571061814474,0.794268603894935,1708.0,0.7923169103244917,0.33953229068782936,0.7923169103244917,51.0,0.7787561449005823,0.3485811395184743,0.7787561449005823,-0.8,0.7839269645653665,0.348185245025909,0.7839269645653665,12.06,0.7819752709949231,0.3484239508829175,0.7819752709949231,28.0,0.6235304653878614,0.3948509816674919,0.6235304653878614,30.2,0.7994394235597191,0.334643792005459,0.7994394235597191,74.9,0.8149518825540717,0.3203094305321897,0.8149518825540717
64.3,0.794268603894935,0.33924571061814474,0.794268603894935,2594.0,0.7871460906597074,0.3440221712549732,0.7871460906597074,29.0,0.7839269645653665,0.3442173513070906,0.7839269645653665,-4.7,0.7787561449005823,0.3525228608209876,0.7787561449005823,24.83,0.776804451330139,0.35273762957165883,0.776804451330139,35.0,0.6267495914822022,0.3956086167750181,0.6267495914822022,34.5,0.794268603894935,0.33924571061814474,0.794268603894935,70.6,0.8149518825540717,0.3203094305321897,0.8149518825540717
59.2,0.7890977842301506,0.34375952829162787,0.7890977842301506,1851.0,0.7819752709949233,0.34842395088291755,0.7819752709949233,64.0,0.776804451330139,0.3488057868841294,0.776804451330139,-3.1,0.776804451330139,0.35273762957165883,0.776804451330139,16.6,0.7696819380949114,0.3571485203363973,0.7696819380949114,45.0,0.6207222802859561,0.3929344898187056,0.6207222802859561,32.2,0.794268603894935,0.33924571061814474,0.794268603894935,69.0,0.8149518825540717,0.3203094305321897,0.8149518825540717
56.5,0.794268603894935,0.33924571061814474,0.794268603894935,2306.0,0.7819752709949233,0.34842395088291755,0.7819752709949233,21.0,0.776804451330139,0.3488057868841294,0.776804451330139,-0.8,0.776804451330139,0.35273762957165883,0.776804451330139,19.96,0.7696819380949114,0.3571485203363973,0.7696819380949114,50.0,0.614407765617596,0.39007800071516285,0.614407765617596,32.9,0.794268603894935,0.33924571061814474,0.794268603894935,71.0,0.8149518825540717,0.3203094305321897,0.8149518825540717
23.9,0.794268603894935,0.33924571061814474,0.794268603894935,2368.0,0.7819752709949231,0.3484239508829175,0.7819752709949231,18.0,0.776804451330139,0.3488057868841294,0.776804451330139,6.2,0.776804451330139,0.35273762957165883,0.776804451330139,9.32,0.7696819380949114,0.3571485203363973,0.7696819380949114,45.0,0.6124560720471528,0.38970479420588505,0.6124560720471528,28.6,0.794268603894935,0.33924571061814474,0.794268603894935,78.4,0.8149518825540717,0.3203094305321897,0.8149518825540717
18.4,0.7890977842301509,0.34375952829162687,0.7890977842301509,2006.0,0.7819752709949233,0.34842395088291755,0.7819752709949233,19.0,0.776804451330139,0.3488057868841294,0.776804451330139,0.0,0.7716336316653547,0.3569632073211981,0.7716336316653547,5.32,0.7696819380949114,0.3571485203363973,0.7696819380949114,29.0,0.6175031541916154,0.39215867467124826,0.6175031541916154,23.1,0.7942686038949351,0.33924571061814374,0.7942686038949351,63.5,0.8130001889836285,0.32069175902722813,0.8130001889836285
20.4,0.7890977842301509,0.34375952829162687,0.7890977842301509,1035.0,0.7871460906597074,0.3440221712549732,0.7871460906597074,21.0,0.7716336316653546,0.3530575370499733,0.7716336316653546,6.2,0.7716336316653546,0.3569632073211975,0.7716336316653546,3.07,0.7625594248596836,0.36141791732012746,0.7625594248596836,19.0,0.6235304653878614,0.3948509816674919,0.6235304653878614,18.4,0.7871460906597073,0.3440221712549752,0.7871460906597073,61.2,0.8058776757484007,0.32588691611075055,0.8058776757484007
29.0,0.7890977842301509,0.34375952829162687,0.7890977842301509,847.0,0.7871460906597074,0.3440221712549732,0.7871460906597074,56.0,0.7664628120005705,0.35722118627661575,0.7664628120005705,0.0,0.7664628120005704,0.36110068413153423,0.7664628120005704,3.67,0.7573886051948995,0.365419418978585,0.7573886051948995,9.0,0.6222630328639639,0.39444032966299,0.6222630328639639,19.6,0.7819752709949231,0.3484239508829175,0.7819752709949231,62.4,0.8078293693188441,0.32553404335118263,0.8078293693188441
36.1,0.7890977842301509,0.34375952829162687,0.7890977842301509,787.0,0.785194397089264,0.34427929558918985,0.785194397089264,36.0,0.7612919923357861,0.361296734564054,0.7612919923357861,0.8,0.7664628120005704,0.36110068413153423,0.7664628120005704,4.01,0.7573886051948995,0.3654194189785845,0.7573886051948995,0.0,0.6181014525547386,0.3932873427910564,0.6181014525547386,20.4,0.7819752709949231,0.3484239508829175,0.7819752709949231,56.1,0.8026585496540599,0.3302882267359325,0.8026585496540599
42.0,0.7890977842301509,0.34375952829162687,0.7890977842301509,783.0,0.7819752709949231,0.34446593577908347,0.7819752709949231,35.0,0.7612919923357861,0.361296734564054,0.7612919923357861,-1.6,0.7716336316653546,0.3569632073211975,0.7716336316653546,4.6,0.7573886051948994,0.365419418978585,0.7573886051948994,1.0,0.6097115067956136,0.3943891846115805,0.6097115067956136,20.8,0.7819752709949231,0.3484239508829175,0.7819752709949231,54.1,0.8026585496540598,0.33028822673593244,0.8026585496540598
17.6,0.794268603894935,0.33924571061814474,0.794268603894935,819.0,0.7819752709949233,0.3444659357790835,0.7819752709949233,47.0,0.7664628120005704,0.35722118627661564,0.7664628120005704,-1.6,0.776804451330139,0.35273762957165883,0.776804451330139,4.09,0.7541694791005585,0.365407562223463,0.7541694791005585,12.0,0.602588993560386,0.39576744754649873,0.602588993560386,23.9,0.7819752709949231,0.3484239508829175,0.7819752709949231,65.9,0.8026585496540598,0.33028822673593244,0.8026585496540598
22.0,0.7994394235597191,0.334643792005459,0.7994394235597191,1296.0,0.7819752709949233,0.3444659357790835,0.7819752709949233,19.0,0.7716336316653546,0.3530575370499733,0.7716336316653546,0.0,0.776804451330139,0.35273762957165883,0.776804451330139,3.71,0.7541694791005586,0.36540756222346304,0.7541694791005586,19.0,0.5974181738956018,0.39746079987516664,0.5974181738956018,20.0,0.7819752709949231,0.3484239508829175,0.7819752709949231,60.4,0.8026585496540598,0.33028822673593244,0.8026585496540598
35.7,0.8046102432245033,0.3299537724535712,0.8046102432245033,1813.0,0.7768044513301391,0.3488057868841295,0.7768044513301391,59.0,0.776804451330139,0.3488057868841294,0.776804451330139,3.9,0.7839269645653666,0.3481852450259085,0.7839269645653666,9.6,0.7541694791005586,0.36540756222346304,0.7541694791005586,33.67243525896414,0.5842683494641281,0.3955796770147147,0.5842683494641281,29.0,0.7819752709949231,0.3484239508829175,0.7819752709949231,73.7,0.8026585496540598,0.330288226735933,0.8026585496540598
90.6,0.8046102432245033,0.3299537724535712,0.8046102432245033,2904.0,0.7716336316653547,0.3530575370499728,0.7716336316653547,69.0,0.7787561449005823,0.3485811395184743,0.7787561449005823,-2.3,0.7839269645653666,0.348185245025908,0.7839269645653666,40.04,0.7541694791005586,0.36540756222346304,0.7541694791005586,39.0,0.5708313215605405,0.3932119696636209,0.5708313215605405,38.0,0.781975270994923,0.34842395088291744,0.781975270994923,67.8,0.8026585496540598,0.330288226735933,0.8026585496540598
86.3,0.8046102432245034,0.32995377245357127,0.8046102432245034,2020.0,0.7696819380949114,0.35325272868015845,0.7696819380949114,57.0,0.7839269645653666,0.3442173513070906,0.7839269645653666,-10.9,0.7839269645653665,0.348185245025909,0.7839269645653665,24.71,0.7489986594357745,0.369282971526159,0.7489986594357745,43.0,0.5622984607383459,0.3891905233520759,0.5622984607383459,34.5,0.7819752709949231,0.3484239508829175,0.7819752709949231,66.7,0.7974877299892756,0.3349543091814814,0.7974877299892756
50.6,0.8046102432245033,0.3299537724535712,0.8046102432245033,2164.0,0.7716336316653547,0.3530575370499733,0.7716336316653547,46.0,0.7890977842301509,0.3397654621565049,0.7890977842301509,-6.2,0.7787561449005823,0.3525228608209886,0.7787561449005823,16.16,0.7489986594357745,0.369282971526159,0.7489986594357745,45.0,0.5483459318647489,0.38602980236352774,0.5483459318647489,32.2,0.781975270994923,0.34842395088291744,0.781975270994923,69.0,0.7923169103244916,0.33953229068782886,0.7923169103244916
70.2,0.8046102432245033,0.3299537724535712,0.8046102432245033,2256.0,0.7664628120005705,0.3572211862766147,0.7664628120005705,45.0,0.7942686038949348,0.3352254720667159,0.7942686038949348,0.6281970010971596,0.773585325235798,0.35677237567686615,0.773585325235798,23.23,0.7489986594357743,0.3692829715261589,0.7489986594357743,44.0,0.5412234186295212,0.38639152120802617,0.5412234186295212,32.9,0.781975270994923,0.34842395088291744,0.781975270994923,69.4,0.7871460906597073,0.3440221712549752,0.7871460906597073
71.0,0.8046102432245033,0.3299537724535712,0.8046102432245033,2446.0,0.7664628120005705,0.3572211862766147,0.7664628120005705,42.0,0.7890977842301509,0.3397654621565049,0.7890977842301509,2.3,0.773585325235798,0.35677237567686615,0.773585325235798,25.9,0.7509503530062177,0.3691835283213276,0.7509503530062177,51.0,0.5412234186295212,0.38639152120802617,0.5412234186295212,34.9,0.7819752709949231,0.3484239508829175,0.7819752709949231,69.8,0.7871460906597073,0.3440221712549752,0.7871460906597073
45.9,0.8046102432245033,0.3299537724535712,0.8046102432245033,2516.0,0.7593402987653428,0.3614440519815625,0.7593402987653428,18.0,0.7819752709949231,0.34446593577908347,0.7819752709949231,3.9,0.773585325235798,0.35677237567686615,0.773585325235798,17.09,0.7561211726710019,0.3652841819122918,0.7561211726710019,49.0,0.5505558186035308,0.38704123590838396,0.5505558186035308,32.2,0.7871460906597074,0.3440221712549742,0.7871460906597074,73.7,0.7819752709949231,0.3484239508829175,0.7819752709949231
27.1,0.8046102432245033,0.3299537724535712,0.8046102432245033,2302.0,0.7541694791005585,0.365407562223463,0.7541694791005585,61.0,0.7903652167540481,0.3398133521283833,0.7903652167540481,10.9,0.7664628120005704,0.36110068413153423,0.7664628120005704,9.12,0.7612919923357861,0.361296734564054,0.7612919923357861,44.0,0.5589457643626558,0.3870353800747003,0.5589457643626558,27.8,0.7800235774244798,0.3486571381107949,0.7800235774244798,77.6,0.7748527577596954,0.3529468796931973,0.7748527577596954
84.3,0.8046102432245033,0.3299537724535712,0.8046102432245033,2232.0,0.7541694791005586,0.36540756222346304,0.7541694791005586,42.0,0.7974877299892758,0.33495430918148195,0.7974877299892758,0.0,0.7664628120005705,0.36110068413153434,0.7664628120005705,27.48,0.7612919923357861,0.361296734564054,0.7612919923357861,48.0,0.5660682775978835,0.3863446060117928,0.5660682775978835,35.7,0.7800235774244798,0.3486571381107949,0.7800235774244798,67.8,0.7748527577596954,0.3529468796931973,0.7748527577596954
16.9,0.8097810628892876,0.3251756519624815,0.8097810628892876,1247.0,0.7541694791005585,0.365407562223463,0.7541694791005585,31.0,0.7955360364188324,0.3352593077283743,0.7955360364188324,9.4,0.7716336316653547,0.3569632073211981,0.7716336316653547,3.51,0.7696819380949114,0.3571485203363973,0.7696819380949114,25.0,0.5712390972626675,0.38500730364903907,0.5712390972626675,18.4,0.7800235774244798,0.34865713811079385,0.7800235774244798,62.7,0.7664628120005704,0.35722118627661464,0.7664628120005704
60.4,0.8097810628892876,0.3251756519624815,0.8097810628892876,2021.0,0.7522177855301153,0.3655254239055005,0.7522177855301153,68.0,0.7884135231836048,0.34008889493980465,0.7884135231836048,1.6,0.776804451330139,0.35273762957165883,0.776804451330139,19.71,0.7645111184301271,0.36126206004039624,0.7645111184301271,36.0,0.5851916261362646,0.38747818098742026,0.5851916261362646,33.7,0.7748527577596955,0.3529468796931963,0.7748527577596955,63.1,0.7593402987653428,0.3614440519815625,0.7593402987653428
20.4,0.8097810628892876,0.3251756519624815,0.8097810628892876,2383.0,0.7522177855301153,0.3655254239055005,0.7522177855301153,58.0,0.7832427035188205,0.3445309012942734,0.7832427035188205,-1.6,0.776804451330139,0.35273762957165883,0.776804451330139,6.53,0.7645111184301271,0.36126206004039624,0.7645111184301271,42.0,0.5988953066232434,0.3894727471063927,0.5988953066232434,24.3,0.7748527577596954,0.35294687969319677,0.7748527577596954,63.9,0.7593402987653428,0.3614440519815635,0.7593402987653428
27.8,0.8097810628892876,0.3251756519624815,0.8097810628892876,2140.0,0.7522177855301153,0.3655254239055005,0.7522177855301153,20.0,0.7884135231836048,0.34008889493980465,0.7884135231836048,0.0,0.7819752709949231,0.3484239508829175,0.7819752709949231,6.35,0.7645111184301271,0.36126206004039624,0.7645111184301271,40.0,0.612332334526831,0.390991966751879,0.612332334526831,23.9,0.7800235774244798,0.3486571381107949,0.7800235774244798,71.0,0.7593402987653428,0.3614440519815625,0.7593402987653428
22.7,0.8078293693188443,0.32553404335118163,0.8078293693188443,1858.0,0.7522177855301153,0.3655254239055005,0.7522177855301153,20.0,0.7884135231836048,0.34008889493980465,0.7884135231836048,0.0,0.7871460906597073,0.3440221712549742,0.7871460906597073,5.32,0.7645111184301271,0.36126206004039624,0.7645111184301271,23.0,0.6254821589583048,0.3920366669039178,0.6254821589583048,23.5,0.785194397089264,0.34427929558918985,0.785194397089264,74.1,0.7561211726710019,0.36145702888998094,0.7561211726710019
21.6,0.8078293693188443,0.32553404335118163,0.8078293693188443,899.0,0.7470469658653309,0.36937689610185864,0.7470469658653309,34.0,0.7884135231836048,0.34008889493980465,0.7884135231836048,3.9,0.7819752709949231,0.3484239508829175,0.7819752709949231,3.76,0.7593402987653428,0.36528749880519307,0.7593402987653428,17.0,0.6331499731365352,0.3948209747577849,0.6331499731365352,20.4,0.7851943970892639,0.34427929558919035,0.7851943970892639,64.7,0.7561211726710019,0.36145702888998094,0.7561211726710019
37.6,0.8130001889836285,0.32069175902722813,0.8130001889836285,799.0,0.7377145658913216,0.37281944557788,0.7377145658913216,32.0,0.7832427035188206,0.34453090129427344,0.7832427035188206,-4.7,0.7819752709949231,0.3484239508829175,0.7819752709949231,3.86,0.7541694791005585,0.3692248366307884,0.7541694791005585,0.0,0.62898839282731,0.3937370004366588,0.62898839282731,20.0,0.7800235774244798,0.34865713811079335,0.7800235774244798,56.9,0.7561211726710019,0.36145702888998094,0.7561211726710019
39.6,0.8078293693188443,0.32553404335118163,0.8078293693188443,812.0,0.7344954397969807,0.37269366963285294,0.7344954397969807,53.0,0.7903652167540481,0.3398133521283833,0.7903652167540481,-2.3,0.776804451330139,0.35273762957165883,0.776804451330139,8.35,0.7593402987653428,0.36528749880519307,0.7593402987653428,12.0,0.62898839282731,0.3937370004366588,0.62898839282731,28.6,0.7851943970892639,0.34427929558919035,0.7851943970892639,53.7,0.7509503530062177,0.3653825477153214,0.7509503530062177
74.9,0.8078293693188443,0.32553404335118163,0.8078293693188443,2558.0,0.7344954397969807,0.37269366963285294,0.7344954397969807,50.0,0.7903652167540481,0.3398133521283833,0.7903652167540481,1.6,0.776804451330139,0.35273762957165883,0.776804451330139,23.91,0.7645111184301271,0.36126206004039624,0.7645111184301271,21.0,0.6289883928273099,0.3937370004366587,0.6289883928273099,29.8,0.7923169103244917,0.33953229068782886,0.7923169103244917,69.4,0.756121172671002,0.361457028889981,0.756121172671002
74.1,0.8026585496540599,0.33028822673593305,0.8026585496540599,2112.0,0.7438278397709901,0.3693053503149382,0.7438278397709901,30.0,0.785194397089264,0.34427929558918985,0.785194397089264,-4.7,0.7819752709949231,0.3484239508829175,0.7819752709949231,22.81,0.7632436859062296,0.36114389851741435,0.7632436859062296,31.0,0.6322075189216508,0.3944600911621636,0.6322075189216508,32.9,0.7903652167540481,0.3398133521283833,0.7903652167540481,67.8,0.7509503530062177,0.3653825477153214,0.7509503530062177
43.5,0.8026585496540599,0.33028822673593305,0.8026585496540599,2664.0,0.7522177855301153,0.3655254239055005,0.7522177855301153,50.0,0.7851943970892639,0.34427929558918985,0.7851943970892639,3.9,0.7871460906597073,0.3440221712549742,0.7871460906597073,8.1,0.7580728662414453,0.36515528297198996,0.7580728662414453,34.0,0.6264913983138639,0.39200825944519474,0.6264913983138639,25.5,0.785194397089264,0.3442792955891904,0.785194397089264,74.9,0.7457795333414334,0.3692199656014608,0.7457795333414334
61.6,0.7974877299892758,0.33495430918148145,0.7974877299892758,1715.0,0.7470469658653309,0.36937689610185864,0.7470469658653309,47.0,0.7851943970892639,0.34427929558918985,0.7851943970892639,-6.2,0.7871460906597073,0.3440221712549742,0.7871460906597073,15.72,0.7632436859062296,0.36114389851741435,0.7632436859062296,37.0,0.6133415738823901,0.3909892953679863,0.6133415738823901,31.8,0.785194397089264,0.3442792955891904,0.785194397089264,68.6,0.7457795333414334,0.3692199656014603,0.7457795333414334
27.8,0.7974877299892758,0.33495430918148245,0.7974877299892758,1743.0,0.747046965865331,0.3693768961018587,0.747046965865331,20.0,0.7851943970892639,0.34427929558918985,0.7851943970892639,0.0,0.7871460906597074,0.3440221712549742,0.7871460906597074,4.72,0.7684145055710139,0.3570444131236357,0.7684145055710139,26.0,0.6204640871176177,0.38936673249176584,0.6204640871176177,22.0,0.7923169103244917,0.33953229068782886,0.7923169103244917,74.5,0.7457795333414334,0.3692199656014603,0.7457795333414334
65.5,0.7923169103244916,0.3395322906878293,0.7923169103244916,1267.0,0.747046965865331,0.3693768961018587,0.747046965865331,24.0,0.7800235774244797,0.34865713811079485,0.7800235774244797,6.2,0.7819752709949231,0.3484239508829175,0.7819752709949231,12.1,0.7684145055710138,0.35704441312363566,0.7684145055710138,15.0,0.6256349067824019,0.38728181964044983,0.6256349067824019,29.4,0.7923169103244917,0.33953229068782886,0.7923169103244917,65.9,0.7457795333414334,0.3692199656014593,0.7457795333414334
38.8,0.7923169103244916,0.3395322906878293,0.7923169103244916,790.0,0.7541694791005586,0.36540756222346304,0.7541694791005586,35.0,0.7800235774244797,0.34865713811079485,0.7800235774244797,-1.6,0.776804451330139,0.35273762957165883,0.776804451330139,4.18,0.773585325235798,0.3528568267906565,0.773585325235798,4.0,0.6297964870916272,0.38834487575496923,0.6297964870916272,20.4,0.7871460906597074,0.3440221712549732,0.7871460906597074,60.8,0.7477312269118769,0.36912906225884873,0.7477312269118769
45.9,0.7923169103244917,0.33953229068782886,0.7923169103244917,1104.0,0.7625594248596836,0.36141791732012696,0.7625594248596836,48.0,0.781975270994923,0.34842395088291744,0.781975270994923,2.3,0.7819752709949231,0.3484239508829175,0.7819752709949231,8.74,0.773585325235798,0.3528568267906565,0.773585325235798,33.67243525896414,0.6381864328507523,0.3867772876598123,0.6381864328507523,27.5,0.7871460906597074,0.3440221712549732,0.7871460906597074,62.4,0.7457795333414334,0.3692199656014593,0.7457795333414334
39.2,0.7839269645653665,0.3442173513070906,0.7839269645653665,1576.0,0.7625594248596836,0.36141791732012696,0.7625594248596836,58.0,0.7819752709949231,0.3484239508829175,0.7819752709949231,3.9,0.7871460906597073,0.3440221712549752,0.7871460906597073,12.8,0.7787561449005823,0.3485811395184743,0.7787561449005823,23.0,0.6381864328507523,0.3867772876598123,0.6381864328507523,30.2,0.7871460906597074,0.3440221712549732,0.7871460906597074,65.9,0.7457795333414334,0.3692199656014593,0.7457795333414334
76.5,0.7839269645653665,0.3442173513070906,0.7839269645653665,2190.0,0.7625594248596836,0.36141791732012696,0.7625594248596836,19.0,0.7819752709949231,0.3484239508829175,0.7819752709949231,-5.5,0.7923169103244917,0.33953229068782936,0.7923169103244917,24.83,0.7787561449005823,0.3485811395184743,0.7787561449005823,35.0,0.6381864328507523,0.3867772876598123,0.6381864328507523,34.9,0.794268603894935,0.33924571061814374,0.794268603894935,67.8,0.7457795333414334,0.3692199656014593,0.7457795333414334
60.4,0.7839269645653666,0.3442173513070906,0.7839269645653666,1692.0,0.7593402987653428,0.361444051981562,0.7593402987653428,62.0,0.7819752709949231,0.3484239508829175,0.7819752709949231,0.0,0.7923169103244917,0.33953229068782936,0.7923169103244917,15.29,0.7694237449265728,0.3528070992355519,0.7694237449265728,42.0,0.6381864328507523,0.3867772876598123,0.6381864328507523,31.8,0.7923169103244917,0.3395322906878278,0.7923169103244917,72.5,0.7364471333674243,0.3726427945340636,0.7364471333674243
24.7,0.7787561449005823,0.3485811395184743,0.7787561449005823,1031.0,0.7677302445244679,0.35732831472246585,0.7677302445244679,33.0,0.7819752709949231,0.3484239508829175,0.7819752709949231,-0.8,0.7923169103244917,0.33953229068782936,0.7923169103244917,2.6,0.773585325235798,0.3528568267906565,0.773585325235798,19.0,0.651336257282226,0.3870910989785736,0.651336257282226,19.2,0.799439423559719,0.33464379200545785,0.799439423559719,59.2,0.7364471333674243,0.3726427945340636,0.7364471333674243
38.4,0.7839269645653666,0.3442173513070906,0.7839269645653666,779.0,0.7625594248596836,0.36141791732012696,0.7625594248596836,35.0,0.7819752709949231,0.3484239508829175,0.7819752709949231,-2.3,0.7923169103244917,0.33953229068782936,0.7923169103244917,4.07,0.7787561449005823,0.3485811395184743,0.7787561449005823,9.0,0.6590040714604563,0.3895438628408332,0.6590040714604563,20.4,0.799439423559719,0.33464379200545785,0.799439423559719,54.9,0.7271147333934148,0.3758617758777338,0.7271147333934148
32.5,0.7839269645653666,0.3442173513070906,0.7839269645653666,814.0,0.7541694791005585,0.36540756222346243,0.7541694791005585,31.0,0.7871460906597073,0.3440221712549752,0.7871460906597073,0.0,0.7923169103244917,0.33953229068782936,0.7923169103244917,4.01,0.7787561449005823,0.3485811395184743,0.7787561449005823,1.0,0.6643806363694581,0.391572835551227,0.6643806363694581,19.6,0.799439423559719,0.33464379200545785,0.799439423559719,60.0,0.7219439137286304,0.37933914026587323,0.7219439137286304
40.8,0.7839269645653666,0.3442173513070906,0.7839269645653666,805.0,0.7573886051948994,0.3654194189785855,0.7573886051948994,44.0,0.7871460906597073,0.3440221712549752,0.7871460906597073,-3.1,0.7974877299892758,0.334954309181483,0.7974877299892758,4.17,0.773585325235798,0.3528568267906565,0.773585325235798,3.0,0.6631132038455606,0.39124351677071467,0.6631132038455606,20.4,0.7942686038949351,0.33924571061814374,0.7942686038949351,54.9,0.7219439137286304,0.37933914026587323,0.7219439137286304
63.5,0.7839269645653666,0.3442173513070906,0.7839269645653666,846.0,0.7573886051948994,0.3654194189785855,0.7573886051948994,48.0,0.7819752709949231,0.3484239508829175,0.7819752709949231,0.0,0.7974877299892758,0.334954309181483,0.7974877299892758,9.0,0.7787561449005823,0.3485811395184743,0.7787561449005823,16.0,0.6611615102751173,0.39102675136375503,0.6611615102751173,28.2,0.7942686038949351,0.33924571061814374,0.7942686038949351,54.1,0.7219439137286304,0.37933914026587323,0.7219439137286304
50.2,0.7839269645653666,0.3442173513070906,0.7839269645653666,2304.0,0.7625594248596836,0.36141791732012696,0.7625594248596836,32.0,0.7890977842301509,0.34375952829162687,0.7890977842301509,-7.8,0.7923169103244917,0.33953229068782936,0.7923169103244917,17.11,0.7787561449005824,0.34858113951847436,0.7787561449005824,33.0,0.6540389970398897,0.3933108009170841,0.6540389970398897,32.2,0.7871460906597076,0.34402217125497325,0.7871460906597076,71.8,0.7312763137026399,0.3762561352016018,0.7312763137026399
38.0,0.7890977842301509,0.3397654621565049,0.7890977842301509,2822.0,0.7573886051948994,0.3654194189785855,0.7573886051948994,42.0,0.794268603894935,0.33924571061814474,0.794268603894935,3.1,0.794268603894935,0.33924571061814474,0.794268603894935,8.32,0.7839269645653665,0.3442173513070906,0.7839269645653665,39.0,0.6415399188956602,0.39327637924264025,0.6415399188956602,25.9,0.7923169103244917,0.3395322906878278,0.7923169103244917,72.5,0.73127631370264,0.37625613520160184,0.73127631370264
61.6,0.7890977842301509,0.3397654621565049,0.7890977842301509,2067.0,0.7522177855301152,0.36933281969784154,0.7522177855301152,39.0,0.794268603894935,0.33924571061814474,0.794268603894935,0.8,0.7994394235597191,0.334643792005459,0.7994394235597191,18.78,0.7839269645653665,0.3442173513070906,0.7839269645653665,46.0,0.6338721047174299,0.39059985408911313,0.6338721047174299,32.9,0.7923169103244917,0.3395322906878278,0.7923169103244917,69.0,0.7406087136766495,0.3729692825483963,0.7406087136766495
47.8,0.7890977842301509,0.3397654621565049,0.7890977842301509,2362.0,0.7522177855301153,0.3693328196978416,0.7522177855301153,30.0,0.7994394235597191,0.334643792005459,0.7994394235597191,0.0,0.7994394235597191,0.334643792005459,0.7994394235597191,14.81,0.7839269645653665,0.3442173513070906,0.7839269645653665,51.0,0.6291122260450812,0.3884161246726665,0.6291122260450812,29.8,0.7923169103244917,0.3395322906878278,0.7923169103244917,72.5,0.7457795333414334,0.3692199656014603,0.7457795333414334
37.3,0.7890977842301509,0.3397654621565049,0.7890977842301509,2612.0,0.7470469658653313,0.3731581194778952,0.7470469658653313,19.0,0.8046102432245033,0.3299537724535712,0.8046102432245033,3.1,0.794268603894935,0.33924571061814474,0.794268603894935,14.25,0.7839269645653665,0.3442173513070906,0.7839269645653665,56.0,0.6208460178062779,0.38534302213980104,0.6208460178062779,31.0,0.7871460906597076,0.34402217125497325,0.7871460906597076,75.7,0.7509503530062178,0.36538254771532147,0.7509503530062178
19.2,0.7890977842301509,0.3397654621565049,0.7890977842301509,1888.0,0.741876146200547,0.3768953183187476,0.741876146200547,37.0,0.7994394235597191,0.334643792005459,0.7994394235597191,10.9,0.794268603894935,0.33924571061814474,0.794268603894935,8.75,0.7787561449005823,0.3485811395184743,0.7787561449005823,58.0,0.6123131569840833,0.3820683494850303,0.6123131569840833,27.8,0.7923169103244918,0.3395322906878289,0.7923169103244918,63.1,0.7457795333414334,0.3692199656014593,0.7457795333414334
18.0,0.7903652167540484,0.33981335212838343,0.7903652167540484,1600.0,0.747046965865331,0.37315811947789507,0.747046965865331,48.0,0.7994394235597191,0.334643792005459,0.7994394235597191,3.1,0.794268603894935,0.33924571061814474,0.794268603894935,4.14,0.7716336316653546,0.3530575370499728,0.7716336316653546,48.0,0.6208460178062778,0.38534302213980015,0.6208460178062778,21.6,0.7871460906597074,0.3440221712549732,0.7871460906597074,63.1,0.7457795333414334,0.3692199656014603,0.7457795333414334
71.0,0.785194397089264,0.34427929558918985,0.785194397089264,1622.0,0.7418761462005469,0.3768953183187471,0.7418761462005469,79.0,0.7994394235597191,0.334643792005459,0.7994394235597191,2.3,0.794268603894935,0.33924571061814474,0.794268603894935,16.37,0.7768044513301388,0.3488057868841304,0.7768044513301388,53.0,0.6342830457098655,0.3862051183380704,0.6342830457098655,32.2,0.7819752709949233,0.3484239508829165,0.7819752709949233,67.8,0.7406087136766495,0.3729692825483963,0.7406087136766495
79.2,0.7851943970892639,0.34427929558918985,0.7851943970892639,2070.0,0.7418761462005469,0.3768953183187471,0.7418761462005469,78.0,0.7942686038949349,0.33924571061814474,0.7942686038949349,4.7,0.794268603894935,0.33924571061814474,0.794268603894935,24.5,0.7716336316653546,0.3530575370499738,0.7716336316653546,66.0,0.6342830457098655,0.3862051183380704,0.6342830457098655,34.9,0.7819752709949233,0.3484239508829165,0.7819752709949233,67.8,0.7457795333414334,0.3692199656014608,0.7457795333414334
46.7,0.7923169103244916,0.33953229068782886,0.7923169103244916,2202.0,0.7418761462005469,0.3768953183187471,0.7418761462005469,21.0,0.7942686038949349,0.33924571061814474,0.7942686038949349,5.5,0.794268603894935,0.33924571061814474,0.794268603894935,15.03,0.7787561449005824,0.34858113951847436,0.7787561449005824,67.0,0.6310639196155247,0.3855347375780689,0.6310639196155247,31.4,0.7871460906597074,0.3440221712549732,0.7871460906597074,72.2,0.7448370791265492,0.3690205975935695,0.7448370791265492
33.7,0.7974877299892758,0.33495430918148245,0.7974877299892758,2199.0,0.7334862004414219,0.3803805937990388,0.7334862004414219,20.0,0.7890977842301506,0.34375952829162676,0.7890977842301506,0.0,0.7994394235597191,0.334643792005459,0.7994394235597191,10.32,0.7787561449005824,0.34858113951847436,0.7787561449005824,61.0,0.6310639196155247,0.3855347375780689,0.6310639196155247,29.0,0.7871460906597074,0.3440221712549732,0.7871460906597074,76.5,0.7399244526301034,0.3685360928460582,0.7399244526301034
19.2,0.7974877299892758,0.33495430918148245,0.7974877299892758,1951.0,0.7283153807766375,0.3839035993449276,0.7283153807766375,36.0,0.7871460906597074,0.3440221712549732,0.7871460906597074,3.9,0.794268603894935,0.33924571061814474,0.794268603894935,5.48,0.773585325235798,0.3528568267906565,0.773585325235798,58.0,0.6310639196155247,0.3855347375780689,0.6310639196155247,23.5,0.7819752709949233,0.3484239508829165,0.7819752709949233,63.5,0.732801939394876,0.372267379526218,0.732801939394876
19.2,0.7923169103244917,0.33953229068782886,0.7923169103244917,1860.0,0.72119286754141,0.38731274299562307,0.72119286754141,18.0,0.7819752709949231,0.3484239508829175,0.7819752709949231,3.1,0.7890977842301509,0.34375952829162687,0.7890977842301509,5.17,0.7716336316653546,0.3530575370499728,0.7716336316653546,54.0,0.6226739738563996,0.38698622256652865,0.6226739738563996,23.1,0.7819752709949231,0.34842395088291644,0.7819752709949231,63.1,0.7295828133005351,0.37212308264946653,0.7295828133005351
37.6,0.7994394235597191,0.334643792005459,0.7994394235597191,804.0,0.72119286754141,0.38731274299562307,0.72119286754141,29.0,0.7871460906597074,0.3440221712549732,0.7871460906597074,3.1,0.7890977842301506,0.34375952829162676,0.7890977842301506,4.12,0.7716336316653547,0.3530575370499728,0.7716336316653547,5.0,0.6274338525287483,0.38919707628124317,0.6274338525287483,20.0,0.7787561449005823,0.34858113951847325,0.7787561449005823,55.3,0.7295828133005351,0.37212308264946653,0.7295828133005351
37.3,0.8046102432245033,0.3299537724535712,0.8046102432245033,792.0,0.7170312872321848,0.3868004198537027,0.7170312872321848,31.0,0.7871460906597074,0.3440221712549732,0.7871460906597074,1.6,0.7942686038949349,0.33924571061814474,0.7942686038949349,4.01,0.7623012316913452,0.35711301087296377,0.7623012316913452,0.0,0.6309400863977533,0.3908731626323484,0.6309400863977533,20.4,0.773585325235798,0.3528568267906565,0.773585325235798,60.0,0.734753632965319,0.36850105204498934,0.734753632965319
61.6,0.8046102432245033,0.3299537724535712,0.8046102432245033,1550.0,0.7170312872321848,0.3868004198537027,0.7170312872321848,20.0,0.7871460906597074,0.3440221712549732,0.7871460906597074,1.6,0.7994394235597191,0.334643792005459,0.7994394235597191,11.256157120272407,0.7571304120265611,0.36114068382020703,0.7571304120265611,19.0,0.6361109060625376,0.3886574723673583,0.6361109060625376,31.8,0.773585325235798,0.3528568267906565,0.773585325235798,60.8,0.7295828133005351,0.37212308264946653,0.7295828133005351
78.4,0.8046102432245033,0.3299537724535712,0.8046102432245033,1697.0,0.7170312872321848,0.3868004198537027,0.7170312872321848,73.0,0.7871460906597074,0.3440221712549732,0.7871460906597074,-1.6,0.7994394235597191,0.334643792005459,0.7994394235597191,24.12,0.7500078987913333,0.3651930636310696,0.7500078987913333,33.67243525896414,0.6361109060625376,0.3886574723673578,0.6361109060625376,35.3,0.773585325235798,0.3528568267906565,0.773585325235798,68.2,0.7244119936357509,0.37565701231474163,0.7244119936357509
28.2,0.8097810628892875,0.3251756519624815,0.8097810628892875,2120.0,0.7150795936617415,0.38675856776023054,0.7150795936617415,100.0,0.7800235774244799,0.3486571381107939,0.7800235774244799,7.8,0.7994394235597191,0.334643792005459,0.7994394235597191,20.58,0.7500078987913333,0.3651930636310696,0.7500078987913333,46.0,0.6445008518216626,0.3869759553920105,0.6445008518216626,33.7,0.773585325235798,0.3528568267906565,0.773585325235798,63.5,0.7328019393948761,0.37226737952621813,0.7328019393948761
100.0,0.8097810628892875,0.3251756519624815,0.8097810628892875,2468.0,0.713127900091298,0.3867111970376251,0.713127900091298,91.0,0.7800235774244799,0.3486571381107939,0.7800235774244799,2.3,0.7942686038949349,0.33924571061814474,0.7942686038949349,45.44,0.7551787184561176,0.36127742872936525,0.7551787184561176,58.0,0.6409946179526576,0.3853774955596174,0.6409946179526576,44.3,0.7787561449005823,0.3485811395184743,0.7787561449005823,61.6,0.7399244526301034,0.3685360928460577,0.7399244526301034
79.2,0.8097810628892875,0.3251756519624815,0.8097810628892875,2254.0,0.7140703543061824,0.3869660826020861,0.7140703543061824,21.0,0.7851943970892641,0.3442792955891894,0.7851943970892641,-4.7,0.7942686038949349,0.33924571061814474,0.7942686038949349,26.55,0.7551787184561176,0.36127742872936525,0.7551787184561176,70.0,0.6362347392803089,0.3832736217208302,0.6362347392803089,35.3,0.7787561449005823,0.3485811395184743,0.7787561449005823,68.2,0.7399244526301034,0.3685360928460577,0.7399244526301034
17.3,0.8046102432245033,0.3299537724535712,0.8046102432245033,2283.0,0.7172894804005231,0.3872446651962458,0.7172894804005231,19.0,0.7780718838540365,0.34888480670953964,0.7780718838540365,0.0,0.7890977842301506,0.34375952829162676,0.7890977842301506,5.93,0.7551787184561176,0.36127742872936625,0.7551787184561176,64.0,0.6381864328507523,0.3835470684521514,0.6381864328507523,24.3,0.7787561449005823,0.34858113951847486,0.7787561449005823,64.3,0.7399244526301034,0.3685360928460577,0.7399244526301034
36.5,0.8046102432245033,0.3299537724535712,0.8046102432245033,1930.0,0.7224603000653074,0.3838815719085749,0.7224603000653074,19.0,0.7780718838540365,0.34888480670953964,0.7780718838540365,7.0,0.7839269645653665,0.348185245025909,0.7839269645653665,10.45,0.757130412026561,0.3611406838202075,0.757130412026561,58.0,0.6453089460859799,0.3814179055452207,0.6453089460859799,29.0,0.773585325235798,0.3528568267906565,0.773585325235798,72.9,0.732801939394876,0.372267379526219,0.732801939394876
18.4,0.7994394235597191,0.334643792005459,0.7994394235597191,1816.0,0.7172894804005232,0.38724466519624584,0.7172894804005232,40.0,0.7832427035188206,0.34453090129427344,0.7832427035188206,3.1,0.7839269645653665,0.348185245025909,0.7839269645653665,4.97,0.757130412026561,0.3611406838202075,0.757130412026561,54.0,0.6536988918451048,0.37947204038278154,0.6536988918451048,22.4,0.7787561449005822,0.34858113951847425,0.7787561449005822,63.5,0.7379727590596601,0.3686073575051828,0.7379727590596601
18.4,0.794268603894935,0.33924571061814474,0.794268603894935,1761.0,0.7192411739709667,0.3872814634105006,0.7192411739709667,37.0,0.7832427035188206,0.3445309012942729,0.7832427035188206,3.9,0.7890977842301509,0.34375952829162687,0.7890977842301509,4.63,0.757130412026561,0.3611406838202075,0.757130412026561,52.0,0.6584587705174534,0.38145082574437833,0.6584587705174534,22.4,0.7787561449005823,0.3485811395184743,0.7787561449005823,63.1,0.7450952722948876,0.3647640327794812,0.7450952722948876
55.7,0.794268603894935,0.33924571061814474,0.794268603894935,1731.0,0.7179737414470692,0.38705124012590686,0.7179737414470692,59.0,0.785194397089264,0.34427929558918985,0.785194397089264,-3.9,0.794268603894935,0.33924571061814474,0.794268603894935,14.34,0.7590821055970043,0.360998420281918,0.7590821055970043,54.0,0.6661265846956838,0.3837658725860402,0.6661265846956838,31.0,0.7716336316653547,0.3530575370499733,0.7716336316653547,70.2,0.7450952722948877,0.3647640327794813,0.7450952722948877
72.5,0.7994394235597191,0.334643792005459,0.7994394235597191,1803.0,0.7211928675414101,0.3873127429956232,0.7211928675414101,23.0,0.785194397089264,0.34427929558918985,0.785194397089264,-0.8,0.794268603894935,0.33924571061814474,0.794268603894935,19.4,0.757130412026561,0.3611406838202075,0.757130412026561,53.0,0.6786256628399132,0.38305228772920746,0.6786256628399132,33.3,0.7645111184301271,0.357392440800462,0.7645111184301271,67.5,0.7450952722948877,0.3647640327794818,0.7450952722948877
15.7,0.8046102432245033,0.3299537724535712,0.8046102432245033,1475.0,0.7263636872061942,0.3839017754952741,0.7263636872061942,20.0,0.785194397089264,0.3442792955891904,0.785194397089264,7.0,0.794268603894935,0.33924571061814474,0.794268603894935,3.52,0.757130412026561,0.3611406838202075,0.757130412026561,42.0,0.6907511210300562,0.3818819273928532,0.6907511210300562,21.2,0.7645111184301271,0.357392440800462,0.7645111184301271,69.4,0.7450952722948877,0.3647640327794813,0.7450952722948877
36.9,0.8097810628892875,0.3251756519624815,0.8097810628892875,1384.0,0.7263636872061943,0.3839017754952746,0.7263636872061943,21.0,0.785194397089264,0.3442792955891904,0.785194397089264,-2.3,0.794268603894935,0.33924571061814474,0.794268603894935,7.66,0.757130412026561,0.361140683820207,0.757130412026561,40.0,0.6907511210300562,0.3818819273928532,0.6907511210300562,28.2,0.7645111184301271,0.357392440800462,0.7645111184301271,70.6,0.7450952722948877,0.3647640327794813,0.7450952722948877
19.2,0.8097810628892875,0.3251756519624815,0.8097810628892875,1198.0,0.7192411739709667,0.387281463410501,0.7192411739709667,32.0,0.7903652167540481,0.3398133521283833,0.7903652167540481,4.7,0.7890977842301509,0.34375952829162687,0.7890977842301509,3.59,0.757130412026561,0.361140683820207,0.757130412026561,16.0,0.6814187210560467,0.3841646214654411,0.6814187210560467,19.2,0.7645111184301271,0.357392440800462,0.7645111184301271,60.0,0.7399244526301034,0.3685360928460572,0.7399244526301034
42.7,0.8046102432245033,0.3299537724535712,0.8046102432245033,791.0,0.7150795936617413,0.38675856776023043,0.7150795936617413,51.0,0.7903652167540484,0.33981335212838343,0.7903652167540484,-0.8,0.794268603894935,0.33924571061814474,0.794268603894935,4.43,0.757130412026561,0.361140683820207,0.757130412026561,23.0,0.6742962078208193,0.38684683614327176,0.6742962078208193,22.0,0.7573886051948995,0.3615858507699398,0.7573886051948995,53.3,0.7416179530322082,0.3689413529273233,0.7416179530322082
76.9,0.7974877299892758,0.33495430918148195,0.7974877299892758,2283.0,0.7202504133265255,0.3834194127064159,0.7202504133265255,20.0,0.7903652167540484,0.33981335212838343,0.7903652167540484,-3.1,0.7890977842301509,0.34375952829162687,0.7890977842301509,26.3,0.757130412026561,0.3611406838202075,0.757130412026561,37.0,0.6742962078208193,0.38684683614327037,0.6742962078208193,35.3,0.7522177855301153,0.3655254239055005,0.7522177855301153,68.2,0.7438278397709901,0.3693053503149382,0.7438278397709901
36.5,0.7974877299892758,0.33495430918148195,0.7974877299892758,1911.0,0.7202504133265256,0.383419412706415,0.7202504133265256,44.0,0.7955360364188324,0.3352593077283743,0.7955360364188324,-4.7,0.7890977842301509,0.34375952829162687,0.7890977842301509,11.37,0.7623012316913452,0.35711301087296426,0.7623012316913452,46.0,0.6742962078208192,0.3868468361432712,0.6742962078208192,29.8,0.7593402987653428,0.3614440519815625,0.7593402987653428,72.9,0.7509503530062177,0.3653825477153214,0.7509503530062177
18.8,0.7974877299892758,0.33495430918148195,0.7974877299892758,2146.0,0.7273729265617532,0.37998613459419595,0.7273729265617532,35.0,0.7955360364188324,0.3352593077283743,0.7955360364188324,7.0,0.7890977842301509,0.34375952829162687,0.7890977842301509,5.95,0.7623012316913452,0.35711301087296426,0.7623012316913452,42.0,0.6691253881560351,0.3895806255387747,0.6691253881560351,24.7,0.7593402987653428,0.3614440519815625,0.7593402987653428,63.5,0.7541694791005586,0.36540756222346255,0.7541694791005586
20.4,0.7974877299892758,0.33495430918148195,0.7974877299892758,1848.0,0.7344954397969807,0.3764113627009656,0.7344954397969807,29.0,0.7955360364188324,0.3352593077283743,0.7955360364188324,7.8,0.7839269645653666,0.3481852450259085,0.7839269645653666,5.31,0.7551787184561176,0.36127742872936525,0.7551787184561176,16.0,0.6639545684912508,0.3922263139950769,0.6639545684912508,22.7,0.7541694791005585,0.36540756222346243,0.7541694791005585,62.7,0.7593402987653428,0.3614440519815625,0.7593402987653428
40.8,0.7974877299892758,0.33495430918148195,0.7974877299892758,777.0,0.7325437462265374,0.37644684055563904,0.7325437462265374,64.0,0.7955360364188324,0.3352593077283743,0.7955360364188324,3.9,0.7890977842301509,0.34375952829162687,0.7890977842301509,5.22,0.7450952722948876,0.3647640327794817,0.7450952722948876,20.0,0.6639545684912508,0.3922263139950769,0.6639545684912508,25.9,0.7541694791005585,0.36540756222346243,0.7541694791005585,60.4,0.7573886051948994,0.3615858507699393,0.7573886051948994
80.0,0.7974877299892758,0.33495430918148195,0.7974877299892758,2015.0,0.7325437462265374,0.3764468405556399,0.7325437462265374,68.0,0.8007068560836166,0.3306171623891621,0.8007068560836166,-2.3,0.7890977842301509,0.34375952829162737,0.7890977842301509,24.48,0.7379727590596601,0.3686073575051828,0.7379727590596601,35.0,0.6587837488264666,0.3947839015121772,0.6587837488264666,34.9,0.7541694791005586,0.36540756222346255,0.7541694791005586,66.7,0.7573886051948994,0.3615858507699393,0.7573886051948994
21.2,0.8026585496540599,0.33028822673593305,0.8026585496540599,2311.0,0.7377145658913214,0.3728194455778809,0.7377145658913214,57.0,0.8058776757484007,0.32588691611075005,0.8058776757484007,8.6,0.7890977842301509,0.34375952829162737,0.7890977842301509,6.71,0.7450952722948876,0.3647640327794817,0.7450952722948876,36.0,0.6639545684912509,0.392226313995077,0.6639545684912509,24.7,0.7541694791005585,0.36540756222346243,0.7541694791005585,63.5,0.7606077312892403,0.36156825597072506,0.7606077312892403
26.7,0.8026585496540599,0.33028822673593305,0.8026585496540599,1801.0,0.7448370791265492,0.3690205975935695,0.7448370791265492,21.0,0.8130001889836284,0.3206917590272292,0.8130001889836284,0.0,0.7890977842301509,0.34375952829162737,0.7890977842301509,5.88,0.7551787184561176,0.36127742872936525,0.7551787184561176,26.0,0.6639545684912508,0.3922263139950769,0.6639545684912508,22.7,0.7573886051948994,0.3654194189785855,0.7573886051948994,70.6,0.7534852180540127,0.3656667034379744,0.7534852180540127
19.2,0.8026585496540599,0.3302882267359325,0.8026585496540599,1169.0,0.7541694791005585,0.365407562223463,0.7541694791005585,28.0,0.8078293693188441,0.32553404335118263,0.8078293693188441,1.6,0.7890977842301509,0.34375952829162737,0.7890977842301509,4.61,0.7551787184561176,0.36127742872936525,0.7551787184561176,22.0,0.6681161488004762,0.3930796221718714,0.6681161488004762,23.1,0.7645111184301271,0.36126206004039624,0.7645111184301271,60.8,0.7483143983892284,0.3695322299445533,0.7483143983892284
28.6,0.8026585496540599,0.3302882267359325,0.8026585496540599,1714.0,0.7522177855301152,0.3655254239055005,0.7522177855301152,32.0,0.8078293693188441,0.32553404335118263,0.8078293693188441,0.0,0.7890977842301509,0.34375952829162737,0.7890977842301509,7.81,0.7551787184561176,0.36127742872936525,0.7551787184561176,23.0,0.6752386620357036,0.39056303573657514,0.6752386620357036,26.7,0.7645111184301271,0.36126206004039624,0.7645111184301271,74.5,0.7554369116244561,0.3655458205228453,0.7554369116244561
47.8,0.8026585496540599,0.33028822673593305,0.8026585496540599,1317.0,0.7470469658653309,0.36937689610185864,0.7470469658653309,21.0,0.8026585496540599,0.3302882267359325,0.8026585496540599,7.8,0.7890977842301509,0.34375952829162687,0.7890977842301509,10.07,0.7519595923617766,0.36127416689623665,0.7519595923617766,16.0,0.6804094817004879,0.38775743389453593,0.6804094817004879,28.6,0.7612919923357864,0.3612967345640541,0.7612919923357864,67.1,0.7606077312892403,0.36156825597072506,0.7606077312892403
52.5,0.8026585496540599,0.3302882267359325,0.8026585496540599,2187.0,0.7470469658653309,0.36937689610185864,0.7470469658653309,20.0,0.7974877299892758,0.33495430918148195,0.7974877299892758,-12.5,0.7890977842301509,0.34375952829162687,0.7890977842301509,17.42,0.7519595923617767,0.3612741668962367,0.7519595923617767,24.0,0.6875319949357154,0.38498731563269123,0.6875319949357154,32.2,0.7664628120005704,0.35722118627661514,0.7664628120005704,70.2,0.7657785509540246,0.3575025904794028,0.7657785509540246
18.8,0.7974877299892758,0.33495430918148195,0.7974877299892758,1675.0,0.7470469658653309,0.36937689610185864,0.7470469658653309,37.0,0.7974877299892758,0.33495430918148195,0.7974877299892758,1.6,0.7890977842301509,0.34375952829162687,0.7890977842301509,4.47,0.7519595923617767,0.3612741668962367,0.7519595923617767,23.0,0.6992421563583755,0.38348277064014835,0.6992421563583755,22.0,0.7612919923357861,0.361296734564054,0.7612919923357861,62.7,0.7729010641892521,0.3531506111856042,0.7729010641892521
60.8,0.7923169103244916,0.33953229068782886,0.7923169103244916,2183.0,0.7470469658653309,0.36937689610185864,0.7470469658653309,18.0,0.7974877299892758,0.33495430918148195,0.7974877299892758,0.0,0.7890977842301506,0.34375952829162837,0.7890977842301506,19.59,0.7519595923617767,0.3612741668962367,0.7519595923617767,31.0,0.7053140315414872,0.38475497109346096,0.7053140315414872,32.9,0.7612919923357861,0.361296734564054,0.7612919923357861,69.4,0.7729010641892521,0.3531506111856042,0.7729010641892521
27.5,0.7871460906597073,0.3440221712549752,0.7871460906597073,2587.0,0.7470469658653309,0.36937689610185864,0.7470469658653309,19.0,0.7974877299892758,0.33495430918148195,0.7974877299892758,-1.6,0.7839269645653665,0.3481852450259095,0.7839269645653665,10.63,0.7519595923617767,0.3612741668962367,0.7519595923617767,29.0,0.7104848512062714,0.381523042688481,0.7104848512062714,29.4,0.7612919923357861,0.361296734564054,0.7612919923357861,78.8,0.7729010641892521,0.3531506111856042,0.7729010641892521
19.6,0.7923169103244917,0.33953229068782886,0.7923169103244917,1808.0,0.747046965865331,0.3693768961018597,0.747046965865331,22.0,0.7974877299892758,0.33495430918148195,0.7974877299892758,3.9,0.776804451330139,0.35273762957165883,0.776804451330139,4.77,0.7519595923617767,0.3612741668962367,0.7519595923617767,22.0,0.7156556708710555,0.37820301334429807,0.7156556708710555,22.4,0.7684145055710139,0.3570444131236357,0.7684145055710139,63.8636053593179,0.7729010641892522,0.35315061118560426,0.7729010641892522
63.5,0.7974877299892758,0.33495430918148195,0.7974877299892758,2062.0,0.7541694791005586,0.36540756222346304,0.7541694791005586,66.0,0.7974877299892758,0.33495430918148145,0.7974877299892758,1.6,0.7819752709949231,0.3484239508829175,0.7819752709949231,19.97,0.7519595923617767,0.3612741668962367,0.7519595923617767,35.0,0.7227781841062833,0.3747878016721126,0.7227781841062833,33.3,0.7684145055710138,0.35704441312363566,0.7684145055710138,68.2,0.7729010641892522,0.35315061118560426,0.7729010641892522
69.4,0.7923169103244916,0.33953229068782886,0.7923169103244916,2234.0,0.7612919923357861,0.361296734564054,0.7612919923357861,20.0,0.8026585496540599,0.3302882267359325,0.8026585496540599,1.6,0.7871460906597073,0.3440221712549752,0.7871460906597073,22.45,0.7426271923877672,0.36490107707810227,0.7426271923877672,48.0,0.7227781841062833,0.3747878016721126,0.7227781841062833,34.1,0.7684145055710138,0.35704441312363566,0.7684145055710138,69.0,0.7729010641892522,0.35315061118560426,0.7729010641892522
37.6,0.7871460906597074,0.3440221712549742,0.7871460906597074,2382.0,0.7664628120005704,0.35722118627661364,0.7664628120005704,50.0,0.8026585496540599,0.3302882267359325,0.8026585496540599,-3.1,0.7871460906597073,0.3440221712549752,0.7871460906597073,13.11,0.737456372722983,0.36864274428384747,0.737456372722983,51.0,0.7176073644414991,0.3782198690618363,0.7176073644414991,30.6,0.7664628120005705,0.3572211862766147,0.7664628120005705,74.9,0.7677302445244679,0.35732831472246535,0.7677302445244679
23.5,0.7819752709949231,0.3484239508829175,0.7819752709949231,2287.0,0.7632436859062297,0.35728069446381455,0.7632436859062297,41.0,0.7974877299892758,0.33495430918148195,0.7974877299892758,7.8,0.7819752709949231,0.3484239508829175,0.7819752709949231,6.49,0.7322855530581989,0.37229631055039253,0.7322855530581989,47.0,0.7156556708710555,0.37820301334429807,0.7156556708710555,24.7,0.767730244524468,0.3573283147224659,0.767730244524468,75.3,0.7593402987653428,0.3614440519815625,0.7593402987653428
58.0,0.7819752709949231,0.3484239508829175,0.7819752709949231,2316.0,0.7664628120005704,0.35722118627661464,0.7664628120005704,48.0,0.7974877299892756,0.3349543091814819,0.7974877299892756,2.3,0.7800235774244798,0.3486571381107949,0.7800235774244798,20.2,0.7322855530581989,0.37229631055039253,0.7322855530581989,48.0,0.7156556708710555,0.37820301334429807,0.7156556708710555,33.3,0.7729010641892521,0.3531506111856032,0.7729010641892521,71.0,0.7677302445244679,0.35732831472246535,0.7677302445244679
67.5,0.7871460906597073,0.3440221712549752,0.7871460906597073,2421.0,0.7612919923357861,0.3612967345640545,0.7612919923357861,56.0,0.7974877299892756,0.3349543091814819,0.7974877299892756,-5.5,0.7800235774244798,0.34865713811079546,0.7800235774244798,24.44,0.732285553058199,0.3722963105503926,0.732285553058199,54.0,0.7156556708710557,0.3782030133442982,0.7156556708710557,34.5,0.767730244524468,0.3573283147224659,0.767730244524468,70.6,0.7677302445244679,0.35732831472246535,0.7677302445244679
31.8,0.7819752709949231,0.3484239508829175,0.7819752709949231,2667.0,0.7612919923357861,0.361296734564054,0.7612919923357861,19.0,0.7974877299892758,0.33495430918148195,0.7974877299892758,3.1,0.7800235774244799,0.34865713811079496,0.7800235774244799,11.77,0.737456372722983,0.36864274428384747,0.737456372722983,52.0,0.7156556708710557,0.3782030133442982,0.7156556708710557,29.8,0.7729010641892522,0.35315061118560426,0.7729010641892522,77.6,0.7748527577596955,0.3529468796931963,0.7748527577596955
18.8,0.7819752709949231,0.3484239508829175,0.7819752709949231,2314.0,0.7612919923357861,0.361296734564054,0.7612919923357861,32.0,0.7974877299892758,0.33495430918148195,0.7974877299892758,0.0,0.7871460906597074,0.34402217125497525,0.7871460906597074,6.51,0.7303338594877555,0.37233661314083183,0.7303338594877555,42.0,0.7156556708710557,0.3782030133442982,0.7156556708710557,25.1,0.7645111184301271,0.357392440800462,0.7645111184301271,63.9,0.7819752709949233,0.34842395088291755,0.7819752709949233
39.6,0.7819752709949231,0.3484239508829175,0.7819752709949231,1997.0,0.7612919923357861,0.361296734564054,0.7612919923357861,65.0,0.7974877299892758,0.33495430918148195,0.7974877299892758,3.9,0.7871460906597074,0.3440221712549742,0.7871460906597074,11.77,0.7303338594877556,0.37233661314083183,0.7303338594877556,44.0,0.7156556708710557,0.3782030133442982,0.7156556708710557,31.4,0.7645111184301271,0.357392440800462,0.7645111184301271,72.9,0.7819752709949233,0.34842395088291755,0.7819752709949233
83.5,0.7890977842301506,0.34375952829162837,0.7890977842301506,2295.0,0.7541694791005585,0.365407562223463,0.7541694791005585,70.0,0.7974877299892758,0.33495430918148195,0.7974877299892758,0.8,0.7923169103244916,0.33953229068782886,0.7923169103244916,29.64,0.7251630398229713,0.375878141361835,0.7251630398229713,52.0,0.7156556708710557,0.3782030133442982,0.7156556708710557,36.5,0.7573886051948996,0.36158585076993993,0.7573886051948996,67.8,0.7819752709949233,0.3484239508829165,0.7819752709949233
78.8,0.7890977842301506,0.34375952829162837,0.7890977842301506,2577.0,0.7489986594357743,0.3692829715261589,0.7489986594357743,64.0,0.7923169103244917,0.33953229068782886,0.7923169103244917,-0.8,0.7923169103244916,0.33953229068782886,0.7923169103244916,30.59,0.7251630398229713,0.375878141361835,0.7251630398229713,54.0,0.7156556708710557,0.3782030133442982,0.7156556708710557,36.1,0.7573886051948996,0.36158585076993993,0.7573886051948996,68.6,0.7819752709949233,0.3484239508829165,0.7819752709949233
18.8,0.7890977842301506,0.34375952829162837,0.7890977842301506,2546.0,0.7541694791005586,0.36540756222346304,0.7541694791005586,20.0,0.7851943970892639,0.34427929558919035,0.7851943970892639,0.0,0.7871460906597074,0.34402217125497525,0.7871460906597074,7.26,0.7251630398229713,0.375878141361835,0.7251630398229713,33.0,0.7263636872061943,0.3756421617305158,0.7263636872061943,26.3,0.7573886051948996,0.36158585076993993,0.7573886051948996,78.8,0.776804451330139,0.35273762957165883,0.776804451330139
22.7,0.7890977842301506,0.34375952829162837,0.7890977842301506,1027.0,0.7541694791005586,0.36540756222346304,0.7541694791005586,41.0,0.7780718838540363,0.34888480670953953,0.7780718838540363,-0.8,0.794268603894935,0.33924571061814474,0.794268603894935,2.42,0.7251630398229714,0.37587814136183556,0.7251630398229714,25.0,0.7364471333674243,0.3726427945340636,0.7364471333674243,18.8,0.7573886051948995,0.3615858507699398,0.7573886051948995,59.6,0.7748527577596955,0.3529468796931968,0.7748527577596955
57.6,0.7890977842301506,0.34375952829162837,0.7890977842301506,2215.0,0.7541694791005586,0.36540756222346304,0.7541694791005586,21.0,0.7780718838540363,0.34888480670953953,0.7780718838540363,0.0,0.7890977842301509,0.34375952829162687,0.7890977842301509,20.05,0.7251630398229714,0.37587814136183556,0.7251630398229714,41.0,0.7457795333414334,0.3692199656014598,0.7457795333414334,33.7,0.7573886051948995,0.3615858507699398,0.7573886051948995,71.8,0.7748527577596955,0.3529468796931963,0.7748527577596955
38.4,0.7890977842301506,0.34375952829162787,0.7890977842301506,2040.0,0.7489986594357743,0.3692829715261589,0.7489986594357743,41.0,0.785194397089264,0.3442792955891904,0.785194397089264,-3.1,0.7890977842301509,0.34375952829162687,0.7890977842301509,14.02,0.7303338594877556,0.37233661314083233,0.7303338594877556,52.0,0.7489986594357745,0.369282971526159,0.7489986594357745,31.0,0.7573886051948996,0.36158585076993943,0.7573886051948996,76.1,0.7748527577596955,0.3529468796931963,0.7748527577596955
22.0,0.7839269645653665,0.3481852450259095,0.7839269645653665,2663.0,0.7438278397709903,0.373070279889654,0.7438278397709903,19.0,0.7903652167540484,0.33981335212838343,0.7903652167540484,0.0,0.7942686038949349,0.33924571061814474,0.7942686038949349,10.55,0.7303338594877556,0.37233661314083233,0.7303338594877556,57.0,0.7489986594357745,0.369282971526159,0.7489986594357745,29.4,0.7573886051948995,0.3615858507699393,0.7573886051948995,64.3,0.7819752709949231,0.3484239508829175,0.7819752709949231
30.6,0.7787561449005823,0.3525228608209886,0.7787561449005823,816.0,0.7489986594357743,0.3692829715261584,0.7489986594357743,40.0,0.7903652167540484,0.33981335212838343,0.7903652167540484,-0.8,0.7942686038949349,0.33924571061814474,0.7942686038949349,5.23,0.7344954397969807,0.37269366963285394,0.7344954397969807,20.0,0.7438278397709902,0.37307027988965447,0.7438278397709902,22.7,0.7522177855301153,0.3655254239055005,0.7522177855301153,67.8,0.776804451330139,0.35273762957165883,0.776804451330139
54.1,0.7735853252357979,0.35677237567686615,0.7735853252357979,1926.0,0.756121172671002,0.36528418191229184,0.756121172671002,60.0,0.7903652167540484,0.33981335212838343,0.7903652167540484,-2.3,0.7994394235597191,0.334643792005459,0.7994394235597191,17.23,0.7364471333674241,0.3726427945340635,0.7364471333674241,36.0,0.7438278397709902,0.37307027988965447,0.7438278397709902,32.5,0.7573886051948995,0.3615858507699398,0.7573886051948995,69.8,0.776804451330139,0.35273762957165883,0.776804451330139
78.8,0.7716336316653547,0.3569632073211981,0.7716336316653547,3251.0,0.7612919923357861,0.361296734564054,0.7612919923357861,42.0,0.785194397089264,0.3442792955891904,0.785194397089264,-7.0,0.7994394235597191,0.334643792005459,0.7994394235597191,39.36,0.7364471333674241,0.3726427945340635,0.7364471333674241,44.0,0.7438278397709902,0.37307027988965447,0.7438278397709902,38.0,0.7573886051948995,0.3615858507699398,0.7573886051948995,68.2,0.7819752709949233,0.3484239508829165,0.7819752709949233
84.3,0.776804451330139,0.35273762957165883,0.776804451330139,2319.0,0.7664628120005704,0.35722118627661364,0.7664628120005704,68.0,0.7800235774244798,0.34865713811079385,0.7800235774244798,-3.1,0.794268603894935,0.33924571061814474,0.794268603894935,29.22,0.7364471333674241,0.3726427945340635,0.7364471333674241,53.0,0.7438278397709902,0.3730702798896554,0.7438278397709902,36.1,0.7593402987653429,0.36144405198156254,0.7593402987653429,67.8,0.7839269645653666,0.348185245025908,0.7839269645653666
25.5,0.7748527577596955,0.3529468796931963,0.7748527577596955,2724.0,0.7664628120005704,0.35722118627661364,0.7664628120005704,18.0,0.7800235774244798,0.3486571381107949,0.7800235774244798,0.0,0.794268603894935,0.33924571061814474,0.794268603894935,7.73,0.7435696466026517,0.3688610220930624,0.7435696466026517,47.0,0.7438278397709902,0.37307027988965447,0.7438278397709902,25.9,0.7625594248596836,0.3614179173201259,0.7625594248596836,78.8,0.7839269645653666,0.348185245025908,0.7839269645653666
25.5,0.7748527577596955,0.3529468796931963,0.7748527577596955,1211.0,0.7612919923357861,0.361296734564054,0.7612919923357861,64.0,0.7748527577596955,0.3529468796931979,0.7748527577596955,6.2,0.794268603894935,0.33924571061814474,0.794268603894935,3.58,0.7435696466026517,0.3688610220930624,0.7435696466026517,27.0,0.7418761462005469,0.37314026735901684,0.7418761462005469,19.6,0.7573886051948995,0.365419418978584,0.7573886051948995,66.7,0.7787561449005824,0.3525228608209876,0.7787561449005824
92.2,0.7748527577596954,0.35294687969319627,0.7748527577596954,1558.0,0.7612919923357861,0.361296734564054,0.7612919923357861,73.0,0.7696819380949113,0.35714852033639727,0.7696819380949113,5.5,0.794268603894935,0.33924571061814474,0.794268603894935,21.56,0.7519595923617767,0.36508025582824916,0.7519595923617767,42.0,0.7347536329653194,0.3768560694108634,0.7347536329653194,34.5,0.7554369116244561,0.3655458205228453,0.7554369116244561,62.4,0.7787561449005824,0.3525228608209876,0.7787561449005824
89.4,0.7696819380949113,0.35714852033639727,0.7696819380949113,2933.0,0.7645111184301271,0.36126206004039624,0.7645111184301271,83.0,0.7677302445244679,0.35732831472246585,0.7677302445244679,-8.6,0.794268603894935,0.33924571061814474,0.794268603894935,39.63,0.7519595923617769,0.3650802558282487,0.7519595923617769,68.0,0.7431435787244444,0.3733096555119313,0.7431435787244444,38.4,0.7470469658653309,0.36937689610185864,0.7470469658653309,67.8,0.7787561449005823,0.3525228608209876,0.7787561449005823
23.5,0.7748527577596955,0.3529468796931963,0.7748527577596955,3120.0,0.7664628120005705,0.3611006841315338,0.7664628120005705,89.0,0.7677302445244679,0.35732831472246585,0.7677302445244679,7.8,0.794268603894935,0.33924571061814474,0.794268603894935,8.74,0.7519595923617767,0.3650802558282486,0.7519595923617767,72.0,0.7450952722948878,0.3732366468094798,0.7450952722948878,27.1,0.7399244526301036,0.3732047361992467,0.7399244526301036,50.6,0.7787561449005823,0.3525228608209886,0.7787561449005823
77.6,0.7677302445244679,0.35732831472246585,0.7677302445244679,2443.0,0.7716336316653547,0.3569632073211981,0.7716336316653547,42.0,0.7729010641892522,0.35315061118560426,0.7729010641892522,0.0,0.794268603894935,0.33924571061814474,0.794268603894935,12.06,0.7571304120265611,0.36114068382020753,0.7571304120265611,66.0,0.7431435787244445,0.3733096555119308,0.7431435787244445,28.2,0.7399244526301036,0.3732047361992467,0.7399244526301036,66.7,0.773585325235798,0.35677237567686615,0.773585325235798
42.0,0.7677302445244679,0.35732831472246585,0.7677302445244679,2165.0,0.7664628120005705,0.36110068413153434,0.7664628120005705,19.0,0.7729010641892522,0.35315061118560426,0.7729010641892522,-3.9,0.7890977842301509,0.34375952829162687,0.7890977842301509,13.46,0.7664628120005705,0.35722118627661575,0.7664628120005705,61.0,0.7431435787244445,0.3733096555119308,0.7431435787244445,30.6,0.7470469658653309,0.36937689610185864,0.7470469658653309,72.2,0.7684145055710138,0.36093378959354067,0.7684145055710138
18.0,0.7677302445244679,0.35732831472246585,0.7677302445244679,1752.0,0.7593402987653428,0.36528749880519307,0.7593402987653428,21.0,0.7645111184301271,0.357392440800462,0.7645111184301271,0.0,0.7942686038949351,0.33924571061814374,0.7942686038949351,4.75,0.7716336316653547,0.35305753704997384,0.7716336316653547,46.0,0.7502660919596718,0.36943528413576293,0.7502660919596718,22.4,0.747046965865331,0.3693768961018587,0.747046965865331,63.5,0.7632436859062296,0.3650071025710152,0.7632436859062296
33.3,0.7645111184301271,0.357392440800462,0.7645111184301271,1465.0,0.7522177855301152,0.36933281969784154,0.7522177855301152,52.0,0.7593402987653428,0.3614440519815625,0.7593402987653428,-0.8,0.7942686038949351,0.33924571061814374,0.7942686038949351,7.41,0.7716336316653547,0.35305753704997384,0.7716336316653547,47.0,0.7502660919596718,0.36943528413576343,0.7502660919596718,25.9,0.7470469658653309,0.36937689610185964,0.7470469658653309,73.7,0.7684145055710139,0.3609337895935407,0.7684145055710139
86.7,0.7645111184301271,0.357392440800462,0.7645111184301271,1631.0,0.7573886051948994,0.3654194189785855,0.7573886051948994,63.0,0.7509503530062177,0.3653825477153214,0.7509503530062177,-2.3,0.7923169103244917,0.33953229068782886,0.7923169103244917,21.85,0.7716336316653546,0.3530575370499728,0.7716336316653546,54.0,0.7431435787244445,0.3733096555119308,0.7431435787244445,34.5,0.7470469658653309,0.36937689610185864,0.7470469658653309,65.5,0.773585325235798,0.35677237567686615,0.773585325235798
85.5,0.7593402987653428,0.3614440519815625,0.7593402987653428,1875.0,0.7593402987653427,0.3652874988051925,0.7593402987653427,58.0,0.7509503530062178,0.36538254771532147,0.7509503530062178,-1.6,0.7974877299892758,0.33495430918148145,0.7974877299892758,22.59,0.7716336316653547,0.35305753704997433,0.7716336316653547,58.0,0.7431435787244445,0.3733096555119308,0.7431435787244445,32.5,0.741876146200547,0.37314026735901595,0.741876146200547,66.3,0.7684145055710138,0.36093378959354067,0.7684145055710138
51.8,0.767730244524468,0.3573283147224659,0.767730244524468,1944.0,0.7573886051948994,0.3654194189785855,0.7573886051948994,19.0,0.7509503530062178,0.36538254771532147,0.7509503530062178,0.0,0.7923169103244917,0.33953229068782886,0.7923169103244917,7.48,0.7716336316653546,0.3530575370499728,0.7716336316653546,43.0,0.7360210654892169,0.37704253310708824,0.7360210654892169,25.1,0.7347536329653194,0.37685606941086197,0.7347536329653194,67.8,0.773585325235798,0.35677237567686615,0.773585325235798
37.6,0.7729010641892521,0.3531506111856032,0.7729010641892521,924.0,0.7625594248596835,0.3614179173201269,0.7625594248596835,66.0,0.7509503530062178,0.36538254771532147,0.7509503530062178,3.9,0.7871460906597074,0.34402217125497525,0.7871460906597074,8.63,0.7664628120005705,0.35722118627661575,0.7664628120005705,24.0,0.7308502458244326,0.3806198196897232,0.7308502458244326,29.0,0.7347536329653194,0.37685606941086197,0.7347536329653194,63.1,0.7787561449005823,0.3525228608209886,0.7787561449005823
76.9,0.7729010641892522,0.35315061118560426,0.7729010641892522,2294.0,0.7696819380949113,0.35714852033639727,0.7696819380949113,51.0,0.756121172671002,0.361457028889982,0.756121172671002,-4.7,0.7871460906597074,0.3440221712549742,0.7871460906597074,26.88,0.7612919923357861,0.361296734564054,0.7612919923357861,37.0,0.7308502458244326,0.3806198196897242,0.7308502458244326,35.7,0.7347536329653194,0.37685606941086197,0.7347536329653194,68.2,0.7839269645653665,0.3481852450259084,0.7839269645653665
21.2,0.7729010641892522,0.35315061118560426,0.7729010641892522,1924.0,0.776804451330139,0.35273762957165883,0.776804451330139,76.0,0.7612919923357861,0.3574434091254385,0.7612919923357861,6.2,0.7871460906597074,0.3440221712549742,0.7871460906597074,23.46,0.756121172671002,0.36528418191229184,0.756121172671002,41.0,0.7224603000653076,0.3838815719085746,0.7224603000653076,36.1,0.7276311197300918,0.38043037768169913,0.7276311197300918,77.3,0.7890977842301509,0.34375952829162687,0.7890977842301509
20.4,0.7800235774244798,0.34865713811079385,0.7800235774244798,1987.0,0.7716336316653547,0.3569632073211975,0.7716336316653547,65.0,0.7612919923357861,0.3574434091254385,0.7612919923357861,2.3,0.7819752709949231,0.3484239508829175,0.7819752709949231,9.63,0.7593402987653428,0.36528749880519307,0.7593402987653428,42.0,0.7140703543061823,0.3869660826020851,0.7140703543061823,29.8,0.7347536329653194,0.37685606941086197,0.7347536329653194,72.9,0.7890977842301509,0.34375952829162687,0.7890977842301509
48.6,0.7871460906597074,0.3440221712549742,0.7871460906597074,2122.0,0.7716336316653547,0.3569632073211981,0.7716336316653547,27.0,0.7612919923357861,0.3574434091254385,0.7612919923357861,5.5,0.7819752709949231,0.3484239508829175,0.7819752709949231,8.01,0.7541694791005585,0.3692248366307874,0.7541694791005585,21.0,0.7056804085470573,0.38987335177026,0.7056804085470573,25.9,0.7399244526301035,0.3732047361992466,0.7399244526301035,69.0,0.7839269645653665,0.348185245025909,0.7839269645653665
30.2,0.7871460906597074,0.34402217125497525,0.7871460906597074,813.0,0.7716336316653547,0.3569632073211981,0.7716336316653547,78.0,0.7645111184301271,0.357392440800462,0.7645111184301271,-1.6,0.7819752709949231,0.3484239508829175,0.7819752709949231,3.37,0.7489986594357746,0.37307407351718036,0.7489986594357746,26.0,0.700509588882273,0.39298426034640965,0.700509588882273,19.2,0.7399244526301035,0.3732047361992466,0.7399244526301035,60.4,0.7890977842301506,0.34375952829162676,0.7890977842301506
97.6,0.7871460906597074,0.3440221712549742,0.7871460906597074,2549.0,0.7716336316653547,0.3569632073211981,0.7716336316653547,20.0,0.7645111184301271,0.357392440800462,0.7645111184301271,-4.7,0.7819752709949231,0.3484239508829175,0.7819752709949231,38.1,0.7438278397709903,0.37683520946437016,0.7438278397709903,40.0,0.6953387692174888,0.39600706798335694,0.6953387692174888,38.8,0.7399244526301035,0.3732047361992466,0.7399244526301035,66.7,0.7942686038949349,0.33924571061814474,0.7942686038949349
20.4,0.7871460906597074,0.3440221712549742,0.7871460906597074,2220.0,0.776804451330139,0.35273762957165883,0.776804451330139,19.0,0.7729010641892521,0.3531506111856042,0.7729010641892521,0.0,0.7871460906597074,0.3440221712549742,0.7871460906597074,6.77,0.7438278397709903,0.37683520946437016,0.7438278397709903,33.0,0.700509588882273,0.39298426034640965,0.700509588882273,25.1,0.7399244526301035,0.3732047361992466,0.7399244526301035,63.1,0.794268603894935,0.33924571061814474,0.794268603894935
18.0,0.7819752709949233,0.34842395088291755,0.7819752709949233,1528.0,0.776804451330139,0.35273762957165883,0.776804451330139,25.0,0.7729010641892522,0.3531506111856032,0.7729010641892522,3.1,0.7871460906597074,0.3440221712549742,0.7871460906597074,3.75,0.738657020106206,0.3805082444723594,0.738657020106206,20.0,0.700509588882273,0.39298426034640965,0.700509588882273,21.6,0.7347536329653194,0.3768560694108629,0.7347536329653194,62.4,0.794268603894935,0.33924571061814474,0.794268603894935
42.7,0.7819752709949233,0.34842395088291755,0.7819752709949233,780.0,0.776804451330139,0.35273762957165883,0.776804451330139,36.0,0.7729010641892522,0.3531506111856032,0.7729010641892522,-0.8,0.7819752709949233,0.34842395088291755,0.7819752709949233,4.48,0.7438278397709903,0.37683520946437016,0.7438278397709903,11.0,0.700509588882273,0.39298426034640965,0.700509588882273,20.8,0.7328019393948761,0.37689108251562325,0.7328019393948761,52.9,0.7890977842301509,0.34375952829162687,0.7890977842301509
33.3,0.7819752709949231,0.3484239508829175,0.7819752709949231,812.0,0.7716336316653546,0.3569632073211975,0.7716336316653546,66.0,0.7780718838540365,0.34888480670953964,0.7780718838540365,-2.3,0.776804451330139,0.35273762957165883,0.776804451330139,5.33,0.7489986594357746,0.37307407351717986,0.7489986594357746,13.0,0.700509588882273,0.39298426034640965,0.700509588882273,23.9,0.7244119936357508,0.38022777792065743,0.7244119936357508,56.1,0.7839269645653665,0.348185245025909,0.7839269645653665
84.3,0.7768044513301388,0.3527376295716588,0.7768044513301388,1228.0,0.7716336316653546,0.3569632073211975,0.7716336316653546,20.0,0.7780718838540365,0.34888480670953964,0.7780718838540365,-6.2,0.776804451330139,0.35273762957165883,0.776804451330139,15.57,0.7541694791005585,0.3692248366307874,0.7541694791005585,18.0,0.700509588882273,0.39298426034640965,0.700509588882273,32.5,0.722202106896969,0.37978185807303144,0.722202106896969,60.0,0.7890977842301509,0.34375952829162687,0.7890977842301509
15.7,0.7819752709949231,0.3484239508829175,0.7819752709949231,1216.0,0.7716336316653547,0.3569632073211975,0.7716336316653547,39.0,0.7780718838540365,0.34888480670953964,0.7780718838540365,-7.8,0.7819752709949231,0.3484239508829175,0.7819752709949231,3.59,0.7541694791005585,0.3692248366307884,0.7541694791005585,5.0,0.7076321021175006,0.389951166815297,0.7076321021175006,18.0,0.7305920526560941,0.3764767997811802,0.7305920526560941,62.0,0.7839269645653665,0.348185245025909,0.7839269645653665
42.7,0.7871460906597074,0.34402217125497525,0.7871460906597074,760.0,0.7664628120005704,0.3611006841315348,0.7664628120005704,33.0,0.7780718838540365,0.34888480670953964,0.7780718838540365,3.1,0.7871460906597074,0.3440221712549742,0.7871460906597074,4.56,0.7593402987653428,0.36528749880519307,0.7593402987653428,33.67243525896414,0.7160220478766257,0.3870114206785616,0.7160220478766257,21.2,0.7399244526301035,0.3732047361992466,0.7399244526301035,52.5,0.7839269645653665,0.3481852450259095,0.7839269645653665
18.4,0.7871460906597074,0.3440221712549742,0.7871460906597074,949.0,0.7664628120005704,0.3611006841315348,0.7664628120005704,27.0,0.7780718838540365,0.34888480670953964,0.7780718838540365,1.6,0.7819752709949231,0.3484239508829175,0.7819752709949231,1.99,0.7593402987653428,0.36528749880519307,0.7593402987653428,15.0,0.7244119936357509,0.3838944330164904,0.7244119936357509,17.3,0.747046965865331,0.3693768961018587,0.747046965865331,57.3,0.7839269645653665,0.34818524502591003,0.7839269645653665
16.9,0.7871460906597073,0.3440221712549742,0.7871460906597073,1295.0,0.7664628120005704,0.3611006841315348,0.7664628120005704,20.0,0.785194397089264,0.3442792955891904,0.785194397089264,7.0,0.7871460906597074,0.3440221712549742,0.7871460906597074,3.4,0.7645111184301272,0.36126206004039624,0.7645111184301272,12.0,0.7315345068709785,0.38040270705572404,0.7315345068709785,20.4,0.7541694791005585,0.365407562223463,0.7541694791005585,62.7,0.7839269645653665,0.348185245025909,0.7839269645653665
25.5,0.7871460906597074,0.34402217125497525,0.7871460906597074,907.0,0.7664628120005704,0.3611006841315348,0.7664628120005704,47.0,0.7923169103244917,0.33953229068782886,0.7923169103244917,4.7,0.7871460906597074,0.34402217125497525,0.7871460906597074,3.67,0.7696819380949113,0.35714852033639727,0.7696819380949113,13.0,0.7367053265357628,0.3768155376769705,0.7367053265357628,19.6,0.7541694791005585,0.365407562223463,0.7541694791005585,67.8,0.7839269645653665,0.348185245025909,0.7839269645653665
46.7,0.7819752709949231,0.3484239508829175,0.7819752709949231,1229.0,0.7716336316653546,0.356963207321198,0.7716336316653546,19.0,0.785194397089264,0.34427929558918985,0.785194397089264,3.9,0.7871460906597074,0.34402217125497525,0.7871460906597074,8.58,0.7696819380949113,0.35714852033639727,0.7696819380949113,18.0,0.7367053265357627,0.3768155376769705,0.7367053265357627,27.5,0.7541694791005585,0.36540756222346243,0.7541694791005585,65.1,0.7839269645653665,0.348185245025909,0.7839269645653665
19.6,0.776804451330139,0.35273762957165883,0.776804451330139,1037.0,0.7768044513301388,0.3527376295716588,0.7768044513301388,42.0,0.7800235774244798,0.3486571381107949,0.7800235774244798,-1.6,0.7851943970892639,0.34427929558919035,0.7851943970892639,2.89,0.7716336316653546,0.356963207321198,0.7716336316653546,12.0,0.7367053265357627,0.376815537676971,0.7367053265357627,18.8,0.7593402987653428,0.3614440519815625,0.7593402987653428,56.1,0.7839269645653665,0.348185245025909,0.7839269645653665
29.0,0.776804451330139,0.35273762957165883,0.776804451330139,901.0,0.781975270994923,0.34842395088291744,0.781975270994923,34.0,0.7800235774244798,0.3486571381107949,0.7800235774244798,0.0,0.785194397089264,0.3442792955891904,0.785194397089264,3.94,0.776804451330139,0.35273762957165883,0.776804451330139,4.0,0.7367053265357628,0.3768155376769705,0.7367053265357628,19.2,0.7593402987653428,0.361444051981562,0.7593402987653428,67.5,0.7890977842301509,0.34375952829162687,0.7890977842301509
38.4,0.7819752709949231,0.3484239508829175,0.7819752709949231,793.0,0.7819752709949231,0.3484239508829175,0.7819752709949231,34.0,0.7748527577596954,0.3529468796931978,0.7748527577596954,0.0,0.785194397089264,0.3442792955891904,0.785194397089264,4.17,0.7819752709949231,0.3484239508829175,0.7819752709949231,33.67243525896414,0.7367053265357627,0.3768155376769705,0.7367053265357627,20.4,0.7593402987653428,0.361444051981562,0.7593402987653428,55.3,0.7839269645653666,0.3481852450259085,0.7839269645653666
81.6,0.7819752709949231,0.3484239508829175,0.7819752709949231,975.0,0.7871460906597073,0.3440221712549752,0.7871460906597073,66.0,0.776804451330139,0.35273762957165883,0.776804451330139,-3.9,0.785194397089264,0.3442792955891904,0.785194397089264,11.7,0.7748527577596954,0.3529468796931973,0.7748527577596954,15.0,0.7367053265357628,0.3768155376769705,0.7367053265357628,30.6,0.7593402987653429,0.36144405198156254,0.7593402987653429,56.1,0.7839269645653666,0.3481852450259085,0.7839269645653666
100.0,0.776804451330139,0.35273762957165883,0.776804451330139,1205.0,0.7923169103244917,0.33953229068782936,0.7923169103244917,88.0,0.7684145055710138,0.35704441312363566,0.7684145055710138,7.0,0.7800235774244797,0.34865713811079535,0.7800235774244797,17.83,0.7748527577596955,0.3529468796931968,0.7748527577596955,20.0,0.7367053265357627,0.3768155376769705,0.7367053265357627,36.1,0.7593402987653428,0.3614440519815625,0.7593402987653428,60.4,0.7839269645653666,0.348185245025908,0.7839269645653666
97.6,0.776804451330139,0.35273762957165883,0.776804451330139,3021.0,0.7974877299892758,0.334954309181483,0.7974877299892758,52.0,0.7612919923357861,0.361296734564054,0.7612919923357861,-1.6,0.7748527577596955,0.3529468796931979,0.7748527577596955,44.91,0.7748527577596955,0.3529468796931968,0.7748527577596955,39.0,0.7367053265357627,0.376815537676971,0.7367053265357627,39.6,0.7593402987653428,0.3614440519815625,0.7593402987653428,66.7,0.7819752709949231,0.3484239508829175,0.7819752709949231
74.9,0.7696819380949113,0.35714852033639727,0.7696819380949113,2001.0,0.7923169103244917,0.33953229068782936,0.7923169103244917,70.0,0.7561211726710019,0.3652841819122918,0.7561211726710019,0.8,0.7748527577596955,0.3529468796931979,0.7748527577596955,22.2,0.7748527577596955,0.3529468796931968,0.7748527577596955,46.0,0.7295828133005351,0.38041930168327764,0.7295828133005351,34.5,0.7541694791005585,0.36540756222346243,0.7541694791005585,67.5,0.7819752709949231,0.3484239508829175,0.7819752709949231
62.4,0.7696819380949114,0.3571485203363973,0.7696819380949114,2031.0,0.785194397089264,0.3442792955891904,0.785194397089264,61.0,0.7580728662414453,0.36515528297198996,0.7580728662414453,-0.8,0.7748527577596955,0.3529468796931979,0.7748527577596955,18.74,0.7748527577596955,0.3529468796931979,0.7748527577596955,65.0,0.7295828133005351,0.38041930168327764,0.7295828133005351,32.9,0.7522177855301152,0.3655254239055005,0.7522177855301152,68.2,0.7800235774244798,0.3486571381107944,0.7800235774244798
78.8,0.7696819380949114,0.3571485203363973,0.7696819380949114,2202.0,0.7800235774244798,0.3486571381107949,0.7800235774244798,63.0,0.756121172671002,0.36528418191229184,0.756121172671002,-10.2,0.776804451330139,0.35273762957165883,0.776804451330139,25.66,0.7800235774244799,0.34865713811079546,0.7800235774244799,69.0,0.7295828133005351,0.38041930168327764,0.7295828133005351,34.9,0.7522177855301152,0.3655254239055005,0.7522177855301152,67.8,0.7819752709949233,0.34842395088291755,0.7819752709949233
19.2,0.7645111184301271,0.36126206004039624,0.7645111184301271,2250.0,0.785194397089264,0.3442792955891904,0.785194397089264,39.0,0.7612919923357861,0.361296734564054,0.7612919923357861,0.0,0.7716336316653546,0.356963207321198,0.7716336316653546,6.46,0.785194397089264,0.3442792955891904,0.785194397089264,63.0,0.7295828133005351,0.38041930168327764,0.7295828133005351,25.1,0.7593402987653428,0.361444051981562,0.7593402987653428,65.1,0.7839269645653666,0.348185245025908,0.7839269645653666
47.1,0.7696819380949114,0.3571485203363973,0.7696819380949114,2096.0,0.7871460906597073,0.3440221712549752,0.7871460906597073,64.0,0.7684145055710139,0.3570444131236357,0.7684145055710139,6.2,0.7716336316653546,0.356963207321198,0.7716336316653546,14.53,0.785194397089264,0.3442792955891904,0.785194397089264,64.0,0.7295828133005351,0.38041930168327764,0.7295828133005351,32.2,0.7541694791005585,0.36540756222346243,0.7541694791005585,71.4,0.7839269645653665,0.348185245025908,0.7839269645653665
90.2,0.7696819380949114,0.3571485203363973,0.7696819380949114,2169.0,0.7871460906597073,0.3440221712549752,0.7871460906597073,19.0,0.773585325235798,0.3528568267906565,0.773585325235798,0.8,0.7716336316653546,0.356963207321198,0.7716336316653546,29.6,0.785194397089264,0.3442792955891904,0.785194397089264,68.0,0.7295828133005351,0.38041930168327764,0.7295828133005351,36.5,0.7573886051948995,0.365419418978585,0.7573886051948995,66.3,0.7839269645653666,0.348185245025908,0.7839269645653666
58.4,0.7696819380949114,0.3571485203363973,0.7696819380949114,1854.0,0.794268603894935,0.33924571061814474,0.794268603894935,60.0,0.7684145055710139,0.3570444131236357,0.7684145055710139,5.5,0.776804451330139,0.35273762957165883,0.776804451330139,16.83,0.785194397089264,0.3442792955891904,0.785194397089264,72.0,0.7295828133005351,0.38041930168327764,0.7295828133005351,32.5,0.7573886051948995,0.365419418978585,0.7573886051948995,69.4,0.7839269645653665,0.348185245025908,0.7839269645653665
72.9,0.7696819380949113,0.35714852033639727,0.7696819380949113,2018.0,0.7890977842301506,0.34375952829162837,0.7890977842301506,19.0,0.7612919923357861,0.361296734564054,0.7612919923357861,-7.0,0.776804451330139,0.35273762957165883,0.776804451330139,21.89,0.785194397089264,0.3442792955891904,0.785194397089264,77.0,0.729582813300535,0.38041930168327764,0.729582813300535,34.1,0.7625594248596836,0.3614179173201259,0.7625594248596836,67.5,0.7890977842301506,0.34375952829162676,0.7890977842301506
54.1,0.7696819380949113,0.35714852033639727,0.7696819380949113,2115.0,0.7890977842301506,0.34375952829162837,0.7890977842301506,48.0,0.7541694791005586,0.36540756222346255,0.7541694791005586,3.1,0.776804451330139,0.35273762957165883,0.776804451330139,17.26,0.7903652167540484,0.33981335212838343,0.7903652167540484,78.0,0.7263636872061942,0.3802252417844572,0.7263636872061942,32.2,0.767730244524468,0.3573283147224659,0.767730244524468,68.2,0.7890977842301506,0.34375952829162676,0.7890977842301506
58.4,0.7748527577596955,0.3529468796931963,0.7748527577596955,2097.0,0.7839269645653665,0.3481852450259095,0.7839269645653665,20.0,0.7625594248596839,0.361417917320127,0.7625594248596839,-4.7,0.7768044513301388,0.3527376295716588,0.7768044513301388,18.44,0.7955360364188324,0.3352593077283743,0.7955360364188324,71.0,0.7315345068709787,0.37670000092860223,0.7315345068709787,32.5,0.7696819380949114,0.3571485203363973,0.7696819380949114,69.4,0.7839269645653665,0.348185245025909,0.7839269645653665
18.0,0.7748527577596955,0.3529468796931963,0.7748527577596955,1835.0,0.7819752709949231,0.3484239508829175,0.7819752709949231,36.0,0.7593402987653428,0.3614440519815625,0.7593402987653428,3.1,0.7716336316653546,0.356963207321198,0.7716336316653546,4.78,0.7955360364188324,0.3352593077283743,0.7955360364188324,42.0,0.7315345068709783,0.37670000092860206,0.7315345068709783,22.7,0.7696819380949114,0.3571485203363973,0.7696819380949114,63.5,0.7839269645653666,0.348185245025908,0.7839269645653666
38.0,0.7819752709949233,0.34842395088291755,0.7819752709949233,791.0,0.776804451330139,0.35273762957165883,0.776804451330139,43.0,0.7593402987653428,0.3614440519815635,0.7593402987653428,-3.9,0.7716336316653546,0.356963207321198,0.7716336316653546,4.24,0.8007068560836166,0.33061716238916317,0.8007068560836166,19.0,0.7347536329653194,0.3768560694108629,0.7347536329653194,20.4,0.776804451330139,0.35273762957165883,0.776804451330139,58.4,0.7890977842301509,0.34375952829162687,0.7890977842301509
73.7,0.776804451330139,0.35273762957165833,0.776804451330139,1852.0,0.7787561449005824,0.35252286082098866,0.7787561449005824,67.0,0.7645111184301271,0.357392440800462,0.7645111184301271,0.0,0.776804451330139,0.35273762957165883,0.776804451330139,21.75,0.8007068560836166,0.33061716238916317,0.8007068560836166,33.0,0.7347536329653195,0.37685606941086197,0.7347536329653195,34.1,0.7819752709949231,0.3484239508829175,0.7819752709949231,67.1,0.794268603894935,0.33924571061814474,0.794268603894935
84.7,0.7716336316653547,0.3569632073211981,0.7716336316653547,2088.0,0.7787561449005823,0.3525228608209886,0.7787561449005823,65.0,0.7593402987653428,0.3614440519815625,0.7593402987653428,-0.8,0.776804451330139,0.35273762957165883,0.776804451330139,26.18,0.7955360364188324,0.3352593077283743,0.7955360364188324,49.0,0.7295828133005351,0.38041930168327764,0.7295828133005351,35.3,0.7839269645653665,0.348185245025909,0.7839269645653665,66.7,0.794268603894935,0.33924571061814474,0.794268603894935
86.7,0.7645111184301272,0.36126206004039624,0.7645111184301272,2536.0,0.773585325235798,0.35677237567686615,0.773585325235798,70.0,0.7541694791005586,0.36540756222346255,0.7541694791005586,-8.6,0.7696819380949113,0.35714852033639727,0.7696819380949113,34.0,0.7955360364188324,0.3352593077283743,0.7955360364188324,59.0,0.7224603000653076,0.3838815719085736,0.7224603000653076,37.3,0.7839269645653665,0.348185245025909,0.7839269645653665,67.5,0.7994394235597191,0.334643792005459,0.7994394235597191
18.4,0.7645111184301271,0.36126206004039624,0.7645111184301271,2212.0,0.7684145055710138,0.3609337895935417,0.7684145055710138,37.0,0.7541694791005586,0.36540756222346255,0.7541694791005586,7.8,0.7645111184301271,0.36126206004039624,0.7645111184301271,5.81,0.7903652167540484,0.33981335212838343,0.7903652167540484,24.0,0.7172894804005232,0.38724466519624534,0.7172894804005232,23.1,0.7839269645653665,0.3481852450259095,0.7839269645653665,63.5,0.7994394235597191,0.33464379200545846,0.7994394235597191
56.5,0.7664628120005705,0.36110068413153484,0.7664628120005705,1906.0,0.7684145055710139,0.3609337895935418,0.7684145055710139,61.0,0.7593402987653428,0.3614440519815635,0.7593402987653428,6.2,0.7645111184301271,0.36126206004039624,0.7645111184301271,14.91,0.785194397089264,0.3442792955891904,0.785194397089264,32.0,0.7172894804005232,0.38724466519624534,0.7172894804005232,32.2,0.7839269645653665,0.3481852450259095,0.7839269645653665,67.5,0.7994394235597191,0.334643792005459,0.7994394235597191
79.6,0.7664628120005705,0.36110068413153484,0.7664628120005705,2997.0,0.7684145055710139,0.3609337895935418,0.7684145055710139,53.0,0.7645111184301271,0.357392440800462,0.7645111184301271,3.1,0.7664628120005704,0.3611006841315348,0.7664628120005704,35.73,0.776804451330139,0.3488057868841294,0.776804451330139,43.0,0.7172894804005232,0.38724466519624534,0.7172894804005232,37.3,0.776804451330139,0.35273762957165883,0.776804451330139,67.8,0.794268603894935,0.33924571061814474,0.794268603894935
59.6,0.7716336316653547,0.3569632073211981,0.7716336316653547,2225.0,0.773585325235798,0.35677237567686615,0.773585325235798,51.0,0.7593402987653428,0.361444051981563,0.7593402987653428,-1.6,0.7716336316653547,0.3569632073211981,0.7716336316653547,20.68,0.776804451330139,0.3488057868841294,0.776804451330139,53.0,0.7160220478766257,0.3870114206785616,0.7160220478766257,33.3,0.776804451330139,0.35273762957165883,0.776804451330139,69.8,0.794268603894935,0.33924571061814474,0.794268603894935
61.2,0.773585325235798,0.35677237567686615,0.773585325235798,2699.0,0.773585325235798,0.35677237567686615,0.773585325235798,19.0,0.7645111184301271,0.357392440800462,0.7645111184301271,-10.2,0.7716336316653547,0.3569632073211981,0.7716336316653547,22.82,0.7716336316653546,0.3530575370499738,0.7716336316653546,56.0,0.7150795936617413,0.38675856776022954,0.7150795936617413,34.1,0.7716336316653546,0.356963207321198,0.7716336316653546,70.6,0.7923169103244917,0.33953229068782886,0.7923169103244917
19.2,0.7787561449005823,0.3525228608209876,0.7787561449005823,1702.0,0.773585325235798,0.35677237567686615,0.773585325235798,34.0,0.7696819380949114,0.35325272868015845,0.7696819380949114,0.6281970010971596,0.776804451330139,0.35273762957165883,0.776804451330139,4.25,0.7664628120005705,0.3572211862766152,0.7664628120005705,37.0,0.7079570804265137,0.38993831404589885,0.7079570804265137,27.23618212807402,0.7768044513301388,0.3527376295716588,0.7768044513301388,63.1,0.7871460906597074,0.34402217125497525,0.7871460906597074
60.0,0.7787561449005823,0.3525228608209881,0.7787561449005823,1852.0,0.7716336316653547,0.3569632073211981,0.7716336316653547,33.0,0.7748527577596955,0.34902491562065285,0.7748527577596955,0.8,0.776804451330139,0.35273762957165883,0.776804451330139,16.7,0.7612919923357861,0.361296734564054,0.7612919923357861,39.0,0.7060053868560704,0.389861487587824,0.7060053868560704,32.2,0.7768044513301388,0.3527376295716588,0.7768044513301388,65.1,0.7871460906597074,0.3440221712549742,0.7871460906597074
20.0,0.773585325235798,0.35677237567686615,0.773585325235798,1808.0,0.7787561449005823,0.3525228608209886,0.7787561449005823,36.0,0.7748527577596955,0.34902491562065335,0.7748527577596955,3.1,0.776804451330139,0.35273762957165883,0.776804451330139,5.28,0.7612919923357861,0.361296734564054,0.7612919923357861,25.0,0.7060053868560704,0.389861487587824,0.7060053868560704,22.7,0.7748527577596954,0.3529468796931973,0.7748527577596954,75.7,0.7819752709949233,0.34842395088291755,0.7819752709949233
43.5,0.7787561449005823,0.3525228608209876,0.7787561449005823,783.0,0.773585325235798,0.35677237567686615,0.773585325235798,44.0,0.7819752709949233,0.3444659357790835,0.7819752709949233,0.6281970010971596,0.776804451330139,0.35273762957165883,0.776804451330139,4.77,0.7612919923357861,0.361296734564054,0.7612919923357861,0.0,0.7060053868560704,0.389861487587824,0.7060053868560704,22.4,0.7748527577596955,0.3529468796931974,0.7748527577596955,60.8,0.776804451330139,0.35273762957165883,0.776804451330139
74.1,0.7787561449005823,0.3525228608209876,0.7787561449005823,977.0,0.7787561449005823,0.3525228608209886,0.7787561449005823,60.0,0.7768044513301391,0.3488057868841295,0.7768044513301391,3.1,0.7819752709949231,0.3484239508829175,0.7819752709949231,10.28,0.7561211726710019,0.3652841819122918,0.7561211726710019,6.0,0.7079570804265137,0.38993831404589885,0.7079570804265137,29.4,0.7748527577596955,0.3529468796931968,0.7748527577596955,62.4,0.776804451330139,0.35273762957165883,0.776804451330139
100.0,0.7787561449005823,0.3525228608209876,0.7787561449005823,1263.0,0.7787561449005823,0.3525228608209886,0.7787561449005823,85.0,0.7768044513301391,0.3488057868841295,0.7768044513301391,3.1,0.7871460906597073,0.3440221712549752,0.7871460906597073,22.52,0.7612919923357861,0.361296734564054,0.7612919923357861,34.0,0.7060053868560704,0.389861487587824,0.7060053868560704,40.4,0.7696819380949113,0.35714852033639777,0.7696819380949113,52.5,0.776804451330139,0.35273762957165883,0.776804451330139
60.4,0.7787561449005823,0.3525228608209876,0.7787561449005823,1884.0,0.7787561449005823,0.3525228608209876,0.7787561449005823,20.0,0.7768044513301391,0.3488057868841295,0.7768044513301391,0.8,0.7923169103244917,0.33953229068782886,0.7923169103244917,18.43,0.7612919923357861,0.361296734564054,0.7612919923357861,57.0,0.6988828736208428,0.392870284357012,0.6988828736208428,32.9,0.7696819380949113,0.35714852033639727,0.7696819380949113,68.6,0.776804451330139,0.35273762957165883,0.776804451330139
19.2,0.7787561449005823,0.3525228608209876,0.7787561449005823,1873.0,0.7716336316653547,0.3569632073211981,0.7716336316653547,19.0,0.7768044513301391,0.3488057868841295,0.7768044513301391,0.0,0.7923169103244917,0.33953229068782886,0.7923169103244917,5.46,0.7612919923357861,0.361296734564054,0.7612919923357861,52.0,0.7040536932856271,0.38977914250061796,0.7040536932856271,23.5,0.7645111184301271,0.36126206004039624,0.7645111184301271,62.7,0.776804451330139,0.35273762957165883,0.776804451330139
53.7,0.7787561449005823,0.3525228608209876,0.7787561449005823,814.0,0.7645111184301271,0.36126206004039624,0.7645111184301271,38.0,0.7716336316653547,0.3530575370499728,0.7716336316653547,-1.6,0.785194397089264,0.3442792955891904,0.785194397089264,5.61,0.7664628120005704,0.35722118627661514,0.7664628120005704,41.0,0.7111762065208546,0.38665830768588805,0.7111762065208546,23.1,0.7696819380949114,0.3571485203363973,0.7696819380949114,63.5,0.776804451330139,0.35273762957165883,0.776804451330139
65.5,0.7787561449005823,0.3525228608209876,0.7787561449005823,1244.0,0.7645111184301271,0.36126206004039624,0.7645111184301271,69.0,0.7716336316653547,0.3530575370499728,0.7716336316653547,3.9,0.7800235774244797,0.34865713811079485,0.7800235774244797,12.8,0.7696819380949114,0.3571485203363973,0.7696819380949114,45.0,0.713127900091298,0.3867111970376247,0.713127900091298,32.2,0.7716336316653547,0.3569632073211975,0.7716336316653547,61.6,0.776804451330139,0.35273762957165883,0.776804451330139
86.3,0.7716336316653547,0.3569632073211981,0.7716336316653547,2306.0,0.7593402987653428,0.36528749880519307,0.7593402987653428,58.0,0.7768044513301391,0.3488057868841295,0.7768044513301391,2.3,0.7729010641892521,0.3531506111856042,0.7729010641892521,27.37,0.7612919923357861,0.361296734564054,0.7612919923357861,50.0,0.713127900091298,0.3867111970376251,0.713127900091298,35.7,0.7645111184301271,0.36126206004039624,0.7645111184301271,67.5,0.7716336316653546,0.356963207321198,0.7716336316653546
19.6,0.7716336316653547,0.3569632073211981,0.7716336316653547,2405.0,0.7593402987653428,0.36528749880519307,0.7593402987653428,21.0,0.776804451330139,0.3488057868841294,0.776804451330139,0.0,0.7657785509540244,0.3575025904794042,0.7657785509540244,6.96,0.7612919923357861,0.361296734564054,0.7612919923357861,41.0,0.7182987197560822,0.38339597909014983,0.7182987197560822,25.5,0.7696819380949114,0.3571485203363973,0.7696819380949114,64.7,0.7664628120005704,0.3611006841315348,0.7664628120005704
18.4,0.7716336316653546,0.3569632073211975,0.7716336316653546,1406.0,0.7541694791005585,0.3692248366307884,0.7541694791005585,37.0,0.7819752709949231,0.34446593577908347,0.7819752709949231,10.9,0.7657785509540244,0.3575025904794042,0.7657785509540244,3.67,0.7612919923357861,0.361296734564054,0.7612919923357861,24.0,0.7182987197560823,0.38339597909015033,0.7182987197560823,18.8,0.7645111184301271,0.36126206004039624,0.7645111184301271,75.3,0.7612919923357861,0.3651500600026695,0.7612919923357861
43.5,0.776804451330139,0.35273762957165883,0.776804451330139,792.0,0.7593402987653428,0.36528749880519307,0.7593402987653428,43.0,0.7819752709949233,0.3444659357790835,0.7819752709949233,-6.2,0.7657785509540244,0.3575025904794042,0.7657785509540244,4.84,0.7684145055710139,0.3570444131236367,0.7684145055710139,0.0,0.7182987197560823,0.3833959790901494,0.7182987197560823,22.0,0.7645111184301271,0.36126206004039624,0.7645111184301271,57.3,0.7612919923357861,0.3651500600026695,0.7612919923357861
48.6,0.7819752709949231,0.3484239508829175,0.7819752709949231,799.0,0.7593402987653429,0.3652874988051931,0.7593402987653429,44.0,0.7819752709949233,0.3444659357790835,0.7819752709949233,2.3,0.7709493706188087,0.35334882404887996,0.7709493706188087,5.62,0.7612919923357861,0.361296734564054,0.7612919923357861,2.0,0.7182987197560822,0.38339597909014983,0.7182987197560822,23.9,0.7645111184301271,0.36126206004039624,0.7645111184301271,56.5,0.7664628120005704,0.3611006841315348,0.7664628120005704
45.1,0.7871460906597073,0.3440221712549752,0.7871460906597073,801.0,0.7522177855301152,0.36933281969784154,0.7522177855301152,45.0,0.776804451330139,0.3488057868841294,0.776804451330139,-2.3,0.7657785509540244,0.3575025904794042,0.7657785509540244,5.1,0.7664628120005705,0.3572211862766152,0.7664628120005705,7.0,0.716347026185639,0.38336702684475116,0.716347026185639,22.7,0.7696819380949114,0.3571485203363973,0.7696819380949114,56.5,0.7664628120005704,0.3611006841315348,0.7664628120005704
67.8,0.7923169103244917,0.33953229068782886,0.7923169103244917,876.0,0.7522177855301152,0.36933281969784154,0.7522177855301152,73.0,0.7696819380949114,0.35325272868015845,0.7696819380949114,-7.0,0.7625594248596836,0.35755817669517664,0.7625594248596836,7.5,0.7664628120005705,0.3572211862766152,0.7664628120005705,17.0,0.7111762065208548,0.38665830768588816,0.7111762065208548,26.7,0.7748527577596955,0.3529468796931963,0.7748527577596955,60.8,0.7664628120005703,0.36110068413153473,0.7664628120005703
93.7,0.7974877299892758,0.33495430918148195,0.7974877299892758,1703.0,0.7522177855301152,0.36933281969784154,0.7522177855301152,21.0,0.7645111184301271,0.357392440800462,0.7645111184301271,-0.8,0.7573886051948995,0.3615858507699393,0.7573886051948995,23.84,0.7664628120005705,0.3572211862766147,0.7664628120005705,29.0,0.7082152735948524,0.3859130605858123,0.7082152735948524,35.7,0.7748527577596955,0.3529468796931979,0.7748527577596955,62.4,0.7664628120005704,0.3611006841315348,0.7664628120005704
67.5,0.7974877299892758,0.33495430918148195,0.7974877299892758,1526.0,0.7438278397709902,0.37307027988965397,0.7438278397709902,50.0,0.7645111184301271,0.357392440800462,0.7645111184301271,0.0,0.750266091959672,0.36563776695840694,0.750266091959672,14.86,0.7612919923357861,0.361296734564054,0.7612919923357861,35.0,0.7026780769244979,0.384861332664261,0.7026780769244979,31.4,0.7696819380949113,0.35714852033639727,0.7696819380949113,66.3,0.7632436859062296,0.3611438985174149,0.7632436859062296
59.2,0.7974877299892758,0.33495430918148195,0.7974877299892758,1506.438032627222,0.7438278397709902,0.37307027988965447,0.7438278397709902,19.0,0.7645111184301271,0.357392440800462,0.7645111184301271,-3.1,0.7502660919596718,0.3656377669584074,0.7502660919596718,15.49,0.7541694791005586,0.36540756222346304,0.7541694791005586,34.0,0.6975072572597139,0.38797134022758367,0.6975072572597139,31.8,0.7625594248596836,0.3614179173201259,0.7625594248596836,68.6,0.7539112859322201,0.3649619293962965,0.7539112859322201
22.4,0.7974877299892758,0.33495430918148195,0.7974877299892758,849.0,0.7386570201062062,0.3767694873139475,0.7386570201062062,50.0,0.7645111184301271,0.357392440800462,0.7645111184301271,-1.6,0.7573886051948994,0.36158585076993977,0.7573886051948994,4.78,0.7470469658653309,0.36937689610185864,0.7470469658653309,15.0,0.6975072572597139,0.38797134022758367,0.6975072572597139,22.4,0.7573886051948995,0.365419418978584,0.7573886051948995,68.2,0.7467887726969925,0.3689317268970883,0.7467887726969925
84.3,0.7974877299892758,0.33495430918148195,0.7974877299892758,1458.0,0.738657020106206,0.37676948731394744,0.738657020106206,73.0,0.7696819380949114,0.35325272868015845,0.7696819380949114,0.0,0.7573886051948994,0.36158585076993977,0.7573886051948994,18.71,0.7470469658653309,0.36937689610185864,0.7470469658653309,29.0,0.6975072572597136,0.3879713402275835,0.6975072572597136,33.3,0.7573886051948995,0.365419418978584,0.7573886051948995,59.2,0.739666259461765,0.3727600306168688,0.739666259461765
88.2,0.7974877299892758,0.33495430918148195,0.7974877299892758,2667.0,0.7367053265357627,0.376815537676971,0.7367053265357627,69.0,0.7696819380949114,0.35325272868015845,0.7696819380949114,-8.6,0.7573886051948995,0.3615858507699398,0.7573886051948995,35.94,0.7541694791005585,0.36540756222346243,0.7541694791005585,41.0,0.7046297704949414,0.3849340786196491,0.7046297704949414,37.6,0.7625594248596836,0.3614179173201259,0.7625594248596836,67.8,0.739666259461765,0.3727600306168688,0.739666259461765
89.0,0.7974877299892758,0.33495430918148195,0.7974877299892758,3578.0,0.7386570201062062,0.3767694873139475,0.7386570201062062,66.0,0.7696819380949114,0.35325272868015845,0.7696819380949114,2.3,0.7522177855301153,0.365525423905501,0.7522177855301153,48.26,0.7573886051948995,0.365419418978585,0.7573886051948995,44.0,0.7033623379710437,0.3846847225341145,0.7033623379710437,39.6,0.7645111184301271,0.36126206004039624,0.7645111184301271,65.5,0.739666259461765,0.3727600306168688,0.739666259461765
83.9,0.7923169103244917,0.3395322906878305,0.7923169103244917,2218.0,0.7367053265357627,0.376815537676971,0.7367053265357627,70.0,0.7748527577596955,0.34902491562065285,0.7748527577596955,-1.6,0.7593402987653429,0.36144405198156254,0.7593402987653429,28.52,0.7522177855301153,0.3693328196978416,0.7522177855301153,48.0,0.692119643123148,0.38645132123311776,0.692119643123148,36.1,0.7593402987653428,0.36528749880519307,0.7593402987653428,67.5,0.739666259461765,0.3727600306168688,0.739666259461765
73.7,0.7871460906597074,0.34402217125497525,0.7871460906597074,2439.0,0.738657020106206,0.37676948731394744,0.738657020106206,61.0,0.7819752709949233,0.3444659357790835,0.7819752709949233,-2.3,0.7645111184301271,0.357392440800462,0.7645111184301271,26.66,0.7522177855301152,0.36933281969784154,0.7522177855301152,33.67243525896414,0.6837296973640229,0.3889887731295052,0.6837296973640229,35.3,0.7541694791005585,0.3692248366307874,0.7541694791005585,67.8,0.739666259461765,0.3727600306168688,0.739666259461765
18.0,0.7871460906597074,0.3440221712549742,0.7871460906597074,2596.0,0.738657020106206,0.37676948731394744,0.738657020106206,19.0,0.7871460906597074,0.34003798373483657,0.7871460906597074,3.1,0.7664628120005705,0.3572211862766147,0.7664628120005705,9.95,0.7522177855301152,0.36933281969784154,0.7522177855301152,53.0,0.6837296973640229,0.38898877312950475,0.6837296973640229,29.8,0.7612919923357861,0.3651500600026695,0.7612919923357861,66.7,0.7396662594617651,0.3727600306168689,0.7396662594617651
19.6,0.7871460906597074,0.3440221712549742,0.7871460906597074,2434.0,0.7457795333414338,0.3729947737911605,0.7457795333414338,44.0,0.7871460906597074,0.34003798373483657,0.7871460906597074,3.1,0.7664628120005705,0.3572211862766142,0.7664628120005705,6.99,0.7573886051948995,0.365419418978585,0.7573886051948995,34.0,0.6837296973640229,0.38898877312950425,0.6837296973640229,25.9,0.7664628120005704,0.3611006841315348,0.7664628120005704,63.9,0.7448370791265492,0.3690205975935695,0.7448370791265492
43.5,0.7871460906597074,0.3440221712549742,0.7871460906597074,800.0,0.7406087136766495,0.37671791832179174,0.7406087136766495,42.0,0.7819752709949233,0.3444659357790835,0.7819752709949233,-2.3,0.7612919923357861,0.361296734564054,0.7612919923357861,4.73,0.7522177855301152,0.36933281969784154,0.7522177855301152,31.0,0.6889005170288072,0.3860617877579352,0.6889005170288072,21.6,0.7612919923357861,0.3651500600026695,0.7612919923357861,59.2,0.7500078987913333,0.3651930636310696,0.7500078987913333
18.0,0.7871460906597074,0.3440221712549742,0.7871460906597074,1452.0,0.7354378940118652,0.3803529619132209,0.7354378940118652,39.0,0.776804451330139,0.3488057868841294,0.776804451330139,13.3,0.7632436859062297,0.3611438985174144,0.7632436859062297,3.84,0.7522177855301152,0.36933281969784154,0.7522177855301152,12.0,0.6960230302640347,0.38313976844374575,0.6960230302640347,20.4,0.7541694791005585,0.3692248366307874,0.7541694791005585,74.9,0.757130412026561,0.3611406838202075,0.757130412026561
45.5,0.7923169103244917,0.33953229068782936,0.7923169103244917,768.0,0.7354378940118652,0.3803529619132219,0.7354378940118652,43.0,0.7716336316653546,0.3530575370499728,0.7716336316653546,4.7,0.7632436859062297,0.3611438985174134,0.7632436859062297,5.07,0.7573886051948994,0.3654194189785855,0.7573886051948994,2.0,0.6960230302640347,0.38313976844374575,0.6960230302640347,22.4,0.7489986594357745,0.3730740735171803,0.7489986594357745,55.3,0.7642529252617886,0.35694681022833497,0.7642529252617886
61.6,0.7923169103244917,0.33953229068782886,0.7923169103244917,1679.0,0.7406087136766495,0.37671791832179274,0.7406087136766495,53.0,0.7716336316653546,0.3530575370499728,0.7716336316653546,-0.8,0.7632436859062297,0.3611438985174144,0.7632436859062297,15.91,0.7522177855301152,0.36933281969784154,0.7522177855301152,10.0,0.6940713366935913,0.38304670144716313,0.6940713366935913,31.8,0.7470469658653313,0.3731581194778952,0.7470469658653313,55.7,0.7642529252617886,0.35694681022833497,0.7642529252617886
63.1,0.7871460906597073,0.3440221712549742,0.7871460906597073,2055.0,0.7457795333414337,0.3729947737911614,0.7457795333414337,51.0,0.7729010641892522,0.35315061118560426,0.7729010641892522,3.1,0.7632436859062297,0.3611438985174144,0.7632436859062297,18.59,0.7450952722948877,0.37323664680947977,0.7450952722948877,12.0,0.6869488234583638,0.38593926502588133,0.6869488234583638,32.9,0.7399244526301035,0.37694990854399346,0.7399244526301035,68.2,0.7642529252617886,0.35694681022833497,0.7642529252617886
71.0,0.7800235774244799,0.3486571381107939,0.7800235774244799,1417.0,0.7509503530062178,0.36918352832132767,0.7509503530062178,47.0,0.7677302445244679,0.35732831472246684,0.7677302445244679,-7.0,0.7716336316653547,0.3569632073211981,0.7716336316653547,14.55,0.7431435787244444,0.3733096555119323,0.7431435787244444,20.0,0.6776164234843541,0.38809675453938003,0.6776164234843541,31.4,0.7328019393948758,0.3806002038290804,0.7328019393948758,65.9,0.7642529252617885,0.3569468102283349,0.7642529252617885
70.6,0.7819752709949233,0.34842395088291755,0.7819752709949233,1864.0,0.7509503530062178,0.36918352832132767,0.7509503530062178,60.0,0.7677302445244679,0.35732831472246684,0.7677302445244679,-0.8,0.7716336316653546,0.356963207321198,0.7716336316653546,20.2,0.7483143983892284,0.3695322299445528,0.7483143983892284,33.0,0.665906262061694,0.38906727617211456,0.665906262061694,33.7,0.7379727590596602,0.3769989801401067,0.7379727590596602,67.5,0.7642529252617886,0.35694681022833497,0.7642529252617886
19.6,0.7871460906597074,0.3440221712549732,0.7871460906597074,2427.0,0.7561211726710019,0.3652841819122918,0.7561211726710019,62.0,0.7677302445244679,0.35732831472246585,0.7677302445244679,-3.1,0.7716336316653546,0.356963207321198,0.7716336316653546,7.01,0.7483143983892284,0.3695322299445533,0.7483143983892284,40.0,0.6537808038715512,0.3895684212799446,0.6537808038715512,25.1,0.7379727590596602,0.3769989801401067,0.7379727590596602,62.4,0.7590821055970043,0.360998420281918,0.7590821055970043
85.5,0.7871460906597074,0.3440221712549742,0.7871460906597074,2067.0,0.7645111184301271,0.36126206004039624,0.7645111184301271,67.0,0.7625594248596839,0.361417917320127,0.7625594248596839,-0.8,0.7664628120005704,0.3611006841315348,0.7664628120005704,26.05,0.7483143983892284,0.3695322299445528,0.7483143983892284,48.0,0.6506141257013313,0.3881636234479287,0.6506141257013313,35.3,0.7450952722948878,0.3732366468094783,0.7450952722948878,66.7,0.7684145055710138,0.3570444131236367,0.7684145055710138
23.5,0.7871460906597074,0.3440221712549742,0.7871460906597074,1583.0,0.7593402987653428,0.36528749880519307,0.7593402987653428,40.0,0.7606077312892403,0.36156825597072506,0.7606077312892403,7.8,0.7716336316653547,0.3569632073211975,0.7716336316653547,3.64,0.7431435787244444,0.3733096555119308,0.7431435787244444,47.0,0.6559906906103332,0.3902366855249508,0.6559906906103332,21.6,0.7450952722948877,0.37323664680947827,0.7450952722948877,71.8,0.776804451330139,0.35273762957165883,0.776804451330139
39.2,0.7871460906597073,0.3440221712549742,0.7871460906597073,1541.0,0.7541694791005585,0.3692248366307884,0.7541694791005585,52.0,0.7677302445244679,0.35732831472246585,0.7677302445244679,6.2,0.7735853252357979,0.35677237567686615,0.7735853252357979,8.37,0.7483143983892284,0.3695322299445533,0.7483143983892284,48.0,0.668116148800476,0.3896979118977038,0.668116148800476,25.9,0.7450952722948877,0.37323664680947827,0.7450952722948877,71.4,0.7819752709949233,0.34842395088291755,0.7819752709949233
69.0,0.7871460906597074,0.3440221712549742,0.7871460906597074,1632.0,0.7541694791005585,0.3692248366307874,0.7541694791005585,26.0,0.7677302445244679,0.35732831472246585,0.7677302445244679,3.9,0.7787561449005823,0.3525228608209876,0.7787561449005823,16.52,0.7483143983892284,0.3695322299445533,0.7483143983892284,54.0,0.668116148800476,0.3896979118977038,0.668116148800476,32.2,0.7450952722948877,0.37323664680947827,0.7450952722948877,67.5,0.7871460906597074,0.3440221712549742,0.7871460906597074
18.0,0.7871460906597074,0.3440221712549742,0.7871460906597074,1870.0,0.7561211726710019,0.3691113349346026,0.7561211726710019,20.0,0.7729010641892521,0.3531506111856042,0.7729010641892521,0.0,0.773585325235798,0.35677237567686615,0.773585325235798,5.37,0.7483143983892284,0.3695322299445533,0.7483143983892284,50.0,0.668116148800476,0.3896979118977038,0.668116148800476,23.1,0.7450952722948878,0.3732366468094783,0.7450952722948878,75.3,0.7871460906597074,0.3440221712549742,0.7871460906597074
18.4,0.7871460906597074,0.3440221712549742,0.7871460906597074,1568.0,0.7561211726710019,0.3691113349346026,0.7561211726710019,35.0,0.7677302445244679,0.35732831472246585,0.7677302445244679,3.9,0.773585325235798,0.35677237567686615,0.773585325235798,4.27,0.7483143983892284,0.3695322299445533,0.7483143983892284,31.0,0.662945329135692,0.392329547171305,0.662945329135692,21.6,0.7450952722948877,0.37323664680947827,0.7450952722948877,62.7,0.7819752709949231,0.3484239508829175,0.7819752709949231
76.9,0.7819752709949233,0.34842395088291755,0.7819752709949233,2381.0,0.7561211726710019,0.3691113349346016,0.7561211726710019,43.0,0.7625594248596836,0.36141791732012696,0.7625594248596836,-2.3,0.7684145055710139,0.3609337895935407,0.7684145055710139,26.6,0.7483143983892284,0.3695322299445533,0.7483143983892284,52.0,0.662945329135692,0.392329547171305,0.662945329135692,35.3,0.7450952722948878,0.3732366468094783,0.7450952722948878,68.2,0.7819752709949231,0.3484239508829175,0.7819752709949231
19.2,0.7871460906597074,0.3440221712549742,0.7871460906597074,1787.0,0.7612919923357864,0.36515006000266953,0.7612919923357864,22.0,0.7625594248596836,0.36141791732012696,0.7625594248596836,0.0,0.7684145055710139,0.3609337895935407,0.7684145055710139,4.99,0.755436911624456,0.3655458205228453,0.755436911624456,47.0,0.6746554905583521,0.39148134504328147,0.6746554905583521,22.7,0.7522177855301152,0.36933281969784154,0.7522177855301152,74.9,0.7819752709949231,0.3484239508829175,0.7819752709949231
80.4,0.7819752709949231,0.3484239508829175,0.7819752709949231,1505.0,0.7612919923357861,0.3651500600026695,0.7612919923357861,64.0,0.7677302445244679,0.35732831472246684,0.7677302445244679,-3.1,0.773585325235798,0.35677237567686615,0.773585325235798,17.86,0.755436911624456,0.3655458205228463,0.755436911624456,49.0,0.6858981854062477,0.3901607971599823,0.6858981854062477,32.9,0.7522177855301152,0.36933281969784154,0.7522177855301152,64.7,0.7871460906597074,0.3440221712549732,0.7871460906597074
68.2,0.7871460906597073,0.34402217125497314,0.7871460906597073,1809.0,0.761291992335786,0.36515006000266936,0.761291992335786,65.0,0.7625594248596836,0.36141791732012646,0.7625594248596836,0.0,0.7787561449005823,0.3525228608209876,0.7787561449005823,17.95,0.755436911624456,0.3655458205228453,0.755436911624456,57.0,0.6942881311653729,0.3875996856747906,0.6942881311653729,32.5,0.7522177855301152,0.36933281969784154,0.7522177855301152,67.5,0.7923169103244917,0.33953229068782936,0.7923169103244917
80.0,0.7871460906597073,0.34402217125497314,0.7871460906597073,1932.0,0.7593402987653428,0.36528749880519307,0.7593402987653428,54.0,0.7625594248596836,0.36141791732012646,0.7625594248596836,-1.6,0.7787561449005823,0.3525228608209876,0.7787561449005823,20.75,0.7625594248596836,0.36141791732012696,0.7625594248596836,61.0,0.6849557311913634,0.38987043727344384,0.6849557311913634,33.7,0.7573886051948994,0.3654194189785855,0.7573886051948994,66.7,0.7974877299892758,0.33495430918148145,0.7974877299892758
18.4,0.7819752709949231,0.34842395088291644,0.7819752709949231,2032.0,0.7593402987653428,0.36528749880519307,0.7593402987653428,20.0,0.7625594248596836,0.36141791732012696,0.7625594248596836,3.9,0.7787561449005823,0.3525228608209876,0.7787561449005823,6.55,0.7573886051948994,0.3654194189785855,0.7573886051948994,58.0,0.6817366050970225,0.38943139480952754,0.6817366050970225,28.2,0.7625594248596836,0.36141791732012696,0.7625594248596836,77.6,0.7974877299892758,0.334954309181483,0.7974877299892758
19.6,0.7871460906597074,0.3440221712549732,0.7871460906597074,1867.0,0.7573886051948995,0.365419418978585,0.7573886051948995,19.0,0.7625594248596836,0.36141791732012746,0.7625594248596836,0.0,0.7787561449005823,0.3525228608209876,0.7787561449005823,5.37,0.7625594248596836,0.36141791732012696,0.7625594248596836,49.0,0.6888591183322501,0.38665768165324094,0.6888591183322501,23.1,0.767730244524468,0.3573283147224669,0.767730244524468,63.1,0.7923169103244917,0.33953229068782886,0.7923169103244917
47.8,0.7890977842301509,0.34375952829162687,0.7890977842301509,1618.0,0.7573886051948995,0.365419418978585,0.7573886051948995,34.0,0.7625594248596836,0.36141791732012696,0.7625594248596836,4.7,0.7787561449005823,0.3525228608209876,0.7787561449005823,10.63,0.7625594248596836,0.36141791732012696,0.7625594248596836,48.0,0.6908108119026934,0.38677649831862926,0.6908108119026934,29.4,0.767730244524468,0.3573283147224659,0.767730244524468,72.5,0.7923169103244917,0.33953229068782886,0.7923169103244917
18.0,0.7890977842301509,0.34375952829162687,0.7890977842301509,1547.0,0.7625594248596836,0.36141791732012696,0.7625594248596836,47.0,0.7554369116244561,0.36554582052284634,0.7554369116244561,2.3,0.7839269645653666,0.348185245025908,0.7839269645653666,5.03,0.7696819380949113,0.35714852033639727,0.7696819380949113,47.0,0.6949723922119186,0.3874368803121875,0.6949723922119186,25.9,0.7748527577596954,0.3529468796931978,0.7748527577596954,64.7,0.7974877299892758,0.33495430918148195,0.7974877299892758
64.3,0.789097784230151,0.3437595282916269,0.789097784230151,1737.0,0.7645111184301271,0.36126206004039624,0.7645111184301271,54.0,0.7483143983892284,0.3695322299445533,0.7483143983892284,-7.8,0.7839269645653666,0.348185245025908,0.7839269645653666,16.6,0.7696819380949114,0.3571485203363973,0.7696819380949114,54.0,0.7020949054471464,0.3844337697908743,0.7020949054471464,32.2,0.7748527577596954,0.3529468796931978,0.7748527577596954,68.2,0.7923169103244917,0.33953229068782886,0.7923169103244917
57.6,0.7942686038949351,0.33924571061814374,0.7942686038949351,1835.0,0.7625594248596839,0.361417917320127,0.7625594248596839,49.0,0.7483143983892284,0.3695322299445533,0.7483143983892284,-7.0,0.7890977842301509,0.34375952829162687,0.7890977842301509,15.93,0.7696819380949113,0.35714852033639727,0.7696819380949113,57.0,0.7072657251119305,0.38123983280245344,0.7072657251119305,31.8,0.7748527577596954,0.3529468796931978,0.7748527577596954,68.6,0.7923169103244917,0.33953229068782886,0.7923169103244917
18.8,0.7994394235597191,0.334643792005459,0.7994394235597191,1888.0,0.7573886051948995,0.365419418978585,0.7573886051948995,36.0,0.7431435787244444,0.3733096555119313,0.7431435787244444,4.7,0.794268603894935,0.33924571061814474,0.794268603894935,9.92,0.7696819380949114,0.3571485203363973,0.7696819380949114,56.0,0.7020949054471464,0.3844337697908739,0.7020949054471464,28.2,0.7748527577596954,0.3529468796931978,0.7748527577596954,65.5,0.7871460906597074,0.3440221712549742,0.7871460906597074
60.0,0.7994394235597191,0.334643792005459,0.7994394235597191,1870.0,0.7502660919596718,0.36943528413576293,0.7502660919596718,44.0,0.7431435787244444,0.3733096555119308,0.7431435787244444,-6.2,0.7994394235597191,0.334643792005459,0.7994394235597191,16.58,0.7645111184301271,0.36126206004039624,0.7645111184301271,55.0,0.7020949054471464,0.3844337697908739,0.7020949054471464,31.8,0.7748527577596954,0.3529468796931978,0.7748527577596954,68.6,0.7871460906597074,0.3440221712549742,0.7871460906597074
56.1,0.7994394235597191,0.334643792005459,0.7994394235597191,1845.0,0.7450952722948877,0.37323664680947977,0.7450952722948877,47.0,0.7379727590596602,0.3769989801401067,0.7379727590596602,-3.1,0.8046102432245033,0.3299537724535712,0.8046102432245033,15.1,0.7696819380949113,0.35714852033639777,0.7696819380949113,56.0,0.712802921782285,0.3822307034389105,0.712802921782285,31.4,0.7800235774244798,0.3486571381107949,0.7800235774244798,69.4,0.794268603894935,0.33924571061814474,0.794268603894935
19.2,0.8046102432245033,0.3299537724535712,0.8046102432245033,1822.0,0.7399244526301035,0.37694990854399346,0.7399244526301035,33.0,0.7379727590596602,0.3769989801401067,0.7379727590596602,0.0,0.8097810628892876,0.3251756519624815,0.8097810628892876,5.1,0.7748527577596954,0.3529468796931978,0.7748527577596954,51.0,0.7179737414470693,0.3788870299622613,0.7179737414470693,23.1,0.785194397089264,0.34427929558918985,0.785194397089264,65.9,0.7890977842301509,0.34375952829162687,0.7890977842301509
17.3,0.8046102432245033,0.3299537724535712,0.8046102432245033,1641.0,0.7399244526301035,0.37694990854399346,0.7399244526301035,35.0,0.7379727590596602,0.3769989801401067,0.7379727590596602,3.9,0.8149518825540718,0.32030943053218974,0.8149518825540718,4.44,0.7748527577596954,0.3529468796931978,0.7748527577596954,47.0,0.7179737414470693,0.37888702996226087,0.7179737414470693,23.9,0.785194397089264,0.34427929558918985,0.785194397089264,63.1,0.7890977842301509,0.34375952829162687,0.7890977842301509
50.2,0.8046102432245033,0.3299537724535712,0.8046102432245033,1582.0,0.7347536329653194,0.3805750693393051,0.7347536329653194,46.0,0.7379727590596603,0.3769989801401067,0.7379727590596603,6.2,0.8149518825540718,0.32030943053218974,0.8149518825540718,12.3,0.7696819380949113,0.35714852033639777,0.7696819380949113,49.0,0.7128029217822849,0.38223070343891047,0.7128029217822849,30.2,0.7800235774244798,0.3486571381107949,0.7800235774244798,69.4,0.7890977842301509,0.34375952829162687,0.7890977842301509
57.6,0.8046102432245033,0.3299537724535712,0.8046102432245033,1660.0,0.7276311197300918,0.3841133265788523,0.7276311197300918,35.0,0.7379727590596602,0.3769989801401067,0.7379727590596602,3.1,0.8149518825540718,0.32030943053218974,0.8149518825540718,14.14,0.7696819380949113,0.35714852033639727,0.7696819380949113,50.0,0.7056804085470574,0.3854207753793487,0.7056804085470574,31.0,0.7800235774244798,0.34865713811079385,0.7800235774244798,68.6,0.7890977842301509,0.34375952829162687,0.7890977842301509
54.9,0.7994394235597191,0.334643792005459,0.7994394235597191,1793.0,0.7244119936357508,0.3838944330164894,0.7244119936357508,18.0,0.7399244526301035,0.37694990854399346,0.7399244526301035,5.5,0.820122702218856,0.3153551081626964,0.820122702218856,14.39,0.7677302445244678,0.35732831472246684,0.7677302445244678,55.0,0.7108512282118417,0.3821891399482384,0.7108512282118417,31.0,0.7800235774244798,0.3486571381107949,0.7800235774244798,69.4,0.7839269645653666,0.348185245025908,0.7839269645653666
18.8,0.8046102432245033,0.3299537724535712,0.8046102432245033,1782.0,0.7295828133005351,0.38041930168327764,0.7295828133005351,20.0,0.741876146200547,0.3768953183187486,0.741876146200547,0.6281970010971596,0.820122702218856,0.3153551081626964,0.820122702218856,5.66,0.7677302445244679,0.35732831472246684,0.7677302445244679,46.0,0.7160220478766259,0.37886940357792753,0.7160220478766259,24.7,0.7871460906597073,0.3440221712549752,0.7871460906597073,63.1,0.7839269645653666,0.348185245025908,0.7839269645653666
51.4,0.8046102432245033,0.32995377245357016,0.8046102432245033,750.0,0.7244119936357509,0.38389443301648946,0.7244119936357509,52.0,0.7489986594357746,0.37307407351718036,0.7489986594357746,-1.6,0.820122702218856,0.3153551081626964,0.820122702218856,5.76,0.7729010641892521,0.3531506111856042,0.7729010641892521,43.0,0.7244119936357509,0.37565701231474163,0.7244119936357509,23.9,0.7923169103244917,0.33953229068782936,0.7923169103244917,64.7,0.7839269645653666,0.348185245025908,0.7839269645653666
76.9,0.8046102432245033,0.32995377245357016,0.8046102432245033,2207.0,0.7315345068709785,0.38040270705572354,0.7315345068709785,64.0,0.7489986594357745,0.3730740735171808,0.7489986594357745,-2.3,0.820122702218856,0.3153551081626964,0.820122702218856,25.52,0.7729010641892521,0.3531506111856042,0.7729010641892521,51.0,0.732801939394876,0.372267379526218,0.732801939394876,34.9,0.7923169103244916,0.3395322906878293,0.7923169103244916,67.8,0.7890977842301509,0.34375952829162687,0.7890977842301509
78.4,0.7994394235597191,0.334643792005459,0.7994394235597191,2590.0,0.7367053265357628,0.376815537676971,0.7367053265357628,56.0,0.7489986594357745,0.3730740735171808,0.7489986594357745,-5.5,0.820122702218856,0.3153551081626964,0.820122702218856,31.11,0.7729010641892521,0.3531506111856042,0.7729010641892521,59.0,0.7379727590596601,0.3686073575051828,0.7379727590596601,36.5,0.7923169103244917,0.33953229068782936,0.7923169103244917,68.2,0.7890977842301509,0.34375952829162687,0.7890977842301509
24.3,0.7923169103244917,0.33953229068782886,0.7923169103244917,2853.0,0.7295828133005351,0.38041930168327764,0.7295828133005351,21.0,0.7489986594357745,0.3730740735171808,0.7489986594357745,0.0,0.820122702218856,0.3153551081626964,0.820122702218856,8.27,0.7696819380949113,0.3532527286801584,0.7696819380949113,42.0,0.7379727590596601,0.3686073575051828,0.7379727590596601,26.7,0.7923169103244917,0.33953229068782936,0.7923169103244917,63.1,0.7942686038949351,0.33924571061814374,0.7942686038949351
91.0,0.7923169103244917,0.33953229068782886,0.7923169103244917,1987.0,0.7347536329653194,0.3768560694108629,0.7347536329653194,20.0,0.7561211726710019,0.3691113349346016,0.7561211726710019,6.2,0.8149518825540717,0.3203094305321897,0.8149518825540717,27.18,0.7696819380949113,0.3532527286801589,0.7696819380949113,39.0,0.7399244526301034,0.3685360928460572,0.7399244526301034,36.1,0.7974877299892758,0.33495430918148195,0.7974877299892758,71.0,0.7942686038949351,0.33924571061814374,0.7942686038949351
67.8,0.7994394235597191,0.334643792005459,0.7994394235597191,1884.0,0.7399244526301036,0.3732047361992467,0.7399244526301036,72.0,0.7632436859062296,0.3650071025710152,0.7632436859062296,3.1,0.8097810628892875,0.3251756519624815,0.8097810628892875,23.28,0.7780718838540365,0.34888480670953964,0.7780718838540365,43.0,0.7399244526301034,0.3685360928460572,0.7399244526301034,34.5,0.8026585496540599,0.3302882267359325,0.8026585496540599,69.4,0.7942686038949351,0.33924571061814374,0.7942686038949351
92.2,0.8046102432245033,0.3299537724535712,0.8046102432245033,2193.0,0.7470469658653309,0.36937689610185864,0.7470469658653309,73.0,0.7632436859062296,0.3650071025710152,0.7632436859062296,-1.6,0.8149518825540718,0.32030943053218974,0.8149518825540718,30.08,0.7780718838540365,0.34888480670953964,0.7780718838540365,50.0,0.7399244526301034,0.3685360928460572,0.7399244526301034,36.5,0.8026585496540599,0.3302882267359325,0.8026585496540599,66.3,0.7994394235597191,0.334643792005459,0.7994394235597191
92.5,0.7994394235597191,0.334643792005459,0.7994394235597191,2514.0,0.7448370791265492,0.3690205975935695,0.7448370791265492,57.0,0.7632436859062296,0.3650071025710152,0.7632436859062296,3.1,0.8097810628892875,0.3251756519624815,0.8097810628892875,34.88,0.7729010641892521,0.3531506111856042,0.7729010641892521,48.0,0.7328019393948761,0.37226737952621813,0.7328019393948761,37.3,0.7974877299892758,0.33495430918148195,0.7974877299892758,67.1,0.8046102432245033,0.3299537724535712,0.8046102432245033
60.4,0.7994394235597191,0.334643792005459,0.7994394235597191,1595.0,0.7500078987913334,0.3651930636310687,0.7500078987913334,21.0,0.7632436859062296,0.3650071025710152,0.7632436859062296,0.0,0.8097810628892875,0.3251756519624815,0.8097810628892875,7.58,0.7729010641892521,0.3531506111856042,0.7729010641892521,43.0,0.7328019393948761,0.37226737952621813,0.7328019393948761,22.7,0.8026585496540599,0.3302882267359325,0.8026585496540599,62.7,0.8046102432245033,0.3299537724535712,0.8046102432245033
42.7,0.7994394235597191,0.334643792005459,0.7994394235597191,837.0,0.7448370791265492,0.3690205975935695,0.7448370791265492,33.0,0.7612919923357861,0.3651500600026695,0.7612919923357861,-4.7,0.8046102432245033,0.3299537724535712,0.8046102432245033,4.37,0.7677302445244679,0.35732831472246634,0.7677302445244679,28.0,0.7379727590596601,0.3686073575051828,0.7379727590596601,20.4,0.7974877299892758,0.33495430918148145,0.7974877299892758,65.1,0.8046102432245033,0.3299537724535712,0.8046102432245033
54.9,0.8046102432245033,0.3299537724535712,0.8046102432245033,1394.0,0.7396662594617651,0.3727600306168679,0.7396662594617651,21.0,0.756121172671002,0.36911133493460163,0.756121172671002,2.3,0.7974877299892758,0.33495430918148195,0.7974877299892758,11.59,0.7625594248596836,0.36141791732012696,0.7625594248596836,29.0,0.7328019393948761,0.37226737952621813,0.7328019393948761,29.8,0.7923169103244917,0.33953229068782936,0.7923169103244917,62.0,0.8046102432245033,0.3299537724535712,0.8046102432245033
52.5,0.8097810628892875,0.3251756519624815,0.8097810628892875,1460.0,0.7396662594617651,0.3727600306168684,0.7396662594617651,53.0,0.7612919923357861,0.3651500600026695,0.7612919923357861,3.9,0.8046102432245033,0.3299537724535712,0.8046102432245033,12.27,0.7625594248596836,0.36141791732012696,0.7625594248596836,33.0,0.7377145658913219,0.37281944557788016,0.7377145658913219,30.2,0.7974877299892756,0.3349543091814819,0.7974877299892756,68.6,0.8046102432245033,0.3299537724535712,0.8046102432245033
76.5,0.8097810628892875,0.3251756519624815,0.8097810628892875,1743.0,0.7448370791265492,0.3690205975935695,0.7448370791265492,63.0,0.7612919923357861,0.3651500600026695,0.7612919923357861,-4.7,0.7974877299892758,0.33495430918148195,0.7974877299892758,19.93,0.7541694791005585,0.36540756222346243,0.7541694791005585,42.0,0.7470469658653309,0.36937689610185864,0.7470469658653309,33.3,0.7903652167540481,0.3398133521283823,0.7903652167540481,67.1,0.8046102432245031,0.3299537724535712,0.8046102432245031
27.5,0.8097810628892875,0.3251756519624815,0.8097810628892875,2117.0,0.7500078987913333,0.3651930636310686,0.7500078987913333,31.0,0.7561211726710019,0.3691113349346016,0.7561211726710019,-3.9,0.7994394235597191,0.334643792005459,0.7994394235597191,6.57,0.7470469658653309,0.36937689610185864,0.7470469658653309,44.0,0.7448370791265492,0.3690205975935695,0.7448370791265492,25.1,0.7851943970892641,0.3442792955891899,0.7851943970892641,72.5,0.7994394235597191,0.334643792005459,0.7994394235597191
35.7,0.8149518825540718,0.32030943053218974,0.8149518825540718,2240.0,0.7500078987913333,0.3651930636310686,0.7500078987913333,36.0,0.756121172671002,0.36911133493460163,0.756121172671002,0.0,0.8046102432245033,0.3299537724535712,0.8046102432245033,11.88,0.7470469658653309,0.36937689610185864,0.7470469658653309,48.0,0.7399244526301034,0.3685360928460572,0.7399244526301034,29.8,0.785194397089264,0.34427929558918985,0.785194397089264,74.1,0.7994394235597191,0.334643792005459,0.7994394235597191
61.2,0.8149518825540718,0.32030943053218974,0.8149518825540718,1640.0,0.7448370791265492,0.3690205975935695,0.7448370791265492,53.0,0.756121172671002,0.3691113349346027,0.756121172671002,5.5,0.8046102432245033,0.3299537724535712,0.8046102432245033,14.9,0.7470469658653309,0.36937689610185864,0.7470469658653309,52.0,0.7292164362949651,0.37145472972165816,0.7292164362949651,31.4,0.785194397089264,0.34427929558918985,0.785194397089264,68.2,0.7994394235597191,0.334643792005459,0.7994394235597191
30.6,0.8097810628892876,0.3251756519624815,0.8097810628892876,1752.0,0.7448370791265492,0.3690205975935695,0.7448370791265492,19.0,0.7561211726710019,0.3691113349346026,0.7561211726710019,2.3,0.8046102432245033,0.3299537724535712,0.8046102432245033,13.47,0.7470469658653309,0.36937689610185864,0.7470469658653309,50.0,0.7220939230597375,0.3749990549826945,0.7220939230597375,31.0,0.785194397089264,0.34427929558918985,0.785194397089264,74.5,0.794268603894935,0.33924571061814474,0.794268603894935
60.4,0.8149518825540718,0.32030943053218974,0.8149518825540718,1691.0,0.7448370791265492,0.3690205975935695,0.7448370791265492,49.0,0.7612919923357861,0.3651500600026695,0.7612919923357861,5.5,0.8046102432245033,0.3299537724535712,0.8046102432245033,14.71,0.755436911624456,0.3655458205228463,0.755436911624456,52.0,0.7240456166301809,0.3749889523608052,0.7240456166301809,31.4,0.7923169103244917,0.33953229068782936,0.7923169103244917,68.2,0.794268603894935,0.33924571061814474,0.794268603894935
59.2,0.8201227022188562,0.3153551081626965,0.8201227022188562,1765.0,0.7500078987913333,0.3651930636310686,0.7500078987913333,55.0,0.7664628120005704,0.3611006841315348,0.7664628120005704,-3.9,0.8097810628892875,0.325175651962482,0.8097810628892875,15.52,0.7625594248596835,0.3614179173201269,0.7625594248596835,54.0,0.7295828133005353,0.37581591016160326,0.7295828133005353,31.8,0.7923169103244917,0.33953229068782936,0.7923169103244917,68.6,0.7994394235597191,0.334643792005459,0.7994394235597191
27.8,0.8252935218836404,0.31031268485400115,0.8252935218836404,1783.0,0.7500078987913333,0.3651930636310686,0.7500078987913333,22.0,0.7664628120005704,0.3611006841315348,0.7664628120005704,0.0,0.8097810628892875,0.325175651962482,0.8097810628892875,4.79,0.7677302445244678,0.3573283147224658,0.7677302445244678,45.0,0.7295828133005353,0.37581591016160326,0.7295828133005353,23.1,0.7974877299892756,0.3349543091814814,0.7974877299892756,72.2,0.794268603894935,0.33924571061814474,0.794268603894935
41.2,0.820122702218856,0.3153551081626964,0.820122702218856,911.0,0.7448370791265491,0.3690205975935694,0.7448370791265491,34.0,0.7612919923357861,0.3651500600026695,0.7612919923357861,3.1,0.8097810628892875,0.3251756519624815,0.8097810628892875,4.88,0.7625594248596835,0.3614179173201269,0.7625594248596835,25.0,0.7224603000653076,0.37932312075068325,0.7224603000653076,21.6,0.7903652167540481,0.3398133521283833,0.7903652167540481,49.0,0.7994394235597191,0.334643792005459,0.7994394235597191
39.2,0.8149518825540718,0.32030943053218974,0.8149518825540718,785.0,0.7377145658913216,0.37281944557788,0.7377145658913216,40.0,0.7684145055710139,0.3609337895935418,0.7684145055710139,0.0,0.8149518825540717,0.3203094305321897,0.8149518825540717,4.43,0.7696819380949113,0.35714852033639727,0.7696819380949113,33.67243525896414,0.7172894804005234,0.3827188399541133,0.7172894804005234,20.4,0.7974877299892756,0.3349543091814814,0.7974877299892756,56.1,0.8046102432245033,0.3299537724535712,0.8046102432245033
60.8,0.8097810628892875,0.3251756519624815,0.8097810628892875,1583.0,0.7377145658913216,0.37281944557788,0.7377145658913216,50.0,0.7735853252357979,0.35677237567686615,0.7735853252357979,-3.1,0.820122702218856,0.3153551081626964,0.820122702218856,14.47,0.7748527577596955,0.3529468796931968,0.7748527577596955,12.0,0.7121186607357392,0.3860264582183412,0.7121186607357392,31.4,0.8026585496540598,0.33028822673593244,0.8026585496540598,55.3,0.7994394235597191,0.334643792005459,0.7994394235597191
28.6,0.8149518825540718,0.32030943053218974,0.8149518825540718,1785.0,0.7428853855561058,0.36910394966091903,0.7428853855561058,61.0,0.773585325235798,0.35677237567686615,0.773585325235798,5.5,0.820122702218856,0.3153551081626964,0.820122702218856,3.68,0.7677302445244679,0.35732831472246585,0.7677302445244679,21.0,0.7172894804005232,0.38271883995411415,0.7172894804005232,20.8,0.7974877299892758,0.33495430918148145,0.7974877299892758,55.7,0.794268603894935,0.33924571061814474,0.794268603894935
79.2,0.8149518825540718,0.32030943053218974,0.8149518825540718,2046.0,0.7344954397969808,0.37269366963285255,0.7344954397969808,51.0,0.7664628120005705,0.36110068413153484,0.7664628120005705,1.6,0.820122702218856,0.3153551081626964,0.820122702218856,24.44,0.7657785509540246,0.35750259047940175,0.7657785509540246,30.0,0.7224603000653076,0.37932312075068414,0.7224603000653076,34.9,0.7923169103244917,0.33953229068782936,0.7923169103244917,67.5,0.7994394235597191,0.334643792005459,0.7994394235597191
53.7,0.8149518825540718,0.32030943053218974,0.8149518825540718,1572.0,0.7273729265617532,0.37630449255737336,0.7273729265617532,47.0,0.7593402987653428,0.36528749880519307,0.7593402987653428,2.3,0.820122702218856,0.3153551081626964,0.820122702218856,4.7,0.7657785509540246,0.35750259047940175,0.7657785509540246,35.0,0.7224603000653076,0.37932312075068414,0.7224603000653076,22.0,0.7923169103244917,0.33953229068782936,0.7923169103244917,68.6,0.8046102432245033,0.3299537724535712,0.8046102432245033
60.0,0.8097810628892875,0.3251756519624815,0.8097810628892875,2250.0,0.7273729265617532,0.37630449255737336,0.7273729265617532,34.0,0.7541694791005585,0.3692248366307884,0.7541694791005585,1.6,0.820122702218856,0.3153551081626964,0.820122702218856,9.67,0.7729010641892522,0.35315061118560426,0.7729010641892522,47.0,0.7117522837301689,0.38175532323070377,0.7117522837301689,27.5,0.7974877299892758,0.33495430918148195,0.7974877299892758,69.4,0.8046102432245033,0.3299537724535712,0.8046102432245033
26.3,0.8046102432245033,0.3299537724535712,0.8046102432245033,2347.0,0.7325437462265375,0.3727390261025108,0.7325437462265375,19.0,0.7541694791005585,0.3692248366307884,0.7541694791005585,0.0,0.8252935218836402,0.3103126848540011,0.8252935218836402,7.24,0.7780718838540363,0.34888480670953953,0.7780718838540363,33.67243525896414,0.7169231033949532,0.3784212395763011,0.7169231033949532,25.5,0.7923169103244917,0.33953229068782936,0.7923169103244917,74.5,0.7994394235597191,0.334643792005459,0.7994394235597191
31.8,0.799439423559719,0.33464379200545896,0.799439423559719,1526.0,0.7254212329913099,0.37632039329156075,0.7254212329913099,19.0,0.7541694791005585,0.3692248366307874,0.7541694791005585,10.2,0.820122702218856,0.3153551081626964,0.820122702218856,5.25,0.7780718838540363,0.34888480670953953,0.7780718838540363,44.0,0.7276311197300916,0.3758393006080521,0.7276311197300916,21.2,0.7923169103244917,0.33953229068782936,0.7923169103244917,70.2,0.7994394235597191,0.334643792005459,0.7994394235597191
38.8,0.794268603894935,0.33924571061814474,0.794268603894935,768.0,0.7170312872321848,0.37954182544527515,0.7170312872321848,38.0,0.7593402987653428,0.36528749880519307,0.7593402987653428,-3.1,0.820122702218856,0.3153551081626964,0.820122702218856,4.3,0.785194397089264,0.3442792955891904,0.785194397089264,36.0,0.7377145658913218,0.3728194455778801,0.7377145658913218,20.4,0.7974877299892758,0.33495430918148145,0.7974877299892758,57.6,0.7994394235597191,0.334643792005459,0.7994394235597191
56.9,0.794268603894935,0.33924571061814474,0.794268603894935,2048.0,0.7099087739969573,0.38282312952899455,0.7099087739969573,57.0,0.7593402987653428,0.36528749880519307,0.7593402987653428,-7.8,0.820122702218856,0.3153551081626964,0.820122702218856,17.41,0.7923169103244917,0.33953229068782886,0.7923169103244917,44.0,0.7470469658653309,0.36937689610185864,0.7470469658653309,32.5,0.7923169103244916,0.33953229068782986,0.7923169103244916,69.4,0.7994394235597191,0.334643792005459,0.7994394235597191
74.1,0.794268603894935,0.33924571061814474,0.794268603894935,2218.0,0.6998253278357273,0.3851911618135268,0.6998253278357273,21.0,0.7593402987653428,0.36528749880519307,0.7593402987653428,0.0,0.820122702218856,0.3153551081626964,0.820122702218856,24.26,0.7974877299892758,0.334954309181483,0.7974877299892758,43.0,0.7541694791005585,0.36540756222346243,0.7541694791005585,34.5,0.7871460906597072,0.34402217125497514,0.7871460906597072,68.2,0.7994394235597191,0.334643792005459,0.7994394235597191
36.9,0.794268603894935,0.33924571061814474,0.794268603894935,809.0,0.694654508170943,0.3882628849864197,0.694654508170943,58.0,0.7593402987653428,0.36528749880519307,0.7593402987653428,-0.8,0.8252935218836402,0.3103126848540011,0.8252935218836402,4.91,0.7974877299892758,0.33495430918148145,0.7974877299892758,31.0,0.7593402987653428,0.3614440519815625,0.7593402987653428,22.4,0.7819752709949231,0.3484239508829175,0.7819752709949231,67.5,0.7994394235597191,0.334643792005459,0.7994394235597191
29.0,0.7890977842301509,0.34375952829162687,0.7890977842301509,1643.0,0.7017770214061706,0.3852732182979323,0.7017770214061706,55.0,0.7593402987653428,0.36528749880519307,0.7593402987653428,3.1,0.820122702218856,0.3153551081626964,0.820122702218856,15.96,0.7974877299892758,0.33495430918148145,0.7974877299892758,43.0,0.7593402987653428,0.3614440519815635,0.7593402987653428,31.8,0.7819752709949231,0.3484239508829175,0.7819752709949231,75.7,0.794268603894935,0.33924571061814474,0.794268603894935
15.7,0.794268603894935,0.33924571061814474,0.794268603894935,1388.0,0.7066896479026162,0.3861083966131934,0.7066896479026162,33.0,0.7593402987653428,0.36528749880519307,0.7593402987653428,4.7,0.820122702218856,0.3153551081626964,0.820122702218856,3.49,0.7923169103244917,0.33953229068782886,0.7923169103244917,18.0,0.7593402987653428,0.3614440519815625,0.7593402987653428,20.8,0.7819752709949231,0.3484239508829175,0.7819752709949231,72.9,0.7994394235597191,0.334643792005459,0.7994394235597191
45.5,0.794268603894935,0.33924571061814474,0.794268603894935,799.0,0.7118604675674006,0.38286916149883443,0.7118604675674006,40.0,0.7593402987653428,0.36528749880519307,0.7593402987653428,1.6,0.820122702218856,0.3153551081626964,0.820122702218856,5.02,0.7923169103244917,0.33953229068782886,0.7923169103244917,0.0,0.7541694791005585,0.365407562223463,0.7541694791005585,22.7,0.7819752709949231,0.3484239508829175,0.7819752709949231,52.2,0.7994394235597191,0.334643792005459,0.7994394235597191
81.2,0.794268603894935,0.33924571061814474,0.794268603894935,1022.0,0.7118604675674006,0.38286916149883443,0.7118604675674006,51.0,0.7593402987653428,0.36528749880519307,0.7593402987653428,-7.8,0.820122702218856,0.3153551081626964,0.820122702218856,11.26,0.7923169103244917,0.33953229068782886,0.7923169103244917,14.0,0.7522177855301152,0.3655254239055005,0.7522177855301152,29.8,0.7819752709949231,0.3484239508829175,0.7819752709949231,55.7,0.7994394235597191,0.334643792005459,0.7994394235597191
27.8,0.794268603894935,0.33924571061814474,0.794268603894935,2176.0,0.7118604675674006,0.38286916149883443,0.7118604675674006,45.0,0.7593402987653428,0.36528749880519307,0.7593402987653428,8.6,0.820122702218856,0.3153551081626964,0.820122702218856,5.88,0.7871460906597074,0.3440221712549732,0.7871460906597074,13.0,0.7522177855301152,0.3655254239055005,0.7522177855301152,22.7,0.781975270994923,0.34842395088291744,0.781975270994923,72.5,0.7994394235597191,0.334643792005459,0.7994394235597191
86.7,0.794268603894935,0.33924571061814474,0.794268603894935,1058.0,0.7118604675674006,0.38286916149883443,0.7118604675674006,54.0,0.7645111184301271,0.36126206004039624,0.7645111184301271,-0.8,0.8201227022188559,0.31535510816269635,0.8201227022188559,11.32,0.7871460906597074,0.3440221712549732,0.7871460906597074,18.0,0.7522177855301152,0.3655254239055005,0.7522177855301152,30.6,0.7768044513301388,0.3527376295716588,0.7768044513301388,62.0,0.8046102432245033,0.3299537724535712,0.8046102432245033
70.6,0.7890977842301506,0.3437595282916273,0.7890977842301506,1656.0,0.7118604675674006,0.38286916149883443,0.7118604675674006,62.0,0.7593402987653428,0.36528749880519307,0.7593402987653428,-7.8,0.820122702218856,0.3153551081626964,0.820122702218856,17.61,0.7819752709949233,0.34842395088291755,0.7819752709949233,28.0,0.747046965865331,0.3693768961018597,0.747046965865331,32.5,0.7748527577596954,0.3529468796931973,0.7748527577596954,67.1,0.8046102432245033,0.3299537724535712,0.8046102432245033
71.4,0.7839269645653665,0.348185245025909,0.7839269645653665,2530.0,0.72119286754141,0.3800120204065978,0.72119286754141,53.0,0.7593402987653428,0.36528749880519307,0.7593402987653428,-1.6,0.820122702218856,0.3153551081626964,0.820122702218856,27.38,0.7748527577596955,0.3529468796931963,0.7748527577596955,34.0,0.747046965865331,0.3693768961018587,0.747046965865331,35.3,0.7696819380949114,0.3571485203363973,0.7696819380949114,69.4,0.8026585496540599,0.33028822673593305,0.8026585496540599
78.0,0.7890977842301506,0.3437595282916273,0.7890977842301506,1711.0,0.7244119936357508,0.38022777792065743,0.7244119936357508,66.0,0.7593402987653428,0.36528749880519307,0.7593402987653428,-4.7,0.8149518825540718,0.32030943053219024,0.8149518825540718,21.4,0.7819752709949233,0.34842395088291755,0.7819752709949233,40.0,0.7428853855561058,0.36910394966091903,0.7428853855561058,34.1,0.7696819380949114,0.3571485203363973,0.7696819380949114,67.1,0.7974877299892758,0.33495430918148145,0.7974877299892758
77.3,0.794268603894935,0.33924571061814474,0.794268603894935,2100.0,0.7192411739709667,0.3836409807309723,0.7192411739709667,62.0,0.7593402987653428,0.36528749880519307,0.7593402987653428,-1.6,0.8149518825540718,0.32030943053218974,0.8149518825540718,24.36,0.7819752709949231,0.3484239508829175,0.7819752709949231,48.0,0.732801939394876,0.372267379526218,0.732801939394876,34.9,0.7696819380949114,0.3571485203363973,0.7696819380949114,67.5,0.7923169103244917,0.33953229068782936,0.7923169103244917
64.7,0.7994394235597191,0.334643792005459,0.7994394235597191,1994.0,0.7192411739709667,0.3836409807309728,0.7192411739709667,63.0,0.7593402987653428,0.36528749880519307,0.7593402987653428,-3.9,0.8149518825540718,0.32030943053218974,0.8149518825540718,18.73,0.7871460906597074,0.3440221712549742,0.7871460906597074,50.0,0.7220939230597374,0.3749990549826959,0.7220939230597374,31.8,0.7748527577596955,0.3529468796931979,0.7748527577596955,65.1,0.7923169103244917,0.33953229068782936,0.7923169103244917
85.1,0.7994394235597191,0.334643792005459,0.7994394235597191,1688.0,0.7140703543061824,0.38696608260208565,0.7140703543061824,60.0,0.7593402987653428,0.36528749880519307,0.7593402987653428,-0.8,0.820122702218856,0.3153551081626964,0.820122702218856,20.13,0.7871460906597074,0.3440221712549742,0.7871460906597074,52.0,0.7108512282118414,0.3772901867060061,0.7108512282118414,33.7,0.7748527577596955,0.3529468796931979,0.7748527577596955,65.9,0.7871460906597073,0.3440221712549752,0.7871460906597073
74.1,0.8046102432245033,0.3299537724535712,0.8046102432245033,1905.0,0.7140703543061824,0.38696608260208565,0.7140703543061824,44.0,0.7593402987653428,0.36528749880519307,0.7593402987653428,-4.7,0.8252935218836402,0.3103126848540011,0.8252935218836402,20.88,0.7923169103244917,0.33953229068782886,0.7923169103244917,57.0,0.6991410667891813,0.3791354700768457,0.6991410667891813,33.7,0.7800235774244798,0.3486571381107949,0.7800235774244798,67.1,0.7923169103244917,0.3395322906878305,0.7923169103244917
67.5,0.7994394235597191,0.334643792005459,0.7994394235597191,1530.0,0.7224603000653076,0.3838815719085746,0.7224603000653076,68.0,0.7664628120005703,0.36110068413153473,0.7664628120005703,-3.1,0.8252935218836402,0.3103126848540011,0.8252935218836402,15.2,0.7923169103244917,0.33953229068782886,0.7923169103244917,54.0,0.6939702471243973,0.3822433661530488,0.6939702471243973,31.4,0.7748527577596954,0.3529468796931973,0.7748527577596954,67.5,0.7994394235597191,0.334643792005459,0.7994394235597191
85.5,0.7994394235597191,0.33464379200545846,0.7994394235597191,1444.0,0.7295828133005351,0.38041930168327764,0.7295828133005351,69.0,0.7684145055710138,0.36093378959354067,0.7684145055710138,3.1,0.8252935218836402,0.3103126848540011,0.8252935218836402,17.93,0.785194397089264,0.3442792955891904,0.785194397089264,51.0,0.6991410667891813,0.3791354700768457,0.6991410667891813,32.9,0.7696819380949113,0.35714852033639777,0.7696819380949113,62.7,0.7994394235597191,0.334643792005459,0.7994394235597191
83.5,0.7994394235597191,0.334643792005459,0.7994394235597191,1383.0,0.729582813300535,0.38041930168327764,0.729582813300535,64.0,0.7612919923357861,0.3651500600026695,0.7612919923357861,-4.7,0.8252935218836402,0.3103126848540011,0.8252935218836402,16.87,0.7851943970892641,0.34427929558919046,0.7851943970892641,52.0,0.7043118864539656,0.3759394730614398,0.7043118864539656,32.5,0.7645111184301271,0.36126206004039624,0.7645111184301271,62.0,0.8046102432245033,0.3299537724535712,0.8046102432245033
48.6,0.7994394235597191,0.334643792005459,0.7994394235597191,1450.0,0.7244119936357509,0.3838944330164904,0.7244119936357509,65.0,0.7593402987653428,0.36528749880519307,0.7593402987653428,3.1,0.8252935218836402,0.3103126848540011,0.8252935218836402,12.39,0.7851943970892641,0.34427929558919046,0.7851943970892641,53.0,0.697189373218738,0.3790627810032181,0.697189373218738,30.2,0.7625594248596836,0.36141791732012696,0.7625594248596836,71.0,0.7994394235597191,0.334643792005459,0.7994394235597191
70.6,0.7974877299892758,0.33495430918148195,0.7974877299892758,1476.0,0.7160220478766257,0.3870114206785616,0.7160220478766257,50.0,0.7645111184301272,0.36126206004039624,0.7645111184301272,-1.6,0.8252935218836402,0.3103126848540011,0.8252935218836402,15.16,0.7851943970892641,0.34427929558919046,0.7851943970892641,54.0,0.6971893732187382,0.3790627810032183,0.6971893732187382,31.8,0.7625594248596836,0.36141791732012696,0.7625594248596836,64.7,0.794268603894935,0.33924571061814474,0.794268603894935
42.0,0.7974877299892758,0.33495430918148195,0.7974877299892758,1447.0,0.72119286754141,0.38366238170111094,0.72119286754141,21.0,0.7593402987653428,0.36528749880519307,0.7593402987653428,4.7,0.820122702218856,0.3153551081626964,0.820122702218856,5.21,0.7851943970892641,0.34427929558919046,0.7851943970892641,50.0,0.6971893732187381,0.3790627810032182,0.6971893732187381,24.3,0.7625594248596836,0.36141791732012696,0.7625594248596836,73.3,0.7871460906597073,0.3440221712549752,0.7871460906597073
74.5,0.7974877299892758,0.33495430918148195,0.7974877299892758,1385.0,0.72119286754141,0.38366238170111094,0.72119286754141,61.0,0.7645111184301272,0.36126206004039624,0.7645111184301272,-0.8,0.8149518825540718,0.32030943053218974,0.8149518825540718,15.18,0.7800235774244798,0.34865713811079385,0.7800235774244798,53.0,0.7043118864539656,0.3759394730614389,0.7043118864539656,31.8,0.7625594248596836,0.36141791732012696,0.7625594248596836,63.9,0.7871460906597073,0.34402217125497575,0.7871460906597073
96.1,0.7974877299892758,0.334954309181483,0.7974877299892758,1509.0,0.7263636872061943,0.38022524178445727,0.7263636872061943,78.0,0.7696819380949115,0.3571485203363973,0.7696819380949115,3.9,0.8149518825540718,0.32030943053218974,0.8149518825540718,21.4,0.7851943970892641,0.34427929558919046,0.7851943970892641,59.0,0.7114343996891932,0.3726746713386512,0.7114343996891932,34.9,0.7625594248596836,0.36141791732012696,0.7625594248596836,60.4,0.7923169103244917,0.3395322906878299,0.7923169103244917
92.9,0.7974877299892758,0.334954309181483,0.7974877299892758,1691.0,0.7295828133005353,0.3804193016832778,0.7295828133005353,74.0,0.7696819380949115,0.3571485203363973,0.7696819380949115,-3.1,0.8149518825540718,0.32030943053219024,0.8149518825540718,23.33,0.7851943970892641,0.34427929558919046,0.7851943970892641,67.0,0.7185569129244209,0.3692683758348523,0.7185569129244209,35.3,0.7554369116244561,0.3655458205228453,0.7554369116244561,62.4,0.7994394235597191,0.334643792005459,0.7994394235597191
94.9,0.7974877299892758,0.334954309181483,0.7974877299892758,1907.0,0.7224603000653075,0.38388157190857447,0.7224603000653075,70.0,0.7748527577596958,0.3529468796931964,0.7748527577596958,2.3,0.8149518825540718,0.32030943053219024,0.8149518825540718,26.5,0.7903652167540484,0.3398133521283824,0.7903652167540484,74.0,0.711602274399062,0.36788873503610137,0.711602274399062,36.1,0.7606077312892403,0.36156825597072506,0.7606077312892403,64.3,0.8046102432245033,0.3299537724535712,0.8046102432245033
86.7,0.8046102432245034,0.32995377245357127,0.8046102432245034,2065.0,0.7153377868300799,0.3872023483528591,0.7153377868300799,42.0,0.7748527577596958,0.3529468796931964,0.7748527577596958,-7.0,0.8149518825540718,0.32030943053219024,0.8149518825540718,25.58,0.7923169103244916,0.33953229068782886,0.7923169103244916,73.0,0.711602274399062,0.3678887350361004,0.711602274399062,34.5,0.7625594248596839,0.361417917320127,0.7625594248596839,66.7,0.7994394235597191,0.334643792005459,0.7994394235597191
23.5,0.8046102432245033,0.3299537724535712,0.8046102432245033,1952.0,0.7153377868300798,0.38720234835285994,0.7153377868300798,30.0,0.7748527577596958,0.3529468796931964,0.7748527577596958,0.0,0.8097810628892875,0.3251756519624815,0.8097810628892875,5.7,0.7923169103244917,0.33953229068782886,0.7923169103244917,60.0,0.7064314547342779,0.3712336159810511,0.7064314547342779,23.9,0.7606077312892404,0.3615682559707251,0.7606077312892404,74.5,0.7923169103244916,0.3395322906878304,0.7923169103244916
40.4,0.7994394235597191,0.334643792005459,0.7994394235597191,901.0,0.7205086064948641,0.383863192171526,0.7205086064948641,42.0,0.7800235774244799,0.3486571381107939,0.7800235774244799,6.2,0.8046102432245033,0.3299537724535712,0.8046102432245033,5.24,0.7923169103244916,0.3395322906878293,0.7923169103244916,36.0,0.7064314547342779,0.3712336159810511,0.7064314547342779,22.0,0.7606077312892403,0.36156825597072506,0.7606077312892403,51.0,0.7871460906597073,0.34402217125497575,0.7871460906597073
61.2,0.8046102432245033,0.3299537724535712,0.8046102432245033,1037.0,0.7276311197300916,0.38043037768170057,0.7276311197300916,57.0,0.7851943970892641,0.3442792955891894,0.7851943970892641,3.1,0.8046102432245033,0.3299537724535712,0.8046102432245033,9.34,0.7923169103244917,0.33953229068782886,0.7923169103244917,43.0,0.7012606350694937,0.3744903959867997,0.7012606350694937,29.0,0.7657785509540246,0.3575025904794033,0.7657785509540246,62.7,0.7819752709949231,0.3484239508829175,0.7819752709949231
58.0,0.7994394235597191,0.334643792005459,0.7994394235597191,2209.0,0.7295828133005351,0.38041930168327764,0.7295828133005351,28.0,0.7903652167540484,0.3398133521283824,0.7903652167540484,-5.5,0.7994394235597191,0.334643792005459,0.7994394235597191,18.41,0.7871460906597074,0.3440221712549742,0.7871460906597074,45.0,0.6993089414990502,0.37443683033835495,0.6993089414990502,32.5,0.7606077312892403,0.36156825597072506,0.7606077312892403,69.4,0.776804451330139,0.35273762957165883,0.776804451330139
48.2,0.7994394235597191,0.334643792005459,0.7994394235597191,2309.0,0.7379727590596602,0.3769989801401067,0.7379727590596602,29.0,0.7903652167540484,0.3398133521283824,0.7903652167540484,2.3,0.7994394235597191,0.33464379200545846,0.7994394235597191,16.55,0.7871460906597074,0.34402217125497525,0.7871460906597074,48.0,0.694138121834266,0.3775815722985628,0.694138121834266,31.8,0.7606077312892403,0.36156825597072506,0.7606077312892403,72.9,0.781975270994923,0.34842395088291744,0.781975270994923
19.2,0.7994394235597191,0.334643792005459,0.7994394235597191,2304.0,0.7399244526301035,0.37694990854399346,0.7399244526301035,20.0,0.7903652167540485,0.33981335212838243,0.7903652167540485,-1.6,0.7974877299892758,0.334954309181483,0.7974877299892758,6.46,0.7871460906597074,0.3440221712549742,0.7871460906597074,44.0,0.6889673021694818,0.38063821331956893,0.6889673021694818,27.5,0.7606077312892403,0.36156825597072506,0.7606077312892403,63.5,0.7819752709949231,0.3484239508829175,0.7819752709949231
21.6,0.7994394235597191,0.334643792005459,0.7994394235597191,2112.0,0.7470469658653309,0.373158119477896,0.7470469658653309,20.0,0.7974877299892758,0.33495430918148195,0.7974877299892758,4.7,0.8026585496540599,0.3302882267359325,0.8026585496540599,10.65,0.7923169103244917,0.33953229068782886,0.7923169103244917,41.0,0.6889673021694818,0.38063821331956893,0.6889673021694818,30.2,0.7625594248596836,0.3614179173201259,0.7625594248596836,76.9,0.776804451330139,0.35273762957165883,0.776804451330139
26.7,0.794268603894935,0.33924571061814474,0.794268603894935,956.0,0.7541694791005585,0.3692248366307864,0.7541694791005585,41.0,0.7923169103244917,0.33953229068782886,0.7923169103244917,11.7,0.8046102432245033,0.3299537724535712,0.8046102432245033,4.69,0.7871460906597074,0.3440221712549732,0.7871460906597074,23.0,0.6889673021694818,0.38063821331956893,0.6889673021694818,23.1,0.7573886051948995,0.365419418978584,0.7573886051948995,71.0,0.7768044513301388,0.3527376295716588,0.7768044513301388
58.0,0.7994394235597191,0.334643792005459,0.7994394235597191,1681.0,0.7612919923357861,0.3651500600026695,0.7612919923357861,54.0,0.7871460906597074,0.3440221712549732,0.7871460906597074,-1.6,0.7994394235597191,0.334643792005459,0.7994394235597191,14.48,0.7800235774244799,0.3486571381107939,0.7800235774244799,5.0,0.6889673021694818,0.38063821331956893,0.6889673021694818,31.4,0.7593402987653429,0.3652874988051931,0.7593402987653429,54.9,0.7819752709949231,0.3484239508829175,0.7819752709949231
82.4,0.7994394235597191,0.334643792005459,0.7994394235597191,1305.0,0.7612919923357861,0.3651500600026695,0.7612919923357861,79.0,0.7819752709949233,0.3484239508829165,0.7819752709949233,1.6,0.794268603894935,0.33924571061814474,0.794268603894935,16.99,0.7748527577596955,0.3529468796931968,0.7748527577596955,28.0,0.6941381218342659,0.3775815722985627,0.6941381218342659,33.7,0.7541694791005585,0.3692248366307874,0.7541694791005585,61.6,0.776804451330139,0.35273762957165883,0.776804451330139
97.3,0.7974877299892758,0.33495430918148195,0.7974877299892758,2707.0,0.7612919923357861,0.3651500600026695,0.7612919923357861,27.0,0.7819752709949231,0.34842395088291644,0.7819752709949231,-7.0,0.794268603894935,0.33924571061814474,0.794268603894935,39.47,0.7716336316653548,0.35305753704997284,0.7716336316653548,41.0,0.7012606350694937,0.3744903959868006,0.7012606350694937,38.8,0.7509503530062177,0.3691835283213276,0.7509503530062177,66.7,0.7716336316653546,0.356963207321198,0.7716336316653546
67.5,0.8026585496540599,0.33028822673593305,0.8026585496540599,2087.0,0.7612919923357861,0.3651500600026695,0.7612919923357861,73.0,0.7819752709949231,0.34842395088291644,0.7819752709949231,-3.9,0.7994394235597191,0.334643792005459,0.7994394235597191,25.09,0.7729010641892522,0.3531506111856032,0.7729010641892522,49.0,0.7012606350694935,0.3744903959868005,0.7012606350694935,35.7,0.7541694791005585,0.3692248366307874,0.7541694791005585,67.5,0.7664628120005704,0.3611006841315348,0.7664628120005704
85.9,0.7974877299892758,0.334954309181483,0.7974877299892758,1986.0,0.7684145055710138,0.3609337895935417,0.7684145055710138,72.0,0.7819752709949231,0.34842395088291644,0.7819752709949231,-5.5,0.8046102432245033,0.3299537724535712,0.8046102432245033,25.79,0.7657785509540247,0.3575025904794018,0.7657785509540247,61.0,0.7012606350694935,0.3744903959868005,0.7012606350694935,35.3,0.7593402987653427,0.365287498805193,0.7593402987653427,65.9,0.7664628120005704,0.3611006841315348,0.7664628120005704
41.6,0.7974877299892758,0.334954309181483,0.7974877299892758,2026.0,0.7735853252357979,0.35677237567686615,0.7735853252357979,55.0,0.7890977842301509,0.34375952829162687,0.7890977842301509,0.0,0.7994394235597191,0.334643792005459,0.7994394235597191,8.77,0.7657785509540247,0.3575025904794018,0.7657785509540247,58.0,0.7049961475005115,0.3757520449059896,0.7049961475005115,26.3,0.7645111184301272,0.36126206004039624,0.7645111184301272,63.9,0.7664628120005705,0.36110068413153484,0.7664628120005705
74.9,0.7974877299892758,0.334954309181483,0.7974877299892758,2012.0,0.7735853252357979,0.35677237567686615,0.7735853252357979,70.0,0.7839269645653666,0.3481852450259085,0.7839269645653666,4.7,0.7923169103244917,0.33953229068782936,0.7923169103244917,21.77,0.7606077312892403,0.36156825597072506,0.7606077312892403,67.0,0.7115354892583874,0.37709557244775693,0.7115354892583874,34.1,0.7645111184301271,0.36126206004039624,0.7645111184301271,67.5,0.7612919923357861,0.3651500600026695,0.7612919923357861
87.1,0.7974877299892758,0.334954309181483,0.7974877299892758,1975.0,0.7664628120005705,0.36110068413153434,0.7664628120005705,74.0,0.7839269645653666,0.348185245025908,0.7839269645653666,4.7,0.7923169103244917,0.3395322906878305,0.7923169103244917,25.04,0.7606077312892403,0.36156825597072506,0.7606077312892403,73.0,0.7128029217822849,0.3773182997654685,0.7128029217822849,35.3,0.7696819380949115,0.3571485203363973,0.7696819380949115,66.3,0.7612919923357861,0.3651500600026695,0.7612919923357861
20.0,0.8026585496540599,0.3302882267359325,0.8026585496540599,1997.0,0.7645111184301271,0.36126206004039624,0.7645111184301271,21.0,0.7839269645653666,0.348185245025908,0.7839269645653666,4.7,0.7923169103244917,0.3395322906878305,0.7923169103244917,8.54,0.7625594248596836,0.3614179173201259,0.7625594248596836,69.0,0.7179737414470692,0.3739389906976339,0.7179737414470692,29.0,0.7748527577596955,0.3529468796931963,0.7748527577596955,63.1,0.7561211726710019,0.3691113349346016,0.7561211726710019
17.3,0.7974877299892758,0.334954309181483,0.7974877299892758,1303.0,0.7593402987653428,0.36528749880519307,0.7593402987653428,31.0,0.7787561449005824,0.3525228608209876,0.7787561449005824,8.6,0.7871460906597073,0.3440221712549752,0.7871460906597073,3.47,0.7625594248596836,0.36141791732012696,0.7625594248596836,19.0,0.7250962546822968,0.3704463009082515,0.7250962546822968,18.8,0.7800235774244798,0.34865713811079385,0.7800235774244798,74.9,0.756121172671002,0.36911133493460163,0.756121172671002
45.9,0.7974877299892758,0.334954309181483,0.7974877299892758,1055.0,0.7541694791005585,0.3692248366307874,0.7541694791005585,71.0,0.7787561449005824,0.3525228608209876,0.7787561449005824,3.9,0.7871460906597073,0.3440221712549752,0.7871460906597073,11.27,0.7625594248596836,0.36141791732012696,0.7625594248596836,25.0,0.7250962546822968,0.3704463009082515,0.7250962546822968,30.6,0.7800235774244798,0.34865713811079385,0.7800235774244798,63.5,0.7612919923357861,0.3651500600026695,0.7612919923357861
30.2,0.8026585496540599,0.3302882267359325,0.8026585496540599,2273.0,0.7541694791005585,0.3692248366307874,0.7541694791005585,74.0,0.7839269645653666,0.348185245025908,0.7839269645653666,3.1,0.7819752709949231,0.3484239508829175,0.7819752709949231,8.59,0.7677302445244679,0.35732831472246585,0.7677302445244679,35.0,0.7179737414470692,0.3739389906976339,0.7179737414470692,23.5,0.7851943970892641,0.34427929558919046,0.7851943970892641,68.2,0.7612919923357861,0.3651500600026695,0.7612919923357861
93.7,0.8026585496540599,0.33028822673593305,0.8026585496540599,1901.0,0.7593402987653428,0.36528749880519307,0.7593402987653428,68.0,0.7787561449005823,0.3525228608209876,0.7787561449005823,1.6,0.7819752709949231,0.3484239508829175,0.7819752709949231,27.02,0.7729010641892522,0.35315061118560426,0.7729010641892522,47.0,0.7179737414470692,0.3739389906976339,0.7179737414470692,36.5,0.785194397089264,0.3442792955891904,0.785194397089264,64.3,0.7664628120005704,0.3611006841315348,0.7664628120005704
75.7,0.80265854965406,0.33028822673593256,0.80265854965406,1977.0,0.7645111184301271,0.36126206004039624,0.7645111184301271,65.0,0.7787561449005823,0.3525228608209876,0.7787561449005823,0.0,0.7819752709949231,0.3484239508829175,0.7819752709949231,22.33,0.7800235774244798,0.3486571381107944,0.7800235774244798,67.0,0.7114343996891933,0.37267467133865123,0.7114343996891933,34.1,0.785194397089264,0.3442792955891904,0.785194397089264,67.1,0.7612919923357861,0.3651500600026695,0.7612919923357861
76.9,0.80265854965406,0.33028822673593256,0.80265854965406,2288.0,0.7593402987653428,0.36528749880519257,0.7593402987653428,63.0,0.7839269645653665,0.348185245025908,0.7839269645653665,-6.2,0.7819752709949233,0.34842395088291755,0.7819752709949233,26.23,0.7800235774244798,0.3486571381107944,0.7800235774244798,72.0,0.6993089414990502,0.37443683033835495,0.6993089414990502,35.3,0.785194397089264,0.3442792955891904,0.785194397089264,68.2,0.7612919923357861,0.3651500600026695,0.7612919923357861
18.8,0.7974877299892758,0.33495430918148195,0.7974877299892758,2389.0,0.7593402987653428,0.36528749880519307,0.7593402987653428,19.0,0.776804451330139,0.35273762957165883,0.776804451330139,3.9,0.7819752709949233,0.34842395088291755,0.7819752709949233,6.94,0.7748527577596955,0.3529468796931968,0.7748527577596955,33.67243525896414,0.6941381218342659,0.3775815722985627,0.6941381218342659,26.3,0.7903652167540481,0.3398133521283833,0.7903652167540481,72.2,0.7593402987653428,0.36528749880519307,0.7593402987653428
19.6,0.7974877299892758,0.33495430918148245,0.7974877299892758,2196.0,0.7593402987653428,0.36528749880519307,0.7593402987653428,22.0,0.7716336316653546,0.3569632073211975,0.7716336316653546,1.6,0.7819752709949233,0.34842395088291755,0.7819752709949233,6.35,0.7748527577596955,0.3529468796931968,0.7748527577596955,55.0,0.6993089414990503,0.3744368303383545,0.6993089414990503,24.7,0.7903652167540481,0.3398133521283833,0.7903652167540481,63.5,0.7593402987653428,0.36528749880519307,0.7593402987653428
36.9,0.7974877299892756,0.3349543091814824,0.7974877299892756,830.0,0.7593402987653428,0.36528749880519307,0.7593402987653428,33.0,0.7664628120005704,0.3611006841315348,0.7664628120005704,3.1,0.7819752709949233,0.34842395088291755,0.7819752709949233,4.25,0.7748527577596955,0.3529468796931968,0.7748527577596955,8.0,0.7114343996891933,0.37267467133865123,0.7114343996891933,20.4,0.785194397089264,0.3442792955891904,0.785194397089264,57.3,0.7612919923357861,0.3651500600026695,0.7612919923357861
72.2,0.7974877299892756,0.3349543091814824,0.7974877299892756,1295.0,0.7593402987653428,0.36528749880519307,0.7593402987653428,73.0,0.7684145055710138,0.36093378959354067,0.7684145055710138,3.9,0.7819752709949233,0.34842395088291755,0.7819752709949233,16.5,0.7748527577596955,0.3529468796931974,0.7748527577596955,29.0,0.7166052193539775,0.36927853533850286,0.7166052193539775,32.2,0.785194397089264,0.34427929558918935,0.785194397089264,62.0,0.7612919923357861,0.3651500600026695,0.7612919923357861
85.1,0.7942686038949348,0.3352254720667159,0.7942686038949348,2760.0,0.7522177855301153,0.3693328196978416,0.7522177855301153,58.0,0.773585325235798,0.35677237567686515,0.773585325235798,0.0,0.7819752709949233,0.34842395088291755,0.7819752709949233,35.43,0.7696819380949113,0.35714852033639727,0.7696819380949113,39.0,0.7166052193539775,0.36927853533850286,0.7166052193539775,37.3,0.7871460906597074,0.3440221712549732,0.7871460906597074,67.8,0.756121172671002,0.36911133493460163,0.756121172671002
78.4,0.7994394235597191,0.33059738103772607,0.7994394235597191,2039.0,0.7450952722948878,0.3732366468094783,0.7450952722948878,38.0,0.7684145055710138,0.36093378959354067,0.7684145055710138,-6.2,0.7819752709949233,0.34842395088291755,0.7819752709949233,24.06,0.7645111184301271,0.36126206004039624,0.7645111184301271,47.0,0.7094827061187499,0.37265537510683233,0.7094827061187499,34.5,0.7819752709949233,0.34842395088291755,0.7819752709949233,67.1,0.7561211726710019,0.3691113349346016,0.7561211726710019
19.6,0.7994394235597191,0.33059738103772607,0.7994394235597191,2278.0,0.7379727590596602,0.3769989801401067,0.7379727590596602,20.0,0.7684145055710138,0.36093378959354067,0.7684145055710138,3.1,0.7819752709949231,0.3484239508829175,0.7819752709949231,6.55,0.7593402987653428,0.36528749880519307,0.7593402987653428,36.0,0.7043118864539656,0.3759394730614398,0.7043118864539656,25.1,0.776804451330139,0.35273762957165883,0.776804451330139,67.5,0.7489986594357745,0.3730740735171788,0.7489986594357745
56.5,0.8078293693188441,0.32553404335118263,0.8078293693188441,1831.0,0.7431435787244444,0.3733096555119308,0.7431435787244444,19.0,0.7664628120005704,0.3611006841315348,0.7664628120005704,3.1,0.7871460906597074,0.3440221712549742,0.7871460906597074,14.91,0.7593402987653428,0.36528749880519307,0.7593402987653428,34.0,0.7043118864539656,0.3759394730614398,0.7043118864539656,31.0,0.7819752709949233,0.34842395088291755,0.7819752709949233,58.4,0.7438278397709902,0.3768352094643706,0.7438278397709902
19.2,0.8026585496540599,0.33028822673593305,0.8026585496540599,1542.0,0.7360210654892166,0.3770425331070886,0.7360210654892166,40.0,0.7716336316653546,0.3569632073211975,0.7716336316653546,4.7,0.7819752709949233,0.34842395088291755,0.7819752709949233,4.13,0.7522177855301153,0.3693328196978416,0.7522177855301153,22.0,0.6991410667891814,0.37913547007684584,0.6991410667891814,20.8,0.7748527577596955,0.3529468796931963,0.7748527577596955,62.7,0.7386570201062062,0.3805082444723584,0.7386570201062062
52.5,0.8026585496540598,0.330288226735933,0.8026585496540598,785.0,0.7308502458244326,0.3806198196897242,0.7308502458244326,61.0,0.7664628120005704,0.3611006841315348,0.7664628120005704,-1.6,0.7768044513301391,0.3527376295716589,0.7768044513301391,5.42,0.7450952722948877,0.37323664680947977,0.7450952722948877,1.0,0.6939702471243973,0.3822433661530488,0.6939702471243973,23.5,0.7696819380949114,0.3571485203363973,0.7696819380949114,61.6,0.7386570201062062,0.3805082444723594,0.7386570201062062
80.4,0.7974877299892758,0.33495430918148195,0.7974877299892758,1186.0,0.7256794261596484,0.38410900533315673,0.7256794261596484,32.0,0.7593402987653427,0.365287498805193,0.7593402987653427,-8.6,0.7787561449005824,0.3525228608209876,0.7787561449005824,12.84,0.7450952722948877,0.37323664680947977,0.7450952722948877,16.0,0.688799427459613,0.3852631612900507,0.688799427459613,30.6,0.7696819380949114,0.3571485203363973,0.7696819380949114,57.3,0.738657020106206,0.3805082444723594,0.738657020106206
22.4,0.7974877299892758,0.334954309181483,0.7974877299892758,1031.0,0.7256794261596484,0.38410900533315673,0.7256794261596484,46.0,0.7645111184301269,0.36126206004039607,0.7645111184301269,-1.6,0.7787561449005824,0.3525228608209876,0.7787561449005824,4.54,0.7450952722948877,0.37323664680947927,0.7450952722948877,19.0,0.6804094817004879,0.38775743389453593,0.6804094817004879,21.6,0.7696819380949114,0.3571485203363973,0.7696819380949114,72.2,0.7386570201062062,0.3805082444723594,0.7386570201062062
51.8,0.7974877299892758,0.33495430918148195,0.7974877299892758,800.0,0.732801939394876,0.38060020382908055,0.732801939394876,39.0,0.7696819380949113,0.35714852033639727,0.7696819380949113,4.7,0.7787561449005824,0.3525228608209876,0.7787561449005824,5.51,0.7450952722948877,0.37323664680947977,0.7450952722948877,25.0,0.6752386620357036,0.3905630357365756,0.6752386620357036,23.5,0.7696819380949114,0.3571485203363973,0.7696819380949114,52.5,0.7438278397709902,0.3768352094643711,0.7438278397709902
45.5,0.7974877299892758,0.33495430918148195,0.7974877299892758,2108.0,0.7399244526301035,0.37694990854399196,0.7399244526301035,68.0,0.7696819380949113,0.35714852033639727,0.7696819380949113,-3.1,0.7735853252357983,0.3567723756768663,0.7735853252357983,15.24,0.7450952722948877,0.37323664680947927,0.7450952722948877,32.0,0.6631132038455607,0.3912435167707139,0.6631132038455607,31.4,0.7696819380949114,0.3571485203363973,0.7696819380949114,70.6,0.7489986594357745,0.3730740735171808,0.7489986594357745
83.9,0.7974877299892758,0.33495430918148195,0.7974877299892758,2915.0,0.741876146200547,0.3768953183187476,0.741876146200547,70.0,0.7645111184301271,0.36126206004039624,0.7645111184301271,3.1,0.773585325235798,0.35677237567686615,0.773585325235798,26.94,0.7450952722948877,0.37323664680947927,0.7450952722948877,38.0,0.6506141257013314,0.39145674617419635,0.6506141257013314,29.8,0.7696819380949114,0.3571485203363973,0.7696819380949114,67.5,0.7541694791005586,0.3692248366307889,0.7541694791005586
82.7,0.7923169103244916,0.3395322906878293,0.7923169103244916,1948.0,0.7438278397709903,0.37683520946436966,0.7438278397709903,69.0,0.7645111184301271,0.36126206004039624,0.7645111184301271,-7.8,0.7684145055710138,0.36093378959354067,0.7684145055710138,24.21,0.7367053265357626,0.37681553767697146,0.7367053265357626,44.0,0.642946311523101,0.38889619961159816,0.642946311523101,34.9,0.7696819380949114,0.3571485203363973,0.7696819380949114,65.5,0.7612919923357861,0.3651500600026695,0.7612919923357861
84.3,0.7871460906597073,0.34402217125497575,0.7871460906597073,2256.0,0.7489986594357746,0.37307407351717886,0.7489986594357746,72.0,0.7716336316653546,0.3569632073211975,0.7716336316653546,-9.4,0.7684145055710138,0.36093378959354067,0.7684145055710138,28.49,0.7438278397709902,0.37307027988965447,0.7438278397709902,50.0,0.6349673067564114,0.38612398662425507,0.6349673067564114,36.1,0.776804451330139,0.35273762957165883,0.776804451330139,67.5,0.7612919923357861,0.3651500600026695,0.7612919923357861
87.8,0.7871460906597073,0.3440221712549752,0.7871460906597073,2531.0,0.7541694791005585,0.3692248366307874,0.7541694791005585,26.0,0.7716336316653546,0.3569632073211975,0.7716336316653546,-2.3,0.7684145055710138,0.36093378959354067,0.7684145055710138,33.4,0.7522177855301152,0.36933281969784154,0.7522177855301152,53.0,0.6349673067564114,0.38612398662425507,0.6349673067564114,37.3,0.7748527577596955,0.3529468796931963,0.7748527577596955,67.8,0.7612919923357861,0.3651500600026695,0.7612919923357861
69.4,0.7923169103244917,0.33953229068782886,0.7923169103244917,1790.0,0.7593402987653428,0.36528749880519307,0.7593402987653428,69.0,0.7716336316653546,0.3569632073211975,0.7716336316653546,2.3,0.7684145055710138,0.36093378959354067,0.7684145055710138,18.92,0.7573886051948995,0.365419418978585,0.7573886051948995,56.0,0.6349673067564114,0.38612398662425507,0.6349673067564114,34.5,0.7696819380949114,0.3571485203363973,0.7696819380949114,67.5,0.7664628120005704,0.36110068413153423,0.7664628120005704
93.3,0.7974877299892758,0.33495430918148195,0.7974877299892758,1924.0,0.7593402987653428,0.36528749880519307,0.7593402987653428,83.0,0.7716336316653546,0.3569632073211975,0.7716336316653546,0.8,0.773585325235798,0.35677237567686615,0.773585325235798,28.69,0.7573886051948995,0.365419418978584,0.7573886051948995,62.0,0.6349673067564114,0.38612398662425507,0.6349673067564114,37.3,0.7696819380949114,0.3571485203363973,0.7696819380949114,65.1,0.7716336316653547,0.3569632073211975,0.7716336316653547
91.8,0.7974877299892758,0.33495430918148195,0.7974877299892758,2269.0,0.7645111184301269,0.36126206004039607,0.7645111184301269,72.0,0.7716336316653546,0.3569632073211975,0.7716336316653546,-0.8,0.7787561449005823,0.3525228608209876,0.7787561449005823,31.23,0.7645111184301272,0.36126206004039624,0.7645111184301272,70.0,0.6349673067564114,0.38612398662425507,0.6349673067564114,36.9,0.7748527577596955,0.3529468796931963,0.7748527577596955,66.7,0.7696819380949114,0.3571485203363973,0.7696819380949114
17.3,0.7923169103244917,0.33953229068782936,0.7923169103244917,1588.0,0.7645111184301271,0.36126206004039624,0.7645111184301271,37.0,0.776804451330139,0.35273762957165883,0.776804451330139,3.1,0.7839269645653666,0.348185245025908,0.7839269645653666,12.51,0.7625594248596836,0.36141791732012696,0.7625594248596836,69.0,0.6397271854287601,0.3882564607251751,0.6397271854287601,29.4,0.7748527577596954,0.35294687969319627,0.7748527577596954,62.0,0.7748527577596955,0.3529468796931963,0.7748527577596955
18.0,0.7871460906597073,0.34402217125497314,0.7871460906597073,1885.0,0.7696819380949113,0.35714852033639727,0.7696819380949113,20.0,0.7819752709949231,0.3484239508829175,0.7819752709949231,0.0,0.7839269645653666,0.348185245025908,0.7839269645653666,5.07,0.7645111184301271,0.36126206004039624,0.7645111184301271,65.0,0.6481171311878852,0.3865025092617268,0.6481171311878852,22.7,0.7800235774244798,0.34865713811079385,0.7800235774244798,76.9,0.7748527577596955,0.3529468796931963,0.7748527577596955
19.2,0.7800235774244798,0.34865713811079385,0.7800235774244798,1743.0,0.776804451330139,0.35273762957165833,0.776804451330139,36.0,0.7819752709949231,0.3484239508829175,0.7819752709949231,3.1,0.7839269645653666,0.348185245025908,0.7839269645653666,4.65,0.7593402987653428,0.36528749880519307,0.7593402987653428,53.0,0.6532879508526692,0.3840207179726529,0.6532879508526692,23.1,0.7748527577596955,0.3529468796931968,0.7748527577596955,62.7,0.7819752709949231,0.3484239508829175,0.7819752709949231
43.5,0.7748527577596954,0.35294687969319677,0.7748527577596954,800.0,0.776804451330139,0.35273762957165833,0.776804451330139,40.0,0.7871460906597074,0.3440221712549742,0.7871460906597074,-1.6,0.7839269645653665,0.348185245025908,0.7839269645653665,4.67,0.7593402987653428,0.36528749880519307,0.7593402987653428,39.0,0.6461654376174417,0.3862521753223916,0.6461654376174417,21.6,0.7664628120005704,0.35722118627661514,0.7664628120005704,57.6,0.7819752709949231,0.3484239508829175,0.7819752709949231
45.5,0.7716336316653547,0.3530575370499728,0.7716336316653547,797.0,0.7716336316653547,0.3569632073211971,0.7716336316653547,41.0,0.7819752709949231,0.3484239508829175,0.7819752709949231,-4.7,0.7768044513301388,0.3527376295716588,0.7768044513301388,4.89,0.7593402987653428,0.36528749880519307,0.7593402987653428,12.0,0.6461654376174418,0.3862521753223917,0.6461654376174418,22.7,0.7664628120005704,0.35722118627661414,0.7664628120005704,58.0,0.7819752709949231,0.3484239508829175,0.7819752709949231
52.2,0.7623012316913452,0.35711301087296426,0.7623012316913452,780.0,0.7716336316653547,0.3569632073211975,0.7716336316653547,43.0,0.7819752709949231,0.3484239508829175,0.7819752709949231,-3.1,0.776804451330139,0.35273762957165883,0.776804451330139,5.41,0.7645111184301271,0.36126206004039624,0.7645111184301271,0.0,0.6420038573082165,0.38530692855279014,0.6420038573082165,23.5,0.7664628120005704,0.35722118627661414,0.7664628120005704,56.5,0.7819752709949231,0.3484239508829175,0.7819752709949231
52.2,0.7573886051948995,0.35680701522145203,0.7573886051948995,785.0,0.7696819380949114,0.3571485203363973,0.7696819380949114,44.0,0.7748527577596954,0.3529468796931978,0.7748527577596954,-2.3,0.7819752709949231,0.3484239508829175,0.7819752709949231,5.77,0.7664628120005704,0.3611006841315348,0.7664628120005704,1.0,0.6400521637377732,0.3850405034759724,0.6400521637377732,23.9,0.7748527577596955,0.3529468796931968,0.7748527577596955,53.3,0.7819752709949231,0.3484239508829175,0.7819752709949231
58.0,0.746680588859761,0.36021208649263453,0.746680588859761,796.0,0.7696819380949114,0.3571485203363973,0.7696819380949114,48.0,0.7664628120005704,0.35722118627661564,0.7664628120005704,2.3,0.7819752709949231,0.3484239508829175,0.7819752709949231,6.35,0.7645111184301272,0.36126206004039624,0.7645111184301272,0.0,0.6400521637377732,0.3850405034759724,0.6400521637377732,25.1,0.7748527577596955,0.3529468796931963,0.7748527577596955,48.2,0.7819752709949231,0.3484239508829175,0.7819752709949231
71.4,0.7354378940118651,0.363199303863896,0.7354378940118651,1228.0,0.7748527577596955,0.3529468796931963,0.7748527577596955,67.0,0.757130412026561,0.3611406838202075,0.757130412026561,-3.9,0.7819752709949231,0.3484239508829175,0.7819752709949231,13.38,0.7612919923357861,0.361296734564054,0.7612919923357861,18.0,0.6400521637377732,0.3850405034759724,0.6400521637377732,31.0,0.7729010641892522,0.3531506111856032,0.7729010641892522,54.5,0.7819752709949231,0.3484239508829175,0.7819752709949231
67.1,0.7302670743470808,0.36686685285567494,0.7302670743470808,1843.0,0.7748527577596955,0.3529468796931963,0.7748527577596955,81.0,0.7522177855301152,0.3607792142727703,0.7522177855301152,-1.6,0.7819752709949231,0.3484239508829175,0.7819752709949231,20.51,0.7571304120265611,0.36114068382020703,0.7571304120265611,32.0,0.634881344072989,0.38733844427297137,0.634881344072989,34.5,0.7716336316653547,0.3530575370499728,0.7716336316653547,66.7,0.7890977842301509,0.34375952829162687,0.7890977842301509
100.0,0.7302670743470808,0.36686685285567494,0.7302670743470808,2967.0,0.767730244524468,0.3573283147224659,0.767730244524468,60.0,0.7522177855301153,0.3607792142727704,0.7522177855301153,0.0,0.7871460906597073,0.3440221712549752,0.7871460906597073,45.89,0.7571304120265611,0.36114068382020703,0.7571304120265611,40.0,0.6425491582512194,0.3899648459051484,0.6425491582512194,40.4,0.7716336316653547,0.3530575370499728,0.7716336316653547,65.9,0.7890977842301506,0.3437595282916273,0.7890977842301506
66.7,0.7302670743470808,0.36686685285567494,0.7302670743470808,1987.0,0.7677302445244679,0.35732831472246585,0.7677302445244679,39.0,0.7573886051948995,0.35680701522145203,0.7573886051948995,1.6,0.7923169103244916,0.33953229068782886,0.7923169103244916,21.45,0.7571304120265611,0.36114068382020703,0.7571304120265611,41.0,0.6368330376434324,0.38762880645612624,0.6368330376434324,33.7,0.776804451330139,0.3488057868841294,0.776804451330139,67.1,0.794268603894935,0.33924571061814474,0.794268603894935
60.0,0.7302670743470808,0.36686685285567494,0.7302670743470808,2033.0,0.7696819380949114,0.3571485203363973,0.7696819380949114,21.0,0.7593402987653429,0.3566529019850497,0.7593402987653429,-8.6,0.7923169103244916,0.33953229068782886,0.7923169103244916,17.97,0.7500078987913333,0.3651930636310686,0.7500078987913333,39.0,0.6297105244082047,0.3895482841307679,0.6297105244082047,32.5,0.7768044513301388,0.34880578688412933,0.7768044513301388,69.0,0.794268603894935,0.33924571061814474,0.794268603894935
19.6,0.7302670743470808,0.36686685285567494,0.7302670743470808,1784.0,0.7696819380949114,0.3571485203363973,0.7696819380949114,46.0,0.7593402987653429,0.3566529019850497,0.7593402987653429,1.6,0.7923169103244916,0.33953229068782886,0.7923169103244916,5.16,0.7500078987913333,0.3651930636310686,0.7500078987913333,19.0,0.6245397047434206,0.3916700230493625,0.6245397047434206,22.7,0.7768044513301388,0.34880578688412933,0.7768044513301388,62.7,0.7994394235597191,0.334643792005459,0.7994394235597191
67.5,0.7373895875823084,0.36312063123974325,0.7373895875823084,1285.0,0.7625594248596836,0.3614179173201259,0.7625594248596836,71.0,0.7593402987653429,0.3566529019850497,0.7593402987653429,-2.3,0.7923169103244916,0.33953229068782886,0.7923169103244916,10.71,0.7448370791265492,0.3690205975935695,0.7448370791265492,16.0,0.6245397047434205,0.3916700230493628,0.6245397047434205,28.6,0.7696819380949113,0.3532527286801584,0.7696819380949113,62.7,0.7994394235597191,0.334643792005459,0.7994394235597191
22.4,0.7373895875823084,0.36312063123974325,0.7373895875823084,1753.0,0.7625594248596836,0.3614179173201259,0.7625594248596836,67.0,0.7593402987653429,0.3566529019850486,0.7593402987653429,3.1,0.7871460906597073,0.3440221712549752,0.7871460906597073,18.42,0.7448370791265492,0.3690205975935695,0.7448370791265492,39.0,0.6316622179786481,0.38986258342026237,0.6316622179786481,32.9,0.7645111184301271,0.357392440800462,0.7645111184301271,76.5,0.794268603894935,0.33924571061814474,0.794268603894935
80.4,0.7373895875823084,0.36312063123974325,0.7373895875823084,2062.0,0.7625594248596836,0.3614179173201259,0.7625594248596836,19.0,0.7645111184301272,0.3525686648881895,0.7645111184301272,-9.4,0.7800235774244798,0.3486571381107944,0.7800235774244798,23.47,0.7448370791265491,0.3690205975935694,0.7448370791265491,43.0,0.6387847312138757,0.38791365001015066,0.6387847312138757,34.1,0.7645111184301271,0.357392440800462,0.7645111184301271,66.7,0.799439423559719,0.33464379200545896,0.799439423559719
26.3,0.7373895875823084,0.36312063123974325,0.7373895875823084,2060.0,0.7677302445244679,0.35732831472246535,0.7677302445244679,39.0,0.7645111184301272,0.3525686648881895,0.7645111184301272,4.7,0.7800235774244798,0.3486571381107944,0.7800235774244798,11.03,0.7519595923617767,0.3650802558282486,0.7519595923617767,44.0,0.6387847312138757,0.38791365001015066,0.6387847312138757,30.2,0.7645111184301271,0.357392440800462,0.7645111184301271,63.1,0.8046102432245033,0.3299537724535712,0.8046102432245033
26.3,0.7373895875823084,0.36312063123974325,0.7373895875823084,1921.0,0.7677302445244679,0.35732831472246535,0.7677302445244679,20.0,0.7645111184301272,0.3525686648881895,0.7645111184301272,-0.8,0.7800235774244798,0.3486571381107944,0.7800235774244798,5.51,0.7519595923617767,0.3650802558282486,0.7519595923617767,52.0,0.6308057264471861,0.38510880584993307,0.6308057264471861,25.5,0.7593402987653428,0.3614440519815625,0.7593402987653428,60.0,0.8046102432245031,0.3299537724535712,0.8046102432245031
43.5,0.7425604072470927,0.35934104420242347,0.7425604072470927,809.0,0.7729010641892521,0.3531506111856042,0.7729010641892521,42.0,0.7645111184301272,0.3525686648881895,0.7645111184301272,6.2,0.7780718838540363,0.34888480670953953,0.7780718838540363,4.9,0.7500078987913332,0.36519306363106957,0.7500078987913332,24.0,0.6327574200176297,0.38540572493767794,0.6327574200176297,22.4,0.7593402987653427,0.36144405198156293,0.7593402987653427,54.9,0.8046102432245033,0.3299537724535712,0.8046102432245033
64.3,0.7354378940118651,0.363199303863896,0.7354378940118651,1203.0,0.7729010641892521,0.3531506111856042,0.7729010641892521,90.0,0.7645111184301272,0.3525686648881895,0.7645111184301272,3.9,0.7780718838540363,0.34888480670953953,0.7780718838540363,12.53,0.7448370791265492,0.3690205975935695,0.7448370791265492,32.0,0.642089819991639,0.3840774060273973,0.642089819991639,30.6,0.7541694791005585,0.36540756222346243,0.7541694791005585,60.4,0.8046102432245033,0.3299537724535712,0.8046102432245033
83.1,0.7354378940118651,0.363199303863896,0.7354378940118651,1683.0,0.7748527577596954,0.3529468796931978,0.7748527577596954,68.0,0.7674720513561296,0.3529972369865186,0.7674720513561296,-6.2,0.7780718838540363,0.34888480670953953,0.7780718838540363,21.28,0.7396662594617651,0.3727600306168689,0.7396662594617651,40.0,0.642089819991639,0.3840774060273973,0.642089819991639,34.1,0.7489986594357743,0.3692829715261589,0.7489986594357743,63.1,0.8046102432245033,0.3299537724535712,0.8046102432245033
96.1,0.7354378940118651,0.363199303863896,0.7354378940118651,2093.0,0.7696819380949111,0.35714852033639716,0.7696819380949111,87.0,0.7674720513561296,0.3529972369865186,0.7674720513561296,1.6,0.7780718838540365,0.34888480670953964,0.7780718838540365,34.01,0.7396662594617651,0.3727600306168689,0.7396662594617651,53.0,0.6369190003268549,0.3864103332036515,0.6369190003268549,40.0,0.7489986594357743,0.3692829715261589,0.7489986594357743,66.3,0.8046102432245033,0.3299537724535712,0.8046102432245033
27.5,0.7354378940118651,0.36319930386389554,0.7354378940118651,2193.0,0.7625594248596836,0.36141791732012696,0.7625594248596836,52.0,0.7674720513561296,0.3529972369865186,0.7674720513561296,3.1,0.7729010641892521,0.3531506111856042,0.7729010641892521,6.12,0.7467887726969925,0.3689317268970883,0.7467887726969925,56.0,0.6306044856584947,0.38375024775351924,0.6306044856584947,24.3,0.7438278397709902,0.37307027988965397,0.7438278397709902,55.7,0.8046102432245033,0.3299537724535712,0.8046102432245033
64.7,0.7354378940118651,0.36319930386389554,0.7354378940118651,1878.0,0.7573886051948995,0.365419418978584,0.7573886051948995,34.0,0.7674720513561296,0.3529972369865186,0.7674720513561296,-3.1,0.7729010641892521,0.3531506111856042,0.7729010641892521,18.02,0.7467887726969925,0.3689317268970883,0.7467887726969925,57.0,0.6306044856584947,0.38375024775351924,0.6306044856584947,32.5,0.7438278397709902,0.37307027988965447,0.7438278397709902,67.8,0.8046102432245033,0.3299537724535712,0.8046102432245033
63.9,0.7302670743470808,0.36686685285567494,0.7302670743470808,1575.0,0.7522177855301153,0.3693328196978416,0.7522177855301153,58.0,0.7674720513561296,0.3529972369865186,0.7674720513561296,0.0,0.7729010641892522,0.35315061118560426,0.7729010641892522,14.66,0.7519595923617767,0.3650802558282486,0.7519595923617767,58.0,0.6220716248363002,0.3806112997075304,0.6220716248363002,31.4,0.7438278397709902,0.37307027988965397,0.7438278397709902,67.8,0.8046102432245033,0.3299537724535712,0.8046102432245033
69.4,0.7354378940118651,0.36319930386389554,0.7354378940118651,1608.0,0.7502660919596718,0.36943528413576343,0.7502660919596718,19.0,0.7674720513561296,0.3529972369865186,0.7674720513561296,-3.9,0.7729010641892521,0.3531506111856042,0.7729010641892521,16.27,0.757130412026561,0.3611406838202075,0.757130412026561,57.0,0.6169008051715159,0.38270296909966695,0.6169008051715159,32.2,0.7509503530062177,0.3691835283213276,0.7509503530062177,67.1,0.8097810628892875,0.3251756519624815,0.8097810628892875
18.0,0.7406087136766494,0.35944365393291455,0.7406087136766494,1527.0,0.7502660919596718,0.36943528413576343,0.7502660919596718,44.0,0.7623012316913452,0.35711301087296277,0.7623012316913452,14.8,0.7780718838540363,0.34888480670953953,0.7780718838540363,4.02,0.7519595923617767,0.3650802558282486,0.7519595923617767,52.0,0.6169008051715159,0.38270296909966695,0.6169008051715159,21.6,0.7561211726710019,0.3652841819122918,0.7561211726710019,66.3,0.8097810628892875,0.325175651962482,0.8097810628892875
75.3,0.7406087136766494,0.35944365393291455,0.7406087136766494,1292.0,0.7418761462005469,0.37314026735901584,0.7418761462005469,64.0,0.7571304120265611,0.36114068382020603,0.7571304120265611,6.2,0.7832427035188206,0.3445309012942729,0.7832427035188206,13.51,0.7519595923617766,0.36508025582824855,0.7519595923617766,54.0,0.6169008051715159,0.38270296909966695,0.6169008051715159,31.8,0.7509503530062178,0.36918352832132767,0.7509503530062178,67.1,0.8026585496540599,0.33028822673593305,0.8026585496540599
80.0,0.7406087136766493,0.3594436539329145,0.7406087136766493,1840.0,0.7418761462005469,0.37314026735901684,0.7418761462005469,56.0,0.7571304120265611,0.36114068382020653,0.7571304120265611,3.1,0.7832427035188206,0.3445309012942729,0.7832427035188206,20.86,0.757130412026561,0.3611406838202075,0.757130412026561,59.0,0.6169008051715159,0.38270296909966695,0.6169008051715159,32.9,0.7489986594357745,0.369282971526159,0.7489986594357745,66.3,0.8078293693188441,0.3255340433511815,0.8078293693188441
30.6,0.7406087136766493,0.3594436539329145,0.7406087136766493,1966.0,0.7450952722948877,0.37323664680947927,0.7450952722948877,48.0,0.7519595923617767,0.3650802558282486,0.7519595923617767,0.0,0.7903652167540484,0.33981335212838343,0.7903652167540484,7.0,0.7571304120265608,0.36114068382020736,0.7571304120265608,56.0,0.6169008051715159,0.38270296909966695,0.6169008051715159,23.5,0.7489986594357743,0.3692829715261584,0.7489986594357743,67.8,0.8078293693188441,0.32553404335118263,0.8078293693188441
57.6,0.7354378940118651,0.36319930386389554,0.7354378940118651,1878.0,0.7502660919596718,0.36943528413576343,0.7502660919596718,19.0,0.7519595923617767,0.3650802558282486,0.7519595923617767,4.7,0.7974877299892758,0.33495430918148145,0.7974877299892758,15.99,0.7519595923617767,0.3650802558282486,0.7519595923617767,49.0,0.6220716248363001,0.3806112997075303,0.6220716248363001,31.8,0.7438278397709902,0.37307027988965447,0.7438278397709902,69.0,0.8026585496540599,0.33028822673593305,0.8026585496540599
34.5,0.7334862004414218,0.3632724578589171,0.7334862004414218,800.0,0.7502660919596718,0.36943528413576293,0.7502660919596718,34.0,0.7500078987913333,0.3651930636310686,0.7500078987913333,-2.3,0.7974877299892758,0.33495430918148145,0.7974877299892758,4.89,0.7519595923617767,0.3650802558282486,0.7519595923617767,21.0,0.6272424445010844,0.37843152937619345,0.6272424445010844,22.7,0.7438278397709902,0.37307027988965447,0.7438278397709902,67.1,0.7974877299892758,0.334954309181483,0.7974877299892758
42.7,0.7386570201062059,0.35954074503427397,0.7386570201062059,797.0,0.7450952722948877,0.37323664680947827,0.7450952722948877,39.0,0.7448370791265492,0.3690205975935695,0.7448370791265492,-4.7,0.7955360364188324,0.3352593077283743,0.7955360364188324,4.57,0.7467887726969925,0.3689317268970883,0.7467887726969925,20.0,0.6316137250140538,0.3805010848765443,0.6316137250140538,20.8,0.738657020106206,0.37676948731394744,0.738657020106206,55.7,0.7923169103244917,0.33953229068782886,0.7923169103244917
57.3,0.7334862004414218,0.3632724578589171,0.7334862004414218,1035.0,0.7450952722948878,0.3732366468094783,0.7450952722948878,61.0,0.7448370791265492,0.3690205975935695,0.7448370791265492,3.1,0.7884135231836048,0.34008889493980415,0.7884135231836048,10.4,0.7467887726969925,0.3689317268970883,0.7467887726969925,24.0,0.6450507529176412,0.38099104657229677,0.6450507529176412,28.6,0.7386570201062062,0.3767694873139475,0.7386570201062062,63.9,0.7851943970892641,0.34427929558919046,0.7851943970892641
76.1,0.7334862004414218,0.3632724578589171,0.7334862004414218,2177.0,0.7450952722948878,0.3732366468094788,0.7450952722948878,22.0,0.7500078987913333,0.3651930636310686,0.7500078987913333,3.9,0.7812910099483773,0.3447769883702248,0.7812910099483773,27.28,0.7519595923617767,0.36508025582824916,0.7519595923617767,35.0,0.6502215725824255,0.3785058557514973,0.6502215725824255,35.7,0.738657020106206,0.37676948731394744,0.738657020106206,67.8,0.7800235774244798,0.34865713811079385,0.7800235774244798
65.5,0.7263636872061942,0.3669597680039089,0.7263636872061942,1808.0,0.7450952722948878,0.3732366468094788,0.7450952722948878,67.0,0.757130412026561,0.3611406838202075,0.757130412026561,-3.9,0.7812910099483773,0.3447769883702248,0.7812910099483773,17.97,0.7519595923617767,0.3650802558282486,0.7519595923617767,43.0,0.6430990593471979,0.380747520326359,0.6430990593471979,32.5,0.738657020106206,0.37676948731394744,0.738657020106206,68.2,0.7800235774244798,0.34865713811079385,0.7800235774244798
18.8,0.7211928675414101,0.3704913418438098,0.7211928675414101,2334.0,0.7502660919596718,0.36943528413576343,0.7502660919596718,44.0,0.7623012316913452,0.3571130108729653,0.7623012316913452,-1.6,0.776120190283593,0.34910695667915415,0.776120190283593,6.59,0.7519595923617767,0.3650802558282486,0.7519595923617767,47.0,0.6296620314436104,0.380215551680311,0.6296620314436104,27.5,0.7406087136766494,0.37671791832179263,0.7406087136766494,63.9,0.7800235774244798,0.3486571381107944,0.7800235774244798
26.7,0.7211928675414101,0.3704913418438098,0.7211928675414101,1914.0,0.7573886051948995,0.365419418978585,0.7573886051948995,22.0,0.7674720513561295,0.3529972369865186,0.7674720513561295,8.6,0.776120190283593,0.34910695667915415,0.776120190283593,5.01,0.7519595923617767,0.3650802558282486,0.7519595923617767,45.0,0.6225395182083827,0.3820982831227115,0.6225395182083827,22.4,0.7406087136766495,0.37671791832179274,0.7406087136766495,59.2,0.7800235774244798,0.34865713811079546,0.7800235774244798
51.4,0.7272647427245217,0.37148876944988724,0.7272647427245217,1472.0,0.7625594248596836,0.36141791732012696,0.7625594248596836,55.0,0.7674720513561295,0.3529972369865186,0.7674720513561295,4.7,0.776120190283593,0.34910695667915315,0.776120190283593,11.09,0.7571304120265611,0.36114068382020753,0.7571304120265611,46.0,0.6225395182083827,0.3820982831227115,0.6225395182083827,29.4,0.7457795333414338,0.3729947737911605,0.7457795333414338,68.6,0.7800235774244798,0.3486571381107949,0.7800235774244798
66.7,0.7292164362949651,0.37145472972165916,0.7292164362949651,1810.0,0.7625594248596839,0.361417917320127,0.7625594248596839,36.0,0.7726428710209137,0.34879336216087076,0.7726428710209137,1.6,0.7709493706188087,0.35334882404887846,0.7709493706188087,17.28,0.7623012316913452,0.35711301087296327,0.7623012316913452,54.0,0.6225395182083827,0.3820982831227115,0.6225395182083827,32.2,0.7509503530062178,0.36918352832132767,0.7509503530062178,67.8,0.7800235774244798,0.3486571381107949,0.7800235774244798
43.9,0.7343872559597491,0.3678324061433109,0.7343872559597491,1778.0,0.7625594248596836,0.36141791732012696,0.7625594248596836,33.0,0.7726428710209137,0.34879336216087076,0.7726428710209137,0.0,0.7729010641892522,0.35315061118560426,0.7729010641892522,9.92,0.769423744926573,0.352807099235551,0.769423744926573,50.0,0.6277103378731671,0.37992449985494603,0.6277103378731671,27.1,0.756121172671002,0.36528418191229184,0.756121172671002,71.8,0.7800235774244798,0.34865713811079385,0.7800235774244798
46.7,0.7343872559597491,0.3678324061433109,0.7343872559597491,913.0,0.7573886051948995,0.365419418978584,0.7573886051948995,34.0,0.7726428710209137,0.34879336216087076,0.7726428710209137,3.1,0.7748527577596954,0.3529468796931973,0.7748527577596954,4.69,0.7642529252617886,0.35694681022833497,0.7642529252617886,38.0,0.6225395182083827,0.3820982831227115,0.6225395182083827,20.8,0.7509503530062177,0.3691835283213276,0.7509503530062177,62.7,0.7800235774244798,0.3486571381107944,0.7800235774244798
48.2,0.7343872559597491,0.3678324061433109,0.7343872559597491,914.0,0.7645111184301271,0.36126206004039624,0.7645111184301271,52.0,0.7674720513561295,0.3529972369865186,0.7674720513561295,4.7,0.7696819380949113,0.35714852033639727,0.7696819380949113,7.27,0.7642529252617886,0.35694681022833497,0.7642529252617886,40.0,0.6277103378731669,0.3799244998549468,0.6277103378731669,27.8,0.756121172671002,0.36528418191229184,0.756121172671002,63.5,0.7800235774244798,0.3486571381107944,0.7800235774244798
70.6,0.7272647427245216,0.3714887694498876,0.7272647427245216,2044.0,0.7593402987653428,0.36528749880519307,0.7593402987653428,28.0,0.7674720513561295,0.3529972369865186,0.7674720513561295,-3.1,0.7696819380949111,0.35714852033639716,0.7696819380949111,21.18,0.769423744926573,0.352807099235551,0.769423744926573,44.0,0.6318719181823922,0.38092527492798506,0.6318719181823922,33.7,0.7509503530062177,0.3691835283213276,0.7509503530062177,67.5,0.7800235774244798,0.3486571381107944,0.7800235774244798
51.8,0.7201422294892941,0.375003638975454,0.7201422294892941,1473.0,0.7664628120005704,0.3611006841315348,0.7664628120005704,22.0,0.7674720513561295,0.3529972369865186,0.7674720513561295,3.1,0.7716336316653547,0.3569632073211981,0.7716336316653547,11.25,0.769423744926573,0.352807099235551,0.769423744926573,43.0,0.6370427378471764,0.37861551538082217,0.6370427378471764,29.4,0.7457795333414338,0.3729947737911605,0.7457795333414338,68.6,0.7800235774244798,0.3486571381107944,0.7800235774244798
23.5,0.7149714098245098,0.3784018864627213,0.7149714098245098,897.0,0.7664628120005704,0.3611006841315348,0.7664628120005704,36.0,0.7674720513561295,0.3529972369865186,0.7674720513561295,-1.6,0.7716336316653547,0.3569632073211975,0.7716336316653547,4.4,0.769423744926573,0.352807099235551,0.769423744926573,40.0,0.6370427378471762,0.37861551538082205,0.6370427378471762,22.4,0.7406087136766494,0.37671791832179263,0.7406087136766494,63.5,0.7748527577596955,0.3529468796931968,0.7748527577596955
42.7,0.7149714098245098,0.3784018864627213,0.7149714098245098,784.0,0.7593402987653428,0.36528749880519307,0.7593402987653428,67.0,0.7623012316913452,0.35711301087296426,0.7623012316913452,2.3,0.776804451330139,0.35273762957165883,0.776804451330139,4.46,0.7745945645913571,0.34857928730356486,0.7745945645913571,41.0,0.6422135575119606,0.3762176548944572,0.6422135575119606,20.8,0.738657020106206,0.37676948731394744,0.738657020106206,57.6,0.7664628120005705,0.3572211862766152,0.7664628120005705
79.2,0.7220939230597374,0.3749990549826944,0.7220939230597374,2106.0,0.7593402987653428,0.36528749880519307,0.7593402987653428,62.0,0.7539112859322202,0.36114596184930076,0.7539112859322202,-4.7,0.7768044513301388,0.3527376295716588,0.7768044513301388,24.69,0.769423744926573,0.352807099235551,0.769423744926573,47.0,0.650479765750764,0.3789327135969008,0.650479765750764,34.9,0.7457795333414337,0.3729947737911614,0.7457795333414337,67.1,0.7664628120005705,0.3572211862766152,0.7664628120005705
76.1,0.7220939230597374,0.3749990549826949,0.7220939230597374,2393.0,0.7593402987653428,0.36528749880519307,0.7593402987653428,46.0,0.7539112859322202,0.36114596184930076,0.7539112859322202,7.0,0.7716336316653547,0.3569632073211981,0.7716336316653547,9.86,0.7745945645913571,0.34857928730356486,0.7745945645913571,46.0,0.6584587705174534,0.38145082574437833,0.6584587705174534,28.2,0.7457795333414337,0.3729947737911614,0.7457795333414337,68.6,0.7593402987653428,0.3614440519815625,0.7593402987653428
61.2,0.7220939230597374,0.3749990549826949,0.7220939230597374,1528.0,0.7593402987653428,0.36528749880519307,0.7593402987653428,51.0,0.757130412026561,0.361140683820207,0.757130412026561,2.3,0.7664628120005704,0.3611006841315348,0.7664628120005704,13.23,0.7797653842561413,0.34426337443237826,0.7797653842561413,45.0,0.6641748911252404,0.38358048553469204,0.6641748911252404,30.6,0.7457795333414338,0.37299477379116147,0.7457795333414338,67.5,0.7522177855301153,0.3655254239055005,0.7522177855301153
18.0,0.7220939230597374,0.3749990549826959,0.7220939230597374,1466.0,0.7593402987653428,0.36528749880519307,0.7593402987653428,21.0,0.757130412026561,0.3611406838202075,0.757130412026561,8.6,0.7664628120005704,0.3611006841315348,0.7664628120005704,3.84,0.7745945645913571,0.34857928730356486,0.7745945645913571,39.0,0.6715031496046857,0.3857019071546287,0.6715031496046857,21.2,0.7457795333414337,0.3729947737911614,0.7457795333414337,74.9,0.7470469658653309,0.36937689610185864,0.7470469658653309
47.5,0.7220939230597373,0.3749990549826948,0.7220939230597373,857.0,0.7593402987653428,0.36528749880519307,0.7593402987653428,41.0,0.757130412026561,0.3611406838202075,0.757130412026561,10.9,0.7716336316653547,0.3569632073211975,0.7716336316653547,5.45,0.769423744926573,0.352807099235551,0.769423744926573,20.0,0.6742962078208192,0.3868468361432717,0.6742962078208192,23.1,0.7509503530062178,0.36918352832132767,0.7509503530062178,52.5,0.7470469658653309,0.36937689610185864,0.7470469658653309
50.2,0.7149714098245098,0.3784018864627213,0.7149714098245098,796.0,0.7593402987653429,0.3652874988051931,0.7593402987653429,59.0,0.7623012316913452,0.35711301087296426,0.7623012316913452,-1.6,0.7716336316653547,0.3569632073211975,0.7716336316653547,5.49,0.769423744926573,0.352807099235551,0.769423744926573,3.0,0.6759229230822494,0.38752622881918325,0.6759229230822494,23.9,0.756121172671002,0.36528418191229184,0.756121172671002,55.3,0.7489986594357745,0.369282971526159,0.7489986594357745
77.3,0.7065814640653847,0.38142490115333316,0.7065814640653847,1176.0,0.7541694791005585,0.3692248366307874,0.7541694791005585,21.0,0.7674720513561295,0.3529972369865186,0.7674720513561295,3.1,0.7716336316653547,0.3569632073211975,0.7716336316653547,12.44,0.769423744926573,0.352807099235551,0.769423744926573,13.0,0.681994798265361,0.3890176702337118,0.681994798265361,30.6,0.756121172671002,0.36528418191229184,0.756121172671002,48.2,0.7573886051948995,0.365419418978585,0.7573886051948995
82.0,0.6953387692174888,0.38330819774229224,0.6953387692174888,1328.0,0.7541694791005585,0.3692248366307874,0.7541694791005585,72.0,0.7674720513561295,0.3529972369865186,0.7674720513561295,2.3,0.7716336316653547,0.3569632073211975,0.7716336316653547,17.21,0.7593402987653429,0.3566529019850497,0.7593402987653429,28.0,0.6927028146004997,0.3872868372528492,0.6927028146004997,32.9,0.7467887726969925,0.3689317268970883,0.7467887726969925,62.7,0.7625594248596836,0.36141791732012696,0.7625594248596836
20.4,0.6901679495527046,0.38633733836328554,0.6901679495527046,1595.0,0.7541694791005585,0.3692248366307874,0.7541694791005585,44.0,0.7623012316913452,0.35711301087296426,0.7623012316913452,-3.1,0.7716336316653547,0.3569632073211981,0.7716336316653547,12.06,0.7541694791005586,0.36064903814270527,0.7541694791005586,29.0,0.6998253278357273,0.3843177369673385,0.6998253278357273,30.2,0.739666259461765,0.3727600306168688,0.739666259461765,75.7,0.7625594248596836,0.36141791732012696,0.7625594248596836
16.5,0.6972904627879322,0.38339824350578616,0.6972904627879322,1363.0,0.7489986594357746,0.37307407351717886,0.7489986594357746,34.0,0.7551787184561176,0.36127742872936525,0.7551787184561176,0.8,0.7664628120005704,0.3611006841315348,0.7664628120005704,3.52,0.747046965865331,0.3646633123848872,0.747046965865331,22.0,0.7017770214061706,0.3843973576187024,0.7017770214061706,20.8,0.739666259461765,0.37276003061686835,0.739666259461765,74.1,0.7554369116244561,0.3655458205228453,0.7554369116244561
42.0,0.7044129760231599,0.3803176548672765,0.7044129760231599,770.0,0.7418761462005469,0.3768953183187476,0.7418761462005469,74.0,0.7603495381209019,0.3572736928884609,0.7603495381209019,3.9,0.773585325235798,0.35677237567686615,0.773585325235798,4.53,0.747046965865331,0.3646633123848872,0.747046965865331,24.0,0.7069478410709549,0.3812071429008162,0.7069478410709549,21.6,0.7448370791265492,0.3690205975935695,0.7448370791265492,61.2,0.7554369116244561,0.3655458205228453,0.7554369116244561
88.6,0.7095837956879439,0.3770644381552029,0.7095837956879439,1414.0,0.7470469658653313,0.3731581194778952,0.7470469658653313,71.0,0.765520357785686,0.3531818561083539,0.765520357785686,2.3,0.773585325235798,0.35677237567686615,0.773585325235798,18.26,0.7450952722948877,0.3647640327794818,0.7450952722948877,40.0,0.7170312872321848,0.37864692650856513,0.7170312872321848,33.3,0.7448370791265492,0.3690205975935695,0.7448370791265492,60.4,0.7554369116244561,0.3655458205228453,0.7554369116244561
89.8,0.7208264905358399,0.3747948830609132,0.7208264905358399,2220.0,0.7489986594357747,0.3730740735171794,0.7489986594357747,20.0,0.7655203577856861,0.35318185610835295,0.7655203577856861,-1.6,0.7787561449005823,0.3525228608209886,0.7787561449005823,29.79,0.7399244526301034,0.3685360928460577,0.7399244526301034,51.0,0.7211928675414101,0.37911192756292666,0.7211928675414101,36.5,0.7428853855561057,0.369103949660919,0.7428853855561057,65.9,0.747046965865331,0.3693768961018587,0.747046965865331
40.0,0.7315345068709787,0.3720842949589021,0.7315345068709787,798.0,0.7541694791005585,0.3692248366307874,0.7541694791005585,60.0,0.7748527577596955,0.34902491562065285,0.7748527577596955,-3.1,0.7787561449005823,0.3525228608209886,0.7787561449005823,4.41,0.7347536329653195,0.3722200519734318,0.7347536329653195,24.0,0.7224603000653075,0.37932312075068464,0.7224603000653075,20.4,0.74805620522089,0.3653003528047569,0.74805620522089,61.6,0.7470469658653309,0.36937689610185864,0.7470469658653309
80.4,0.7364471333674243,0.3726427945340636,0.7364471333674243,1280.0,0.7593402987653428,0.36528749880519307,0.7593402987653428,78.0,0.7832427035188206,0.34453090129427344,0.7832427035188206,3.1,0.7839269645653665,0.348185245025909,0.7839269645653665,15.37,0.739666259461765,0.3727600306168688,0.739666259461765,32.0,0.7224603000653075,0.37932312075068464,0.7224603000653075,32.2,0.7500078987913333,0.3651930636310686,0.7500078987913333,60.8,0.7470469658653309,0.36937689610185864,0.7470469658653309
93.7,0.7457795333414334,0.3692199656014608,0.7457795333414334,2108.0,0.7645111184301272,0.36126206004039624,0.7645111184301272,19.0,0.7851943970892641,0.34427929558919046,0.7851943970892641,-6.2,0.7839269645653665,0.3481852450259095,0.7839269645653665,29.65,0.7489986594357745,0.369282971526159,0.7489986594357745,41.0,0.7224603000653076,0.37932312075068375,0.7224603000653076,36.9,0.7593402987653429,0.36144405198156254,0.7593402987653429,65.1,0.7470469658653309,0.36937689610185864,0.7470469658653309
84.3,0.7541694791005585,0.365407562223463,0.7541694791005585,1936.0,0.7696819380949114,0.3571485203363973,0.7696819380949114,74.0,0.7903652167540484,0.33981335212838343,0.7903652167540484,-6.2,0.7839269645653665,0.348185245025909,0.7839269645653665,27.17,0.7573886051948994,0.365419418978584,0.7573886051948994,37.0,0.7172894804005232,0.38271883995411415,0.7172894804005232,27.23618212807402,0.7625594248596836,0.3614179173201259,0.7625594248596836,65.1,0.7554369116244561,0.3655458205228453,0.7554369116244561
26.7,0.7541694791005585,0.365407562223463,0.7541694791005585,1952.0,0.7716336316653547,0.3569632073211975,0.7716336316653547,49.0,0.7903652167540484,0.3398133521283824,0.7903652167540484,3.1,0.7890977842301506,0.34375952829162787,0.7890977842301506,14.82,0.7573886051948995,0.365419418978585,0.7573886051948995,39.0,0.712118660735739,0.3860264582183412,0.712118660735739,31.4,0.7696819380949115,0.3571485203363973,0.7696819380949115,63.1,0.7554369116244561,0.3655458205228453,0.7554369116244561
45.1,0.747046965865331,0.3693768961018587,0.747046965865331,812.0,0.7716336316653547,0.3569632073211975,0.7716336316653547,45.0,0.7903652167540484,0.3398133521283824,0.7903652167540484,3.9,0.7890977842301506,0.34375952829162787,0.7890977842301506,5.09,0.7554369116244561,0.3655458205228453,0.7554369116244561,5.0,0.7192411739709667,0.38274332372034375,0.7192411739709667,22.7,0.7696819380949114,0.3571485203363973,0.7696819380949114,57.3,0.7541694791005585,0.36540756222346243,0.7541694791005585
82.0,0.7399244526301035,0.3732047361992461,0.7399244526301035,1624.0,0.776804451330139,0.35273762957165883,0.776804451330139,66.0,0.7851943970892641,0.34427929558919046,0.7851943970892641,0.0,0.7890977842301506,0.34375952829162787,0.7890977842301506,20.67,0.750266091959672,0.3694352841357636,0.750266091959672,19.0,0.7293246201321966,0.3799745938458608,0.7293246201321966,34.1,0.7768044513301391,0.35273762957165733,0.7768044513301391,58.4,0.7593402987653428,0.3614440519815635,0.7593402987653428
100.0,0.7305920526560941,0.3764767997811812,0.7305920526560941,1916.0,0.7819752709949233,0.34842395088291755,0.7819752709949233,75.0,0.7780718838540365,0.34888480670953964,0.7780718838540365,2.3,0.7819752709949231,0.3484239508829175,0.7819752709949231,29.31,0.7522177855301152,0.36933281969784154,0.7522177855301152,36.0,0.7312763137026399,0.37995753446839464,0.7312763137026399,37.3,0.7768044513301391,0.3527376295716589,0.7768044513301391,62.4,0.7645111184301271,0.357392440800462,0.7645111184301271
59.2,0.7254212329913097,0.37999215671339925,0.7254212329913097,2254.0,0.7819752709949233,0.34842395088291755,0.7819752709949233,51.0,0.7780718838540365,0.34888480670953964,0.7780718838540365,-3.9,0.776804451330139,0.35273762957165883,0.776804451330139,18.69,0.7541694791005585,0.3692248366307874,0.7541694791005585,39.0,0.7312763137026399,0.37995753446839464,0.7312763137026399,32.5,0.7819752709949231,0.3484239508829175,0.7819752709949231,77.6,0.7645111184301272,0.35739244080046206,0.7645111184301272
19.2,0.7254212329913099,0.3799921567133998,0.7254212329913099,1193.0,0.7871460906597074,0.3440221712549742,0.7871460906597074,42.0,0.7851943970892641,0.34427929558919046,0.7851943970892641,7.8,0.7696819380949114,0.3571485203363973,0.7696819380949114,3.97,0.7457795333414338,0.3729947737911605,0.7457795333414338,8.0,0.7312763137026399,0.37995753446839464,0.7312763137026399,20.4,0.773585325235798,0.3528568267906565,0.773585325235798,62.4,0.7645111184301271,0.357392440800462,0.7645111184301271
46.3,0.7254212329913099,0.3799921567133998,0.7254212329913099,803.0,0.7923169103244917,0.33953229068782936,0.7923169103244917,32.0,0.7923169103244917,0.33953229068782886,0.7923169103244917,5.5,0.767730244524468,0.3573283147224659,0.767730244524468,5.44,0.7386570201062062,0.3767694873139475,0.7386570201062062,1.0,0.7312763137026399,0.37995753446839464,0.7312763137026399,23.5,0.7684145055710138,0.35704441312363566,0.7684145055710138,54.5,0.7603495381209018,0.35727369288846084,0.7603495381209018
49.8,0.7170312872321847,0.3831711226494899,0.7170312872321847,963.0,0.7923169103244917,0.33953229068782936,0.7923169103244917,64.0,0.7923169103244917,0.33953229068782886,0.7923169103244917,-1.6,0.767730244524468,0.3573283147224659,0.767730244524468,7.0,0.7438278397709903,0.373070279889654,0.7438278397709903,5.0,0.7261054940378556,0.3834566017804262,0.7261054940378556,25.5,0.7735853252357983,0.3528568267906556,0.7735853252357983,49.4,0.7603495381209019,0.3572736928884609,0.7603495381209019
71.0,0.7069478410709549,0.38566771631143404,0.7069478410709549,1210.0,0.7923169103244916,0.33953229068782886,0.7923169103244916,46.0,0.7871460906597074,0.3440221712549742,0.7871460906597074,3.9,0.767730244524468,0.3573283147224659,0.767730244524468,11.82,0.7438278397709903,0.373070279889654,0.7438278397709903,13.0,0.7261054940378556,0.3834566017804262,0.7261054940378556,30.6,0.7787561449005823,0.3485811395184743,0.7787561449005823,53.7,0.7551787184561176,0.36127742872936525,0.7551787184561176
78.0,0.6985578953118297,0.38846935353877554,0.6985578953118297,1321.0,0.7923169103244916,0.3395322906878293,0.7923169103244916,69.0,0.7871460906597074,0.3440221712549742,0.7871460906597074,-2.3,0.7677302445244679,0.35732831472246585,0.7677302445244679,17.58,0.7470469658653313,0.3731581194778952,0.7470469658653313,27.0,0.7283153807766375,0.3839035993449281,0.7283153807766375,33.3,0.7819752709949231,0.3484239508829175,0.7819752709949231,60.0,0.7500078987913333,0.3651930636310696,0.7500078987913333
87.5,0.6943963150026043,0.38782334270557767,0.6943963150026043,2514.0,0.7871460906597074,0.3440221712549742,0.7871460906597074,55.0,0.7871460906597074,0.3440221712549742,0.7871460906597074,0.0,0.7677302445244679,0.35732831472246684,0.7677302445244679,32.81,0.7399244526301035,0.37694990854399296,0.7399244526301035,35.0,0.7189829808026281,0.3868367533180453,0.7189829808026281,36.9,0.7748527577596954,0.35294687969319627,0.7748527577596954,67.5,0.7448370791265492,0.36902059759357,0.7448370791265492
85.9,0.6872738017673768,0.39067197923544794,0.6872738017673768,1809.0,0.7819752709949231,0.3484239508829175,0.7819752709949231,75.0,0.7871460906597074,0.3440221712549742,0.7871460906597074,2.3,0.7677302445244679,0.35732831472246585,0.7677302445244679,22.97,0.7399244526301035,0.37694990854399296,0.7399244526301035,44.0,0.7088995346413982,0.3893183335222729,0.7088995346413982,34.5,0.7748527577596954,0.35294687969319627,0.7748527577596954,65.1,0.7467887726969925,0.3689317268970883,0.7467887726969925
90.6,0.6966062017413863,0.3883688785771639,0.6966062017413863,2288.0,0.776804451330139,0.35273762957165883,0.776804451330139,69.0,0.7923169103244917,0.33953229068782886,0.7923169103244917,-9.4,0.7677302445244679,0.35732831472246585,0.7677302445244679,30.78,0.7347536329653194,0.38057506933930413,0.7347536329653194,53.0,0.7033623379710437,0.388244833525368,0.7033623379710437,36.9,0.7748527577596954,0.35294687969319627,0.7748527577596954,66.3,0.7519595923617766,0.36508025582824855,0.7519595923617766
89.8,0.7049961475005113,0.38559971831838147,0.7049961475005113,2713.0,0.7819752709949231,0.3484239508829175,0.7819752709949231,50.0,0.7923169103244917,0.33953229068782886,0.7923169103244917,1.6,0.7677302445244679,0.35732831472246585,0.7677302445244679,36.69,0.7347536329653194,0.3805750693393051,0.7347536329653194,57.0,0.6972904627879322,0.3869276213337609,0.6972904627879322,37.6,0.7748527577596955,0.3529468796931963,0.7748527577596955,67.1,0.7519595923617766,0.36508025582824855,0.7519595923617766
67.8,0.7101669671652956,0.3823779656833897,0.7101669671652956,1506.438032627222,0.7871460906597073,0.3440221712549742,0.7871460906597073,52.0,0.7923169103244917,0.33953229068782886,0.7923169103244917,2.3,0.7677302445244679,0.35732831472246585,0.7677302445244679,20.03,0.7399244526301035,0.37694990854399346,0.7399244526301035,65.0,0.6972904627879322,0.3869276213337609,0.6972904627879322,33.3,0.7748527577596955,0.3529468796931963,0.7748527577596955,67.5,0.7467887726969925,0.3689317268970883,0.7467887726969925
19.2,0.7153377868300799,0.3790681121091954,0.7153377868300799,1622.0,0.7871460906597074,0.34402217125497475,0.7871460906597074,35.0,0.7871460906597074,0.3440221712549732,0.7871460906597074,7.0,0.7625594248596836,0.36141791732012696,0.7625594248596836,3.56,0.7450952722948878,0.3732366468094798,0.7450952722948878,37.0,0.708533157635828,0.3850630146430305,0.708533157635828,20.4,0.7800235774244798,0.34865713811079385,0.7800235774244798,63.1,0.7467887726969925,0.3689317268970883,0.7467887726969925
43.5,0.7153377868300799,0.3790681121091954,0.7153377868300799,795.0,0.7871460906597074,0.34402217125497475,0.7871460906597074,38.0,0.7819752709949231,0.3484239508829175,0.7819752709949231,3.1,0.7696819380949113,0.35714852033639727,0.7696819380949113,4.71,0.7367053265357627,0.37681553767697196,0.7367053265357627,19.0,0.7140703543061824,0.38607487909090865,0.7140703543061824,22.0,0.7729010641892522,0.35315061118560426,0.7729010641892522,58.8,0.7519595923617769,0.3650802558282487,0.7519595923617769
72.9,0.7153377868300799,0.3790681121091954,0.7153377868300799,1771.0,0.7923169103244917,0.33953229068782936,0.7923169103244917,72.0,0.776804451330139,0.35273762957165883,0.776804451330139,-0.8,0.7748527577596955,0.3529468796931968,0.7748527577596955,20.85,0.7367053265357627,0.37681553767697196,0.7367053265357627,31.0,0.712118660735739,0.3860264582183412,0.712118660735739,33.7,0.7729010641892522,0.3531506111856032,0.7729010641892522,67.1,0.7590821055970043,0.360998420281918,0.7590821055970043
21.6,0.7153377868300799,0.3790681121091954,0.7153377868300799,1947.0,0.7923169103244916,0.3395322906878293,0.7923169103244916,77.0,0.776804451330139,0.35273762957165883,0.776804451330139,5.5,0.7819752709949231,0.3484239508829175,0.7819752709949231,20.07,0.7367053265357627,0.376815537676971,0.7367053265357627,38.0,0.7049961475005115,0.3891680989353307,0.7049961475005115,34.9,0.767730244524468,0.3573283147224659,0.767730244524468,60.0,0.7590821055970043,0.360998420281918,0.7590821055970043
97.6,0.7153377868300799,0.3790681121091954,0.7153377868300799,2012.0,0.7871460906597074,0.3440221712549742,0.7871460906597074,68.0,0.776804451330139,0.35273762957165883,0.776804451330139,1.6,0.7890977842301506,0.34375952829162787,0.7890977842301506,29.96,0.7418761462005469,0.37314026735901684,0.7418761462005469,50.0,0.7037287149766138,0.3889117215838203,0.7037287149766138,37.3,0.7593402987653428,0.361444051981562,0.7593402987653428,63.5,0.7642529252617886,0.35694681022833497,0.7642529252617886
67.1,0.7153377868300799,0.3790681121091954,0.7153377868300799,1618.0,0.7819752709949231,0.3484239508829175,0.7819752709949231,52.0,0.776804451330139,0.35273762957165883,0.776804451330139,3.1,0.7890977842301506,0.34375952829162837,0.7890977842301506,14.56,0.7418761462005469,0.37314026735901684,0.7418761462005469,54.0,0.6981915183062595,0.38780461289355594,0.6981915183062595,31.4,0.7593402987653429,0.36144405198156254,0.7593402987653429,68.2,0.7642529252617886,0.35694681022833497,0.7642529252617886
87.5,0.7153377868300799,0.3790681121091954,0.7153377868300799,1851.0,0.7871460906597073,0.3440221712549752,0.7871460906597073,99.0,0.7819752709949231,0.3484239508829175,0.7819752709949231,5.5,0.794268603894935,0.33924571061814474,0.794268603894935,24.31,0.7418761462005469,0.37314026735901684,0.7418761462005469,61.0,0.6869488234583636,0.38941629802124716,0.6869488234583636,36.5,0.7645111184301271,0.357392440800462,0.7645111184301271,60.4,0.7642529252617886,0.35694681022833497,0.7642529252617886
100.0,0.7205086064948641,0.3756701575957991,0.7205086064948641,2101.0,0.7923169103244916,0.33953229068782886,0.7923169103244916,63.0,0.7819752709949233,0.34842395088291755,0.7819752709949233,-4.7,0.7994394235597191,0.334643792005459,0.7994394235597191,35.57,0.7418761462005469,0.37314026735901684,0.7418761462005469,33.67243525896414,0.6869488234583636,0.38941629802124716,0.6869488234583636,64.3,0.7645111184301271,0.357392440800462,0.7645111184301271,60.0,0.7642529252617886,0.35694681022833497,0.7642529252617886
48.04087253229344,0.7205086064948643,0.3756701575957991,0.7205086064948643,1772.0,0.7994394235597191,0.334643792005459,0.7994394235597191,71.0,0.7819752709949233,0.34842395088291755,0.7819752709949233,5.5,0.7994394235597191,0.334643792005459,0.7994394235597191,22.84,0.7418761462005469,0.37314026735901684,0.7418761462005469,66.0,0.6869488234583636,0.38941629802124716,0.6869488234583636,34.5,0.7645111184301271,0.357392440800462,0.7645111184301271,64.7,0.7642529252617886,0.35694681022833497,0.7642529252617886
20.0,0.71533778683008,0.3790681121091955,0.71533778683008,1366.0,0.8046102432245033,0.3299537724535712,0.8046102432245033,38.0,0.7819752709949233,0.34842395088291755,0.7819752709949233,8.6,0.7994394235597191,0.334643792005459,0.7994394235597191,3.42,0.7334862004414219,0.37666800905693243,0.7334862004414219,52.0,0.6940713366935914,0.3865597854738174,0.6940713366935914,19.2,0.756121172671002,0.361457028889981,0.756121172671002,63.1,0.7684145055710139,0.3570444131236367,0.7684145055710139
45.1,0.7101669671652957,0.3823779656833893,0.7101669671652957,793.0,0.8046102432245033,0.3299537724535712,0.8046102432245033,40.0,0.7748527577596955,0.3529468796931968,0.7748527577596955,3.9,0.7994394235597191,0.334643792005459,0.7994394235597191,4.82,0.7241538004674124,0.3797843758160503,0.7241538004674124,29.0,0.6940713366935913,0.3865597854738173,0.6940713366935913,22.4,0.747731226911877,0.3653443754541633,0.747731226911877,54.9,0.7684145055710139,0.3570444131236367,0.7684145055710139
19.2,0.7202504133265255,0.37977382170088186,0.7202504133265255,2010.0,0.8097810628892876,0.3251756519624815,0.8097810628892876,65.0,0.7748527577596955,0.3529468796931963,0.7748527577596955,4.7,0.7923169103244916,0.3395322906878304,0.7923169103244916,15.79,0.7241538004674124,0.3797843758160503,0.7241538004674124,54.0,0.6940713366935914,0.3865597854738174,0.6940713366935914,33.3,0.747731226911877,0.3653443754541633,0.747731226911877,60.0,0.7735853252357979,0.35285682679065644,0.7735853252357979
83.5,0.7273729265617532,0.37630449255737336,0.7273729265617532,1800.0,0.8097810628892876,0.3251756519624815,0.8097810628892876,19.0,0.7748527577596955,0.3529468796931963,0.7748527577596955,0.0,0.7871460906597073,0.3440221712549752,0.7871460906597073,16.71,0.7170312872321847,0.3831711226494899,0.7170312872321847,45.0,0.6940713366935913,0.3865597854738173,0.6940713366935913,26.7,0.7529020465766612,0.361456848045382,0.7529020465766612,65.5,0.7787561449005823,0.3485811395184743,0.7787561449005823
19.2,0.7344954397969807,0.37269366963285244,0.7344954397969807,1255.0,0.8097810628892876,0.3251756519624815,0.8097810628892876,39.0,0.7800235774244798,0.34865713811079385,0.7800235774244798,0.0,0.794268603894935,0.33924571061814474,0.794268603894935,3.41,0.722202106896969,0.3797818580730324,0.722202106896969,23.0,0.700143211876703,0.3878987985592389,0.700143211876703,19.6,0.7529020465766612,0.361456848045382,0.7529020465766612,72.5,0.7787561449005822,0.34858113951847425,0.7787561449005822
62.4,0.7364471333674243,0.3726427945340636,0.7364471333674243,1063.0,0.8097810628892876,0.3251756519624815,0.8097810628892876,61.0,0.7819752709949231,0.3484239508829175,0.7819752709949231,7.0,0.7890977842301509,0.34375952829162687,0.7890977842301509,9.93,0.722202106896969,0.37978185807303283,0.722202106896969,32.0,0.7001432118767031,0.3878987985592399,0.7001432118767031,30.6,0.7580728662414453,0.3574812196973995,0.7580728662414453,63.5,0.7819752709949231,0.3484239508829175,0.7819752709949231
51.0,0.7448370791265492,0.36902059759357,0.7448370791265492,1705.0,0.8046102432245033,0.3299537724535712,0.8046102432245033,49.0,0.7871460906597073,0.34402217125497314,0.7871460906597073,-0.8,0.7890977842301509,0.34375952829162687,0.7890977842301509,16.3,0.722202106896969,0.37978185807303283,0.722202106896969,45.0,0.6969240857823621,0.38753960584009317,0.6969240857823621,31.8,0.7529020465766612,0.3614568480453825,0.7529020465766612,72.2,0.7819752709949231,0.3484239508829175,0.7819752709949231
52.2,0.7541694791005585,0.365407562223463,0.7541694791005585,2392.0,0.7994394235597191,0.334643792005459,0.7994394235597191,20.0,0.7871460906597074,0.3440221712549742,0.7871460906597074,-3.1,0.7890977842301509,0.34375952829162687,0.7890977842301509,18.59,0.722202106896969,0.37978185807303283,0.722202106896969,56.0,0.6875916858083526,0.3898596561247072,0.6875916858083526,32.5,0.7580728662414452,0.3574812196974,0.7580728662414452,71.8,0.7819752709949231,0.3484239508829175,0.7819752709949231
18.8,0.7593402987653429,0.36144405198156254,0.7593402987653429,2744.0,0.7923169103244917,0.33953229068782936,0.7923169103244917,19.0,0.7923169103244917,0.33953229068782936,0.7923169103244917,0.0,0.7890977842301509,0.34375952829162687,0.7890977842301509,7.77,0.722202106896969,0.3797818580730324,0.722202106896969,49.0,0.6927625054731369,0.3868897963548856,0.6927625054731369,26.3,0.7529020465766612,0.361456848045382,0.7529020465766612,63.8636053593179,0.7819752709949231,0.3484239508829175,0.7819752709949231
19.6,0.7593402987653428,0.3614440519815625,0.7593402987653428,1625.0,0.785194397089264,0.3442792955891904,0.785194397089264,37.0,0.7974877299892758,0.33495430918148195,0.7974877299892758,10.2,0.7839269645653665,0.348185245025908,0.7839269645653665,3.95,0.7254212329913099,0.37999215671339936,0.7254212329913099,16.0,0.6927625054731369,0.3868897963548856,0.6927625054731369,20.4,0.756121172671002,0.361457028889981,0.756121172671002,71.0,0.7819752709949231,0.3484239508829175,0.7819752709949231
53.7,0.7541694791005586,0.36540756222346304,0.7541694791005586,1464.0,0.7800235774244798,0.3486571381107944,0.7800235774244798,20.0,0.7974877299892758,0.33495430918148195,0.7974877299892758,7.0,0.7890977842301509,0.34375952829162687,0.7890977842301509,13.98,0.7347536329653194,0.3768560694108629,0.7347536329653194,12.0,0.6927625054731369,0.3868897963548856,0.6927625054731369,31.0,0.756121172671002,0.361457028889981,0.756121172671002,65.1,0.7871460906597072,0.34402217125497514,0.7871460906597072
34.9,0.7573886051948995,0.365419418978585,0.7573886051948995,799.0,0.7729010641892522,0.35315061118560426,0.7729010641892522,57.0,0.7974877299892758,0.33495430918148195,0.7974877299892758,-2.3,0.7890977842301509,0.34375952829162687,0.7890977842301509,4.06,0.7418761462005468,0.3731402673590168,0.7418761462005468,11.0,0.6856399922379093,0.38972242098211257,0.6856399922379093,20.0,0.756121172671002,0.361457028889981,0.756121172671002,59.6,0.7871460906597073,0.3440221712549752,0.7871460906597073
72.9,0.7573886051948995,0.365419418978585,0.7573886051948995,1153.0,0.7729010641892522,0.35315061118560426,0.7729010641892522,78.0,0.7974877299892758,0.33495430918148195,0.7974877299892758,0.8,0.7890977842301509,0.34375952829162687,0.7890977842301509,17.86,0.7470469658653309,0.36937689610185864,0.7470469658653309,29.0,0.6908108119026933,0.3867764983186292,0.6908108119026933,34.5,0.756121172671002,0.361457028889981,0.756121172671002,61.6,0.7871460906597074,0.34402217125497525,0.7871460906597074
100.0,0.7625594248596836,0.3614179173201259,0.7625594248596836,2900.0,0.7780718838540363,0.34888480670953953,0.7780718838540363,81.0,0.7974877299892758,0.33495430918148195,0.7974877299892758,0.0,0.794268603894935,0.33924571061814474,0.794268603894935,45.66,0.7470469658653309,0.36937689610185864,0.7470469658653309,44.0,0.6959816315674776,0.3837424747159444,0.6959816315674776,40.8,0.756121172671002,0.361457028889981,0.756121172671002,65.9,0.7871460906597074,0.34402217125497525,0.7871460906597074
19.2,0.767730244524468,0.3573283147224659,0.767730244524468,2063.0,0.7780718838540365,0.34888480670953964,0.7780718838540365,21.0,0.8026585496540599,0.33028822673593305,0.8026585496540599,0.0,0.794268603894935,0.33924571061814474,0.794268603894935,6.08,0.7470469658653309,0.36937689610185864,0.7470469658653309,43.0,0.6959816315674776,0.3837424747159444,0.6959816315674776,24.3,0.756121172671002,0.361457028889981,0.756121172671002,76.1,0.7871460906597073,0.3440221712549752,0.7871460906597073
38.0,0.7625594248596836,0.36141791732012696,0.7625594248596836,930.0,0.7780718838540365,0.34888480670953964,0.7780718838540365,51.0,0.8026585496540599,0.33028822673593305,0.8026585496540599,-3.9,0.794268603894935,0.33924571061814474,0.794268603894935,4.33,0.7522177855301152,0.3655254239055005,0.7522177855301152,23.0,0.6959816315674777,0.38374247471594447,0.6959816315674777,20.4,0.756121172671002,0.361457028889981,0.756121172671002,47.8,0.781975270994923,0.34842395088291744,0.781975270994923
66.3,0.7625594248596836,0.3614179173201259,0.7625594248596836,2102.0,0.7729010641892522,0.35315061118560426,0.7729010641892522,75.0,0.8026585496540599,0.33028822673593305,0.8026585496540599,-3.1,0.7994394235597191,0.334643792005459,0.7994394235597191,8.65,0.7470469658653309,0.36937689610185864,0.7470469658653309,34.0,0.6908108119026933,0.3867764983186297,0.6908108119026933,27.8,0.7509503530062178,0.36538254771532147,0.7509503530062178,68.6,0.781975270994923,0.34842395088291744,0.781975270994923
100.0,0.7541694791005585,0.365407562223463,0.7541694791005585,3291.0,0.7657785509540246,0.3575025904794028,0.7657785509540246,72.0,0.7974877299892758,0.33495430918148195,0.7974877299892758,2.3,0.7994394235597191,0.334643792005459,0.7994394235597191,57.67,0.7470469658653309,0.36937689610185864,0.7470469658653309,48.0,0.6908108119026933,0.3867764983186292,0.6908108119026933,43.9,0.7509503530062177,0.3653825477153214,0.7509503530062177,64.3,0.7871460906597073,0.3440221712549752,0.7871460906597073
92.9,0.7489986594357743,0.3692829715261589,0.7489986594357743,2527.0,0.7657785509540246,0.3575025904794028,0.7657785509540246,86.0,0.80265854965406,0.3302882267359331,0.80265854965406,0.0,0.794268603894935,0.33924571061814474,0.794268603894935,36.66,0.7470469658653309,0.36937689610185864,0.7470469658653309,61.0,0.6807273657414635,0.3887234878802446,0.6807273657414635,38.0,0.7509503530062177,0.3653825477153214,0.7509503530062177,67.1,0.7871460906597073,0.3440221712549752,0.7871460906597073
100.0,0.747046965865331,0.3693768961018587,0.747046965865331,3239.0,0.7657785509540247,0.3575025904794018,0.7657785509540247,92.0,0.8046102432245033,0.3299537724535712,0.8046102432245033,-0.8,0.794268603894935,0.33924571061814474,0.794268603894935,59.71,0.7418761462005469,0.37314026735901684,0.7418761462005469,76.0,0.6766071841287954,0.38738812527275207,0.6766071841287954,47.1,0.7457795333414334,0.3692199656014593,0.7457795333414334,63.1,0.7871460906597073,0.3440221712549752,0.7871460906597073
20.8,0.7541694791005586,0.36540756222346304,0.7541694791005586,3107.0,0.7657785509540247,0.3575025904794018,0.7657785509540247,86.0,0.8097810628892875,0.3251756519624815,0.8097810628892875,-1.6,0.794268603894935,0.33924571061814474,0.794268603894935,43.3,0.7418761462005469,0.37314026735901684,0.7418761462005469,79.0,0.6700678423709194,0.3856610731782675,0.6700678423709194,38.4,0.7457795333414334,0.3692199656014593,0.7457795333414334,64.7,0.7871460906597073,0.3440221712549752,0.7871460906597073
100.0,0.7625594248596836,0.3614179173201259,0.7625594248596836,2667.0,0.7709493706188089,0.35334882404887896,0.7709493706188089,85.0,0.8046102432245033,0.3299537724535712,0.8046102432245033,0.8,0.7890977842301509,0.34375952829162687,0.7890977842301509,43.62,0.7489986594357743,0.3692829715261584,0.7489986594357743,81.0,0.6579423841807764,0.38631614190490704,0.6579423841807764,40.8,0.7457795333414334,0.3692199656014593,0.7457795333414334,64.3,0.7819752709949231,0.3484239508829175,0.7819752709949231
91.8,0.7645111184301271,0.36126206004039624,0.7645111184301271,2866.0,0.7709493706188089,0.35334882404887896,0.7709493706188089,62.0,0.7994394235597191,0.33464379200545846,0.7994394235597191,-2.3,0.7839269645653666,0.348185245025908,0.7839269645653666,39.77,0.7561211726710019,0.3652841819122918,0.7561211726710019,87.0,0.6538332517956721,0.384622520872331,0.6538332517956721,38.4,0.7541694791005586,0.36540756222346155,0.7541694791005586,67.5,0.781975270994923,0.34842395088291744,0.781975270994923
65.9,0.7645111184301271,0.36126206004039624,0.7645111184301271,2396.0,0.7780718838540366,0.34888480670953964,0.7780718838540366,19.0,0.7994394235597191,0.334643792005459,0.7994394235597191,-0.8,0.7839269645653666,0.348185245025908,0.7839269645653666,23.42,0.756121172671002,0.36528418191229184,0.756121172671002,85.0,0.6587458782921176,0.3857768868894405,0.6587458782921176,34.1,0.7541694791005586,0.36540756222346205,0.7541694791005586,69.0,0.781975270994923,0.34842395088291744,0.781975270994923
19.2,0.7696819380949113,0.35714852033639727,0.7696819380949113,2241.0,0.7832427035188207,0.34453090129427294,0.7832427035188207,50.0,0.7994394235597191,0.334643792005459,0.7994394235597191,3.9,0.7839269645653666,0.348185245025908,0.7839269645653666,6.45,0.7632436859062296,0.36114389851741435,0.7632436859062296,59.0,0.6587458782921176,0.3857768868894405,0.6587458782921176,24.7,0.7612919923357861,0.361296734564054,0.7612919923357861,63.9,0.7819752709949231,0.3484239508829175,0.7819752709949231
36.9,0.7645111184301271,0.36126206004039624,0.7645111184301271,844.0,0.776120190283593,0.34910695667915265,0.776120190283593,34.0,0.7994394235597191,0.334643792005459,0.7994394235597191,-2.3,0.7839269645653666,0.348185245025908,0.7839269645653666,4.26,0.7716336316653546,0.3569632073211975,0.7716336316653546,21.0,0.6587458782921176,0.3857768868894409,0.6587458782921176,20.0,0.7696819380949113,0.35714852033639727,0.7696819380949113,58.8,0.776804451330139,0.35273762957165883,0.776804451330139
49.0,0.7573886051948995,0.365419418978585,0.7573886051948995,1554.0,0.776120190283593,0.34910695667915265,0.776120190283593,80.0,0.8046102432245033,0.3299537724535712,0.8046102432245033,-3.9,0.7890977842301509,0.34375952829162687,0.7890977842301509,13.98,0.7664628120005704,0.36110068413153423,0.7664628120005704,26.0,0.6587458782921177,0.385776886889441,0.6587458782921177,30.2,0.7696819380949114,0.3571485203363973,0.7696819380949114,58.0,0.7716336316653547,0.3569632073211975,0.7716336316653547
98.8,0.7489986594357745,0.369282971526159,0.7489986594357745,2591.0,0.7780718838540365,0.34888480670953964,0.7780718838540365,72.0,0.7994394235597191,0.334643792005459,0.7994394235597191,-5.5,0.794268603894935,0.33924571061814474,0.794268603894935,39.69,0.7593402987653427,0.365287498805193,0.7593402987653427,39.0,0.6680782782661272,0.3839457410082587,0.6680782782661272,39.2,0.7696819380949114,0.3571485203363973,0.7696819380949114,66.3,0.7716336316653547,0.3569632073211975,0.7716336316653547
100.0,0.7418761462005469,0.37314026735901684,0.7418761462005469,2063.0,0.7780718838540365,0.34888480670953964,0.7780718838540365,93.0,0.7923169103244917,0.33953229068782886,0.7923169103244917,-2.3,0.7871460906597073,0.3440221712549742,0.7871460906597073,35.88,0.7593402987653428,0.36528749880519307,0.7593402987653428,50.0,0.6680782782661271,0.383945741008259,0.6680782782661271,67.1,0.7645111184301272,0.36126206004039624,0.7645111184301272,59.6,0.776804451330139,0.35273762957165883,0.776804451330139
93.7,0.741876146200547,0.3731402673590169,0.741876146200547,2571.0,0.7696819380949113,0.3532527286801584,0.7696819380949113,21.0,0.7923169103244917,0.33953229068782936,0.7923169103244917,-10.9,0.7871460906597073,0.3440221712549752,0.7871460906597073,35.22,0.7645111184301271,0.36126206004039624,0.7645111184301271,45.0,0.6609557650308995,0.38641759805462855,0.6609557650308995,37.6,0.7645111184301272,0.36126206004039624,0.7645111184301272,67.1,0.776804451330139,0.35273762957165883,0.776804451330139
21.6,0.7418761462005469,0.37314026735901684,0.7418761462005469,880.0,0.7645111184301271,0.357392440800462,0.7645111184301271,49.0,0.7923169103244917,0.33953229068782886,0.7923169103244917,3.1,0.7942686038949351,0.33924571061814374,0.7942686038949351,4.02,0.7696819380949113,0.35714852033639727,0.7696819380949113,23.0,0.6538332517956721,0.3887479613199858,0.6538332517956721,21.6,0.7573886051948995,0.365419418978585,0.7573886051948995,62.4,0.776804451330139,0.35273762957165883,0.776804451330139
86.3,0.7399244526301034,0.37320473619924655,0.7399244526301034,2139.0,0.7645111184301271,0.357392440800462,0.7645111184301271,71.0,0.7871460906597074,0.3440221712549742,0.7871460906597074,-2.3,0.7890977842301506,0.34375952829162676,0.7890977842301506,28.06,0.7696819380949113,0.35714852033639727,0.7696819380949113,39.0,0.6467107385604446,0.39093683080433517,0.6467107385604446,36.1,0.7541694791005585,0.36540756222346243,0.7541694791005585,66.7,0.7716336316653546,0.3569632073211975,0.7716336316653546
72.2,0.7399244526301035,0.3732047361992466,0.7399244526301035,1997.0,0.7729010641892522,0.35315061118560426,0.7729010641892522,58.0,0.7800235774244799,0.3486571381107939,0.7800235774244799,3.1,0.7942686038949351,0.33924571061814374,0.7942686038949351,22.31,0.7696819380949114,0.3571485203363973,0.7696819380949114,47.0,0.6383207928013195,0.39260751867524124,0.6383207928013195,34.1,0.7541694791005585,0.36540756222346243,0.7541694791005585,67.5,0.7664628120005705,0.3611006841315333,0.7664628120005705
18.8,0.7399244526301034,0.37320473619924655,0.7399244526301034,2352.0,0.7780718838540363,0.34888480670953953,0.7780718838540363,52.0,0.7800235774244798,0.34865713811079385,0.7800235774244798,3.9,0.7994394235597191,0.334643792005459,0.7994394235597191,6.66,0.7696819380949113,0.35714852033639727,0.7696819380949113,40.0,0.6383207928013195,0.3926075186752408,0.6383207928013195,25.1,0.7541694791005585,0.365407562223463,0.7541694791005585,65.9,0.7664628120005705,0.3611006841315333,0.7664628120005705
41.6,0.747046965865331,0.3693768961018587,0.747046965865331,799.0,0.7780718838540365,0.34888480670953964,0.7780718838540365,36.0,0.7800235774244798,0.3486571381107944,0.7800235774244798,-1.6,0.7923169103244917,0.33953229068782886,0.7923169103244917,4.38,0.7748527577596955,0.3529468796931968,0.7748527577596955,27.0,0.6331499731365352,0.39482097475778366,0.6331499731365352,20.4,0.7541694791005585,0.36540756222346243,0.7541694791005585,61.6,0.7664628120005705,0.3611006841315333,0.7664628120005705
52.2,0.7483143983892285,0.36953222994455287,0.7483143983892285,757.0,0.7780718838540363,0.34888480670953953,0.7780718838540363,42.0,0.7748527577596955,0.3529468796931968,0.7748527577596955,-5.5,0.7923169103244918,0.3395322906878289,0.7923169103244918,5.99,0.776804451330139,0.35273762957165883,0.776804451330139,12.0,0.6260274599013075,0.39659774309126056,0.6260274599013075,24.3,0.7593402987653427,0.36144405198156243,0.7593402987653427,52.5,0.7593402987653427,0.3652874988051935,0.7593402987653427
54.5,0.7534852180540128,0.36566670343797447,0.7534852180540128,1084.0,0.7780718838540363,0.34888480670953953,0.7780718838540363,73.0,0.7748527577596955,0.3529468796931968,0.7748527577596955,-3.1,0.7974877299892758,0.33495430918148195,0.7974877299892758,9.13,0.7716336316653546,0.3569632073211975,0.7716336316653546,17.0,0.6208566402365234,0.39861106018906284,0.6208566402365234,28.6,0.7541694791005585,0.36540756222346243,0.7541694791005585,64.3,0.7645111184301269,0.36126206004039557,0.7645111184301269
72.5,0.7502660919596718,0.3656377669584074,0.7502660919596718,1470.0,0.785194397089264,0.34427929558918985,0.785194397089264,21.0,0.7748527577596955,0.3529468796931968,0.7748527577596955,-5.5,0.7923169103244917,0.33953229068782886,0.7923169103244917,15.08,0.7768044513301388,0.3527376295716588,0.7768044513301388,13.0,0.6208566402365234,0.39861106018906284,0.6208566402365234,27.23618212807402,0.7612919923357861,0.361296734564054,0.7612919923357861,63.5,0.7645111184301271,0.36126206004039624,0.7645111184301271
56.1,0.7502660919596718,0.3656377669584074,0.7502660919596718,979.0,0.7903652167540481,0.3398133521283833,0.7903652167540481,43.0,0.7800235774244798,0.34865713811079546,0.7800235774244798,7.8,0.7974877299892758,0.33495430918148145,0.7974877299892758,5.65,0.7787561449005822,0.35252286082098755,0.7787561449005822,9.0,0.6260274599013076,0.3965977430912606,0.6260274599013076,22.4,0.7645111184301269,0.36126206004039607,0.7645111184301269,62.0,0.7696819380949113,0.35714852033639727,0.7696819380949113
47.1,0.7573886051948995,0.3615858507699393,0.7573886051948995,770.0,0.7903652167540481,0.3398133521283833,0.7903652167540481,41.0,0.7800235774244798,0.34865713811079546,0.7800235774244798,6.2,0.7974877299892758,0.33495430918148145,0.7974877299892758,4.85,0.7768044513301388,0.3527376295716588,0.7768044513301388,11.0,0.6311982795660918,0.3944963250542581,0.6311982795660918,23.1,0.7696819380949114,0.3571485203363973,0.7696819380949114,57.6,0.776804451330139,0.35273762957165883,0.776804451330139
54.5,0.7593402987653428,0.3614440519815625,0.7593402987653428,1293.0,0.7903652167540481,0.3398133521283833,0.7903652167540481,48.0,0.7800235774244798,0.34865713811079546,0.7800235774244798,-0.8,0.7974877299892758,0.33495430918148145,0.7974877299892758,9.81,0.7819752709949231,0.3484239508829175,0.7819752709949231,33.67243525896414,0.6344174056604327,0.3952117169004369,0.6344174056604327,28.6,0.7696819380949114,0.3571485203363973,0.7696819380949114,67.1,0.776804451330139,0.35273762957165883,0.776804451330139
19.6,0.7625594248596836,0.36141791732012696,0.7625594248596836,1652.0,0.7832427035188206,0.34453090129427344,0.7832427035188206,39.0,0.7871460906597073,0.3440221712549752,0.7871460906597073,0.0,0.7974877299892758,0.33495430918148195,0.7974877299892758,4.7,0.7871460906597073,0.3440221712549752,0.7871460906597073,19.0,0.6428073514195577,0.3936484491842761,0.6428073514195577,22.4,0.7716336316653547,0.3569632073211975,0.7716336316653547,75.3,0.7819752709949233,0.34842395088291755,0.7819752709949233
20.0,0.7645111184301272,0.36126206004039624,0.7645111184301272,1217.0,0.7780718838540365,0.34888480670953964,0.7780718838540365,47.0,0.7871460906597073,0.34402217125497575,0.7871460906597073,1.6,0.7974877299892758,0.33495430918148195,0.7974877299892758,3.4,0.7871460906597073,0.3440221712549752,0.7871460906597073,11.0,0.655306429563787,0.39366021647399774,0.655306429563787,19.6,0.7696819380949114,0.3571485203363973,0.7696819380949114,59.6,0.7890977842301509,0.34375952829162687,0.7890977842301509
57.3,0.7664628120005705,0.36110068413153484,0.7664628120005705,1044.0,0.7729010641892522,0.35315061118560426,0.7729010641892522,49.0,0.7871460906597073,0.34402217125497575,0.7871460906597073,-2.3,0.7923169103244918,0.3395322906878289,0.7923169103244918,8.39,0.781975270994923,0.34842395088291744,0.781975270994923,14.0,0.6674318877539303,0.39320026136249075,0.6674318877539303,27.1,0.7696819380949114,0.3571485203363973,0.7696819380949114,58.8,0.7839269645653666,0.348185245025908,0.7839269645653666
42.0,0.7684145055710139,0.3609337895935418,0.7684145055710139,1161.0,0.7800235774244798,0.3486571381107949,0.7800235774244798,52.0,0.7871460906597073,0.34402217125497575,0.7871460906597073,-6.2,0.7974877299892758,0.33495430918148195,0.7974877299892758,5.73,0.7819752709949231,0.3484239508829175,0.7819752709949231,10.0,0.6791420491765904,0.39226902487720233,0.6791420491765904,22.0,0.7748527577596954,0.35294687969319677,0.7748527577596954,58.4,0.7768044513301388,0.3527376295716582,0.7768044513301388
50.6,0.7684145055710139,0.3609337895935418,0.7684145055710139,801.0,0.7748527577596954,0.3529468796931978,0.7748527577596954,44.0,0.7819752709949231,0.3484239508829175,0.7819752709949231,-0.8,0.7974877299892758,0.33495430918148145,0.7974877299892758,5.56,0.7819752709949231,0.3484239508829175,0.7819752709949231,0.0,0.6903847440244861,0.39086710805450775,0.6903847440244861,23.5,0.7748527577596954,0.35294687969319627,0.7748527577596954,52.9,0.776804451330139,0.35273762957165883,0.776804451330139
81.6,0.7632436859062296,0.3650071025710147,0.7632436859062296,2382.0,0.7748527577596954,0.3529468796931978,0.7748527577596954,31.0,0.7819752709949231,0.3484239508829175,0.7819752709949231,-6.2,0.7974877299892758,0.33495430918148195,0.7974877299892758,26.77,0.7819752709949231,0.3484239508829175,0.7819752709949231,30.0,0.7010927603596246,0.3889957898318618,0.7010927603596246,35.3,0.7748527577596954,0.35294687969319677,0.7748527577596954,68.2,0.7716336316653546,0.356963207321197,0.7716336316653546
100.0,0.7632436859062296,0.3650071025710152,0.7632436859062296,1537.0,0.7748527577596954,0.3529468796931978,0.7748527577596954,69.0,0.776804451330139,0.35273762957165883,0.776804451330139,-3.9,0.7974877299892758,0.33495430918148195,0.7974877299892758,25.0,0.7890977842301509,0.34375952829162687,0.7890977842301509,37.0,0.7010927603596248,0.38899578983186234,0.7010927603596248,37.3,0.7748527577596955,0.3529468796931968,0.7748527577596955,57.3,0.776804451330139,0.35273762957165883,0.776804451330139
28.6,0.7684145055710139,0.3609337895935407,0.7684145055710139,2182.0,0.7748527577596954,0.3529468796931978,0.7748527577596954,54.0,0.7819752709949233,0.34842395088291755,0.7819752709949233,-1.6,0.7974877299892758,0.33495430918148195,0.7974877299892758,7.84,0.7890977842301509,0.34375952829162687,0.7890977842301509,49.0,0.7010927603596248,0.38899578983186184,0.7010927603596248,22.7,0.7748527577596955,0.3529468796931968,0.7748527577596955,69.0,0.7819752709949231,0.3484239508829175,0.7819752709949231
37.6,0.7684145055710138,0.36093378959354067,0.7684145055710138,1694.0,0.7696819380949113,0.35714852033639727,0.7696819380949113,27.0,0.7819752709949231,0.3484239508829175,0.7819752709949231,3.1,0.7974877299892758,0.33495430918148145,0.7974877299892758,9.49,0.794268603894935,0.33924571061814474,0.794268603894935,53.0,0.6903847440244861,0.39086710805450775,0.6903847440244861,28.2,0.7800235774244797,0.34865713811079535,0.7800235774244797,72.5,0.7819752709949231,0.3484239508829175,0.7819752709949231
30.2,0.7684145055710139,0.3609337895935407,0.7684145055710139,1797.0,0.7696819380949113,0.35714852033639727,0.7696819380949113,31.0,0.7871460906597073,0.3440221712549752,0.7871460906597073,4.7,0.7974877299892758,0.33495430918148195,0.7974877299892758,7.91,0.7890977842301509,0.34375952829162687,0.7890977842301509,54.0,0.6862645624118178,0.3895663863029426,0.6862645624118178,26.7,0.785194397089264,0.3442792955891904,0.785194397089264,74.5,0.781975270994923,0.34842395088291744,0.781975270994923
45.1,0.7684145055710138,0.36093378959354067,0.7684145055710138,1818.0,0.7748527577596954,0.3529468796931973,0.7748527577596954,45.0,0.7871460906597073,0.3440221712549752,0.7871460906597073,-3.1,0.8026585496540599,0.33028822673593305,0.8026585496540599,12.31,0.794268603894935,0.33924571061814474,0.794268603894935,56.0,0.6816769142243854,0.3880503550952071,0.6816769142243854,30.6,0.785194397089264,0.3442792955891904,0.785194397089264,71.8,0.7819752709949231,0.3484239508829175,0.7819752709949231
54.9,0.7632436859062296,0.3650071025710147,0.7632436859062296,1867.0,0.7800235774244798,0.3486571381107949,0.7800235774244798,49.0,0.7923169103244917,0.33953229068782936,0.7923169103244917,-4.7,0.7974877299892756,0.3349543091814814,0.7974877299892756,15.32,0.7890977842301509,0.34375952829162687,0.7890977842301509,57.0,0.6816769142243854,0.3880503550952071,0.6816769142243854,31.4,0.7923169103244916,0.3395322906878304,0.7923169103244916,69.8,0.7800235774244798,0.3486571381107944,0.7800235774244798
63.9,0.7684145055710139,0.3609337895935407,0.7684145055710139,1860.0,0.7800235774244798,0.34865713811079385,0.7800235774244798,55.0,0.7974877299892758,0.334954309181483,0.7974877299892758,-3.1,0.7923169103244917,0.33953229068782886,0.7923169103244917,17.68,0.7890977842301506,0.34375952829162676,0.7890977842301506,58.0,0.6816769142243854,0.3880503550952071,0.6816769142243854,32.5,0.785194397089264,0.3442792955891904,0.785194397089264,69.4,0.776804451330139,0.3488057868841294,0.776804451330139
83.1,0.7664628120005704,0.36110068413153423,0.7664628120005704,1963.0,0.7800235774244798,0.34865713811079385,0.7800235774244798,34.0,0.7903652167540484,0.33981335212838343,0.7903652167540484,-12.5,0.7974877299892756,0.3349543091814814,0.7974877299892756,24.05,0.7890977842301509,0.34375952829162687,0.7890977842301509,60.0,0.6695514560342423,0.3889164724997056,0.6695514560342423,34.9,0.785194397089264,0.3442792955891904,0.785194397089264,66.7,0.7787561449005823,0.3485811395184743,0.7787561449005823
49.4,0.7664628120005704,0.3611006841315348,0.7664628120005704,2042.0,0.7800235774244798,0.34865713811079385,0.7800235774244798,31.0,0.7851943970892641,0.34427929558919046,0.7851943970892641,0.0,0.7923169103244917,0.33953229068782886,0.7923169103244917,14.74,0.7819752709949231,0.3484239508829175,0.7819752709949231,61.0,0.6570523778900128,0.38931914143902785,0.6570523778900128,31.4,0.785194397089264,0.3442792955891904,0.785194397089264,70.6,0.7735853252357979,0.35285682679065644,0.7735853252357979
36.5,0.7664628120005704,0.3611006841315348,0.7664628120005704,2063.0,0.7748527577596954,0.3529468796931973,0.7748527577596954,32.0,0.7851943970892641,0.34427929558919046,0.7851943970892641,-0.8,0.7871460906597074,0.3440221712549742,0.7871460906597074,11.17,0.7748527577596955,0.3529468796931979,0.7748527577596955,64.0,0.6442137440469983,0.3892570495615522,0.6442137440469983,29.4,0.785194397089264,0.3442792955891904,0.785194397089264,72.9,0.7735853252357979,0.35285682679065644,0.7735853252357979
22.4,0.7716336316653547,0.3569632073211975,0.7716336316653547,2094.0,0.7819752709949233,0.34842395088291755,0.7819752709949233,24.0,0.7851943970892641,0.34427929558919046,0.7851943970892641,3.1,0.7890977842301509,0.34375952829162687,0.7890977842301509,5.71,0.7696819380949114,0.3571485203363973,0.7696819380949114,60.0,0.6493845637117825,0.3868493049014597,0.6493845637117825,23.9,0.785194397089264,0.34427929558918985,0.785194397089264,76.1,0.7684145055710139,0.3570444131236357,0.7684145055710139
18.4,0.776804451330139,0.35273762957165883,0.776804451330139,1975.0,0.776804451330139,0.35273762957165833,0.776804451330139,19.0,0.7903652167540484,0.33981335212838343,0.7903652167540484,0.0,0.7839269645653665,0.3481852450259084,0.7839269645653665,5.35,0.7645111184301272,0.36126206004039624,0.7645111184301272,51.0,0.6493845637117827,0.38684930490146113,0.6493845637117827,23.5,0.7800235774244798,0.34865713811079335,0.7800235774244798,63.1,0.7632436859062296,0.36114389851741435,0.7632436859062296
15.3,0.7716336316653547,0.3569632073211975,0.7716336316653547,2051.0,0.776804451330139,0.35273762957165833,0.776804451330139,20.0,0.785194397089264,0.3442792955891904,0.785194397089264,6.2,0.776804451330139,0.35273762957165883,0.776804451330139,7.0,0.7593402987653429,0.3652874988051931,0.7593402987653429,39.0,0.6493845637117827,0.38684930490146113,0.6493845637117827,27.1,0.7748527577596955,0.3529468796931968,0.7748527577596955,61.6,0.7580728662414453,0.36515528297198896,0.7580728662414453
18.8,0.7768044513301388,0.3527376295716588,0.7768044513301388,1720.0,0.776804451330139,0.35273762957165883,0.776804451330139,22.0,0.7800235774244798,0.34865713811079385,0.7800235774244798,8.6,0.7716336316653547,0.3569632073211975,0.7716336316653547,4.39,0.7541694791005585,0.3692248366307874,0.7541694791005585,18.0,0.6442137440469985,0.3892570495615528,0.6442137440469985,21.6,0.7748527577596958,0.3529468796931964,0.7748527577596958,63.1,0.7632436859062296,0.36114389851741435,0.7632436859062296
29.4,0.7768044513301388,0.3527376295716588,0.7768044513301388,1351.0,0.7716336316653547,0.3569632073211981,0.7716336316653547,75.0,0.7800235774244798,0.34865713811079385,0.7800235774244798,0.0,0.7716336316653547,0.3569632073211981,0.7716336316653547,8.84,0.7541694791005585,0.3692248366307874,0.7541694791005585,26.0,0.6442137440469985,0.3892570495615528,0.6442137440469985,27.5,0.7696819380949114,0.3571485203363973,0.7696819380949114,66.3,0.7684145055710139,0.3570444131236357,0.7684145055710139
85.5,0.7716336316653547,0.3569632073211981,0.7716336316653547,2522.0,0.7716336316653547,0.3569632073211981,0.7716336316653547,25.0,0.7871460906597074,0.3440221712549742,0.7871460906597074,-7.0,0.7645111184301271,0.36126206004039624,0.7645111184301271,33.57,0.7541694791005585,0.3692248366307874,0.7541694791005585,37.0,0.6442137440469985,0.3892570495615528,0.6442137440469985,37.3,0.7645111184301272,0.36126206004039624,0.7645111184301272,67.8,0.7612919923357861,0.361296734564054,0.7612919923357861
80.0,0.7645111184301272,0.36126206004039624,0.7645111184301272,2013.0,0.7787561449005823,0.3525228608209876,0.7787561449005823,58.0,0.7871460906597074,0.3440221712549742,0.7871460906597074,0.0,0.7573886051948995,0.3654194189785845,0.7573886051948995,21.59,0.747046965865331,0.37315811947789507,0.747046965865331,47.0,0.6493845637117827,0.3868493049014602,0.6493845637117827,34.1,0.7664628120005705,0.3611006841315338,0.7664628120005705,68.2,0.7664628120005705,0.3572211862766142,0.7664628120005705
65.5,0.7645111184301272,0.36126206004039624,0.7645111184301272,2392.0,0.7787561449005823,0.3525228608209876,0.7787561449005823,32.0,0.7871460906597074,0.34402217125497525,0.7871460906597074,-4.7,0.7502660919596718,0.36943528413576293,0.7502660919596718,23.71,0.7541694791005585,0.3692248366307874,0.7541694791005585,51.0,0.6433572525155365,0.38443030617333834,0.6433572525155365,34.5,0.7716336316653548,0.35696320732119763,0.7716336316653548,70.2,0.7612919923357861,0.361296734564054,0.7612919923357861
26.3,0.7645111184301271,0.36126206004039624,0.7645111184301271,2481.0,0.7787561449005823,0.3525228608209876,0.7787561449005823,28.0,0.7871460906597074,0.34402217125497525,0.7871460906597074,0.0,0.7502660919596718,0.36943528413576343,0.7502660919596718,9.36,0.7561211726710019,0.3691113349346016,0.7561211726710019,47.0,0.6433572525155365,0.38443030617333834,0.6433572525155365,27.8,0.7716336316653547,0.3569632073211971,0.7716336316653547,77.3,0.7541694791005586,0.36540756222346255,0.7541694791005586
44.7,0.7645111184301271,0.36126206004039624,0.7645111184301271,2321.0,0.7787561449005824,0.3525228608209876,0.7787561449005824,19.0,0.7819752709949233,0.34842395088291755,0.7819752709949233,3.1,0.7431435787244445,0.3733096555119313,0.7431435787244445,15.97,0.7612919923357861,0.3651500600026695,0.7612919923357861,43.0,0.6504797657507639,0.38222515625215797,0.6504797657507639,31.8,0.7768044513301391,0.35273762957165783,0.7768044513301391,73.3,0.7541694791005586,0.36540756222346155,0.7541694791005586
19.2,0.7645111184301271,0.36126206004039624,0.7645111184301271,1837.0,0.7839269645653666,0.348185245025908,0.7839269645653666,39.0,0.7871460906597074,0.34402217125497525,0.7871460906597074,1.6,0.7431435787244445,0.3733096555119313,0.7431435787244445,5.15,0.7612919923357861,0.3651500600026695,0.7612919923357861,22.0,0.6504797657507639,0.38222515625215797,0.6504797657507639,22.7,0.7819752709949233,0.34842395088291755,0.7819752709949233,62.7,0.7541694791005586,0.36540756222346155,0.7541694791005586
98.8,0.7696819380949114,0.3571485203363973,0.7696819380949114,1063.0,0.7839269645653666,0.348185245025908,0.7839269645653666,99.0,0.7923169103244917,0.33953229068782886,0.7923169103244917,3.9,0.7431435787244445,0.3733096555119308,0.7431435787244445,11.256157120272407,0.7612919923357861,0.3651500600026695,0.7612919923357861,28.0,0.6420898199916392,0.38407740602739737,0.6420898199916392,32.2,0.7871460906597074,0.3440221712549732,0.7871460906597074,64.3,0.7541694791005586,0.36540756222346155,0.7541694791005586
20.4,0.7696819380949113,0.35714852033639727,0.7696819380949113,1847.0,0.7890977842301509,0.34375952829162687,0.7890977842301509,58.0,0.7871460906597073,0.3440221712549742,0.7871460906597073,3.1,0.7431435787244445,0.3733096555119313,0.7431435787244445,5.15,0.7664628120005705,0.3611006841315333,0.7664628120005705,27.0,0.6420898199916392,0.38407740602739737,0.6420898199916392,22.7,0.7923169103244917,0.33953229068782936,0.7923169103244917,62.7,0.7541694791005586,0.36540756222346155,0.7541694791005586
100.0,0.7696819380949114,0.3571485203363973,0.7696819380949114,1405.0,0.7890977842301509,0.34375952829162687,0.7890977842301509,64.0,0.7890977842301509,0.34375952829162737,0.7890977842301509,6.2,0.7347536329653194,0.37685606941086247,0.7347536329653194,23.8,0.7664628120005705,0.3611006841315333,0.7664628120005705,40.0,0.6420898199916392,0.38407740602739737,0.6420898199916392,38.4,0.7923169103244917,0.33953229068782936,0.7923169103244917,56.1,0.7541694791005585,0.36540756222346243,0.7541694791005585
57.6,0.7696819380949114,0.3571485203363973,0.7696819380949114,2059.0,0.7890977842301509,0.34375952829162687,0.7890977842301509,30.0,0.7890977842301506,0.3437595282916273,0.7890977842301506,-1.6,0.7347536329653194,0.3768560694108629,0.7347536329653194,17.59,0.7664628120005705,0.3611006841315333,0.7664628120005705,47.0,0.6472606396564231,0.3816563779119402,0.6472606396564231,32.5,0.7923169103244917,0.33953229068782936,0.7923169103244917,69.4,0.7593402987653428,0.3614440519815625,0.7593402987653428
32.9,0.7645111184301271,0.36126206004039624,0.7645111184301271,2364.0,0.7839269645653666,0.348185245025908,0.7839269645653666,19.0,0.7890977842301506,0.3437595282916273,0.7890977842301506,0.0,0.7347536329653194,0.3768560694108629,0.7347536329653194,11.8,0.7593402987653428,0.36528749880519307,0.7593402987653428,49.0,0.6472606396564231,0.3816563779119402,0.6472606396564231,29.8,0.7923169103244916,0.3395322906878293,0.7923169103244916,75.7,0.7522177855301153,0.3655254239055005,0.7522177855301153
42.0,0.7696819380949113,0.35714852033639727,0.7696819380949113,749.0,0.7890977842301509,0.34375952829162687,0.7890977842301509,32.0,0.794268603894935,0.33924571061814474,0.794268603894935,7.8,0.7347536329653194,0.3768560694108629,0.7347536329653194,4.5,0.7593402987653428,0.36528749880519257,0.7593402987653428,17.0,0.6524314593212073,0.379147248857282,0.6524314593212073,20.8,0.7923169103244917,0.33953229068782936,0.7923169103244917,64.7,0.7522177855301153,0.3655254239055005,0.7522177855301153
71.8,0.776804451330139,0.35273762957165883,0.776804451330139,1541.0,0.7839269645653666,0.348185245025908,0.7839269645653666,55.0,0.794268603894935,0.33924571061814474,0.794268603894935,-2.3,0.7347536329653194,0.37685606941086197,0.7347536329653194,15.88,0.7593402987653428,0.36528749880519257,0.7593402987653428,28.0,0.6524314593212073,0.379147248857282,0.6524314593212073,32.2,0.7903652167540484,0.3398133521283824,0.7903652167540484,63.5,0.7450952722948876,0.36946530204842776,0.7450952722948876
70.2,0.776804451330139,0.35273762957165883,0.776804451330139,2569.0,0.7890977842301509,0.34375952829162687,0.7890977842301509,71.0,0.794268603894935,0.33924571061814474,0.794268603894935,3.1,0.7347536329653194,0.3768560694108629,0.7347536329653194,23.94,0.7541694791005586,0.3692248366307884,0.7541694791005586,36.0,0.6655812837526811,0.3789658365680886,0.6655812837526811,34.1,0.7851943970892641,0.34427929558918785,0.7851943970892641,69.8,0.7450952722948876,0.36946530204842776,0.7450952722948876
52.5,0.7716336316653547,0.3569632073211975,0.7716336316653547,1836.0,0.7890977842301509,0.34375952829162687,0.7890977842301509,48.0,0.7994394235597191,0.334643792005459,0.7994394235597191,-0.8,0.7347536329653194,0.3768560694108629,0.7347536329653194,14.56,0.7541694791005585,0.3692248366307884,0.7541694791005585,40.0,0.6732490979309114,0.3811819774941313,0.6732490979309114,31.0,0.7851943970892641,0.3442792955891884,0.7851943970892641,66.7,0.7399244526301036,0.3732047361992462,0.7399244526301036
26.3,0.7645111184301271,0.36126206004039624,0.7645111184301271,2262.0,0.7839269645653666,0.348185245025908,0.7839269645653666,38.0,0.7994394235597191,0.334643792005459,0.7994394235597191,-7.8,0.7399244526301036,0.3732047361992467,0.7399244526301036,11.55,0.7541694791005585,0.3692248366307874,0.7541694791005585,47.0,0.6732490979309114,0.3811819774941313,0.6732490979309114,31.4,0.7851943970892641,0.34427929558918785,0.7851943970892641,76.5,0.7347536329653194,0.37685606941086247,0.7347536329653194
32.5,0.7625594248596836,0.3614179173201259,0.7625594248596836,2292.0,0.7768044513301391,0.3527376295716584,0.7768044513301391,58.0,0.7994394235597191,0.334643792005459,0.7994394235597191,7.8,0.7450952722948876,0.36946530204842776,0.7450952722948876,7.97,0.7522177855301152,0.36933281969784154,0.7522177855301152,49.0,0.6732490979309114,0.3811819774941313,0.6732490979309114,25.5,0.7800235774244798,0.34865713811079335,0.7800235774244798,74.1,0.7347536329653194,0.37685606941086197,0.7347536329653194
60.0,0.7625594248596836,0.3614179173201259,0.7625594248596836,1682.0,0.7819752709949233,0.34842395088291755,0.7819752709949233,19.0,0.7994394235597191,0.334643792005459,0.7994394235597191,-3.9,0.7450952722948876,0.36946530204842776,0.7450952722948876,11.06,0.7450952722948878,0.3732366468094778,0.7450952722948878,51.0,0.6675329773231244,0.3791333219301462,0.6675329773231244,27.1,0.7748527577596955,0.3529468796931963,0.7748527577596955,71.4,0.7347536329653195,0.37685606941086297,0.7347536329653195
17.6,0.7696819380949113,0.35714852033639727,0.7696819380949113,1606.0,0.7871460906597074,0.34402217125497525,0.7871460906597074,20.0,0.7994394235597191,0.334643792005459,0.7994394235597191,0.0,0.7450952722948877,0.36946530204842876,0.7450952722948877,4.14,0.7522177855301152,0.36933281969784154,0.7522177855301152,44.0,0.6727037969879087,0.37633935361078924,0.6727037969879087,21.6,0.7729010641892521,0.3531506111856042,0.7729010641892521,63.1,0.7347536329653195,0.37685606941086297,0.7347536329653195
75.7,0.776804451330139,0.35273762957165883,0.776804451330139,1042.0,0.7871460906597074,0.34402217125497525,0.7871460906597074,87.0,0.7994394235597191,0.334643792005459,0.7994394235597191,-0.8,0.750266091959672,0.36563776695840744,0.750266091959672,13.74,0.7573886051948995,0.365419418978585,0.7573886051948995,28.0,0.6778746166526929,0.3734572843522316,0.6778746166526929,32.5,0.7780718838540363,0.34888480670954003,0.7780718838540363,62.7,0.732801939394876,0.3768910825156242,0.732801939394876
89.8,0.7819752709949231,0.3484239508829175,0.7819752709949231,1454.0,0.7871460906597074,0.34402217125497525,0.7871460906597074,41.0,0.7994394235597191,0.334643792005459,0.7994394235597191,-4.7,0.7522177855301152,0.3655254239055005,0.7522177855301152,13.97,0.7593402987653428,0.36528749880519307,0.7593402987653428,33.0,0.6862645624118179,0.37083067564751987,0.6862645624118179,31.4,0.785194397089264,0.3442792955891904,0.785194397089264,60.4,0.732801939394876,0.3768910825156242,0.732801939394876
17.3,0.7819752709949233,0.34842395088291755,0.7819752709949233,1588.0,0.7871460906597074,0.34402217125497525,0.7871460906597074,20.0,0.7942686038949351,0.33924571061814374,0.7942686038949351,3.1,0.7470469658653309,0.36937689610185964,0.7470469658653309,3.92,0.7645111184301271,0.36126206004039624,0.7645111184301271,21.0,0.686264562411818,0.37083067564751987,0.686264562411818,21.2,0.7903652167540481,0.3398133521283833,0.7903652167540481,72.5,0.7308502458244325,0.37692057699125264,0.7308502458244325
33.3,0.7890977842301506,0.34375952829162676,0.7890977842301506,871.0,0.7871460906597074,0.34402217125497525,0.7871460906597074,34.0,0.7942686038949351,0.33924571061814374,0.7942686038949351,3.9,0.7470469658653309,0.36937689610185864,0.7470469658653309,3.95,0.7696819380949114,0.3571485203363973,0.7696819380949114,8.0,0.686264562411818,0.37083067564751987,0.686264562411818,20.0,0.7955360364188324,0.3352593077283743,0.7955360364188324,53.7,0.7308502458244325,0.37692057699125264,0.7308502458244325
41.6,0.7890977842301509,0.34375952829162687,0.7890977842301509,793.0,0.7871460906597074,0.3440221712549742,0.7871460906597074,49.0,0.7942686038949351,0.33924571061814374,0.7942686038949351,-2.3,0.7418761462005471,0.37314026735901595,0.7418761462005471,4.28,0.7696819380949114,0.3571485203363973,0.7696819380949114,6.0,0.6843128688413747,0.3707435414667003,0.6843128688413747,20.8,0.7955360364188324,0.3352593077283743,0.7955360364188324,54.5,0.7360210654892166,0.37331711799231254,0.7360210654892166
56.5,0.7839269645653665,0.348185245025908,0.7839269645653665,1449.0,0.7819752709949233,0.34842395088291755,0.7819752709949233,46.0,0.799439423559719,0.33464379200545896,0.799439423559719,3.1,0.7470469658653309,0.36937689610185864,0.7470469658653309,14.72,0.7748527577596955,0.3529468796931968,0.7748527577596955,17.0,0.6843128688413747,0.3707435414667003,0.6843128688413747,31.8,0.7974877299892758,0.33495430918148195,0.7974877299892758,60.4,0.7360210654892166,0.37331711799231254,0.7360210654892166
89.8,0.776804451330139,0.35273762957165883,0.776804451330139,1686.0,0.776804451330139,0.35273762957165883,0.776804451330139,43.0,0.7923169103244918,0.3395322906878289,0.7923169103244918,1.6,0.7522177855301153,0.3655254239055005,0.7522177855301153,22.6,0.776804451330139,0.35273762957165883,0.776804451330139,30.0,0.6843128688413747,0.3707435414667003,0.6843128688413747,34.5,0.7923169103244916,0.33953229068782886,0.7923169103244916,65.5,0.7360210654892166,0.37331711799231254,0.7360210654892166
64.3,0.7696819380949114,0.3571485203363973,0.7696819380949114,1451.0,0.776804451330139,0.35273762957165883,0.776804451330139,50.0,0.7923169103244918,0.3395322906878289,0.7923169103244918,-2.3,0.7606077312892403,0.36156825597072506,0.7606077312892403,19.87,0.7819752709949233,0.34842395088291755,0.7819752709949233,34.0,0.677190355606147,0.3736111760583902,0.677190355606147,33.3,0.7923169103244917,0.33953229068782886,0.7923169103244917,66.3,0.7276311197300916,0.3767474287845479,0.7276311197300916
43.9,0.7696819380949113,0.35714852033639727,0.7696819380949113,1735.0,0.7716336316653547,0.3569632073211975,0.7716336316653547,19.0,0.7994394235597191,0.334643792005459,0.7994394235597191,0.0,0.7625594248596836,0.3614179173201259,0.7625594248596836,11.37,0.7819752709949233,0.34842395088291755,0.7819752709949233,29.0,0.6720195359413628,0.37648336252083114,0.6720195359413628,29.4,0.7871460906597073,0.3440221712549752,0.7871460906597073,71.4,0.7182987197560823,0.3797602666996012,0.7182987197560823
16.9,0.7748527577596954,0.35294687969319627,0.7748527577596954,1189.0,0.7716336316653547,0.3569632073211975,0.7716336316653547,95.0,0.8046102432245033,0.3299537724535712,0.8046102432245033,10.2,0.7625594248596836,0.3614179173201259,0.7625594248596836,2.91,0.7819752709949233,0.34842395088291755,0.7819752709949233,21.0,0.6668487162765785,0.37926744804407003,0.6668487162765785,19.2,0.7871460906597073,0.3440221712549752,0.7871460906597073,59.6,0.713127900091298,0.3831016570633812,0.713127900091298
100.0,0.7748527577596954,0.35294687969319627,0.7748527577596954,1169.0,0.7716336316653547,0.3569632073211975,0.7716336316653547,98.0,0.8046102432245033,0.3299537724535712,0.8046102432245033,0.0,0.767730244524468,0.3573283147224659,0.767730244524468,19.41,0.7800235774244799,0.3486571381107939,0.7800235774244799,31.0,0.6668487162765785,0.37926744804407003,0.6668487162765785,54.9,0.7923169103244917,0.33953229068782886,0.7923169103244917,50.6,0.7150795936617415,0.3831391491710011,0.7150795936617415
60.8,0.7800235774244799,0.3486571381107939,0.7800235774244799,1635.0,0.7716336316653547,0.3569632073211975,0.7716336316653547,61.0,0.8046102432245033,0.3299537724535712,0.8046102432245033,-8.6,0.7625594248596836,0.3614179173201259,0.7625594248596836,7.55,0.7800235774244799,0.3486571381107939,0.7800235774244799,42.0,0.6688004098470218,0.3794319121730372,0.6688004098470218,24.3,0.7923169103244917,0.33953229068782886,0.7923169103244917,69.0,0.7099087739969572,0.3864163757019174,0.7099087739969572
84.7,0.7871460906597074,0.3440221712549742,0.7871460906597074,1421.0,0.7716336316653547,0.3569632073211975,0.7716336316653547,21.0,0.7994394235597191,0.334643792005459,0.7994394235597191,7.0,0.767730244524468,0.3573283147224659,0.767730244524468,13.02,0.7800235774244799,0.3486571381107939,0.7800235774244799,43.0,0.665581283752681,0.37896583656808935,0.665581283752681,30.6,0.7871460906597073,0.3440221712549752,0.7871460906597073,63.9,0.7099087739969572,0.3864163757019174,0.7099087739969572
75.3,0.794268603894935,0.33924571061814474,0.794268603894935,1539.0,0.7696819380949114,0.3571485203363973,0.7696819380949114,24.0,0.7923169103244917,0.33953229068782886,0.7923169103244917,-2.3,0.7625594248596836,0.3614179173201259,0.7625594248596836,19.28,0.7851943970892641,0.3442792955891889,0.7851943970892641,51.0,0.6524314593212073,0.379147248857282,0.6524314593212073,33.7,0.7923169103244917,0.33953229068782886,0.7923169103244917,63.5,0.7099087739969572,0.3864163757019174,0.7099087739969572
16.9,0.794268603894935,0.33924571061814474,0.794268603894935,1689.0,0.7748527577596955,0.3529468796931968,0.7748527577596955,20.0,0.7871460906597074,0.3440221712549732,0.7871460906597074,0.0,0.7645111184301271,0.36126206004039624,0.7645111184301271,4.41,0.7903652167540484,0.3398133521283824,0.7903652167540484,48.0,0.6472606396564231,0.3816563779119402,0.6472606396564231,22.0,0.7923169103244917,0.33953229068782886,0.7923169103244917,62.7,0.7099087739969572,0.3864163757019174,0.7099087739969572
33.7,0.794268603894935,0.33924571061814474,0.794268603894935,915.0,0.7800235774244798,0.34865713811079385,0.7800235774244798,35.0,0.7871460906597074,0.3440221712549732,0.7871460906597074,-0.8,0.7593402987653428,0.36528749880519307,0.7593402987653428,3.99,0.7903652167540484,0.3398133521283824,0.7903652167540484,6.0,0.6472606396564231,0.3816563779119402,0.6472606396564231,19.2,0.7974877299892758,0.33495430918148195,0.7974877299892758,57.6,0.7076988872581753,0.38591315592558856,0.7076988872581753
43.9,0.7994394235597191,0.334643792005459,0.7994394235597191,785.0,0.7780718838540365,0.34888480670953964,0.7780718838540365,49.0,0.7819752709949233,0.3484239508829165,0.7819752709949233,0.8,0.7645111184301271,0.36126206004039624,0.7645111184301271,4.81,0.7955360364188324,0.3352593077283743,0.7955360364188324,0.0,0.6472606396564232,0.3816563779119403,0.6472606396564232,21.2,0.7974877299892758,0.33495430918148195,0.7974877299892758,54.1,0.7047379543321729,0.38515887143224903,0.7047379543321729
80.4,0.7994394235597191,0.334643792005459,0.7994394235597191,1507.0,0.7729010641892522,0.35315061118560426,0.7729010641892522,51.0,0.776804451330139,0.3527376295716578,0.776804451330139,3.1,0.7573886051948994,0.365419418978584,0.7573886051948994,16.66,0.7955360364188324,0.3352593077283743,0.7955360364188324,16.0,0.642089819991639,0.3840774060273965,0.642089819991639,31.4,0.8026585496540599,0.3302882267359325,0.8026585496540599,60.8,0.704737954332173,0.38515887143224864,0.704737954332173
43.1,0.7994394235597191,0.334643792005459,0.7994394235597191,1257.0,0.767730244524468,0.3573283147224659,0.767730244524468,28.0,0.7696819380949114,0.3571485203363973,0.7696819380949114,-3.9,0.7573886051948994,0.365419418978584,0.7573886051948994,19.39,0.7903652167540484,0.3398133521283824,0.7903652167540484,28.0,0.642089819991639,0.3840774060273965,0.642089819991639,34.1,0.7955360364188324,0.3352593077283743,0.7955360364188324,67.8,0.7118604675674005,0.3819807160615768,0.7118604675674005
15.3,0.7994394235597191,0.334643792005459,0.7994394235597191,1260.0,0.7593402987653428,0.3614440519815625,0.7593402987653428,21.0,0.7625594248596836,0.36141791732012746,0.7625594248596836,-1.6,0.7625594248596836,0.36141791732012696,0.7625594248596836,3.1,0.7903652167540484,0.3398133521283824,0.7903652167540484,18.0,0.6472606396564231,0.3816563779119402,0.6472606396564231,20.0,0.7903652167540484,0.33981335212838343,0.7903652167540484,62.4,0.7170312872321848,0.37864692650856374,0.7170312872321848
23.1,0.7994394235597191,0.334643792005459,0.7994394235597191,760.0,0.7593402987653428,0.3614440519815625,0.7593402987653428,35.0,0.7645111184301271,0.36126206004039624,0.7645111184301271,-3.1,0.7645111184301271,0.36126206004039624,0.7645111184301271,3.96,0.7923169103244917,0.33953229068782886,0.7923169103244917,6.0,0.6524314593212073,0.379147248857282,0.6524314593212073,19.6,0.7903652167540481,0.3398133521283833,0.7903652167540481,51.0,0.7219439137286305,0.37933914026587473,0.7219439137286305
38.8,0.794268603894935,0.33924571061814474,0.794268603894935,808.0,0.7593402987653428,0.3614440519815625,0.7593402987653428,40.0,0.7664628120005705,0.3611006841315333,0.7664628120005705,-6.2,0.7625594248596836,0.36141791732012696,0.7625594248596836,4.38,0.7871460906597073,0.3440221712549742,0.7871460906597073,0.0,0.6472606396564231,0.3816563779119402,0.6472606396564231,20.8,0.7903652167540484,0.33981335212838343,0.7903652167540484,55.7,0.7219439137286305,0.37933914026587423,0.7219439137286305
100.0,0.7890977842301509,0.34375952829162687,0.7890977842301509,1114.0,0.7593402987653428,0.3614440519815625,0.7593402987653428,20.0,0.7664628120005705,0.3611006841315333,0.7664628120005705,3.1,0.7554369116244561,0.3655458205228453,0.7554369116244561,17.89,0.7871460906597073,0.34402217125497314,0.7871460906597073,13.0,0.6401381264211955,0.3838149965543388,0.6401381264211955,42.4,0.7923169103244917,0.33953229068782936,0.7923169103244917,54.5,0.7167730940638463,0.38272840371481126,0.7167730940638463
67.5,0.7819752709949231,0.3484239508829175,0.7819752709949231,1243.0,0.7625594248596836,0.3614179173201259,0.7625594248596836,46.0,0.7664628120005705,0.3611006841315338,0.7664628120005705,-3.9,0.7502660919596718,0.36943528413576293,0.7502660919596718,17.39,0.7871460906597074,0.3440221712549742,0.7871460906597074,21.0,0.641405558945093,0.38417091793336994,0.641405558945093,32.5,0.7923169103244917,0.33953229068782936,0.7923169103244917,58.4,0.7167730940638463,0.38272840371481126,0.7167730940638463
58.0,0.7748527577596955,0.3529468796931968,0.7748527577596955,1889.0,0.7573886051948995,0.365419418978584,0.7573886051948995,39.0,0.7664628120005705,0.3611006841315333,0.7664628120005705,1.6,0.7431435787244444,0.3733096555119308,0.7431435787244444,19.16,0.7871460906597074,0.3440221712549742,0.7871460906597074,33.0,0.6461654376174418,0.3862521753223917,0.6461654376174418,34.5,0.7871460906597074,0.3440221712549742,0.7871460906597074,69.8,0.7167730940638463,0.38272840371481126,0.7167730940638463
64.7,0.7696819380949114,0.3571485203363973,0.7696819380949114,1676.0,0.7522177855301152,0.36933281969784154,0.7522177855301152,54.0,0.7664628120005705,0.3611006841315333,0.7664628120005705,0.6281970010971596,0.7360210654892166,0.3770425331070881,0.7360210654892166,11.75,0.7871460906597073,0.3440221712549742,0.7871460906597073,37.0,0.6461654376174418,0.3862521753223917,0.6461654376174418,29.8,0.7819752709949231,0.3484239508829175,0.7819752709949231,68.6,0.7187247876342896,0.3827543938142553,0.7187247876342896
84.3,0.7625594248596836,0.36141791732012696,0.7625594248596836,1918.0,0.7522177855301152,0.36933281969784154,0.7522177855301152,77.0,0.7716336316653548,0.35696320732119763,0.7716336316653548,3.9,0.7360210654892166,0.3770425331070891,0.7360210654892166,23.77,0.7819752709949233,0.34842395088291755,0.7819752709949233,46.0,0.6461654376174418,0.3862521753223917,0.6461654376174418,34.9,0.7768044513301391,0.3527376295716589,0.7768044513301391,67.8,0.7187247876342896,0.3827543938142553,0.7187247876342896
51.0,0.7573886051948996,0.3654194189785841,0.7573886051948996,2266.0,0.7502660919596718,0.36943528413576293,0.7502660919596718,28.0,0.7664628120005705,0.3611006841315333,0.7664628120005705,-8.6,0.7308502458244325,0.38061981968972414,0.7308502458244325,14.89,0.7819752709949231,0.3484239508829175,0.7819752709949231,44.0,0.6518815582252288,0.3885091814268292,0.6518815582252288,31.4,0.7716336316653547,0.3569632073211981,0.7716336316653547,69.8,0.7238956072990739,0.37934119325897897,0.7238956072990739
28.6,0.7573886051948995,0.365419418978584,0.7573886051948995,2140.0,0.7502660919596718,0.36943528413576293,0.7502660919596718,49.0,0.7664628120005705,0.3611006841315333,0.7664628120005705,5.5,0.7308502458244326,0.3806198196897242,0.7308502458244326,9.37,0.7871460906597073,0.3440221712549742,0.7871460906597073,47.0,0.6643806363694581,0.38821003279903843,0.6643806363694581,26.3,0.7716336316653547,0.3569632073211981,0.7716336316653547,76.1,0.7167730940638463,0.38272840371481126,0.7167730940638463
31.8,0.7573886051948996,0.3654194189785841,0.7573886051948996,2345.0,0.7502660919596718,0.36943528413576293,0.7502660919596718,54.0,0.7716336316653547,0.3569632073211975,0.7716336316653547,0.0,0.7308502458244326,0.3806198196897237,0.7308502458244326,11.14,0.7923169103244917,0.33953229068782886,0.7923169103244917,49.0,0.6713352748948169,0.3902035623850378,0.6713352748948169,30.6,0.7716336316653547,0.3569632073211981,0.7716336316653547,75.7,0.7189829808026281,0.38319757749884614,0.7189829808026281
38.8,0.7502660919596718,0.36943528413576293,0.7502660919596718,1657.0,0.7522177855301152,0.36933281969784154,0.7522177855301152,18.0,0.776804451330139,0.35273762957165883,0.776804451330139,0.6281970010971596,0.7360210654892169,0.37704253310708824,0.7360210654892169,10.09,0.7923169103244917,0.33953229068782886,0.7923169103244917,47.0,0.6778746166526929,0.39196394107602606,0.6778746166526929,25.9,0.7716336316653547,0.3569632073211975,0.7716336316653547,73.3,0.713812161137844,0.38652267824243997,0.713812161137844
18.0,0.7554369116244561,0.3655458205228453,0.7554369116244561,1544.0,0.7470469658653313,0.3731581194778952,0.7470469658653313,38.0,0.7787561449005823,0.3525228608209876,0.7787561449005823,13.3,0.7360210654892169,0.37704253310708824,0.7360210654892169,3.89,0.7974877299892758,0.33495430918148145,0.7974877299892758,45.0,0.681994798265361,0.393320799384955,0.681994798265361,21.6,0.7716336316653546,0.356963207321198,0.7716336316653546,65.5,0.7157638547082873,0.3865675515690033,0.7157638547082873
48.6,0.7502660919596718,0.36943528413576293,0.7502660919596718,1513.0,0.7450952722948877,0.37323664680947927,0.7450952722948877,28.0,0.7839269645653665,0.3481852450259095,0.7839269645653665,3.1,0.7379727590596602,0.3769989801401067,0.7379727590596602,13.92,0.8026585496540599,0.33028822673593305,0.8026585496540599,44.0,0.6787756721710202,0.39285146438380414,0.6787756721710202,30.2,0.7716336316653547,0.3569632073211981,0.7716336316653547,69.0,0.7209346743730716,0.38321851371907023,0.7209346743730716
27.1,0.7502660919596718,0.36943528413576293,0.7502660919596718,1372.0,0.7450952722948877,0.37323664680947977,0.7450952722948877,58.0,0.7890977842301506,0.34375952829162787,0.7890977842301506,10.2,0.7431435787244445,0.3733096555119308,0.7431435787244445,3.8,0.8026585496540599,0.33028822673593305,0.8026585496540599,41.0,0.6736048525062361,0.39559724919006467,0.6736048525062361,20.8,0.7664628120005704,0.3611006841315348,0.7664628120005704,57.3,0.7261054940378557,0.37978137492993747,0.7261054940378557
89.0,0.7450952722948878,0.3732366468094798,0.7450952722948878,1413.0,0.7450952722948877,0.37323664680947977,0.7450952722948877,25.0,0.794268603894935,0.33924571061814474,0.794268603894935,-3.9,0.7483143983892284,0.3695322299445528,0.7483143983892284,10.11,0.8097810628892875,0.3251756519624815,0.8097810628892875,44.0,0.6736048525062361,0.39559724919006467,0.6736048525062361,28.2,0.7716336316653547,0.3569632073211981,0.7716336316653547,63.1,0.73127631370264,0.37625613520160184,0.73127631370264
19.6,0.7450952722948878,0.3732366468094798,0.7450952722948878,1053.0,0.7450952722948877,0.37323664680947977,0.7450952722948877,20.0,0.7942686038949349,0.33924571061814474,0.7942686038949349,-0.8,0.755436911624456,0.3655458205228453,0.755436911624456,2.98,0.8097810628892875,0.3251756519624815,0.8097810628892875,42.0,0.6736048525062361,0.39559724919006467,0.6736048525062361,18.0,0.776804451330139,0.35273762957165883,0.776804451330139,59.2,0.73127631370264,0.37625613520160184,0.73127631370264
20.8,0.7450952722948878,0.3732366468094788,0.7450952722948878,2058.0,0.7450952722948877,0.37323664680947977,0.7450952722948877,27.0,0.7871460906597073,0.3440221712549752,0.7871460906597073,3.9,0.7606077312892403,0.36156825597072506,0.7606077312892403,7.91,0.8097810628892875,0.3251756519624815,0.8097810628892875,33.67243525896414,0.6787756721710202,0.39285146438380414,0.6787756721710202,29.0,0.7696819380949114,0.3571485203363973,0.7696819380949114,62.7,0.7312763137026399,0.3762561352016013,0.7312763137026399
29.4,0.7450952722948878,0.3732366468094798,0.7450952722948878,2234.0,0.7450952722948877,0.37323664680947877,0.7450952722948877,21.0,0.7871460906597073,0.3440221712549752,0.7871460906597073,-0.8,0.7657785509540246,0.3575025904794043,0.7657785509540246,8.25,0.8149518825540718,0.32030943053218974,0.8149518825540718,40.0,0.6787756721710202,0.39285146438380414,0.6787756721710202,27.1,0.7696819380949114,0.3571485203363973,0.7696819380949114,68.2,0.7312763137026399,0.3762561352016013,0.7312763137026399
100.0,0.7450952722948878,0.3732366468094798,0.7450952722948878,2236.0,0.7450952722948877,0.37323664680947777,0.7450952722948877,21.0,0.7923169103244917,0.33953229068782936,0.7923169103244917,-8.6,0.7606077312892403,0.36156825597072506,0.7606077312892403,34.96,0.8097810628892875,0.3251756519624815,0.8097810628892875,52.0,0.6787756721710202,0.39285146438380414,0.6787756721710202,38.4,0.7696819380949114,0.3571485203363973,0.7696819380949114,64.3,0.7406087136766495,0.3729692825483963,0.7406087136766495
92.5,0.7450952722948878,0.3732366468094798,0.7450952722948878,2012.0,0.7522177855301152,0.36933281969784154,0.7522177855301152,73.0,0.7923169103244917,0.33953229068782936,0.7923169103244917,-4.7,0.7606077312892403,0.36156825597072506,0.7606077312892403,29.37,0.8026585496540599,0.33028822673593305,0.8026585496540599,66.0,0.6894836885061587,0.39124650722011045,0.6894836885061587,36.9,0.7696819380949115,0.3571485203363973,0.7696819380949115,66.3,0.7489986594357745,0.369282971526159,0.7489986594357745
69.4,0.7431435787244445,0.3733096555119308,0.7431435787244445,2212.0,0.7522177855301152,0.36933281969784154,0.7522177855301152,21.0,0.7871460906597073,0.3440221712549752,0.7871460906597073,-7.0,0.7606077312892403,0.36156825597072506,0.7606077312892403,23.37,0.8026585496540599,0.33028822673593305,0.8026585496540599,67.0,0.6858981854062477,0.3901607971599823,0.6858981854062477,34.1,0.7748527577596955,0.3529468796931963,0.7748527577596955,69.8,0.7509503530062177,0.3691835283213276,0.7509503530062177
39.6,0.7483143983892284,0.3695322299445528,0.7483143983892284,2207.0,0.7522177855301152,0.36933281969784154,0.7522177855301152,25.0,0.7819752709949231,0.3484239508829175,0.7819752709949231,3.9,0.7606077312892403,0.36156825597072506,0.7606077312892403,10.76,0.8026585496540599,0.33028822673593305,0.8026585496540599,64.0,0.6878498789766911,0.3902984970524909,0.6878498789766911,29.4,0.7800235774244798,0.34865713811079385,0.7800235774244798,74.9,0.7509503530062177,0.3691835283213276,0.7509503530062177
18.8,0.7483143983892284,0.3695322299445528,0.7483143983892284,2022.0,0.7522177855301152,0.36933281969784154,0.7522177855301152,43.0,0.7819752709949231,0.3484239508829175,0.7819752709949231,0.0,0.755436911624456,0.3655458205228453,0.755436911624456,5.61,0.8026585496540599,0.33028822673593305,0.8026585496540599,33.67243525896414,0.6949723922119186,0.3874368803121875,0.6949723922119186,23.5,0.7871460906597074,0.3440221712549732,0.7871460906597074,63.5,0.7509503530062177,0.3691835283213276,0.7509503530062177
16.1,0.7431435787244445,0.3733096555119308,0.7431435787244445,1511.0,0.7593402987653428,0.36528749880519307,0.7593402987653428,29.0,0.7819752709949231,0.3484239508829175,0.7819752709949231,5.5,0.7502660919596718,0.36943528413576293,0.7502660919596718,8.63,0.8026585496540599,0.3302882267359325,0.8026585496540599,47.0,0.6898015725471345,0.390430678315867,0.6898015725471345,29.4,0.7890977842301509,0.34375952829162687,0.7890977842301509,74.9,0.756121172671002,0.36528418191229184,0.756121172671002
22.7,0.7483143983892284,0.3695322299445528,0.7483143983892284,1570.0,0.7522177855301152,0.36933281969784154,0.7522177855301152,18.0,0.7819752709949233,0.34842395088291755,0.7819752709949233,3.1,0.755436911624456,0.3655458205228453,0.755436911624456,10.92,0.8026585496540599,0.3302882267359325,0.8026585496540599,48.0,0.6949723922119186,0.3874368803121875,0.6949723922119186,29.8,0.7942686038949351,0.33924571061814374,0.7942686038949351,62.7,0.7612919923357861,0.361296734564054,0.7612919923357861
88.6,0.7534852180540128,0.3656667034379735,0.7534852180540128,1668.0,0.7470469658653313,0.3731581194778952,0.7470469658653313,19.0,0.7871460906597073,0.3440221712549752,0.7871460906597073,-7.0,0.7606077312892403,0.36156825597072506,0.7606077312892403,22.05,0.8026585496540599,0.3302882267359325,0.8026585496540599,46.0,0.6949723922119186,0.3874368803121875,0.6949723922119186,34.5,0.7994394235597191,0.334643792005459,0.7994394235597191,64.3,0.761291992335786,0.3612967345640539,0.761291992335786
17.3,0.7534852180540128,0.365666703437973,0.7534852180540128,1430.0,0.7399244526301034,0.3769499085439929,0.7399244526301034,60.0,0.7871460906597073,0.3440221712549752,0.7871460906597073,3.9,0.7606077312892402,0.361568255970725,0.7606077312892402,3.92,0.7974877299892758,0.33495430918148195,0.7974877299892758,41.0,0.6930206986414754,0.387328636155149,0.6930206986414754,20.8,0.8046102432245031,0.3299537724535712,0.8046102432245031,61.6,0.7612919923357861,0.361296734564054,0.7612919923357861
100.0,0.7534852180540128,0.3656667034379735,0.7534852180540128,1417.0,0.7367053265357627,0.376815537676971,0.7367053265357627,80.0,0.7871460906597073,0.34402217125497575,0.7871460906597073,6.2,0.7606077312892403,0.36156825597072506,0.7606077312892403,24.33,0.7974877299892758,0.33495430918148195,0.7974877299892758,49.0,0.7014106444006006,0.38460895534563605,0.7014106444006006,53.3,0.8046102432245031,0.3299537724535712,0.8046102432245031,53.7,0.7664628120005704,0.35722118627661564,0.7664628120005704
92.9,0.758656037718797,0.361713075992192,0.758656037718797,1675.0,0.7367053265357627,0.376815537676971,0.7367053265357627,26.0,0.7890977842301506,0.34375952829162837,0.7890977842301506,3.9,0.7606077312892403,0.36156825597072506,0.7606077312892403,23.28,0.7974877299892758,0.33495430918148195,0.7974877299892758,53.0,0.7014106444006006,0.38460895534563605,0.7014106444006006,34.9,0.7994394235597191,0.334643792005459,0.7994394235597191,62.4,0.7664628120005704,0.35722118627661564,0.7664628120005704
61.6,0.7657785509540247,0.3575025904794028,0.7657785509540247,1767.0,0.7418761462005469,0.37314026735901684,0.7418761462005469,66.0,0.794268603894935,0.33924571061814474,0.794268603894935,2.3,0.7606077312892403,0.36156825597072506,0.7606077312892403,20.96,0.8026585496540599,0.33028822673593305,0.8026585496540599,56.0,0.6930206986414753,0.3873286361551489,0.6930206986414753,32.9,0.8046102432245031,0.3299537724535712,0.8046102432245031,72.2,0.761291992335786,0.3612967345640544,0.761291992335786
62.4,0.7606077312892403,0.36156825597072506,0.7606077312892403,1893.0,0.7367053265357627,0.376815537676971,0.7367053265357627,40.0,0.7994394235597191,0.334643792005459,0.7994394235597191,-1.6,0.7606077312892403,0.36156825597072506,0.7606077312892403,12.78,0.7974877299892758,0.33495430918148195,0.7974877299892758,57.0,0.6817780037935794,0.38884231329111435,0.6817780037935794,29.4,0.8046102432245031,0.3299537724535712,0.8046102432245031,69.4,0.7580728662414453,0.36131825133469475,0.7580728662414453
48.04087253229344,0.767730244524468,0.3573283147224659,0.767730244524468,1877.0,0.7315345068709785,0.38040270705572504,0.7315345068709785,20.0,0.8046102432245033,0.3299537724535712,0.8046102432245033,0.0,0.7606077312892403,0.36156825597072506,0.7606077312892403,5.24,0.7923169103244916,0.3395322906878293,0.7923169103244916,52.0,0.6766071841287953,0.3916572606171435,0.6766071841287953,23.1,0.799439423559719,0.33464379200545896,0.799439423559719,71.0,0.7580728662414453,0.36131825133469475,0.7580728662414453
62.7,0.767730244524468,0.3573283147224659,0.767730244524468,1756.0,0.7315345068709785,0.38040270705572504,0.7315345068709785,65.0,0.8097810628892875,0.3251756519624815,0.8097810628892875,2.3,0.767730244524468,0.3573283147224659,0.767730244524468,11.4,0.7851943970892641,0.34427929558919046,0.7851943970892641,54.0,0.6878498789766911,0.3902984970524909,0.6878498789766911,29.0,0.7942686038949351,0.33924571061814374,0.7942686038949351,70.6,0.7580728662414453,0.36131825133469475,0.7580728662414453
18.0,0.767730244524468,0.3573283147224659,0.767730244524468,1769.0,0.7315345068709785,0.38040270705572504,0.7315345068709785,40.0,0.8097810628892875,0.3251756519624815,0.8097810628892875,0.0,0.767730244524468,0.3573283147224659,0.767730244524468,4.76,0.7800235774244799,0.3486571381107939,0.7800235774244799,47.0,0.6985578953118297,0.38846935353877554,0.6985578953118297,22.0,0.7942686038949351,0.33924571061814374,0.7942686038949351,69.8,0.7580728662414453,0.36131825133469475,0.7580728662414453
48.2,0.7729010641892522,0.35315061118560426,0.7729010641892522,1592.0,0.733486200441422,0.3803805937990388,0.733486200441422,82.0,0.8097810628892875,0.3251756519624815,0.8097810628892875,9.4,0.7729010641892522,0.35315061118560426,0.7729010641892522,22.76,0.7819752709949231,0.3484239508829175,0.7819752709949231,53.0,0.7086413414730597,0.38617284706024085,0.7086413414730597,34.5,0.789097784230151,0.3437595282916269,0.789097784230151,73.7,0.7580728662414453,0.36131825133469475,0.7580728662414453
25.5,0.7780718838540365,0.34888480670953964,0.7780718838540365,1733.0,0.7367053265357627,0.38054441622039803,0.7367053265357627,69.0,0.8097810628892875,0.3251756519624815,0.8097810628892875,3.9,0.7748527577596955,0.3529468796931968,0.7748527577596955,4.27,0.7871460906597073,0.3440221712549742,0.7871460906597073,52.0,0.713812161137844,0.38290967483954497,0.713812161137844,22.0,0.7839269645653666,0.348185245025908,0.7839269645653666,71.8,0.7632436859062296,0.3572806944638145,0.7632436859062296
70.2,0.7832427035188206,0.34453090129427344,0.7832427035188206,1831.0,0.7418761462005469,0.3768953183187476,0.7418761462005469,74.0,0.8097810628892875,0.3251756519624815,0.8097810628892875,5.5,0.7819752709949233,0.34842395088291755,0.7819752709949233,8.52,0.7923169103244916,0.3395322906878293,0.7923169103244916,58.0,0.713812161137844,0.38290967483954497,0.713812161137844,27.5,0.789097784230151,0.3437595282916269,0.789097784230151,61.6,0.7716336316653546,0.3530575370499738,0.7716336316653546
93.7,0.7832427035188206,0.34453090129427344,0.7832427035188206,1998.0,0.7489986594357746,0.37307407351717886,0.7489986594357746,56.0,0.8149518825540718,0.32030943053219024,0.8149518825540718,2.3,0.7871460906597073,0.34402217125497364,0.7871460906597073,27.86,0.7923169103244916,0.3395322906878293,0.7923169103244916,64.0,0.713812161137844,0.38290967483954497,0.713812161137844,36.5,0.7942686038949351,0.33924571061814374,0.7942686038949351,65.9,0.773585325235798,0.3528568267906565,0.773585325235798
50.6,0.7832427035188207,0.34453090129427344,0.7832427035188207,2135.0,0.7489986594357746,0.37307407351717886,0.7489986594357746,22.0,0.820122702218856,0.31535510816269696,0.820122702218856,-9.4,0.7923169103244916,0.3395322906878293,0.7923169103244916,16.23,0.7923169103244916,0.33953229068782886,0.7923169103244916,54.0,0.713812161137844,0.38290967483954497,0.713812161137844,31.8,0.794268603894935,0.33924571061814374,0.794268603894935,63.8636053593179,0.7684145055710138,0.35704441312363566,0.7684145055710138
74.1,0.7832427035188207,0.34453090129427344,0.7832427035188207,1705.0,0.7541694791005586,0.3692248366307879,0.7541694791005586,97.0,0.820122702218856,0.3153551081626964,0.820122702218856,5.5,0.7923169103244917,0.33953229068782886,0.7923169103244917,27.55,0.7974877299892758,0.334954309181483,0.7974877299892758,52.0,0.7054222153787187,0.38586025008072067,0.7054222153787187,39.6,0.7994394235597191,0.334643792005459,0.7994394235597191,72.9,0.7684145055710138,0.35704441312363566,0.7684145055710138
100.0,0.7832427035188207,0.34453090129427344,0.7832427035188207,1739.0,0.7612919923357861,0.3651500600026695,0.7612919923357861,19.0,0.8149518825540718,0.32030943053219024,0.8149518825540718,-1.6,0.7871460906597074,0.3440221712549742,0.7871460906597074,31.26,0.8026585496540599,0.3302882267359325,0.8026585496540599,44.0,0.7054222153787187,0.38586025008072067,0.7054222153787187,51.0,0.8046102432245033,0.32995377245357016,0.8046102432245033,56.1,0.7684145055710138,0.35704441312363566,0.7684145055710138
63.5,0.7832427035188207,0.34453090129427344,0.7832427035188207,1428.0,0.7664628120005704,0.3611006841315348,0.7664628120005704,100.0,0.8097810628892875,0.3251756519624815,0.8097810628892875,-0.8,0.781975270994923,0.34842395088291744,0.781975270994923,21.33,0.8078293693188443,0.32553404335118163,0.8078293693188443,45.0,0.713812161137844,0.38290967483954497,0.713812161137844,35.7,0.8046102432245033,0.32995377245357016,0.8046102432245033,72.2,0.7684145055710138,0.35704441312363566,0.7684145055710138
36.9,0.7780718838540365,0.34888480670953964,0.7780718838540365,1952.0,0.7664628120005704,0.3611006841315348,0.7664628120005704,29.0,0.8046102432245033,0.3299537724535712,0.8046102432245033,0.0,0.7871460906597073,0.3440221712549752,0.7871460906597073,8.39,0.8078293693188443,0.32553404335118163,0.8078293693188443,55.0,0.7157638547082873,0.38294466955112383,0.7157638547082873,25.5,0.8097810628892875,0.3251756519624815,0.8097810628892875,72.2,0.7684145055710138,0.35704441312363566,0.7684145055710138
39.6,0.7780718838540365,0.34888480670953964,0.7780718838540365,1866.0,0.7716336316653547,0.3569632073211981,0.7716336316653547,47.0,0.7994394235597191,0.334643792005459,0.7994394235597191,5.5,0.7871460906597074,0.3440221712549742,0.7871460906597074,9.93,0.8149518825540718,0.32030943053218974,0.8149518825540718,59.0,0.7189829808026281,0.38319757749884514,0.7189829808026281,28.6,0.8046102432245033,0.3299537724535712,0.8046102432245033,74.5,0.773585325235798,0.3528568267906565,0.773585325235798
54.9,0.7696819380949114,0.3532527286801574,0.7696819380949114,1986.0,0.7787561449005823,0.3525228608209876,0.7787561449005823,19.0,0.7994394235597191,0.334643792005459,0.7994394235597191,0.0,0.7871460906597074,0.3440221712549742,0.7871460906597074,6.37,0.8097810628892876,0.3251756519624815,0.8097810628892876,54.0,0.7189829808026281,0.38319757749884514,0.7189829808026281,23.1,0.7974877299892758,0.33495430918148195,0.7974877299892758,69.4,0.773585325235798,0.3528568267906565,0.773585325235798
18.8,0.7645111184301271,0.357392440800462,0.7645111184301271,1681.0,0.7839269645653665,0.3481852450259084,0.7839269645653665,43.0,0.8046102432245033,0.3299537724535712,0.8046102432245033,3.9,0.7819752709949231,0.3484239508829175,0.7819752709949231,5.19,0.8097810628892876,0.3251756519624815,0.8097810628892876,50.0,0.7189829808026281,0.38319757749884514,0.7189829808026281,26.3,0.7974877299892758,0.33495430918148195,0.7974877299892758,61.2,0.7787561449005824,0.34858113951847436,0.7787561449005824
62.4,0.7593402987653428,0.3614440519815625,0.7593402987653428,1698.0,0.7890977842301506,0.34375952829162676,0.7890977842301506,32.0,0.8097810628892875,0.3251756519624815,0.8097810628892875,-10.2,0.7839269645653665,0.348185245025909,0.7839269645653665,14.57,0.8097810628892876,0.3251756519624815,0.8097810628892876,49.0,0.7118604675674005,0.386472286286744,0.7118604675674005,31.4,0.7974877299892758,0.33495430918148195,0.7974877299892758,67.1,0.7787561449005824,0.34858113951847436,0.7787561449005824
51.4,0.7593402987653428,0.3614440519815625,0.7593402987653428,1660.0,0.7839269645653666,0.3481852450259085,0.7839269645653666,46.0,0.8097810628892875,0.3251756519624815,0.8097810628892875,-3.1,0.7839269645653665,0.348185245025909,0.7839269645653665,13.05,0.8097810628892876,0.3251756519624815,0.8097810628892876,50.0,0.7086413414730597,0.38617284706024085,0.7086413414730597,30.2,0.7974877299892758,0.33495430918148195,0.7974877299892758,68.6,0.7787561449005824,0.34858113951847436,0.7787561449005824
44.7,0.7593402987653428,0.3614440519815625,0.7593402987653428,1643.0,0.7890977842301509,0.34375952829162687,0.7890977842301509,40.0,0.8097810628892875,0.3251756519624815,0.8097810628892875,3.9,0.7890977842301506,0.34375952829162787,0.7890977842301506,10.37,0.8097810628892876,0.3251756519624815,0.8097810628892876,46.0,0.7157638547082872,0.38294466955112383,0.7157638547082872,25.9,0.7974877299892758,0.33495430918148195,0.7974877299892758,73.3,0.773585325235798,0.3528568267906565,0.773585325235798
83.9,0.7593402987653428,0.3614440519815625,0.7593402987653428,1535.0,0.7890977842301509,0.34375952829162687,0.7890977842301509,24.0,0.8097810628892875,0.3251756519624815,0.8097810628892875,2.3,0.7819752709949231,0.3484239508829175,0.7819752709949231,16.45,0.8097810628892876,0.3251756519624815,0.8097810628892876,45.0,0.7250962546822967,0.3800185092295102,0.7250962546822967,30.2,0.7974877299892758,0.33495430918148195,0.7974877299892758,65.5,0.773585325235798,0.3528568267906565,0.773585325235798
23.5,0.7593402987653428,0.3614440519815625,0.7593402987653428,1495.0,0.7839269645653666,0.348185245025908,0.7839269645653666,32.0,0.8097810628892875,0.3251756519624815,0.8097810628892875,7.0,0.7819752709949231,0.3484239508829175,0.7819752709949231,5.59,0.8046102432245033,0.32995377245357016,0.8046102432245033,20.0,0.7218771285879559,0.3798066736868756,0.7218771285879559,23.1,0.7890977842301509,0.3397654621565049,0.7890977842301509,62.4,0.773585325235798,0.3528568267906565,0.773585325235798
42.4,0.7541694791005586,0.36540756222346155,0.7541694791005586,788.0,0.776804451330139,0.35273762957165833,0.776804451330139,40.0,0.8097810628892875,0.3251756519624815,0.8097810628892875,3.9,0.7800235774244798,0.3486571381107944,0.7800235774244798,4.85,0.8046102432245033,0.32995377245357016,0.8046102432245033,0.0,0.7167063089231718,0.38319176787674847,0.7167063089231718,22.0,0.7942686038949348,0.3352254720667159,0.7942686038949348,56.5,0.7787561449005823,0.3485811395184743,0.7787561449005823
38.4,0.7625594248596836,0.3614179173201259,0.7625594248596836,802.0,0.7748527577596955,0.3529468796931968,0.7748527577596955,65.0,0.8046102432245033,0.3299537724535712,0.8046102432245033,4.7,0.7748527577596955,0.3529468796931963,0.7748527577596955,4.58,0.8046102432245033,0.3299537724535712,0.8046102432245033,11.0,0.7167063089231717,0.38319176787675036,0.7167063089231717,20.8,0.7994394235597192,0.3305973810377261,0.7994394235597192,49.8,0.7787561449005823,0.3485811395184743,0.7787561449005823
23.1,0.7696819380949114,0.3571485203363973,0.7696819380949114,1965.0,0.7748527577596955,0.3529468796931968,0.7748527577596955,43.0,0.8046102432245033,0.3299537724535712,0.8046102432245033,-3.1,0.7677302445244679,0.35732831472246684,0.7677302445244679,4.59,0.7974877299892756,0.3349543091814814,0.7974877299892756,24.0,0.7250962546822967,0.38001850922950925,0.7250962546822967,22.4,0.7942686038949348,0.3352254720667159,0.7942686038949348,72.5,0.7787561449005823,0.3485811395184743,0.7787561449005823
18.0,0.7696819380949113,0.35714852033639727,0.7696819380949113,2104.0,0.7696819380949113,0.35714852033639727,0.7696819380949113,39.0,0.8046102432245033,0.3299537724535712,0.8046102432245033,3.9,0.7677302445244679,0.35732831472246684,0.7677302445244679,5.81,0.7974877299892756,0.3349543091814814,0.7974877299892756,27.0,0.7179737414470692,0.38341717263271347,0.7179737414470692,23.9,0.7890977842301509,0.3397654621565049,0.7890977842301509,74.5,0.7787561449005823,0.3485811395184743,0.7787561449005823
17.6,0.7677302445244678,0.3573283147224663,0.7677302445244678,1550.0,0.7696819380949113,0.35714852033639727,0.7696819380949113,38.0,0.8046102432245033,0.3299537724535712,0.8046102432245033,4.7,0.7677302445244679,0.35732831472246585,0.7677302445244679,8.41,0.7974877299892758,0.33495430918148145,0.7974877299892758,33.0,0.713812161137844,0.38290967483954497,0.713812161137844,29.4,0.7839269645653666,0.3442173513070906,0.7839269645653666,75.7,0.7871460906597073,0.3440221712549752,0.7871460906597073
33.7,0.7748527577596954,0.3529468796931978,0.7748527577596954,1388.0,0.7696819380949113,0.35714852033639727,0.7696819380949113,35.0,0.8097810628892875,0.3251756519624815,0.8097810628892875,6.2,0.7677302445244679,0.35732831472246585,0.7677302445244679,4.6,0.7974877299892758,0.33495430918148145,0.7974877299892758,30.0,0.7086413414730597,0.38617284706024085,0.7086413414730597,20.8,0.7839269645653666,0.3442173513070906,0.7839269645653666,71.0,0.7819752709949231,0.3484239508829175,0.7819752709949231
24.7,0.7819752709949231,0.3484239508829175,0.7819752709949231,1516.0,0.7748527577596955,0.3529468796931968,0.7748527577596955,31.0,0.8046102432245033,0.3299537724535712,0.8046102432245033,16.4,0.7677302445244679,0.35732831472246585,0.7677302445244679,3.93,0.7923169103244917,0.33953229068782886,0.7923169103244917,36.0,0.7034705218082754,0.3893479183417352,0.7034705218082754,22.0,0.7839269645653666,0.3442173513070906,0.7839269645653666,65.9,0.7819752709949231,0.3484239508829175,0.7819752709949231
20.4,0.7871460906597072,0.34402217125497514,0.7871460906597072,1834.0,0.7748527577596955,0.3529468796931968,0.7748527577596955,29.0,0.8026585496540599,0.3302882267359325,0.8026585496540599,-2.3,0.7677302445244679,0.35732831472246585,0.7677302445244679,6.51,0.7923169103244917,0.33953229068782886,0.7923169103244917,40.0,0.7034705218082754,0.3893479183417352,0.7034705218082754,26.7,0.7890977842301506,0.3397654621565047,0.7890977842301506,62.7,0.7819752709949233,0.34842395088291755,0.7819752709949233
40.8,0.7871460906597072,0.34402217125497514,0.7871460906597072,1961.0,0.7677302445244679,0.35732831472246535,0.7677302445244679,52.0,0.8026585496540599,0.3302882267359325,0.8026585496540599,-6.2,0.7729010641892522,0.35315061118560426,0.7729010641892522,12.87,0.7974877299892756,0.3349543091814814,0.7974877299892756,42.0,0.6963480085730479,0.3923225640243031,0.6963480085730479,28.2,0.7890977842301506,0.3397654621565047,0.7890977842301506,72.2,0.7819752709949233,0.34842395088291755,0.7819752709949233
61.2,0.7923169103244916,0.3395322906878304,0.7923169103244916,2176.0,0.7677302445244679,0.35732831472246535,0.7677302445244679,26.0,0.8026585496540599,0.3302882267359325,0.8026585496540599,-9.4,0.767730244524468,0.3573283147224659,0.767730244524468,11.65,0.7974877299892758,0.33495430918148145,0.7974877299892758,46.0,0.6933870756470456,0.39150084998514306,0.6933870756470456,29.4,0.7890977842301506,0.3397654621565047,0.7890977842301506,69.4,0.7819752709949233,0.34842395088291755,0.7819752709949233
23.9,0.7923169103244916,0.3395322906878304,0.7923169103244916,2079.0,0.7677302445244679,0.35732831472246535,0.7677302445244679,58.0,0.7974877299892758,0.33495430918148195,0.7974877299892758,1.6,0.767730244524468,0.3573283147224659,0.767730244524468,5.75,0.7974877299892758,0.33495430918148145,0.7974877299892758,33.67243525896414,0.7034705218082755,0.3893479183417353,0.7034705218082755,23.9,0.7839269645653666,0.3442173513070906,0.7839269645653666,77.3,0.7890977842301509,0.34375952829162687,0.7890977842301509
86.3,0.7871460906597072,0.34402217125497514,0.7871460906597072,2324.0,0.7677302445244679,0.35732831472246535,0.7677302445244679,69.0,0.7974877299892758,0.33495430918148195,0.7974877299892758,4.7,0.7729010641892522,0.35315061118560426,0.7729010641892522,30.97,0.7923169103244918,0.3395322906878289,0.7923169103244918,53.0,0.7128029217822849,0.38672822019360553,0.7128029217822849,36.9,0.7839269645653666,0.3442173513070906,0.7839269645653666,67.8,0.7890977842301509,0.34375952829162687,0.7890977842301509
23.5,0.7819752709949231,0.3484239508829175,0.7819752709949231,2132.0,0.7677302445244679,0.35732831472246535,0.7677302445244679,62.0,0.7974877299892758,0.33495430918148195,0.7974877299892758,5.5,0.7729010641892522,0.35315061118560426,0.7729010641892522,16.66,0.7871460906597074,0.3440221712549732,0.7871460906597074,56.0,0.7179737414470692,0.38341717263271347,0.7179737414470692,33.3,0.7839269645653665,0.3442173513070906,0.7839269645653665,60.4,0.7890977842301509,0.34375952829162687,0.7890977842301509
35.3,0.7768044513301388,0.3527376295716582,0.7768044513301388,1868.0,0.7677302445244679,0.35732831472246684,0.7677302445244679,72.0,0.8026585496540599,0.3302882267359325,0.8026585496540599,3.9,0.7729010641892522,0.3531506111856032,0.7729010641892522,9.71,0.7819752709949233,0.34842395088291755,0.7819752709949233,58.0,0.7160220478766259,0.38338723180035317,0.7160220478766259,28.2,0.7787561449005823,0.3485811395184743,0.7787561449005823,71.8,0.7942686038949351,0.33924571061814374,0.7942686038949351
18.0,0.7819752709949231,0.3484239508829175,0.7819752709949231,1865.0,0.7729010641892522,0.35315061118560426,0.7729010641892522,20.0,0.8026585496540599,0.3302882267359325,0.8026585496540599,0.0,0.7677302445244679,0.35732831472246585,0.7677302445244679,4.97,0.7819752709949233,0.34842395088291755,0.7819752709949233,42.0,0.7179737414470693,0.3834171726327136,0.7179737414470693,22.7,0.7787561449005823,0.3485811395184743,0.7787561449005823,63.5,0.7994394235597191,0.334643792005459,0.7994394235597191
20.0,0.7871460906597073,0.3440221712549752,0.7871460906597073,1308.0,0.7645111184301272,0.35739244080046206,0.7645111184301272,34.0,0.8026585496540599,0.3302882267359325,0.8026585496540599,11.7,0.767730244524468,0.3573283147224659,0.767730244524468,4.61,0.7748527577596954,0.3529468796931978,0.7748527577596954,18.0,0.7179737414470693,0.3834171726327136,0.7179737414470693,22.0,0.7800235774244797,0.34865713811079485,0.7800235774244797,59.2,0.7994394235597191,0.334643792005459,0.7994394235597191
44.3,0.7923169103244917,0.33953229068782936,0.7923169103244917,776.0,0.7551787184561177,0.36127742872936536,0.7551787184561177,38.0,0.8026585496540599,0.3302882267359325,0.8026585496540599,3.9,0.767730244524468,0.3573283147224659,0.767730244524468,4.85,0.7664628120005704,0.35722118627661564,0.7664628120005704,0.0,0.7170312872321848,0.38317112264948994,0.7170312872321848,20.8,0.7716336316653546,0.3530575370499743,0.7716336316653546,54.9,0.7994394235597191,0.334643792005459,0.7994394235597191
100.0,0.7974877299892758,0.33495430918148195,0.7974877299892758,714.0,0.750266091959672,0.3609038717737033,0.750266091959672,26.0,0.8026585496540599,0.3302882267359325,0.8026585496540599,4.7,0.767730244524468,0.3573283147224659,0.767730244524468,12.46,0.7664628120005704,0.35722118627661564,0.7664628120005704,33.67243525896414,0.7192411739709667,0.3836409807309728,0.7192411739709667,52.2,0.7716336316653546,0.3530575370499743,0.7716336316653546,52.9,0.7942686038949351,0.33924571061814374,0.7942686038949351
18.4,0.7974877299892758,0.33495430918148195,0.7974877299892758,2497.0,0.7603495381209019,0.3572736928884614,0.7603495381209019,85.0,0.8026585496540599,0.3302882267359325,0.8026585496540599,5.5,0.767730244524468,0.3573283147224659,0.767730244524468,18.58,0.7645111184301271,0.357392440800462,0.7645111184301271,44.0,0.7244119936357508,0.3802277779206584,0.7244119936357508,34.1,0.7716336316653546,0.3530575370499743,0.7716336316653546,63.5,0.789097784230151,0.3437595282916269,0.789097784230151
100.0,0.7923169103244917,0.33953229068782936,0.7923169103244917,2370.0,0.7674720513561293,0.3529972369865184,0.7674720513561293,45.0,0.8026585496540598,0.33028822673593244,0.8026585496540598,-7.0,0.7748527577596955,0.3529468796931968,0.7748527577596955,36.41,0.7645111184301271,0.357392440800462,0.7645111184301271,55.0,0.7231445611118533,0.3800180241326203,0.7231445611118533,37.3,0.7716336316653546,0.3530575370499743,0.7716336316653546,64.3,0.7839269645653666,0.348185245025908,0.7839269645653666
87.5,0.7871460906597073,0.3440221712549752,0.7871460906597073,1933.0,0.7726428710209137,0.34879336216087076,0.7726428710209137,90.0,0.7974877299892758,0.33495430918148145,0.7974877299892758,0.0,0.7800235774244798,0.3486571381107944,0.7800235774244798,28.14,0.7593402987653427,0.36144405198156293,0.7593402987653427,59.0,0.7138121611378438,0.3829096748395454,0.7138121611378438,36.9,0.7716336316653546,0.3530575370499743,0.7716336316653546,67.5,0.7787561449005823,0.3525228608209876,0.7787561449005823
52.2,0.7871460906597073,0.3440221712549752,0.7871460906597073,2078.0,0.7726428710209137,0.34879336216087076,0.7726428710209137,73.0,0.7923169103244917,0.33953229068782936,0.7923169103244917,-3.9,0.7800235774244798,0.3486571381107944,0.7800235774244798,26.57,0.7541694791005586,0.36540756222346255,0.7541694791005586,67.0,0.703728714976614,0.3853497561532061,0.703728714976614,35.7,0.7716336316653546,0.3530575370499743,0.7716336316653546,69.8,0.7787561449005824,0.3525228608209876,0.7787561449005824
44.7,0.7819752709949231,0.3484239508829175,0.7819752709949231,2238.0,0.7674720513561293,0.3529972369865184,0.7674720513561293,19.0,0.7871460906597074,0.3440221712549742,0.7871460906597074,-2.3,0.7800235774244798,0.3486571381107944,0.7800235774244798,14.28,0.7489986594357745,0.369282971526159,0.7489986594357745,65.0,0.6985578953118297,0.38846935353877554,0.6985578953118297,31.0,0.7664628120005704,0.35722118627661564,0.7664628120005704,70.2,0.7787561449005824,0.3525228608209876,0.7787561449005824
98.0,0.7768044513301388,0.3527376295716588,0.7768044513301388,2209.0,0.7726428710209137,0.34879336216087076,0.7726428710209137,87.0,0.7871460906597074,0.3440221712549742,0.7871460906597074,6.2,0.7851943970892641,0.34427929558919046,0.7851943970892641,25.1,0.7396662594617651,0.3727600306168689,0.7396662594617651,69.0,0.6985578953118297,0.38846935353877554,0.6985578953118297,34.9,0.7612919923357861,0.3612967345640545,0.7612919923357861,65.5,0.7716336316653546,0.3569632073211975,0.7716336316653546
25.1,0.7716336316653546,0.3569632073211975,0.7716336316653546,2248.0,0.7674720513561293,0.3529972369865184,0.7674720513561293,21.0,0.7871460906597074,0.3440221712549742,0.7871460906597074,5.5,0.7851943970892641,0.34427929558919046,0.7851943970892641,6.31,0.7377145658913216,0.37281944557788094,0.7377145658913216,62.0,0.7056804085470574,0.3854207753793491,0.7056804085470574,24.7,0.752902046576661,0.365267707266373,0.752902046576661,72.2,0.7716336316653547,0.3569632073211975,0.7716336316653547
25.5,0.7664628120005704,0.3611006841315348,0.7664628120005704,2037.0,0.7674720513561295,0.3529972369865186,0.7674720513561295,60.0,0.7819752709949231,0.3484239508829175,0.7819752709949231,-0.8,0.7851943970892641,0.34427929558919046,0.7851943970892641,22.02,0.7428853855561058,0.36910394966091903,0.7428853855561058,60.0,0.710593035043503,0.38623177887815857,0.710593035043503,36.1,0.7477312269118769,0.3691290622588497,0.7477312269118769,63.1,0.7664628120005704,0.36110068413153373,0.7664628120005704
18.0,0.7716336316653546,0.3569632073211975,0.7716336316653546,2081.0,0.7623012316913452,0.35711301087296426,0.7623012316913452,44.0,0.7819752709949231,0.3484239508829175,0.7819752709949231,3.9,0.7851943970892641,0.34427929558919046,0.7851943970892641,5.9,0.74805620522089,0.3653003528047574,0.74805620522089,61.0,0.710593035043503,0.38623177887815857,0.710593035043503,23.9,0.752902046576661,0.365267707266373,0.752902046576661,63.5,0.7664628120005705,0.3611006841315333,0.7664628120005705
58.0,0.773585325235798,0.35677237567686615,0.773585325235798,2060.0,0.7623012316913452,0.35711301087296426,0.7623012316913452,36.0,0.7819752709949231,0.3484239508829175,0.7819752709949231,6.2,0.7923169103244917,0.33953229068782886,0.7923169103244917,17.71,0.7500078987913333,0.3651930636310696,0.7500078987913333,63.0,0.7054222153787187,0.38943078726599123,0.7054222153787187,32.5,0.761291992335786,0.3612967345640539,0.761291992335786,68.2,0.7664628120005705,0.3611006841315333,0.7664628120005705
54.9,0.7735853252357979,0.35677237567686615,0.7735853252357979,2107.0,0.7623012316913452,0.35711301087296426,0.7623012316913452,19.0,0.7819752709949231,0.3484239508829175,0.7819752709949231,-2.3,0.7923169103244916,0.33953229068782886,0.7923169103244916,10.08,0.7593402987653428,0.361444051981562,0.7593402987653428,61.0,0.710593035043503,0.38623177887815857,0.710593035043503,28.6,0.7664628120005704,0.35722118627661564,0.7664628120005704,70.2,0.7716336316653547,0.3569632073211975,0.7716336316653547
83.5,0.7735853252357979,0.35677237567686615,0.7735853252357979,1889.0,0.7623012316913452,0.35711301087296377,0.7623012316913452,31.0,0.7819752709949231,0.3484239508829175,0.7819752709949231,-1.6,0.7871460906597073,0.3440221712549742,0.7871460906597073,23.79,0.7593402987653429,0.36144405198156254,0.7593402987653429,55.0,0.710593035043503,0.38623177887815857,0.710593035043503,34.9,0.7664628120005704,0.35722118627661564,0.7664628120005704,66.3,0.7768044513301391,0.3527376295716589,0.7768044513301391
17.3,0.773585325235798,0.35677237567686615,0.773585325235798,1570.0,0.7674720513561293,0.3529972369865184,0.7674720513561293,20.0,0.7819752709949231,0.3484239508829175,0.7819752709949231,10.2,0.7819752709949231,0.3484239508829175,0.7819752709949231,3.62,0.7664628120005704,0.35722118627661464,0.7664628120005704,54.0,0.7012606350694935,0.3888181153314423,0.7012606350694935,20.8,0.7716336316653546,0.3530575370499738,0.7716336316653546,65.9,0.776804451330139,0.35273762957165883,0.776804451330139
30.2,0.7716336316653547,0.3569632073211975,0.7716336316653547,2642.0,0.7623012316913452,0.35711301087296377,0.7623012316913452,24.0,0.7819752709949231,0.3484239508829175,0.7819752709949231,1.6,0.7748527577596955,0.3529468796931968,0.7748527577596955,10.69,0.7612919923357864,0.3612967345640541,0.7612919923357864,55.0,0.7012606350694935,0.3888181153314423,0.7012606350694935,28.6,0.7664628120005704,0.35722118627661564,0.7664628120005704,78.8,0.7768044513301391,0.35273762957165783,0.7768044513301391
34.5,0.776804451330139,0.35273762957165883,0.776804451330139,926.0,0.7623012316913451,0.3571130108729637,0.7623012316913451,29.0,0.7871460906597074,0.3440221712549742,0.7871460906597074,0.0,0.7696819380949114,0.3571485203363973,0.7696819380949114,4.49,0.7612919923357864,0.3612967345640541,0.7612919923357864,22.0,0.6960898154047093,0.39188114743987595,0.6960898154047093,20.0,0.7716336316653546,0.3530575370499738,0.7716336316653546,53.3,0.7768044513301391,0.35273762957165783,0.7768044513301391
26.7,0.7819752709949231,0.3484239508829175,0.7819752709949231,1883.0,0.7674720513561293,0.3529972369865184,0.7674720513561293,25.0,0.7871460906597074,0.3440221712549742,0.7871460906597074,-5.5,0.7696819380949114,0.3571485203363973,0.7696819380949114,7.61,0.7612919923357864,0.3612967345640541,0.7612919923357864,20.0,0.6889673021694818,0.3947147629638265,0.6889673021694818,27.1,0.7716336316653546,0.3530575370499738,0.7716336316653546,76.1,0.7716336316653547,0.3569632073211975,0.7716336316653547
24.3,0.7819752709949231,0.3484239508829175,0.7819752709949231,1699.0,0.7674720513561293,0.3529972369865184,0.7674720513561293,35.0,0.7819752709949231,0.3484239508829175,0.7819752709949231,1.6,0.7645111184301271,0.36126206004039624,0.7645111184301271,4.57,0.7664628120005704,0.35722118627661414,0.7664628120005704,8.0,0.6872738017673768,0.39415065712816916,0.6872738017673768,21.6,0.7716336316653546,0.3530575370499738,0.7716336316653546,74.1,0.7716336316653547,0.3569632073211975,0.7716336316653547
41.6,0.7819752709949231,0.3484239508829175,0.7819752709949231,785.0,0.7674720513561295,0.3529972369865186,0.7674720513561295,56.0,0.781975270994923,0.34842395088291744,0.781975270994923,-3.1,0.7645111184301271,0.36126206004039724,0.7645111184301271,6.14,0.7612919923357864,0.3612967345640541,0.7612919923357864,15.0,0.6894836885061587,0.3947363705881448,0.6894836885061587,29.0,0.7716336316653546,0.3530575370499738,0.7716336316653546,55.7,0.7664628120005705,0.3611006841315333,0.7664628120005705
52.5,0.776804451330139,0.35273762957165883,0.776804451330139,1822.0,0.7726428710209137,0.34879336216087076,0.7726428710209137,68.0,0.7819752709949231,0.3484239508829175,0.7819752709949231,3.9,0.7645111184301271,0.36126206004039724,0.7645111184301271,15.87,0.7612919923357861,0.3612967345640545,0.7612919923357861,26.0,0.6894836885061587,0.3947363705881448,0.6894836885061587,31.4,0.773585325235798,0.3528568267906565,0.773585325235798,76.1,0.7612919923357864,0.36515006000266953,0.7612919923357864
86.7,0.7819752709949231,0.3484239508829175,0.7819752709949231,2531.0,0.7726428710209137,0.34879336216087076,0.7726428710209137,74.0,0.7871460906597074,0.3440221712549742,0.7871460906597074,0.8,0.7645111184301272,0.36126206004039624,0.7645111184301272,33.98,0.7625594248596836,0.36141791732012696,0.7625594248596836,37.0,0.6823611752709312,0.3974364544187925,0.6823611752709312,37.3,0.773585325235798,0.3528568267906565,0.773585325235798,67.8,0.7612919923357861,0.3651500600026695,0.7612919923357861
100.0,0.7871460906597073,0.3440221712549742,0.7871460906597073,1990.0,0.7726428710209137,0.34879336216087076,0.7726428710209137,76.0,0.7819752709949231,0.3484239508829175,0.7819752709949231,-4.7,0.7716336316653546,0.3569632073211975,0.7716336316653546,21.42,0.7645111184301271,0.36126206004039724,0.7645111184301271,48.0,0.6730287752969217,0.3993513467822997,0.6730287752969217,32.9,0.7819752709949231,0.3484239508829175,0.7819752709949231,60.0,0.7664628120005705,0.3611006841315333,0.7664628120005705
43.5,0.7871460906597073,0.3440221712549742,0.7871460906597073,2347.0,0.7726428710209137,0.34879336216087076,0.7726428710209137,36.0,0.7871460906597073,0.3440221712549742,0.7871460906597073,-0.8,0.776804451330139,0.35273762957165883,0.776804451330139,16.92,0.7593402987653428,0.36528749880519307,0.7593402987653428,50.0,0.6629453291356919,0.4007624412704095,0.6629453291356919,32.5,0.7871460906597073,0.3440221712549752,0.7871460906597073,71.4,0.7716336316653547,0.3569632073211971,0.7716336316653547
85.1,0.7871460906597074,0.3440221712549742,0.7871460906597074,1813.0,0.7726428710209137,0.34879336216087076,0.7726428710209137,58.0,0.7871460906597074,0.3440221712549742,0.7871460906597074,-11.7,0.7819752709949231,0.3484239508829175,0.7819752709949231,23.43,0.7593402987653428,0.36528749880519307,0.7593402987653428,55.0,0.6522373128005533,0.40167014194833706,0.6522373128005533,33.7,0.7871460906597073,0.3440221712549752,0.7871460906597073,66.7,0.7664628120005704,0.36110068413153373,0.7664628120005704
40.4,0.7819752709949233,0.34842395088291755,0.7819752709949233,1825.0,0.7726428710209137,0.34879336216087076,0.7726428710209137,92.0,0.7871460906597074,0.3440221712549742,0.7871460906597074,6.2,0.7890977842301506,0.34375952829162787,0.7890977842301506,11.89,0.7645111184301271,0.36126206004039624,0.7645111184301271,57.0,0.6409946179526574,0.40207729082101507,0.6409946179526574,32.9,0.7871460906597073,0.3440221712549752,0.7871460906597073,71.0,0.7664628120005704,0.36110068413153323,0.7664628120005704
37.6,0.7819752709949233,0.34842395088291755,0.7819752709949233,1898.0,0.7797653842561413,0.34426337443237875,0.7797653842561413,55.0,0.7923169103244916,0.3395322906878293,0.7923169103244916,2.3,0.7890977842301506,0.34375952829162787,0.7890977842301506,8.35,0.7593402987653428,0.36528749880519307,0.7593402987653428,53.0,0.6409946179526573,0.40207729082101495,0.6409946179526573,26.3,0.7871460906597073,0.3440221712549752,0.7871460906597073,69.4,0.7664628120005705,0.3611006841315338,0.7664628120005705
47.1,0.7819752709949233,0.34842395088291755,0.7819752709949233,1730.0,0.7849362039209256,0.3398593606219887,0.7849362039209256,26.0,0.7923169103244916,0.3395322906878293,0.7923169103244916,0.8,0.7890977842301506,0.34375952829162676,0.7890977842301506,14.65,0.7593402987653428,0.36528749880519307,0.7593402987653428,54.0,0.6409946179526573,0.40207729082101495,0.6409946179526573,31.4,0.7871460906597073,0.3440221712549752,0.7871460906597073,69.8,0.7664628120005705,0.3611006841315333,0.7664628120005705
18.0,0.7819752709949231,0.3484239508829175,0.7819752709949231,1793.0,0.7797653842561413,0.34426337443237875,0.7797653842561413,21.0,0.7923169103244916,0.3395322906878293,0.7923169103244916,3.1,0.794268603894935,0.33924571061814474,0.794268603894935,7.76,0.7541694791005585,0.3692248366307874,0.7541694791005585,55.0,0.6461654376174417,0.39981608022323284,0.6461654376174417,29.4,0.7871460906597073,0.3440221712549752,0.7871460906597073,63.5,0.7664628120005705,0.3611006841315338,0.7664628120005705
52.9,0.7819752709949231,0.3484239508829175,0.7819752709949231,1514.0,0.7778136906856978,0.34450138639602146,0.7778136906856978,83.0,0.7974877299892758,0.33495430918148195,0.7974877299892758,5.5,0.7994394235597191,0.334643792005459,0.7994394235597191,14.71,0.7593402987653428,0.36528749880519307,0.7593402987653428,49.0,0.6562488837786716,0.39873566830210855,0.6562488837786716,31.8,0.7871460906597073,0.3440221712549752,0.7871460906597073,69.8,0.7664628120005705,0.3611006841315338,0.7664628120005705
100.0,0.7819752709949231,0.3484239508829175,0.7819752709949231,1726.0,0.7797653842561413,0.34426337443237875,0.7797653842561413,99.0,0.8026585496540599,0.3302882267359325,0.8026585496540599,0.0,0.7994394235597191,0.33464379200545846,0.7994394235597191,30.93,0.7593402987653428,0.36528749880519307,0.7593402987653428,57.0,0.658200577349115,0.39899094647024536,0.658200577349115,63.5,0.7819752709949231,0.3484239508829175,0.7819752709949231,56.1,0.7664628120005705,0.3611006841315333,0.7664628120005705
48.2,0.7819752709949231,0.3484239508829175,0.7819752709949231,2193.0,0.7797653842561413,0.34426337443237875,0.7797653842561413,41.0,0.8026585496540599,0.3302882267359325,0.8026585496540599,2.3,0.8046102432245033,0.3299537724535712,0.8046102432245033,17.13,0.7593402987653428,0.36528749880519307,0.7593402987653428,67.0,0.658200577349115,0.39899094647024536,0.658200577349115,32.5,0.7819752709949231,0.3484239508829175,0.7819752709949231,71.8,0.7664628120005705,0.3611006841315333,0.7664628120005705
19.2,0.776804451330139,0.35273762957165883,0.776804451330139,2176.0,0.7797653842561413,0.34426337443237875,0.7797653842561413,45.0,0.8078293693188441,0.3255340433511821,0.8078293693188441,0.0,0.7994394235597191,0.334643792005459,0.7994394235597191,6.37,0.7593402987653428,0.36528749880519307,0.7593402987653428,57.0,0.6653230905843426,0.3966999454244645,0.6653230905843426,24.7,0.7819752709949231,0.3484239508829175,0.7819752709949231,63.5,0.7716336316653547,0.3569632073211975,0.7716336316653547
82.4,0.7716336316653546,0.3569632073211975,0.7716336316653546,1960.0,0.7797653842561413,0.34426337443237875,0.7797653842561413,38.0,0.8078293693188441,0.3255340433511821,0.8078293693188441,-6.2,0.7994394235597191,0.334643792005459,0.7994394235597191,27.56,0.7645111184301271,0.36126206004039624,0.7645111184301271,61.0,0.6704939102491269,0.3940710839004746,0.6704939102491269,36.1,0.7839269645653666,0.3481852450259085,0.7839269645653666,66.7,0.7768044513301391,0.35273762957165783,0.7768044513301391
21.6,0.7716336316653546,0.3569632073211975,0.7716336316653546,1034.0,0.7797653842561413,0.34426337443237875,0.7797653842561413,23.0,0.8078293693188441,0.3255340433511821,0.8078293693188441,10.2,0.7994394235597191,0.33464379200545846,0.7994394235597191,2.63,0.7573886051948995,0.365419418978585,0.7573886051948995,17.0,0.6704939102491269,0.3940710839004746,0.6704939102491269,18.0,0.7890977842301509,0.34375952829162687,0.7890977842301509,60.8,0.7819752709949231,0.3484239508829175,0.7819752709949231
58.8,0.776804451330139,0.35273762957165883,0.776804451330139,1304.0,0.7797653842561412,0.3442633744323787,0.7797653842561412,66.0,0.8078293693188441,0.3255340433511821,0.8078293693188441,7.0,0.8046102432245033,0.3299537724535712,0.8046102432245033,15.25,0.7522177855301152,0.36933281969784154,0.7522177855301152,29.0,0.6798263102231361,0.39213131678766594,0.6798263102231361,32.2,0.7819752709949233,0.34842395088291755,0.7819752709949233,67.1,0.776804451330139,0.35273762957165883,0.776804451330139
24.7,0.7819752709949231,0.3484239508829175,0.7819752709949231,2497.0,0.7797653842561412,0.3442633744323787,0.7797653842561412,82.0,0.8026585496540599,0.3302882267359325,0.8026585496540599,3.1,0.7994394235597191,0.334643792005459,0.7994394235597191,7.17,0.7522177855301152,0.36933281969784154,0.7522177855301152,42.0,0.6869488234583638,0.38941629802124683,0.6869488234583638,25.5,0.7748527577596955,0.3529468796931963,0.7748527577596955,76.1,0.776804451330139,0.35273762957165883,0.776804451330139
76.9,0.7871460906597074,0.3440221712549732,0.7871460906597074,2194.0,0.774594564591357,0.34857928730356635,0.774594564591357,53.0,0.8026585496540599,0.3302882267359325,0.8026585496540599,-13.3,0.7994394235597191,0.334643792005459,0.7994394235597191,25.67,0.7522177855301152,0.36933281969784154,0.7522177855301152,47.0,0.692119643123148,0.38645132123311776,0.692119643123148,34.9,0.767730244524468,0.3573283147224659,0.767730244524468,68.2,0.776804451330139,0.35273762957165883,0.776804451330139
100.0,0.7923169103244917,0.33953229068782886,0.7923169103244917,1706.0,0.7694237449265728,0.3528070992355519,0.7694237449265728,30.0,0.8078293693188441,0.3255340433511821,0.8078293693188441,0.6281970010971596,0.8046102432245033,0.3299537724535712,0.8046102432245033,27.18,0.7522177855301152,0.36933281969784154,0.7522177855301152,58.0,0.6875319949357154,0.3849873156326908,0.6875319949357154,37.3,0.7657785509540247,0.3575025904794028,0.7657785509540247,60.0,0.7839269645653665,0.348185245025908,0.7839269645653665
30.6,0.7923169103244917,0.33953229068782886,0.7923169103244917,1981.0,0.773585325235798,0.3528568267906565,0.773585325235798,31.0,0.8078293693188441,0.3255340433511821,0.8078293693188441,1.6,0.8046102432245033,0.3299537724535712,0.8046102432245033,10.11,0.7522177855301152,0.36933281969784154,0.7522177855301152,33.67243525896414,0.6907511210300562,0.3853782059472232,0.6907511210300562,30.6,0.7709493706188087,0.35334882404887896,0.7709493706188087,74.1,0.7890977842301506,0.34375952829162676,0.7890977842301506
17.3,0.7994394235597191,0.334643792005459,0.7994394235597191,2043.0,0.7768044513301388,0.3527376295716582,0.7768044513301388,20.0,0.8078293693188441,0.3255340433511821,0.8078293693188441,0.0,0.8046102432245033,0.3299537724535712,0.8046102432245033,5.5,0.7522177855301152,0.36933281969784154,0.7522177855301152,56.0,0.6907511210300562,0.3853782059472232,0.6907511210300562,23.5,0.7709493706188089,0.35334882404887896,0.7709493706188089,72.2,0.794268603894935,0.33924571061814474,0.794268603894935
17.6,0.7994394235597191,0.334643792005459,0.7994394235597191,1747.0,0.7819752709949231,0.3484239508829175,0.7819752709949231,19.0,0.8026585496540599,0.3302882267359325,0.8026585496540599,3.1,0.8097810628892875,0.3251756519624815,0.8097810628892875,4.61,0.7522177855301152,0.36933281969784154,0.7522177855301152,49.0,0.6959219406948406,0.38233447370388357,0.6959219406948406,22.0,0.7709493706188089,0.35334882404887896,0.7709493706188089,63.5,0.7994394235597191,0.334643792005459,0.7994394235597191
16.1,0.7994394235597191,0.334643792005459,0.7994394235597191,1503.0,0.7871460906597073,0.3440221712549752,0.7871460906597073,20.0,0.8026585496540599,0.3302882267359325,0.8026585496540599,13.3,0.8097810628892875,0.3251756519624815,0.8097810628892875,4.02,0.7541694791005585,0.3692248366307874,0.7541694791005585,42.0,0.7010927603596248,0.37920264052134034,0.7010927603596248,21.2,0.763826857383581,0.357671347607209,0.763826857383581,75.3,0.7994394235597191,0.334643792005459,0.7994394235597191
20.4,0.794268603894935,0.33924571061814474,0.794268603894935,1397.0,0.7923169103244916,0.3395322906878304,0.7923169103244916,26.0,0.8026585496540599,0.3302882267359325,0.8026585496540599,6.2,0.8097810628892875,0.3251756519624815,0.8097810628892875,11.256157120272407,0.7593402987653428,0.36528749880519307,0.7593402987653428,34.0,0.7062635800244091,0.3759827063995976,0.7062635800244091,20.8,0.755436911624456,0.3617221309291855,0.755436911624456,62.0,0.7994394235597191,0.334643792005459,0.7994394235597191
36.9,0.7890977842301506,0.34375952829162676,0.7890977842301506,1445.0,0.7871460906597073,0.3440221712549752,0.7871460906597073,21.0,0.7974877299892756,0.3349543091814814,0.7974877299892756,8.6,0.8097810628892875,0.3251756519624815,0.8097810628892875,8.73,0.7612919923357861,0.3651500600026695,0.7612919923357861,27.0,0.7179737414470693,0.37393899069763353,0.7179737414470693,27.5,0.755436911624456,0.3617221309291845,0.755436911624456,71.0,0.8046102432245033,0.3299537724535712,0.8046102432245033
20.4,0.7942686038949349,0.33924571061814474,0.7942686038949349,1212.0,0.7871460906597073,0.3440221712549752,0.7871460906597073,27.0,0.7974877299892758,0.334954309181483,0.7974877299892758,5.5,0.8097810628892875,0.3251756519624815,0.8097810628892875,3.48,0.761291992335786,0.36515006000266936,0.761291992335786,18.0,0.7179737414470692,0.3739389906976335,0.7179737414470692,20.0,0.7606077312892403,0.3577183939607596,0.7606077312892403,58.0,0.8097810628892875,0.3251756519624815,0.8097810628892875
13.7,0.7890977842301506,0.34375952829162676,0.7890977842301506,1056.0,0.7871460906597073,0.3440221712549752,0.7871460906597073,66.0,0.7974877299892758,0.33495430918148195,0.7974877299892758,3.9,0.8097810628892875,0.3251756519624815,0.8097810628892875,3.62,0.7664628120005704,0.3611006841315348,0.7664628120005704,23.0,0.7179737414470692,0.3739389906976335,0.7179737414470692,20.8,0.7522177855301153,0.3617180281131595,0.7522177855301153,71.0,0.8026585496540598,0.33028822673593244,0.8026585496540598
100.0,0.7890977842301509,0.34375952829162737,0.7890977842301509,1259.0,0.7871460906597073,0.34402217125497575,0.7871460906597073,99.0,0.7923169103244917,0.33953229068782886,0.7923169103244917,-1.6,0.8046102432245033,0.3299537724535712,0.8046102432245033,21.63,0.7612919923357861,0.3651500600026695,0.7612919923357861,39.0,0.712802921782285,0.3773182997654686,0.712802921782285,56.1,0.7522177855301153,0.3617180281131595,0.7522177855301153,51.4,0.7955360364188324,0.3352593077283743,0.7955360364188324
96.1,0.7890977842301509,0.34375952829162687,0.7890977842301509,2126.0,0.7819752709949231,0.3484239508829175,0.7819752709949231,89.0,0.7923169103244917,0.33953229068782936,0.7923169103244917,3.1,0.7994394235597191,0.334643792005459,0.7994394235597191,28.21,0.7541694791005585,0.3692248366307874,0.7541694791005585,49.0,0.7147546153527284,0.37734089419580125,0.7147546153527284,34.5,0.7522177855301153,0.3617180281131595,0.7522177855301153,61.2,0.7903652167540484,0.33981335212838343,0.7903652167540484
100.0,0.7890977842301509,0.34375952829162687,0.7890977842301509,1710.0,0.7768044513301388,0.3527376295716582,0.7768044513301388,22.0,0.7923169103244917,0.33953229068782936,0.7923169103244917,-7.8,0.7994394235597191,0.334643792005459,0.7994394235597191,28.82,0.7541694791005585,0.3692248366307874,0.7541694791005585,56.0,0.7147546153527284,0.37734089419580125,0.7147546153527284,38.4,0.7522177855301153,0.3617180281131595,0.7522177855301153,59.6,0.785194397089264,0.3442792955891904,0.785194397089264
18.0,0.794268603894935,0.33924571061814474,0.794268603894935,1792.0,0.7716336316653546,0.3569632073211975,0.7716336316653546,18.0,0.7923169103244917,0.33953229068782936,0.7923169103244917,0.0,0.8046102432245031,0.3299537724535712,0.8046102432245031,4.74,0.7541694791005585,0.3692248366307874,0.7541694791005585,50.0,0.709583795687944,0.38065603943077153,0.709583795687944,22.4,0.7522177855301153,0.3617180281131595,0.7522177855301153,67.1,0.785194397089264,0.3442792955891904,0.785194397089264
48.2,0.7871460906597074,0.34402217125497525,0.7871460906597074,822.0,0.7716336316653546,0.3569632073211975,0.7716336316653546,34.0,0.7923169103244917,0.33953229068782936,0.7923169103244917,-1.6,0.8046102432245031,0.3299537724535712,0.8046102432245031,5.51,0.7541694791005585,0.3692248366307884,0.7541694791005585,4.0,0.7147546153527284,0.37734089419579936,0.7147546153527284,22.4,0.7522177855301153,0.3617180281131595,0.7522177855301153,64.7,0.785194397089264,0.3442792955891904,0.785194397089264
41.2,0.7871460906597074,0.3440221712549742,0.7871460906597074,776.0,0.7664628120005704,0.36110068413153423,0.7664628120005704,23.0,0.7974877299892758,0.33495430918148195,0.7974877299892758,1.6,0.8046102432245031,0.3299537724535712,0.8046102432245031,4.35,0.7593402987653428,0.36528749880519307,0.7593402987653428,13.0,0.7199254350175125,0.3739376480216278,0.7199254350175125,20.8,0.7470469658653309,0.3655956727258233,0.7470469658653309,52.5,0.785194397089264,0.34427929558918985,0.785194397089264
57.6,0.7819752709949231,0.3484239508829175,0.7819752709949231,1439.0,0.7612919923357861,0.3651500600026695,0.7612919923357861,45.0,0.7994394235597191,0.334643792005459,0.7994394235597191,-3.9,0.8046102432245033,0.3299537724535712,0.8046102432245033,11.81,0.7593402987653428,0.36528749880519307,0.7593402987653428,27.0,0.7250962546822968,0.3704463009082515,0.7250962546822968,30.2,0.7470469658653309,0.3655956727258233,0.7470469658653309,67.1,0.785194397089264,0.34427929558918985,0.785194397089264
68.6,0.776804451330139,0.35273762957165883,0.776804451330139,2484.0,0.7541694791005586,0.3692248366307884,0.7541694791005586,42.0,0.7994394235597191,0.334643792005459,0.7994394235597191,-3.1,0.8046102432245033,0.3299537724535712,0.8046102432245033,27.85,0.7593402987653429,0.3652874988051931,0.7593402987653429,36.0,0.7250962546822968,0.3704463009082515,0.7250962546822968,35.3,0.7522177855301153,0.3617180281131595,0.7522177855301153,71.0,0.785194397089264,0.34427929558918985,0.785194397089264
81.2,0.7716336316653547,0.3569632073211981,0.7716336316653547,2349.0,0.7541694791005586,0.3692248366307884,0.7541694791005586,87.0,0.7923169103244916,0.33953229068782886,0.7923169103244916,3.9,0.7994394235597191,0.334643792005459,0.7994394235597191,15.18,0.7593402987653428,0.36528749880519307,0.7593402987653428,49.0,0.7133860932596366,0.3726884489413389,0.7133860932596366,27.1,0.7606077312892403,0.3577183939607596,0.7606077312892403,68.6,0.7800235774244798,0.34865713811079385,0.7800235774244798
83.9,0.7664628120005704,0.3611006841315348,0.7664628120005704,1654.0,0.7522177855301152,0.36933281969784154,0.7522177855301152,83.0,0.7871460906597074,0.3440221712549742,0.7871460906597074,0.0,0.794268603894935,0.33924571061814474,0.794268603894935,18.4,0.7645111184301271,0.36126206004039624,0.7645111184301271,50.0,0.7083831483047212,0.3712577258940266,0.7083831483047212,32.9,0.7677302445244679,0.3534424016812114,0.7677302445244679,61.6,0.7800235774244798,0.34865713811079335,0.7800235774244798
100.0,0.7593402987653428,0.36528749880519307,0.7593402987653428,1743.0,0.7450952722948878,0.3732366468094798,0.7450952722948878,55.0,0.7871460906597074,0.3440221712549742,0.7871460906597074,-6.2,0.794268603894935,0.33924571061814474,0.794268603894935,28.17,0.7645111184301272,0.36126206004039724,0.7645111184301272,54.0,0.701054889825276,0.3696208046934994,0.701054889825276,37.6,0.767730244524468,0.35344240168121194,0.767730244524468,60.0,0.7800235774244798,0.34865713811079335,0.7800235774244798
84.7,0.7645111184301271,0.36126206004039624,0.7645111184301271,1863.0,0.7379727590596602,0.3769989801401067,0.7379727590596602,85.0,0.7871460906597074,0.3440221712549742,0.7871460906597074,-3.9,0.7942686038949349,0.33924571061814474,0.7942686038949349,23.19,0.7716336316653546,0.356963207321198,0.7716336316653546,58.0,0.6882162559822615,0.37091229119920843,0.6882162559822615,34.9,0.767730244524468,0.35344240168121194,0.767730244524468,64.3,0.7800235774244798,0.34865713811079335,0.7800235774244798
17.6,0.7645111184301271,0.36126206004039624,0.7645111184301271,1880.0,0.7379727590596602,0.3769989801401067,0.7379727590596602,59.0,0.7819752709949231,0.3484239508829175,0.7819752709949231,-1.6,0.7890977842301506,0.34375952829162676,0.7890977842301506,5.02,0.7716336316653546,0.3569632073211975,0.7716336316653546,54.0,0.6810937427470338,0.37383883726183864,0.6810937427470338,23.1,0.7625594248596839,0.3575581766951762,0.7625594248596839,76.1,0.785194397089264,0.3442792955891904,0.785194397089264
17.3,0.7645111184301271,0.36126206004039624,0.7645111184301271,1753.0,0.7379727590596602,0.3769989801401067,0.7379727590596602,22.0,0.7839269645653665,0.348185245025909,0.7839269645653665,0.0,0.7942686038949349,0.33924571061814474,0.7942686038949349,4.37,0.776804451330139,0.35273762957165883,0.776804451330139,42.0,0.6887615569252643,0.37584828957192246,0.6887615569252643,22.4,0.7625594248596839,0.3575581766951767,0.7625594248596839,72.9,0.7780718838540365,0.34888480670953964,0.7780718838540365
50.2,0.7645111184301271,0.36126206004039624,0.7645111184301271,1366.0,0.7399244526301035,0.37694990854399346,0.7399244526301035,69.0,0.7787561449005823,0.3525228608209886,0.7787561449005823,3.1,0.7994394235597191,0.334643792005459,0.7994394235597191,4.5,0.776804451330139,0.35273762957165883,0.776804451330139,40.0,0.694138121834266,0.3775815722985618,0.694138121834266,23.9,0.7625594248596839,0.3575581766951767,0.7625594248596839,59.6,0.7780718838540365,0.34888480670953964,0.7780718838540365
100.0,0.7645111184301271,0.36126206004039624,0.7645111184301271,1378.0,0.747046965865331,0.37315811947789507,0.747046965865331,23.0,0.776804451330139,0.35273762957165883,0.776804451330139,3.9,0.794268603894935,0.33924571061814474,0.794268603894935,22.35,0.776804451330139,0.35273762957165883,0.776804451330139,42.0,0.6960898154047095,0.3776590750533463,0.6960898154047095,36.9,0.7625594248596839,0.3575581766951772,0.7625594248596839,57.6,0.7729010641892521,0.3531506111856042,0.7729010641892521
15.7,0.7645111184301271,0.36126206004039624,0.7645111184301271,1351.0,0.741876146200547,0.3768953183187476,0.741876146200547,22.0,0.7819752709949231,0.3484239508829175,0.7819752709949231,-2.3,0.794268603894935,0.33924571061814474,0.794268603894935,3.28,0.7819752709949231,0.3484239508829175,0.7819752709949231,36.0,0.6909189957399251,0.38073965318068975,0.6909189957399251,23.5,0.7573886051948995,0.3615858507699388,0.7573886051948995,73.7,0.7729010641892522,0.3531506111856032,0.7729010641892522
19.2,0.7593402987653428,0.36528749880519307,0.7593402987653428,1201.0,0.7347536329653194,0.3805750693393051,0.7347536329653194,40.0,0.7839269645653665,0.348185245025909,0.7839269645653665,5.5,0.794268603894935,0.33924571061814474,0.794268603894935,3.38,0.776804451330139,0.35273762957165883,0.776804451330139,40.0,0.6909189957399251,0.38073965318068975,0.6909189957399251,18.8,0.7522177855301152,0.3655254239055005,0.7522177855301152,59.2,0.767730244524468,0.3573283147224659,0.767730244524468
18.8,0.7612919923357861,0.3651500600026695,0.7612919923357861,1341.0,0.7347536329653193,0.380575069339305,0.7347536329653193,21.0,0.7839269645653665,0.348185245025909,0.7839269645653665,10.9,0.794268603894935,0.33924571061814474,0.794268603894935,3.31,0.7819752709949231,0.3484239508829175,0.7819752709949231,32.0,0.6960898154047093,0.3776590750533461,0.6960898154047093,20.4,0.7522177855301152,0.3655254239055005,0.7522177855301152,64.7,0.7696819380949114,0.3571485203363973,0.7696819380949114
44.7,0.7593402987653428,0.36528749880519307,0.7593402987653428,1147.0,0.7276311197300916,0.3841133265788522,0.7276311197300916,37.0,0.7839269645653665,0.348185245025909,0.7839269645653665,5.5,0.7890977842301509,0.34375952829162687,0.7890977842301509,16.14,0.776804451330139,0.35273762957165883,0.776804451330139,37.0,0.6960898154047093,0.3776590750533461,0.6960898154047093,32.5,0.7522177855301152,0.3655254239055005,0.7522177855301152,69.0,0.7696819380949114,0.3571485203363973,0.7696819380949114
80.8,0.7573886051948995,0.365419418978585,0.7573886051948995,1953.0,0.7276311197300916,0.3841133265788522,0.7276311197300916,24.0,0.7839269645653665,0.348185245025909,0.7839269645653665,-8.6,0.7890977842301509,0.34375952829162687,0.7890977842301509,23.47,0.7716336316653546,0.356963207321198,0.7716336316653546,41.0,0.6960898154047095,0.3776590750533463,0.6960898154047095,34.5,0.7606077312892404,0.3615682559707251,0.7606077312892404,67.8,0.7696819380949113,0.35714852033639727,0.7696819380949113
19.2,0.7522177855301152,0.36933281969784154,0.7522177855301152,1969.0,0.7276311197300916,0.3841133265788522,0.7276311197300916,19.0,0.7839269645653665,0.348185245025909,0.7839269645653665,0.0,0.7890977842301506,0.34375952829162676,0.7890977842301506,5.57,0.776804451330139,0.35273762957165883,0.776804451330139,35.0,0.6960898154047095,0.3776590750533463,0.6960898154047095,23.5,0.7677302445244679,0.35732831472246585,0.7677302445244679,71.0,0.7696819380949113,0.35714852033639727,0.7696819380949113
20.4,0.7573886051948995,0.365419418978585,0.7573886051948995,1245.0,0.7276311197300916,0.3841133265788522,0.7276311197300916,30.0,0.7787561449005824,0.35252286082098866,0.7787561449005824,8.6,0.7890977842301509,0.34375952829162687,0.7890977842301509,3.48,0.776804451330139,0.35273762957165883,0.776804451330139,21.0,0.6960898154047095,0.3776590750533463,0.6960898154047095,20.0,0.7677302445244679,0.35732831472246585,0.7677302445244679,58.8,0.7696819380949114,0.3571485203363973,0.7696819380949114
40.8,0.7522177855301152,0.36933281969784154,0.7522177855301152,781.0,0.7205086064948639,0.38751009003738895,0.7205086064948639,38.0,0.7787561449005824,0.35252286082098866,0.7787561449005824,3.1,0.7871460906597074,0.3440221712549742,0.7871460906597074,4.17,0.776804451330139,0.35273762957165883,0.776804451330139,16.0,0.6960898154047095,0.3776590750533463,0.6960898154047095,20.8,0.7625594248596839,0.361417917320126,0.7625594248596839,57.3,0.7696819380949114,0.3571485203363973,0.7696819380949114
47.8,0.7573886051948995,0.365419418978585,0.7573886051948995,1448.0,0.7133860932596364,0.3907653597149146,0.7133860932596364,23.0,0.7787561449005824,0.35252286082098866,0.7787561449005824,2.3,0.7890977842301509,0.34375952829162687,0.7890977842301509,10.79,0.776804451330139,0.35273762957165883,0.776804451330139,22.0,0.6960898154047095,0.3776590750533463,0.6960898154047095,29.8,0.7645111184301271,0.36126206004039624,0.7645111184301271,68.6,0.7696819380949114,0.3571485203363973,0.7696819380949114
100.0,0.7541694791005585,0.365407562223463,0.7541694791005585,1178.0,0.7133860932596364,0.3907653597149146,0.7133860932596364,98.0,0.7787561449005824,0.35252286082098866,0.7787561449005824,8.6,0.794268603894935,0.33924571061814474,0.794268603894935,24.3,0.7696819380949113,0.35714852033639727,0.7696819380949113,32.0,0.7012606350694937,0.3744903959868006,0.7012606350694937,46.7,0.7593402987653428,0.36528749880519307,0.7593402987653428,60.0,0.7696819380949114,0.3571485203363973,0.7696819380949114
83.1,0.7489986594357743,0.3692829715261589,0.7489986594357743,1693.0,0.7133860932596364,0.3907653597149146,0.7133860932596364,81.0,0.7787561449005824,0.35252286082098866,0.7787561449005824,-4.7,0.7994394235597191,0.334643792005459,0.7994394235597191,21.1,0.7696819380949113,0.35714852033639727,0.7696819380949113,38.0,0.7012606350694937,0.3744903959868006,0.7012606350694937,33.7,0.7541694791005585,0.3692248366307874,0.7541694791005585,64.7,0.7696819380949114,0.3571485203363973,0.7696819380949114
23.5,0.7489986594357745,0.369282971526159,0.7489986594357745,1551.0,0.7133860932596364,0.3907653597149146,0.7133860932596364,57.0,0.7787561449005824,0.35252286082098866,0.7787561449005824,3.9,0.7994394235597191,0.334643792005459,0.7994394235597191,9.2,0.7696819380949113,0.35714852033639727,0.7696819380949113,36.0,0.7012606350694937,0.3744903959867997,0.7012606350694937,29.4,0.7593402987653428,0.36528749880519307,0.7593402987653428,62.7,0.7696819380949114,0.3571485203363973,0.7696819380949114
63.9,0.7489986594357745,0.369282971526159,0.7489986594357745,1888.0,0.7133860932596364,0.3907653597149146,0.7133860932596364,45.0,0.7839269645653665,0.348185245025909,0.7839269645653665,-10.2,0.7994394235597191,0.334643792005459,0.7994394235597191,13.87,0.7696819380949113,0.35714852033639727,0.7696819380949113,41.0,0.7064314547342779,0.3712336159810511,0.7064314547342779,28.6,0.7541694791005585,0.3692248366307874,0.7541694791005585,63.1,0.7645111184301271,0.36126206004039624,0.7645111184301271
18.8,0.7438278397709903,0.373070279889654,0.7438278397709903,1971.0,0.7133860932596364,0.3907653597149146,0.7133860932596364,34.0,0.7890977842301509,0.34375952829162687,0.7890977842301509,1.6,0.7942686038949349,0.33924571061814474,0.7942686038949349,5.96,0.7748527577596955,0.3529468796931979,0.7748527577596955,39.0,0.7116022743990622,0.36788873503610053,0.7116022743990622,23.9,0.7541694791005585,0.3692248366307874,0.7541694791005585,76.5,0.7696819380949114,0.3571485203363973,0.7696819380949114
52.9,0.7489986594357745,0.369282971526159,0.7489986594357745,1938.0,0.7121186607357389,0.3905196575447166,0.7121186607357389,20.0,0.7890977842301509,0.34375952829162687,0.7890977842301509,3.9,0.794268603894935,0.33924571061814474,0.794268603894935,14.75,0.776804451330139,0.35273762957165883,0.776804451330139,33.67243525896414,0.7167730940638462,0.3644557531519478,0.7167730940638462,31.4,0.7541694791005585,0.3692248366307874,0.7541694791005585,72.2,0.7748527577596955,0.3529468796931968,0.7748527577596955
18.8,0.7573886051948995,0.3654194189785845,0.7573886051948995,1930.0,0.712118660735739,0.39051965754471674,0.712118660735739,25.0,0.7890977842301509,0.34375952829162737,0.7890977842301509,0.0,0.794268603894935,0.33924571061814474,0.794268603894935,5.28,0.7819752709949233,0.34842395088291755,0.7819752709949233,37.0,0.7288985522539893,0.36216392680427384,0.7288985522539893,23.1,0.7541694791005585,0.3692248366307874,0.7541694791005585,63.5,0.7748527577596955,0.3529468796931968,0.7748527577596955
61.6,0.7489986594357743,0.3692829715261589,0.7489986594357743,1936.0,0.7101669671652957,0.3904534035949921,0.7101669671652957,65.0,0.7890977842301509,0.34375952829162687,0.7890977842301509,6.2,0.7890977842301509,0.34375952829162687,0.7890977842301509,18.96,0.776804451330139,0.35273762957165883,0.776804451330139,48.0,0.7354378940118652,0.3631993038638956,0.7354378940118652,32.9,0.7541694791005585,0.3692248366307874,0.7541694791005585,69.0,0.7748527577596955,0.3529468796931968,0.7748527577596955
79.2,0.7457795333414334,0.3692199656014608,0.7457795333414334,2554.0,0.7101669671652957,0.3904534035949921,0.7101669671652957,60.0,0.7890977842301506,0.34375952829162676,0.7890977842301506,0.0,0.794268603894935,0.33924571061814474,0.794268603894935,27.32,0.7696819380949113,0.35714852033639727,0.7696819380949113,57.0,0.7415097691949768,0.364034549055725,0.7415097691949768,34.5,0.7489986594357746,0.37307407351718036,0.7489986594357746,68.2,0.7748527577596955,0.3529468796931968,0.7748527577596955
67.1,0.7406087136766495,0.37296928254839484,0.7406087136766495,1978.0,0.7082152735948524,0.3903816310161349,0.7082152735948524,19.0,0.7839269645653666,0.348185245025908,0.7839269645653666,-11.7,0.794268603894935,0.33924571061814474,0.794268603894935,19.61,0.7696819380949113,0.35714852033639727,0.7696819380949113,61.0,0.7415097691949768,0.364034549055725,0.7415097691949768,32.5,0.741876146200547,0.3768953183187476,0.741876146200547,67.8,0.7800235774244799,0.3486571381107939,0.7800235774244799
18.8,0.7406087136766495,0.3729692825483958,0.7406087136766495,2003.0,0.703044453930068,0.3935206482127255,0.703044453930068,20.0,0.7839269645653666,0.3481852450259085,0.7839269645653666,0.0,0.794268603894935,0.33924571061814474,0.794268603894935,5.74,0.7645111184301271,0.36126206004039724,0.7645111184301271,52.0,0.7415097691949768,0.364034549055725,0.7415097691949768,23.9,0.7418761462005469,0.3768953183187476,0.7418761462005469,63.5,0.785194397089264,0.3442792955891904,0.785194397089264
20.4,0.7457795333414334,0.3692199656014598,0.7457795333414334,1120.0,0.6978736342652838,0.39657156447011616,0.6978736342652838,48.0,0.7839269645653666,0.3481852450259085,0.7839269645653666,-0.8,0.7994394235597191,0.334643792005459,0.7994394235597191,3.54,0.7593402987653427,0.365287498805193,0.7593402987653427,31.0,0.7343872559597491,0.3678324061433109,0.7343872559597491,18.8,0.7347536329653194,0.3805750693393051,0.7347536329653194,58.0,0.7903652167540484,0.3398133521283824,0.7903652167540484
45.1,0.7457795333414334,0.3692199656014598,0.7457795333414334,772.0,0.6894836885061587,0.39908675180346365,0.6894836885061587,70.0,0.7839269645653665,0.348185245025908,0.7839269645653665,3.9,0.7994394235597191,0.334643792005459,0.7994394235597191,5.57,0.7593402987653428,0.36528749880519307,0.7593402987653428,36.0,0.7343872559597491,0.3678324061433109,0.7343872559597491,26.3,0.729582813300535,0.38411212919541515,0.729582813300535,65.1,0.7851943970892641,0.34427929558919046,0.7851943970892641
80.0,0.7457795333414334,0.3692199656014603,0.7457795333414334,1887.0,0.6810937427470336,0.4014246976114735,0.6810937427470336,80.0,0.7839269645653665,0.3481852450259084,0.7839269645653665,-3.1,0.794268603894935,0.33924571061814474,0.794268603894935,25.96,0.7593402987653428,0.36528749880519307,0.7593402987653428,47.0,0.7292164362949651,0.37145472972165916,0.7292164362949651,36.5,0.7295828133005349,0.3841121291954156,0.7295828133005349,69.0,0.7871460906597074,0.3440221712549742,0.7871460906597074
34.9,0.7509503530062178,0.36538254771532147,0.7509503530062178,1822.0,0.6810937427470336,0.4014246976114735,0.6810937427470336,39.0,0.7890977842301509,0.34375952829162687,0.7890977842301509,3.9,0.794268603894935,0.33924571061814474,0.794268603894935,11.83,0.7664628120005705,0.36110068413153484,0.7664628120005705,56.0,0.7292164362949651,0.37145472972165916,0.7292164362949651,31.0,0.729582813300535,0.38411212919541515,0.729582813300535,72.9,0.7923169103244917,0.33953229068782936,0.7923169103244917
60.8,0.756121172671002,0.361457028889981,0.756121172671002,1865.0,0.6810937427470336,0.4014246976114735,0.6810937427470336,30.0,0.794268603894935,0.33924571061814474,0.794268603894935,0.0,0.794268603894935,0.33924571061814474,0.794268603894935,17.55,0.7684145055710138,0.3609337895935417,0.7684145055710138,57.0,0.7179737414470692,0.3739389906976344,0.7179737414470692,32.2,0.729582813300535,0.38411212919541515,0.729582813300535,69.0,0.7923169103244917,0.33953229068782936,0.7923169103244917
73.3,0.756121172671002,0.361457028889981,0.756121172671002,1718.0,0.6882162559822613,0.3987866296879213,0.6882162559822613,50.0,0.7890977842301506,0.3437595282916273,0.7890977842301506,5.5,0.7890977842301506,0.34375952829162837,0.7890977842301506,18.92,0.773585325235798,0.35677237567686615,0.773585325235798,53.0,0.7128029217822849,0.3773182997654685,0.7128029217822849,32.9,0.7347536329653194,0.3805750693393051,0.7347536329653194,67.1,0.7923169103244917,0.33953229068782886,0.7923169103244917
45.1,0.756121172671002,0.361457028889981,0.756121172671002,1785.0,0.6966062017413862,0.39629011455558927,0.6966062017413862,38.0,0.7819752709949233,0.34842395088291755,0.7819752709949233,1.6,0.7890977842301506,0.34375952829162787,0.7890977842301506,16.22,0.773585325235798,0.35677237567686615,0.773585325235798,55.0,0.7128029217822849,0.3773182997654685,0.7128029217822849,32.2,0.7347536329653194,0.3805750693393051,0.7347536329653194,60.0,0.7923169103244916,0.33953229068782886,0.7923169103244916
34.9,0.756121172671002,0.361457028889981,0.756121172671002,1820.0,0.6966062017413863,0.3962901145555894,0.6966062017413863,19.0,0.7819752709949231,0.3484239508829175,0.7819752709949231,0.0,0.7890977842301506,0.34375952829162787,0.7890977842301506,6.04,0.7684145055710138,0.36093378959354067,0.7684145055710138,51.0,0.7076321021175007,0.3806095078941016,0.7076321021175007,22.7,0.7263636872061942,0.38390177549527454,0.7263636872061942,72.9,0.7923169103244917,0.33953229068782936,0.7923169103244917
42.4,0.7509503530062178,0.36538254771532247,0.7509503530062178,1660.0,0.7017770214061705,0.3932532526084218,0.7017770214061705,69.0,0.7819752709949231,0.3484239508829175,0.7819752709949231,-1.6,0.7839269645653665,0.348185245025909,0.7839269645653665,11.2,0.7632436859062296,0.3650071025710147,0.7632436859062296,52.0,0.7076321021175007,0.3806095078941016,0.7076321021175007,29.4,0.7244119936357508,0.3838944330164904,0.7244119936357508,73.7,0.7923169103244916,0.3395322906878293,0.7923169103244916
86.3,0.7509503530062178,0.36538254771532147,0.7509503530062178,1789.0,0.7069478410709548,0.39012828972205094,0.7069478410709548,58.0,0.7819752709949231,0.3484239508829175,0.7819752709949231,-2.3,0.7839269645653665,0.348185245025909,0.7839269645653665,28.4,0.7561211726710019,0.3691113349346016,0.7561211726710019,60.0,0.7076321021175007,0.3806095078941016,0.7076321021175007,37.6,0.7244119936357508,0.3838944330164894,0.7244119936357508,65.1,0.7923169103244916,0.3395322906878293,0.7923169103244916
81.6,0.7593402987653429,0.36144405198156254,0.7593402987653429,2047.0,0.7121186607357389,0.386915225896478,0.7121186607357389,20.0,0.7819752709949231,0.3484239508829175,0.7819752709949231,0.0,0.7890977842301506,0.34375952829162837,0.7890977842301506,24.96,0.7561211726710019,0.3691113349346016,0.7561211726710019,65.0,0.7056804085470574,0.38055745772829946,0.7056804085470574,35.3,0.7192411739709664,0.38728146341050046,0.7192411739709664,67.1,0.7994394235597191,0.334643792005459,0.7994394235597191
61.2,0.767730244524468,0.3573283147224659,0.767730244524468,2036.0,0.7140703543061824,0.38696608260208565,0.7140703543061824,70.0,0.7819752709949231,0.3484239508829175,0.7819752709949231,3.9,0.794268603894935,0.33924571061814474,0.794268603894935,20.06,0.7612919923357861,0.3651500600026695,0.7612919923357861,64.0,0.7085331576358281,0.381476731235472,0.7085331576358281,33.3,0.7192411739709664,0.38728146341050046,0.7192411739709664,69.4,0.8046102432245033,0.3299537724535712,0.8046102432245033
90.6,0.767730244524468,0.3573283147224659,0.767730244524468,2155.0,0.7211928675414099,0.38366238170111083,0.7211928675414099,72.0,0.7819752709949231,0.3484239508829175,0.7819752709949231,1.6,0.7923169103244917,0.3395322906878299,0.7923169103244917,31.15,0.7612919923357861,0.3651500600026695,0.7612919923357861,69.0,0.703362337971044,0.38468472253411456,0.703362337971044,36.9,0.7192411739709664,0.38728146341050046,0.7192411739709664,66.7,0.8046102432245033,0.3299537724535712,0.8046102432245033
59.6,0.7729010641892522,0.35315061118560426,0.7729010641892522,2322.0,0.72119286754141,0.38366238170111094,0.72119286754141,33.0,0.776804451330139,0.35273762957165883,0.776804451330139,-3.1,0.7871460906597073,0.3440221712549752,0.7871460906597073,21.13,0.7664628120005704,0.3611006841315348,0.7664628120005704,68.0,0.6981915183062598,0.38780461289355517,0.6981915183062598,33.3,0.7276311197300916,0.3841133265788517,0.7276311197300916,69.8,0.8097810628892875,0.3251756519624815,0.8097810628892875
44.7,0.7780718838540365,0.34888480670953964,0.7780718838540365,1879.0,0.72119286754141,0.38366238170111094,0.72119286754141,41.0,0.776804451330139,0.35273762957165883,0.776804451330139,-0.8,0.7871460906597073,0.3440221712549752,0.7871460906597073,15.44,0.7664628120005704,0.3611006841315348,0.7664628120005704,69.0,0.6981915183062598,0.38780461289355467,0.6981915183062598,31.8,0.7347536329653194,0.38057506933930413,0.7347536329653194,71.4,0.8097810628892875,0.3251756519624815,0.8097810628892875
68.2,0.7832427035188206,0.34453090129427344,0.7832427035188206,1854.0,0.7283153807766375,0.3802171870191264,0.7283153807766375,39.0,0.7819752709949231,0.3484239508829175,0.7819752709949231,-6.2,0.7871460906597074,0.3440221712549742,0.7871460906597074,19.07,0.7612919923357861,0.3651500600026695,0.7612919923357861,69.0,0.6981915183062596,0.3878046128935546,0.6981915183062596,32.9,0.733486200441422,0.38038059379903794,0.733486200441422,67.8,0.8046102432245033,0.3299537724535712,0.8046102432245033
50.6,0.7832427035188206,0.34453090129427344,0.7832427035188206,1863.0,0.72119286754141,0.38366238170111144,0.72119286754141,35.0,0.7819752709949231,0.3484239508829175,0.7819752709949231,-3.9,0.7942686038949349,0.33924571061814474,0.7942686038949349,13.89,0.7561211726710019,0.3691113349346016,0.7561211726710019,66.0,0.6981915183062596,0.3878046128935551,0.6981915183062596,30.2,0.7386570201062062,0.3767694873139475,0.7386570201062062,70.6,0.8046102432245033,0.3299537724535712,0.8046102432245033
16.1,0.7832427035188206,0.34453090129427344,0.7832427035188206,1808.0,0.7128029217822849,0.3867282201936064,0.7128029217822849,27.0,0.7819752709949231,0.3484239508829175,0.7819752709949231,0.0,0.7890977842301509,0.34375952829162687,0.7890977842301509,4.49,0.7561211726710019,0.3691113349346016,0.7561211726710019,55.0,0.7033623379710439,0.38468472253411456,0.7033623379710439,22.4,0.7386570201062062,0.3767694873139475,0.7386570201062062,75.7,0.8097810628892875,0.3251756519624815,0.8097810628892875
23.5,0.7832427035188206,0.34453090129427344,0.7832427035188206,973.0,0.7118604675674005,0.386472286286744,0.7118604675674005,40.0,0.7819752709949231,0.3484239508829175,0.7819752709949231,10.2,0.7890977842301509,0.34375952829162687,0.7890977842301509,3.54,0.7561211726710019,0.3691113349346016,0.7561211726710019,14.0,0.7033623379710439,0.38468472253411456,0.7033623379710439,20.4,0.7367053265357627,0.376815537676971,0.7367053265357627,57.3,0.8097810628892875,0.3251756519624815,0.8097810628892875
42.0,0.7780718838540365,0.34888480670953964,0.7780718838540365,785.0,0.72119286754141,0.38366238170111094,0.72119286754141,39.0,0.7768044513301388,0.3527376295716588,0.7768044513301388,-2.3,0.7890977842301509,0.34375952829162687,0.7890977842301509,4.57,0.7612919923357861,0.3651500600026695,0.7612919923357861,0.0,0.6981915183062598,0.38780461289355517,0.6981915183062598,21.2,0.7367053265357627,0.376815537676971,0.7367053265357627,54.5,0.8097810628892875,0.3251756519624815,0.8097810628892875
100.0,0.7729010641892522,0.35315061118560426,0.7729010641892522,2132.0,0.729582813300535,0.38041930168327853,0.729582813300535,90.0,0.7696819380949114,0.3571485203363973,0.7696819380949114,3.1,0.7890977842301509,0.34375952829162687,0.7890977842301509,28.61,0.7684145055710138,0.36093378959354067,0.7684145055710138,22.0,0.6962398247358164,0.38770490859873774,0.6962398247358164,35.7,0.7367053265357627,0.376815537676971,0.7367053265357627,59.6,0.8097810628892875,0.3251756519624815,0.8097810628892875
76.9,0.7657785509540246,0.3575025904794028,0.7657785509540246,2135.0,0.7347536329653194,0.3768560694108639,0.7347536329653194,48.0,0.7625594248596839,0.361417917320126,0.7625594248596839,-0.8,0.7890977842301509,0.34375952829162687,0.7890977842301509,24.77,0.7664628120005704,0.3611006841315348,0.7664628120005704,48.0,0.6981915183062596,0.3878046128935551,0.6981915183062596,34.9,0.7367053265357627,0.376815537676971,0.7367053265357627,68.2,0.8097810628892875,0.3251756519624815,0.8097810628892875
46.3,0.7606077312892402,0.361568255970725,0.7606077312892402,1746.0,0.7418761462005469,0.37314026735901684,0.7418761462005469,19.0,0.767730244524468,0.3573283147224659,0.767730244524468,3.9,0.7890977842301506,0.34375952829162787,0.7890977842301506,14.01,0.7612919923357861,0.3651500600026695,0.7612919923357861,49.0,0.703728714976614,0.38891172158382037,0.703728714976614,31.8,0.7367053265357627,0.376815537676971,0.7367053265357627,73.7,0.8046102432245034,0.32995377245357127,0.8046102432245034
20.0,0.7606077312892403,0.36156825597072506,0.7606077312892403,1593.0,0.747046965865331,0.3693768961018587,0.747046965865331,20.0,0.7625594248596839,0.361417917320126,0.7625594248596839,0.0,0.7890977842301506,0.34375952829162787,0.7890977842301506,5.31,0.7612919923357861,0.3651500600026695,0.7612919923357861,42.0,0.7049961475005115,0.38916809893532983,0.7049961475005115,23.1,0.7367053265357627,0.376815537676971,0.7367053265357627,63.1,0.8046102432245033,0.3299537724535712,0.8046102432245033
41.6,0.7606077312892403,0.36156825597072506,0.7606077312892403,1386.0,0.7470469658653309,0.36937689610185864,0.7470469658653309,19.0,0.7625594248596836,0.3614179173201259,0.7625594248596836,3.1,0.7890977842301506,0.34375952829162787,0.7890977842301506,5.15,0.7664628120005705,0.36110068413153484,0.7664628120005705,35.0,0.7049961475005115,0.38916809893532983,0.7049961475005115,21.2,0.7315345068709785,0.38040270705572404,0.7315345068709785,71.0,0.7994394235597191,0.334643792005459,0.7994394235597191
45.1,0.7586560377187969,0.36171307599219193,0.7586560377187969,1991.0,0.7554369116244561,0.3655458205228453,0.7554369116244561,19.0,0.7625594248596836,0.3614179173201259,0.7625594248596836,0.8,0.794268603894935,0.33924571061814474,0.794268603894935,12.76,0.7612919923357861,0.3651500600026695,0.7612919923357861,44.0,0.7049961475005115,0.38916809893532983,0.7049961475005115,30.2,0.7315345068709785,0.38040270705572315,0.7315345068709785,69.4,0.7994394235597191,0.334643792005459,0.7994394235597191
18.0,0.7657785509540246,0.3575025904794038,0.7657785509540246,2178.0,0.7573886051948995,0.365419418978584,0.7573886051948995,20.0,0.7696819380949114,0.3571485203363973,0.7696819380949114,0.0,0.7994394235597191,0.334643792005459,0.7994394235597191,6.0,0.7664628120005704,0.3611006841315348,0.7664628120005704,40.0,0.7101669671652957,0.38597251871664257,0.7101669671652957,24.3,0.7315345068709785,0.38040270705572315,0.7315345068709785,63.9,0.794268603894935,0.33924571061814474,0.794268603894935
18.8,0.7729010641892522,0.35315061118560426,0.7729010641892522,1819.0,0.7522177855301152,0.36933281969784154,0.7522177855301152,34.0,0.776804451330139,0.35273762957165883,0.776804451330139,1.6,0.7994394235597191,0.334643792005459,0.7994394235597191,5.09,0.7716336316653546,0.356963207321198,0.7716336316653546,19.0,0.7101669671652957,0.3859725187166421,0.7101669671652957,22.4,0.7367053265357628,0.3768155376769705,0.7367053265357628,63.1,0.7942686038949349,0.33924571061814474,0.7942686038949349
43.5,0.7729010641892521,0.3531506111856042,0.7729010641892521,1161.0,0.7502660919596718,0.36943528413576343,0.7502660919596718,67.0,0.776804451330139,0.35273762957165883,0.776804451330139,3.9,0.8046102432245033,0.3299537724535712,0.8046102432245033,8.87,0.7787561449005824,0.35252286082098866,0.7787561449005824,22.0,0.7202504133265256,0.383419412706415,0.7202504133265256,29.0,0.7386570201062062,0.3767694873139475,0.7386570201062062,69.4,0.7942686038949349,0.33924571061814474,0.7942686038949349
80.8,0.7729010641892522,0.35315061118560426,0.7729010641892522,2128.0,0.7554369116244561,0.3655458205228453,0.7554369116244561,57.0,0.7819752709949233,0.34842395088291755,0.7819752709949233,4.7,0.8097810628892875,0.3251756519624815,0.8097810628892875,27.28,0.7787561449005824,0.35252286082098866,0.7787561449005824,34.0,0.7244119936357509,0.38389443301648946,0.7244119936357509,35.7,0.7315345068709785,0.38040270705572354,0.7315345068709785,67.5,0.7942686038949349,0.33924571061814474,0.7942686038949349
100.0,0.7729010641892522,0.35315061118560426,0.7729010641892522,1832.0,0.7554369116244561,0.3655458205228453,0.7554369116244561,63.0,0.7871460906597073,0.34402217125497314,0.7871460906597073,3.9,0.8149518825540718,0.32030943053218974,0.8149518825540718,30.78,0.7787561449005824,0.3525228608209892,0.7787561449005824,46.0,0.7276311197300918,0.3841133265788518,0.7276311197300918,38.8,0.7315345068709785,0.38040270705572315,0.7315345068709785,62.7,0.7994394235597191,0.334643792005459,0.7994394235597191
43.5,0.7748527577596955,0.3529468796931979,0.7748527577596955,2305.0,0.7502660919596718,0.36943528413576293,0.7502660919596718,20.0,0.7923169103244917,0.33953229068782886,0.7923169103244917,0.0,0.8149518825540718,0.32030943053218974,0.8149518825540718,12.07,0.7787561449005823,0.3525228608209886,0.7787561449005823,41.0,0.7263636872061943,0.3839017754952741,0.7263636872061943,30.2,0.7263636872061944,0.3839017754952747,0.7263636872061944,71.8,0.8046102432245034,0.32995377245357127,0.8046102432245034
15.7,0.7800235774244798,0.3486571381107949,0.7800235774244798,880.0,0.7502660919596718,0.36943528413576343,0.7502660919596718,63.0,0.7994394235597191,0.334643792005459,0.7994394235597191,-1.6,0.8149518825540718,0.32030943053218974,0.8149518825540718,4.39,0.7735853252357979,0.35677237567686615,0.7735853252357979,25.0,0.7347536329653195,0.3805750693393042,0.7347536329653195,21.2,0.7179737414470693,0.38705124012590647,0.7179737414470693,63.9,0.8046102432245034,0.32995377245357127,0.8046102432245034
55.7,0.7800235774244798,0.3486571381107949,0.7800235774244798,2329.0,0.7502660919596718,0.36943528413576293,0.7502660919596718,47.0,0.8046102432245033,0.3299537724535712,0.8046102432245033,0.0,0.8149518825540717,0.3203094305321897,0.8149518825540717,19.89,0.7787561449005823,0.3525228608209886,0.7787561449005823,32.0,0.7367053265357628,0.38054441622039814,0.7367053265357628,32.9,0.7231445611118534,0.3836782640421179,0.7231445611118534,70.6,0.7994394235597191,0.334643792005459,0.7994394235597191
62.4,0.7800235774244798,0.3486571381107949,0.7800235774244798,1616.0,0.7573886051948995,0.365419418978584,0.7573886051948995,28.0,0.8046102432245033,0.3299537724535712,0.8046102432245033,-5.5,0.8149518825540717,0.3203094305321897,0.8149518825540717,14.43,0.7787561449005823,0.3525228608209886,0.7787561449005823,34.0,0.7347536329653194,0.3805750693393051,0.7347536329653194,31.0,0.7250962546822968,0.38368862775399126,0.7250962546822968,68.6,0.794268603894935,0.33924571061814474,0.794268603894935
17.3,0.7800235774244798,0.3486571381107949,0.7800235774244798,1639.0,0.7645111184301272,0.36126206004039624,0.7645111184301272,30.0,0.8097810628892876,0.3251756519624815,0.8097810628892876,0.0,0.8097810628892875,0.3251756519624815,0.8097810628892875,4.25,0.7787561449005823,0.3525228608209886,0.7787561449005823,19.0,0.741876146200547,0.3768953183187476,0.741876146200547,21.6,0.7270479482527401,0.38369347283673494,0.7270479482527401,63.9,0.7871460906597073,0.3440221712549752,0.7871460906597073
83.9,0.7800235774244797,0.34865713811079435,0.7800235774244797,1906.0,0.7716336316653546,0.356963207321197,0.7716336316653546,21.0,0.8149518825540718,0.32030943053218974,0.8149518825540718,-5.5,0.8046102432245033,0.3299537724535712,0.8046102432245033,24.54,0.7787561449005823,0.3525228608209891,0.7787561449005823,28.0,0.741876146200547,0.3768953183187476,0.741876146200547,35.3,0.7322187679175244,0.3801845216010668,0.7322187679175244,65.9,0.7871460906597073,0.3440221712549752,0.7871460906597073
89.8,0.7800235774244798,0.34865713811079546,0.7800235774244798,1510.0,0.773585325235798,0.35677237567686615,0.773585325235798,58.0,0.8149518825540718,0.32030943053218974,0.8149518825540718,-2.3,0.8046102432245033,0.3299537724535712,0.8046102432245033,19.77,0.7787561449005823,0.3525228608209886,0.7787561449005823,37.0,0.7367053265357627,0.38054441622039803,0.7367053265357627,33.7,0.7406087136766495,0.37671791832179274,0.7406087136766495,63.9,0.7871460906597073,0.3440221712549752,0.7871460906597073
50.6,0.7748527577596955,0.3529468796931968,0.7748527577596955,1865.0,0.773585325235798,0.35677237567686615,0.773585325235798,29.0,0.8149518825540718,0.32030943053218974,0.8149518825540718,-3.9,0.7994394235597191,0.334643792005459,0.7994394235597191,13.97,0.7787561449005823,0.3525228608209886,0.7787561449005823,38.0,0.7347536329653194,0.3805750693393051,0.7347536329653194,31.8,0.7489986594357746,0.37307407351717886,0.7489986594357746,70.2,0.7923169103244917,0.3395322906878305,0.7923169103244917
47.8,0.7748527577596955,0.3529468796931968,0.7748527577596955,1878.0,0.7787561449005823,0.3525228608209876,0.7787561449005823,38.0,0.8149518825540718,0.32030943053218974,0.8149518825540718,7.8,0.8046102432245033,0.3299537724535712,0.8046102432245033,13.67,0.7735853252357979,0.35677237567686615,0.7735853252357979,37.0,0.7263636872061942,0.38390177549527454,0.7263636872061942,30.6,0.7489986594357746,0.37307407351718086,0.7489986594357746,71.0,0.7923169103244917,0.3395322906878305,0.7923169103244917
28.2,0.7800235774244798,0.3486571381107949,0.7800235774244798,1774.0,0.7787561449005823,0.3525228608209876,0.7787561449005823,20.0,0.8097810628892876,0.3251756519624815,0.8097810628892876,0.0,0.8097810628892876,0.3251756519624815,0.8097810628892876,4.44,0.7684145055710138,0.36093378959354067,0.7684145055710138,23.0,0.7192411739709668,0.3872814634105011,0.7192411739709668,21.6,0.747046965865331,0.37315811947789507,0.747046965865331,58.8,0.7923169103244916,0.3395322906878293,0.7923169103244916
49.8,0.7800235774244798,0.34865713811079546,0.7800235774244798,886.0,0.7716336316653547,0.3569632073211975,0.7716336316653547,46.0,0.8046102432245033,0.3299537724535712,0.8046102432245033,-1.6,0.8097810628892875,0.3251756519624815,0.8097810628892875,5.63,0.7632436859062296,0.3650071025710147,0.7632436859062296,12.0,0.7140703543061824,0.3905803928653092,0.7140703543061824,23.1,0.747046965865331,0.37315811947789507,0.747046965865331,51.8,0.7871460906597074,0.34402217125497525,0.7871460906597074
86.3,0.7800235774244797,0.34865713811079435,0.7800235774244797,1239.0,0.7664628120005705,0.3611006841315338,0.7664628120005705,77.0,0.8046102432245033,0.3299537724535712,0.8046102432245033,0.0,0.8046102432245033,0.3299537724535712,0.8046102432245033,17.17,0.7561211726710019,0.3691113349346016,0.7561211726710019,29.0,0.7140703543061824,0.39058039286530827,0.7140703543061824,33.7,0.747046965865331,0.37315811947789507,0.747046965865331,60.4,0.7819752709949231,0.3484239508829175,0.7819752709949231
19.6,0.7800235774244798,0.34865713811079546,0.7800235774244798,2221.0,0.7684145055710139,0.3609337895935407,0.7684145055710139,67.0,0.8046102432245033,0.3299537724535712,0.8046102432245033,7.8,0.7994394235597191,0.334643792005459,0.7994394235597191,6.46,0.7612919923357861,0.3651500600026695,0.7612919923357861,38.0,0.7192411739709668,0.3872814634105011,0.7192411739709668,23.5,0.7541694791005585,0.3692248366307874,0.7541694791005585,60.8,0.776804451330139,0.35273762957165883,0.776804451330139
86.3,0.7800235774244798,0.34865713811079546,0.7800235774244798,1992.0,0.7664628120005705,0.3611006841315338,0.7664628120005705,46.0,0.8097810628892876,0.3251756519624815,0.8097810628892876,-3.9,0.7994394235597191,0.334643792005459,0.7994394235597191,25.6,0.7612919923357861,0.3651500600026695,0.7612919923357861,46.0,0.7192411739709668,0.3872814634105011,0.7192411739709668,35.3,0.7541694791005585,0.3692248366307874,0.7541694791005585,67.1,0.7696819380949114,0.3571485203363973,0.7696819380949114
27.5,0.785194397089264,0.3442792955891904,0.785194397089264,1884.0,0.7612919923357861,0.3651500600026695,0.7612919923357861,43.0,0.8046102432245033,0.3299537724535712,0.8046102432245033,-0.8,0.7994394235597191,0.334643792005459,0.7994394235597191,4.62,0.761291992335786,0.36515006000266936,0.761291992335786,47.0,0.7172894804005232,0.38724466519624534,0.7172894804005232,22.4,0.7541694791005586,0.3692248366307884,0.7541694791005586,58.0,0.7696819380949114,0.3571485203363973,0.7696819380949114
76.5,0.7903652167540484,0.33981335212838343,0.7903652167540484,1583.0,0.7612919923357861,0.3651500600026695,0.7612919923357861,18.0,0.7974877299892758,0.33495430918148195,0.7974877299892758,6.2,0.7994394235597191,0.334643792005459,0.7994394235597191,16.45,0.7612919923357861,0.3651500600026695,0.7612919923357861,49.0,0.7160220478766257,0.3870114206785616,0.7160220478766257,31.8,0.7541694791005585,0.3692248366307874,0.7541694791005585,68.6,0.7696819380949114,0.3571485203363973,0.7696819380949114
17.3,0.7903652167540484,0.33981335212838343,0.7903652167540484,1578.0,0.7612919923357861,0.3651500600026695,0.7612919923357861,32.0,0.7923169103244917,0.33953229068782936,0.7923169103244917,0.0,0.7994394235597191,0.334643792005459,0.7994394235597191,4.12,0.7664628120005704,0.3611006841315348,0.7664628120005704,43.0,0.7244119936357509,0.38389443301648946,0.7244119936357509,21.6,0.7541694791005585,0.3692248366307874,0.7541694791005585,63.1,0.7748527577596955,0.3529468796931968,0.7748527577596955
32.9,0.785194397089264,0.3442792955891904,0.785194397089264,1503.0,0.7612919923357861,0.3651500600026695,0.7612919923357861,19.0,0.7871460906597073,0.3440221712549752,0.7871460906597073,10.9,0.7994394235597191,0.33464379200545846,0.7994394235597191,11.51,0.7664628120005704,0.3611006841315348,0.7664628120005704,47.0,0.7295828133005351,0.38041930168327764,0.7295828133005351,30.2,0.7541694791005585,0.3692248366307874,0.7541694791005585,72.5,0.7748527577596955,0.3529468796931968,0.7748527577596955
15.7,0.785194397089264,0.3442792955891904,0.785194397089264,1535.0,0.7664628120005704,0.36110068413153373,0.7664628120005704,21.0,0.7890977842301506,0.34375952829162676,0.7890977842301506,0.0,0.7923169103244916,0.33953229068782886,0.7923169103244916,3.97,0.7664628120005704,0.3611006841315348,0.7664628120005704,41.0,0.7295828133005351,0.38041930168327764,0.7295828133005351,21.6,0.7612919923357861,0.3651500600026695,0.7612919923357861,60.8,0.7748527577596955,0.3529468796931968,0.7748527577596955
27.1,0.785194397089264,0.3442792955891904,0.785194397089264,1380.0,0.7612919923357861,0.3651500600026695,0.7612919923357861,40.0,0.7890977842301506,0.34375952829162676,0.7890977842301506,10.2,0.7871460906597073,0.3440221712549742,0.7871460906597073,3.39,0.7612919923357861,0.3651500600026695,0.7612919923357861,25.0,0.7295828133005351,0.38041930168327764,0.7295828133005351,20.0,0.7612919923357861,0.3651500600026695,0.7612919923357861,57.3,0.7748527577596955,0.3529468796931968,0.7748527577596955
92.2,0.785194397089264,0.3442792955891904,0.785194397089264,1406.0,0.761291992335786,0.36515006000266936,0.761291992335786,77.0,0.7890977842301506,0.34375952829162676,0.7890977842301506,2.3,0.7800235774244798,0.3486571381107944,0.7800235774244798,19.12,0.761291992335786,0.36515006000266936,0.761291992335786,37.0,0.7244119936357508,0.3838944330164894,0.7244119936357508,34.1,0.7612919923357861,0.3651500600026695,0.7612919923357861,60.8,0.7677302445244679,0.35732831472246684,0.7677302445244679
83.1,0.7800235774244798,0.34865713811079546,0.7800235774244798,1374.0,0.7612919923357861,0.3651500600026695,0.7612919923357861,72.0,0.7839269645653665,0.348185245025909,0.7839269645653665,3.9,0.7800235774244798,0.34865713811079385,0.7800235774244798,17.01,0.7612919923357861,0.3651500600026695,0.7612919923357861,47.0,0.7244119936357508,0.3838944330164894,0.7244119936357508,31.8,0.7561211726710019,0.3691113349346016,0.7561211726710019,65.9,0.7657785509540246,0.3575025904794028,0.7657785509540246
61.2,0.7729010641892522,0.35315061118560426,0.7729010641892522,1597.0,0.7664628120005705,0.3611006841315338,0.7664628120005705,70.0,0.7787561449005823,0.3525228608209886,0.7787561449005823,3.1,0.776804451330139,0.3488057868841294,0.776804451330139,12.43,0.7612919923357861,0.3651500600026695,0.7612919923357861,50.0,0.7244119936357508,0.3838944330164894,0.7244119936357508,30.2,0.7509503530062179,0.37298450892733287,0.7509503530062179,68.6,0.7625594248596839,0.3575581766951767,0.7625594248596839
91.8,0.7729010641892522,0.35315061118560426,0.7729010641892522,1707.0,0.773585325235798,0.35677237567686515,0.773585325235798,69.0,0.7787561449005822,0.35252286082098755,0.7787561449005822,-4.7,0.776804451330139,0.3488057868841294,0.776804451330139,24.12,0.7612919923357861,0.3651500600026695,0.7612919923357861,53.0,0.7244119936357508,0.3838944330164894,0.7244119936357508,35.7,0.7457795333414338,0.376769581980862,0.7457795333414338,63.5,0.7645111184301271,0.357392440800462,0.7645111184301271
85.9,0.7729010641892522,0.35315061118560426,0.7729010641892522,1812.0,0.773585325235798,0.35677237567686515,0.773585325235798,26.0,0.7787561449005823,0.3525228608209876,0.7787561449005823,-4.7,0.7716336316653547,0.3530575370499728,0.7716336316653547,21.42,0.7561211726710019,0.3691113349346016,0.7561211726710019,55.0,0.7222021068969688,0.3834373276935503,0.7222021068969688,34.1,0.738657020106206,0.3805082444723594,0.738657020106206,65.5,0.7645111184301272,0.35739244080046206,0.7645111184301272
33.3,0.7780718838540365,0.34888480670953964,0.7780718838540365,1801.0,0.773585325235798,0.35677237567686515,0.773585325235798,20.0,0.7716336316653546,0.356963207321198,0.7716336316653546,4.7,0.7716336316653547,0.3530575370499728,0.7716336316653547,13.87,0.7509503530062179,0.37298450892733287,0.7509503530062179,51.0,0.7202504133265255,0.3834194127064149,0.7202504133265255,31.4,0.7367053265357627,0.38054441622039803,0.7367053265357627,65.9,0.7645111184301271,0.357392440800462,0.7645111184301271
19.2,0.785194397089264,0.3442792955891904,0.785194397089264,1283.0,0.7787561449005823,0.3525228608209876,0.7787561449005823,99.0,0.7716336316653546,0.3569632073211975,0.7716336316653546,12.5,0.7716336316653547,0.3530575370499733,0.7716336316653547,3.57,0.7561211726710019,0.3691113349346016,0.7561211726710019,39.0,0.7202504133265255,0.3834194127064149,0.7202504133265255,20.4,0.7418761462005469,0.3768953183187476,0.7418761462005469,61.2,0.7645111184301271,0.357392440800462,0.7645111184301271
100.0,0.7923169103244917,0.33953229068782936,0.7923169103244917,1398.0,0.7787561449005823,0.3525228608209876,0.7787561449005823,86.0,0.7696819380949113,0.35714852033639777,0.7696819380949113,6.2,0.7664628120005705,0.3572211862766147,0.7664628120005705,23.46,0.7632436859062297,0.3650071025710153,0.7632436859062297,49.0,0.7222021068969688,0.3834373276935503,0.7222021068969688,56.9,0.7470469658653313,0.3731581194778952,0.7470469658653313,52.9,0.7573886051948995,0.3615858507699393,0.7573886051948995
19.6,0.7974877299892758,0.33495430918148245,0.7974877299892758,1899.0,0.7787561449005823,0.3525228608209876,0.7787561449005823,78.0,0.7696819380949113,0.35714852033639777,0.7696819380949113,0.0,0.7716336316653547,0.3530575370499728,0.7716336316653547,5.35,0.7632436859062296,0.3650071025710142,0.7632436859062296,50.0,0.7202504133265256,0.383419412706415,0.7202504133265256,23.1,0.7470469658653313,0.3731581194778952,0.7470469658653313,64.3,0.7573886051948995,0.3615858507699393,0.7573886051948995
28.6,0.7923169103244917,0.33953229068782936,0.7923169103244917,1430.0,0.7787561449005823,0.3525228608209876,0.7787561449005823,85.0,0.7645111184301271,0.36126206004039724,0.7645111184301271,5.5,0.7716336316653547,0.3530575370499733,0.7716336316653547,9.6,0.7632436859062297,0.3650071025710153,0.7632436859062297,40.0,0.7295828133005353,0.3804193016832778,0.7295828133005353,29.8,0.7470469658653313,0.3731581194778952,0.7470469658653313,59.2,0.7573886051948994,0.36158585076993977,0.7573886051948994
86.7,0.7923169103244917,0.33953229068782936,0.7923169103244917,2186.0,0.773585325235798,0.35677237567686615,0.773585325235798,43.0,0.7593402987653427,0.3652874988051925,0.7593402987653427,3.9,0.7716336316653547,0.3530575370499728,0.7716336316653547,24.8,0.7632436859062297,0.3650071025710153,0.7632436859062297,54.0,0.7367053265357627,0.3768155376769705,0.7367053265357627,27.23618212807402,0.7470469658653313,0.3731581194778952,0.7470469658653313,65.5,0.7522177855301152,0.3655254239055005,0.7522177855301152
47.1,0.7923169103244917,0.3395322906878299,0.7923169103244917,732.0,0.773585325235798,0.35677237567686615,0.773585325235798,28.0,0.7593402987653427,0.365287498805193,0.7593402987653427,-0.8,0.773585325235798,0.3528568267906565,0.773585325235798,3.54,0.7632436859062297,0.3650071025710153,0.7632436859062297,18.0,0.7367053265357627,0.376815537676971,0.7367053265357627,19.2,0.741876146200547,0.3768953183187476,0.741876146200547,66.3,0.7470469658653309,0.36937689610185864,0.7470469658653309
58.0,0.7974877299892758,0.33495430918148195,0.7974877299892758,1744.0,0.7735853252357979,0.35677237567686615,0.7735853252357979,96.0,0.7593402987653427,0.365287498805194,0.7593402987653427,3.1,0.7684145055710138,0.35704441312363566,0.7684145055710138,14.22,0.7684145055710139,0.3609337895935407,0.7684145055710139,28.0,0.7418761462005469,0.37314026735901684,0.7418761462005469,24.3,0.7470469658653313,0.3731581194778952,0.7470469658653313,68.6,0.738657020106206,0.3730307301555364,0.738657020106206
100.0,0.7974877299892758,0.33495430918148195,0.7974877299892758,1562.0,0.7787561449005823,0.3525228608209876,0.7787561449005823,60.0,0.7593402987653427,0.3652874988051935,0.7593402987653427,6.2,0.7684145055710138,0.35704441312363566,0.7684145055710138,27.96,0.7684145055710138,0.36093378959354067,0.7684145055710138,44.0,0.7418761462005469,0.37314026735901584,0.7418761462005469,42.7,0.7438278397709903,0.373070279889654,0.7438278397709903,54.1,0.738657020106206,0.3730307301555364,0.738657020106206
63.1,0.7974877299892758,0.33495430918148195,0.7974877299892758,1614.0,0.7839269645653666,0.348185245025908,0.7839269645653666,74.0,0.7664628120005704,0.3611006841315348,0.7664628120005704,5.5,0.7684145055710139,0.3570444131236357,0.7684145055710139,17.77,0.7684145055710138,0.36093378959354067,0.7684145055710138,46.0,0.747046965865331,0.3693768961018587,0.747046965865331,32.9,0.7450952722948877,0.37323664680947877,0.7450952722948877,74.5,0.7386570201062059,0.37303073015553634,0.7386570201062059
100.0,0.8026585496540599,0.33028822673593305,0.8026585496540599,1570.0,0.7839269645653666,0.348185245025908,0.7839269645653666,64.0,0.7664628120005704,0.3611006841315348,0.7664628120005704,2.3,0.7632436859062297,0.3611438985174144,0.7632436859062297,25.26,0.7684145055710138,0.36093378959354067,0.7684145055710138,50.0,0.7448370791265492,0.3690205975935695,0.7448370791265492,37.3,0.7522177855301152,0.36933281969784154,0.7522177855301152,57.6,0.7438278397709901,0.3693053503149382,0.7438278397709901
63.9,0.8097810628892875,0.3251756519624815,0.8097810628892875,1728.0,0.7890977842301509,0.34375952829162687,0.7890977842301509,27.0,0.7664628120005704,0.36110068413153423,0.7664628120005704,0.0,0.7632436859062296,0.36114389851741435,0.7632436859062296,16.82,0.773585325235798,0.35677237567686615,0.773585325235798,54.0,0.7418761462005469,0.3684593095578015,0.7418761462005469,32.2,0.7573886051948995,0.365419418978584,0.7573886051948995,64.7,0.7438278397709901,0.3693053503149382,0.7438278397709901
42.7,0.8046102432245033,0.3299537724535712,0.8046102432245033,771.0,0.7871460906597074,0.3440221712549732,0.7871460906597074,30.0,0.761291992335786,0.3651500600026699,0.761291992335786,4.7,0.7580728662414452,0.3651552829719904,0.7580728662414452,4.31,0.7716336316653546,0.3569632073211975,0.7716336316653546,33.67243525896414,0.7418761462005468,0.3684593095578009,0.7418761462005468,20.8,0.7573886051948995,0.365419418978584,0.7573886051948995,64.3,0.738657020106206,0.3730307301555364,0.738657020106206
100.0,0.8046102432245033,0.3299537724535712,0.8046102432245033,1376.0,0.7871460906597074,0.3440221712549732,0.7871460906597074,24.0,0.7541694791005585,0.3692248366307874,0.7541694791005585,0.8,0.7580728662414452,0.3651552829719899,0.7580728662414452,23.98,0.776804451330139,0.35273762957165833,0.776804451330139,38.0,0.7418761462005469,0.368459309557801,0.7418761462005469,56.9,0.7573886051948995,0.365419418978584,0.7573886051948995,54.9,0.7386570201062059,0.37303073015553634,0.7386570201062059
76.9,0.8046102432245033,0.3299537724535712,0.8046102432245033,1625.0,0.7871460906597074,0.3440221712549732,0.7871460906597074,73.0,0.7489986594357745,0.3730740735171803,0.7489986594357745,-3.9,0.7632436859062296,0.3611438985174149,0.7632436859062296,19.02,0.7696819380949113,0.35714852033639727,0.7696819380949113,54.0,0.7367053265357627,0.37216720579151374,0.7367053265357627,32.9,0.7573886051948995,0.365419418978584,0.7573886051948995,65.1,0.7334862004414218,0.3766680090569324,0.7334862004414218
85.1,0.8046102432245033,0.3299537724535712,0.8046102432245033,1850.0,0.7871460906597074,0.3440221712549732,0.7871460906597074,66.0,0.7489986594357745,0.3730740735171803,0.7489986594357745,1.6,0.7684145055710139,0.3570444131236367,0.7684145055710139,21.88,0.7696819380949113,0.35714852033639727,0.7696819380949113,58.0,0.7295828133005351,0.3758159101616041,0.7295828133005351,34.1,0.7573886051948995,0.365419418978585,0.7573886051948995,65.5,0.7334862004414218,0.3766680090569324,0.7334862004414218
69.8,0.8046102432245033,0.3299537724535712,0.8046102432245033,1968.0,0.7923169103244917,0.3395322906878278,0.7923169103244917,57.0,0.7438278397709902,0.3768352094643706,0.7438278397709902,-0.8,0.7632436859062296,0.36114389851741435,0.7632436859062296,19.96,0.7696819380949113,0.35714852033639727,0.7696819380949113,59.0,0.7188747969653966,0.3784350740607491,0.7188747969653966,33.3,0.7522177855301152,0.36933281969784154,0.7522177855301152,67.5,0.7293246201321966,0.37628307319405335,0.7293246201321966
62.4,0.8097810628892875,0.3251756519624815,0.8097810628892875,1951.0,0.7923169103244918,0.3395322906878289,0.7923169103244918,72.0,0.7489986594357745,0.3730740735171803,0.7489986594357745,-10.9,0.7580728662414452,0.3651552829719904,0.7580728662414452,14.72,0.7768044513301391,0.35273762957165783,0.7768044513301391,56.0,0.711752283730169,0.38175532323070377,0.711752283730169,27.1,0.7502660919596718,0.36943528413576343,0.7502660919596718,66.7,0.7293246201321966,0.37628307319405335,0.7293246201321966
29.4,0.8046102432245033,0.3299537724535712,0.8046102432245033,1751.0,0.7923169103244917,0.33953229068782936,0.7923169103244917,27.0,0.7489986594357745,0.3730740735171803,0.7489986594357745,6.2,0.7632436859062296,0.36114389851741435,0.7632436859062296,11.34,0.7768044513301391,0.35273762957165783,0.7768044513301391,55.0,0.711752283730169,0.38175532323070377,0.711752283730169,31.0,0.7502660919596718,0.36943528413576343,0.7502660919596718,73.7,0.7293246201321966,0.37628307319405335,0.7293246201321966
36.9,0.8046102432245033,0.3299537724535712,0.8046102432245033,1832.0,0.7923169103244916,0.3395322906878293,0.7923169103244916,60.0,0.7541694791005585,0.3692248366307874,0.7541694791005585,7.0,0.7632436859062296,0.36114389851741435,0.7632436859062296,11.32,0.7748527577596955,0.3529468796931968,0.7748527577596955,57.0,0.7065814640653848,0.38500130594590637,0.7065814640653848,30.6,0.7554369116244561,0.3655458205228453,0.7554369116244561,72.9,0.7364471333674241,0.3726427945340635,0.7364471333674241
56.1,0.8046102432245033,0.3299537724535712,0.8046102432245033,1946.0,0.7923169103244916,0.3395322906878293,0.7923169103244916,48.0,0.7541694791005586,0.3692248366307874,0.7541694791005586,-3.1,0.7632436859062296,0.36114389851741435,0.7632436859062296,16.51,0.7748527577596955,0.3529468796931968,0.7748527577596955,60.0,0.7065814640653848,0.38500130594590637,0.7065814640653848,31.8,0.7625594248596836,0.3614179173201259,0.7625594248596836,69.4,0.7448370791265492,0.3690205975935695,0.7448370791265492
52.5,0.7994394235597191,0.334643792005459,0.7994394235597191,2000.0,0.7923169103244916,0.3395322906878293,0.7923169103244916,32.0,0.7541694791005585,0.3692248366307884,0.7541694791005585,-2.3,0.7632436859062296,0.3611438985174149,0.7632436859062296,16.16,0.7677302445244679,0.35732831472246585,0.7677302445244679,57.0,0.7065814640653848,0.38500130594590637,0.7065814640653848,32.5,0.767730244524468,0.3573283147224659,0.767730244524468,69.8,0.7467887726969925,0.3689317268970883,0.7467887726969925
17.6,0.8046102432245033,0.3299537724535712,0.8046102432245033,1506.438032627222,0.7974877299892756,0.3349543091814814,0.7974877299892756,19.0,0.7489986594357745,0.3730740735171803,0.7489986594357745,0.0,0.7632436859062296,0.36114389851741435,0.7632436859062296,4.68,0.7606077312892403,0.36156825597072506,0.7606077312892403,34.0,0.7046297704949415,0.3849340786196491,0.7046297704949415,22.4,0.767730244524468,0.3573283147224659,0.767730244524468,63.5,0.756121172671002,0.36528418191229184,0.756121172671002
31.8,0.8046102432245033,0.3299537724535712,0.8046102432245033,913.0,0.7974877299892756,0.3349543091814819,0.7974877299892756,66.0,0.7489986594357745,0.3730740735171803,0.7489986594357745,3.9,0.7684145055710138,0.35704441312363566,0.7684145055710138,2.66,0.7606077312892403,0.36156825597072506,0.7606077312892403,20.0,0.7065814640653847,0.38500130594590537,0.7065814640653847,17.6,0.7729010641892522,0.35315061118560426,0.7729010641892522,48.2,0.7612919923357861,0.361296734564054,0.7612919923357861
100.0,0.8097810628892876,0.3251756519624815,0.8097810628892876,1998.0,0.7923169103244917,0.33953229068782936,0.7923169103244917,49.0,0.7489986594357745,0.3730740735171803,0.7489986594357745,0.0,0.7664628120005704,0.35722118627661514,0.7664628120005704,33.25,0.767730244524468,0.3573283147224654,0.767730244524468,30.0,0.711752283730169,0.38175532323070377,0.711752283730169,36.9,0.7729010641892522,0.35315061118560426,0.7729010641892522,62.0,0.7612919923357861,0.361296734564054,0.7612919923357861
32.2,0.8097810628892876,0.3251756519624815,0.8097810628892876,2095.0,0.7923169103244916,0.3395322906878293,0.7923169103244916,69.0,0.7541694791005585,0.3692248366307874,0.7541694791005585,3.9,0.7696819380949113,0.35714852033639727,0.7696819380949113,8.35,0.7625594248596839,0.361417917320126,0.7625594248596839,43.0,0.7169231033949532,0.3784212395763011,0.7169231033949532,21.6,0.7677302445244679,0.35732831472246684,0.7677302445244679,63.1,0.7612919923357861,0.361296734564054,0.7612919923357861
63.1,0.8046102432245033,0.3299537724535712,0.8046102432245033,1452.0,0.7923169103244916,0.3395322906878293,0.7923169103244916,33.0,0.7593402987653427,0.3652874988051925,0.7593402987653427,-9.4,0.7696819380949113,0.35714852033639727,0.7696819380949113,7.05,0.7645111184301272,0.36126206004039624,0.7645111184301272,27.0,0.7169231033949532,0.3784212395763011,0.7169231033949532,23.9,0.7729010641892522,0.35315061118560426,0.7729010641892522,60.8,0.7664628120005704,0.35722118627661464,0.7664628120005704
51.0,0.8046102432245033,0.3299537724535712,0.8046102432245033,714.0,0.785194397089264,0.3442792955891904,0.785194397089264,69.0,0.7645111184301269,0.36126206004039607,0.7645111184301269,-4.7,0.7748527577596955,0.3529468796931968,0.7748527577596955,4.74,0.7664628120005705,0.3611006841315338,0.7664628120005705,17.0,0.708533157635828,0.38147673123547293,0.708533157635828,21.2,0.7748527577596955,0.3529468796931968,0.7748527577596955,62.0,0.7664628120005704,0.35722118627661464,0.7664628120005704
100.0,0.8046102432245033,0.3299537724535712,0.8046102432245033,1970.0,0.7923169103244916,0.3395322906878293,0.7923169103244916,85.0,0.7593402987653427,0.365287498805193,0.7593402987653427,0.0,0.7748527577596955,0.3529468796931968,0.7748527577596955,32.77,0.7593402987653428,0.36528749880519307,0.7593402987653428,35.0,0.7137039773006123,0.3781806389976283,0.7137039773006123,39.2,0.7748527577596955,0.3529468796931979,0.7748527577596955,60.8,0.7664628120005704,0.35722118627661514,0.7664628120005704
18.0,0.8046102432245034,0.32995377245357127,0.8046102432245034,1443.0,0.7974877299892758,0.33495430918148145,0.7974877299892758,21.0,0.7645111184301271,0.36126206004039624,0.7645111184301271,7.8,0.7748527577596955,0.3529468796931968,0.7748527577596955,3.83,0.7593402987653429,0.3652874988051931,0.7593402987653429,28.0,0.7208264905358399,0.3747948830609132,0.7208264905358399,21.2,0.7748527577596955,0.3529468796931979,0.7748527577596955,74.5,0.7612919923357861,0.3612967345640545,0.7612919923357861
36.5,0.8046102432245033,0.3299537724535712,0.8046102432245033,814.0,0.7974877299892758,0.33495430918148145,0.7974877299892758,36.0,0.7645111184301271,0.3612620600403957,0.7645111184301271,-7.0,0.7819752709949231,0.3484239508829175,0.7819752709949231,4.03,0.7593402987653428,0.36528749880519307,0.7593402987653428,4.0,0.7208264905358399,0.3747948830609132,0.7208264905358399,20.0,0.7748527577596955,0.3529468796931979,0.7748527577596955,52.9,0.7612919923357861,0.3612967345640545,0.7612919923357861
38.8,0.8046102432245033,0.3299537724535712,0.8046102432245033,806.0,0.7923169103244916,0.3395322906878293,0.7923169103244916,61.0,0.7696819380949113,0.35714852033639727,0.7696819380949113,1.6,0.7819752709949233,0.34842395088291755,0.7819752709949233,4.56,0.7593402987653428,0.36528749880519307,0.7593402987653428,13.0,0.7208264905358399,0.3747948830609132,0.7208264905358399,20.8,0.7748527577596955,0.3529468796931979,0.7748527577596955,54.5,0.7664628120005704,0.35722118627661464,0.7664628120005704
81.6,0.8046102432245033,0.3299537724535712,0.8046102432245033,1262.0,0.7994394235597191,0.334643792005459,0.7994394235597191,37.0,0.7748527577596953,0.3529468796931972,0.7748527577596953,3.9,0.7819752709949231,0.3484239508829175,0.7819752709949231,20.14,0.7593402987653428,0.36528749880519307,0.7593402987653428,20.0,0.7137039773006123,0.3781806389976279,0.7137039773006123,34.9,0.7748527577596955,0.3529468796931974,0.7748527577596955,60.0,0.7664628120005704,0.35722118627661464,0.7664628120005704
24.3,0.8046102432245033,0.3299537724535712,0.8046102432245033,1090.0,0.7994394235597191,0.334643792005459,0.7994394235597191,41.0,0.7748527577596954,0.3529468796931973,0.7748527577596954,1.6,0.7819752709949231,0.3484239508829175,0.7819752709949231,3.95,0.7593402987653428,0.36528749880519307,0.7593402987653428,19.0,0.7188747969653966,0.3747964458205813,0.7188747969653966,19.6,0.7748527577596955,0.3529468796931974,0.7748527577596955,57.6,0.7664628120005704,0.35722118627661464,0.7664628120005704
24.7,0.8046102432245033,0.3299537724535712,0.8046102432245033,1566.0,0.7994394235597191,0.334643792005459,0.7994394235597191,42.0,0.7748527577596954,0.3529468796931973,0.7748527577596954,8.6,0.7748527577596955,0.3529468796931968,0.7748527577596955,3.81,0.7645111184301272,0.36126206004039624,0.7645111184301272,25.0,0.7259973102006241,0.3712986518383262,0.7259973102006241,20.8,0.7748527577596955,0.3529468796931979,0.7748527577596955,59.2,0.7716336316653547,0.3530575370499728,0.7716336316653547
34.5,0.8046102432245033,0.3299537724535712,0.8046102432245033,848.0,0.7994394235597191,0.334643792005459,0.7994394235597191,40.0,0.7800235774244797,0.34865713811079485,0.7800235774244797,3.1,0.7696819380949113,0.35714852033639727,0.7696819380949113,3.41,0.7696819380949114,0.3571485203363973,0.7696819380949114,15.0,0.7259973102006241,0.3712986518383262,0.7259973102006241,18.8,0.7800235774244798,0.34865713811079546,0.7800235774244798,52.5,0.7716336316653547,0.3530575370499728,0.7716336316653547
52.2,0.7994394235597191,0.334643792005459,0.7994394235597191,1367.0,0.7994394235597191,0.334643792005459,0.7994394235597191,19.0,0.7871460906597073,0.3440221712549752,0.7871460906597073,-0.8,0.7625594248596836,0.3614179173201259,0.7625594248596836,8.94,0.7612919923357861,0.361296734564054,0.7612919923357861,13.0,0.7259973102006241,0.3712986518383262,0.7259973102006241,25.5,0.785194397089264,0.3442792955891904,0.785194397089264,62.7,0.7768044513301391,0.3488057868841295,0.7768044513301391
35.7,0.7994394235597191,0.334643792005459,0.7994394235597191,828.0,0.7994394235597191,0.334643792005459,0.7994394235597191,36.0,0.7923169103244917,0.33953229068782936,0.7923169103244917,-7.8,0.7573886051948995,0.3654194189785845,0.7573886051948995,3.89,0.7612919923357861,0.361296734564054,0.7612919923357861,0.0,0.7240456166301806,0.37132415170433397,0.7240456166301806,19.6,0.7923169103244916,0.33953229068782986,0.7923169103244916,67.1,0.7768044513301391,0.3488057868841295,0.7768044513301391
81.2,0.794268603894935,0.33924571061814474,0.794268603894935,1856.0,0.7942686038949351,0.33924571061814374,0.7942686038949351,72.0,0.7923169103244917,0.33953229068782936,0.7923169103244917,-0.8,0.7593402987653428,0.36528749880519307,0.7593402987653428,24.56,0.7664628120005705,0.3572211862766142,0.7664628120005705,32.0,0.7311681298654081,0.3677143196765371,0.7311681298654081,34.9,0.7974877299892758,0.33495430918148145,0.7974877299892758,66.3,0.7819752709949233,0.3444659357790835,0.7819752709949233
99.6,0.794268603894935,0.33924571061814474,0.794268603894935,2020.0,0.7890977842301509,0.34375952829162687,0.7890977842301509,63.0,0.7923169103244917,0.33953229068782936,0.7923169103244917,-1.6,0.7541694791005585,0.3692248366307874,0.7541694791005585,30.15,0.7716336316653547,0.3530575370499728,0.7716336316653547,49.0,0.7311681298654081,0.3677143196765371,0.7311681298654081,36.9,0.7923169103244916,0.33953229068782986,0.7923169103244916,63.5,0.7871460906597073,0.3400379837348365,0.7871460906597073
42.0,0.7994394235597191,0.334643792005459,0.7994394235597191,2560.0,0.7839269645653665,0.348185245025908,0.7839269645653665,18.0,0.7923169103244917,0.33953229068782936,0.7923169103244917,-3.1,0.7541694791005585,0.3692248366307864,0.7541694791005585,16.12,0.776804451330139,0.3488057868841294,0.776804451330139,54.0,0.7343872559597491,0.3678324061433109,0.7343872559597491,31.8,0.7923169103244916,0.3395322906878304,0.7923169103244916,73.3,0.7871460906597074,0.34003798373483546,0.7871460906597074
57.6,0.7994394235597191,0.334643792005459,0.7994394235597191,2016.0,0.7890977842301509,0.34375952829162687,0.7890977842301509,47.0,0.7923169103244917,0.33953229068782936,0.7923169103244917,-3.1,0.7541694791005585,0.3692248366307874,0.7541694791005585,16.87,0.776804451330139,0.3488057868841294,0.776804451330139,62.0,0.7302670743470807,0.3668668528556749,0.7302670743470807,32.2,0.7923169103244916,0.3395322906878304,0.7923169103244916,69.4,0.7923169103244914,0.3355219307513864,0.7923169103244914
41.6,0.7994394235597191,0.334643792005459,0.7994394235597191,2048.0,0.7890977842301509,0.34375952829162687,0.7890977842301509,36.0,0.7923169103244917,0.33953229068782936,0.7923169103244917,-3.1,0.7470469658653313,0.3731581194778952,0.7470469658653313,12.68,0.776804451330139,0.3488057868841294,0.776804451330139,60.0,0.7302670743470808,0.36686685285567494,0.7302670743470808,30.2,0.7923169103244916,0.3395322906878293,0.7923169103244916,72.2,0.7994394235597191,0.33059738103772607,0.7994394235597191
49.0,0.7923169103244917,0.33953229068782886,0.7923169103244917,1735.0,0.7890977842301509,0.34375952829162687,0.7890977842301509,19.0,0.7871460906597073,0.3440221712549752,0.7871460906597073,-2.3,0.7418761462005469,0.3768953183187471,0.7418761462005469,11.57,0.7748527577596955,0.34902491562065335,0.7748527577596955,63.0,0.7302670743470808,0.36686685285567494,0.7302670743470808,29.8,0.7871460906597074,0.3440221712549742,0.7871460906597074,70.6,0.7994394235597191,0.33059738103772607,0.7994394235597191
33.7,0.7871460906597074,0.3440221712549742,0.7871460906597074,1688.0,0.7890977842301509,0.34375952829162737,0.7890977842301509,22.0,0.7871460906597073,0.3440221712549752,0.7871460906597073,3.1,0.7418761462005469,0.3768953183187486,0.7418761462005469,8.33,0.7696819380949114,0.3532527286801574,0.7696819380949114,59.0,0.7302670743470807,0.3668668528556749,0.7302670743470807,27.1,0.7871460906597074,0.3440221712549742,0.7871460906597074,73.7,0.8026585496540599,0.3302882267359325,0.8026585496540599
18.4,0.7819752709949233,0.34842395088291755,0.7819752709949233,1518.0,0.7890977842301509,0.34375952829162687,0.7890977842301509,21.0,0.785194397089264,0.34427929558918985,0.785194397089264,7.8,0.7367053265357627,0.38054441622039753,0.7367053265357627,4.11,0.7645111184301271,0.357392440800462,0.7645111184301271,48.0,0.7363389495301924,0.36776891067961287,0.7363389495301924,21.6,0.7871460906597074,0.3440221712549732,0.7871460906597074,65.1,0.7974877299892758,0.334954309181483,0.7974877299892758
32.9,0.7871460906597074,0.3440221712549732,0.7871460906597074,801.0,0.7871460906597072,0.34402217125497514,0.7871460906597072,30.0,0.7923169103244917,0.33953229068782886,0.7923169103244917,-2.3,0.7418761462005469,0.3768953183187471,0.7418761462005469,3.82,0.7573886051948995,0.3615858507699393,0.7573886051948995,18.0,0.7399244526301034,0.3685360928460577,0.7399244526301034,20.0,0.7819752709949233,0.3484239508829165,0.7819752709949233,59.2,0.7974877299892758,0.33495430918148195,0.7974877299892758
65.5,0.7819752709949233,0.34842395088291755,0.7819752709949233,1604.0,0.7890977842301509,0.34375952829162737,0.7890977842301509,63.0,0.7923169103244917,0.33953229068782886,0.7923169103244917,5.5,0.747046965865331,0.37315811947789507,0.747046965865331,18.22,0.7573886051948995,0.3615858507699393,0.7573886051948995,33.0,0.7347536329653193,0.37222005197343166,0.7347536329653193,32.9,0.776804451330139,0.35273762957165883,0.776804451330139,67.5,0.7903652167540481,0.3398133521283833,0.7903652167540481
65.1,0.7839269645653666,0.348185245025908,0.7839269645653666,1795.0,0.7890977842301506,0.34375952829162837,0.7890977842301506,77.0,0.7994394235597191,0.334643792005459,0.7994394235597191,-2.3,0.7541694791005585,0.3692248366307864,0.7541694791005585,18.17,0.7489986594357743,0.3654918695351386,0.7489986594357743,46.0,0.7276311197300916,0.37583930060805254,0.7276311197300916,32.5,0.7696819380949114,0.3571485203363973,0.7696819380949114,69.8,0.7903652167540481,0.3398133521283833,0.7903652167540481
33.3,0.7839269645653666,0.34818524502590903,0.7839269645653666,2751.0,0.7819752709949231,0.3484239508829175,0.7819752709949231,18.0,0.7994394235597191,0.334643792005459,0.7994394235597191,0.0,0.7541694791005585,0.3692248366307874,0.7541694791005585,9.48,0.7418761462005468,0.36938521639928507,0.7418761462005468,44.0,0.7224603000653075,0.37932312075068464,0.7224603000653075,26.3,0.7645111184301271,0.36126206004039624,0.7645111184301271,76.9,0.7819752709949231,0.34446593577908347,0.7819752709949231
17.3,0.7890977842301509,0.34375952829162687,0.7890977842301509,1453.0,0.7819752709949231,0.3484239508829175,0.7819752709949231,99.0,0.7994394235597191,0.334643792005459,0.7994394235597191,7.8,0.7541694791005585,0.3692248366307874,0.7541694791005585,3.74,0.7438278397709901,0.3693053503149387,0.7438278397709901,33.0,0.7224603000653075,0.37932312075068464,0.7224603000653075,20.8,0.7716336316653547,0.3569632073211975,0.7716336316653547,62.7,0.7871460906597073,0.3400379837348365,0.7871460906597073
100.0,0.7839269645653665,0.348185245025909,0.7839269645653665,1969.0,0.7819752709949231,0.3484239508829175,0.7819752709949231,89.0,0.794268603894935,0.33924571061814474,0.794268603894935,0.8,0.7593402987653428,0.36528749880519307,0.7593402987653428,35.81,0.7367053265357627,0.3730866591335434,0.7367053265357627,47.0,0.7276311197300918,0.37583930060805254,0.7276311197300918,59.6,0.7645111184301271,0.36126206004039624,0.7645111184301271,59.6,0.7890977842301509,0.3397654621565049,0.7890977842301509
17.6,0.7839269645653666,0.34818524502590903,0.7839269645653666,2228.0,0.7819752709949231,0.3484239508829175,0.7819752709949231,41.77021121631464,0.794268603894935,0.33924571061814474,0.794268603894935,0.0,0.7645111184301272,0.36126206004039624,0.7645111184301272,5.88,0.7399244526301036,0.3732047361992467,0.7399244526301036,35.0,0.7276311197300918,0.37583930060805254,0.7276311197300918,23.5,0.7645111184301271,0.36126206004039624,0.7645111184301271,64.3,0.7871460906597074,0.34003798373483546,0.7871460906597074
59.6,0.7890977842301509,0.34375952829162687,0.7890977842301509,1932.0,0.7871460906597074,0.3440221712549742,0.7871460906597074,26.0,0.7890977842301509,0.34375952829162687,0.7890977842301509,3.9,0.7645111184301272,0.36126206004039624,0.7645111184301272,17.01,0.7470469658653309,0.36937689610185864,0.7470469658653309,46.0,0.732801939394876,0.3722673795262176,0.732801939394876,32.2,0.7645111184301271,0.36126206004039624,0.7645111184301271,69.0,0.7903652167540481,0.3398133521283833,0.7903652167540481
41.2,0.7839269645653665,0.348185245025909,0.7839269645653665,1629.0,0.7923169103244917,0.33953229068782886,0.7923169103244917,19.0,0.7871460906597073,0.3440221712549752,0.7871460906597073,-2.3,0.7696819380949114,0.3571485203363973,0.7696819380949114,9.73,0.741876146200547,0.37314026735901595,0.741876146200547,52.0,0.7428853855561057,0.369103949660919,0.7428853855561057,28.2,0.7573886051948995,0.365419418978584,0.7573886051948995,72.2,0.7819752709949231,0.34446593577908347,0.7819752709949231
40.4,0.7839269645653665,0.348185245025909,0.7839269645653665,780.0,0.7942686038949351,0.33924571061814374,0.7942686038949351,32.0,0.794268603894935,0.33924571061814474,0.794268603894935,-10.9,0.7696819380949114,0.3571485203363973,0.7696819380949114,4.46,0.7438278397709903,0.37307027988965447,0.7438278397709903,13.0,0.7522177855301152,0.3655254239055005,0.7522177855301152,20.8,0.7554369116244561,0.3655458205228453,0.7554369116244561,56.5,0.7768044513301391,0.3488057868841295,0.7768044513301391
45.5,0.7839269645653665,0.3481852450259095,0.7839269645653665,1204.0,0.7994394235597191,0.334643792005459,0.7994394235597191,55.0,0.7994394235597191,0.334643792005459,0.7994394235597191,3.9,0.7696819380949114,0.3571485203363973,0.7696819380949114,8.82,0.7438278397709903,0.37307027988965447,0.7438278397709903,27.0,0.7522177855301153,0.3655254239055005,0.7522177855301153,27.8,0.7502660919596718,0.36943528413576343,0.7502660919596718,64.3,0.7768044513301391,0.3488057868841295,0.7768044513301391
47.5,0.7839269645653666,0.3481852450259096,0.7839269645653666,2026.0,0.7942686038949351,0.33924571061814374,0.7942686038949351,62.0,0.7994394235597191,0.334643792005459,0.7994394235597191,5.5,0.7645111184301271,0.36126206004039624,0.7645111184301271,14.93,0.7489986594357745,0.369282971526159,0.7489986594357745,36.0,0.7593402987653428,0.361444051981562,0.7593402987653428,30.2,0.7450952722948878,0.3732366468094788,0.7450952722948878,76.1,0.776804451330139,0.3488057868841294,0.776804451330139
43.1,0.7890977842301506,0.3437595282916273,0.7890977842301506,1869.0,0.7994394235597191,0.334643792005459,0.7994394235597191,39.0,0.8046102432245033,0.3299537724535712,0.8046102432245033,0.0,0.7696819380949114,0.3571485203363973,0.7696819380949114,11.74,0.7573886051948994,0.3654194189785855,0.7573886051948994,40.0,0.7541694791005586,0.36540756222346255,0.7541694791005586,29.8,0.7470469658653313,0.3731581194778952,0.7470469658653313,71.0,0.7819752709949233,0.3444659357790835,0.7819752709949233
52.2,0.794268603894935,0.33924571061814474,0.794268603894935,2066.0,0.7994394235597191,0.334643792005459,0.7994394235597191,34.0,0.8097810628892875,0.3251756519624815,0.8097810628892875,0.8,0.7696819380949114,0.3571485203363973,0.7696819380949114,15.74,0.7625594248596836,0.36141791732012696,0.7625594248596836,45.0,0.7519595923617767,0.3650802558282486,0.7519595923617767,31.8,0.7541694791005585,0.3692248366307874,0.7541694791005585,70.2,0.7839269645653666,0.3442173513070906,0.7839269645653666
18.0,0.794268603894935,0.33924571061814474,0.794268603894935,1506.0,0.7942686038949351,0.33924571061814374,0.7942686038949351,35.0,0.8097810628892875,0.3251756519624815,0.8097810628892875,3.1,0.7696819380949114,0.3571485203363973,0.7696819380949114,3.59,0.7625594248596836,0.3614179173201259,0.7625594248596836,47.0,0.7418761462005468,0.3684593095578009,0.7418761462005468,20.0,0.7541694791005585,0.3692248366307874,0.7541694791005585,63.5,0.7839269645653665,0.3442173513070906,0.7839269645653665
26.7,0.7890977842301506,0.3437595282916273,0.7890977842301506,1602.0,0.7942686038949351,0.33924571061814374,0.7942686038949351,25.0,0.8097810628892875,0.3251756519624815,0.8097810628892875,-2.3,0.7748527577596955,0.3529468796931968,0.7748527577596955,6.33,0.7573886051948994,0.3654194189785855,0.7573886051948994,48.0,0.7311681298654085,0.3714151713642994,0.7311681298654085,24.7,0.7612919923357861,0.3651500600026695,0.7612919923357861,74.1,0.7839269645653666,0.3442173513070906,0.7839269645653666
36.5,0.7871460906597073,0.3440221712549742,0.7871460906597073,1522.0,0.7994394235597191,0.33464379200545846,0.7994394235597191,19.0,0.8097810628892875,0.3251756519624815,0.8097810628892875,4.7,0.7748527577596955,0.3529468796931963,0.7748527577596955,8.41,0.7522177855301152,0.36933281969784154,0.7522177855301152,42.0,0.7311681298654085,0.37141517136429797,0.7311681298654085,27.8,0.7684145055710138,0.36093378959354067,0.7684145055710138,72.2,0.7787561449005823,0.3485811395184743,0.7787561449005823
36.9,0.7851943970892641,0.34427929558919046,0.7851943970892641,900.0,0.7994394235597191,0.334643792005459,0.7994394235597191,31.0,0.8097810628892875,0.3251756519624815,0.8097810628892875,-7.8,0.7748527577596955,0.3529468796931968,0.7748527577596955,3.84,0.7522177855301152,0.36933281969784154,0.7522177855301152,26.0,0.7311681298654085,0.3714151713642984,0.7311681298654085,19.6,0.773585325235798,0.35677237567686615,0.773585325235798,65.9,0.7871460906597073,0.3440221712549752,0.7871460906597073
43.5,0.785194397089264,0.3442792955891904,0.785194397089264,759.0,0.7994394235597191,0.334643792005459,0.7994394235597191,32.0,0.8097810628892875,0.3251756519624815,0.8097810628892875,-4.7,0.7696819380949114,0.3571485203363973,0.7696819380949114,4.53,0.7470469658653313,0.3731581194778952,0.7470469658653313,10.0,0.7227781841062834,0.3747878016721126,0.7227781841062834,22.0,0.773585325235798,0.35677237567686615,0.773585325235798,56.9,0.7871460906597074,0.3440221712549742,0.7871460906597074
40.0,0.785194397089264,0.3442792955891904,0.785194397089264,783.0,0.794268603894935,0.33924571061814474,0.794268603894935,34.0,0.8026585496540599,0.3302882267359325,0.8026585496540599,-3.1,0.7625594248596836,0.36141791732012696,0.7625594248596836,4.49,0.7470469658653313,0.3731581194778952,0.7470469658653313,0.0,0.7279490037710676,0.37126763334318785,0.7279490037710676,20.8,0.7787561449005824,0.3525228608209876,0.7787561449005824,59.6,0.7871460906597074,0.3440221712549742,0.7871460906597074
43.5,0.785194397089264,0.3442792955891904,0.785194397089264,811.0,0.7890977842301509,0.34375952829162687,0.7890977842301509,41.0,0.8026585496540599,0.3302882267359325,0.8026585496540599,1.6,0.7554369116244561,0.3655458205228453,0.7554369116244561,4.77,0.747046965865331,0.37315811947789507,0.747046965865331,8.0,0.7315345068709787,0.3720842949589016,0.7315345068709787,21.2,0.7787561449005823,0.3525228608209876,0.7787561449005823,53.3,0.7819752709949231,0.3484239508829175,0.7819752709949231
18.8,0.7800235774244798,0.3486571381107944,0.7800235774244798,907.0,0.7819752709949231,0.3484239508829175,0.7819752709949231,52.0,0.7974877299892758,0.33495430918148195,0.7974877299892758,-3.9,0.7554369116244561,0.3655458205228453,0.7554369116244561,4.35,0.747046965865331,0.37315811947789507,0.747046965865331,13.0,0.7364471333674243,0.3726427945340636,0.7364471333674243,22.4,0.7839269645653666,0.348185245025908,0.7839269645653666,63.1,0.7819752709949231,0.3484239508829175,0.7819752709949231
82.4,0.7800235774244798,0.3486571381107944,0.7800235774244798,1785.0,0.7768044513301388,0.3527376295716588,0.7768044513301388,23.0,0.7923169103244917,0.33953229068782936,0.7923169103244917,3.1,0.7625594248596836,0.36141791732012696,0.7625594248596836,22.04,0.7522177855301152,0.36933281969784154,0.7522177855301152,32.0,0.73127631370264,0.37625613520160134,0.73127631370264,34.5,0.7890977842301509,0.34375952829162687,0.7890977842301509,66.3,0.7819752709949231,0.3484239508829175,0.7819752709949231
24.3,0.7800235774244798,0.3486571381107944,0.7800235774244798,1135.0,0.7768044513301388,0.3527376295716588,0.7768044513301388,69.0,0.7923169103244917,0.33953229068782936,0.7923169103244917,-0.8,0.7677302445244679,0.35732831472246585,0.7677302445244679,3.98,0.7522177855301152,0.36933281969784154,0.7522177855301152,17.0,0.7312763137026399,0.3762561352016013,0.7312763137026399,18.8,0.7942686038949351,0.33924571061814374,0.7942686038949351,61.2,0.7819752709949233,0.34842395088291755,0.7819752709949233
100.0,0.7800235774244798,0.3486571381107944,0.7800235774244798,1139.0,0.776804451330139,0.35273762957165883,0.776804451330139,86.0,0.7871460906597073,0.3440221712549752,0.7871460906597073,8.6,0.7748527577596954,0.35294687969319677,0.7748527577596954,20.08,0.7522177855301152,0.36933281969784154,0.7522177855301152,32.0,0.7241538004674124,0.3797843758160503,0.7241538004674124,52.9,0.7942686038949351,0.33924571061814374,0.7942686038949351,50.2,0.7819752709949233,0.34842395088291755,0.7819752709949233
84.7,0.7800235774244798,0.3486571381107949,0.7800235774244798,1802.0,0.7839269645653665,0.348185245025909,0.7839269645653665,67.0,0.7923169103244917,0.3395322906878305,0.7923169103244917,3.1,0.7748527577596955,0.3529468796931968,0.7748527577596955,22.57,0.7522177855301152,0.36933281969784154,0.7522177855301152,41.0,0.7293246201321966,0.37628307319405246,0.7293246201321966,34.5,0.7942686038949351,0.33924571061814374,0.7942686038949351,65.5,0.7819752709949233,0.34842395088291755,0.7819752709949233
85.1,0.7800235774244798,0.3486571381107949,0.7800235774244798,2127.0,0.7890977842301506,0.34375952829162676,0.7890977842301506,21.0,0.7871460906597073,0.3440221712549752,0.7871460906597073,-5.5,0.7677302445244679,0.35732831472246684,0.7677302445244679,27.1,0.7573886051948994,0.3654194189785855,0.7573886051948994,43.0,0.7334862004414218,0.37666800905693143,0.7334862004414218,35.7,0.7994394235597191,0.334643792005459,0.7994394235597191,67.1,0.7890977842301506,0.34375952829162676,0.7890977842301506
23.5,0.785194397089264,0.3442792955891904,0.785194397089264,1449.0,0.7890977842301506,0.34375952829162676,0.7890977842301506,24.0,0.7800235774244798,0.34865713811079546,0.7800235774244798,-2.3,0.7748527577596955,0.3529468796931968,0.7748527577596955,5.28,0.7573886051948994,0.3654194189785855,0.7573886051948994,44.0,0.7241538004674124,0.3797843758160503,0.7241538004674124,23.1,0.7994394235597191,0.334643792005459,0.7994394235597191,73.7,0.7819752709949233,0.34842395088291755,0.7819752709949233
17.3,0.7800235774244798,0.3486571381107949,0.7800235774244798,1450.0,0.7890977842301506,0.34375952829162676,0.7890977842301506,20.0,0.7748527577596955,0.3529468796931968,0.7748527577596955,14.1,0.7748527577596955,0.3529468796931979,0.7748527577596955,4.06,0.7573886051948994,0.3654194189785855,0.7573886051948994,42.0,0.7241538004674124,0.3797843758160503,0.7241538004674124,21.2,0.7942686038949351,0.33924571061814374,0.7942686038949351,64.3,0.776804451330139,0.35273762957165883,0.776804451330139
18.8,0.7748527577596955,0.3529468796931968,0.7748527577596955,1268.0,0.7890977842301509,0.34375952829162687,0.7890977842301509,32.0,0.7748527577596955,0.3529468796931968,0.7748527577596955,0.8,0.7748527577596955,0.3529468796931979,0.7748527577596955,3.62,0.7573886051948994,0.365419418978584,0.7573886051948994,20.0,0.7170312872321848,0.38317112264948994,0.7170312872321848,20.0,0.789097784230151,0.3437595282916269,0.789097784230151,60.4,0.7716336316653547,0.3569632073211975,0.7716336316653547
38.4,0.7748527577596955,0.3529468796931968,0.7748527577596955,910.0,0.7890977842301509,0.34375952829162687,0.7890977842301509,48.0,0.7677302445244679,0.35732831472246585,0.7677302445244679,10.2,0.7748527577596955,0.3529468796931979,0.7748527577596955,7.1,0.7573886051948994,0.365419418978584,0.7573886051948994,22.0,0.7170312872321847,0.3831711226494899,0.7170312872321847,25.5,0.789097784230151,0.3437595282916269,0.789097784230151,66.7,0.7645111184301269,0.36126206004039607,0.7645111184301269
41.2,0.7748527577596955,0.3529468796931963,0.7748527577596955,1194.0,0.7942686038949351,0.33924571061814374,0.7942686038949351,19.0,0.7729010641892521,0.3531506111856042,0.7729010641892521,3.1,0.7800235774244798,0.3486571381107944,0.7800235774244798,7.12,0.7625594248596836,0.36141791732012646,0.7625594248596836,21.0,0.7170312872321848,0.38317112264948994,0.7170312872321848,24.7,0.789097784230151,0.3437595282916269,0.789097784230151,64.3,0.7645111184301269,0.36126206004039607,0.7645111184301269
32.9,0.7748527577596955,0.3529468796931968,0.7748527577596955,791.0,0.794268603894935,0.33924571061814474,0.794268603894935,32.0,0.7729010641892522,0.35315061118560426,0.7729010641892522,0.8,0.7871460906597073,0.3440221712549742,0.7871460906597073,3.99,0.7625594248596836,0.36141791732012746,0.7625594248596836,9.0,0.7241538004674124,0.3797843758160513,0.7241538004674124,20.0,0.789097784230151,0.3437595282916269,0.789097784230151,60.0,0.7696819380949113,0.35714852033639727,0.7696819380949113
42.7,0.7696819380949113,0.35714852033639727,0.7696819380949113,797.0,0.7942686038949351,0.33924571061814374,0.7942686038949351,65.0,0.7729010641892522,0.35315061118560426,0.7729010641892522,2.3,0.7890977842301509,0.34375952829162687,0.7890977842301509,4.77,0.755436911624456,0.3655458205228453,0.755436911624456,6.0,0.7325437462265374,0.3764468405556399,0.7325437462265374,21.6,0.789097784230151,0.3437595282916269,0.789097784230151,52.9,0.7696819380949113,0.35714852033639727,0.7696819380949113
69.0,0.7748527577596955,0.3529468796931968,0.7748527577596955,2192.0,0.7942686038949351,0.33924571061814374,0.7942686038949351,53.0,0.767730244524468,0.3573283147224659,0.767730244524468,3.9,0.7890977842301506,0.34375952829162676,0.7890977842301506,24.0,0.7625594248596836,0.36141791732012646,0.7625594248596836,13.0,0.7396662594617651,0.3727600306168694,0.7396662594617651,34.5,0.789097784230151,0.3437595282916269,0.789097784230151,67.8,0.7696819380949113,0.35714852033639727,0.7696819380949113
59.6,0.7748527577596954,0.35294687969319677,0.7748527577596954,1433.0,0.7942686038949351,0.33924571061814374,0.7942686038949351,46.0,0.767730244524468,0.3573283147224659,0.767730244524468,-3.1,0.7942686038949349,0.33924571061814474,0.7942686038949349,12.54,0.7625594248596839,0.36141791732012757,0.7625594248596839,24.0,0.7448370791265492,0.3690205975935695,0.7448370791265492,30.2,0.789097784230151,0.3437595282916269,0.789097784230151,66.7,0.7625594248596836,0.36141791732012646,0.7625594248596836
67.5,0.7748527577596954,0.35294687969319677,0.7748527577596954,2656.0,0.7890977842301509,0.34375952829162687,0.7890977842301509,37.0,0.7625594248596836,0.36141791732012696,0.7625594248596836,0.0,0.794268603894935,0.33924571061814474,0.794268603894935,27.92,0.7625594248596839,0.36141791732012757,0.7625594248596839,36.0,0.7377145658913218,0.3728194455778801,0.7377145658913218,35.7,0.789097784230151,0.3437595282916269,0.789097784230151,69.8,0.7625594248596836,0.36141791732012646,0.7625594248596836
65.9,0.7748527577596954,0.35294687969319677,0.7748527577596954,1959.0,0.7890977842301509,0.34375952829162687,0.7890977842301509,65.0,0.7625594248596836,0.36141791732012696,0.7625594248596836,1.6,0.7923169103244917,0.33953229068782886,0.7923169103244917,19.14,0.7625594248596836,0.36141791732012746,0.7625594248596836,45.0,0.732801939394876,0.372267379526218,0.732801939394876,32.9,0.7942686038949351,0.33924571061814374,0.7942686038949351,68.2,0.7625594248596836,0.36141791732012646,0.7625594248596836
41.6,0.7748527577596954,0.35294687969319677,0.7748527577596954,2353.0,0.7890977842301509,0.34375952829162687,0.7890977842301509,35.0,0.7696819380949113,0.35714852033639727,0.7696819380949113,2.3,0.7851943970892641,0.34427929558919046,0.7851943970892641,15.45,0.7696819380949113,0.35714852033639727,0.7696819380949113,52.0,0.7220939230597375,0.3749990549826945,0.7220939230597375,32.2,0.7942686038949351,0.33924571061814374,0.7942686038949351,74.5,0.7573886051948995,0.365419418978584,0.7573886051948995
19.2,0.7800235774244798,0.3486571381107944,0.7800235774244798,1594.0,0.7890977842301506,0.34375952829162676,0.7890977842301506,48.0,0.7696819380949113,0.35714852033639727,0.7696819380949113,3.9,0.7780718838540366,0.34888480670953964,0.7780718838540366,5.02,0.7645111184301271,0.36126206004039624,0.7645111184301271,53.0,0.7108512282118415,0.3772901867060061,0.7108512282118415,25.9,0.7942686038949351,0.33924571061814374,0.7942686038949351,64.7,0.7554369116244561,0.3655458205228453,0.7554369116244561
58.4,0.7851943970892641,0.34427929558919046,0.7851943970892641,1843.0,0.7839269645653665,0.348185245025908,0.7839269645653665,40.0,0.7696819380949113,0.35714852033639727,0.7696819380949113,-3.9,0.7780718838540365,0.34888480670953964,0.7780718838540365,15.93,0.7696819380949113,0.35714852033639727,0.7696819380949113,59.0,0.6991410667891814,0.37913547007684584,0.6991410667891814,31.8,0.7942686038949351,0.33924571061814374,0.7942686038949351,69.0,0.7625594248596836,0.3614179173201259,0.7625594248596836
40.8,0.7923169103244916,0.3395322906878293,0.7923169103244916,2033.0,0.7839269645653666,0.348185245025908,0.7839269645653666,20.0,0.7696819380949113,0.35714852033639727,0.7696819380949113,0.0,0.7729010641892521,0.3531506111856042,0.7729010641892521,12.32,0.7748527577596954,0.35294687969319627,0.7748527577596954,62.0,0.6870156085990384,0.38053125482931466,0.6870156085990384,30.2,0.7942686038949351,0.33924571061814374,0.7942686038949351,72.2,0.7625594248596836,0.36141791732012696,0.7625594248596836
42.4,0.794268603894935,0.33924571061814474,0.794268603894935,1639.0,0.7839269645653666,0.348185245025908,0.7839269645653666,33.0,0.7696819380949114,0.3571485203363973,0.7696819380949114,4.7,0.7729010641892521,0.3531506111856042,0.7729010641892521,10.12,0.7696819380949113,0.35714852033639727,0.7696819380949113,60.0,0.6850639150285951,0.3804187777099296,0.6850639150285951,29.0,0.7994394235597191,0.334643792005459,0.7994394235597191,71.8,0.7573886051948994,0.365419418978584,0.7573886051948994
35.3,0.794268603894935,0.33924571061814474,0.794268603894935,1545.0,0.7839269645653666,0.348185245025908,0.7839269645653666,29.0,0.7625594248596836,0.36141791732012696,0.7625594248596836,5.5,0.7729010641892522,0.35315061118560426,0.7729010641892522,4.96,0.7677302445244679,0.35732831472246585,0.7677302445244679,54.0,0.6902347346933793,0.3774100109016009,0.6902347346933793,22.0,0.7942686038949351,0.33924571061814374,0.7942686038949351,74.1,0.7625594248596836,0.36141791732012696,0.7625594248596836
43.9,0.794268603894935,0.33924571061814474,0.794268603894935,1461.0,0.776804451330139,0.35273762957165883,0.776804451330139,67.0,0.7625594248596836,0.36141791732012746,0.7625594248596836,-0.8,0.7729010641892522,0.35315061118560426,0.7729010641892522,9.3,0.7729010641892522,0.35315061118560426,0.7729010641892522,55.0,0.6973572479286069,0.3743777460607787,0.6973572479286069,27.8,0.789097784230151,0.3437595282916269,0.789097784230151,69.8,0.7625594248596836,0.36141791732012696,0.7625594248596836
59.6,0.794268603894935,0.33924571061814474,0.794268603894935,1576.0,0.776804451330139,0.35273762957165883,0.776804451330139,41.0,0.7625594248596836,0.36141791732012696,0.7625594248596836,0.8,0.7729010641892522,0.35315061118560426,0.7729010641892522,12.49,0.7800235774244799,0.34865713811079446,0.7800235774244799,59.0,0.6973572479286068,0.3743777460607777,0.6973572479286068,30.2,0.7890977842301509,0.34375952829162687,0.7890977842301509,67.5,0.7573886051948995,0.365419418978584,0.7573886051948995
20.4,0.7994394235597191,0.334643792005459,0.7994394235597191,1605.0,0.776804451330139,0.35273762957165883,0.776804451330139,21.0,0.767730244524468,0.3573283147224659,0.767730244524468,0.0,0.7780718838540365,0.34888480670953964,0.7780718838540365,4.18,0.7851943970892641,0.34427929558919046,0.7851943970892641,54.0,0.702528067593391,0.37116884026770675,0.702528067593391,21.6,0.7890977842301509,0.34375952829162687,0.7890977842301509,74.5,0.7573886051948995,0.365419418978584,0.7573886051948995
23.1,0.8046102432245033,0.3299537724535712,0.8046102432245033,1109.0,0.7819752709949231,0.3484239508829175,0.7819752709949231,62.0,0.7748527577596955,0.3529468796931968,0.7748527577596955,-6.2,0.7780718838540365,0.34888480670953964,0.7780718838540365,3.43,0.7800235774244799,0.3486571381107939,0.7800235774244799,41.0,0.7044797611638345,0.3712039874389448,0.7044797611638345,19.2,0.7890977842301509,0.34375952829162687,0.7890977842301509,56.9,0.7625594248596836,0.36141791732012696,0.7625594248596836
82.0,0.8097810628892876,0.3251756519624815,0.8097810628892876,1189.0,0.7819752709949231,0.3484239508829175,0.7819752709949231,67.0,0.7696819380949114,0.3571485203363973,0.7696819380949114,-3.9,0.7780718838540365,0.34888480670953964,0.7780718838540365,14.11,0.7800235774244799,0.3486571381107939,0.7800235774244799,47.0,0.6993089414990503,0.3744368303383545,0.6993089414990503,31.4,0.7890977842301509,0.34375952829162687,0.7890977842301509,60.0,0.7625594248596836,0.3614179173201259,0.7625594248596836
38.0,0.8097810628892876,0.3251756519624815,0.8097810628892876,1307.0,0.7819752709949231,0.3484239508829175,0.7819752709949231,36.0,0.7748527577596955,0.3529468796931968,0.7748527577596955,0.8,0.7729010641892522,0.35315061118560426,0.7729010641892522,7.21,0.7800235774244798,0.34865713811079385,0.7800235774244798,44.0,0.6941381218342659,0.3775815722985618,0.6941381218342659,25.5,0.7890977842301509,0.34375952829162687,0.7890977842301509,69.0,0.767730244524468,0.3573283147224659,0.767730244524468
56.1,0.8046102432245033,0.3299537724535712,0.8046102432245033,1194.0,0.7871460906597073,0.3440221712549752,0.7871460906597073,60.0,0.7748527577596955,0.3529468796931968,0.7748527577596955,6.2,0.7677302445244679,0.35732831472246684,0.7677302445244679,9.67,0.7800235774244798,0.34865713811079385,0.7800235774244798,45.0,0.7012606350694937,0.3744903959868006,0.7012606350694937,28.2,0.7839269645653665,0.348185245025908,0.7839269645653665,64.7,0.7625594248596836,0.36141791732012696,0.7625594248596836
52.5,0.7974877299892758,0.33495430918148145,0.7974877299892758,1242.0,0.7871460906597073,0.3440221712549752,0.7871460906597073,19.0,0.7748527577596955,0.3529468796931968,0.7748527577596955,3.1,0.7729010641892521,0.3531506111856042,0.7729010641892521,7.06,0.7871460906597074,0.3440221712549732,0.7871460906597074,42.0,0.7133860932596366,0.37268844894133846,0.7133860932596366,23.5,0.7787561449005824,0.3525228608209876,0.7787561449005824,65.5,0.7696819380949114,0.3571485203363973,0.7696819380949114
63.9,0.7974877299892758,0.33495430918148145,0.7974877299892758,1141.0,0.7871460906597073,0.3440221712549752,0.7871460906597073,49.0,0.7819752709949231,0.3484239508829175,0.7819752709949231,-1.6,0.7729010641892522,0.35315061118560426,0.7729010641892522,10.46,0.7871460906597074,0.3440221712549732,0.7871460906597074,43.0,0.7205086064948643,0.36925269770207,0.7205086064948643,29.0,0.7787561449005824,0.3525228608209876,0.7787561449005824,63.5,0.7696819380949114,0.3571485203363973,0.7696819380949114
48.2,0.7974877299892758,0.33495430918148145,0.7974877299892758,1235.0,0.7871460906597073,0.3440221712549752,0.7871460906597073,55.0,0.7819752709949231,0.3484239508829175,0.7819752709949231,3.9,0.7800235774244798,0.34865713811079546,0.7800235774244798,9.11,0.7871460906597074,0.3440221712549732,0.7871460906597074,47.0,0.7256794261596483,0.3657205865500429,0.7256794261596483,27.8,0.7839269645653666,0.348185245025908,0.7839269645653666,66.3,0.7645111184301271,0.36126206004039624,0.7645111184301271
70.2,0.7923169103244916,0.3395322906878293,0.7923169103244916,1344.0,0.7923169103244916,0.33953229068782986,0.7923169103244916,57.0,0.7819752709949231,0.3484239508829175,0.7819752709949231,3.1,0.7871460906597073,0.3440221712549752,0.7871460906597073,13.94,0.7923169103244916,0.3395322906878293,0.7923169103244916,53.0,0.7205086064948643,0.36925269770207,0.7205086064948643,31.0,0.7890977842301509,0.34375952829162687,0.7890977842301509,64.3,0.7645111184301271,0.36126206004039624,0.7645111184301271
68.6,0.7974877299892758,0.33495430918148195,0.7974877299892758,1496.0,0.7942686038949349,0.33924571061814474,0.7942686038949349,44.0,0.7871460906597074,0.3440221712549742,0.7871460906597074,2.3,0.7923169103244916,0.33953229068782886,0.7923169103244916,15.36,0.7974877299892758,0.33495430918148195,0.7974877299892758,57.0,0.7083831483047212,0.3712577258940266,0.7083831483047212,31.8,0.794268603894935,0.33924571061814474,0.794268603894935,66.3,0.7696819380949113,0.35714852033639727,0.7696819380949113
44.7,0.8026585496540599,0.3302882267359325,0.8026585496540599,1560.0,0.7890977842301509,0.34375952829162687,0.7890977842301509,53.0,0.7871460906597074,0.3440221712549742,0.7871460906597074,-2.3,0.7974877299892758,0.33495430918148195,0.7974877299892758,10.18,0.7923169103244916,0.33953229068782886,0.7923169103244916,58.0,0.7010548898252759,0.3696208046935003,0.7010548898252759,28.6,0.7942686038949349,0.33924571061814474,0.7942686038949349,71.0,0.7748527577596955,0.3529468796931968,0.7748527577596955
41.2,0.7974877299892758,0.33495430918148145,0.7974877299892758,1618.0,0.7871460906597074,0.34402217125497525,0.7871460906597074,20.0,0.7819752709949233,0.34842395088291755,0.7819752709949233,0.0,0.7974877299892758,0.33495430918148195,0.7974877299892758,8.8,0.7974877299892758,0.33495430918148195,0.7974877299892758,55.0,0.7010548898252759,0.3696208046935003,0.7010548898252759,26.3,0.7994394235597191,0.334643792005459,0.7994394235597191,70.6,0.7819752709949231,0.3484239508829175,0.7819752709949231
52.5,0.7923169103244916,0.33953229068782886,0.7923169103244916,1252.0,0.7871460906597074,0.3440221712549742,0.7871460906597074,86.0,0.7890977842301509,0.34375952829162687,0.7890977842301509,6.2,0.7903652167540484,0.33981335212838343,0.7903652167540484,12.85,0.7974877299892758,0.33495430918148195,0.7974877299892758,44.0,0.6991031962548325,0.3695801989234586,0.6991031962548325,30.6,0.8046102432245033,0.3299537724535712,0.8046102432245033,66.3,0.7819752709949231,0.3484239508829175,0.7819752709949231
18.0,0.7923169103244917,0.33953229068782886,0.7923169103244917,1668.0,0.7871460906597074,0.3440221712549742,0.7871460906597074,92.0,0.7871460906597074,0.3440221712549732,0.7871460906597074,9.4,0.7832427035188206,0.3445309012942729,0.7832427035188206,5.94,0.7974877299892758,0.33495430918148145,0.7974877299892758,41.0,0.6939323765900484,0.3727582947172915,0.6939323765900484,32.5,0.8046102432245033,0.3299537724535712,0.8046102432245033,50.6,0.7819752709949231,0.3484239508829175,0.7819752709949231
100.0,0.7851943970892641,0.34427929558919046,0.7851943970892641,1441.0,0.7871460906597073,0.3440221712549752,0.7871460906597073,79.0,0.7871460906597074,0.3440221712549742,0.7871460906597074,-2.3,0.7780718838540365,0.34888480670953964,0.7780718838540365,21.93,0.7994394235597191,0.334643792005459,0.7994394235597191,46.0,0.6887615569252641,0.37584828957192234,0.6887615569252641,35.7,0.8046102432245033,0.3299537724535712,0.8046102432245033,55.3,0.7819752709949231,0.3484239508829175,0.7819752709949231
98.8,0.7800235774244798,0.3486571381107944,0.7800235774244798,1598.0,0.7871460906597073,0.3440221712549742,0.7871460906597073,77.0,0.7819752709949233,0.34842395088291755,0.7819752709949233,3.1,0.7780718838540363,0.34888480670953953,0.7780718838540363,23.03,0.7994394235597191,0.334643792005459,0.7994394235597191,50.0,0.6887615569252641,0.37584828957192234,0.6887615569252641,35.3,0.8046102432245034,0.32995377245357127,0.8046102432245034,60.8,0.7871460906597073,0.34402217125497575,0.7871460906597073
69.4,0.7800235774244798,0.3486571381107944,0.7800235774244798,1765.0,0.7819752709949231,0.3484239508829175,0.7819752709949231,51.0,0.7819752709949233,0.34842395088291755,0.7819752709949233,0.8,0.7729010641892522,0.35315061118560426,0.7729010641892522,17.12,0.7994394235597191,0.334643792005459,0.7994394235597191,55.0,0.6816390436900366,0.37873224776916425,0.6816390436900366,32.2,0.8046102432245034,0.32995377245357127,0.8046102432245034,66.7,0.7923169103244916,0.3395322906878304,0.7923169103244916
17.6,0.7851943970892641,0.34427929558919046,0.7851943970892641,1813.0,0.7800235774244798,0.3486571381107944,0.7800235774244798,37.0,0.7819752709949233,0.3484239508829165,0.7819752709949233,3.1,0.7729010641892522,0.35315061118560426,0.7729010641892522,4.92,0.794268603894935,0.33924571061814474,0.794268603894935,54.0,0.674516530454809,0.38147471218539397,0.674516530454809,22.7,0.8046102432245034,0.32995377245357127,0.8046102432245034,74.1,0.7923169103244916,0.3395322906878304,0.7923169103244916
43.1,0.7923169103244917,0.33953229068782936,0.7923169103244917,1879.0,0.7716336316653547,0.3530575370499728,0.7716336316653547,31.0,0.7819752709949233,0.3484239508829165,0.7819752709949233,-1.6,0.7729010641892521,0.3531506111856042,0.7729010641892521,11.56,0.794268603894935,0.33924571061814474,0.794268603894935,58.0,0.6693457107900246,0.38425253000974247,0.6693457107900246,29.8,0.7974877299892758,0.334954309181483,0.7974877299892758,71.4,0.7974877299892758,0.33495430918148195,0.7974877299892758
18.0,0.7923169103244917,0.33953229068782936,0.7923169103244917,1877.0,0.7716336316653546,0.3530575370499733,0.7716336316653546,30.0,0.7748527577596955,0.3529468796931974,0.7748527577596955,-0.8,0.7677302445244679,0.35732831472246585,0.7677302445244679,9.0,0.7942686038949351,0.33924571061814374,0.7942686038949351,55.0,0.6693457107900247,0.3842525300097426,0.6693457107900247,27.5,0.7923169103244916,0.33953229068782886,0.7923169103244916,63.5,0.7974877299892758,0.33495430918148195,0.7974877299892758
34.9,0.7923169103244917,0.33953229068782936,0.7923169103244917,1786.0,0.776804451330139,0.3488057868841294,0.776804451330139,34.0,0.7800235774244798,0.34865713811079385,0.7800235774244798,-1.6,0.7606077312892403,0.36156825597072506,0.7606077312892403,9.37,0.7942686038949351,0.33924571061814374,0.7942686038949351,52.0,0.6693457107900247,0.3842525300097426,0.6693457107900247,27.8,0.7871460906597073,0.3440221712549752,0.7871460906597073,73.3,0.7974877299892758,0.33495430918148195,0.7974877299892758
58.0,0.7923169103244916,0.3395322906878293,0.7923169103244916,1780.0,0.7716336316653547,0.3530575370499728,0.7716336316653547,20.0,0.7851943970892641,0.3442792955891899,0.7851943970892641,3.1,0.7606077312892403,0.36156825597072506,0.7606077312892403,14.98,0.7942686038949351,0.33924571061814374,0.7942686038949351,51.0,0.6641748911252405,0.38694224689488826,0.6641748911252405,31.4,0.7819752709949233,0.34842395088291755,0.7819752709949233,68.6,0.7974877299892758,0.33495430918148195,0.7974877299892758
22.4,0.7923169103244916,0.3395322906878293,0.7923169103244916,1037.0,0.776804451330139,0.3488057868841294,0.776804451330139,45.0,0.7851943970892641,0.3442792955891899,0.7851943970892641,-3.1,0.7606077312892403,0.36156825597072506,0.7606077312892403,2.9,0.7942686038949351,0.33924571061814374,0.7942686038949351,39.0,0.6590040714604565,0.3895438628408325,0.6590040714604565,18.4,0.7819752709949231,0.3484239508829175,0.7819752709949231,58.8,0.7923169103244916,0.3395322906878293,0.7923169103244916
40.0,0.7974877299892758,0.33495430918148195,0.7974877299892758,1110.0,0.776804451330139,0.3488057868841294,0.776804451330139,35.0,0.7903652167540484,0.33981335212838343,0.7903652167540484,3.9,0.7606077312892403,0.36156825597072506,0.7606077312892403,7.43,0.7994394235597191,0.334643792005459,0.7994394235597191,44.0,0.6663323299399018,0.39178106109596594,0.6663323299399018,26.3,0.7871460906597074,0.34402217125497475,0.7871460906597074,69.4,0.7923169103244916,0.3395322906878293,0.7923169103244916
52.5,0.7974877299892758,0.33495430918148195,0.7974877299892758,1240.0,0.7716336316653547,0.3530575370499728,0.7716336316653547,48.0,0.7955360364188323,0.33525930772837426,0.7955360364188323,1.6,0.7625594248596839,0.361417917320127,0.7625594248596839,9.92,0.7994394235597191,0.334643792005459,0.7994394235597191,50.0,0.6732869684652604,0.3937939410658438,0.6732869684652604,29.0,0.7871460906597074,0.3440221712549742,0.7871460906597074,65.9,0.794268603894935,0.33924571061814374,0.794268603894935
31.8,0.7974877299892758,0.33495430918148195,0.7974877299892758,1467.0,0.7716336316653547,0.3530575370499728,0.7716336316653547,30.0,0.8007068560836166,0.33061716238916317,0.8007068560836166,-4.7,0.7573886051948995,0.365419418978584,0.7573886051948995,6.87,0.7942686038949351,0.33924571061814374,0.7942686038949351,55.0,0.6849971298879204,0.39274553242545734,0.6849971298879204,25.1,0.7871460906597074,0.3440221712549742,0.7871460906597074,72.2,0.7890977842301509,0.34375952829162737,0.7890977842301509
45.5,0.7923169103244917,0.33953229068782936,0.7923169103244917,1568.0,0.7623012316913452,0.35711301087296476,0.7623012316913452,20.0,0.8007068560836166,0.33061716238916317,0.8007068560836166,1.6,0.7522177855301152,0.36933281969784154,0.7522177855301152,7.6,0.7942686038949351,0.33924571061814374,0.7942686038949351,58.0,0.6732869684652604,0.3937939410658438,0.6732869684652604,26.3,0.7871460906597074,0.3440221712549742,0.7871460906597074,70.6,0.7890977842301509,0.34375952829162687,0.7890977842301509
24.7,0.7923169103244916,0.33953229068782986,0.7923169103244916,1484.0,0.7551787184561176,0.36127742872936525,0.7551787184561176,39.0,0.8007068560836166,0.33061716238916317,0.8007068560836166,-1.6,0.7522177855301152,0.36933281969784154,0.7522177855301152,7.85,0.7994394235597191,0.334643792005459,0.7994394235597191,54.0,0.6661644552300329,0.39624502073437873,0.6661644552300329,26.3,0.7871460906597074,0.3440221712549732,0.7871460906597074,61.2,0.7890977842301506,0.34375952829162676,0.7890977842301506
51.0,0.7871460906597074,0.3440221712549742,0.7871460906597074,1436.0,0.7551787184561176,0.36127742872936525,0.7551787184561176,40.0,0.8007068560836166,0.33061716238916317,0.8007068560836166,-4.7,0.7522177855301152,0.36933281969784154,0.7522177855301152,10.84,0.8046102432245031,0.3299537724535712,0.8046102432245031,50.0,0.671335274894817,0.39360156646052413,0.671335274894817,29.4,0.7871460906597074,0.3440221712549732,0.7871460906597074,68.2,0.794268603894935,0.33924571061814474,0.794268603894935
17.6,0.7871460906597073,0.3440221712549742,0.7871460906597073,1277.0,0.7551787184561176,0.36127742872936525,0.7551787184561176,26.0,0.7955360364188323,0.33525930772837426,0.7955360364188323,9.4,0.7573886051948995,0.365419418978584,0.7573886051948995,3.4,0.8046102432245033,0.3299537724535712,0.8046102432245033,41.0,0.671335274894817,0.39360156646052413,0.671335274894817,20.0,0.7871460906597074,0.3440221712549732,0.7871460906597074,61.2,0.7994394235597191,0.334643792005459,0.7994394235597191
41.6,0.7871460906597073,0.3440221712549742,0.7871460906597073,765.0,0.7551787184561177,0.36127742872936536,0.7551787184561177,30.0,0.7955360364188323,0.33525930772837426,0.7955360364188323,0.0,0.7625594248596836,0.3614179173201259,0.7625594248596836,4.48,0.7994394235597191,0.334643792005459,0.7994394235597191,30.0,0.671335274894817,0.39360156646052413,0.671335274894817,21.2,0.7923169103244917,0.33953229068782936,0.7923169103244917,54.5,0.7994394235597191,0.334643792005459,0.7994394235597191
43.5,0.7819752709949231,0.3484239508829175,0.7819752709949231,802.0,0.7500078987913333,0.3651930636310686,0.7500078987913333,53.0,0.7955360364188323,0.33525930772837426,0.7955360364188323,-3.1,0.7625594248596836,0.3614179173201259,0.7625594248596836,4.84,0.7994394235597191,0.334643792005459,0.7994394235597191,8.0,0.6642127616595894,0.39602319039359,0.6642127616595894,22.0,0.7974877299892758,0.33495430918148195,0.7974877299892758,53.7,0.8046102432245033,0.3299537724535712,0.8046102432245033
22.4,0.7839269645653665,0.3481852450259095,0.7839269645653665,2043.0,0.7593402987653429,0.36144405198156254,0.7593402987653429,54.0,0.7955360364188323,0.33525930772837426,0.7955360364188323,10.9,0.7573886051948995,0.365419418978585,0.7573886051948995,4.95,0.8046102432245033,0.3299537724535712,0.8046102432245033,19.0,0.6642127616595894,0.3960231903935908,0.6642127616595894,22.4,0.7974877299892758,0.33495430918148195,0.7974877299892758,74.1,0.7994394235597191,0.334643792005459,0.7994394235597191
70.2,0.7787561449005824,0.35252286082098866,0.7787561449005824,2315.0,0.7580728662414453,0.36131825133469475,0.7580728662414453,55.0,0.7955360364188324,0.3352593077283743,0.7955360364188324,-1.6,0.7625594248596836,0.36141791732012696,0.7625594248596836,24.79,0.8046102432245033,0.3299537724535712,0.8046102432245033,37.0,0.6713352748948169,0.393601566460524,0.6713352748948169,34.5,0.7974877299892758,0.33495430918148195,0.7974877299892758,68.6,0.794268603894935,0.33924571061814474,0.794268603894935
67.1,0.7716336316653547,0.3569632073211975,0.7716336316653547,1788.0,0.7580728662414453,0.36131825133469475,0.7580728662414453,59.0,0.7974877299892758,0.33495430918148195,0.7974877299892758,-2.3,0.7554369116244561,0.3655458205228453,0.7554369116244561,17.59,0.8046102432245033,0.3299537724535712,0.8046102432245033,42.0,0.6713352748948169,0.393601566460524,0.6713352748948169,32.5,0.7923169103244917,0.33953229068782886,0.7923169103244917,69.0,0.794268603894935,0.33924571061814474,0.794268603894935
20.8,0.7664628120005704,0.36110068413153423,0.7664628120005704,1766.0,0.7632436859062297,0.35728069446381455,0.7632436859062297,49.0,0.8026585496540599,0.3302882267359325,0.8026585496540599,3.1,0.7554369116244561,0.3655458205228453,0.7554369116244561,11.3,0.8046102432245033,0.3299537724535712,0.8046102432245033,53.0,0.6592098167046739,0.39414109766354655,0.6592098167046739,27.23618212807402,0.7923169103244917,0.33953229068782886,0.7923169103244917,62.4,0.7890977842301506,0.34375952829162787,0.7890977842301506
51.0,0.7664628120005705,0.36110068413153484,0.7664628120005705,1948.0,0.7716336316653547,0.3530575370499733,0.7716336316653547,50.0,0.8026585496540599,0.3302882267359325,0.8026585496540599,-0.8,0.7554369116244561,0.3655458205228453,0.7554369116244561,14.9,0.8046102432245033,0.3299537724535712,0.8046102432245033,58.0,0.6538332517956721,0.39205737784757483,0.6538332517956721,31.4,0.7923169103244917,0.33953229068782886,0.7923169103244917,70.2,0.7839269645653665,0.348185245025909,0.7839269645653665
67.1,0.7612919923357861,0.3651500600026695,0.7612919923357861,1892.0,0.776804451330139,0.3488057868841294,0.776804451330139,45.0,0.7955360364188324,0.3352593077283743,0.7955360364188324,2.3,0.7606077312892403,0.36156825597072506,0.7606077312892403,18.9,0.8046102432245033,0.3299537724535712,0.8046102432245033,55.0,0.6592098167046739,0.39414109766354655,0.6592098167046739,33.3,0.7974877299892756,0.3349543091814819,0.7974877299892756,67.8,0.7787561449005823,0.3525228608209891,0.7787561449005823
63.1,0.7561211726710019,0.3691113349346016,0.7561211726710019,1785.0,0.776804451330139,0.3488057868841294,0.776804451330139,56.0,0.7903652167540481,0.3398133521283833,0.7903652167540481,-3.9,0.7677302445244679,0.35732831472246684,0.7677302445244679,16.62,0.8097810628892875,0.3251756519624815,0.8097810628892875,56.0,0.6663323299399014,0.3917810610959658,0.6663323299399014,27.23618212807402,0.7974877299892756,0.3349543091814819,0.7974877299892756,68.6,0.7787561449005823,0.3525228608209886,0.7787561449005823
89.0,0.7561211726710019,0.3691113349346016,0.7561211726710019,2011.0,0.776804451330139,0.3488057868841294,0.776804451330139,22.0,0.7955360364188324,0.3352593077283743,0.7955360364188324,3.9,0.7677302445244679,0.35732831472246585,0.7677302445244679,26.65,0.8046102432245031,0.3299537724535712,0.8046102432245031,64.0,0.673454843175129,0.389279530747374,0.673454843175129,35.7,0.7974877299892758,0.33495430918148195,0.7974877299892758,66.3,0.7716336316653546,0.356963207321198,0.7716336316653546
29.4,0.7612919923357861,0.3651500600026695,0.7612919923357861,1747.0,0.776804451330139,0.3488057868841294,0.776804451330139,46.0,0.8007068560836166,0.33061716238916317,0.8007068560836166,-0.8,0.7625594248596836,0.36141791732012696,0.7625594248596836,12.82,0.8046102432245033,0.3299537724535712,0.8046102432245033,63.0,0.6786256628399132,0.3864871925439747,0.6786256628399132,30.6,0.7974877299892758,0.33495430918148195,0.7974877299892758,63.1,0.7716336316653546,0.356963207321198,0.7716336316653546
49.4,0.7612919923357861,0.3651500600026695,0.7612919923357861,1737.0,0.776804451330139,0.3488057868841294,0.776804451330139,65.0,0.7955360364188323,0.33525930772837426,0.7955360364188323,5.5,0.7625594248596836,0.36141791732012696,0.7625594248596836,12.45,0.8046102432245033,0.3299537724535712,0.8046102432245033,66.0,0.6786256628399132,0.3864871925439747,0.6786256628399132,27.23618212807402,0.7923169103244917,0.33953229068782936,0.7923169103244917,71.0,0.7664628120005705,0.36110068413153484,0.7664628120005705
58.4,0.7612919923357861,0.3651500600026695,0.7612919923357861,1869.0,0.776804451330139,0.3488057868841294,0.776804451330139,35.0,0.7955360364188323,0.33525930772837426,0.7955360364188323,-4.7,0.7573886051948995,0.365419418978584,0.7573886051948995,16.51,0.8046102432245033,0.3299537724535712,0.8046102432245033,68.0,0.6786256628399132,0.3864871925439747,0.6786256628399132,31.8,0.7923169103244916,0.3395322906878293,0.7923169103244916,69.0,0.7645111184301272,0.36126206004039624,0.7645111184301272
18.0,0.7664628120005704,0.36110068413153373,0.7664628120005704,1876.0,0.776804451330139,0.3488057868841294,0.776804451330139,19.0,0.8007068560836166,0.33061716238916317,0.8007068560836166,3.1,0.7573886051948995,0.365419418978585,0.7573886051948995,4.97,0.7994394235597191,0.334643792005459,0.7994394235597191,67.0,0.6837964825046976,0.3836067534013727,0.6837964825046976,23.1,0.7974877299892758,0.33495430918148195,0.7974877299892758,67.1,0.7645111184301271,0.36126206004039624,0.7645111184301271
46.7,0.7716336316653547,0.3569632073211975,0.7716336316653547,1533.0,0.7716336316653547,0.3530575370499728,0.7716336316653547,52.0,0.7955360364188323,0.33525930772837426,0.7955360364188323,-3.9,0.7573886051948995,0.365419418978585,0.7573886051948995,11.2,0.799439423559719,0.33464379200545785,0.799439423559719,55.0,0.6889673021694818,0.38063821331956893,0.6889673021694818,29.4,0.8026585496540599,0.33028822673593305,0.8026585496540599,70.2,0.7696819380949113,0.35714852033639727,0.7696819380949113
18.4,0.7716336316653547,0.3569632073211975,0.7716336316653547,1553.0,0.7664628120005704,0.35722118627661564,0.7664628120005704,20.0,0.7955360364188323,0.33525930772837426,0.7955360364188323,0.0,0.7573886051948995,0.36541941897858554,0.7573886051948995,4.14,0.7994394235597191,0.334643792005459,0.7994394235597191,56.0,0.6837964825046976,0.3836067534013727,0.6837964825046976,21.6,0.8026585496540598,0.33028822673593244,0.8026585496540598,64.3,0.776804451330139,0.35273762957165883,0.776804451330139
22.4,0.7716336316653547,0.3569632073211981,0.7716336316653547,1070.0,0.7664628120005704,0.35722118627661414,0.7664628120005704,21.0,0.7955360364188323,0.33525930772837426,0.7955360364188323,1.6,0.7625594248596836,0.36141791732012696,0.7625594248596836,2.99,0.8046102432245031,0.3299537724535712,0.8046102432245031,37.0,0.6889673021694818,0.38063821331956893,0.6889673021694818,18.8,0.8026585496540599,0.33028822673593305,0.8026585496540599,57.6,0.776804451330139,0.35273762957165833,0.776804451330139
21.6,0.7716336316653547,0.3569632073211981,0.7716336316653547,925.0,0.7664628120005704,0.35722118627661464,0.7664628120005704,42.0,0.7955360364188323,0.33525930772837426,0.7955360364188323,-2.3,0.7625594248596836,0.36141791732012696,0.7625594248596836,3.27,0.7994394235597191,0.334643792005459,0.7994394235597191,25.0,0.7010927603596248,0.37920264052134034,0.7010927603596248,19.2,0.8026585496540599,0.33028822673593305,0.8026585496540599,66.3,0.7819752709949231,0.3484239508829175,0.7819752709949231
100.0,0.7716336316653547,0.3569632073211975,0.7716336316653547,988.0,0.7664628120005704,0.35722118627661464,0.7664628120005704,37.0,0.7955360364188323,0.33525930772837426,0.7955360364188323,-1.6,0.7625594248596836,0.36141791732012696,0.7625594248596836,5.78,0.7994394235597191,0.334643792005459,0.7994394235597191,15.0,0.7056804085470573,0.38055745772829985,0.7056804085470573,20.4,0.8078293693188441,0.32553404335118263,0.8078293693188441,49.4,0.776804451330139,0.35273762957165833,0.776804451330139
31.4,0.776804451330139,0.35273762957165883,0.776804451330139,821.0,0.7664628120005704,0.35722118627661414,0.7664628120005704,45.0,0.7955360364188324,0.3352593077283743,0.7955360364188324,0.0,0.7625594248596839,0.361417917320127,0.7625594248596839,3.73,0.7994394235597191,0.334643792005459,0.7994394235597191,10.0,0.708533157635828,0.38147673123547293,0.708533157635828,19.6,0.8130001889836285,0.32069175902722813,0.8130001889836285,60.8,0.7716336316653547,0.3569632073211981,0.7716336316653547
65.5,0.7819752709949231,0.3484239508829175,0.7819752709949231,1656.0,0.7664628120005704,0.35722118627661514,0.7664628120005704,80.0,0.7955360364188323,0.33525930772837426,0.7955360364188323,0.8,0.7625594248596836,0.36141791732012696,0.7625594248596836,16.33,0.794268603894935,0.33924571061814474,0.794268603894935,40.0,0.7192411739709667,0.3791028410408155,0.7192411739709667,32.2,0.8201227022188559,0.31535510816269635,0.8201227022188559,68.2,0.776804451330139,0.35273762957165883,0.776804451330139
92.2,0.7819752709949231,0.3484239508829175,0.7819752709949231,2248.0,0.7664628120005704,0.35722118627661414,0.7664628120005704,67.0,0.7955360364188323,0.33525930772837426,0.7955360364188323,0.0,0.7573886051948995,0.365419418978585,0.7573886051948995,31.31,0.7890977842301506,0.34375952829162676,0.7890977842301506,54.0,0.7293246201321966,0.37628307319405335,0.7293246201321966,36.9,0.8201227022188559,0.31535510816269635,0.8201227022188559,66.3,0.776804451330139,0.35273762957165833,0.776804451330139
73.3,0.7819752709949231,0.3484239508829175,0.7819752709949231,1824.0,0.7664628120005704,0.35722118627661414,0.7664628120005704,65.0,0.7955360364188324,0.3352593077283743,0.7955360364188324,1.6,0.7573886051948995,0.365419418978585,0.7573886051948995,20.73,0.7890977842301506,0.34375952829162676,0.7890977842301506,56.0,0.7312763137026399,0.3762561352016018,0.7312763137026399,33.7,0.8201227022188559,0.31535510816269635,0.8201227022188559,67.5,0.776804451330139,0.35273762957165833,0.776804451330139
24.3,0.7819752709949233,0.34842395088291755,0.7819752709949233,2038.0,0.7612919923357864,0.3612967345640541,0.7612919923357864,31.0,0.7955360364188323,0.33525930772837426,0.7955360364188323,-7.0,0.7573886051948995,0.36541941897858554,0.7573886051948995,5.66,0.7890977842301506,0.34375952829162676,0.7890977842301506,63.0,0.72119286754141,0.3791119275629266,0.72119286754141,23.5,0.8149518825540718,0.32030943053218974,0.8149518825540718,69.8,0.776804451330139,0.35273762957165883,0.776804451330139
41.6,0.7871460906597074,0.34402217125497525,0.7871460906597074,1766.0,0.7612919923357864,0.3612967345640541,0.7612919923357864,46.0,0.7955360364188323,0.33525930772837426,0.7955360364188323,3.1,0.7573886051948995,0.36541941897858554,0.7573886051948995,11.17,0.7890977842301506,0.34375952829162676,0.7890977842301506,64.0,0.7156556708710555,0.37820301334429807,0.7156556708710555,29.4,0.8201227022188559,0.31535510816269635,0.8201227022188559,72.2,0.776804451330139,0.35273762957165883,0.776804451330139
53.3,0.7871460906597074,0.3440221712549742,0.7871460906597074,1650.0,0.756121172671002,0.36528418191229184,0.756121172671002,52.0,0.7955360364188323,0.33525930772837426,0.7955360364188323,2.3,0.7625594248596836,0.36141791732012696,0.7625594248596836,13.94,0.7890977842301506,0.34375952829162676,0.7890977842301506,61.0,0.7137039773006122,0.3781806389976283,0.7137039773006122,31.0,0.8149518825540718,0.32030943053219024,0.8149518825540718,71.0,0.7768044513301391,0.3527376295716589,0.7768044513301391
62.7,0.7871460906597074,0.34402217125497525,0.7871460906597074,1695.0,0.756121172671002,0.36528418191229184,0.756121172671002,36.0,0.7955360364188323,0.33525930772837426,0.7955360364188323,0.0,0.7645111184301272,0.36126206004039624,0.7645111184301272,12.28,0.794268603894935,0.33924571061814474,0.794268603894935,59.0,0.708533157635828,0.38147673123547293,0.708533157635828,27.5,0.8149518825540718,0.32030943053218974,0.8149518825540718,68.2,0.776804451330139,0.35273762957165883,0.776804451330139
46.7,0.7871460906597074,0.34402217125497525,0.7871460906597074,1616.0,0.756121172671002,0.36528418191229184,0.756121172671002,19.0,0.7903652167540481,0.3398133521283833,0.7903652167540481,-1.6,0.7645111184301271,0.36126206004039624,0.7645111184301271,11.23,0.7890977842301509,0.34375952829162687,0.7890977842301509,57.0,0.7053140315414872,0.3811849814872231,0.7053140315414872,29.4,0.8097810628892875,0.3251756519624815,0.8097810628892875,70.6,0.7716336316653546,0.3569632073211975,0.7716336316653546
18.4,0.7871460906597074,0.3440221712549742,0.7871460906597074,1293.0,0.7541694791005586,0.36540756222346255,0.7541694791005586,41.77021121631464,0.7903652167540481,0.3398133521283833,0.7903652167540481,10.2,0.7645111184301271,0.36126206004039624,0.7645111184301271,3.37,0.7890977842301506,0.34375952829162676,0.7890977842301506,18.0,0.6959816315674777,0.38374247471594447,0.6959816315674777,20.0,0.8097810628892875,0.3251756519624815,0.8097810628892875,60.0,0.7716336316653546,0.3569632073211975,0.7716336316653546
75.7,0.7923169103244917,0.33953229068782886,0.7923169103244917,943.0,0.7541694791005586,0.36540756222346155,0.7541694791005586,101.0,0.7955360364188323,0.33525930772837426,0.7955360364188323,6.2,0.7696819380949113,0.35714852033639727,0.7696819380949113,12.81,0.7890977842301506,0.34375952829162676,0.7890977842301506,32.0,0.6888591183322501,0.3866576816532418,0.6888591183322501,32.5,0.8097810628892875,0.3251756519624815,0.8097810628892875,61.6,0.7716336316653546,0.3569632073211975,0.7716336316653546
100.0,0.7923169103244917,0.33953229068782886,0.7923169103244917,2074.0,0.7541694791005586,0.36540756222346155,0.7541694791005586,44.0,0.7955360364188324,0.3352593077283743,0.7955360364188324,3.9,0.7748527577596954,0.3529468796931983,0.7748527577596954,34.84,0.7890977842301506,0.34375952829162676,0.7890977842301506,46.0,0.6836882986674658,0.38957966721038584,0.6836882986674658,39.2,0.8097810628892875,0.3251756519624815,0.8097810628892875,60.4,0.7716336316653546,0.356963207321198,0.7716336316653546
60.8,0.7974877299892758,0.33495430918148195,0.7974877299892758,1725.0,0.7593402987653428,0.3614440519815625,0.7593402987653428,50.0,0.8026585496540599,0.3302882267359325,0.8026585496540599,-4.7,0.7748527577596955,0.3529468796931974,0.7748527577596955,15.85,0.7839269645653665,0.348185245025909,0.7839269645653665,60.0,0.6785174790026818,0.39241355182832843,0.6785174790026818,31.8,0.8097810628892875,0.3251756519624815,0.8097810628892875,68.6,0.776804451330139,0.35273762957165883,0.776804451330139
18.0,0.7923169103244916,0.33953229068782886,0.7923169103244916,2089.0,0.7593402987653429,0.36144405198156254,0.7593402987653429,20.0,0.8026585496540599,0.3302882267359325,0.8026585496540599,0.0,0.7696819380949114,0.3571485203363973,0.7696819380949114,5.8,0.7787561449005823,0.3525228608209886,0.7787561449005823,59.0,0.6713949657674542,0.39496318889353477,0.6713949657674542,23.9,0.8097810628892875,0.3251756519624815,0.8097810628892875,77.6,0.7787561449005823,0.3525228608209891,0.7787561449005823
21.6,0.7923169103244917,0.33953229068782936,0.7923169103244917,906.0,0.7593402987653428,0.3614440519815625,0.7593402987653428,32.0,0.8026585496540599,0.3302882267359325,0.8026585496540599,-0.8,0.7696819380949114,0.3571485203363973,0.7696819380949114,4.31,0.7787561449005823,0.3525228608209886,0.7787561449005823,53.0,0.6713949657674542,0.39496318889353477,0.6713949657674542,20.4,0.8097810628892875,0.3251756519624815,0.8097810628892875,62.7,0.7839269645653665,0.348185245025909,0.7839269645653665
49.8,0.7923169103244916,0.33953229068782886,0.7923169103244916,1749.0,0.7593402987653428,0.3614440519815625,0.7593402987653428,69.0,0.7974877299892758,0.33495430918148195,0.7974877299892758,3.1,0.7696819380949114,0.3571485203363973,0.7696819380949114,13.19,0.7787561449005823,0.3525228608209886,0.7787561449005823,10.0,0.6765657854322384,0.39224134232113134,0.6765657854322384,30.6,0.8097810628892875,0.3251756519624815,0.8097810628892875,69.8,0.7890977842301509,0.34375952829162687,0.7890977842301509
82.4,0.7994394235597191,0.334643792005459,0.7994394235597191,1094.0,0.7664628120005704,0.35722118627661564,0.7664628120005704,98.0,0.7923169103244917,0.33953229068782936,0.7923169103244917,3.9,0.776804451330139,0.35273762957165883,0.776804451330139,12.95,0.7839269645653665,0.348185245025909,0.7839269645653665,17.0,0.6788838560082517,0.3930736915313883,0.6788838560082517,31.0,0.8149518825540718,0.32030943053218974,0.8149518825540718,52.2,0.794268603894935,0.33924571061814474,0.794268603894935
86.3,0.8046102432245034,0.32995377245357127,0.8046102432245034,1572.0,0.7748527577596954,0.35294687969319677,0.7748527577596954,70.0,0.7923169103244917,0.33953229068782936,0.7923169103244917,-5.5,0.7819752709949231,0.3484239508829175,0.7819752709949231,18.2,0.7839269645653665,0.348185245025909,0.7839269645653665,25.0,0.6818447889342542,0.39395568609067977,0.6818447889342542,32.9,0.8097810628892875,0.3251756519624815,0.8097810628892875,62.7,0.7994394235597191,0.334643792005459,0.7994394235597191
85.9,0.8046102432245033,0.3299537724535712,0.8046102432245033,2285.0,0.776804451330139,0.35273762957165833,0.776804451330139,18.0,0.7974877299892758,0.33495430918148195,0.7974877299892758,0.8,0.781975270994923,0.34842395088291744,0.781975270994923,30.01,0.7839269645653665,0.348185245025909,0.7839269645653665,29.0,0.6889673021694817,0.39122751331644945,0.6889673021694817,36.5,0.8046102432245033,0.3299537724535712,0.8046102432245033,67.8,0.7994394235597191,0.334643792005459,0.7994394235597191
71.8,0.8046102432245033,0.3299537724535712,0.8046102432245033,1344.0,0.776804451330139,0.35273762957165833,0.776804451330139,93.0,0.7974877299892758,0.33495430918148195,0.7974877299892758,10.2,0.781975270994923,0.34842395088291744,0.781975270994923,15.56,0.7839269645653665,0.348185245025909,0.7839269645653665,33.0,0.6788838560082517,0.3930736915313883,0.6788838560082517,33.3,0.7974877299892758,0.334954309181483,0.7974877299892758,65.5,0.7994394235597191,0.334643792005459,0.7994394235597191
100.0,0.8046102432245033,0.3299537724535712,0.8046102432245033,1711.0,0.7768044513301388,0.3527376295716582,0.7768044513301388,82.0,0.7974877299892758,0.33495430918148195,0.7974877299892758,-3.1,0.7819752709949231,0.3484239508829175,0.7819752709949231,28.03,0.7839269645653665,0.3481852450259095,0.7839269645653665,43.0,0.6765657854322384,0.39224134232113134,0.6765657854322384,37.6,0.7923169103244917,0.33953229068782936,0.7923169103244917,58.8,0.7923169103244917,0.33953229068782936,0.7923169103244917
91.0,0.8046102432245033,0.3299537724535712,0.8046102432245033,2271.0,0.7768044513301388,0.3527376295716582,0.7768044513301388,32.0,0.7974877299892758,0.33495430918148195,0.7974877299892758,0.0,0.776804451330139,0.35273762957165883,0.776804451330139,30.99,0.7839269645653665,0.3481852450259095,0.7839269645653665,48.0,0.6653230905843426,0.3933323723832962,0.6653230905843426,36.9,0.7974877299892758,0.33495430918148245,0.7974877299892758,66.7,0.7851943970892641,0.34427929558919046,0.7851943970892641
39.6,0.8046102432245033,0.3299537724535712,0.8046102432245033,1613.0,0.7768044513301388,0.3527376295716582,0.7768044513301388,27.0,0.7974877299892758,0.33495430918148195,0.7974877299892758,4.7,0.776804451330139,0.35273762957165883,0.776804451330139,9.58,0.7787561449005823,0.3525228608209886,0.7787561449005823,51.0,0.6536129291616825,0.3939450867388175,0.6536129291616825,28.2,0.8046102432245034,0.32995377245357127,0.8046102432245034,72.2,0.7851943970892641,0.34427929558919046,0.7851943970892641
27.5,0.8046102432245033,0.3299537724535712,0.8046102432245033,1730.0,0.7768044513301388,0.3527376295716582,0.7768044513301388,25.0,0.7890977842301509,0.3397654621565049,0.7890977842301509,7.0,0.776804451330139,0.35273762957165883,0.776804451330139,7.29,0.7839269645653665,0.348185245025909,0.7839269645653665,53.0,0.6466582906363237,0.3917474917059482,0.6466582906363237,25.9,0.8046102432245033,0.3299537724535712,0.8046102432245033,74.5,0.7851943970892641,0.34427929558919046,0.7851943970892641
67.1,0.8046102432245033,0.3299537724535712,0.8046102432245033,1887.0,0.776804451330139,0.35273762957165833,0.776804451330139,21.0,0.7890977842301509,0.3397654621565049,0.7890977842301509,5.5,0.776804451330139,0.35273762957165883,0.776804451330139,19.07,0.7787561449005823,0.3525228608209886,0.7787561449005823,59.0,0.6412817257273218,0.3895995673828311,0.6412817257273218,32.9,0.8046102432245034,0.32995377245357127,0.8046102432245034,67.8,0.7851943970892641,0.34427929558919046,0.7851943970892641
34.9,0.8046102432245033,0.3299537724535712,0.8046102432245033,1170.0,0.7819752709949231,0.3484239508829175,0.7819752709949231,36.0,0.7974877299892758,0.33495430918148195,0.7974877299892758,4.7,0.776804451330139,0.35273762957165883,0.776804451330139,8.69,0.7839269645653666,0.34818524502590903,0.7839269645653666,56.0,0.6393300321568784,0.38931773801276215,0.6393300321568784,27.5,0.8046102432245034,0.32995377245357127,0.8046102432245034,68.6,0.7903652167540481,0.3398133521283833,0.7903652167540481
17.3,0.8046102432245033,0.3299537724535712,0.8046102432245033,1669.0,0.7871460906597074,0.3440221712549732,0.7871460906597074,20.0,0.8046102432245033,0.3299537724535712,0.8046102432245033,0.0,0.7716336316653547,0.3569632073211981,0.7716336316653547,4.36,0.7839269645653665,0.348185245025909,0.7839269645653665,60.0,0.6341592124920942,0.3915714196943112,0.6341592124920942,22.4,0.8046102432245034,0.32995377245357127,0.8046102432245034,63.1,0.7974877299892758,0.334954309181483,0.7974877299892758
27.5,0.8046102432245033,0.3299537724535712,0.8046102432245033,1646.0,0.7923169103244917,0.33953229068782936,0.7923169103244917,30.0,0.8046102432245033,0.32995377245357016,0.8046102432245033,1.6,0.7664628120005704,0.3611006841315348,0.7664628120005704,4.73,0.7787561449005823,0.3525228608209886,0.7787561449005823,58.0,0.6341592124920942,0.3915714196943112,0.6341592124920942,21.2,0.7994394235597191,0.334643792005459,0.7994394235597191,74.9,0.8046102432245033,0.3299537724535712,0.8046102432245033
36.5,0.7994394235597191,0.334643792005459,0.7994394235597191,1583.0,0.7974877299892758,0.33495430918148195,0.7974877299892758,38.0,0.7994394235597191,0.334643792005459,0.7994394235597191,4.7,0.7664628120005704,0.3611006841315348,0.7664628120005704,9.85,0.7716336316653546,0.356963207321198,0.7716336316653546,56.0,0.6341592124920942,0.3915714196943112,0.6341592124920942,28.2,0.799439423559719,0.33464379200545896,0.799439423559719,72.5,0.8097810628892875,0.325175651962482,0.8097810628892875
45.5,0.7994394235597191,0.334643792005459,0.7994394235597191,1542.0,0.8026585496540598,0.330288226735933,0.8026585496540598,21.0,0.794268603894935,0.33924571061814474,0.794268603894935,1.6,0.773585325235798,0.35677237567686615,0.773585325235798,7.63,0.7696819380949113,0.35714852033639727,0.7696819380949113,52.0,0.6383207928013195,0.39260751867524124,0.6383207928013195,23.5,0.7994394235597191,0.334643792005459,0.7994394235597191,70.2,0.8046102432245033,0.3299537724535712,0.8046102432245033
19.2,0.8046102432245033,0.3299537724535712,0.8046102432245033,1312.0,0.8026585496540599,0.3302882267359325,0.8026585496540599,32.0,0.794268603894935,0.33924571061814474,0.794268603894935,15.6,0.773585325235798,0.35677237567686615,0.773585325235798,3.7,0.7748527577596955,0.3529468796931979,0.7748527577596955,29.0,0.6373783385864351,0.3922565190032574,0.6373783385864351,20.4,0.7942686038949349,0.33924571061814474,0.7942686038949349,60.4,0.8097810628892875,0.325175651962482,0.8097810628892875
47.8,0.8097810628892875,0.3251756519624815,0.8097810628892875,1885.0,0.7974877299892756,0.3349543091814819,0.7974877299892756,51.0,0.7871460906597074,0.3440221712549742,0.7871460906597074,-3.1,0.7716336316653547,0.3569632073211981,0.7716336316653547,12.32,0.7748527577596955,0.3529468796931979,0.7748527577596955,24.0,0.6344174056604328,0.3912087830961071,0.6344174056604328,29.8,0.794268603894935,0.33924571061814474,0.794268603894935,71.0,0.8097810628892875,0.3251756519624815,0.8097810628892875
60.4,0.8149518825540718,0.32030943053218974,0.8149518825540718,2214.0,0.7974877299892756,0.3349543091814819,0.7974877299892756,47.0,0.7871460906597074,0.34402217125497525,0.7871460906597074,5.5,0.7716336316653547,0.3569632073211981,0.7716336316653547,7.08,0.7748527577596955,0.3529468796931979,0.7748527577596955,28.0,0.6311982795660918,0.39051370271765906,0.6311982795660918,25.1,0.794268603894935,0.33924571061814474,0.794268603894935,69.8,0.8097810628892875,0.3251756519624815,0.8097810628892875
58.8,0.8149518825540718,0.32030943053218974,0.8149518825540718,1439.0,0.7974877299892756,0.3349543091814819,0.7974877299892756,52.0,0.7819752709949233,0.34842395088291755,0.7819752709949233,-3.1,0.7664628120005704,0.3611006841315348,0.7664628120005704,13.19,0.7800235774244798,0.3486571381107949,0.7800235774244798,35.0,0.6385265380455372,0.3930403945044405,0.6385265380455372,31.0,0.7994394235597191,0.334643792005459,0.7994394235597191,67.1,0.8097810628892875,0.3251756519624815,0.8097810628892875
59.6,0.8149518825540718,0.32030943053219024,0.8149518825540718,1824.0,0.7974877299892758,0.33495430918148195,0.7974877299892758,28.0,0.7871460906597074,0.3440221712549732,0.7871460906597074,-7.8,0.7716336316653547,0.3569632073211981,0.7716336316653547,15.8,0.7729010641892522,0.35315061118560426,0.7729010641892522,39.0,0.6385265380455372,0.3930403945044405,0.6385265380455372,31.8,0.794268603894935,0.33924571061814474,0.794268603894935,69.0,0.8097810628892875,0.325175651962482,0.8097810628892875
52.5,0.8149518825540718,0.32030943053219024,0.8149518825540718,1299.0,0.7923169103244917,0.33953229068782936,0.7923169103244917,72.0,0.7871460906597074,0.3440221712549732,0.7871460906597074,3.1,0.776804451330139,0.35273762957165833,0.776804451330139,11.33,0.7729010641892522,0.35315061118560426,0.7729010641892522,41.0,0.6311982795660918,0.39051370271765823,0.6311982795660918,29.4,0.794268603894935,0.33924571061814474,0.794268603894935,66.3,0.8097810628892875,0.3251756519624815,0.8097810628892875
98.4,0.8149518825540718,0.32030943053219024,0.8149518825540718,1430.0,0.7923169103244917,0.33953229068782936,0.7923169103244917,77.0,0.7871460906597074,0.3440221712549732,0.7871460906597074,-3.1,0.776804451330139,0.35273762957165883,0.776804451330139,20.84,0.7729010641892522,0.35315061118560426,0.7729010641892522,48.0,0.6254821589583047,0.3880901111257176,0.6254821589583047,34.9,0.7890977842301509,0.34375952829162687,0.7890977842301509,58.0,0.8046102432245033,0.3299537724535712,0.8046102432245033
58.4,0.8149518825540718,0.32030943053219024,0.8149518825540718,1667.0,0.7974877299892758,0.33495430918148195,0.7974877299892758,19.0,0.7871460906597074,0.34402217125497525,0.7871460906597074,0.0,0.7716336316653547,0.3569632073211981,0.7716336316653547,9.54,0.7729010641892522,0.35315061118560426,0.7729010641892522,39.0,0.6303947854547505,0.3894773950360947,0.6303947854547505,23.9,0.7890977842301509,0.34375952829162687,0.7890977842301509,65.9,0.8046102432245033,0.3299537724535712,0.8046102432245033
34.5,0.8097810628892876,0.3251756519624815,0.8097810628892876,869.0,0.7923169103244917,0.33953229068782936,0.7923169103244917,32.0,0.7923169103244917,0.33953229068782936,0.7923169103244917,-6.2,0.776804451330139,0.35273762957165833,0.776804451330139,3.95,0.7677302445244679,0.35732831472246585,0.7677302445244679,16.0,0.63972718542876,0.388256460725175,0.63972718542876,20.0,0.7890977842301509,0.34375952829162687,0.7890977842301509,51.4,0.7974877299892758,0.33495430918148195,0.7974877299892758
53.3,0.8026585496540598,0.330288226735933,0.8026585496540598,1440.0,0.7923169103244917,0.33953229068782936,0.7923169103244917,59.0,0.7974877299892758,0.33495430918148245,0.7974877299892758,3.9,0.7716336316653547,0.3569632073211975,0.7716336316653547,11.98,0.767730244524468,0.3573283147224659,0.767730244524468,24.0,0.6481171311878852,0.386502509261728,0.6481171311878852,30.2,0.7890977842301506,0.34375952829162676,0.7890977842301506,67.8,0.7923169103244917,0.33953229068782936,0.7923169103244917
75.7,0.7955360364188323,0.33525930772837426,0.7955360364188323,2265.0,0.7923169103244917,0.33953229068782936,0.7923169103244917,66.0,0.8026585496540599,0.3302882267359325,0.8026585496540599,-6.2,0.7716336316653547,0.3569632073211975,0.7716336316653547,25.89,0.767730244524468,0.3573283147224659,0.767730244524468,34.0,0.6461654376174418,0.3862521753223917,0.6461654376174418,34.9,0.794268603894935,0.33924571061814474,0.794268603894935,68.2,0.7974877299892758,0.33495430918148195,0.7974877299892758
62.0,0.7955360364188323,0.33525930772837426,0.7955360364188323,2914.0,0.7923169103244917,0.33953229068782936,0.7923169103244917,50.0,0.8026585496540599,0.33028822673593305,0.8026585496540599,-7.0,0.7716336316653547,0.3569632073211981,0.7716336316653547,27.69,0.767730244524468,0.3573283147224659,0.767730244524468,37.0,0.6461654376174418,0.3862521753223917,0.6461654376174418,35.3,0.794268603894935,0.33924571061814474,0.794268603894935,69.0,0.7923169103244917,0.33953229068782936,0.7923169103244917
59.2,0.8007068560836166,0.33061716238916317,0.8007068560836166,3099.0,0.7923169103244917,0.33953229068782936,0.7923169103244917,33.0,0.8026585496540599,0.33028822673593305,0.8026585496540599,0.0,0.7664628120005705,0.36110068413153484,0.7664628120005705,13.39,0.7729010641892522,0.35315061118560426,0.7729010641892522,32.0,0.6518815582252288,0.3885091814268292,0.6518815582252288,29.0,0.794268603894935,0.33924571061814474,0.794268603894935,71.0,0.7974877299892758,0.33495430918148195,0.7974877299892758
58.0,0.8078293693188443,0.3255340433511827,0.8078293693188443,1579.0,0.7923169103244916,0.3395322906878293,0.7923169103244916,32.0,0.8026585496540599,0.33028822673593305,0.8026585496540599,0.6281970010971596,0.7716336316653546,0.356963207321198,0.7716336316653546,13.83,0.7729010641892522,0.35315061118560426,0.7729010641892522,26.0,0.659209816704674,0.39080446732766305,0.659209816704674,29.8,0.7942686038949349,0.33924571061814474,0.7942686038949349,68.6,0.7923169103244917,0.33953229068782936,0.7923169103244917
41.6,0.8149518825540718,0.32030943053218974,0.8149518825540718,1281.0,0.7923169103244916,0.3395322906878293,0.7923169103244916,45.0,0.8026585496540599,0.33028822673593305,0.8026585496540599,3.9,0.776804451330139,0.35273762957165883,0.776804451330139,8.1,0.7748527577596954,0.35294687969319677,0.7748527577596954,27.0,0.6611615102751174,0.3910267513637547,0.6611615102751174,26.7,0.7890977842301509,0.34375952829162687,0.7890977842301509,65.1,0.7923169103244917,0.33953229068782936,0.7923169103244917
52.5,0.8149518825540718,0.32030943053219024,0.8149518825540718,1477.0,0.785194397089264,0.34427929558918985,0.785194397089264,47.0,0.8026585496540599,0.33028822673593305,0.8026585496540599,-0.8,0.776804451330139,0.35273762957165883,0.776804451330139,12.49,0.7819752709949233,0.34842395088291755,0.7819752709949233,37.0,0.6611615102751174,0.3910267513637547,0.6611615102751174,30.2,0.7890977842301509,0.34375952829162687,0.7890977842301509,68.2,0.7871460906597074,0.3440221712549742,0.7871460906597074
31.8,0.8149518825540717,0.32030943053219074,0.8149518825540717,1953.0,0.785194397089264,0.34427929558918985,0.785194397089264,24.0,0.7974877299892758,0.33495430918148195,0.7974877299892758,0.0,0.776804451330139,0.35273762957165883,0.776804451330139,7.37,0.7800235774244798,0.3486571381107949,0.7800235774244798,41.0,0.6559906906103332,0.39355702205951465,0.6559906906103332,25.1,0.7890977842301509,0.34375952829162687,0.7890977842301509,69.8,0.7871460906597074,0.3440221712549742,0.7871460906597074
26.3,0.8149518825540718,0.32030943053219024,0.8149518825540718,2088.0,0.7800235774244798,0.3486571381107949,0.7800235774244798,20.0,0.7974877299892758,0.33495430918148195,0.7974877299892758,7.8,0.7716336316653546,0.356963207321198,0.7716336316653546,8.19,0.7800235774244797,0.34865713811079385,0.7800235774244797,45.0,0.6434916124661036,0.39356303334847487,0.6434916124661036,27.1,0.7839269645653665,0.348185245025908,0.7839269645653665,76.5,0.7871460906597073,0.3440221712549752,0.7871460906597073
17.3,0.8149518825540718,0.32030943053219024,0.8149518825540718,1402.0,0.7748527577596954,0.3529468796931978,0.7748527577596954,32.0,0.799439423559719,0.33464379200545896,0.799439423559719,10.2,0.7716336316653546,0.356963207321198,0.7716336316653546,3.47,0.7851943970892639,0.34427929558919035,0.7851943970892639,48.0,0.6358237982878733,0.3909035808702565,0.6358237982878733,18.8,0.7787561449005823,0.3525228608209876,0.7787561449005823,65.9,0.7871460906597073,0.3440221712549752,0.7871460906597073
41.2,0.8149518825540718,0.32030943053219024,0.8149518825540718,762.0,0.7696819380949113,0.35714852033639777,0.7696819380949113,34.0,0.7994394235597191,0.334643792005459,0.7994394235597191,0.0,0.7787561449005823,0.3525228608209891,0.7787561449005823,4.14,0.7851943970892639,0.34427929558918985,0.7851943970892639,15.0,0.6358237982878733,0.3909035808702565,0.6358237982878733,20.8,0.7787561449005823,0.3525228608209876,0.7787561449005823,55.7,0.7871460906597073,0.3440221712549752,0.7871460906597073
53.7,0.8097810628892875,0.3251756519624815,0.8097810628892875,1710.0,0.7696819380949113,0.35714852033639727,0.7696819380949113,54.0,0.8046102432245033,0.3299537724535712,0.8046102432245033,-3.9,0.7787561449005822,0.35252286082098855,0.7787561449005822,13.54,0.7851943970892639,0.34427929558918985,0.7851943970892639,28.0,0.6358237982878733,0.3909035808702565,0.6358237982878733,30.6,0.7787561449005823,0.3525228608209886,0.7787561449005823,71.4,0.7923169103244917,0.33953229068782886,0.7923169103244917
65.5,0.8097810628892875,0.3251756519624815,0.8097810628892875,2500.0,0.7696819380949113,0.35714852033639777,0.7696819380949113,40.0,0.7994394235597191,0.334643792005459,0.7994394235597191,4.7,0.7839269645653665,0.3481852450259084,0.7839269645653665,7.05,0.7780718838540363,0.34888480670953953,0.7780718838540363,30.0,0.6358237982878733,0.3909035808702565,0.6358237982878733,24.3,0.7839269645653666,0.348185245025908,0.7839269645653666,70.2,0.7923169103244917,0.33953229068782886,0.7923169103244917
52.9,0.8046102432245033,0.3299537724535712,0.8046102432245033,1541.0,0.7696819380949113,0.35714852033639777,0.7696819380949113,47.0,0.794268603894935,0.33924571061814474,0.794268603894935,3.1,0.7787561449005823,0.3525228608209876,0.7787561449005823,12.27,0.7851943970892641,0.34427929558919046,0.7851943970892641,36.0,0.6287012850526457,0.39276946834790294,0.6287012850526457,30.2,0.7890977842301506,0.34375952829162676,0.7890977842301506,68.6,0.7923169103244916,0.33953229068782986,0.7923169103244916
35.7,0.7974877299892758,0.33495430918148195,0.7974877299892758,1926.0,0.7677302445244679,0.35732831472246634,0.7677302445244679,36.0,0.794268603894935,0.33924571061814474,0.794268603894935,3.9,0.7735853252357979,0.35677237567686615,0.7735853252357979,9.63,0.785194397089264,0.3442792955891904,0.785194397089264,40.0,0.6155514606211718,0.39178947951457405,0.6155514606211718,28.2,0.7890977842301509,0.34375952829162687,0.7890977842301509,72.5,0.7923169103244916,0.3395322906878304,0.7923169103244916
46.7,0.7923169103244917,0.33953229068782886,0.7923169103244917,2035.0,0.767730244524468,0.3573283147224659,0.767730244524468,24.0,0.794268603894935,0.33924571061814474,0.794268603894935,-4.7,0.7735853252357979,0.35677237567686615,0.7735853252357979,14.08,0.785194397089264,0.3442792955891904,0.785194397089264,43.0,0.6021144327175842,0.3903356729909606,0.6021144327175842,31.0,0.7890977842301509,0.34375952829162687,0.7890977842301509,71.0,0.7923169103244916,0.3395322906878304,0.7923169103244916
35.3,0.7871460906597073,0.34402217125497314,0.7871460906597073,889.0,0.767730244524468,0.3573283147224659,0.767730244524468,30.0,0.794268603894935,0.33924571061814474,0.794268603894935,-3.1,0.7787561449005823,0.3525228608209876,0.7787561449005823,4.05,0.7903652167540481,0.3398133521283833,0.7903652167540481,28.0,0.6021144327175842,0.3903356729909606,0.6021144327175842,19.6,0.7942686038949351,0.33924571061814374,0.7942686038949351,64.7,0.7923169103244916,0.3395322906878304,0.7923169103244916
37.6,0.7871460906597074,0.3440221712549732,0.7871460906597074,783.0,0.7657785509540247,0.3575025904794018,0.7657785509540247,36.0,0.7994394235597191,0.334643792005459,0.7994394235597191,-0.8,0.7839269645653665,0.348185245025908,0.7839269645653665,4.19,0.7974877299892756,0.3349543091814814,0.7974877299892756,13.0,0.6105043784767094,0.38932606906747586,0.6105043784767094,20.8,0.794268603894935,0.33924571061814374,0.794268603894935,58.0,0.7923169103244916,0.33953229068782986,0.7923169103244916
39.6,0.7871460906597074,0.3440221712549732,0.7871460906597074,1068.0,0.7606077312892403,0.36156825597072506,0.7606077312892403,44.0,0.794268603894935,0.33924571061814474,0.794268603894935,-3.9,0.7890977842301509,0.34375952829162687,0.7890977842301509,6.21,0.7974877299892758,0.33495430918148195,0.7974877299892758,15.0,0.6033818652414819,0.3907772602486319,0.6033818652414819,25.1,0.7994394235597191,0.334643792005459,0.7994394235597191,59.6,0.7923169103244916,0.33953229068782986,0.7923169103244916
50.6,0.7819752709949231,0.3484239508829175,0.7819752709949231,1398.0,0.7606077312892404,0.3615682559707251,0.7606077312892404,22.0,0.7994394235597191,0.334643792005459,0.7994394235597191,-3.1,0.794268603894935,0.33924571061814474,0.794268603894935,10.22,0.8046102432245033,0.3299537724535712,0.8046102432245033,20.0,0.5949919194823566,0.3916282948477958,0.5949919194823566,29.0,0.8046102432245033,0.3299537724535712,0.8046102432245033,66.3,0.7871460906597073,0.3440221712549752,0.7871460906597073
16.1,0.7819752709949231,0.3484239508829175,0.7819752709949231,1293.0,0.7606077312892404,0.3615682559707251,0.7606077312892404,33.0,0.794268603894935,0.33924571061814474,0.794268603894935,10.2,0.7994394235597191,0.334643792005459,0.7994394235597191,3.02,0.8097810628892875,0.3251756519624815,0.8097810628892875,17.0,0.5949919194823566,0.3916282948477958,0.5949919194823566,18.0,0.8046102432245033,0.3299537724535712,0.8046102432245033,62.0,0.7871460906597073,0.3440221712549752,0.7871460906597073
42.0,0.7819752709949231,0.3484239508829175,0.7819752709949231,755.0,0.7606077312892404,0.3615682559707251,0.7606077312892404,48.0,0.7890977842301509,0.34375952829162687,0.7890977842301509,3.9,0.8046102432245031,0.3299537724535712,0.8046102432245031,4.72,0.8149518825540718,0.32030943053218974,0.8149518825540718,15.0,0.6032581277211602,0.395096214777753,0.6032581277211602,21.6,0.8046102432245031,0.3299537724535712,0.8046102432245031,57.3,0.7871460906597073,0.3440221712549752,0.7871460906597073
63.1,0.7819752709949231,0.3484239508829175,0.7819752709949231,1451.0,0.7606077312892403,0.36156825597072506,0.7606077312892403,50.0,0.7819752709949233,0.34842395088291755,0.7819752709949233,-3.1,0.7994394235597191,0.334643792005459,0.7994394235597191,13.02,0.8149518825540718,0.32030943053218974,0.8149518825540718,24.0,0.6164079521526339,0.39646333731858857,0.6164079521526339,30.6,0.7994394235597191,0.334643792005459,0.7994394235597191,62.7,0.7871460906597073,0.3440221712549752,0.7871460906597073
56.5,0.7819752709949233,0.34842395088291755,0.7819752709949233,2126.0,0.7606077312892403,0.36156825597072506,0.7606077312892403,25.0,0.7819752709949231,0.3484239508829175,0.7819752709949231,-8.6,0.7923169103244916,0.33953229068782986,0.7923169103244916,17.73,0.8149518825540718,0.32030943053218974,0.8149518825540718,28.0,0.6235304653878614,0.3948509816674919,0.6235304653878614,32.5,0.7994394235597191,0.334643792005459,0.7994394235597191,69.8,0.7819752709949231,0.3484239508829175,0.7819752709949231
32.2,0.776804451330139,0.35273762957165883,0.776804451330139,2255.0,0.7657785509540246,0.3575025904794028,0.7657785509540246,19.0,0.776804451330139,0.35273762957165883,0.776804451330139,0.0,0.7923169103244916,0.33953229068782986,0.7923169103244916,11.23,0.8097810628892875,0.3251756519624815,0.8097810628892875,24.0,0.6287012850526456,0.39276946834790283,0.6287012850526456,29.8,0.7994394235597191,0.334643792005459,0.7994394235597191,76.5,0.7800235774244798,0.3486571381107944,0.7800235774244798
31.4,0.776804451330139,0.35273762957165883,0.776804451330139,1234.0,0.758656037718797,0.361713075992192,0.758656037718797,27.0,0.7696819380949114,0.3571485203363973,0.7696819380949114,3.1,0.7871460906597073,0.3440221712549752,0.7871460906597073,5.92,0.8097810628892875,0.3251756519624815,0.8097810628892875,19.0,0.6235304653878614,0.3948509816674919,0.6235304653878614,23.5,0.7942686038949351,0.33924571061814374,0.7942686038949351,65.5,0.7729010641892521,0.3531506111856042,0.7729010641892521
39.6,0.7787561449005823,0.3525228608209886,0.7787561449005823,803.0,0.7502660919596718,0.3656377669584074,0.7502660919596718,35.0,0.7696819380949114,0.3571485203363973,0.7696819380949114,-3.1,0.7871460906597072,0.34402217125497514,0.7871460906597072,4.41,0.8097810628892875,0.3251756519624815,0.8097810628892875,2.0,0.6306529786230891,0.39309713223538467,0.6306529786230891,20.4,0.7942686038949351,0.33924571061814374,0.7942686038949351,56.1,0.7748527577596955,0.3529468796931968,0.7748527577596955
64.3,0.7787561449005823,0.3525228608209886,0.7787561449005823,1407.0,0.7431435787244444,0.3695481893658652,0.7431435787244444,20.0,0.7696819380949114,0.3571485203363973,0.7696819380949114,-1.6,0.7819752709949231,0.3484239508829175,0.7819752709949231,12.59,0.8097810628892875,0.3251756519624815,0.8097810628892875,10.0,0.6306529786230891,0.39309713223538467,0.6306529786230891,30.2,0.7890977842301509,0.34375952829162687,0.7890977842301509,56.5,0.7677302445244679,0.35732831472246585,0.7677302445244679
60.4,0.7787561449005823,0.3525228608209886,0.7787561449005823,1025.0,0.7483143983892284,0.36574459138218257,0.7483143983892284,55.0,0.7696819380949114,0.3571485203363973,0.7696819380949114,0.0,0.7768044513301388,0.3527376295716588,0.7768044513301388,9.81,0.8097810628892875,0.3251756519624815,0.8097810628892875,22.0,0.6338721047174299,0.39380823606413085,0.6338721047174299,28.6,0.7819752709949233,0.34842395088291755,0.7819752709949233,63.1,0.7677302445244679,0.35732831472246585,0.7677302445244679
47.1,0.7735853252357979,0.35677237567686615,0.7735853252357979,2002.0,0.7483143983892284,0.36574459138218257,0.7483143983892284,37.0,0.7748527577596955,0.3529468796931968,0.7748527577596955,3.1,0.7839269645653665,0.348185245025909,0.7839269645653665,14.16,0.8046102432245033,0.3299537724535712,0.8046102432245033,16.0,0.6338721047174299,0.39380823606413085,0.6338721047174299,31.0,0.776804451330139,0.35273762957165883,0.776804451330139,70.6,0.7677302445244679,0.35732831472246585,0.7677302445244679
77.6,0.7787561449005823,0.3525228608209886,0.7787561449005823,2024.0,0.7483143983892284,0.36574459138218257,0.7483143983892284,60.0,0.7748527577596955,0.3529468796931963,0.7748527577596955,1.6,0.7839269645653665,0.348185245025909,0.7839269645653665,24.26,0.7974877299892758,0.33495430918148145,0.7974877299892758,33.0,0.6338721047174299,0.39380823606413085,0.6338721047174299,34.9,0.776804451330139,0.35273762957165883,0.776804451330139,67.1,0.7677302445244679,0.35732831472246585,0.7677302445244679
20.8,0.7839269645653666,0.3481852450259085,0.7839269645653666,2184.0,0.7431435787244443,0.36954818936586514,0.7431435787244443,46.0,0.7748527577596955,0.3529468796931968,0.7748527577596955,7.0,0.7787561449005823,0.3525228608209886,0.7787561449005823,6.69,0.7974877299892758,0.33495430918148195,0.7974877299892758,31.0,0.6390429243822142,0.3915766932824428,0.6390429243822142,23.9,0.7819752709949231,0.3484239508829175,0.7819752709949231,62.4,0.7625594248596836,0.3614179173201259,0.7625594248596836
81.6,0.7839269645653666,0.348185245025908,0.7839269645653666,1555.0,0.7347536329653194,0.37313706948242076,0.7347536329653194,83.0,0.7800235774244799,0.3486571381107939,0.7800235774244799,1.6,0.7787561449005823,0.3525228608209886,0.7787561449005823,18.57,0.7974877299892758,0.33495430918148195,0.7974877299892758,37.0,0.6442137440469983,0.3892570495615522,0.6442137440469983,32.9,0.7871460906597073,0.34402217125497314,0.7871460906597073,67.8,0.7554369116244561,0.3655458205228453,0.7554369116244561
93.7,0.7839269645653666,0.348185245025908,0.7839269645653666,1872.0,0.7347536329653194,0.37313706948242076,0.7347536329653194,65.0,0.7871460906597074,0.3440221712549732,0.7871460906597074,2.3,0.7787561449005823,0.3525228608209886,0.7787561449005823,23.93,0.7974877299892758,0.33495430918148195,0.7974877299892758,41.0,0.651336257282226,0.38709109897857313,0.651336257282226,34.9,0.7871460906597073,0.34402217125497314,0.7871460906597073,62.7,0.7502660919596718,0.36943528413576293,0.7502660919596718
65.1,0.7839269645653666,0.348185245025908,0.7839269645653666,2051.0,0.729582813300535,0.3767264741711401,0.729582813300535,36.0,0.7923169103244918,0.3395322906878289,0.7923169103244918,3.1,0.7787561449005823,0.3525228608209886,0.7787561449005823,20.13,0.8026585496540599,0.33028822673593305,0.8026585496540599,40.0,0.6532879508526693,0.38732737442655607,0.6532879508526693,33.3,0.7871460906597074,0.3440221712549742,0.7871460906597074,68.2,0.7502660919596718,0.36943528413576293,0.7502660919596718
43.1,0.7839269645653666,0.348185245025908,0.7839269645653666,1317.0,0.72119286754141,0.3800120204065978,0.72119286754141,19.0,0.7923169103244917,0.33953229068782886,0.7923169103244917,0.0,0.7839269645653665,0.348185245025909,0.7839269645653665,8.29,0.8097810628892875,0.3251756519624815,0.8097810628892875,38.0,0.6552396444231127,0.38755813124540645,0.6552396444231127,27.1,0.7871460906597074,0.3440221712549742,0.7871460906597074,67.8,0.7502660919596718,0.36943528413576293,0.7502660919596718
36.5,0.7839269645653666,0.348185245025908,0.7839269645653666,1219.0,0.7118604675674005,0.3828691614988353,0.7118604675674005,38.0,0.7871460906597074,0.3440221712549742,0.7871460906597074,-4.7,0.7890977842301509,0.34375952829162687,0.7890977842301509,7.67,0.8097810628892875,0.3251756519624815,0.8097810628892875,40.0,0.6680782782661272,0.38732725959842684,0.6680782782661272,27.1,0.7871460906597073,0.3440221712549742,0.7871460906597073,67.8,0.7502660919596718,0.36943528413576293,0.7502660919596718
14.9,0.7787561449005824,0.3525228608209876,0.7787561449005824,1340.0,0.710593035043503,0.38263506927658475,0.710593035043503,21.0,0.7871460906597074,0.3440221712549742,0.7871460906597074,10.2,0.7890977842301509,0.34375952829162687,0.7890977842301509,3.15,0.8097810628892875,0.3251756519624815,0.8097810628892875,39.0,0.6805773564103567,0.38663650661777355,0.6805773564103567,20.4,0.7871460906597074,0.34402217125497475,0.7871460906597074,72.2,0.7554369116244561,0.3655458205228453,0.7554369116244561
17.6,0.773585325235798,0.35677237567686515,0.773585325235798,1205.0,0.7177155482787305,0.37934138500070674,0.7177155482787305,30.0,0.7871460906597074,0.3440221712549742,0.7871460906597074,5.5,0.794268603894935,0.33924571061814474,0.794268603894935,3.5,0.8097810628892875,0.3251756519624815,0.8097810628892875,27.0,0.6927028146004998,0.38548773197526387,0.6927028146004998,19.2,0.7819752709949233,0.34842395088291755,0.7819752709949233,60.0,0.7625594248596836,0.36141791732012696,0.7625594248596836
56.1,0.773585325235798,0.35677237567686615,0.773585325235798,1325.0,0.7177155482787305,0.37934138500070674,0.7177155482787305,71.0,0.7871460906597074,0.3440221712549742,0.7871460906597074,0.0,0.7994394235597191,0.334643792005459,0.7994394235597191,11.22,0.8097810628892875,0.3251756519624815,0.8097810628892875,35.0,0.7044129760231598,0.3838830837265399,0.7044129760231598,30.6,0.7871460906597074,0.3440221712549732,0.7871460906597074,63.8636053593179,0.7677302445244679,0.35732831472246585,0.7677302445244679
23.1,0.7787561449005823,0.3525228608209876,0.7787561449005823,1594.0,0.7177155482787305,0.37934138500070674,0.7177155482787305,21.0,0.7871460906597074,0.34402217125497525,0.7871460906597074,0.0,0.7994394235597191,0.334643792005459,0.7994394235597191,3.49,0.8097810628892875,0.3251756519624815,0.8097810628892875,24.0,0.7156556708710557,0.38182534778314586,0.7156556708710557,21.2,0.7839269645653666,0.3442173513070906,0.7839269645653666,66.7,0.7748527577596955,0.3529468796931968,0.7748527577596955
41.6,0.7787561449005823,0.3525228608209876,0.7787561449005823,1178.0,0.7228863679435148,0.3759160652118275,0.7228863679435148,63.0,0.7819752709949231,0.3484239508829175,0.7819752709949231,6.2,0.8046102432245033,0.3299537724535712,0.8046102432245033,7.2,0.8097810628892875,0.3251756519624815,0.8097810628892875,29.0,0.7263636872061943,0.3793186954413331,0.7263636872061943,25.9,0.7839269645653666,0.3442173513070906,0.7839269645653666,68.6,0.7819752709949231,0.3484239508829175,0.7819752709949231
79.2,0.7787561449005823,0.3525228608209876,0.7787561449005823,1512.0,0.7261054940378556,0.37610614807944825,0.7261054940378556,20.0,0.7819752709949231,0.3484239508829175,0.7819752709949231,-3.9,0.8097810628892875,0.3251756519624815,0.8097810628892875,18.07,0.8097810628892875,0.3251756519624815,0.8097810628892875,33.0,0.7263636872061942,0.3793186954413331,0.7263636872061942,32.9,0.7839269645653665,0.3442173513070906,0.7839269645653665,64.7,0.7748527577596955,0.3529468796931968,0.7748527577596955
18.4,0.7839269645653666,0.348185245025908,0.7839269645653666,1538.0,0.7209346743730716,0.37956945928488806,0.7209346743730716,53.0,0.7819752709949231,0.3484239508829175,0.7819752709949231,0.0,0.8149518825540718,0.32030943053218974,0.8149518825540718,4.26,0.8046102432245033,0.3299537724535712,0.8046102432245033,29.0,0.7263636872061942,0.3793186954413331,0.7263636872061942,21.6,0.7839269645653665,0.3442173513070906,0.7839269645653665,62.4,0.7677302445244679,0.35732831472246585,0.7677302445244679
63.5,0.7839269645653666,0.348185245025908,0.7839269645653666,1500.0,0.7209346743730713,0.379569459284888,0.7209346743730713,71.0,0.7748527577596955,0.3529468796931968,0.7748527577596955,-3.1,0.8149518825540718,0.32030943053218974,0.8149518825540718,14.4,0.7994394235597191,0.33464379200545846,0.7994394235597191,37.0,0.7211928675414101,0.3827622888574389,0.7211928675414101,31.4,0.7839269645653666,0.3442173513070906,0.7839269645653666,67.5,0.7677302445244679,0.35732831472246585,0.7677302445244679
33.7,0.7890977842301509,0.34375952829162687,0.7890977842301509,1817.0,0.7209346743730713,0.379569459284888,0.7209346743730713,46.0,0.7748527577596955,0.3529468796931968,0.7748527577596955,-0.8,0.8149518825540718,0.32030943053218974,0.8149518825540718,10.96,0.7994394235597191,0.334643792005459,0.7994394235597191,38.0,0.7160220478766257,0.3861177813343434,0.7160220478766257,29.4,0.7890977842301509,0.3397654621565049,0.7890977842301509,74.5,0.7625594248596836,0.36141791732012696,0.7625594248596836
63.5,0.7890977842301509,0.34375952829162687,0.7890977842301509,1950.0,0.7209346743730713,0.379569459284888,0.7209346743730713,28.0,0.776804451330139,0.35273762957165883,0.776804451330139,0.0,0.8149518825540718,0.32030943053218974,0.8149518825540718,19.07,0.7994394235597191,0.334643792005459,0.7994394235597191,40.0,0.7160220478766257,0.3861177813343434,0.7160220478766257,32.9,0.7923169103244917,0.33953229068782886,0.7923169103244917,68.6,0.7677302445244679,0.35732831472246684,0.7677302445244679
48.2,0.7890977842301509,0.34375952829162687,0.7890977842301509,1342.0,0.7209346743730713,0.379569459284888,0.7209346743730713,46.0,0.7748527577596955,0.3529468796931963,0.7748527577596955,-3.9,0.8149518825540717,0.3203094305321897,0.8149518825540717,9.6,0.7994394235597191,0.334643792005459,0.7994394235597191,42.0,0.7104848512062714,0.38511920471102307,0.7104848512062714,28.2,0.7923169103244917,0.33953229068782886,0.7923169103244917,67.5,0.767730244524468,0.3573283147224659,0.767730244524468
52.9,0.7890977842301509,0.34375952829162687,0.7890977842301509,1689.0,0.7209346743730713,0.379569459284888,0.7209346743730713,45.0,0.7800235774244798,0.34865713811079385,0.7800235774244798,0.8,0.8149518825540717,0.3203094305321897,0.8149518825540717,13.29,0.7994394235597191,0.334643792005459,0.7994394235597191,53.0,0.6992421563583755,0.38702202708310807,0.6992421563583755,30.6,0.7871460906597074,0.3440221712549742,0.7871460906597074,69.4,0.7677302445244679,0.35732831472246585,0.7677302445244679
19.6,0.794268603894935,0.33924571061814374,0.794268603894935,1222.0,0.7209346743730713,0.379569459284887,0.7209346743730713,33.0,0.7800235774244798,0.34865713811079385,0.7800235774244798,0.0,0.8149518825540717,0.32030943053219024,0.8149518825540717,3.22,0.794268603894935,0.33924571061814474,0.794268603894935,51.0,0.7044129760231598,0.3838830837265399,0.7044129760231598,18.4,0.7890977842301509,0.34375952829162687,0.7890977842301509,64.7,0.7729010641892522,0.3531506111856032,0.7729010641892522
42.4,0.7994394235597191,0.334643792005459,0.7994394235597191,1112.0,0.7209346743730713,0.379569459284887,0.7209346743730713,97.0,0.7800235774244798,0.34865713811079385,0.7800235774244798,2.3,0.8149518825540718,0.32030943053218974,0.8149518825540718,8.32,0.7871460906597073,0.34402217125497314,0.7871460906597073,30.0,0.7095837956879439,0.3806560394307719,0.7095837956879439,29.0,0.7942686038949351,0.33924571061814374,0.7942686038949351,66.3,0.7677302445244679,0.35732831472246585,0.7677302445244679
100.0,0.8046102432245033,0.3299537724535712,0.8046102432245033,1741.0,0.7209346743730713,0.379569459284887,0.7209346743730713,20.0,0.7800235774244798,0.34865713811079385,0.7800235774244798,5.5,0.8149518825540718,0.32030943053218974,0.8149518825540718,30.34,0.785194397089264,0.3442792955891904,0.785194397089264,44.0,0.7147546153527282,0.37734089419580114,0.7147546153527282,40.0,0.7942686038949351,0.33924571061814374,0.7942686038949351,56.5,0.7677302445244679,0.35732831472246585,0.7677302445244679
23.5,0.8046102432245033,0.3299537724535712,0.8046102432245033,1531.0,0.7261054940378556,0.37610614807944825,0.7261054940378556,29.0,0.7800235774244799,0.3486571381107939,0.7800235774244799,5.5,0.8149518825540718,0.32030943053219024,0.8149518825540718,6.08,0.7780718838540365,0.34888480670953964,0.7780718838540365,46.0,0.7188747969653966,0.3784350740607491,0.7188747969653966,24.7,0.7890977842301509,0.34375952829162687,0.7890977842301509,74.1,0.7677302445244679,0.35732831472246585,0.7677302445244679
36.1,0.8046102432245033,0.32995377245357016,0.8046102432245033,1567.0,0.7261054940378556,0.37610614807944825,0.7261054940378556,30.0,0.7748527577596955,0.3529468796931968,0.7748527577596955,-0.8,0.820122702218856,0.3153551081626964,0.820122702218856,8.41,0.7709493706188087,0.35334882404887896,0.7709493706188087,47.0,0.7224603000653076,0.37932312075068464,0.7224603000653076,26.7,0.7890977842301509,0.34375952829162687,0.7890977842301509,72.5,0.7677302445244679,0.35732831472246585,0.7677302445244679
34.1,0.8046102432245033,0.32995377245357016,0.8046102432245033,1563.0,0.7312763137026399,0.3725547359348084,0.7312763137026399,28.0,0.7800235774244798,0.3486571381107944,0.7800235774244798,0.8,0.8252935218836404,0.31031268485400115,0.8252935218836404,7.33,0.7709493706188087,0.35334882404887896,0.7709493706188087,46.0,0.7224603000653076,0.37932312075068514,0.7224603000653076,25.9,0.794268603894935,0.33924571061814474,0.794268603894935,72.9,0.7696819380949113,0.35714852033639727,0.7696819380949113
37.6,0.7994394235597191,0.334643792005459,0.7994394235597191,1453.0,0.7383988269378673,0.368848950508059,0.7383988269378673,36.0,0.7800235774244798,0.3486571381107944,0.7800235774244798,1.6,0.8252935218836404,0.31031268485400115,0.8252935218836404,8.19,0.7709493706188087,0.35334882404887896,0.7709493706188087,44.0,0.7153377868300799,0.3826888375587539,0.7153377868300799,26.7,0.794268603894935,0.33924571061814474,0.794268603894935,71.0,0.7696819380949113,0.35714852033639727,0.7696819380949113
62.7,0.7994394235597191,0.334643792005459,0.7994394235597191,1477.0,0.7435696466026517,0.36509739937867586,0.7435696466026517,38.0,0.7851943970892641,0.34427929558919046,0.7851943970892641,-4.7,0.8201227022188562,0.3153551081626965,0.8201227022188562,15.25,0.7709493706188087,0.35334882404887896,0.7709493706188087,46.0,0.7224603000653076,0.37932312075068464,0.7224603000653076,31.8,0.7890977842301509,0.34375952829162687,0.7890977842301509,67.5,0.7748527577596955,0.3529468796931979,0.7748527577596955
16.1,0.7994394235597191,0.334643792005459,0.7994394235597191,1498.0,0.7487404662674358,0.3612577473100916,0.7487404662674358,54.0,0.7800235774244799,0.3486571381107939,0.7800235774244799,8.6,0.8149518825540717,0.3203094305321897,0.8149518825540717,3.81,0.7709493706188089,0.35334882404887896,0.7709493706188089,45.0,0.7244119936357509,0.37932366741057444,0.7244119936357509,21.2,0.7890977842301509,0.34375952829162687,0.7890977842301509,68.6,0.7677302445244679,0.35732831472246585,0.7677302445244679
65.5,0.8046102432245033,0.3299537724535712,0.8046102432245033,1681.0,0.7539112859322201,0.35732999430230533,0.7539112859322201,31.0,0.7748527577596955,0.3529468796931963,0.7748527577596955,-7.0,0.8149518825540717,0.3203094305321897,0.8149518825540717,15.95,0.7709493706188087,0.35334882404887896,0.7709493706188087,52.0,0.7315345068709785,0.37578700108602403,0.7315345068709785,31.8,0.7890977842301509,0.34375952829162687,0.7890977842301509,68.2,0.7729010641892522,0.35315061118560426,0.7729010641892522
46.3,0.8097810628892876,0.3251756519624815,0.8097810628892876,1746.0,0.7539112859322201,0.35732999430230533,0.7539112859322201,22.0,0.7729010641892521,0.3531506111856042,0.7729010641892521,1.6,0.8149518825540717,0.3203094305321897,0.8149518825540717,6.1,0.776120190283593,0.34910695667915315,0.776120190283593,51.0,0.7263636872061943,0.3793186954413331,0.7263636872061943,23.5,0.7890977842301509,0.34375952829162687,0.7890977842301509,71.4,0.7729010641892522,0.35315061118560426,0.7729010641892522
16.5,0.8097810628892876,0.3251756519624815,0.8097810628892876,1615.0,0.7623012316913451,0.35325457710834296,0.7623012316913451,21.0,0.7729010641892521,0.3531506111856042,0.7729010641892521,0.0,0.8201227022188562,0.3153551081626965,0.8201227022188562,4.3,0.776120190283593,0.34910695667915315,0.776120190283593,33.67243525896414,0.7334862004414219,0.3757525733813131,0.7334862004414219,22.0,0.7890977842301509,0.34375952829162687,0.7890977842301509,63.1,0.7800235774244798,0.3486571381107944,0.7800235774244798
19.6,0.8149518825540718,0.32030943053218974,0.8149518825540718,1300.0,0.7716336316653546,0.34915186677874954,0.7716336316653546,27.0,0.7729010641892521,0.3531506111856042,0.7729010641892521,10.2,0.8252935218836404,0.31031268485400115,0.8252935218836404,3.76,0.7812910099483773,0.3447769883702248,0.7812910099483773,29.0,0.738657020106206,0.3721088409804641,0.738657020106206,20.4,0.7890977842301509,0.34375952829162687,0.7890977842301509,59.6,0.7871460906597073,0.3440221712549752,0.7871460906597073
54.1,0.820122702218856,0.3153551081626964,0.820122702218856,1416.0,0.7716336316653546,0.34915186677874954,0.7716336316653546,64.0,0.7800235774244798,0.34865713811079546,0.7800235774244798,2.3,0.8252935218836404,0.31031268485400115,0.8252935218836404,12.39,0.7832427035188207,0.34453090129427344,0.7832427035188207,36.0,0.738657020106206,0.3721088409804641,0.738657020106206,30.6,0.7839269645653666,0.348185245025908,0.7839269645653666,68.2,0.7871460906597073,0.3440221712549752,0.7871460906597073
78.8,0.8252935218836404,0.31031268485400115,0.8252935218836404,1863.0,0.7716336316653546,0.34915186677874954,0.7716336316653546,20.0,0.7800235774244798,0.34865713811079546,0.7800235774244798,-3.9,0.8252935218836404,0.31031268485400115,0.8252935218836404,21.98,0.7832427035188207,0.34453090129427344,0.7832427035188207,42.0,0.738657020106206,0.3721088409804641,0.738657020106206,34.1,0.7839269645653665,0.348185245025908,0.7839269645653665,66.7,0.7871460906597073,0.3440221712549752,0.7871460906597073
19.2,0.8252935218836404,0.31031268485400115,0.8252935218836404,1296.0,0.7664628120005704,0.35334168842169555,0.7664628120005704,65.0,0.7871460906597074,0.3440221712549742,0.7871460906597074,10.2,0.8252935218836404,0.31031268485400115,0.8252935218836404,3.54,0.7780718838540365,0.3488848067095386,0.7780718838540365,39.0,0.7416179530322085,0.372695097026726,0.7416179530322085,20.8,0.7890977842301509,0.34375952829162687,0.7890977842301509,61.2,0.7871460906597073,0.3440221712549752,0.7871460906597073
29.0,0.8304643415484245,0.30518216060610437,0.8304643415484245,1292.0,0.7642529252617886,0.35307849784872986,0.7642529252617886,60.0,0.794268603894935,0.33924571061814474,0.794268603894935,7.0,0.8252935218836404,0.31031268485400115,0.8252935218836404,3.82,0.7780718838540365,0.34888480670953964,0.7780718838540365,37.0,0.7438278397709902,0.37307027988965397,0.7438278397709902,19.2,0.794268603894935,0.33924571061814474,0.794268603894935,67.1,0.7819752709949231,0.3484239508829175,0.7819752709949231
69.0,0.8304643415484245,0.30518216060610437,0.8304643415484245,1517.0,0.7735853252357979,0.3489412779044468,0.7735853252357979,56.0,0.794268603894935,0.33924571061814474,0.794268603894935,-4.7,0.8201227022188562,0.3153551081626965,0.8201227022188562,15.36,0.7832427035188207,0.34453090129427294,0.7832427035188207,48.0,0.7438278397709902,0.37307027988965397,0.7438278397709902,31.8,0.794268603894935,0.33924571061814474,0.794268603894935,66.3,0.776804451330139,0.35273762957165883,0.776804451330139
18.0,0.8304643415484245,0.30518216060610437,0.8304643415484245,1461.0,0.7819752709949233,0.3444659357790835,0.7819752709949233,21.0,0.7994394235597191,0.33464379200545846,0.7994394235597191,6.2,0.8201227022188562,0.3153551081626965,0.8201227022188562,3.78,0.7903652167540481,0.3398133521283823,0.7903652167540481,35.0,0.7438278397709902,0.37307027988965397,0.7438278397709902,20.8,0.7994394235597191,0.334643792005459,0.7994394235597191,62.4,0.7839269645653665,0.348185245025909,0.7839269645653665
80.4,0.8252935218836402,0.3103126848540011,0.8252935218836402,1208.0,0.7819752709949231,0.34446593577908347,0.7819752709949231,55.0,0.7994394235597191,0.334643792005459,0.7994394235597191,-3.1,0.8201227022188562,0.3153551081626965,0.8201227022188562,14.62,0.7819752709949231,0.34446593577908347,0.7819752709949231,41.0,0.7438278397709902,0.37307027988965447,0.7438278397709902,31.8,0.7994394235597191,0.334643792005459,0.7994394235597191,61.2,0.7890977842301506,0.34375952829162787,0.7890977842301506
45.5,0.820122702218856,0.3153551081626964,0.820122702218856,1376.0,0.7819752709949233,0.3444659357790835,0.7819752709949233,52.0,0.794268603894935,0.33924571061814474,0.794268603894935,0.0,0.8149518825540718,0.32030943053218974,0.8149518825540718,10.81,0.776804451330139,0.3488057868841294,0.776804451330139,44.0,0.7438278397709902,0.37307027988965447,0.7438278397709902,29.0,0.7994394235597191,0.334643792005459,0.7994394235597191,68.6,0.7890977842301506,0.34375952829162787,0.7890977842301506
56.5,0.8149518825540718,0.32030943053218974,0.8149518825540718,1763.0,0.7768044513301388,0.34880578688412933,0.7768044513301388,18.0,0.794268603894935,0.33924571061814474,0.794268603894935,1.6,0.8097810628892875,0.3251756519624815,0.8097810628892875,9.35,0.776804451330139,0.3488057868841294,0.776804451330139,51.0,0.7522177855301153,0.3693328196978416,0.7522177855301153,25.1,0.794268603894935,0.33924571061814474,0.794268603894935,69.4,0.7890977842301506,0.34375952829162787,0.7890977842301506
17.6,0.8097810628892875,0.3251756519624815,0.8097810628892875,1652.0,0.7819752709949233,0.3444659357790835,0.7819752709949233,21.0,0.794268603894935,0.33924571061814474,0.794268603894935,0.0,0.8097810628892875,0.3251756519624815,0.8097810628892875,4.45,0.7819752709949231,0.34446593577908347,0.7819752709949231,40.0,0.7593402987653428,0.36528749880519307,0.7593402987653428,21.6,0.7994394235597191,0.334643792005459,0.7994394235597191,63.1,0.7890977842301506,0.34375952829162787,0.7890977842301506
18.4,0.8046102432245033,0.3299537724535712,0.8046102432245033,943.0,0.7819752709949231,0.34446593577908347,0.7819752709949231,33.0,0.794268603894935,0.33924571061814474,0.794268603894935,9.4,0.8046102432245033,0.3299537724535712,0.8046102432245033,3.83,0.776804451330139,0.3488057868841294,0.776804451330139,32.0,0.7541694791005586,0.3692248366307884,0.7541694791005586,21.2,0.7923169103244916,0.3395322906878304,0.7923169103244916,61.2,0.7890977842301506,0.34375952829162787,0.7890977842301506
35.3,0.8046102432245033,0.3299537724535712,0.8046102432245033,787.0,0.7903652167540481,0.3398133521283833,0.7903652167540481,29.0,0.794268603894935,0.33924571061814474,0.794268603894935,3.9,0.7994394235597191,0.334643792005459,0.7994394235597191,4.12,0.7716336316653547,0.3530575370499728,0.7716336316653547,31.0,0.7541694791005586,0.3692248366307884,0.7541694791005586,20.4,0.7839269645653665,0.3442173513070906,0.7839269645653665,56.9,0.7890977842301506,0.34375952829162787,0.7890977842301506
34.9,0.8046102432245033,0.3299537724535712,0.8046102432245033,806.0,0.7974877299892758,0.33495430918148145,0.7974877299892758,30.0,0.7994394235597191,0.334643792005459,0.7994394235597191,-3.9,0.7923169103244916,0.3395322906878293,0.7923169103244916,3.71,0.7716336316653547,0.3530575370499728,0.7716336316653547,29.0,0.7541694791005586,0.3692248366307884,0.7541694791005586,20.0,0.774594564591357,0.34857928730356635,0.774594564591357,57.3,0.7890977842301506,0.34375952829162787,0.7890977842301506
42.0,0.8046102432245033,0.3299537724535712,0.8046102432245033,791.0,0.7974877299892758,0.33495430918148145,0.7974877299892758,36.0,0.7942686038949349,0.33924571061814474,0.7942686038949349,0.0,0.7871460906597074,0.3440221712549742,0.7871460906597074,4.28,0.7716336316653547,0.3530575370499728,0.7716336316653547,0.0,0.7541694791005586,0.3692248366307884,0.7541694791005586,20.8,0.774594564591357,0.34857928730356635,0.774594564591357,59.2,0.7839269645653665,0.348185245025909,0.7839269645653665
56.9,0.7994394235597191,0.334643792005459,0.7994394235597191,1168.0,0.7974877299892758,0.33495430918148145,0.7974877299892758,19.0,0.794268603894935,0.33924571061814474,0.794268603894935,0.8,0.7819752709949231,0.3484239508829175,0.7819752709949231,9.59,0.7716336316653547,0.3530575370499728,0.7716336316653547,14.0,0.7541694791005585,0.3692248366307874,0.7541694791005585,28.2,0.774594564591357,0.34857928730356635,0.774594564591357,53.7,0.7839269645653665,0.348185245025909,0.7839269645653665
37.6,0.8046102432245034,0.32995377245357127,0.8046102432245034,1447.0,0.7974877299892756,0.3349543091814819,0.7974877299892756,47.0,0.7890977842301509,0.34375952829162687,0.7890977842301509,-0.8,0.7819752709949231,0.3484239508829175,0.7819752709949231,7.89,0.776804451330139,0.3488057868841294,0.776804451330139,21.0,0.7561211726710019,0.3691113349346016,0.7561211726710019,25.9,0.774594564591357,0.34857928730356635,0.774594564591357,71.8,0.7839269645653665,0.348185245025909,0.7839269645653665
66.7,0.8046102432245034,0.32995377245357127,0.8046102432245034,2015.0,0.7903652167540481,0.3398133521283833,0.7903652167540481,22.0,0.7890977842301509,0.34375952829162687,0.7890977842301509,1.6,0.7819752709949231,0.3484239508829175,0.7819752709949231,20.97,0.7819752709949231,0.34446593577908347,0.7819752709949231,31.0,0.7561211726710019,0.3691113349346026,0.7561211726710019,33.3,0.774594564591357,0.34857928730356635,0.774594564591357,68.2,0.7839269645653665,0.348185245025909,0.7839269645653665
18.0,0.8046102432245033,0.3299537724535712,0.8046102432245033,1346.0,0.785194397089264,0.34427929558918985,0.785194397089264,50.0,0.7890977842301509,0.34375952829162687,0.7890977842301509,3.9,0.7819752709949231,0.3484239508829175,0.7819752709949231,5.55,0.7768044513301388,0.34880578688412933,0.7768044513301388,33.0,0.7489986594357746,0.37307407351718036,0.7489986594357746,24.7,0.7694237449265728,0.3528070992355519,0.7694237449265728,65.1,0.7890977842301506,0.34375952829162787,0.7890977842301506
71.4,0.7994394235597191,0.334643792005459,0.7994394235597191,1693.0,0.7923169103244916,0.3395322906878304,0.7923169103244916,61.0,0.794268603894935,0.33924571061814474,0.794268603894935,-3.1,0.7819752709949231,0.3484239508829175,0.7819752709949231,18.1,0.776804451330139,0.3488057868841294,0.776804451330139,40.0,0.7477312269118771,0.3729137490635353,0.7477312269118771,32.5,0.7694237449265728,0.3528070992355519,0.7694237449265728,67.5,0.7890977842301506,0.34375952829162787,0.7890977842301506
70.6,0.7994394235597191,0.334643792005459,0.7994394235597191,2066.0,0.7923169103244916,0.3395322906878304,0.7923169103244916,70.0,0.794268603894935,0.33924571061814474,0.794268603894935,1.6,0.776804451330139,0.35273762957165833,0.776804451330139,21.88,0.7716336316653546,0.3530575370499728,0.7716336316653546,45.0,0.7435696466026518,0.3726246448074505,0.7435696466026518,33.7,0.7623012316913452,0.35711301087296426,0.7623012316913452,68.2,0.794268603894935,0.33924571061814474,0.794268603894935
54.5,0.7994394235597191,0.334643792005459,0.7994394235597191,2258.0,0.7994394235597191,0.334643792005459,0.7994394235597191,19.0,0.794268603894935,0.33924571061814474,0.794268603894935,0.0,0.7716336316653547,0.3569632073211981,0.7716336316653547,17.38,0.7632436859062296,0.3572806944638145,0.7632436859062296,33.67243525896414,0.7487404662674358,0.36883733757147547,0.7487404662674358,31.8,0.7551787184561176,0.36127742872936525,0.7551787184561176,71.0,0.7994394235597191,0.334643792005459,0.7994394235597191
27.5,0.7994394235597191,0.334643792005459,0.7994394235597191,1839.0,0.7974877299892758,0.33495430918148145,0.7974877299892758,67.0,0.794268603894935,0.33924571061814474,0.794268603894935,6.2,0.7664628120005704,0.36110068413153423,0.7664628120005704,10.19,0.7684145055710138,0.35315503665373166,0.7684145055710138,40.0,0.7539112859322202,0.36496192939629707,0.7539112859322202,29.4,0.7603495381209019,0.3572736928884609,0.7603495381209019,74.9,0.8046102432245033,0.3299537724535712,0.8046102432245033
78.0,0.7994394235597191,0.334643792005459,0.7994394235597191,2025.0,0.7974877299892756,0.3349543091814814,0.7974877299892756,52.0,0.7994394235597191,0.334643792005459,0.7994394235597191,-4.7,0.7664628120005704,0.36110068413153423,0.7664628120005704,24.2,0.7684145055710138,0.35315503665373166,0.7684145055710138,42.0,0.7467887726969925,0.3689317268970883,0.7467887726969925,34.5,0.765520357785686,0.3531818561083539,0.765520357785686,67.5,0.8097810628892876,0.3251756519624815,0.8097810628892876
59.6,0.7994394235597191,0.334643792005459,0.7994394235597191,2065.0,0.7974877299892758,0.33495430918148195,0.7974877299892758,50.0,0.7994394235597191,0.334643792005459,0.7994394235597191,0.8,0.7664628120005705,0.36110068413153484,0.7664628120005705,18.54,0.7684145055710138,0.35315503665373166,0.7684145055710138,43.0,0.7416179530322085,0.372695097026725,0.7416179530322085,32.5,0.7655203577856861,0.35318185610835395,0.7655203577856861,69.4,0.8097810628892875,0.3251756519624815,0.8097810628892875
17.6,0.7994394235597191,0.334643792005459,0.7994394235597191,1594.0,0.7974877299892758,0.33495430918148195,0.7974877299892758,20.0,0.794268603894935,0.33924571061814474,0.794268603894935,0.0,0.7612919923357861,0.36515006000267,0.7612919923357861,4.16,0.7684145055710138,0.35315503665373166,0.7684145055710138,45.0,0.7367053265357627,0.37216720579151374,0.7367053265357627,21.6,0.7706911774504703,0.34900191838904504,0.7706911774504703,63.8636053593179,0.8046102432245033,0.3299537724535712,0.8046102432245033
13.7,0.7994394235597191,0.334643792005459,0.7994394235597191,1528.0,0.7955360364188324,0.3352593077283743,0.7955360364188324,21.0,0.7890977842301506,0.34375952829162787,0.7890977842301506,10.2,0.7593402987653428,0.36528749880519307,0.7593402987653428,3.47,0.7684145055710139,0.3531550366537317,0.7684145055710139,41.0,0.7367053265357628,0.3721672057915138,0.7367053265357628,21.2,0.7706911774504703,0.34900191838904504,0.7706911774504703,74.5,0.8046102432245033,0.3299537724535712,0.8046102432245033
18.8,0.8046102432245033,0.3299537724535712,0.8046102432245033,1329.0,0.7955360364188324,0.3352593077283743,0.7955360364188324,47.0,0.7890977842301506,0.34375952829162787,0.7890977842301506,18.8,0.7541694791005585,0.3692248366307874,0.7541694791005585,3.62,0.7612919923357861,0.3574434091254385,0.7612919923357861,39.0,0.7315345068709785,0.37578700108602403,0.7315345068709785,20.8,0.7606077312892403,0.3529192469445402,0.7606077312892403,60.4,0.8046102432245033,0.3299537724535712,0.8046102432245033
60.0,0.8046102432245033,0.3299537724535712,0.8046102432245033,1341.0,0.7903652167540481,0.3398133521283833,0.7903652167540481,43.0,0.7839269645653665,0.3481852450259095,0.7839269645653665,8.6,0.7541694791005585,0.3692248366307874,0.7541694791005585,8.76,0.7612919923357861,0.3574434091254385,0.7612919923357861,38.0,0.7315345068709785,0.37578700108602403,0.7315345068709785,22.4,0.7625594248596836,0.35274671523093165,0.7625594248596836,66.3,0.8097810628892875,0.3251756519624815,0.8097810628892875
19.6,0.8046102432245033,0.3299537724535712,0.8046102432245033,974.0,0.7903652167540481,0.3398133521283833,0.7903652167540481,32.0,0.7839269645653665,0.3481852450259095,0.7839269645653665,-3.9,0.7593402987653428,0.36528749880519307,0.7593402987653428,2.73,0.7561211726710021,0.36145702888998105,0.7561211726710021,23.0,0.7295828133005351,0.3758159101616041,0.7295828133005351,20.4,0.7625594248596836,0.35274671523093165,0.7625594248596836,60.4,0.8097810628892875,0.3251756519624815,0.8097810628892875
55.7,0.7994394235597191,0.334643792005459,0.7994394235597191,855.0,0.7903652167540484,0.33981335212838343,0.7903652167540484,46.0,0.7839269645653665,0.3481852450259095,0.7839269645653665,-3.9,0.7645111184301271,0.36126206004039624,0.7645111184301271,6.9,0.7561211726710021,0.36145702888998105,0.7561211726710021,10.0,0.7263636872061943,0.3756421617305158,0.7263636872061943,20.4,0.7625594248596836,0.35274671523093115,0.7625594248596836,57.3,0.8097810628892875,0.3251756519624815,0.8097810628892875
58.8,0.7994394235597191,0.334643792005459,0.7994394235597191,1022.0,0.7923169103244917,0.33953229068782886,0.7923169103244917,57.0,0.7839269645653665,0.348185245025909,0.7839269645653665,3.1,0.7645111184301271,0.36126206004039624,0.7645111184301271,9.0,0.7541694791005586,0.3615902878161366,0.7541694791005586,22.0,0.7211928675414101,0.37911192756292666,0.7211928675414101,28.2,0.7573886051948995,0.35680701522145153,0.7573886051948995,61.6,0.8149518825540718,0.32030943053218974,0.8149518825540718
64.3,0.7994394235597191,0.334643792005459,0.7994394235597191,2179.0,0.7974877299892758,0.33495430918148195,0.7974877299892758,21.0,0.7787561449005823,0.3525228608209886,0.7787561449005823,-2.3,0.7593402987653428,0.36528749880519307,0.7593402987653428,20.62,0.7593402987653428,0.3576006051579319,0.7593402987653428,30.0,0.7263636872061944,0.3756421617305159,0.7263636872061944,33.3,0.7674720513561295,0.3529972369865186,0.7674720513561295,68.6,0.8097810628892875,0.3251756519624815,0.8097810628892875
40.0,0.794268603894935,0.33924571061814474,0.794268603894935,1462.0,0.7974877299892758,0.334954309181483,0.7974877299892758,39.0,0.7787561449005823,0.3525228608209886,0.7787561449005823,3.9,0.7541694791005585,0.3692248366307889,0.7541694791005585,9.07,0.7664628120005705,0.3533416884216956,0.7664628120005705,34.0,0.7263636872061944,0.3756421617305159,0.7263636872061944,27.5,0.776804451330139,0.3488057868841294,0.776804451330139,70.2,0.8097810628892875,0.3251756519624815,0.8097810628892875
44.7,0.794268603894935,0.33924571061814474,0.794268603894935,1776.0,0.7974877299892758,0.33495430918148195,0.7974877299892758,36.0,0.7839269645653665,0.348185245025909,0.7839269645653665,4.7,0.747046965865331,0.37315811947789507,0.747046965865331,11.15,0.7664628120005705,0.3533416884216956,0.7664628120005705,39.0,0.7156556708710557,0.3782030133442982,0.7156556708710557,24.3,0.7716336316653547,0.3530575370499733,0.7716336316653547,71.4,0.8097810628892875,0.3251756519624815,0.8097810628892875
45.1,0.7890977842301506,0.3437595282916273,0.7890977842301506,1336.0,0.8026585496540598,0.330288226735933,0.8026585496540598,42.0,0.7890977842301506,0.34375952829162787,0.7890977842301506,3.9,0.747046965865331,0.37315811947789507,0.747046965865331,8.98,0.7748527577596958,0.34902491562065296,0.7748527577596958,45.0,0.7044129760231599,0.3803176548672761,0.7044129760231599,28.6,0.7716336316653547,0.3530575370499733,0.7716336316653547,67.5,0.8046102432245033,0.3299537724535712,0.8046102432245033
39.2,0.7890977842301509,0.34375952829162687,0.7890977842301509,1548.0,0.8078293693188443,0.3255340433511827,0.8078293693188443,29.0,0.7890977842301506,0.34375952829162787,0.7890977842301506,-2.3,0.747046965865331,0.37315811947789507,0.747046965865331,8.93,0.7832427035188207,0.34453090129427344,0.7832427035188207,50.0,0.6927028146004998,0.3819815748059093,0.6927028146004998,27.5,0.7664628120005704,0.35722118627661564,0.7664628120005704,71.0,0.8046102432245033,0.3299537724535712,0.8046102432245033
33.7,0.7890977842301509,0.34375952829162687,0.7890977842301509,1690.0,0.8026585496540599,0.33028822673593305,0.8026585496540599,27.0,0.7890977842301506,0.34375952829162787,0.7890977842301506,4.7,0.747046965865331,0.37315811947789607,0.747046965865331,7.83,0.7903652167540484,0.33981335212838343,0.7903652167540484,52.0,0.6876998696455843,0.38037115424611934,0.6876998696455843,26.3,0.7593402987653428,0.3614440519815625,0.7593402987653428,73.3,0.8046102432245033,0.3299537724535712,0.8046102432245033
18.0,0.7890977842301509,0.34375952829162687,0.7890977842301509,1412.0,0.8026585496540599,0.33028822673593305,0.8026585496540599,20.0,0.7839269645653665,0.348185245025909,0.7839269645653665,15.6,0.7522177855301152,0.36933281969784154,0.7522177855301152,3.89,0.7923169103244917,0.33953229068782886,0.7923169103244917,49.0,0.6825290499808001,0.3833256400177023,0.6825290499808001,20.8,0.7612919923357861,0.3612967345640545,0.7612919923357861,63.9,0.8046102432245033,0.3299537724535712,0.8046102432245033
20.0,0.7890977842301509,0.34375952829162687,0.7890977842301509,1279.0,0.8026585496540599,0.33028822673593305,0.8026585496540599,21.0,0.776804451330139,0.35273762957165883,0.776804451330139,14.1,0.7522177855301152,0.36933281969784154,0.7522177855301152,3.6,0.7923169103244917,0.33953229068782936,0.7923169103244917,45.0,0.6773582303160157,0.38619202485008364,0.6773582303160157,20.4,0.7519595923617767,0.36508025582824916,0.7519595923617767,59.6,0.8097810628892875,0.3251756519624815,0.8097810628892875
82.7,0.7890977842301509,0.34375952829162687,0.7890977842301509,1255.0,0.7974877299892758,0.33495430918148195,0.7974877299892758,17.0,0.776804451330139,0.35273762957165883,0.776804451330139,-3.1,0.7573886051948995,0.365419418978585,0.7573886051948995,14.91,0.7974877299892758,0.33495430918148195,0.7974877299892758,43.0,0.6702357170807882,0.38878851770090367,0.6702357170807882,31.8,0.7519595923617767,0.3650802558282486,0.7519595923617767,61.6,0.8097810628892875,0.3251756519624815,0.8097810628892875
54.5,0.794268603894935,0.33924571061814474,0.794268603894935,1162.0,0.7974877299892758,0.33495430918148195,0.7974877299892758,48.0,0.776804451330139,0.35273762957165883,0.776804451330139,2.3,0.7573886051948995,0.365419418978585,0.7573886051948995,9.01,0.7974877299892756,0.3349543091814819,0.7974877299892756,42.0,0.6609033171067787,0.3905930591634709,0.6609033171067787,27.5,0.7519595923617767,0.36508025582824916,0.7519595923617767,65.1,0.8046102432245033,0.3299537724535712,0.8046102432245033
36.1,0.794268603894935,0.33924571061814474,0.794268603894935,877.0,0.7923169103244917,0.33953229068782886,0.7923169103244917,32.0,0.7768044513301388,0.3527376295716588,0.7768044513301388,-3.9,0.7573886051948995,0.365419418978585,0.7573886051948995,4.15,0.8026585496540598,0.33028822673593244,0.8026585496540598,35.0,0.6629453291356918,0.3915021508209576,0.6629453291356918,20.0,0.7519595923617769,0.3650802558282487,0.7519595923617769,51.8,0.7994394235597191,0.334643792005459,0.7994394235597191
38.0,0.7942686038949349,0.33924571061814474,0.7942686038949349,787.0,0.785194397089264,0.34427929558918885,0.785194397089264,33.0,0.7819752709949231,0.3484239508829175,0.7819752709949231,-4.7,0.7625594248596836,0.36141791732012696,0.7625594248596836,4.18,0.8026585496540599,0.3302882267359325,0.8026585496540599,9.0,0.6639474742232134,0.39195257863431693,0.6639474742232134,20.4,0.7519595923617769,0.3650802558282487,0.7519595923617769,58.4,0.8046102432245033,0.3299537724535712,0.8046102432245033
59.2,0.794268603894935,0.33924571061814474,0.794268603894935,919.0,0.785194397089264,0.34427929558918985,0.785194397089264,46.0,0.7871460906597074,0.34402217125497525,0.7871460906597074,0.8,0.7625594248596836,0.36141791732012696,0.7625594248596836,7.62,0.8026585496540599,0.3302882267359325,0.8026585496540599,10.0,0.6619957806527701,0.39173635533346823,0.6619957806527701,25.1,0.7519595923617767,0.3650802558282486,0.7519595923617767,52.9,0.8046102432245033,0.3299537724535712,0.8046102432245033
49.8,0.7994394235597191,0.334643792005459,0.7994394235597191,1977.0,0.785194397089264,0.3442792955891904,0.785194397089264,31.0,0.7871460906597074,0.34402217125497525,0.7871460906597074,0.0,0.7625594248596836,0.36141791732012696,0.7625594248596836,14.59,0.8026585496540599,0.3302882267359325,0.8026585496540599,16.0,0.6548732674175425,0.3940263654825264,0.6548732674175425,31.4,0.7519595923617767,0.36508025582824916,0.7519595923617767,70.6,0.7994394235597191,0.334643792005459,0.7994394235597191
60.4,0.794268603894935,0.33924571061814474,0.794268603894935,1416.0,0.7800235774244798,0.34865713811079385,0.7800235774244798,64.0,0.7800235774244798,0.3486571381107944,0.7800235774244798,3.1,0.7696819380949113,0.35714852033639727,0.7696819380949113,12.7,0.7974877299892758,0.33495430918148195,0.7974877299892758,26.0,0.6477507541823149,0.3961748818505734,0.6477507541823149,30.2,0.7571304120265611,0.36114068382020753,0.7571304120265611,66.7,0.8046102432245033,0.3299537724535712,0.8046102432245033
74.5,0.7871460906597074,0.3440221712549742,0.7871460906597074,2539.0,0.7800235774244798,0.34865713811079385,0.7800235774244798,29.0,0.7800235774244798,0.3486571381107944,0.7800235774244798,0.0,0.7696819380949113,0.35714852033639727,0.7696819380949113,29.05,0.7974877299892758,0.33495430918148195,0.7974877299892758,32.0,0.6431631059948824,0.3943957225656856,0.6431631059948824,36.1,0.757130412026561,0.361140683820207,0.757130412026561,69.0,0.7994394235597191,0.334643792005459,0.7994394235597191
64.3,0.7819752709949231,0.3484239508829175,0.7819752709949231,1838.0,0.7800235774244798,0.34865713811079385,0.7800235774244798,63.0,0.7800235774244798,0.34865713811079385,0.7800235774244798,1.6,0.7696819380949114,0.3571485203363973,0.7696819380949114,19.6,0.8026585496540599,0.3302882267359325,0.8026585496540599,43.0,0.638160161039967,0.39239351322519367,0.638160161039967,33.3,0.757130412026561,0.361140683820207,0.757130412026561,68.2,0.8046102432245033,0.3299537724535712,0.8046102432245033
73.3,0.776804451330139,0.35273762957165883,0.776804451330139,2202.0,0.7800235774244798,0.34865713811079385,0.7800235774244798,39.0,0.7800235774244798,0.34865713811079385,0.7800235774244798,0.0,0.7696819380949113,0.35714852033639727,0.7696819380949113,24.35,0.8026585496540599,0.3302882267359325,0.8026585496540599,45.0,0.6256610828957374,0.392004845321556,0.6256610828957374,34.5,0.757130412026561,0.361140683820208,0.757130412026561,68.6,0.8097810628892875,0.3251756519624815,0.8097810628892875
71.0,0.776804451330139,0.35273762957165883,0.776804451330139,1582.0,0.7748527577596954,0.35294687969319677,0.7748527577596954,34.0,0.7748527577596955,0.3529468796931963,0.7748527577596955,2.3,0.7748527577596955,0.3529468796931979,0.7748527577596955,16.68,0.8026585496540599,0.3302882267359325,0.8026585496540599,49.0,0.617993268717507,0.38917390555215026,0.617993268717507,32.2,0.757130412026561,0.3611406838202075,0.757130412026561,67.1,0.8097810628892875,0.3251756519624815,0.8097810628892875
56.9,0.7839269645653665,0.348185245025909,0.7839269645653665,1670.0,0.7748527577596954,0.35294687969319677,0.7748527577596954,64.0,0.7748527577596955,0.3529468796931963,0.7748527577596955,-0.8,0.7696819380949113,0.35714852033639727,0.7696819380949113,14.09,0.7974877299892756,0.3349543091814819,0.7974877299892756,51.0,0.6048434442860333,0.3880022194633816,0.6048434442860333,31.0,0.757130412026561,0.3611406838202075,0.757130412026561,69.0,0.8097810628892875,0.3251756519624815,0.8097810628892875
77.3,0.7839269645653665,0.348185245025909,0.7839269645653665,1697.0,0.7696819380949113,0.35714852033639777,0.7696819380949113,56.0,0.7800235774244798,0.3486571381107944,0.7800235774244798,-6.2,0.7696819380949113,0.35714852033639727,0.7696819380949113,19.37,0.8026585496540599,0.3302882267359325,0.8026585496540599,50.0,0.6048434442860333,0.3880022194633816,0.6048434442860333,33.3,0.7500078987913333,0.3651930636310696,0.7500078987913333,66.7,0.8097810628892875,0.3251756519624815,0.8097810628892875
49.4,0.7890977842301506,0.34375952829162787,0.7890977842301506,1621.0,0.7645111184301269,0.36126206004039607,0.7645111184301269,50.0,0.7800235774244798,0.3486571381107944,0.7800235774244798,-0.8,0.7696819380949113,0.35714852033639727,0.7696819380949113,11.71,0.8026585496540599,0.3302882267359325,0.8026585496540599,46.0,0.6048434442860334,0.3880022194633817,0.6048434442860334,28.6,0.7500078987913333,0.3651930636310696,0.7500078987913333,69.8,0.8097810628892875,0.3251756519624815,0.8097810628892875
65.9,0.794268603894935,0.33924571061814474,0.794268603894935,1573.0,0.7573886051948994,0.3654194189785855,0.7573886051948994,62.0,0.7748527577596955,0.3529468796931968,0.7748527577596955,-1.6,0.7645111184301269,0.36126206004039607,0.7645111184301269,15.15,0.8026585496540599,0.3302882267359325,0.8026585496540599,51.0,0.6048434442860333,0.3880022194633816,0.6048434442860333,32.5,0.7448370791265492,0.3690205975935695,0.7448370791265492,67.5,0.8149518825540717,0.3203094305321897,0.8149518825540717
74.9,0.794268603894935,0.33924571061814474,0.794268603894935,1736.0,0.7645111184301271,0.36126206004039624,0.7645111184301271,28.0,0.7800235774244798,0.34865713811079546,0.7800235774244798,-4.7,0.7696819380949113,0.35714852033639727,0.7696819380949113,19.32,0.8026585496540598,0.33028822673593244,0.8026585496540598,53.0,0.6048434442860333,0.3880022194633816,0.6048434442860333,32.2,0.7519595923617767,0.36508025582824916,0.7519595923617767,66.7,0.8097810628892875,0.3251756519624815,0.8097810628892875
42.4,0.7923169103244916,0.3395322906878304,0.7923169103244916,1774.0,0.7716336316653546,0.3569632073211975,0.7716336316653546,46.0,0.7800235774244798,0.34865713811079546,0.7800235774244798,5.5,0.7768044513301388,0.3527376295716588,0.7768044513301388,14.35,0.7974877299892758,0.33495430918148195,0.7974877299892758,54.0,0.6048434442860333,0.3880022194633816,0.6048434442860333,31.0,0.757130412026561,0.3611406838202075,0.757130412026561,73.7,0.8097810628892875,0.3251756519624815,0.8097810628892875
60.0,0.7923169103244916,0.3395322906878304,0.7923169103244916,1997.0,0.7664628120005704,0.36110068413153423,0.7664628120005704,34.0,0.7800235774244797,0.34865713811079535,0.7800235774244797,5.5,0.7768044513301388,0.3527376295716588,0.7768044513301388,17.98,0.7923169103244917,0.33953229068782936,0.7923169103244917,33.67243525896414,0.6048434442860333,0.3880022194633816,0.6048434442860333,32.5,0.7623012316913451,0.3571130108729642,0.7623012316913451,69.0,0.8097810628892875,0.3251756519624815,0.8097810628892875
18.0,0.7923169103244917,0.33953229068782886,0.7923169103244917,1295.0,0.7716336316653546,0.3569632073211975,0.7716336316653546,19.0,0.7800235774244798,0.34865713811079546,0.7800235774244798,6.2,0.7839269645653665,0.348185245025909,0.7839269645653665,3.44,0.7923169103244916,0.3395322906878293,0.7923169103244916,59.0,0.6048434442860333,0.3880022194633816,0.6048434442860333,18.0,0.757130412026561,0.361140683820208,0.757130412026561,66.7,0.8046102432245033,0.3299537724535712,0.8046102432245033
40.8,0.7923169103244917,0.33953229068782936,0.7923169103244917,1611.0,0.7716336316653546,0.3569632073211975,0.7716336316653546,56.0,0.7871460906597074,0.3440221712549742,0.7871460906597074,3.1,0.7890977842301509,0.34375952829162687,0.7890977842301509,11.51,0.7923169103244917,0.33953229068782936,0.7923169103244917,57.0,0.6048434442860333,0.3880022194633816,0.6048434442860333,29.8,0.7519595923617767,0.36508025582824916,0.7519595923617767,72.2,0.8046102432245033,0.3299537724535712,0.8046102432245033
78.8,0.7974877299892758,0.33495430918148145,0.7974877299892758,1554.0,0.776804451330139,0.35273762957165833,0.776804451330139,55.0,0.7871460906597074,0.3440221712549742,0.7871460906597074,2.3,0.7839269645653665,0.348185245025908,0.7839269645653665,18.64,0.7923169103244917,0.33953229068782936,0.7923169103244917,56.0,0.6048434442860333,0.3880022194633816,0.6048434442860333,32.9,0.7519595923617766,0.36508025582824905,0.7519595923617766,65.9,0.8097810628892875,0.3251756519624815,0.8097810628892875
45.1,0.7923169103244917,0.33953229068782886,0.7923169103244917,1525.0,0.776804451330139,0.35273762957165833,0.776804451330139,20.0,0.7871460906597074,0.3440221712549742,0.7871460906597074,-0.8,0.7890977842301506,0.34375952829162676,0.7890977842301506,4.86,0.7871460906597073,0.3440221712549752,0.7871460906597073,52.0,0.6048434442860333,0.3880022194633816,0.6048434442860333,21.6,0.7539112859322199,0.3649619293962979,0.7539112859322199,68.2,0.8046102432245033,0.3299537724535712,0.8046102432245033
32.9,0.7994394235597191,0.334643792005459,0.7994394235597191,1471.0,0.776804451330139,0.35273762957165833,0.776804451330139,20.0,0.7923169103244917,0.33953229068782936,0.7923169103244917,12.5,0.794268603894935,0.33924571061814474,0.794268603894935,6.85,0.7923169103244917,0.33953229068782936,0.7923169103244917,52.0,0.5964534985269082,0.38892031599445676,0.5964534985269082,25.1,0.7590821055970043,0.360998420281917,0.7590821055970043,73.3,0.8046102432245033,0.3299537724535712,0.8046102432245033
20.0,0.794268603894935,0.33924571061814474,0.794268603894935,1290.0,0.7684145055710139,0.3570444131236357,0.7684145055710139,25.0,0.7994394235597191,0.334643792005459,0.7994394235597191,10.2,0.7994394235597191,0.334643792005459,0.7994394235597191,3.78,0.7974877299892756,0.3349543091814819,0.7974877299892756,33.0,0.5852108036790125,0.38828227427962386,0.5852108036790125,20.8,0.7590821055970043,0.360998420281918,0.7590821055970043,59.6,0.7974877299892758,0.33495430918148145,0.7974877299892758
38.0,0.7890977842301509,0.34375952829162737,0.7890977842301509,790.0,0.7590821055970044,0.36099842028191703,0.7590821055970044,34.0,0.7994394235597191,0.334643792005459,0.7994394235597191,-2.3,0.794268603894935,0.33924571061814474,0.794268603894935,4.29,0.7923169103244916,0.3395322906878293,0.7923169103244916,23.0,0.5786714619211366,0.38568537555731736,0.5786714619211366,20.4,0.7539112859322201,0.364961929396297,0.7539112859322201,53.7,0.7923169103244917,0.33953229068782886,0.7923169103244917
17.3,0.7890977842301509,0.34375952829162687,0.7890977842301509,1658.0,0.7590821055970044,0.36099842028191703,0.7590821055970044,43.0,0.8046102432245034,0.32995377245357127,0.8046102432245034,10.2,0.794268603894935,0.33924571061814474,0.794268603894935,3.63,0.7871460906597074,0.3440221712549742,0.7871460906597074,15.0,0.5717168233957778,0.38281310129818863,0.5717168233957778,20.8,0.7590821055970044,0.36099842028191703,0.7590821055970044,63.1,0.7923169103244917,0.33953229068782886,0.7923169103244917
53.7,0.7839269645653665,0.348185245025909,0.7839269645653665,1295.0,0.7590821055970044,0.36099842028191703,0.7590821055970044,44.0,0.7994394235597191,0.334643792005459,0.7994394235597191,-4.7,0.7942686038949351,0.33924571061814374,0.7942686038949351,9.97,0.7871460906597073,0.3440221712549742,0.7871460906597073,19.0,0.5675552430865526,0.3813900914321673,0.5675552430865526,28.6,0.7539112859322201,0.364961929396297,0.7539112859322201,64.7,0.7923169103244917,0.33953229068782886,0.7923169103244917
55.3,0.7890977842301509,0.34375952829162737,0.7890977842301509,1720.0,0.7590821055970044,0.36099842028191703,0.7590821055970044,61.0,0.7974877299892758,0.33495430918148195,0.7974877299892758,-1.6,0.7942686038949351,0.33924571061814374,0.7942686038949351,15.49,0.7890977842301509,0.34375952829162687,0.7890977842301509,29.0,0.5675552430865526,0.3813900914321673,0.5675552430865526,31.8,0.7632436859062296,0.3611438985174149,0.7632436859062296,69.8,0.7871460906597073,0.34402217125497314,0.7871460906597073
72.9,0.7942686038949349,0.33924571061814474,0.7942686038949349,2682.0,0.7539112859322201,0.364961929396298,0.7539112859322201,48.0,0.8026585496540599,0.33028822673593305,0.8026585496540599,3.9,0.7942686038949351,0.33924571061814374,0.7942686038949351,14.01,0.7890977842301509,0.34375952829162687,0.7890977842301509,32.0,0.5695069366569959,0.3818964334480879,0.5695069366569959,26.7,0.7664628120005704,0.3611006841315348,0.7664628120005704,69.0,0.7871460906597073,0.34402217125497314,0.7871460906597073
90.2,0.7942686038949349,0.33924571061814474,0.7942686038949349,2038.0,0.7519595923617767,0.36508025582824916,0.7519595923617767,39.0,0.8026585496540599,0.33028822673593305,0.8026585496540599,1.6,0.794268603894935,0.33924571061814474,0.794268603894935,28.19,0.7819752709949231,0.34842395088291644,0.7819752709949231,48.0,0.5681953669435513,0.3811230750558014,0.5681953669435513,36.1,0.773585325235798,0.35677237567686615,0.773585325235798,66.3,0.7871460906597074,0.3440221712549742,0.7871460906597074
77.6,0.7994394235597191,0.334643792005459,0.7994394235597191,1630.0,0.7519595923617766,0.36508025582824855,0.7519595923617766,69.0,0.7974877299892758,0.334954309181483,0.7974877299892758,1.6,0.794268603894935,0.33924571061814474,0.794268603894935,18.83,0.776804451330139,0.35273762957165883,0.776804451330139,52.0,0.5662018478792326,0.37995076272594797,0.5662018478792326,32.9,0.7735853252357979,0.3567723756768651,0.7735853252357979,66.3,0.7819752709949233,0.34842395088291755,0.7819752709949233
90.2,0.7994394235597191,0.334643792005459,0.7994394235597191,1753.0,0.7519595923617767,0.3650802558282486,0.7519595923617767,73.0,0.7974877299892758,0.33495430918148195,0.7974877299892758,-5.5,0.794268603894935,0.33924571061814474,0.794268603894935,23.65,0.776804451330139,0.35273762957165883,0.776804451330139,55.0,0.5615817189796449,0.3773703249320848,0.5615817189796449,35.3,0.7735853252357979,0.3567723756768651,0.7735853252357979,65.1,0.7819752709949233,0.34842395088291755,0.7819752709949233
100.0,0.7942686038949349,0.33924571061814474,0.7942686038949349,1875.0,0.7571304120265611,0.36114068382020753,0.7571304120265611,80.0,0.7974877299892758,0.334954309181483,0.7974877299892758,3.1,0.794268603894935,0.33924571061814474,0.794268603894935,29.17,0.7819752709949231,0.34842395088291644,0.7819752709949231,59.0,0.552566735389322,0.3731646203853762,0.552566735389322,37.3,0.773585325235798,0.35677237567686515,0.773585325235798,61.6,0.776804451330139,0.35273762957165883,0.776804451330139
64.7,0.7942686038949349,0.33924571061814474,0.7942686038949349,1968.0,0.7623012316913452,0.35711301087296277,0.7623012316913452,18.0,0.7923169103244917,0.33953229068782936,0.7923169103244917,1.6,0.794268603894935,0.33924571061814474,0.794268603894935,19.36,0.7819752709949231,0.34842395088291644,0.7819752709949231,60.0,0.5381613961343248,0.3698360768873414,0.5381613961343248,32.9,0.7716336316653547,0.3569632073211975,0.7716336316653547,67.8,0.776804451330139,0.35273762957165883,0.776804451330139
16.9,0.7890977842301506,0.34375952829162676,0.7890977842301506,1512.0,0.7623012316913452,0.35711301087296277,0.7623012316913452,19.0,0.7923169103244917,0.33953229068782886,0.7923169103244917,6.2,0.7890977842301509,0.34375952829162687,0.7890977842301509,4.53,0.7819752709949233,0.34842395088291755,0.7819752709949233,59.0,0.5473959157245377,0.37433590629574687,0.5473959157245377,22.4,0.7716336316653546,0.3569632073211975,0.7716336316653546,64.7,0.776804451330139,0.35273762957165883,0.776804451330139
18.4,0.794268603894935,0.33924571061814474,0.794268603894935,1481.0,0.757130412026561,0.3611406838202075,0.757130412026561,20.0,0.7923169103244916,0.3395322906878293,0.7923169103244916,4.7,0.7890977842301509,0.34375952829162687,0.7890977842301509,3.8,0.776804451330139,0.3527376295716573,0.776804451330139,38.0,0.5615817189796449,0.3773703249320848,0.5615817189796449,21.2,0.776804451330139,0.35273762957165883,0.776804451330139,62.4,0.776804451330139,0.35273762957165883,0.776804451330139
18.8,0.794268603894935,0.33924571061814474,0.794268603894935,1014.0,0.7500078987913332,0.36519306363106857,0.7500078987913332,29.0,0.7923169103244917,0.33953229068782886,0.7923169103244917,1.6,0.7890977842301509,0.34375952829162687,0.7890977842301509,3.3,0.7748527577596954,0.35294687969319627,0.7748527577596954,32.0,0.5684117346180144,0.38087175442143517,0.5684117346180144,18.4,0.7696819380949113,0.35714852033639727,0.7696819380949113,62.7,0.776804451330139,0.35273762957165883,0.776804451330139
43.5,0.794268603894935,0.33924571061814474,0.794268603894935,1616.0,0.7500078987913333,0.3651930636310686,0.7500078987913333,65.0,0.7890977842301506,0.3397654621565047,0.7890977842301506,6.2,0.7839269645653666,0.348185245025908,0.7839269645653666,11.38,0.7819752709949231,0.3484239508829175,0.7819752709949231,34.0,0.5642501543087892,0.3794388150805978,0.5642501543087892,30.2,0.7716336316653546,0.3569632073211975,0.7716336316653546,72.2,0.776804451330139,0.35273762957165883,0.776804451330139
86.7,0.7890977842301509,0.34375952829162687,0.7890977842301509,1800.0,0.7448370791265492,0.3690205975935695,0.7448370791265492,71.0,0.7797653842561413,0.34426337443237826,0.7797653842561413,-3.9,0.7890977842301509,0.34375952829162687,0.7890977842301509,23.55,0.7819752709949231,0.3484239508829175,0.7819752709949231,43.0,0.5571276410735616,0.38018303800921494,0.5571276410735616,34.9,0.776804451330139,0.35273762957165833,0.776804451330139,65.5,0.7819752709949233,0.3484239508829165,0.7819752709949233
86.3,0.7839269645653666,0.348185245025908,0.7839269645653666,2159.0,0.7396662594617651,0.3727600306168689,0.7396662594617651,22.0,0.7797653842561413,0.34426337443237826,0.7797653842561413,-6.2,0.7871460906597073,0.3440221712549752,0.7871460906597073,28.4,0.7819752709949231,0.3484239508829175,0.7819752709949231,47.0,0.5500051278383342,0.3807857671568215,0.5500051278383342,36.1,0.776804451330139,0.35273762957165833,0.776804451330139,67.5,0.7871460906597074,0.3440221712549732,0.7871460906597074
35.7,0.7787561449005823,0.3525228608209876,0.7787561449005823,1543.0,0.7448370791265491,0.3690205975935694,0.7448370791265491,45.0,0.7797653842561412,0.3442633744323782,0.7797653842561412,2.3,0.7871460906597073,0.3440221712549752,0.7871460906597073,11.07,0.7819752709949231,0.3484239508829175,0.7819752709949231,46.0,0.5480534342678909,0.38020938941140003,0.5480534342678909,30.2,0.7696819380949113,0.35714852033639727,0.7696819380949113,72.9,0.7871460906597074,0.3440221712549732,0.7871460906597074
66.7,0.7787561449005823,0.3525228608209876,0.7787561449005823,1578.0,0.7396662594617651,0.3727600306168689,0.7396662594617651,67.0,0.7797653842561413,0.34426337443237826,0.7797653842561413,3.1,0.7871460906597073,0.3440221712549752,0.7871460906597073,19.14,0.7819752709949231,0.3484239508829175,0.7819752709949231,51.0,0.5617571147548696,0.3830760637790275,0.5617571147548696,33.3,0.7696819380949113,0.35714852033639727,0.7696819380949113,67.5,0.7871460906597073,0.34402217125497314,0.7871460906597073
92.5,0.7787561449005823,0.3525228608209886,0.7787561449005823,1779.0,0.739666259461765,0.3727600306168688,0.739666259461765,72.0,0.7849362039209256,0.3398593606219887,0.7849362039209256,1.6,0.7819752709949231,0.3484239508829175,0.7819752709949231,24.74,0.7819752709949231,0.3484239508829175,0.7819752709949231,58.0,0.5617571147548696,0.3830760637790275,0.5617571147548696,35.3,0.7696819380949113,0.35714852033639727,0.7696819380949113,64.3,0.7871460906597074,0.3440221712549732,0.7871460906597074
66.7,0.7768044513301388,0.3527376295716588,0.7768044513301388,1986.0,0.7416179530322085,0.372695097026725,0.7416179530322085,20.0,0.7797653842561413,0.34426337443237875,0.7797653842561413,-6.2,0.7819752709949231,0.3484239508829175,0.7819752709949231,20.12,0.7819752709949231,0.3484239508829175,0.7819752709949231,60.0,0.5565862950900854,0.384291540319547,0.5565862950900854,33.3,0.776804451330139,0.35273762957165883,0.776804451330139,67.5,0.7871460906597074,0.3440221712549742,0.7871460906597074
24.3,0.7768044513301388,0.3527376295716588,0.7768044513301388,833.0,0.7344954397969808,0.37641136270096615,0.7344954397969808,32.0,0.774594564591357,0.34857928730356635,0.774594564591357,7.0,0.7871460906597073,0.3440221712549752,0.7871460906597073,3.47,0.7819752709949231,0.3484239508829175,0.7819752709949231,13.0,0.5585379886605287,0.3848494110613837,0.5585379886605287,20.4,0.776804451330139,0.35273762957165883,0.776804451330139,65.1,0.7923169103244917,0.33953229068782886,0.7923169103244917
34.9,0.776804451330139,0.35273762957165883,0.776804451330139,785.0,0.7293246201321967,0.37997459384586,0.7293246201321967,46.0,0.7694237449265728,0.3528070992355525,0.7694237449265728,3.9,0.7819752709949231,0.3484239508829175,0.7819752709949231,3.9,0.7819752709949231,0.3484239508829175,0.7819752709949231,16.0,0.5697806835084244,0.3860796220461329,0.5697806835084244,20.0,0.7768044513301391,0.35273762957165783,0.7768044513301391,58.8,0.7923169103244917,0.33953229068782936,0.7923169103244917
58.4,0.776804451330139,0.35273762957165883,0.776804451330139,1551.0,0.7241538004674125,0.38344972405155414,0.7241538004674125,51.0,0.7674720513561293,0.3529972369865184,0.7674720513561293,3.1,0.7819752709949231,0.3484239508829175,0.7819752709949231,13.69,0.776804451330139,0.35273762957165833,0.776804451330139,33.67243525896414,0.580488699843563,0.3867663391781259,0.580488699843563,31.0,0.7819752709949233,0.34842395088291755,0.7819752709949233,67.8,0.7923169103244917,0.33953229068782886,0.7923169103244917
63.5,0.7716336316653547,0.3569632073211981,0.7716336316653547,2471.0,0.7222021068969692,0.3834373276935505,0.7222021068969692,19.0,0.7603495381209019,0.3572736928884609,0.7603495381209019,0.0,0.781975270994923,0.34842395088291744,0.781975270994923,24.14,0.7716336316653547,0.3569632073211975,0.7716336316653547,32.0,0.5898210998175725,0.3865425733636321,0.5898210998175725,34.5,0.7768044513301391,0.35273762957165783,0.7768044513301391,70.6,0.7974877299892758,0.33495430918148195,0.7974877299892758
40.0,0.7716336316653547,0.3569632073211981,0.7716336316653547,1588.0,0.7209346743730717,0.3832185137190703,0.7209346743730717,43.0,0.7532270248856742,0.3614086550093924,0.7532270248856742,-1.6,0.7871460906597073,0.3440221712549752,0.7871460906597073,10.37,0.7716336316653546,0.3569632073211975,0.7716336316653546,37.0,0.5917727933880159,0.3869849752493992,0.5917727933880159,29.0,0.7768044513301391,0.35273762957165783,0.7768044513301391,72.9,0.7903652167540484,0.3398133521283824,0.7903652167540484
49.8,0.7716336316653547,0.3569632073211981,0.7716336316653547,1953.0,0.7241538004674125,0.38344972405155414,0.7241538004674125,40.0,0.7532270248856742,0.3614086550093924,0.7532270248856742,0.8,0.7871460906597073,0.3440221712549752,0.7871460906597073,14.59,0.7716336316653546,0.3569632073211975,0.7716336316653546,47.0,0.5937244869584591,0.38742185850603444,0.5937244869584591,31.0,0.7839269645653665,0.348185245025908,0.7839269645653665,70.2,0.7974877299892758,0.33495430918148195,0.7974877299892758
18.8,0.7664628120005704,0.3611006841315348,0.7664628120005704,1658.0,0.7293246201321967,0.3799745938458609,0.7293246201321967,27.0,0.7551787184561176,0.36127742872936525,0.7551787184561176,-0.8,0.7871460906597073,0.3440221712549752,0.7871460906597073,4.5,0.7664628120005704,0.36110068413153423,0.7664628120005704,51.0,0.6000390016268193,0.3904281602381188,0.6000390016268193,21.6,0.7787561449005824,0.3525228608209876,0.7787561449005824,62.4,0.7923169103244917,0.33953229068782886,0.7923169103244917
44.7,0.7664628120005704,0.3611006841315348,0.7664628120005704,1762.0,0.7344954397969808,0.37641136270096565,0.7344954397969808,45.0,0.7500078987913333,0.3651930636310696,0.7500078987913333,-1.6,0.7871460906597073,0.3440221712549752,0.7871460906597073,12.5,0.7664628120005704,0.3611006841315348,0.7664628120005704,55.0,0.6000390016268193,0.3904281602381188,0.6000390016268193,30.2,0.7839269645653666,0.348185245025908,0.7839269645653666,71.4,0.7923169103244917,0.33953229068782886,0.7923169103244917
52.5,0.7716336316653547,0.3569632073211975,0.7716336316653547,1862.0,0.7344954397969808,0.37641136270096565,0.7344954397969808,40.0,0.7448370791265492,0.3690205975935695,0.7448370791265492,2.3,0.785194397089264,0.3442792955891904,0.785194397089264,14.24,0.7664628120005704,0.36110068413153423,0.7664628120005704,57.0,0.6000390016268193,0.3904281602381188,0.6000390016268193,31.0,0.7839269645653666,0.348185245025908,0.7839269645653666,70.2,0.7923169103244917,0.33953229068782886,0.7923169103244917
33.3,0.776804451330139,0.35273762957165883,0.776804451330139,919.0,0.7344954397969807,0.3764113627009661,0.7344954397969807,34.0,0.7448370791265492,0.3690205975935695,0.7448370791265492,3.9,0.7780718838540365,0.34888480670953964,0.7780718838540365,3.82,0.7716336316653546,0.3569632073211975,0.7716336316653546,22.0,0.6060663128230654,0.39324629463569394,0.6060663128230654,18.8,0.7839269645653666,0.348185245025908,0.7839269645653666,50.6,0.7923169103244918,0.3395322906878289,0.7923169103244918
38.0,0.7716336316653547,0.3569632073211981,0.7716336316653547,773.0,0.7325437462265374,0.37644684055563904,0.7325437462265374,31.0,0.7448370791265492,0.3690205975935695,0.7448370791265492,-2.3,0.785194397089264,0.3442792955891904,0.785194397089264,4.42,0.7787561449005823,0.3525228608209876,0.7787561449005823,1.0,0.6060663128230654,0.3932462946356931,0.6060663128230654,20.8,0.7839269645653666,0.348185245025908,0.7839269645653666,56.5,0.799439423559719,0.33464379200545896,0.799439423559719
47.5,0.7716336316653547,0.3569632073211981,0.7716336316653547,1300.0,0.7325437462265374,0.3764468405556399,0.7325437462265374,27.0,0.7448370791265492,0.3690205975935695,0.7448370791265492,-5.5,0.785194397089264,0.3442792955891904,0.785194397089264,8.76,0.7839269645653665,0.348185245025909,0.7839269645653665,13.0,0.6060663128230654,0.39324629463569394,0.6060663128230654,27.8,0.7890977842301509,0.34375952829162687,0.7890977842301509,55.7,0.799439423559719,0.33464379200545896,0.799439423559719
50.2,0.7696819380949114,0.3571485203363973,0.7696819380949114,1323.0,0.7377145658913214,0.3728194455778809,0.7377145658913214,58.0,0.7448370791265492,0.3690205975935695,0.7448370791265492,3.1,0.7780718838540365,0.34888480670953964,0.7780718838540365,12.17,0.7839269645653665,0.348185245025909,0.7839269645653665,28.0,0.6041146192526221,0.3928340381276058,0.6041146192526221,30.6,0.7890977842301509,0.34375952829162687,0.7890977842301509,65.9,0.7994394235597191,0.334643792005459,0.7994394235597191
28.6,0.7696819380949114,0.3571485203363973,0.7696819380949114,2462.0,0.7399244526301034,0.37320473619924704,0.7399244526301034,51.0,0.739666259461765,0.3727600306168688,0.739666259461765,3.9,0.7780718838540365,0.34888480670953964,0.7780718838540365,7.36,0.7787561449005823,0.3525228608209886,0.7787561449005823,32.0,0.6070755521786243,0.3940183182214387,0.6070755521786243,25.1,0.7819752709949233,0.34842395088291755,0.7819752709949233,70.2,0.7994394235597191,0.334643792005459,0.7994394235597191
60.8,0.7696819380949114,0.3571485203363973,0.7696819380949114,1687.0,0.7483143983892285,0.36953222994455287,0.7483143983892285,52.0,0.7344954397969807,0.3764113627009661,0.7344954397969807,0.8,0.7780718838540365,0.34888480670953964,0.7780718838540365,15.11,0.7787561449005823,0.3525228608209891,0.7787561449005823,40.0,0.6032581277211602,0.3920427872978881,0.6032581277211602,31.4,0.7768044513301391,0.3527376295716584,0.7768044513301391,68.6,0.8046102432245033,0.3299537724535712,0.8046102432245033
57.3,0.7696819380949114,0.3571485203363973,0.7696819380949114,1454.0,0.755436911624456,0.3655458205228453,0.755436911624456,36.0,0.739666259461765,0.3727600306168688,0.739666259461765,3.1,0.7780718838540365,0.34888480670953964,0.7780718838540365,12.34,0.7787561449005823,0.3525228608209886,0.7787561449005823,45.0,0.5982110455766976,0.38949671288962795,0.5982110455766976,30.2,0.7768044513301391,0.3527376295716584,0.7768044513301391,67.8,0.7994394235597191,0.334643792005459,0.7994394235597191
26.7,0.7696819380949114,0.3571485203363973,0.7696819380949114,1501.0,0.755436911624456,0.3655458205228453,0.755436911624456,25.0,0.7396662594617651,0.3727600306168694,0.7396662594617651,-0.8,0.785194397089264,0.3442792955891904,0.785194397089264,6.81,0.7839269645653665,0.348185245025909,0.7839269645653665,44.0,0.5982110455766977,0.389496712889628,0.5982110455766977,24.7,0.7768044513301391,0.35273762957165783,0.7768044513301391,67.1,0.7994394235597191,0.334643792005459,0.7994394235597191
27.1,0.776804451330139,0.35273762957165883,0.776804451330139,1506.438032627222,0.7554369116244561,0.3655458205228453,0.7554369116244561,33.0,0.739666259461765,0.3727600306168688,0.739666259461765,3.9,0.785194397089264,0.3442792955891904,0.785194397089264,3.57,0.7890977842301509,0.34375952829162687,0.7890977842301509,27.0,0.5982110455766976,0.3894967128896272,0.5982110455766976,20.0,0.776804451330139,0.35273762957165883,0.776804451330139,60.0,0.7923169103244917,0.33953229068782936,0.7923169103244917
42.0,0.7748527577596954,0.35294687969319677,0.7748527577596954,1408.0,0.7573886051948995,0.365419418978584,0.7573886051948995,20.0,0.7396662594617651,0.3727600306168694,0.7396662594617651,3.9,0.7903652167540481,0.3398133521283833,0.7903652167540481,8.97,0.7890977842301509,0.34375952829162687,0.7890977842301509,25.0,0.5982110455766976,0.38949671288962795,0.5982110455766976,27.5,0.7716336316653547,0.3569632073211971,0.7716336316653547,65.1,0.7923169103244917,0.33953229068782936,0.7923169103244917
96.1,0.7800235774244798,0.34865713811079385,0.7800235774244798,1358.0,0.7489986594357743,0.3692829715261589,0.7489986594357743,100.0,0.739666259461765,0.3727600306168688,0.739666259461765,-1.6,0.785194397089264,0.3442792955891904,0.785194397089264,26.94,0.794268603894935,0.33924571061814474,0.794268603894935,37.0,0.6116480734802853,0.3910345333138318,0.6116480734802853,56.9,0.7645111184301272,0.36126206004039624,0.7645111184301272,62.0,0.785194397089264,0.34427929558918985,0.785194397089264
100.0,0.7729010641892522,0.35315061118560426,0.7729010641892522,2016.0,0.7438278397709902,0.37307027988965397,0.7438278397709902,43.0,0.739666259461765,0.3727600306168688,0.739666259461765,-2.3,0.7800235774244798,0.34865713811079385,0.7800235774244798,36.06,0.794268603894935,0.33924571061814474,0.794268603894935,44.0,0.6247978979117589,0.3920975846855437,0.6247978979117589,41.2,0.7645111184301271,0.36126206004039624,0.7645111184301271,60.0,0.785194397089264,0.34427929558918985,0.785194397089264
48.04087253229344,0.767730244524468,0.3573283147224659,0.767730244524468,1483.0,0.738657020106206,0.37676948731394744,0.738657020106206,93.0,0.7344954397969807,0.3764113627009661,0.7344954397969807,4.7,0.7748527577596955,0.3529468796931968,0.7748527577596955,22.29,0.7923169103244917,0.33953229068782886,0.7923169103244917,47.0,0.6292465859956484,0.3941661567215993,0.6292465859956484,35.7,0.7696819380949114,0.3571485203363973,0.7696819380949114,58.4,0.785194397089264,0.3442792955891904,0.785194397089264
100.0,0.767730244524468,0.3573283147224659,0.767730244524468,1625.0,0.738657020106206,0.37676948731394744,0.738657020106206,21.0,0.7344954397969807,0.3764113627009661,0.7344954397969807,3.1,0.7748527577596955,0.3529468796931968,0.7748527577596955,28.04,0.785194397089264,0.3442792955891904,0.785194397089264,51.0,0.6292465859956484,0.3941661567215993,0.6292465859956484,38.8,0.7696819380949114,0.3571485203363973,0.7696819380949114,57.3,0.776804451330139,0.3488057868841294,0.776804451330139
47.5,0.767730244524468,0.3573283147224659,0.767730244524468,1349.0,0.7386570201062062,0.3767694873139475,0.7386570201062062,53.0,0.739666259461765,0.3727600306168688,0.739666259461765,2.3,0.7696819380949113,0.35714852033639727,0.7696819380949113,10.32,0.7780718838540365,0.34888480670953964,0.7780718838540365,33.67243525896414,0.6333557183807528,0.3960435893740303,0.6333557183807528,28.2,0.7748527577596955,0.3529468796931968,0.7748527577596955,71.4,0.7716336316653547,0.3530575370499733,0.7716336316653547
64.3,0.7625594248596836,0.36141791732012696,0.7625594248596836,1360.0,0.7438278397709902,0.37307027988965447,0.7438278397709902,78.0,0.7448370791265492,0.36902059759357,0.7448370791265492,0.8,0.7716336316653547,0.3569632073211975,0.7716336316653547,13.45,0.7709493706188087,0.35334882404887896,0.7709493706188087,51.0,0.6365748444750936,0.39675558290388074,0.6365748444750936,31.0,0.7748527577596955,0.3529468796931968,0.7748527577596955,65.9,0.7716336316653546,0.3530575370499733,0.7716336316653546
100.0,0.7573886051948995,0.365419418978585,0.7573886051948995,1417.0,0.7386570201062062,0.3767694873139475,0.7386570201062062,68.0,0.7448370791265492,0.3690205975935695,0.7448370791265492,3.1,0.7716336316653547,0.3569632073211975,0.7716336316653547,22.97,0.7657785509540246,0.3575025904794038,0.7657785509540246,52.0,0.6365748444750936,0.39675558290388074,0.6365748444750936,36.9,0.7696819380949114,0.3571485203363973,0.7696819380949114,55.3,0.7716336316653546,0.3530575370499733,0.7716336316653546
56.5,0.7573886051948995,0.365419418978585,0.7573886051948995,1400.0,0.738657020106206,0.37676948731394744,0.738657020106206,45.0,0.7448370791265492,0.3690205975935695,0.7448370791265492,-7.0,0.7664628120005704,0.3611006841315348,0.7664628120005704,4.34,0.7606077312892403,0.36156825597072506,0.7606077312892403,48.0,0.6365748444750936,0.39675558290388074,0.6365748444750936,20.4,0.7696819380949114,0.3571485203363973,0.7696819380949114,64.3,0.7716336316653546,0.3530575370499733,0.7716336316653546
56.1,0.7573886051948995,0.365419418978585,0.7573886051948995,1284.0,0.7438278397709903,0.37307027988965447,0.7438278397709903,50.0,0.7448370791265491,0.3690205975935694,0.7448370791265491,3.9,0.7716336316653547,0.3569632073211975,0.7716336316653547,11.1,0.7606077312892403,0.36156825597072506,0.7606077312892403,46.0,0.6365748444750936,0.39675558290388074,0.6365748444750936,29.4,0.7696819380949114,0.3571485203363973,0.7696819380949114,66.3,0.776804451330139,0.3488057868841294,0.776804451330139
74.5,0.7573886051948995,0.365419418978585,0.7573886051948995,1261.0,0.7489986594357742,0.36928297152615885,0.7489986594357742,70.0,0.7448370791265492,0.3690205975935695,0.7448370791265492,-0.8,0.7787561449005823,0.3525228608209876,0.7787561449005823,13.63,0.7534852180540128,0.36566670343797447,0.7534852180540128,48.0,0.6449647902342187,0.3951721611823724,0.6449647902342187,31.0,0.7625594248596836,0.36141791732012696,0.7625594248596836,64.7,0.7716336316653546,0.3530575370499728,0.7716336316653546
84.3,0.7573886051948995,0.365419418978585,0.7573886051948995,1352.0,0.756121172671002,0.36528418191229184,0.756121172671002,51.0,0.7500078987913333,0.3651930636310696,0.7500078987913333,-9.4,0.7839269645653665,0.348185245025908,0.7839269645653665,16.08,0.7554369116244561,0.3655458205228453,0.7554369116244561,52.0,0.6481839163285595,0.3958198477896295,0.6481839163285595,26.7,0.7625594248596836,0.3614179173201259,0.7625594248596836,62.0,0.7716336316653547,0.3530575370499728,0.7716336316653547
21.2,0.7625594248596836,0.36141791732012696,0.7625594248596836,1310.0,0.7632436859062296,0.36114389851741335,0.7632436859062296,32.0,0.7448370791265492,0.3690205975935695,0.7448370791265492,4.7,0.7839269645653665,0.348185245025908,0.7839269645653665,3.45,0.7625594248596835,0.3614179173201269,0.7625594248596835,53.0,0.6449647902342187,0.39517216118237325,0.6449647902342187,18.4,0.755436911624456,0.3655458205228453,0.755436911624456,71.0,0.7664628120005704,0.35722118627661564,0.7664628120005704
36.5,0.7625594248596836,0.36141791732012696,0.7625594248596836,796.0,0.7684145055710138,0.35704441312363566,0.7684145055710138,35.0,0.7448370791265491,0.3690205975935694,0.7448370791265491,-4.7,0.7839269645653665,0.348185245025908,0.7839269645653665,4.17,0.7645111184301269,0.36126206004039607,0.7645111184301269,51.0,0.6449647902342188,0.3951721611823733,0.6449647902342188,20.4,0.755436911624456,0.3655458205228453,0.755436911624456,56.1,0.7664628120005704,0.35722118627661514,0.7664628120005704
35.3,0.7625594248596836,0.36141791732012696,0.7625594248596836,797.0,0.7684145055710138,0.35704441312363566,0.7684145055710138,33.0,0.7500078987913333,0.3651930636310686,0.7500078987913333,0.0,0.7890977842301509,0.34375952829162687,0.7890977842301509,3.93,0.7645111184301269,0.36126206004039607,0.7645111184301269,43.0,0.6397939705694344,0.39745441868071446,0.6397939705694344,20.0,0.755436911624456,0.3655458205228453,0.755436911624456,60.8,0.7664628120005704,0.35722118627661514,0.7664628120005704
38.4,0.7677302445244679,0.35732831472246585,0.7677302445244679,773.0,0.7684145055710139,0.3570444131236357,0.7684145055710139,34.0,0.7500078987913333,0.3651930636310686,0.7500078987913333,0.8,0.7890977842301509,0.34375952829162687,0.7890977842301509,4.32,0.7696819380949113,0.35714852033639727,0.7696819380949113,0.0,0.6346231509046504,0.39964857523985264,0.6346231509046504,20.8,0.7606077312892403,0.36156825597072506,0.7606077312892403,58.0,0.7664628120005704,0.35722118627661564,0.7664628120005704
42.4,0.7677302445244679,0.35732831472246585,0.7677302445244679,778.0,0.7632436859062296,0.36114389851741335,0.7632436859062296,49.0,0.7500078987913333,0.3651930636310686,0.7500078987913333,3.9,0.794268603894935,0.33924571061814474,0.794268603894935,4.71,0.7696819380949113,0.35714852033639727,0.7696819380949113,1.0,0.6346231509046504,0.39964857523985264,0.6346231509046504,21.2,0.7657785509540247,0.3575025904794028,0.7657785509540247,53.7,0.7664628120005704,0.35722118627661514,0.7664628120005704
75.7,0.7625594248596836,0.36141791732012696,0.7625594248596836,780.0,0.7612919923357861,0.361296734564054,0.7612919923357861,47.0,0.7500078987913332,0.36519306363106957,0.7500078987913332,-3.9,0.7994394235597191,0.334643792005459,0.7994394235597191,8.29,0.7677302445244679,0.35732831472246585,0.7677302445244679,14.0,0.6417456641398781,0.39775955129408297,0.6417456641398781,28.6,0.7638268573835814,0.35767134760720914,0.7638268573835814,52.5,0.7664628120005704,0.35722118627661514,0.7664628120005704
38.4,0.7554369116244561,0.36554582052284634,0.7554369116244561,1514.0,0.7612919923357861,0.361296734564054,0.7612919923357861,54.0,0.757130412026561,0.3611406838202075,0.757130412026561,-0.8,0.7994394235597191,0.334643792005459,0.7994394235597191,11.37,0.7729010641892522,0.35315061118560426,0.7729010641892522,22.0,0.6469164838046622,0.3954533566894045,0.6469164838046622,29.8,0.7638268573835814,0.35767134760720914,0.7638268573835814,72.9,0.7593402987653428,0.3614440519815635,0.7593402987653428
80.8,0.7502660919596718,0.36943528413576343,0.7502660919596718,2065.0,0.7612919923357861,0.361296734564054,0.7612919923357861,20.0,0.7664628120005704,0.35722118627661564,0.7664628120005704,-3.9,0.7994394235597191,0.334643792005459,0.7994394235597191,24.69,0.7677302445244679,0.35732831472246585,0.7677302445244679,32.0,0.6344174056604328,0.395211716900437,0.6344174056604328,34.9,0.758656037718797,0.361713075992192,0.758656037718797,67.1,0.7541694791005586,0.36540756222346304,0.7541694791005586
45.9,0.750266091959672,0.3694352841357636,0.750266091959672,1523.0,0.7612919923357861,0.361296734564054,0.7612919923357861,73.0,0.7748527577596955,0.3529468796931968,0.7748527577596955,3.9,0.7994394235597191,0.334643792005459,0.7994394235597191,12.72,0.7677302445244679,0.35732831472246585,0.7677302445244679,34.0,0.6287012850526457,0.39276946834790294,0.6287012850526457,31.0,0.7657785509540247,0.3575025904794018,0.7657785509540247,72.2,0.7541694791005586,0.36540756222346304,0.7541694791005586
89.0,0.750266091959672,0.3694352841357636,0.750266091959672,1780.0,0.756121172671002,0.36528418191229184,0.756121172671002,70.0,0.776804451330139,0.35273762957165883,0.776804451330139,-5.5,0.7994394235597191,0.334643792005459,0.7994394235597191,23.38,0.7677302445244679,0.35732831472246585,0.7677302445244679,42.0,0.6226739738563996,0.3901379245252773,0.6226739738563996,34.9,0.7729010641892522,0.35315061118560426,0.7729010641892522,65.1,0.7593402987653428,0.3614440519815635,0.7593402987653428
17.6,0.7554369116244561,0.3655458205228453,0.7554369116244561,1716.0,0.7509503530062178,0.36918352832132767,0.7509503530062178,27.0,0.776804451330139,0.35273762957165883,0.776804451330139,-3.9,0.7994394235597191,0.334643792005459,0.7994394235597191,4.34,0.7677302445244679,0.35732831472246585,0.7677302445244679,40.0,0.6214065413325021,0.3897352223247881,0.6214065413325021,21.2,0.7800235774244798,0.3486571381107949,0.7800235774244798,76.1,0.7593402987653428,0.3614440519815635,0.7593402987653428
43.9,0.7625594248596836,0.36141791732012696,0.7625594248596836,1356.0,0.7561211726710019,0.3652841819122918,0.7561211726710019,20.0,0.776804451330139,0.35273762957165883,0.776804451330139,4.7,0.7994394235597191,0.334643792005459,0.7994394235597191,7.87,0.7625594248596835,0.3614179173201269,0.7625594248596835,39.0,0.6345563657639759,0.39052405871928536,0.6345563657639759,28.6,0.7851943970892641,0.34427929558919046,0.7851943970892641,72.2,0.7645111184301271,0.357392440800462,0.7645111184301271
20.0,0.7625594248596839,0.361417917320127,0.7625594248596839,1258.0,0.7509503530062177,0.3691835283213276,0.7509503530062177,31.0,0.776804451330139,0.35273762957165883,0.776804451330139,2.3,0.799439423559719,0.33464379200545896,0.799439423559719,3.83,0.7625594248596835,0.3614179173201269,0.7625594248596835,24.0,0.6473949996069904,0.3908429567478007,0.6473949996069904,19.2,0.7800235774244798,0.34865713811079385,0.7800235774244798,58.8,0.7625594248596836,0.35755817669517714,0.7625594248596836
37.3,0.7625594248596839,0.361417917320127,0.7625594248596839,794.0,0.7509503530062177,0.3691835283213276,0.7509503530062177,34.0,0.776804451330139,0.35273762957165883,0.776804451330139,-3.9,0.7994394235597191,0.334643792005459,0.7994394235597191,4.15,0.7554369116244561,0.3655458205228453,0.7554369116244561,4.0,0.6598940777512198,0.390692814692446,0.6598940777512198,20.4,0.7748527577596954,0.35294687969319677,0.7748527577596954,52.5,0.7657785509540246,0.3575025904794033,0.7657785509540246
53.3,0.7677302445244679,0.35732831472246684,0.7677302445244679,1371.0,0.7509503530062177,0.3691835283213276,0.7509503530062177,49.0,0.776804451330139,0.35273762957165883,0.776804451330139,-3.1,0.7994394235597191,0.334643792005459,0.7994394235597191,10.48,0.7554369116244561,0.3655458205228453,0.7554369116244561,25.0,0.6668487162765787,0.392753974459963,0.6668487162765787,29.0,0.7748527577596954,0.35294687969319627,0.7748527577596954,67.5,0.7729010641892522,0.35315061118560426,0.7729010641892522
56.5,0.7677302445244679,0.35732831472246684,0.7677302445244679,2300.0,0.7509503530062177,0.3691835283213276,0.7509503530062177,26.0,0.7787561449005823,0.3525228608209891,0.7787561449005823,3.1,0.7994394235597191,0.334643792005459,0.7994394235597191,6.85,0.7554369116244561,0.3655458205228453,0.7554369116244561,28.0,0.6785588776992386,0.3918276575618736,0.6785588776992386,25.5,0.7748527577596954,0.35294687969319627,0.7748527577596954,70.6,0.7800235774244798,0.34865713811079385,0.7800235774244798
32.5,0.7677302445244679,0.35732831472246585,0.7677302445244679,1410.0,0.7509503530062177,0.3691835283213276,0.7509503530062177,30.0,0.7787561449005823,0.3525228608209891,0.7787561449005823,-2.3,0.794268603894935,0.33924571061814374,0.794268603894935,6.8,0.7554369116244561,0.3655458205228453,0.7554369116244561,32.0,0.6776164234843541,0.3915265510281411,0.6776164234843541,25.1,0.776804451330139,0.35273762957165833,0.776804451330139,71.0,0.7748527577596955,0.3529468796931963,0.7748527577596955
34.9,0.7677302445244679,0.35732831472246585,0.7677302445244679,1593.0,0.7522177855301152,0.36933281969784154,0.7522177855301152,42.0,0.7787561449005823,0.3525228608209886,0.7787561449005823,3.1,0.794268603894935,0.33924571061814374,0.794268603894935,8.44,0.7554369116244561,0.3655458205228453,0.7554369116244561,37.0,0.6710770817264784,0.3897681754083279,0.6710770817264784,27.1,0.7819752709949231,0.3484239508829175,0.7819752709949231,72.5,0.7748527577596955,0.3529468796931968,0.7748527577596955
39.2,0.7748527577596955,0.3529468796931968,0.7748527577596955,1677.0,0.7470469658653313,0.3731581194778952,0.7470469658653313,19.0,0.7839269645653665,0.3481852450259095,0.7839269645653665,3.1,0.7942686038949351,0.33924571061814374,0.7942686038949351,9.58,0.7554369116244561,0.3655458205228453,0.7554369116244561,54.0,0.6641224432011196,0.38777680647618823,0.6641224432011196,28.2,0.7819752709949231,0.3484239508829175,0.7819752709949231,72.2,0.7748527577596955,0.3529468796931968,0.7748527577596955
18.0,0.7819752709949231,0.3484239508829175,0.7819752709949231,1601.0,0.7470469658653313,0.3731581194778952,0.7470469658653313,26.0,0.781975270994923,0.34842395088291744,0.781975270994923,1.6,0.7994394235597191,0.334643792005459,0.7994394235597191,4.12,0.7554369116244561,0.3655458205228453,0.7554369116244561,46.0,0.6609033171067787,0.38724785707293075,0.6609033171067787,21.6,0.7819752709949231,0.3484239508829175,0.7819752709949231,63.5,0.7748527577596955,0.3529468796931963,0.7748527577596955
36.1,0.7871460906597073,0.3440221712549752,0.7871460906597073,1526.0,0.7522177855301152,0.36933281969784154,0.7522177855301152,40.0,0.7748527577596955,0.3529468796931968,0.7748527577596955,3.1,0.8046102432245033,0.3299537724535712,0.8046102432245033,8.02,0.7483143983892284,0.3695322299445528,0.7483143983892284,45.0,0.6609033171067787,0.38724785707293075,0.6609033171067787,26.7,0.776804451330139,0.35273762957165883,0.776804451330139,72.5,0.767730244524468,0.3573283147224659,0.767730244524468
49.4,0.7800235774244798,0.3486571381107944,0.7800235774244798,1513.0,0.7502660919596718,0.36943528413576293,0.7502660919596718,43.0,0.7748527577596955,0.3529468796931979,0.7748527577596955,-7.0,0.7994394235597191,0.334643792005459,0.7994394235597191,11.11,0.7502660919596718,0.36943528413576293,0.7502660919596718,46.0,0.6660741367715629,0.38460331414918447,0.6660741367715629,29.4,0.776804451330139,0.35273762957165833,0.776804451330139,69.4,0.767730244524468,0.3573283147224659,0.767730244524468
53.3,0.7748527577596955,0.3529468796931968,0.7748527577596955,1537.0,0.7450952722948877,0.37323664680947977,0.7450952722948877,44.0,0.7819752709949231,0.3484239508829175,0.7819752709949231,-5.5,0.8046102432245033,0.3299537724535712,0.8046102432245033,11.89,0.7502660919596718,0.36943528413576293,0.7502660919596718,47.0,0.6692932628659038,0.3850942721358812,0.6692932628659038,29.8,0.7819752709949231,0.3484239508829175,0.7819752709949231,69.0,0.7677302445244679,0.35732831472246585,0.7677302445244679
59.2,0.7696819380949114,0.3571485203363973,0.7696819380949114,1677.0,0.7399244526301034,0.3769499085439939,0.7399244526301034,38.0,0.7839269645653665,0.34818524502591003,0.7839269645653665,2.3,0.8046102432245033,0.3299537724535712,0.8046102432245033,14.97,0.7502660919596718,0.36943528413576293,0.7502660919596718,33.67243525896414,0.6744640825306881,0.3823236368563735,0.6744640825306881,31.4,0.7748527577596954,0.35294687969319627,0.7748527577596954,69.0,0.7729010641892522,0.35315061118560426,0.7729010641892522
22.0,0.7645111184301271,0.36126206004039624,0.7645111184301271,1632.0,0.7399244526301035,0.37694990854399396,0.7399244526301035,33.0,0.7890977842301506,0.34375952829162837,0.7890977842301506,8.6,0.8097810628892876,0.3251756519624815,0.8097810628892876,3.38,0.7522177855301152,0.36933281969784154,0.7522177855301152,51.0,0.6744640825306881,0.3823236368563735,0.6744640825306881,20.8,0.7819752709949231,0.3484239508829175,0.7819752709949231,67.5,0.7709493706188089,0.35334882404887896,0.7709493706188089
38.0,0.7573886051948995,0.365419418978585,0.7573886051948995,1408.0,0.7347536329653193,0.380575069339305,0.7347536329653193,36.0,0.7890977842301506,0.34375952829162787,0.7890977842301506,4.7,0.8097810628892876,0.3251756519624815,0.8097810628892876,8.0,0.7450952722948878,0.3732366468094798,0.7450952722948878,52.0,0.6786256628399133,0.38305228772920746,0.6786256628399133,26.3,0.7768044513301388,0.3527376295716588,0.7768044513301388,70.2,0.7657785509540246,0.3575025904794033,0.7657785509540246
51.4,0.7522177855301152,0.36933281969784154,0.7522177855301152,1426.0,0.729582813300535,0.38411212919541515,0.729582813300535,53.0,0.794268603894935,0.33924571061814474,0.794268603894935,-0.8,0.8097810628892876,0.3251756519624815,0.8097810628892876,10.59,0.7399244526301036,0.37694990854399346,0.7399244526301036,54.0,0.6764157761011315,0.38247364482353713,0.6764157761011315,29.4,0.776804451330139,0.35273762957165883,0.776804451330139,68.2,0.7677302445244679,0.35732831472246585,0.7677302445244679
49.4,0.7522177855301153,0.3693328196978416,0.7522177855301153,1469.0,0.7315345068709783,0.3841054131828464,0.7315345068709783,20.0,0.794268603894935,0.33924571061814474,0.794268603894935,3.1,0.8097810628892876,0.3251756519624815,0.8097810628892876,10.33,0.7399244526301036,0.37694990854399346,0.7399244526301036,52.0,0.6680258303420064,0.38478579908490823,0.6680258303420064,29.0,0.776804451330139,0.35273762957165883,0.776804451330139,69.0,0.7748527577596955,0.3529468796931968,0.7748527577596955
44.7,0.7573886051948995,0.365419418978585,0.7573886051948995,1450.0,0.729582813300535,0.38411212919541515,0.729582813300535,31.0,0.7890977842301506,0.34375952829162787,0.7890977842301506,7.0,0.8097810628892875,0.3251756519624815,0.8097810628892875,6.82,0.7399244526301035,0.37694990854399346,0.7399244526301035,53.0,0.6680258303420062,0.3847857990849082,0.6680258303420062,22.4,0.7819752709949231,0.3484239508829175,0.7819752709949231,69.4,0.7819752709949231,0.3484239508829175,0.7819752709949231
41.6,0.7625594248596836,0.36141791732012696,0.7625594248596836,1452.0,0.726363687206194,0.38390177549527404,0.726363687206194,44.0,0.7819752709949231,0.3484239508829175,0.7819752709949231,0.0,0.8097810628892875,0.3251756519624815,0.8097810628892875,8.76,0.7399244526301035,0.37694990854399346,0.7399244526301035,55.0,0.6680258303420062,0.3847857990849082,0.6680258303420062,27.1,0.7871460906597073,0.3440221712549742,0.7871460906597073,70.2,0.7819752709949231,0.3484239508829175,0.7819752709949231
58.4,0.7696819380949113,0.35714852033639727,0.7696819380949113,1520.0,0.7334862004414218,0.38038059379903977,0.7334862004414218,20.0,0.7871460906597073,0.3440221712549752,0.7871460906597073,4.7,0.8046102432245033,0.3299537724535712,0.8046102432245033,13.25,0.747046965865331,0.37315811947789507,0.747046965865331,53.0,0.6680258303420062,0.3847857990849082,0.6680258303420062,28.6,0.7871460906597074,0.3440221712549742,0.7871460906597074,68.2,0.7871460906597074,0.3440221712549742,0.7871460906597074
17.6,0.7748527577596955,0.3529468796931968,0.7748527577596955,1434.0,0.7418761462005469,0.3768953183187476,0.7418761462005469,33.0,0.7871460906597073,0.3440221712549742,0.7871460906597073,10.9,0.7994394235597191,0.334643792005459,0.7994394235597191,4.19,0.7522177855301152,0.36933281969784154,0.7522177855301152,51.0,0.6628550106772222,0.38745427911499325,0.6628550106772222,25.1,0.7819752709949231,0.3484239508829175,0.7819752709949231,63.1,0.7871460906597074,0.3440221712549742,0.7871460906597074
35.3,0.7696819380949113,0.35714852033639727,0.7696819380949113,1381.0,0.7399244526301035,0.37694990854399296,0.7399244526301035,42.0,0.7819752709949231,0.3484239508829175,0.7819752709949231,-1.6,0.7994394235597191,0.334643792005459,0.7994394235597191,6.99,0.750266091959672,0.3694352841357631,0.750266091959672,50.0,0.6670165909864472,0.3882843469014161,0.6670165909864472,25.5,0.7871460906597073,0.3440221712549752,0.7871460906597073,70.6,0.7871460906597073,0.3440221712549742,0.7871460906597073
62.4,0.7696819380949113,0.35714852033639727,0.7696819380949113,1369.0,0.7399244526301035,0.37694990854399346,0.7399244526301035,52.0,0.7768044513301388,0.3527376295716588,0.7768044513301388,3.1,0.7994394235597191,0.334643792005459,0.7994394235597191,12.69,0.7431435787244445,0.3733096555119308,0.7431435787244445,52.0,0.6720195359413628,0.39007446497368436,0.6720195359413628,30.2,0.7800235774244798,0.3486571381107944,0.7800235774244798,66.3,0.7800235774244797,0.34865713811079485,0.7800235774244797
47.1,0.776804451330139,0.35273762957165883,0.776804451330139,1443.0,0.7399244526301034,0.3769499085439934,0.7399244526301034,21.0,0.7696819380949113,0.35714852033639727,0.7696819380949113,3.1,0.7994394235597191,0.334643792005459,0.7994394235597191,8.67,0.7379727590596602,0.3769989801401067,0.7379727590596602,50.0,0.6837296973640228,0.3889887731295047,0.6837296973640228,22.4,0.7748527577596955,0.3529468796931968,0.7748527577596955,69.0,0.7748527577596955,0.3529468796931968,0.7748527577596955
19.6,0.781975270994923,0.34842395088291744,0.781975270994923,1349.0,0.7450952722948877,0.37323664680947977,0.7450952722948877,20.0,0.7645111184301271,0.36126206004039624,0.7645111184301271,16.4,0.7942686038949351,0.33924571061814374,0.7942686038949351,3.61,0.7431435787244444,0.3733096555119308,0.7431435787244444,44.0,0.6889005170288072,0.3860617877579352,0.6889005170288072,20.8,0.7800235774244798,0.34865713811079385,0.7800235774244798,61.6,0.7800235774244798,0.3486571381107949,0.7800235774244798
32.2,0.776804451330139,0.35273762957165883,0.776804451330139,1506.438032627222,0.7522177855301152,0.36933281969784154,0.7522177855301152,32.0,0.7696819380949114,0.3571485203363973,0.7696819380949114,-3.9,0.7942686038949351,0.33924571061814374,0.7942686038949351,3.59,0.7450952722948878,0.3732366468094798,0.7450952722948878,32.0,0.6817780037935794,0.38884231329111435,0.6817780037935794,19.2,0.785194397089264,0.3442792955891904,0.785194397089264,54.5,0.7800235774244798,0.3486571381107949,0.7800235774244798
39.6,0.7716336316653547,0.3569632073211975,0.7716336316653547,761.0,0.7522177855301152,0.36933281969784154,0.7522177855301152,33.0,0.7645111184301271,0.36126206004039624,0.7645111184301271,6.2,0.7994394235597191,0.334643792005459,0.7994394235597191,4.32,0.7450952722948877,0.37323664680947977,0.7450952722948877,26.0,0.6766071841287953,0.3916572606171435,0.6766071841287953,20.8,0.785194397089264,0.3442792955891904,0.785194397089264,59.6,0.785194397089264,0.3442792955891904,0.785194397089264
36.1,0.7664628120005704,0.3611006841315348,0.7664628120005704,819.0,0.7522177855301152,0.36933281969784154,0.7522177855301152,35.0,0.7593402987653428,0.36528749880519307,0.7593402987653428,-3.1,0.7994394235597191,0.334643792005459,0.7994394235597191,3.69,0.7502660919596718,0.36943528413576293,0.7502660919596718,22.0,0.6694846708935677,0.394184254323772,0.6694846708935677,19.6,0.7800235774244798,0.3486571381107949,0.7800235774244798,52.9,0.785194397089264,0.34427929558918985,0.785194397089264
40.8,0.7716336316653546,0.3569632073211975,0.7716336316653546,1620.0,0.7522177855301152,0.36933281969784154,0.7522177855301152,85.0,0.7541694791005585,0.3692248366307884,0.7541694791005585,-1.6,0.7994394235597191,0.334643792005459,0.7994394235597191,9.89,0.7554369116244561,0.3655458205228453,0.7554369116244561,25.0,0.6643138512287835,0.3967990626650589,0.6643138512287835,28.2,0.7800235774244798,0.3486571381107949,0.7800235774244798,71.8,0.7780718838540365,0.34888480670953964,0.7780718838540365
93.7,0.7664628120005704,0.3611006841315348,0.7664628120005704,1384.0,0.7573886051948995,0.365419418978584,0.7573886051948995,68.0,0.7593402987653428,0.36528749880519307,0.7593402987653428,-3.9,0.7994394235597191,0.334643792005459,0.7994394235597191,18.68,0.750266091959672,0.3694352841357631,0.750266091959672,34.0,0.6755565460766794,0.39578834192438184,0.6755565460766794,33.7,0.7748527577596955,0.3529468796931968,0.7748527577596955,56.5,0.7780718838540363,0.34888480670954003,0.7780718838540363
71.0,0.7664628120005704,0.3611006841315348,0.7664628120005704,1952.0,0.7573886051948995,0.365419418978584,0.7573886051948995,60.0,0.7645111184301271,0.36126206004039624,0.7645111184301271,3.1,0.8046102432245033,0.3299537724535712,0.8046102432245033,20.78,0.7431435787244444,0.3733096555119308,0.7431435787244444,44.0,0.6862645624118179,0.39429589631801976,0.6862645624118179,33.3,0.7696819380949113,0.35714852033639727,0.7696819380949113,67.8,0.7709493706188089,0.35334882404887896,0.7709493706188089
15.3,0.7664628120005704,0.3611006841315348,0.7664628120005704,1580.0,0.7573886051948995,0.365419418978584,0.7573886051948995,31.0,0.7645111184301271,0.36126206004039624,0.7645111184301271,-0.8,0.8046102432245033,0.3299537724535712,0.8046102432245033,3.91,0.7431435787244445,0.3733096555119308,0.7431435787244445,41.0,0.6862645624118179,0.39429589631801976,0.6862645624118179,21.2,0.7645111184301272,0.36126206004039624,0.7645111184301272,63.5,0.7709493706188089,0.35334882404887896,0.7709493706188089
56.5,0.7716336316653546,0.356963207321198,0.7716336316653546,1192.0,0.7625594248596836,0.36141791732012696,0.7625594248596836,27.0,0.7696819380949114,0.3571485203363973,0.7696819380949114,3.1,0.8046102432245033,0.3299537724535712,0.8046102432245033,9.52,0.741191885154001,0.37337714558525215,0.741191885154001,26.0,0.6862645624118178,0.39429589631801876,0.6862645624118178,27.8,0.7645111184301272,0.36126206004039624,0.7645111184301272,64.7,0.7780718838540366,0.34888480670953964,0.7780718838540366
36.1,0.776804451330139,0.35273762957165883,0.776804451330139,829.0,0.7541694791005585,0.365407562223463,0.7541694791005585,33.0,0.7645111184301271,0.36126206004039624,0.7645111184301271,3.9,0.7994394235597191,0.334643792005459,0.7994394235597191,4.35,0.741191885154001,0.37337714558525215,0.741191885154001,16.0,0.6862645624118178,0.39429589631801876,0.6862645624118178,20.4,0.7645111184301271,0.36126206004039624,0.7645111184301271,53.7,0.7729010641892522,0.3531506111856032,0.7729010641892522
29.8,0.776804451330139,0.35273762957165883,0.776804451330139,874.0,0.7593402987653428,0.3614440519815625,0.7593402987653428,44.0,0.7573886051948994,0.3654194189785855,0.7573886051948994,-1.6,0.7942686038949351,0.33924571061814374,0.7942686038949351,4.42,0.741191885154001,0.37337714558525215,0.741191885154001,24.0,0.6862645624118178,0.39429589631801876,0.6862645624118178,23.1,0.7645111184301271,0.36126206004039624,0.7645111184301271,58.8,0.7729010641892522,0.3531506111856032,0.7729010641892522
50.6,0.7819752709949231,0.3484239508829175,0.7819752709949231,1305.0,0.7593402987653428,0.3614440519815635,0.7593402987653428,41.0,0.7625594248596836,0.36141791732012696,0.7625594248596836,3.1,0.7890977842301509,0.34375952829162687,0.7890977842301509,9.67,0.7483143983892284,0.3695322299445533,0.7483143983892284,34.0,0.6914353820766019,0.39137643791719245,0.6914353820766019,28.2,0.7696819380949114,0.3571485203363973,0.7696819380949114,66.3,0.7729010641892522,0.3531506111856032,0.7729010641892522
18.0,0.7871460906597073,0.3440221712549752,0.7871460906597073,1340.0,0.7593402987653428,0.3614440519815635,0.7593402987653428,22.0,0.7573886051948994,0.3654194189785855,0.7573886051948994,8.6,0.7819752709949233,0.3484239508829165,0.7819752709949233,3.4,0.7431435787244444,0.3733096555119308,0.7431435787244444,37.0,0.694654508170943,0.3917789207707595,0.694654508170943,19.2,0.7696819380949114,0.3571485203363973,0.7696819380949114,62.4,0.767730244524468,0.3573283147224659,0.767730244524468
26.7,0.785194397089264,0.3442792955891904,0.785194397089264,845.0,0.7593402987653428,0.3614440519815635,0.7593402987653428,34.0,0.7573886051948995,0.365419418978585,0.7573886051948995,-0.8,0.7748527577596958,0.35294687969319694,0.7748527577596958,4.48,0.7431435787244444,0.3733096555119308,0.7431435787244444,30.0,0.6995671346673887,0.392706525946147,0.6995671346673887,21.6,0.7625594248596836,0.36141791732012696,0.7625594248596836,68.2,0.7729010641892522,0.35315061118560426,0.7729010641892522
39.6,0.785194397089264,0.3442792955891904,0.785194397089264,783.0,0.7541694791005586,0.36540756222346304,0.7541694791005586,32.0,0.7522177855301152,0.36933281969784154,0.7522177855301152,3.1,0.7696819380949114,0.3571485203363973,0.7696819380949114,4.44,0.7431435787244445,0.3733096555119308,0.7431435787244445,20.0,0.692444621432161,0.39558620912648335,0.692444621432161,20.4,0.7677302445244679,0.35732831472246684,0.7677302445244679,54.5,0.7780718838540365,0.34888480670953964,0.7780718838540365
62.4,0.785194397089264,0.3442792955891904,0.785194397089264,793.0,0.7593402987653428,0.3614440519815625,0.7593402987653428,69.0,0.7573886051948995,0.36541941897858554,0.7573886051948995,0.8,0.7645111184301271,0.36126206004039624,0.7645111184301271,7.12,0.7450952722948878,0.3732366468094798,0.7450952722948878,21.0,0.6976154410969453,0.39259722251951157,0.6976154410969453,26.3,0.7677302445244679,0.35732831472246684,0.7677302445244679,55.7,0.7780718838540365,0.34888480670953964,0.7780718838540365
79.6,0.785194397089264,0.3442792955891904,0.785194397089264,1142.0,0.7593402987653428,0.3614440519815635,0.7593402987653428,36.0,0.7573886051948995,0.365419418978585,0.7573886051948995,0.0,0.7645111184301272,0.36126206004039624,0.7645111184301272,12.96,0.7450952722948878,0.3732366468094798,0.7450952722948878,24.0,0.6976154410969453,0.39259722251951157,0.6976154410969453,31.0,0.7657785509540247,0.3575025904794028,0.7657785509540247,58.4,0.7780718838540365,0.34888480670953964,0.7780718838540365
72.9,0.785194397089264,0.3442792955891904,0.785194397089264,1294.0,0.7612919923357861,0.361296734564054,0.7612919923357861,57.0,0.7573886051948995,0.365419418978585,0.7573886051948995,-5.5,0.7696819380949114,0.3571485203363973,0.7696819380949114,13.74,0.7379727590596602,0.3769989801401067,0.7379727590596602,31.0,0.6976154410969453,0.39259722251951157,0.6976154410969453,31.0,0.7606077312892404,0.3615682559707251,0.7606077312892404,63.5,0.7780718838540365,0.34888480670953964,0.7780718838540365
68.2,0.7800235774244798,0.3486571381107944,0.7800235774244798,1645.0,0.7612919923357861,0.361296734564054,0.7612919923357861,35.0,0.7625594248596836,0.3614179173201259,0.7625594248596836,-10.9,0.7696819380949113,0.35714852033639727,0.7696819380949113,16.87,0.7367053265357627,0.376815537676971,0.7367053265357627,36.0,0.6875319949357154,0.3945910426469466,0.6875319949357154,32.2,0.7593402987653428,0.3614440519815635,0.7593402987653428,67.5,0.7729010641892522,0.35315061118560426,0.7729010641892522
40.8,0.7800235774244798,0.3486571381107944,0.7800235774244798,1787.0,0.7625594248596836,0.36141791732012696,0.7625594248596836,18.0,0.7625594248596835,0.3614179173201269,0.7625594248596835,0.8,0.7696819380949113,0.35714852033639727,0.7696819380949113,10.51,0.7367053265357627,0.376815537676971,0.7367053265357627,34.0,0.6781995949617059,0.3966419112898533,0.6781995949617059,28.2,0.7593402987653428,0.3614440519815635,0.7593402987653428,72.2,0.7709493706188089,0.35334882404887896,0.7709493706188089
27.8,0.7800235774244798,0.3486571381107949,0.7800235774244798,1631.0,0.7677302445244679,0.35732831472246634,0.7677302445244679,30.0,0.7573886051948995,0.365419418978585,0.7573886051948995,-0.8,0.7696819380949114,0.3571485203363973,0.7696819380949114,7.11,0.7367053265357627,0.3768155376769705,0.7367053265357627,32.0,0.6710770817264784,0.3991420534909444,0.6710770817264784,25.9,0.7645111184301271,0.357392440800462,0.7645111184301271,74.9,0.7625594248596836,0.35755817669517714,0.7625594248596836
18.8,0.7748527577596955,0.3529468796931963,0.7748527577596955,1543.0,0.7677302445244679,0.35732831472246684,0.7677302445244679,21.0,0.7554369116244561,0.3655458205228453,0.7554369116244561,7.8,0.7645111184301271,0.36126206004039624,0.7645111184301271,3.43,0.7418761462005469,0.37314026735901584,0.7418761462005469,28.0,0.6730287752969217,0.3993513467823006,0.6730287752969217,20.8,0.7593402987653428,0.3614440519815625,0.7593402987653428,74.1,0.7625594248596836,0.35755817669517664,0.7625594248596836
25.1,0.7819752709949231,0.3484239508829175,0.7819752709949231,1332.0,0.7625594248596836,0.36141791732012696,0.7625594248596836,34.0,0.755436911624456,0.3655458205228453,0.755436911624456,5.5,0.7645111184301272,0.36126206004039624,0.7645111184301272,5.49,0.7489986594357745,0.3692829715261585,0.7489986594357745,27.0,0.6698096492025809,0.39881011107528813,0.6698096492025809,23.5,0.7593402987653428,0.3614440519815625,0.7593402987653428,72.9,0.7625594248596836,0.35755817669517664,0.7625594248596836
39.2,0.7871460906597074,0.3440221712549742,0.7871460906597074,784.0,0.7625594248596839,0.361417917320126,0.7625594248596839,53.0,0.7625594248596836,0.36141791732012696,0.7625594248596836,3.1,0.7645111184301271,0.36126206004039624,0.7645111184301271,4.19,0.7541694791005585,0.36540756222346243,0.7541694791005585,12.0,0.6675997624637989,0.398154344928064,0.6675997624637989,20.4,0.7593402987653428,0.3614440519815625,0.7593402987653428,56.5,0.767730244524468,0.35344240168121194,0.767730244524468
59.6,0.7800235774244798,0.34865713811079546,0.7800235774244798,1247.0,0.7573886051948994,0.365419418978584,0.7573886051948994,62.0,0.7554369116244561,0.3655458205228453,0.7554369116244561,-3.9,0.7593402987653428,0.36528749880519307,0.7593402987653428,11.14,0.7593402987653428,0.3614440519815625,0.7593402987653428,23.0,0.6663323299399015,0.39781816085459626,0.6663323299399015,29.4,0.7645111184301271,0.357392440800462,0.7645111184301271,62.0,0.767730244524468,0.35344240168121194,0.767730244524468
73.3,0.7780718838540365,0.34888480670953964,0.7780718838540365,2271.0,0.7573886051948994,0.365419418978584,0.7573886051948994,22.0,0.7470469658653308,0.3693768961018586,0.7470469658653308,3.1,0.7593402987653428,0.36528749880519307,0.7593402987653428,25.23,0.7593402987653428,0.3614440519815625,0.7593402987653428,28.0,0.6695514560342425,0.39837171333172944,0.6695514560342425,34.9,0.7716336316653547,0.3530575370499728,0.7716336316653547,68.6,0.767730244524468,0.35344240168121194,0.767730244524468
51.8,0.7729010641892522,0.3531506111856032,0.7729010641892522,1469.0,0.7573886051948995,0.365419418978584,0.7573886051948995,50.0,0.7418761462005469,0.37314026735901684,0.7418761462005469,2.3,0.7593402987653428,0.36528749880519307,0.7593402987653428,11.37,0.7664628120005704,0.35722118627661514,0.7664628120005704,32.0,0.667599762463799,0.3981543449280627,0.667599762463799,29.8,0.7716336316653547,0.3530575370499728,0.7716336316653547,68.2,0.7729010641892522,0.34923852572804465,0.7729010641892522
59.6,0.7780718838540365,0.34888480670953964,0.7780718838540365,1580.0,0.7489986594357743,0.3692829715261589,0.7489986594357743,20.0,0.7418761462005469,0.37314026735901584,0.7418761462005469,-7.0,0.7593402987653428,0.36528749880519307,0.7593402987653428,13.89,0.7696819380949113,0.35714852033639727,0.7696819380949113,30.0,0.6575163163025691,0.3994743098519587,0.6575163163025691,31.0,0.7800235774244799,0.3486571381107939,0.7800235774244799,68.6,0.7677302445244679,0.3534424016812119,0.7677302445244679
21.2,0.7780718838540365,0.34888480670953964,0.7780718838540365,1453.0,0.756121172671002,0.36528418191229184,0.756121172671002,31.0,0.7418761462005469,0.37314026735901584,0.7418761462005469,3.1,0.7645111184301271,0.36126206004039624,0.7645111184301271,4.37,0.7716336316653546,0.3569632073211975,0.7716336316653546,25.0,0.6624289427990149,0.4007137498308924,0.6624289427990149,22.4,0.7871460906597074,0.3440221712549732,0.7871460906597074,74.1,0.7677302445244679,0.3534424016812119,0.7677302445244679
41.2,0.7780718838540365,0.34888480670953964,0.7780718838540365,787.0,0.756121172671002,0.36528418191229184,0.756121172671002,37.0,0.7367053265357627,0.376815537676971,0.7367053265357627,-1.6,0.7645111184301271,0.36126206004039624,0.7645111184301271,4.33,0.7716336316653546,0.356963207321198,0.7716336316653546,9.0,0.6665905231082402,0.4016297058427595,0.6665905231082402,20.4,0.7871460906597074,0.3440221712549732,0.7871460906597074,63.5,0.7677302445244679,0.3534424016812119,0.7677302445244679
51.4,0.7709493706188089,0.35334882404887896,0.7709493706188089,743.0,0.7573886051948994,0.365419418978584,0.7573886051948994,57.0,0.7295828133005351,0.38041930168327764,0.7295828133005351,1.6,0.7696819380949113,0.35714852033639727,0.7696819380949113,5.46,0.776804451330139,0.35273762957165883,0.776804451330139,15.0,0.6665905231082402,0.4016297058427595,0.6665905231082402,24.7,0.7871460906597074,0.3440221712549742,0.7871460906597074,60.4,0.7625594248596836,0.35755817669517664,0.7625594248596836
86.3,0.7657785509540247,0.3575025904794028,0.7657785509540247,1598.0,0.7573886051948995,0.365419418978584,0.7573886051948995,20.0,0.7202504133265256,0.3834194127064159,0.7202504133265256,3.1,0.7696819380949113,0.35714852033639727,0.7696819380949113,21.02,0.781975270994923,0.34842395088291744,0.781975270994923,28.0,0.6715031496046859,0.40282049392386765,0.6715031496046859,34.1,0.7871460906597074,0.3440221712549742,0.7871460906597074,64.3,0.7696819380949114,0.35325272868015845,0.7696819380949114
69.0,0.767730244524468,0.3573283147224659,0.767730244524468,1482.0,0.7573886051948995,0.365419418978584,0.7573886051948995,57.0,0.7202504133265256,0.383419412706415,0.7202504133265256,-5.5,0.7696819380949113,0.35714852033639727,0.7696819380949113,15.0,0.781975270994923,0.34842395088291744,0.781975270994923,35.0,0.6702357170807883,0.40248235529687487,0.6702357170807883,31.4,0.7800235774244798,0.34865713811079385,0.7800235774244798,66.3,0.7645111184301271,0.357392440800462,0.7645111184301271
69.8,0.7677302445244679,0.35732831472246585,0.7677302445244679,1844.0,0.7645111184301271,0.36126206004039624,0.7645111184301271,36.0,0.7254212329913099,0.37999215671339936,0.7254212329913099,3.1,0.7748527577596954,0.3529468796931973,0.7748527577596954,19.79,0.776804451330139,0.35273762957165883,0.776804451330139,38.0,0.6670165909864475,0.4019124133234343,0.6670165909864475,33.3,0.7748527577596955,0.3529468796931968,0.7748527577596955,67.8,0.7593402987653428,0.3614440519815635,0.7593402987653428
16.1,0.7677302445244679,0.35732831472246585,0.7677302445244679,1397.0,0.7696819380949113,0.35714852033639727,0.7696819380949113,20.0,0.7325437462265375,0.37644684055563904,0.7325437462265375,11.7,0.7748527577596954,0.3529468796931973,0.7748527577596954,3.47,0.7716336316653546,0.356963207321198,0.7716336316653546,44.0,0.6670165909864475,0.4019124133234343,0.6670165909864475,20.8,0.7696819380949114,0.3571485203363973,0.7696819380949114,62.7,0.7541694791005585,0.365407562223463,0.7541694791005585
27.5,0.7625594248596836,0.36141791732012696,0.7625594248596836,1348.0,0.7748527577596954,0.3529468796931973,0.7748527577596954,37.0,0.739666259461765,0.3727600306168688,0.739666259461765,-2.3,0.7664628120005705,0.35722118627661575,0.7664628120005705,5.2,0.776804451330139,0.35273762957165883,0.776804451330139,42.0,0.6621039644900019,0.4006966707871046,0.6621039644900019,23.1,0.776804451330139,0.35273762957165883,0.776804451330139,71.4,0.7541694791005585,0.365407562223463,0.7541694791005585
71.4,0.7645111184301271,0.36126206004039624,0.7645111184301271,1458.0,0.7748527577596954,0.3529468796931983,0.7748527577596954,58.0,0.7489986594357745,0.369282971526159,0.7489986594357745,3.1,0.7645111184301271,0.357392440800462,0.7645111184301271,16.43,0.7716336316653547,0.3569632073211981,0.7716336316653547,46.0,0.667274784154786,0.3981414362708586,0.667274784154786,32.5,0.7768044513301391,0.3527376295716589,0.7768044513301391,66.7,0.7541694791005585,0.365407562223463,0.7541694791005585
65.1,0.7593402987653428,0.36528749880519307,0.7593402987653428,1542.0,0.7800235774244798,0.3486571381107944,0.7800235774244798,57.0,0.7489986594357745,0.369282971526159,0.7489986594357745,-7.8,0.7645111184301272,0.35739244080046206,0.7645111184301272,14.58,0.7645111184301271,0.36126206004039624,0.7645111184301271,47.0,0.6724456038195702,0.39549810081541237,0.6724456038195702,31.4,0.7716336316653547,0.3569632073211981,0.7716336316653547,67.5,0.7593402987653428,0.3614440519815635,0.7593402987653428
40.0,0.7573886051948996,0.3654194189785851,0.7573886051948996,1632.0,0.7871460906597073,0.3440221712549742,0.7871460906597073,32.0,0.7561211726710019,0.3652841819122918,0.7561211726710019,-5.5,0.7645111184301271,0.357392440800462,0.7645111184301271,9.36,0.7645111184301271,0.36126206004039624,0.7645111184301271,47.0,0.6766071841287955,0.39632021515229265,0.6766071841287955,27.8,0.7716336316653547,0.3569632073211981,0.7716336316653547,72.2,0.767730244524468,0.3573283147224659,0.767730244524468
38.4,0.7593402987653428,0.36528749880519307,0.7593402987653428,1551.0,0.7871460906597073,0.3440221712549742,0.7871460906597073,20.0,0.7561211726710019,0.3652841819122918,0.7561211726710019,-1.6,0.7645111184301271,0.357392440800462,0.7645111184301271,10.04,0.7645111184301271,0.36126206004039624,0.7645111184301271,46.0,0.6798263102231362,0.3968164564827901,0.6798263102231362,28.2,0.7716336316653547,0.3569632073211975,0.7716336316653547,71.8,0.7729010641892522,0.35315061118560426,0.7729010641892522
17.3,0.7522177855301152,0.36933281969784154,0.7522177855301152,1504.0,0.7871460906597073,0.3440221712549742,0.7871460906597073,21.0,0.7612919923357861,0.361296734564054,0.7612919923357861,0.0,0.7729010641892522,0.35315061118560426,0.7729010641892522,3.93,0.7645111184301271,0.36126206004039624,0.7645111184301271,41.0,0.6827872431491386,0.3977112251706254,0.6827872431491386,21.6,0.7645111184301271,0.36126206004039624,0.7645111184301271,62.4,0.7729010641892522,0.35315061118560426,0.7729010641892522
35.3,0.7470469658653309,0.373158119477895,0.7470469658653309,1328.0,0.7851943970892639,0.34427929558919035,0.7851943970892639,20.0,0.7593402987653428,0.3614440519815635,0.7593402987653428,11.7,0.7729010641892522,0.35315061118560426,0.7729010641892522,7.35,0.7645111184301271,0.36126206004039624,0.7645111184301271,37.0,0.6786256628399133,0.3969175434572411,0.6786256628399133,25.9,0.7645111184301271,0.36126206004039624,0.7645111184301271,69.0,0.7729010641892522,0.35315061118560426,0.7729010641892522
23.5,0.7418761462005469,0.3768953183187486,0.7418761462005469,941.0,0.7871460906597073,0.34402217125497314,0.7871460906597073,40.0,0.7612919923357861,0.361296734564054,0.7612919923357861,5.5,0.7677302445244679,0.35732831472246684,0.7677302445244679,4.06,0.7593402987653428,0.36528749880519307,0.7593402987653428,27.0,0.6685422166786835,0.39847657200192615,0.6685422166786835,20.8,0.7696819380949114,0.3571485203363973,0.7696819380949114,60.4,0.7748527577596955,0.3529468796931963,0.7748527577596955
56.1,0.7470469658653309,0.373158119477895,0.7470469658653309,1377.0,0.7871460906597073,0.34402217125497314,0.7871460906597073,50.0,0.7612919923357861,0.361296734564054,0.7612919923357861,9.4,0.7677302445244679,0.35732831472246585,0.7677302445244679,11.63,0.7541694791005585,0.3692248366307884,0.7541694791005585,34.0,0.659209816704674,0.4001136660749767,0.659209816704674,29.8,0.7645111184301271,0.36126206004039624,0.7645111184301271,67.5,0.7748527577596955,0.3529468796931968,0.7748527577596955
60.0,0.7489986594357745,0.3730740735171803,0.7489986594357745,1745.0,0.7871460906597073,0.34402217125497314,0.7871460906597073,54.0,0.7625594248596839,0.361417917320126,0.7625594248596839,2.3,0.7677302445244679,0.35732831472246585,0.7677302445244679,15.17,0.7509503530062177,0.3691835283213276,0.7509503530062177,39.0,0.6520873034694463,0.40226767751434933,0.6520873034694463,31.0,0.7645111184301271,0.36126206004039624,0.7645111184301271,69.0,0.7748527577596955,0.3529468796931968,0.7748527577596955
63.9,0.7489986594357746,0.37307407351718036,0.7489986594357746,1981.0,0.7819752709949231,0.3484239508829175,0.7819752709949231,57.0,0.7625594248596836,0.36141791732012696,0.7625594248596836,-0.8,0.7729010641892522,0.35315061118560426,0.7729010641892522,19.06,0.7438278397709903,0.373070279889654,0.7438278397709903,43.0,0.6427549034954368,0.40353043810438094,0.6427549034954368,32.9,0.7593402987653428,0.36528749880519307,0.7593402987653428,68.2,0.7696819380949113,0.35714852033639727,0.7696819380949113
100.0,0.7418761462005469,0.3768953183187486,0.7418761462005469,1419.0,0.776804451330139,0.35273762957165883,0.776804451330139,80.0,0.7606077312892403,0.36156825597072506,0.7606077312892403,6.2,0.7780718838540365,0.34888480670953964,0.7780718838540365,21.77,0.7438278397709903,0.373070279889654,0.7438278397709903,45.0,0.6343649577363119,0.4049637419641313,0.6343649577363119,35.7,0.7541694791005585,0.3692248366307874,0.7541694791005585,56.9,0.7696819380949113,0.35714852033639727,0.7696819380949113
16.9,0.747046965865331,0.37315811947789607,0.747046965865331,1324.0,0.776804451330139,0.35273762957165883,0.776804451330139,33.0,0.7606077312892404,0.3615682559707251,0.7606077312892404,-1.6,0.7780718838540365,0.34888480670953964,0.7780718838540365,3.25,0.7438278397709903,0.373070279889654,0.7438278397709903,27.0,0.639535777401096,0.4028164351585624,0.639535777401096,18.8,0.7541694791005585,0.3692248366307874,0.7541694791005585,67.5,0.7696819380949113,0.35714852033639727,0.7696819380949113
36.1,0.7522177855301153,0.3693328196978416,0.7522177855301153,809.0,0.7684145055710139,0.3570444131236357,0.7684145055710139,23.0,0.7554369116244561,0.3655458205228453,0.7554369116244561,0.8,0.7780718838540365,0.34888480670953964,0.7780718838540365,3.73,0.7457795333414338,0.37299477379116147,0.7457795333414338,25.0,0.6488681773751055,0.4016079047266352,0.6488681773751055,19.6,0.7593402987653428,0.36528749880519307,0.7593402987653428,53.3,0.7696819380949113,0.35714852033639727,0.7696819380949113
43.9,0.7541694791005586,0.3692248366307884,0.7541694791005586,1331.0,0.7632436859062296,0.3611438985174149,0.7632436859062296,46.0,0.7502660919596718,0.36943528413576293,0.7502660919596718,-1.6,0.7729010641892522,0.35315061118560426,0.7729010641892522,9.07,0.7457795333414338,0.3729947737911605,0.7457795333414338,37.0,0.6488681773751055,0.4016079047266352,0.6488681773751055,27.8,0.7645111184301271,0.36126206004039624,0.7645111184301271,67.8,0.7696819380949113,0.35714852033639727,0.7696819380949113
24.3,0.7593402987653427,0.365287498805193,0.7593402987653427,1806.0,0.7632436859062296,0.3611438985174149,0.7632436859062296,21.0,0.7502660919596718,0.36943528413576343,0.7502660919596718,7.8,0.7800235774244798,0.34865713811079546,0.7800235774244798,4.42,0.738657020106206,0.37676948731394744,0.738657020106206,46.0,0.6488681773751055,0.4016079047266352,0.6488681773751055,21.6,0.7593402987653428,0.36528749880519307,0.7593402987653428,69.8,0.7696819380949113,0.35714852033639727,0.7696819380949113
27.1,0.7593402987653427,0.3652874988051925,0.7593402987653427,1578.0,0.7632436859062296,0.3611438985174149,0.7632436859062296,19.0,0.750266091959672,0.3694352841357636,0.750266091959672,0.0,0.7871460906597072,0.34402217125497514,0.7871460906597072,6.32,0.7315345068709783,0.380402707055725,0.7315345068709783,52.0,0.6436973577103212,0.4038911878116043,0.6436973577103212,23.5,0.7522177855301152,0.36933281969784154,0.7522177855301152,74.5,0.7696819380949113,0.35714852033639727,0.7696819380949113
29.8,0.7522177855301152,0.36933281969784154,0.7522177855301152,846.0,0.7580728662414453,0.36515528297198896,0.7580728662414453,32.0,0.7502660919596718,0.36943528413576343,0.7502660919596718,4.7,0.7923169103244916,0.33953229068782886,0.7923169103244916,3.78,0.7367053265357627,0.37681553767697196,0.7367053265357627,16.0,0.6456490512807647,0.40420296588786025,0.6456490512807647,20.0,0.7522177855301152,0.36933281969784154,0.7522177855301152,57.6,0.7696819380949111,0.35714852033639716,0.7696819380949111
43.1,0.7573886051948994,0.3654194189785855,0.7573886051948994,1506.438032627222,0.7632436859062297,0.3611438985174144,0.7632436859062297,45.0,0.7483143983892284,0.3695322299445528,0.7483143983892284,-3.1,0.7994394235597191,0.334643792005459,0.7994394235597191,5.12,0.7367053265357627,0.37681553767697196,0.7367053265357627,20.0,0.6508198709455488,0.4018957456965532,0.6508198709455488,22.4,0.7470469658653313,0.3731581194778952,0.7470469658653313,61.6,0.7696819380949111,0.35714852033639716,0.7696819380949111
73.7,0.7541694791005585,0.36540756222346243,0.7541694791005585,1069.0,0.7716336316653546,0.356963207321197,0.7716336316653546,73.0,0.7450952722948876,0.36946530204842776,0.7450952722948876,-1.6,0.794268603894935,0.33924571061814474,0.794268603894935,11.09,0.7418761462005469,0.37314026735901684,0.7418761462005469,30.0,0.6508198709455488,0.4018957456965532,0.6508198709455488,30.6,0.741876146200547,0.3768953183187486,0.741876146200547,62.7,0.7645111184301271,0.36126206004039624,0.7645111184301271
85.9,0.7500078987913333,0.3651930636310696,0.7500078987913333,1653.0,0.7716336316653546,0.356963207321197,0.7716336316653546,63.0,0.747046965865331,0.3693768961018597,0.747046965865331,-4.7,0.7890977842301506,0.34375952829162676,0.7890977842301506,21.23,0.7489986594357745,0.3692829715261585,0.7489986594357745,42.0,0.6508198709455488,0.4018957456965532,0.6508198709455488,34.1,0.747046965865331,0.37315811947789507,0.747046965865331,65.1,0.7645111184301271,0.36126206004039624,0.7645111184301271
76.5,0.7428853855561058,0.36910394966091903,0.7428853855561058,2141.0,0.7716336316653546,0.356963207321198,0.7716336316653546,20.0,0.7470469658653309,0.36937689610185864,0.7470469658653309,1.6,0.7839269645653665,0.3481852450259095,0.7839269645653665,24.31,0.7418761462005469,0.37314026735901684,0.7418761462005469,45.0,0.6414874709715394,0.4031387857431677,0.6414874709715394,34.5,0.7399244526301034,0.3769499085439939,0.7399244526301034,68.2,0.7612919923357861,0.3612967345640545,0.7612919923357861
52.5,0.7428853855561058,0.36910394966091903,0.7428853855561058,1495.0,0.7716336316653546,0.356963207321197,0.7716336316653546,49.0,0.747046965865331,0.3693768961018597,0.747046965865331,-3.9,0.7839269645653665,0.348185245025909,0.7839269645653665,12.34,0.7418761462005469,0.37314026735901684,0.7418761462005469,47.0,0.6314040248103095,0.4038443597346222,0.6314040248103095,30.2,0.7450952722948877,0.37323664680947977,0.7450952722948877,69.0,0.7519595923617769,0.3650802558282487,0.7519595923617769
38.0,0.7428853855561058,0.36910394966091903,0.7428853855561058,1562.0,0.7716336316653546,0.356963207321197,0.7716336316653546,36.0,0.7457795333414334,0.3692199656014603,0.7457795333414334,2.3,0.7890977842301506,0.34375952829162676,0.7890977842301506,8.68,0.7418761462005469,0.37314026735901684,0.7418761462005469,46.0,0.63215507099753,0.40417797820085,0.63215507099753,27.1,0.7450952722948877,0.37323664680947977,0.7450952722948877,72.2,0.7418761462005468,0.3684593095578019,0.7418761462005468
16.9,0.7344954397969807,0.37269366963285294,0.7344954397969807,1494.0,0.7716336316653546,0.356963207321198,0.7716336316653546,27.0,0.7541694791005586,0.36540756222346304,0.7541694791005586,13.3,0.7890977842301506,0.34375952829162676,0.7890977842301506,3.66,0.7367053265357628,0.376815537676971,0.7367053265357628,26.0,0.6414874709715395,0.4031387857431678,0.6414874709715395,21.2,0.7399244526301035,0.37694990854399346,0.7399244526301035,68.2,0.7489986594357745,0.36455707336116094,0.7489986594357745
42.0,0.7344954397969807,0.37269366963285294,0.7344954397969807,755.0,0.7664628120005704,0.36110068413153423,0.7664628120005704,36.0,0.7561211726710019,0.3652841819122918,0.7561211726710019,1.6,0.7890977842301506,0.34375952829162676,0.7890977842301506,4.49,0.7315345068709785,0.38040270705572504,0.7315345068709785,15.0,0.6436973577103213,0.4038911878116044,0.6436973577103213,20.8,0.7399244526301035,0.37694990854399396,0.7399244526301035,60.4,0.7489986594357745,0.36455707336116094,0.7489986594357745
62.0,0.7396662594617648,0.36901616513245195,0.7396662594617648,800.0,0.761291992335786,0.36515006000266936,0.761291992335786,57.0,0.7561211726710019,0.3652841819122918,0.7561211726710019,3.9,0.7871460906597073,0.34402217125497314,0.7871460906597073,8.01,0.7399244526301036,0.37694990854399346,0.7399244526301036,21.0,0.639535777401096,0.4028164351585624,0.639535777401096,26.7,0.7450952722948877,0.37323664680947977,0.7450952722948877,62.4,0.7541694791005586,0.36064903814270527,0.7541694791005586
72.5,0.7344954397969808,0.37269366963285305,0.7344954397969808,1720.0,0.7561211726710019,0.3691113349346016,0.7561211726710019,21.0,0.756121172671002,0.36528418191229184,0.756121172671002,-0.8,0.7923169103244917,0.33953229068782886,0.7923169103244917,18.79,0.747046965865331,0.37315811947789507,0.747046965865331,39.0,0.6404782316159805,0.4031802658543145,0.6404782316159805,32.9,0.747046965865331,0.37315811947789507,0.747046965865331,67.5,0.7489986594357745,0.36455707336116094,0.7489986594357745
48.6,0.7293246201321966,0.37628307319405385,0.7293246201321966,1319.0,0.7561211726710019,0.3691113349346016,0.7561211726710019,48.0,0.756121172671002,0.36528418191229184,0.756121172671002,3.9,0.7871460906597074,0.3440221712549742,0.7871460906597074,9.55,0.7522177855301152,0.36933281969784154,0.7522177855301152,42.0,0.6404782316159805,0.4031802658543145,0.6404782316159805,28.2,0.7399244526301035,0.37694990854399396,0.7399244526301035,68.2,0.7489986594357745,0.36455707336116094,0.7489986594357745
61.6,0.7241538004674124,0.3797843758160513,0.7241538004674124,1499.0,0.7509503530062179,0.37298450892733287,0.7509503530062179,52.0,0.7509503530062178,0.36918352832132767,0.7509503530062178,-3.1,0.7923169103244917,0.33953229068782936,0.7923169103244917,13.64,0.7489986594357745,0.369282971526159,0.7489986594357745,46.0,0.634941034945626,0.40147067403455755,0.634941034945626,30.6,0.7315345068709785,0.38040270705572404,0.7315345068709785,67.8,0.7438278397709901,0.368377007640413,0.7438278397709901
93.7,0.7241538004674124,0.3797843758160503,0.7241538004674124,1671.0,0.7561211726710019,0.3691113349346016,0.7561211726710019,19.0,0.7509503530062178,0.36918352832132767,0.7509503530062178,2.3,0.7923169103244917,0.33953229068782936,0.7923169103244917,23.41,0.7489986594357743,0.3692829715261589,0.7489986594357743,49.0,0.6308208533329579,0.39981408116784517,0.6308208533329579,35.3,0.738657020106206,0.37676948731394744,0.738657020106206,63.5,0.7438278397709901,0.368377007640413,0.7438278397709901
19.6,0.7241538004674124,0.3797843758160503,0.7241538004674124,1567.0,0.7612919923357861,0.3651500600026695,0.7612919923357861,36.0,0.7509503530062177,0.3691835283213276,0.7509503530062177,7.8,0.7923169103244916,0.33953229068782886,0.7923169103244916,7.82,0.7438278397709903,0.373070279889654,0.7438278397709903,46.0,0.6308208533329578,0.3998140811678451,0.6308208533329578,25.9,0.738657020106206,0.37676948731394744,0.738657020106206,63.1,0.7438278397709901,0.368377007640413,0.7438278397709901
49.8,0.7241538004674123,0.3797843758160512,0.7241538004674123,1539.0,0.7664628120005705,0.36110068413153434,0.7664628120005705,21.0,0.756121172671002,0.36528418191229184,0.756121172671002,4.7,0.7923169103244917,0.33953229068782886,0.7923169103244917,11.08,0.7489986594357745,0.369282971526159,0.7489986594357745,47.0,0.639210799092083,0.3983798130153602,0.639210799092083,29.4,0.738657020106206,0.37676948731394744,0.738657020106206,69.4,0.7438278397709902,0.368377007640413,0.7438278397709902
32.9,0.7241538004674124,0.3797843758160503,0.7241538004674124,1585.0,0.7716336316653546,0.356963207321198,0.7716336316653546,41.0,0.7561211726710019,0.3652841819122918,0.7561211726710019,6.2,0.7923169103244917,0.33953229068782886,0.7923169103244917,8.04,0.7489986594357743,0.3692829715261589,0.7489986594357743,48.0,0.6485431990660925,0.3971130461392875,0.6485431990660925,26.7,0.7386570201062062,0.3767694873139475,0.7386570201062062,73.3,0.7489986594357745,0.36455707336116094,0.7489986594357745
50.2,0.7241538004674124,0.3797843758160503,0.7241538004674124,1624.0,0.7664628120005705,0.36110068413153434,0.7664628120005705,26.0,0.7612919923357861,0.361296734564054,0.7612919923357861,4.7,0.7974877299892758,0.33495430918148145,0.7974877299892758,12.0,0.7438278397709903,0.373070279889654,0.7438278397709903,49.0,0.6485431990660925,0.3971130461392875,0.6485431990660925,29.8,0.7386570201062062,0.3767694873139475,0.7386570201062062,69.8,0.7541694791005586,0.36064903814270577,0.7541694791005586
32.5,0.7241538004674124,0.3797843758160513,0.7241538004674124,1614.0,0.7612919923357864,0.36515006000266953,0.7612919923357864,28.0,0.7696819380949113,0.35714852033639727,0.7696819380949113,-0.8,0.8046102432245033,0.3299537724535712,0.8046102432245033,7.98,0.7438278397709903,0.373070279889654,0.7438278397709903,47.0,0.6485431990660925,0.3971130461392875,0.6485431990660925,26.3,0.738657020106206,0.37676948731394744,0.738657020106206,73.3,0.7489986594357743,0.3645570733611613,0.7489986594357743
18.0,0.7293246201321966,0.37628307319405385,0.7293246201321966,1525.0,0.7664628120005704,0.36110068413153423,0.7664628120005704,19.0,0.7748527577596955,0.3529468796931968,0.7748527577596955,4.7,0.8046102432245033,0.3299537724535712,0.8046102432245033,3.24,0.7489986594357743,0.3692829715261589,0.7489986594357743,42.0,0.6433723794013082,0.3994277944288564,0.6433723794013082,20.8,0.7386570201062062,0.3767694873139475,0.7386570201062062,63.8636053593179,0.7489986594357745,0.36455707336116144,0.7489986594357745
36.9,0.738657020106206,0.3730307301555354,0.738657020106206,820.0,0.7612919923357861,0.3651500600026695,0.7612919923357861,39.0,0.7748527577596955,0.3529468796931968,0.7748527577596955,0.8,0.7994394235597191,0.334643792005459,0.7994394235597191,3.65,0.756121172671002,0.36528418191229184,0.756121172671002,14.0,0.6433723794013082,0.3994277944288564,0.6433723794013082,19.6,0.7315345068709783,0.380402707055724,0.7315345068709783,54.1,0.7541694791005586,0.36064903814270527,0.7541694791005586
63.9,0.7406087136766494,0.37296928254839623,0.7406087136766494,1292.0,0.756121172671002,0.36911133493460163,0.756121172671002,50.0,0.7748527577596955,0.3529468796931968,0.7748527577596955,-0.8,0.8046102432245033,0.3299537724535712,0.8046102432245033,12.28,0.7612919923357861,0.361296734564054,0.7612919923357861,23.0,0.639210799092083,0.3983798130153598,0.639210799092083,30.2,0.7367053265357627,0.376815537676971,0.7367053265357627,65.1,0.7541694791005586,0.36064903814270527,0.7541694791005586
27.5,0.7457795333414334,0.3692199656014603,0.7457795333414334,1457.0,0.7612919923357861,0.3651500600026695,0.7612919923357861,51.0,0.7664628120005704,0.35722118627661514,0.7664628120005704,-3.1,0.7994394235597191,0.334643792005459,0.7994394235597191,7.7,0.7684145055710139,0.3570444131236357,0.7684145055710139,28.0,0.6504534939399789,0.3979477125377019,0.6504534939399789,26.3,0.7438278397709902,0.37307027988965397,0.7438278397709902,74.5,0.7642529252617886,0.35694681022833497,0.7642529252617886
89.8,0.7457795333414334,0.3692199656014603,0.7457795333414334,1482.0,0.7612919923357861,0.3651500600026695,0.7612919923357861,49.0,0.7664628120005704,0.35722118627661514,0.7664628120005704,-9.4,0.7994394235597191,0.334643792005459,0.7994394235597191,19.3,0.7684145055710139,0.3570444131236357,0.7684145055710139,32.0,0.654615074249204,0.3989210897013735,0.654615074249204,32.9,0.7489986594357745,0.369282971526159,0.7489986594357745,62.0,0.773585325235798,0.3528568267906565,0.773585325235798
57.3,0.7541694791005586,0.36540756222346255,0.7541694791005586,1619.0,0.7664628120005703,0.36110068413153423,0.7664628120005703,20.0,0.7664628120005704,0.35722118627661514,0.7664628120005704,-8.6,0.7994394235597191,0.334643792005459,0.7994394235597191,13.59,0.7684145055710139,0.3570444131236357,0.7684145055710139,29.0,0.6452826742751946,0.40028139811918406,0.6452826742751946,31.0,0.7541694791005585,0.365407562223463,0.7541694791005585,69.0,0.7819752709949231,0.3484239508829175,0.7819752709949231
20.8,0.7612919923357864,0.3612967345640541,0.7612919923357864,837.0,0.7664628120005704,0.36110068413153423,0.7664628120005704,35.0,0.7735853252357979,0.35285682679065644,0.7735853252357979,8.6,0.7994394235597191,0.334643792005459,0.7994394235597191,4.44,0.773585325235798,0.3528568267906565,0.773585325235798,16.0,0.6401118546104103,0.40252698276146337,0.6401118546104103,22.4,0.7612919923357861,0.361296734564054,0.7612919923357861,66.3,0.7871460906597074,0.3440221712549742,0.7871460906597074
34.9,0.7664628120005705,0.3572211862766147,0.7664628120005705,792.0,0.773585325235798,0.35677237567686515,0.773585325235798,40.0,0.7787561449005823,0.3485811395184743,0.7787561449005823,1.6,0.7942686038949349,0.33924571061814474,0.7942686038949349,4.17,0.7787561449005823,0.3485811395184743,0.7787561449005823,17.0,0.6485018003695354,0.4009529519134783,0.6485018003695354,20.4,0.7612919923357861,0.361296734564054,0.7612919923357861,60.0,0.7871460906597074,0.3440221712549742,0.7871460906597074
56.9,0.7664628120005704,0.35722118627661464,0.7664628120005704,1582.0,0.7787561449005823,0.3525228608209876,0.7787561449005823,46.0,0.7839269645653665,0.3442173513070906,0.7839269645653665,2.3,0.7871460906597074,0.3440221712549742,0.7871460906597074,13.43,0.7787561449005823,0.3485811395184743,0.7787561449005823,27.0,0.6504534939399789,0.4012400222165998,0.6504534939399789,30.6,0.7612919923357861,0.361296734564054,0.7612919923357861,69.0,0.7871460906597074,0.3440221712549742,0.7871460906597074
17.3,0.7664628120005704,0.35722118627661414,0.7664628120005704,1424.0,0.7839269645653666,0.348185245025908,0.7839269645653666,35.0,0.7871460906597073,0.34402217125497575,0.7871460906597073,-0.8,0.7871460906597074,0.34402217125497525,0.7871460906597074,3.5,0.7839269645653666,0.3442173513070906,0.7839269645653666,29.0,0.6546150742492041,0.40223446347057035,0.6546150742492041,20.4,0.7664628120005704,0.35722118627661414,0.7664628120005704,63.5,0.7871460906597074,0.34402217125497525,0.7871460906597074
38.8,0.7748527577596955,0.3529468796931968,0.7748527577596955,1494.0,0.7890977842301509,0.34375952829162687,0.7890977842301509,30.0,0.7871460906597073,0.34402217125497575,0.7871460906597073,1.6,0.7871460906597074,0.34402217125497525,0.7871460906597074,8.61,0.7890977842301506,0.3397654621565047,0.7890977842301506,33.0,0.6433723794013082,0.4026842626184708,0.6433723794013082,27.1,0.7716336316653547,0.3530575370499728,0.7716336316653547,71.0,0.7923169103244917,0.33953229068782886,0.7923169103244917
40.4,0.7800235774244798,0.3486571381107944,0.7800235774244798,784.0,0.7890977842301509,0.34375952829162687,0.7890977842301509,35.0,0.7871460906597073,0.3440221712549752,0.7871460906597073,-2.3,0.785194397089264,0.34427929558918985,0.785194397089264,4.22,0.7942686038949349,0.33522547206671643,0.7942686038949349,31.0,0.6416788789992035,0.4020034788433724,0.6416788789992035,20.8,0.7787561449005823,0.3485811395184743,0.7787561449005823,59.6,0.7871460906597074,0.3440221712549742,0.7871460906597074
37.6,0.7748527577596955,0.3529468796931968,0.7748527577596955,828.0,0.7942686038949351,0.33924571061814374,0.7942686038949351,33.0,0.7800235774244798,0.34865713811079546,0.7800235774244798,-6.2,0.7800235774244798,0.34865713811079385,0.7800235774244798,4.05,0.8026585496540599,0.3302882267359325,0.8026585496540599,23.0,0.6446398119252056,0.4030714987524482,0.6446398119252056,19.6,0.7871460906597074,0.3440221712549742,0.7871460906597074,54.1,0.7871460906597074,0.3440221712549742,0.7871460906597074
32.2,0.7748527577596955,0.3529468796931963,0.7748527577596955,733.0,0.7890977842301509,0.34375952829162687,0.7890977842301509,35.0,0.7800235774244798,0.3486571381107949,0.7800235774244798,-5.5,0.7800235774244798,0.34865713811079385,0.7800235774244798,4.18,0.8026585496540599,0.3302882267359325,0.8026585496540599,12.0,0.6375172986899781,0.40495039864735827,0.6375172986899781,20.8,0.7923169103244917,0.33953229068782936,0.7923169103244917,62.0,0.7800235774244799,0.3486571381107939,0.7800235774244799
43.1,0.7800235774244798,0.34865713811079385,0.7800235774244798,821.0,0.7942686038949351,0.33924571061814374,0.7942686038949351,59.0,0.7800235774244798,0.3486571381107949,0.7800235774244798,-3.9,0.7800235774244798,0.34865713811079385,0.7800235774244798,5.75,0.80265854965406,0.3302882267359331,0.80265854965406,14.0,0.6353074119511962,0.40417477338593777,0.6353074119511962,25.5,0.7923169103244917,0.33953229068782936,0.7923169103244917,55.7,0.7800235774244799,0.3486571381107939,0.7800235774244799
82.4,0.7871460906597074,0.34402217125497525,0.7871460906597074,1271.0,0.7994394235597191,0.334643792005459,0.7994394235597191,20.0,0.7748527577596954,0.3529468796931978,0.7748527577596954,0.0,0.7800235774244798,0.34865713811079385,0.7800235774244798,15.33,0.7974877299892758,0.33495430918148145,0.7974877299892758,17.0,0.6375172986899781,0.40495039864735827,0.6375172986899781,32.2,0.7871460906597074,0.3440221712549742,0.7871460906597074,60.8,0.7800235774244798,0.34865713811079385,0.7800235774244798
40.4,0.7871460906597074,0.34402217125497525,0.7871460906597074,875.0,0.7994394235597191,0.334643792005459,0.7994394235597191,33.0,0.7696819380949113,0.35714852033639727,0.7696819380949113,1.6,0.7748527577596955,0.3529468796931963,0.7748527577596955,4.62,0.7923169103244917,0.3395322906878305,0.7923169103244917,7.0,0.6446398119252056,0.4030714987524482,0.6446398119252056,20.8,0.7923169103244917,0.33953229068782936,0.7923169103244917,52.9,0.7871460906597073,0.3440221712549742,0.7871460906597073
34.5,0.7871460906597074,0.34402217125497525,0.7871460906597074,1454.0,0.7994394235597191,0.334643792005459,0.7994394235597191,35.0,0.7696819380949113,0.35714852033639727,0.7696819380949113,3.1,0.7677302445244679,0.35732831472246535,0.7677302445244679,7.56,0.7923169103244917,0.33953229068782936,0.7923169103244917,14.0,0.6517623251604333,0.4010511050765293,0.6517623251604333,26.3,0.7974877299892756,0.3349543091814814,0.7974877299892756,61.6,0.7819752709949233,0.34842395088291755,0.7819752709949233
83.9,0.7819752709949231,0.3484239508829175,0.7819752709949231,871.0,0.794268603894935,0.33924571061814474,0.794268603894935,100.0,0.7696819380949114,0.3571485203363973,0.7696819380949114,2.3,0.7625594248596836,0.3614179173201259,0.7625594248596836,10.12,0.7994394235597191,0.334643792005459,0.7994394235597191,18.0,0.6630050200083292,0.4003866000469447,0.6630050200083292,29.8,0.8046102432245033,0.3299537724535712,0.8046102432245033,55.7,0.7819752709949233,0.34842395088291755,0.7819752709949233
100.0,0.776804451330139,0.35273762957165883,0.776804451330139,1915.0,0.7994394235597191,0.334643792005459,0.7994394235597191,81.0,0.7645111184301271,0.36126206004039624,0.7645111184301271,-2.3,0.7625594248596836,0.3614179173201259,0.7625594248596836,34.11,0.794268603894935,0.33924571061814474,0.794268603894935,33.0,0.6665905231082402,0.4016297058427595,0.6665905231082402,66.3,0.8046102432245033,0.3299537724535712,0.8046102432245033,57.6,0.7819752709949233,0.34842395088291755,0.7819752709949233
91.4,0.776804451330139,0.35273762957165883,0.776804451330139,1730.0,0.7994394235597191,0.334643792005459,0.7994394235597191,61.0,0.7696819380949113,0.35714852033639727,0.7696819380949113,-2.3,0.7625594248596836,0.3614179173201259,0.7625594248596836,22.46,0.794268603894935,0.33924571061814474,0.794268603894935,57.0,0.665214906747111,0.4010634829319724,0.665214906747111,34.9,0.8097810628892876,0.3251756519624815,0.8097810628892876,63.5,0.776804451330139,0.35273762957165883,0.776804451330139
16.5,0.7819752709949231,0.3484239508829175,0.7819752709949231,1920.0,0.7994394235597191,0.334643792005459,0.7994394235597191,30.0,0.7748527577596954,0.3529468796931978,0.7748527577596954,0.0,0.7677302445244679,0.35732831472246585,0.7677302445244679,5.09,0.794268603894935,0.33924571061814474,0.794268603894935,58.0,0.6539722118992152,0.4017643765300279,0.6539722118992152,23.5,0.8097810628892876,0.3251756519624815,0.8097810628892876,76.5,0.7819752709949233,0.34842395088291755,0.7819752709949233
33.3,0.7819752709949231,0.3484239508829175,0.7819752709949231,1972.0,0.7994394235597191,0.334643792005459,0.7994394235597191,59.0,0.7696819380949114,0.3571485203363973,0.7696819380949114,3.1,0.7696819380949114,0.3571485203363973,0.7696819380949114,9.46,0.7994394235597191,0.334643792005459,0.7994394235597191,61.0,0.642262050476555,0.40197507887368794,0.642262050476555,29.8,0.8149518825540718,0.32030943053218974,0.8149518825540718,74.5,0.7819752709949233,0.34842395088291755,0.7819752709949233
100.0,0.7819752709949231,0.3484239508829175,0.7819752709949231,2160.0,0.7994394235597191,0.334643792005459,0.7994394235597191,80.0,0.7696819380949113,0.35714852033639727,0.7696819380949113,-3.1,0.7748527577596955,0.3529468796931968,0.7748527577596955,37.94,0.794268603894935,0.33924571061814474,0.794268603894935,73.0,0.6353074119511962,0.3995814485811895,0.6353074119511962,61.2,0.8149518825540718,0.32030943053218974,0.8149518825540718,60.0,0.7819752709949233,0.34842395088291755,0.7819752709949233
95.7,0.7819752709949231,0.3484239508829175,0.7819752709949231,2471.0,0.794268603894935,0.33924571061814474,0.794268603894935,78.0,0.7696819380949113,0.35714852033639727,0.7696819380949113,-1.6,0.7748527577596955,0.3529468796931968,0.7748527577596955,35.17,0.7994394235597191,0.334643792005459,0.7994394235597191,79.0,0.6279791534717509,0.39694632990112605,0.6279791534717509,38.0,0.8149518825540718,0.32030943053218974,0.8149518825540718,65.9,0.7748527577596955,0.3529468796931968,0.7748527577596955
21.2,0.7819752709949231,0.3484239508829175,0.7819752709949231,1846.0,0.794268603894935,0.33924571061814474,0.794268603894935,40.0,0.7748527577596954,0.3529468796931973,0.7748527577596954,4.7,0.7748527577596955,0.3529468796931968,0.7748527577596955,4.86,0.794268603894935,0.33924571061814474,0.794268603894935,75.0,0.6238175731625258,0.39581448023980437,0.6238175731625258,25.5,0.8149518825540718,0.32030943053218974,0.8149518825540718,62.7,0.7800235774244799,0.34865713811079446,0.7800235774244799
47.5,0.776804451330139,0.35273762957165883,0.776804451330139,2044.0,0.7994394235597191,0.334643792005459,0.7994394235597191,30.0,0.7819752709949231,0.3484239508829175,0.7819752709949231,3.9,0.7748527577596955,0.3529468796931968,0.7748527577596955,14.15,0.794268603894935,0.33924571061814474,0.794268603894935,73.0,0.62898839282731,0.393737000436658,0.62898839282731,31.0,0.8097810628892876,0.3251756519624815,0.8097810628892876,70.6,0.7871460906597074,0.3440221712549732,0.7871460906597074
29.0,0.776804451330139,0.35273762957165883,0.776804451330139,1969.0,0.7994394235597191,0.334643792005459,0.7994394235597191,29.0,0.7819752709949231,0.3484239508829175,0.7819752709949231,1.6,0.7800235774244799,0.34865713811079446,0.7800235774244799,7.94,0.7994394235597191,0.33464379200545846,0.7994394235597191,72.0,0.62898839282731,0.393737000436658,0.62898839282731,26.7,0.8097810628892876,0.3251756519624815,0.8097810628892876,75.3,0.7923169103244917,0.33953229068782936,0.7923169103244917
31.8,0.776804451330139,0.35273762957165883,0.776804451330139,1983.0,0.8046102432245033,0.3299537724535712,0.8046102432245033,31.0,0.7871460906597074,0.34402217125497525,0.7871460906597074,7.0,0.7871460906597074,0.3440221712549732,0.7871460906597074,9.4,0.7994394235597191,0.33464379200545846,0.7994394235597191,74.0,0.6373783385864351,0.39225651900325703,0.6373783385864351,28.2,0.8097810628892876,0.3251756519624815,0.8097810628892876,74.5,0.7871460906597073,0.3440221712549742,0.7871460906597073
29.8,0.776804451330139,0.35273762957165883,0.776804451330139,2001.0,0.8046102432245033,0.3299537724535712,0.8046102432245033,19.0,0.7890977842301509,0.34375952829162687,0.7890977842301509,0.0,0.7923169103244917,0.33953229068782936,0.7923169103244917,8.85,0.7994394235597191,0.33464379200545846,0.7994394235597191,68.0,0.6425491582512194,0.3899648459051484,0.6425491582512194,27.5,0.8046102432245033,0.3299537724535712,0.8046102432245033,74.5,0.7871460906597073,0.3440221712549742,0.7871460906597073
18.0,0.7819752709949231,0.3484239508829175,0.7819752709949231,1713.0,0.8097810628892875,0.3251756519624815,0.8097810628892875,30.0,0.794268603894935,0.33924571061814474,0.794268603894935,3.9,0.7974877299892758,0.33495430918148195,0.7974877299892758,4.45,0.7994394235597191,0.334643792005459,0.7994394235597191,55.0,0.6496716714864469,0.3878344242693462,0.6496716714864469,22.4,0.8046102432245033,0.3299537724535712,0.8046102432245033,63.5,0.7871460906597074,0.3440221712549742,0.7871460906597074
38.0,0.7890977842301506,0.34375952829162676,0.7890977842301506,794.0,0.8046102432245033,0.3299537724535712,0.8046102432245033,53.0,0.794268603894935,0.33924571061814474,0.794268603894935,2.3,0.7974877299892758,0.334954309181483,0.7974877299892758,4.11,0.7994394235597191,0.334643792005459,0.7994394235597191,30.0,0.6569999299658923,0.3901439019619822,0.6569999299658923,20.4,0.8046102432245033,0.3299537724535712,0.8046102432245033,56.1,0.7871460906597074,0.3440221712549742,0.7871460906597074
74.5,0.7819752709949231,0.3484239508829175,0.7819752709949231,1551.0,0.7994394235597191,0.33464379200545846,0.7994394235597191,62.0,0.794268603894935,0.33924571061814474,0.794268603894935,-6.2,0.7923169103244917,0.33953229068782886,0.7923169103244917,17.5,0.7994394235597191,0.334643792005459,0.7994394235597191,38.0,0.6537808038715514,0.3895684212799447,0.6537808038715514,32.5,0.7994394235597191,0.334643792005459,0.7994394235597191,65.9,0.7923169103244916,0.3395322906878293,0.7923169103244916
76.9,0.776804451330139,0.35273762957165883,0.776804451330139,1996.0,0.7994394235597191,0.33464379200545846,0.7994394235597191,70.0,0.794268603894935,0.33924571061814474,0.794268603894935,-7.0,0.7974877299892758,0.33495430918148195,0.7974877299892758,23.42,0.7994394235597191,0.334643792005459,0.7994394235597191,48.0,0.6453908581124262,0.39138619536733565,0.6453908581124262,34.5,0.7994394235597191,0.334643792005459,0.7994394235597191,66.7,0.7923169103244916,0.3395322906878293,0.7923169103244916
44.3,0.776804451330139,0.35273762957165883,0.776804451330139,2421.0,0.7994394235597191,0.33464379200545846,0.7994394235597191,61.0,0.7923169103244917,0.33953229068782886,0.7923169103244917,-3.9,0.7923169103244917,0.33953229068782886,0.7923169103244917,7.01,0.7994394235597191,0.334643792005459,0.7994394235597191,54.0,0.6382683448771986,0.3934066964690172,0.6382683448771986,24.3,0.7994394235597191,0.334643792005459,0.7994394235597191,67.5,0.7923169103244916,0.3395322906878293,0.7923169103244916
77.6,0.776804451330139,0.35273762957165883,0.776804451330139,1825.0,0.7994394235597191,0.334643792005459,0.7994394235597191,58.0,0.7974877299892758,0.33495430918148145,0.7974877299892758,-10.2,0.7923169103244917,0.33953229068782886,0.7923169103244917,20.28,0.794268603894935,0.33924571061814474,0.794268603894935,57.0,0.6257692667329692,0.3930007519581364,0.6257692667329692,33.7,0.7942686038949351,0.33924571061814374,0.7942686038949351,66.3,0.7871460906597074,0.3440221712549742,0.7871460906597074
17.3,0.7819752709949231,0.3484239508829175,0.7819752709949231,1843.0,0.7994394235597191,0.334643792005459,0.7994394235597191,22.0,0.7974877299892758,0.33495430918148145,0.7974877299892758,0.0,0.7923169103244917,0.33953229068782936,0.7923169103244917,4.72,0.7994394235597191,0.334643792005459,0.7994394235597191,46.0,0.6257692667329692,0.3930007519581364,0.6257692667329692,22.4,0.799439423559719,0.33464379200545896,0.799439423559719,74.1,0.7923169103244917,0.33953229068782886,0.7923169103244917
100.0,0.7819752709949231,0.3484239508829175,0.7819752709949231,1597.0,0.7923169103244916,0.33953229068782886,0.7923169103244916,91.0,0.7974877299892758,0.33495430918148145,0.7974877299892758,-3.9,0.7923169103244917,0.33953229068782936,0.7923169103244917,25.09,0.7994394235597191,0.334643792005459,0.7994394235597191,48.0,0.6257692667329692,0.3930007519581364,0.6257692667329692,37.3,0.7994394235597191,0.334643792005459,0.7994394235597191,59.2,0.7923169103244917,0.33953229068782936,0.7923169103244917
32.9,0.7819752709949231,0.3484239508829175,0.7819752709949231,1633.0,0.7871460906597073,0.3440221712549752,0.7871460906597073,32.0,0.7974877299892758,0.33495430918148145,0.7974877299892758,0.6281970010971596,0.7923169103244916,0.33953229068782886,0.7923169103244916,3.82,0.7994394235597191,0.334643792005459,0.7994394235597191,40.0,0.6257692667329692,0.3930007519581364,0.6257692667329692,21.2,0.7994394235597191,0.334643792005459,0.7994394235597191,64.3,0.7923169103244917,0.33953229068782936,0.7923169103244917
60.4,0.7871460906597073,0.3440221712549752,0.7871460906597073,1657.0,0.7871460906597073,0.3440221712549752,0.7871460906597073,20.0,0.8026585496540599,0.33028822673593305,0.8026585496540599,-14.1,0.7923169103244916,0.33953229068782886,0.7923169103244916,14.98,0.7994394235597191,0.334643792005459,0.7994394235597191,52.0,0.6257692667329692,0.3930007519581364,0.6257692667329692,27.23618212807402,0.7994394235597191,0.334643792005459,0.7994394235597191,67.5,0.7923169103244917,0.33953229068782936,0.7923169103244917
32.2,0.7871460906597073,0.34402217125497575,0.7871460906597073,1789.0,0.781975270994923,0.34842395088291744,0.781975270994923,29.0,0.8026585496540598,0.330288226735933,0.8026585496540598,-0.8,0.7923169103244916,0.33953229068782886,0.7923169103244916,9.35,0.7994394235597191,0.334643792005459,0.7994394235597191,57.0,0.6328917799681967,0.39118746897097656,0.6328917799681967,28.2,0.794268603894935,0.33924571061814474,0.794268603894935,74.5,0.7871460906597074,0.3440221712549742,0.7871460906597074
27.5,0.7871460906597073,0.3440221712549752,0.7871460906597073,1929.0,0.7800235774244798,0.3486571381107944,0.7800235774244798,21.0,0.7955360364188324,0.3352593077283743,0.7955360364188324,0.0,0.7974877299892758,0.334954309181483,0.7974877299892758,7.9,0.794268603894935,0.33924571061814474,0.794268603894935,56.0,0.6453908581124262,0.39138619536733565,0.6453908581124262,26.7,0.794268603894935,0.33924571061814474,0.794268603894935,75.3,0.7871460906597074,0.3440221712549742,0.7871460906597074
51.8,0.7871460906597073,0.3440221712549752,0.7871460906597073,1751.0,0.7748527577596955,0.3529468796931963,0.7748527577596955,58.0,0.8007068560836165,0.33061716238916206,0.8007068560836165,-0.8,0.7974877299892758,0.334954309181483,0.7974877299892758,13.4,0.7994394235597191,0.334643792005459,0.7994394235597191,30.0,0.6491263705434442,0.3929764316537924,0.6491263705434442,31.0,0.794268603894935,0.33924571061814474,0.794268603894935,69.8,0.7871460906597073,0.3440221712549742,0.7871460906597073
19.6,0.7871460906597073,0.3440221712549752,0.7871460906597073,2182.0,0.7800235774244798,0.34865713811079546,0.7800235774244798,62.0,0.8026585496540598,0.330288226735933,0.8026585496540598,-3.1,0.7974877299892758,0.33495430918148245,0.7974877299892758,6.31,0.794268603894935,0.33924571061814474,0.794268603894935,36.0,0.6532879508526693,0.39392633139542355,0.6532879508526693,30.6,0.7942686038949351,0.33924571061814374,0.7942686038949351,61.2,0.7871460906597074,0.34402217125497475,0.7871460906597074
76.5,0.7819752709949231,0.3484239508829175,0.7819752709949231,1876.0,0.7871460906597073,0.34402217125497314,0.7871460906597073,60.0,0.8026585496540598,0.330288226735933,0.8026585496540598,-4.7,0.7974877299892758,0.334954309181483,0.7974877299892758,21.37,0.794268603894935,0.33924571061814474,0.794268603894935,45.0,0.6523454966377851,0.3935920793596043,0.6523454966377851,34.1,0.794268603894935,0.33924571061814474,0.794268603894935,66.7,0.7890977842301509,0.34375952829162737,0.7890977842301509
27.1,0.776804451330139,0.35273762957165883,0.776804451330139,1840.0,0.7871460906597074,0.3440221712549742,0.7871460906597074,49.0,0.7974877299892758,0.334954309181483,0.7974877299892758,2.3,0.7974877299892758,0.33495430918148245,0.7974877299892758,13.02,0.794268603894935,0.33924571061814474,0.794268603894935,48.0,0.6503938030673417,0.3933340569238001,0.6503938030673417,31.4,0.7890977842301506,0.34375952829162676,0.7890977842301506,76.1,0.794268603894935,0.33924571061814474,0.794268603894935
61.6,0.781975270994923,0.34842395088291744,0.781975270994923,1629.0,0.7923169103244917,0.33953229068782886,0.7923169103244917,50.0,0.7974877299892758,0.334954309181483,0.7974877299892758,-7.0,0.7923169103244917,0.33953229068782936,0.7923169103244917,14.18,0.794268603894935,0.33924571061814474,0.794268603894935,53.0,0.6466582906363237,0.39174749170594736,0.6466582906363237,31.0,0.794268603894935,0.33924571061814474,0.794268603894935,68.6,0.7994394235597191,0.334643792005459,0.7994394235597191
49.8,0.781975270994923,0.34842395088291744,0.781975270994923,1565.0,0.7923169103244917,0.33953229068782886,0.7923169103244917,43.0,0.8026585496540599,0.33028822673593305,0.8026585496540599,-0.8,0.7871460906597073,0.3440221712549752,0.7871460906597073,11.09,0.7994394235597191,0.334643792005459,0.7994394235597191,45.0,0.6414874709715395,0.3940798575994121,0.6414874709715395,29.4,0.794268603894935,0.33924571061814474,0.794268603894935,69.4,0.794268603894935,0.33924571061814474,0.794268603894935
31.4,0.7871460906597073,0.3440221712549752,0.7871460906597073,864.0,0.7871460906597074,0.3440221712549732,0.7871460906597074,33.0,0.8026585496540599,0.3302882267359325,0.8026585496540599,-0.8,0.7819752709949231,0.3484239508829175,0.7819752709949231,4.49,0.8046102432245033,0.3299537724535712,0.8046102432245033,25.0,0.6414874709715395,0.3940798575994121,0.6414874709715395,21.2,0.794268603894935,0.33924571061814474,0.794268603894935,67.8,0.7994394235597191,0.334643792005459,0.7994394235597191
41.2,0.7871460906597073,0.3440221712549752,0.7871460906597073,793.0,0.7800235774244798,0.34865713811079385,0.7800235774244798,52.0,0.8026585496540599,0.3302882267359325,0.8026585496540599,5.5,0.7748527577596955,0.3529468796931974,0.7748527577596955,4.62,0.7994394235597191,0.334643792005459,0.7994394235597191,33.67243525896414,0.6536129291616826,0.3939450867388167,0.6536129291616826,21.2,0.794268603894935,0.33924571061814474,0.794268603894935,55.3,0.8046102432245033,0.3299537724535712,0.8046102432245033
67.8,0.781975270994923,0.34842395088291744,0.781975270994923,1358.0,0.785194397089264,0.34427929558918985,0.785194397089264,48.0,0.8026585496540599,0.3302882267359325,0.8026585496540599,-1.6,0.7800235774244798,0.34865713811079546,0.7800235774244798,13.03,0.794268603894935,0.33924571061814474,0.794268603894935,15.0,0.6653230905843427,0.3933323723832967,0.6653230905843427,30.2,0.794268603894935,0.33924571061814474,0.794268603894935,56.9,0.8046102432245033,0.3299537724535712,0.8046102432245033
59.6,0.776804451330139,0.35273762957165883,0.776804451330139,1886.0,0.785194397089264,0.34427929558918985,0.785194397089264,68.0,0.8078293693188441,0.32553404335118263,0.8078293693188441,-4.7,0.7800235774244799,0.34865713811079496,0.7800235774244799,17.28,0.7890977842301509,0.34375952829162687,0.7890977842301509,29.0,0.6737130363434676,0.39117617321729287,0.6737130363434676,31.4,0.794268603894935,0.33924571061814474,0.794268603894935,72.9,0.7994394235597191,0.334643792005459,0.7994394235597191
53.3,0.776804451330139,0.35273762957165883,0.776804451330139,1392.0,0.7800235774244798,0.34865713811079385,0.7800235774244798,59.0,0.8078293693188441,0.32553404335118263,0.8078293693188441,-3.1,0.7819752709949231,0.3484239508829175,0.7819752709949231,12.74,0.7839269645653666,0.348185245025908,0.7839269645653666,34.0,0.6685422166786835,0.3938691985741452,0.6685422166786835,30.6,0.7890977842301509,0.34375952829162687,0.7890977842301509,67.8,0.7994394235597191,0.334643792005459,0.7994394235597191
71.0,0.776804451330139,0.35273762957165883,0.776804451330139,1775.0,0.7800235774244798,0.34865713811079385,0.7800235774244798,30.0,0.8078293693188441,0.32553404335118263,0.8078293693188441,-3.9,0.7819752709949231,0.3484239508829175,0.7819752709949231,16.52,0.776804451330139,0.35273762957165883,0.776804451330139,32.0,0.6685422166786835,0.3938691985741457,0.6685422166786835,23.9,0.7839269645653665,0.348185245025909,0.7839269645653665,67.5,0.7994394235597191,0.334643792005459,0.7994394235597191
83.9,0.7684145055710138,0.35704441312363566,0.7684145055710138,1719.0,0.7800235774244798,0.34865713811079385,0.7800235774244798,77.0,0.8078293693188441,0.32553404335118263,0.8078293693188441,3.9,0.7819752709949231,0.3484239508829175,0.7819752709949231,22.44,0.776804451330139,0.35273762957165883,0.776804451330139,34.0,0.6737130363434675,0.3911761732172937,0.6737130363434675,34.5,0.7839269645653665,0.348185245025909,0.7839269645653665,65.1,0.8046102432245031,0.3299537724535712,0.8046102432245031
72.5,0.7632436859062296,0.3611438985174149,0.7632436859062296,2137.0,0.785194397089264,0.34427929558918985,0.785194397089264,85.0,0.8078293693188441,0.32553404335118263,0.8078293693188441,1.6,0.7871460906597073,0.3440221712549752,0.7871460906597073,17.89,0.7716336316653547,0.3569632073211981,0.7716336316653547,40.0,0.678883856008252,0.3883950469212382,0.678883856008252,32.9,0.7787561449005823,0.3525228608209886,0.7787561449005823,71.8,0.8046102432245033,0.3299537724535712,0.8046102432245033
100.0,0.7632436859062296,0.3611438985174149,0.7632436859062296,2092.0,0.785194397089264,0.34427929558918985,0.785194397089264,91.0,0.8026585496540599,0.3302882267359325,0.8026585496540599,-6.2,0.7871460906597073,0.3440221712549752,0.7871460906597073,33.59,0.7664628120005704,0.3611006841315348,0.7664628120005704,47.0,0.684054675673036,0.38552581968598226,0.684054675673036,39.2,0.7716336316653547,0.3569632073211975,0.7716336316653547,62.4,0.8097810628892875,0.3251756519624815,0.8097810628892875
87.5,0.7684145055710138,0.3570444131236367,0.7684145055710138,1573.0,0.785194397089264,0.34427929558918985,0.785194397089264,73.0,0.8026585496540599,0.3302882267359325,0.8026585496540599,-8.6,0.7871460906597074,0.34402217125497525,0.7871460906597074,20.43,0.7716336316653547,0.3569632073211981,0.7716336316653547,48.0,0.6775153339151601,0.383879751522557,0.6775153339151601,34.1,0.7716336316653547,0.3569632073211975,0.7716336316653547,65.1,0.8149518825540718,0.32030943053219024,0.8149518825540718
93.3,0.7684145055710138,0.35704441312363566,0.7684145055710138,1642.0,0.7851943970892641,0.3442792955891899,0.7851943970892641,77.0,0.7974877299892758,0.33495430918148145,0.7974877299892758,-7.8,0.7819752709949231,0.3484239508829175,0.7819752709949231,23.3,0.7716336316653547,0.3569632073211981,0.7716336316653547,54.0,0.6725123889602446,0.3821681102600772,0.6725123889602446,35.3,0.7716336316653547,0.3569632073211975,0.7716336316653547,62.7,0.820122702218856,0.3153551081626964,0.820122702218856
40.0,0.7684145055710138,0.3570444131236367,0.7684145055710138,2011.0,0.7851943970892641,0.3442792955891899,0.7851943970892641,20.0,0.8026585496540599,0.3302882267359325,0.8026585496540599,0.0,0.7819752709949231,0.3484239508829175,0.7819752709949231,7.0,0.7716336316653547,0.3569632073211971,0.7716336316653547,57.0,0.6693457107900246,0.38086459623323987,0.6693457107900246,23.9,0.776804451330139,0.35273762957165883,0.776804451330139,68.6,0.8149518825540718,0.32030943053219024,0.8149518825540718
18.4,0.7684145055710138,0.35704441312363566,0.7684145055710138,1503.0,0.785194397089264,0.34427929558918885,0.785194397089264,29.0,0.8097810628892875,0.3251756519624815,0.8097810628892875,9.4,0.7819752709949231,0.3484239508829175,0.7819752709949231,3.87,0.7716336316653547,0.3569632073211971,0.7716336316653547,41.0,0.6764682240252522,0.3781981188312601,0.6764682240252522,20.4,0.7839269645653665,0.348185245025909,0.7839269645653665,63.1,0.8149518825540718,0.32030943053219024,0.8149518825540718
39.6,0.7684145055710138,0.35704441312363566,0.7684145055710138,816.0,0.785194397089264,0.3442792955891904,0.785194397089264,40.0,0.8149518825540718,0.32030943053218974,0.8149518825540718,2.3,0.7819752709949231,0.3484239508829175,0.7819752709949231,4.34,0.7664628120005705,0.36110068413153484,0.7664628120005705,5.0,0.6835907372604798,0.37539014764827083,0.6835907372604798,20.8,0.7890977842301509,0.34375952829162687,0.7890977842301509,52.9,0.8149518825540718,0.32030943053218974,0.8149518825540718
38.4,0.7632436859062297,0.3611438985174139,0.7632436859062297,841.0,0.785194397089264,0.3442792955891904,0.785194397089264,31.0,0.8149518825540718,0.32030943053219024,0.8149518825540718,0.0,0.776804451330139,0.35273762957165883,0.776804451330139,4.17,0.7612919923357861,0.3651500600026695,0.7612919923357861,8.0,0.6855424308309233,0.37549268612234316,0.6855424308309233,21.2,0.7890977842301509,0.34375952829162687,0.7890977842301509,55.3,0.8149518825540718,0.32030943053218974,0.8149518825540718
19.6,0.7632436859062297,0.3611438985174139,0.7632436859062297,1107.0,0.7871460906597074,0.3440221712549732,0.7871460906597074,25.0,0.8078293693188441,0.32553404335118263,0.8078293693188441,-1.6,0.7819752709949231,0.3484239508829175,0.7819752709949231,2.09,0.7612919923357864,0.36515006000266953,0.7612919923357864,7.0,0.6907132504957073,0.37244068268427033,0.6907132504957073,17.6,0.794268603894935,0.33924571061814474,0.794268603894935,70.6,0.8078293693188441,0.32553404335118263,0.8078293693188441
17.6,0.7632436859062297,0.3611438985174149,0.7632436859062297,1635.0,0.7871460906597074,0.3440221712549732,0.7871460906597074,42.0,0.8026585496540599,0.33028822673593305,0.8026585496540599,3.1,0.7819752709949231,0.3484239508829175,0.7819752709949231,12.22,0.7612919923357864,0.36515006000266953,0.7612919923357864,20.0,0.6991031962548325,0.36958019892345817,0.6991031962548325,30.6,0.794268603894935,0.33924571061814474,0.794268603894935,60.8,0.8026585496540599,0.3302882267359325,0.8026585496540599
19.6,0.7632436859062297,0.3611438985174149,0.7632436859062297,1143.0,0.7871460906597073,0.34402217125497314,0.7871460906597073,40.0,0.8078293693188441,0.32553404335118263,0.8078293693188441,-3.9,0.7748527577596955,0.3529468796931968,0.7748527577596955,3.54,0.7664628120005705,0.36110068413153484,0.7664628120005705,19.0,0.6991031962548325,0.36958019892345817,0.6991031962548325,20.4,0.794268603894935,0.33924571061814474,0.794268603894935,61.6,0.7955360364188324,0.3352593077283743,0.7955360364188324
51.4,0.7632436859062297,0.3611438985174144,0.7632436859062297,958.0,0.7871460906597073,0.34402217125497314,0.7871460906597073,57.0,0.8026585496540599,0.33028822673593305,0.8026585496540599,4.7,0.7696819380949113,0.35714852033639727,0.7696819380949113,6.52,0.7593402987653429,0.3652874988051931,0.7593402987653429,18.0,0.711602274399062,0.36788873503610137,0.711602274399062,25.5,0.794268603894935,0.33924571061814474,0.794268603894935,63.9,0.7955360364188324,0.3352593077283743,0.7955360364188324
85.5,0.7580728662414453,0.36515528297198896,0.7580728662414453,888.0,0.7871460906597073,0.34402217125497314,0.7871460906597073,91.0,0.7955360364188324,0.3352593077283743,0.7955360364188324,3.9,0.7645111184301272,0.36126206004039624,0.7645111184301272,10.22,0.7645111184301271,0.36126206004039624,0.7645111184301271,19.0,0.7167730940638462,0.3644557531519478,0.7167730940638462,29.8,0.7994394235597191,0.334643792005459,0.7994394235597191,53.7,0.7955360364188324,0.3352593077283743,0.7955360364188324
47.1,0.752902046576661,0.36907856648736403,0.752902046576661,894.0,0.7923169103244917,0.33953229068782936,0.7923169103244917,21.0,0.8007068560836166,0.33061716238916317,0.8007068560836166,2.3,0.7645111184301272,0.36126206004039624,0.7645111184301272,8.2,0.7696819380949114,0.3571485203363973,0.7696819380949114,15.0,0.7167730940638462,0.3644557531519482,0.7167730940638462,27.5,0.8046102432245034,0.32995377245357127,0.8046102432245034,66.7,0.7955360364188324,0.3352593077283743,0.7955360364188324
67.8,0.7580728662414453,0.36515528297198896,0.7580728662414453,1383.0,0.7974877299892756,0.3349543091814819,0.7974877299892756,74.0,0.8007068560836166,0.33061716238916317,0.8007068560836166,3.9,0.7696819380949114,0.3571485203363973,0.7696819380949114,14.26,0.7645111184301271,0.36126206004039624,0.7645111184301271,27.0,0.7167730940638463,0.3644557531519478,0.7167730940638463,31.4,0.8046102432245034,0.32995377245357127,0.8046102432245034,65.9,0.7955360364188324,0.3352593077283743,0.7955360364188324
98.0,0.7632436859062296,0.36114389851741435,0.7632436859062296,2693.0,0.7923169103244917,0.33953229068782936,0.7923169103244917,73.0,0.8078293693188443,0.3255340433511827,0.8078293693188443,3.1,0.7645111184301271,0.36126206004039624,0.7645111184301271,40.72,0.7696819380949114,0.3571485203363973,0.7696819380949114,39.0,0.7167730940638462,0.3644557531519478,0.7167730940638462,39.2,0.8046102432245033,0.3299537724535712,0.8046102432245033,66.7,0.7955360364188324,0.3352593077283743,0.7955360364188324
93.3,0.7645111184301272,0.36126206004039624,0.7645111184301272,2096.0,0.7871460906597074,0.3440221712549742,0.7871460906597074,79.0,0.8078293693188441,0.32553404335118263,0.8078293693188441,-6.2,0.7716336316653547,0.3569632073211975,0.7716336316653547,28.86,0.7748527577596955,0.3529468796931968,0.7748527577596955,51.0,0.7187247876342895,0.3644319888522472,0.7187247876342895,36.5,0.8046102432245033,0.3299537724535712,0.8046102432245033,65.9,0.7903652167540484,0.33981335212838343,0.7903652167540484
23.9,0.7593402987653428,0.36528749880519307,0.7593402987653428,2338.0,0.7819752709949231,0.3484239508829175,0.7819752709949231,68.0,0.8130001889836285,0.32069175902722813,0.8130001889836285,3.1,0.776804451330139,0.35273762957165883,0.776804451330139,9.28,0.7800235774244798,0.34865713811079385,0.7800235774244798,55.0,0.7062257094900602,0.3663306708541267,0.7062257094900602,31.8,0.8046102432245033,0.3299537724535712,0.8046102432245033,72.5,0.7903652167540484,0.33981335212838343,0.7903652167540484
82.4,0.7541694791005586,0.3692248366307889,0.7541694791005586,1896.0,0.7819752709949231,0.3484239508829175,0.7819752709949231,20.0,0.8130001889836285,0.32069175902722813,0.8130001889836285,-0.8,0.7696819380949114,0.3571485203363973,0.7696819380949114,23.44,0.7819752709949231,0.3484239508829175,0.7819752709949231,58.0,0.6933870756470456,0.3677920915393488,0.6933870756470456,34.5,0.8097810628892875,0.3251756519624815,0.8097810628892875,66.3,0.7832427035188206,0.34453090129427344,0.7832427035188206
51.8,0.7470469658653313,0.3731581194778952,0.7470469658653313,1610.0,0.7819752709949231,0.3484239508829175,0.7819752709949231,45.0,0.8130001889836285,0.32069175902722813,0.8130001889836285,-3.1,0.7748527577596955,0.3529468796931968,0.7748527577596955,11.92,0.7748527577596955,0.3529468796931963,0.7748527577596955,59.0,0.6854080708803563,0.3657769831823632,0.6854080708803563,30.2,0.8149518825540718,0.32030943053218974,0.8149518825540718,69.0,0.7832427035188206,0.34453090129427344,0.7832427035188206
44.3,0.7470469658653313,0.3731581194778952,0.7470469658653313,1640.0,0.7748527577596955,0.3529468796931963,0.7748527577596955,30.0,0.8078293693188441,0.32553404335118263,0.8078293693188441,4.7,0.7696819380949114,0.3571485203363973,0.7696819380949114,10.76,0.7696819380949114,0.3571485203363973,0.7696819380949114,61.0,0.6719710429767685,0.36652838094482826,0.6719710429767685,29.0,0.8097810628892876,0.3251756519624815,0.8097810628892876,70.6,0.7780718838540365,0.34888480670953964,0.7780718838540365
17.6,0.7470469658653313,0.3731581194778952,0.7470469658653313,1626.0,0.7748527577596955,0.3529468796931963,0.7748527577596955,20.0,0.8078293693188441,0.32553404335118263,0.8078293693188441,0.0,0.7696819380949114,0.3571485203363973,0.7696819380949114,4.22,0.7696819380949114,0.3571485203363973,0.7696819380949114,53.0,0.6802372512155719,0.3688124825622675,0.6802372512155719,21.6,0.8149518825540718,0.32030943053218974,0.8149518825540718,63.1,0.7729010641892522,0.35315061118560426,0.7729010641892522
35.7,0.7522177855301152,0.36933281969784154,0.7522177855301152,1414.0,0.7748527577596955,0.3529468796931968,0.7748527577596955,40.0,0.8078293693188441,0.32553404335118263,0.8078293693188441,10.2,0.7696819380949114,0.3571485203363973,0.7696819380949114,7.52,0.7748527577596955,0.3529468796931968,0.7748527577596955,52.0,0.6882162559822614,0.3709122911992083,0.6882162559822614,26.3,0.8097810628892875,0.3251756519624815,0.8097810628892875,72.9,0.7677302445244679,0.35732831472246585,0.7677302445244679
18.0,0.7438278397709903,0.373070279889654,0.7438278397709903,1405.0,0.7696819380949113,0.35714852033639727,0.7696819380949113,20.0,0.8078293693188441,0.32553404335118263,0.8078293693188441,14.8,0.7748527577596955,0.3529468796931968,0.7748527577596955,3.64,0.7748527577596955,0.3529468796931968,0.7748527577596955,43.0,0.6958840701604918,0.37282283759367113,0.6958840701604918,20.8,0.8097810628892875,0.3251756519624815,0.8097810628892875,63.1,0.7677302445244679,0.35732831472246585,0.7677302445244679
34.1,0.7438278397709903,0.373070279889654,0.7438278397709903,872.0,0.7612919923357861,0.361296734564054,0.7612919923357861,31.0,0.8078293693188441,0.32553404335118263,0.8078293693188441,-4.7,0.7748527577596955,0.3529468796931968,0.7748527577596955,3.55,0.7677302445244679,0.35732831472246634,0.7677302445244679,17.0,0.7083831483047212,0.37125772589402617,0.7083831483047212,19.6,0.8026585496540598,0.33028822673593244,0.8026585496540598,56.5,0.7625594248596839,0.361417917320127,0.7625594248596839
36.1,0.7509503530062178,0.36918352832132767,0.7509503530062178,797.0,0.757130412026561,0.3611406838202075,0.757130412026561,41.0,0.8078293693188441,0.32553404335118263,0.8078293693188441,3.9,0.7748527577596955,0.3529468796931968,0.7748527577596955,3.83,0.7729010641892521,0.3531506111856042,0.7729010641892521,9.0,0.7153377868300802,0.37269670791489407,0.7153377868300802,20.0,0.7974877299892758,0.33495430918148195,0.7974877299892758,56.9,0.7554369116244561,0.3655458205228453,0.7554369116244561
78.4,0.7509503530062177,0.3691835283213276,0.7509503530062177,2257.0,0.757130412026561,0.3611406838202075,0.757130412026561,47.0,0.8097810628892875,0.3251756519624815,0.8097810628892875,3.1,0.7748527577596955,0.3529468796931968,0.7748527577596955,27.37,0.7729010641892521,0.3531506111856042,0.7729010641892521,33.0,0.7101669671652958,0.37605261718851696,0.7101669671652958,35.7,0.8026585496540599,0.3302882267359325,0.8026585496540599,67.8,0.7554369116244561,0.3655458205228453,0.7554369116244561
59.2,0.756121172671002,0.36528418191229184,0.756121172671002,1731.0,0.757130412026561,0.3611406838202075,0.757130412026561,41.0,0.8097810628892875,0.3251756519624815,0.8097810628892875,0.0,0.7748527577596955,0.3529468796931968,0.7748527577596955,14.51,0.7729010641892521,0.3531506111856042,0.7729010641892521,39.0,0.7101669671652958,0.37605261718851646,0.7101669671652958,31.0,0.8026585496540599,0.3302882267359325,0.8026585496540599,69.0,0.7606077312892402,0.361568255970725,0.7606077312892402
